episode,packet_id,src,dst,traffic_class,created_slot,delivered,delivery_slot,hop_count,delay_slots,delay_ms,path,drop_reason
0,1,23,9,1,1,1,4,4,4,41.39,23 22 21 3 9,
0,2,3,18,0,1,1,6,5,6,49.88,3 21 22 23 24 18,
0,3,24,2,0,1,1,3,3,3,30.82,24 19 1 2,
0,4,8,9,1,1,1,1,1,1,8.88,8 9,
0,5,4,9,2,1,1,2,2,2,21.73,4 3 9,
0,6,16,22,1,1,1,1,1,1,11.79,16 22,
0,7,21,9,1,1,1,2,2,2,24.42,21 15 9,
0,8,18,11,0,1,1,2,2,2,20.81,18 17 11,
0,9,11,9,1,1,1,2,2,2,18.6,11 10 9,
0,10,13,9,0,1,1,3,3,3,29.52,13 14 15 9,
0,11,19,9,1,1,1,5,4,5,39.72,19 20 21 15 9,
0,12,6,9,2,1,1,5,4,5,39.66,6 5 4 3 9,
0,13,4,9,0,1,1,3,2,3,21.64,4 10 9,
0,14,3,21,0,1,1,3,1,3,11.0,3 21,
0,15,13,9,2,1,1,4,3,4,30.52,13 14 8 9,
0,16,12,9,1,1,1,5,3,5,28.1,12 7 8 9,
0,17,11,9,0,1,1,4,2,4,18.92,11 10 9,
0,18,24,9,2,1,1,7,5,7,49.52,24 23 22 21 15 9,
0,19,2,9,0,2,1,6,2,5,20.3,2 3 9,
0,20,15,2,2,2,1,6,3,5,30.81,15 14 20 2,
0,21,23,9,1,2,1,9,4,8,39.28,23 17 16 15 9,
0,22,7,9,0,2,1,6,2,5,18.79,7 8 9,
0,23,5,9,1,2,1,6,3,5,30.3,5 11 10 9,
0,24,4,9,0,2,1,7,2,6,20.15,4 3 9,
0,25,14,9,0,3,1,6,2,4,20.09,14 15 9,
0,26,20,7,1,3,1,6,3,4,32.06,20 19 13 7,
0,27,24,18,1,3,1,4,1,2,10.17,24 18,
0,28,6,9,1,3,1,8,4,6,39.41,6 1 2 8 9,
0,29,10,9,1,3,1,5,1,3,9.49,10 9,
0,30,22,17,0,3,1,7,2,5,19.5,22 16 17,
0,31,4,9,0,4,1,7,2,4,20.3,4 10 9,
0,32,14,19,2,4,1,7,2,4,20.15,14 20 19,
0,33,18,1,0,4,1,8,3,5,29.95,18 13 19 1,
0,34,23,2,1,4,1,9,4,6,37.9,23 22 21 20 2,
0,35,6,9,1,4,1,8,4,5,37.91,6 5 11 10 9,
0,36,16,9,0,4,1,8,2,5,19.66,16 15 9,
0,37,12,9,0,5,1,9,3,5,27.49,12 7 8 9,
0,38,16,9,1,5,1,9,2,5,18.93,16 10 9,
0,39,5,9,0,5,1,10,3,6,27.9,5 4 10 9,
0,40,8,14,1,5,1,7,1,3,10.66,8 14,
0,41,3,9,0,5,1,8,1,4,10.38,3 9,
0,42,19,9,0,5,1,11,4,7,38.82,19 20 14 15 9,
0,43,7,9,0,6,1,12,2,7,17.74,7 8 9,
0,44,14,9,2,6,1,10,2,5,19.54,14 8 9,
0,45,18,12,2,6,1,7,1,2,10.0,18 12,
0,46,22,9,2,6,1,12,3,7,29.33,22 21 15 9,
0,47,24,16,0,6,1,9,3,4,27.54,24 23 17 16,
0,48,15,9,1,6,1,10,1,5,10.0,15 9,
0,49,4,8,0,7,1,11,3,5,27.81,4 3 2 8,
0,50,21,2,0,7,1,10,2,4,19.16,21 20 2,
0,51,16,20,1,7,1,12,3,6,26.97,16 22 21 20,
0,52,22,9,0,7,1,13,3,7,29.04,22 16 15 9,
0,53,8,19,0,7,1,13,3,7,29.05,8 7 13 19,
0,54,13,15,2,7,1,10,2,4,18.31,13 14 15,
0,55,7,16,1,8,1,12,4,5,33.76,7 12 18 17 16,
0,56,14,9,0,8,1,14,2,7,19.27,14 15 9,
0,57,1,9,0,8,1,13,3,6,27.78,1 7 8 9,
0,58,3,9,2,8,1,9,1,2,10.17,3 9,
0,59,23,9,0,8,1,12,4,5,37.05,23 5 4 3 9,
0,60,11,9,0,8,1,11,2,4,16.92,11 10 9,
0,61,4,9,2,9,1,11,2,3,18.61,4 3 9,
0,62,7,9,2,9,1,15,2,7,16.27,7 8 9,
0,63,11,9,0,9,1,12,2,4,16.31,11 10 9,
0,64,5,9,1,9,1,13,3,5,25.55,5 11 10 9,
0,65,21,9,0,9,1,13,2,5,20.55,21 3 9,
0,66,24,1,1,9,1,11,2,3,17.73,24 19 1,
0,67,8,9,1,10,1,14,1,5,7.69,8 9,
0,68,2,9,2,10,1,14,2,5,18.69,2 3 9,
0,69,12,9,0,10,1,16,3,7,22.82,12 7 8 9,
0,70,14,9,0,10,1,15,2,6,19.31,14 15 9,
0,71,4,23,1,10,1,21,8,12,71.65,4 5 6 1 7 12 11 17 23,
0,72,24,9,1,10,1,16,5,7,46.38,24 19 20 21 15 9,
0,73,12,9,1,11,1,18,3,8,21.82,12 7 8 9,
0,74,17,16,0,11,1,13,1,3,7.39,17 16,
0,75,23,9,0,11,1,17,4,7,37.87,23 22 16 15 9,
0,76,18,22,1,11,1,14,3,4,25.62,18 24 23 22,
0,77,9,19,0,11,1,19,6,9,51.86,9 3 2 1 6 24 19,
0,78,19,11,1,11,1,17,4,7,38.82,19 24 23 17 11,
0,79,24,9,1,12,1,21,5,10,47.05,24 19 20 21 15 9,
0,80,23,9,0,12,1,22,4,11,39.5,23 22 16 15 9,
0,81,9,22,1,12,1,15,3,4,30.48,9 10 16 22,
0,82,14,21,0,12,1,14,2,3,18.07,14 20 21,
0,83,22,9,1,12,1,18,3,7,30.98,22 21 15 9,
0,84,3,9,0,12,1,16,1,5,11.0,3 9,
0,85,8,9,0,13,1,17,1,5,6.89,8 9,
0,86,3,15,1,13,1,18,2,6,23.59,3 9 15,
0,87,12,21,0,13,1,23,5,11,45.91,12 11 17 16 15 21,
0,88,4,9,2,13,1,18,2,6,19.18,4 3 9,
0,89,1,9,2,13,1,19,3,7,27.6,1 2 3 9,
0,90,11,9,2,13,1,15,2,3,14.24,11 10 9,
0,91,23,9,0,14,1,24,4,11,40.34,23 22 21 15 9,
0,92,13,9,1,14,1,20,3,7,27.81,13 14 15 9,
0,93,8,9,0,14,1,19,1,6,6.57,8 9,
0,94,4,9,1,14,1,17,2,4,17.7,4 10 9,
0,95,16,12,0,14,1,20,3,7,27.04,16 17 18 12,
0,96,10,11,0,14,1,16,1,3,6.7,10 11,
0,97,15,9,0,15,1,19,1,5,12.62,15 9,
0,98,3,9,2,15,1,20,1,6,12.62,3 9,
0,99,23,17,2,15,1,17,1,3,13.0,23 17,
0,100,7,10,1,15,1,19,3,5,19.52,7 12 11 10,
0,101,20,9,1,15,1,25,3,11,33.89,20 21 15 9,
0,102,13,23,1,15,1,20,3,6,26.84,13 18 17 23,
0,103,18,9,0,16,1,27,4,12,33.61,18 13 14 15 9,
0,104,9,6,2,16,1,21,4,6,33.74,9 10 11 12 6,
0,105,20,23,2,16,1,20,3,5,20.29,20 19 24 23,
0,106,19,9,0,16,1,24,4,9,41.14,19 20 21 3 9,
0,107,7,9,0,16,1,20,2,5,13.39,7 8 9,
0,108,17,9,0,16,1,28,3,13,26.63,17 16 15 9,
0,109,13,9,1,17,1,26,3,10,27.41,13 14 15 9,
0,110,1,15,1,17,1,24,4,8,41.03,1 2 3 9 15,
0,111,3,9,0,17,1,21,1,5,13.0,3 9,
0,112,18,9,0,17,1,24,4,8,33.16,18 13 14 8 9,
0,113,4,9,1,17,1,19,2,3,18.72,4 10 9,
0,114,7,9,0,17,1,22,2,6,13.27,7 8 9,
0,115,6,8,0,18,1,21,3,4,25.89,6 1 2 8,
0,116,22,9,0,18,1,27,3,10,34.29,22 21 3 9,
0,117,3,9,2,18,1,22,1,5,13.34,3 9,
0,118,10,9,1,18,1,20,1,3,6.51,10 9,
0,119,5,9,0,18,1,25,3,8,26.97,5 4 3 9,
0,120,8,9,2,18,1,21,1,4,6.51,8 9,
0,121,21,16,1,19,1,23,2,5,20.7,21 22 16,
0,122,8,9,1,19,1,23,1,5,6.7,8 9,
0,123,9,11,2,19,1,21,2,3,13.21,9 10 11,
0,124,18,9,0,19,1,30,4,12,33.66,18 17 16 15 9,
0,125,13,19,2,19,1,21,1,3,13.0,13 19,
0,126,11,24,1,19,1,23,3,5,34.46,11 12 6 24,
0,127,18,9,0,20,1,26,4,7,35.92,18 17 16 10 9,
0,128,7,9,2,20,1,25,2,6,13.63,7 8 9,
0,129,10,21,1,20,1,28,3,9,33.32,10 9 3 21,
0,130,3,9,0,20,1,26,1,7,14.0,3 9,
0,131,1,18,0,20,1,23,3,4,34.77,1 6 24 18,
0,132,13,9,0,20,0,-1,2,-1,13.21,13 14 15,
0,133,5,8,0,21,1,26,4,6,35.96,5 6 1 2 8,
0,134,4,9,1,21,1,23,2,3,20.5,4 10 9,
0,135,24,9,1,21,0,-1,4,-1,34.8,24 19 20 21 15,
0,136,19,9,0,21,1,29,4,9,40.78,19 20 21 3 9,
0,137,12,9,1,21,1,26,3,6,21.78,12 7 8 9,
0,138,16,9,1,21,1,24,2,4,20.95,16 10 9,
0,139,5,1,1,22,1,25,2,4,15.7,5 6 1,
0,140,11,17,1,22,1,23,1,2,14.0,11 17,
0,141,21,4,0,22,1,24,2,3,20.71,21 22 4,
0,142,19,9,0,22,0,-1,3,-1,27.16,19 20 21 3,
0,143,4,9,1,22,1,25,2,4,21.22,4 10 9,
0,144,15,23,0,22,0,-1,2,-1,17.72,15 16 17,
0,145,2,6,1,23,1,26,2,4,15.31,2 1 6,
0,146,14,17,1,23,1,26,3,4,23.32,14 13 18 17,
0,147,4,9,0,23,1,30,2,8,20.46,4 3 9,
0,148,17,9,2,23,0,-1,2,-1,15.08,17 16 15,
0,149,1,9,0,23,0,-1,2,-1,13.82,1 2 3,
0,150,16,9,2,23,0,-1,1,-1,7.39,16 15,
0,151,21,9,1,24,0,-1,1,-1,13.62,21 3,
0,152,5,9,1,24,1,28,3,5,29.96,5 4 10 9,
0,153,10,9,0,24,1,27,1,4,8.0,10 9,
0,154,24,9,0,24,0,-1,3,-1,24.31,24 23 22 21,
0,155,16,12,0,24,1,29,3,6,29.4,16 17 18 12,
0,156,23,9,0,24,0,-1,3,-1,27.99,23 22 21 3,
0,157,9,18,1,25,1,29,4,5,36.1,9 8 7 12 18,
0,158,22,9,2,25,0,-1,2,-1,20.62,22 21 15,
0,159,6,17,1,25,1,28,3,4,33.55,6 5 23 17,
0,160,4,9,0,25,0,-1,1,-1,8.0,4 3,
0,161,21,17,1,25,0,-1,2,-1,17.43,21 22 23,
0,162,16,2,2,25,0,-1,1,-1,13.0,16 22,
0,163,6,20,1,26,1,29,3,4,29.57,6 1 2 20,
0,164,8,9,2,26,1,28,1,3,8.0,8 9,
0,165,15,9,2,26,0,-1,0,-1,0.0,15,
0,166,18,9,0,26,0,-1,2,-1,17.49,18 17 16,
0,167,16,17,0,26,1,29,1,4,8.88,16 17,
0,168,13,9,2,26,1,29,3,4,29.53,13 14 8 9,
0,169,13,9,1,27,0,-1,2,-1,16.0,13 14 15,
0,170,21,9,2,27,0,-1,0,-1,0.0,21,
0,171,2,20,1,27,1,28,1,2,13.34,2 20,
0,172,22,9,0,27,0,-1,2,-1,25.21,22 4 10,
0,173,15,9,2,27,0,-1,0,-1,0.0,15,
0,174,9,1,1,27,0,-1,2,-1,16.31,9 8 7,
0,175,20,9,1,28,0,-1,1,-1,8.31,20 21,
0,176,7,18,2,28,0,-1,1,-1,9.3,7 12,
0,177,8,9,1,28,0,-1,0,-1,0.0,8,
0,178,3,9,2,28,0,-1,0,-1,0.0,3,
0,179,22,10,0,28,0,-1,0,-1,0.0,22,
0,180,12,9,2,28,0,-1,1,-1,9.3,12 11,
0,181,20,9,0,29,0,-1,1,-1,13.0,20 14,
0,182,14,9,0,29,0,-1,1,-1,13.34,14 8,
0,183,22,12,0,29,0,-1,0,-1,0.0,22,
0,184,19,9,0,29,0,-1,1,-1,8.31,19 20,
0,185,13,9,0,29,0,-1,1,-1,8.31,13 14,
0,186,21,9,2,29,0,-1,0,-1,0.0,21,
0,187,14,9,1,30,0,-1,0,-1,0.0,14,
0,188,5,9,1,30,0,-1,0,-1,0.0,5,
0,189,7,9,0,30,0,-1,0,-1,0.0,7,
0,190,8,1,0,30,0,-1,0,-1,0.0,8,
0,191,10,20,1,30,0,-1,0,-1,0.0,10,
0,192,3,10,1,30,0,-1,0,-1,0.0,3,
1,1,13,9,1,1,1,3,3,3,30.53,13 14 8 9,
1,2,16,9,1,1,1,2,2,2,21.32,16 15 9,
1,3,15,9,2,1,1,1,1,1,12.62,15 9,
1,4,2,9,0,1,1,2,2,2,21.5,2 3 9,
1,5,23,9,1,1,1,5,4,5,40.98,23 22 21 3 9,
1,6,4,9,2,1,1,3,2,3,21.32,4 3 9,
1,7,21,9,0,1,1,3,2,3,24.0,21 15 9,
1,8,1,3,1,1,1,2,2,2,17.72,1 2 3,
1,9,22,9,1,1,1,5,3,5,31.91,22 21 15 9,
1,10,9,11,0,1,1,2,2,2,18.54,9 10 11,
1,11,14,9,2,1,1,4,2,4,20.26,14 15 9,
1,12,11,2,0,1,1,5,4,5,39.94,11 10 9 8 2,
1,13,24,19,0,1,1,2,1,2,9.49,24 19,
1,14,3,9,0,1,1,4,1,4,11.79,3 9,
1,15,5,23,2,1,1,2,1,2,10.66,5 23,
1,16,12,15,0,1,1,5,4,5,40.9,12 7 13 14 15,
1,17,22,9,1,1,1,7,3,7,30.81,22 21 15 9,
1,18,4,21,0,1,1,4,2,4,20.49,4 22 21,
1,19,22,9,1,2,1,8,3,7,30.05,22 21 15 9,
1,20,17,9,2,2,1,5,3,4,29.98,17 16 10 9,
1,21,1,9,1,2,1,6,3,5,30.82,1 2 8 9,
1,22,14,9,0,2,1,6,2,5,19.96,14 15 9,
1,23,19,12,0,2,1,5,3,4,29.85,19 24 6 12,
1,24,8,16,0,2,1,9,3,8,30.16,8 14 15 16,
1,25,9,2,2,3,1,7,2,5,20.81,9 3 2,
1,26,3,18,1,3,1,10,5,8,47.33,3 21 22 23 24 18,
1,27,23,5,0,3,1,4,1,2,10.17,23 5,
1,28,18,9,0,3,1,9,4,7,39.29,18 13 7 8 9,
1,29,11,9,2,3,1,6,2,4,18.92,11 10 9,
1,30,13,18,2,3,1,5,1,3,9.11,13 18,
1,31,22,9,0,4,1,11,3,8,29.52,22 16 15 9,
1,32,23,9,0,4,1,9,4,6,38.4,23 17 16 10 9,
1,33,10,7,2,4,1,9,3,6,25.72,10 11 12 7,
1,34,2,15,1,4,1,8,3,5,30.2,2 20 21 15,
1,35,8,3,2,4,1,8,2,5,19.81,8 9 3,
1,36,14,9,0,4,1,10,2,7,19.54,14 8 9,
1,37,7,21,0,5,1,10,4,6,38.8,7 8 14 20 21,
1,38,3,6,0,5,1,10,3,6,25.72,3 4 5 6,
1,39,16,9,0,5,1,10,2,6,19.43,16 15 9,
1,40,13,11,2,5,1,9,3,5,27.26,13 18 17 11,
1,41,11,9,0,5,1,8,2,4,18.41,11 10 9,
1,42,12,9,0,5,1,11,3,7,26.92,12 7 8 9,
1,43,19,9,0,6,1,13,4,8,37.71,19 20 14 8 9,
1,44,6,9,0,6,1,12,4,7,37.2,6 1 2 3 9,
1,45,16,8,0,6,1,12,3,7,26.92,16 10 9 8,
1,46,7,9,0,6,1,12,2,7,17.61,7 8 9,
1,47,4,9,1,6,1,9,2,4,19.47,4 3 9,
1,48,5,9,1,6,1,11,3,6,27.09,5 11 10 9,
1,49,3,4,0,7,1,10,1,4,8.61,3 4,
1,50,18,15,1,7,1,11,3,5,25.72,18 13 14 15,
1,51,6,9,1,7,1,13,4,7,34.61,6 5 11 10 9,
1,52,5,9,2,7,1,13,3,7,27.66,5 4 3 9,
1,53,4,3,0,7,1,8,1,2,9.11,4 3,
1,54,9,24,0,7,1,15,5,9,48.1,9 10 11 12 18 24,
1,55,24,9,1,8,1,13,5,6,46.49,24 19 20 21 15 9,
1,56,3,9,0,8,1,11,1,4,10.0,3 9,
1,57,7,15,2,8,1,13,3,6,27.05,7 13 14 15,
1,58,9,16,0,8,1,14,2,7,19.61,9 10 16,
1,59,2,9,1,8,1,14,2,7,17.86,2 8 9,
1,60,16,9,0,8,1,15,2,8,17.16,16 10 9,
1,61,9,16,1,9,1,12,2,4,18.04,9 15 16,
1,62,18,9,0,9,1,16,4,8,33.12,18 13 7 8 9,
1,63,11,24,0,9,1,13,3,5,30.48,11 12 18 24,
1,64,24,8,1,9,1,14,4,6,36.83,24 19 20 2 8,
1,65,23,21,0,9,1,11,2,3,16.62,23 22 21,
1,66,5,9,0,9,1,17,3,9,24.56,5 11 10 9,
1,67,4,9,0,10,1,14,2,5,18.69,4 3 9,
1,68,10,9,1,10,1,16,1,7,6.89,10 9,
1,69,18,9,0,10,1,15,4,6,34.06,18 17 16 15 9,
1,70,16,12,2,10,1,14,3,5,26.91,16 17 18 12,
1,71,14,9,0,10,1,14,2,5,18.97,14 15 9,
1,72,1,9,0,10,1,15,3,6,27.86,1 2 3 9,
1,73,9,5,2,11,1,19,3,9,27.2,9 10 11 5,
1,74,4,9,0,11,1,16,2,6,19.0,4 3 9,
1,75,5,9,0,11,1,20,3,10,24.01,5 11 10 9,
1,76,14,1,0,11,1,19,5,9,45.49,14 13 19 24 6 1,
1,77,12,9,2,11,1,18,3,8,21.59,12 7 8 9,
1,78,18,9,1,11,1,21,4,11,35.89,18 13 14 15 9,
1,79,22,9,0,12,1,17,3,6,30.18,22 16 15 9,
1,80,8,9,0,12,1,15,1,4,7.39,8 9,
1,81,21,10,2,12,1,16,3,5,30.86,21 22 16 10,
1,82,5,9,0,12,1,17,3,6,26.16,5 4 3 9,
1,83,6,9,2,12,1,19,4,8,31.19,6 1 7 8 9,
1,84,14,9,0,12,1,19,2,8,20.01,14 15 9,
1,85,19,9,1,13,1,22,4,10,40.8,19 20 21 15 9,
1,86,4,22,1,13,1,19,5,7,40.09,4 5 6 24 23 22,
1,87,8,9,0,13,1,17,1,5,6.89,8 9,
1,88,15,9,2,13,1,16,1,4,11.38,15 9,
1,89,10,9,0,13,1,19,1,7,6.51,10 9,
1,90,16,5,1,13,1,17,3,5,32.84,16 17 23 5,
1,91,5,9,2,14,1,18,3,5,25.56,5 4 3 9,
1,92,18,9,0,14,1,25,4,12,33.72,18 17 16 15 9,
1,93,21,22,0,14,1,15,1,2,7.12,21 22,
1,94,19,9,0,14,1,23,4,10,39.78,19 20 14 15 9,
1,95,16,9,0,14,1,24,2,11,20.66,16 15 9,
1,96,15,9,0,14,1,18,1,5,12.21,15 9,
1,97,12,1,1,15,1,17,2,3,17.17,12 7 1,
1,98,11,9,0,15,1,21,2,7,13.27,11 10 9,
1,99,7,9,2,15,1,20,2,6,13.9,7 8 9,
1,100,15,9,0,15,1,20,1,6,13.0,15 9,
1,101,24,9,1,15,1,21,5,7,46.67,24 19 20 21 3 9,
1,102,5,22,0,15,1,18,2,4,19.91,5 4 22,
1,103,12,9,0,16,1,25,3,10,20.33,12 7 8 9,
1,104,17,19,2,16,1,20,3,5,25.83,17 18 13 19,
1,105,8,21,1,16,1,25,3,10,33.67,8 9 3 21,
1,106,1,9,0,16,1,19,3,4,26.03,1 2 3 9,
1,107,6,9,0,16,1,22,4,7,33.12,6 1 2 3 9,
1,108,7,9,0,16,1,23,2,8,13.59,7 8 9,
1,109,7,21,0,17,1,26,4,10,38.49,7 1 2 3 21,
1,110,16,18,1,17,1,20,2,4,13.21,16 17 18,
1,111,21,22,0,17,1,18,1,2,6.57,21 22,
1,112,8,9,2,17,1,22,1,6,6.57,8 9,
1,113,18,9,2,17,1,27,4,11,33.61,18 13 14 15 9,
1,114,22,9,1,17,1,23,3,7,33.81,22 21 3 9,
1,115,17,9,1,18,1,28,3,11,26.63,17 16 15 9,
1,116,20,12,1,18,1,22,4,5,41.59,20 19 24 18 12,
1,117,3,9,0,18,1,20,1,3,12.62,3 9,
1,118,8,22,0,18,1,28,4,11,40.89,8 9 10 16 22,
1,119,14,9,0,18,1,26,2,9,20.53,14 15 9,
1,120,22,9,0,18,1,23,3,6,33.84,22 16 10 9,
1,121,24,9,1,19,1,28,5,10,47.79,24 19 20 21 3 9,
1,122,8,9,0,19,1,26,1,8,7.39,8 9,
1,123,16,9,1,19,1,30,2,12,19.7,16 15 9,
1,124,7,9,1,19,1,27,2,9,14.2,7 8 9,
1,125,20,5,1,19,1,24,4,6,34.97,20 19 24 23 5,
1,126,21,9,0,19,1,29,2,11,26.96,21 15 9,
1,127,13,9,2,20,0,-1,2,-1,13.08,13 14 15,
1,128,21,9,2,20,1,27,2,8,27.91,21 3 9,
1,129,10,9,0,20,1,22,1,3,6.7,10 9,
1,130,17,9,0,20,1,25,3,6,28.05,17 16 10 9,
1,131,3,9,1,20,1,24,1,5,13.83,3 9,
1,132,6,24,2,20,1,21,1,2,13.96,6 24,
1,133,12,9,2,21,1,29,3,9,22.28,12 7 8 9,
1,134,1,9,1,21,1,29,3,9,26.83,1 2 3 9,
1,135,19,8,0,21,1,25,3,5,34.4,19 20 2 8,
1,136,11,20,2,21,1,27,5,7,49.58,11 12 7 13 14 20,
1,137,8,9,0,21,1,28,1,8,8.0,8 9,
1,138,22,9,0,21,1,26,3,6,35.64,22 16 10 9,
1,139,10,18,1,22,1,26,3,5,28.73,10 11 12 18,
1,140,23,9,0,22,1,30,4,9,44.05,23 17 16 10 9,
1,141,14,9,1,22,0,-1,1,-1,6.7,14 15,
1,142,13,17,1,22,1,24,2,3,15.38,13 18 17,
1,143,17,9,0,22,1,28,3,7,29.39,17 16 10 9,
1,144,7,9,0,22,1,30,2,9,15.31,7 8 9,
1,145,19,9,1,23,0,-1,3,-1,27.44,19 20 21 3,
1,146,12,9,2,23,0,-1,2,-1,15.69,12 11 10,
1,147,24,9,1,23,0,-1,6,-1,56.09,24 19 20 21 22 4 10,
1,148,3,9,0,23,1,30,1,8,13.34,3 9,
1,149,7,9,1,23,0,-1,1,-1,7.12,7 8,
1,150,15,5,1,23,0,-1,0,-1,0.0,15,
1,151,1,12,1,24,1,26,2,3,21.93,1 6 12,
1,152,12,23,2,24,1,30,3,7,32.79,12 11 17 23,
1,153,13,9,1,24,0,-1,2,-1,14.28,13 14 15,
1,154,14,9,1,24,0,-1,1,-1,7.12,14 15,
1,155,11,2,0,24,1,30,4,7,39.22,11 12 6 1 2,
1,156,20,9,1,24,0,-1,2,-1,20.73,20 21 3,
1,157,5,9,0,25,0,-1,2,-1,16.0,5 4 3,
1,158,12,9,1,25,0,-1,2,-1,16.57,12 7 8,
1,159,17,9,0,25,0,-1,2,-1,16.0,17 16 15,
1,160,1,9,1,25,0,-1,2,-1,14.81,1 2 3,
1,161,10,9,0,25,1,29,1,5,8.61,10 9,
1,162,8,6,2,25,0,-1,0,-1,0.0,8,
1,163,13,9,0,26,0,-1,2,-1,15.39,13 14 15,
1,164,18,9,0,26,0,-1,3,-1,30.22,18 17 16 10,
1,165,6,12,0,26,1,27,1,2,13.34,6 12,
1,166,3,9,0,26,0,-1,0,-1,0.0,3,
1,167,9,11,2,26,0,-1,1,-1,8.0,9 10,
1,168,8,15,1,26,0,-1,0,-1,0.0,8,
1,169,4,11,0,27,1,29,2,3,21.61,4 5 11,
1,170,15,9,1,27,0,-1,0,-1,0.0,15,
1,171,9,23,1,27,0,-1,1,-1,8.31,9 10,
1,172,2,9,0,27,0,-1,1,-1,8.0,2 3,
1,173,19,9,0,27,0,-1,3,-1,34.36,19 20 14 8,
1,174,17,20,0,27,0,-1,2,-1,18.54,17 18 13,
1,175,3,9,1,28,0,-1,0,-1,0.0,3,
1,176,19,9,2,28,0,-1,2,-1,16.61,19 20 21,
1,177,17,9,1,28,0,-1,0,-1,0.0,17,
1,178,6,9,0,28,0,-1,1,-1,9.3,6 5,
1,179,1,9,0,28,0,-1,2,-1,21.62,1 2 8,
1,180,24,9,2,28,0,-1,2,-1,18.23,24 23 22,
1,181,7,13,0,29,1,30,1,2,13.62,7 13,
1,182,10,9,1,29,0,-1,0,-1,0.0,10,
1,183,1,9,2,29,0,-1,0,-1,0.0,1,
1,184,13,24,0,29,0,-1,1,-1,9.43,13 18,
1,185,14,9,1,29,0,-1,0,-1,0.0,14,
1,186,19,9,0,29,0,-1,1,-1,13.34,19 13,
1,187,15,1,0,30,0,-1,0,-1,0.0,15,
1,188,2,13,2,30,0,-1,0,-1,0.0,2,
1,189,9,3,1,30,0,-1,0,-1,0.0,9,
1,190,6,23,1,30,0,-1,0,-1,0.0,6,
1,191,8,9,0,30,0,-1,0,-1,0.0,8,
1,192,13,9,0,30,0,-1,0,-1,0.0,13,
2,1,3,9,1,1,1,1,1,1,13.0,3 9,
2,2,4,9,2,1,1,2,2,2,21.73,4 3 9,
2,3,2,9,2,1,1,3,2,3,21.09,2 3 9,
2,4,14,9,1,1,1,2,2,2,21.09,14 15 9,
2,5,19,9,1,1,1,4,4,4,40.52,19 20 21 3 9,
2,6,24,23,0,1,1,1,1,1,9.43,24 23,
2,7,9,11,0,1,1,2,2,2,18.54,9 10 11,
2,8,12,3,0,1,1,5,4,5,41.44,12 7 1 2 3,
2,9,17,9,2,1,1,3,3,3,30.39,17 16 15 9,
2,10,1,9,0,1,1,4,3,4,31.04,1 2 8 9,
2,11,13,9,1,1,1,4,3,4,29.11,13 14 15 9,
2,12,7,9,1,1,1,2,2,2,17.72,7 8 9,
2,13,2,7,0,1,1,5,2,5,21.32,2 1 7,
2,14,8,9,1,1,1,3,1,3,9.3,8 9,
2,15,12,15,0,1,1,5,4,5,39.48,12 11 10 9 15,
2,16,7,23,0,1,1,6,4,6,41.08,7 13 18 24 23,
2,17,23,24,1,1,1,2,1,2,9.49,23 24,
2,18,21,9,0,1,1,5,2,5,22.79,21 15 9,
2,19,20,24,0,2,1,4,2,3,18.41,20 19 24,
2,20,16,9,2,2,1,6,2,5,20.09,16 15 9,
2,21,2,9,0,2,1,5,2,4,21.7,2 8 9,
2,22,1,9,1,2,1,8,3,7,31.34,1 7 8 9,
2,23,21,9,2,2,1,7,2,6,21.38,21 15 9,
2,24,7,9,0,2,1,6,2,5,18.79,7 8 9,
2,25,12,9,0,3,1,10,3,8,27.67,12 7 8 9,
2,26,23,9,1,3,1,7,4,5,39.82,23 22 21 3 9,
2,27,2,7,0,3,1,7,2,5,20.87,2 1 7,
2,28,1,9,1,3,1,8,3,6,29.3,1 2 3 9,
2,29,3,4,0,3,1,5,1,3,9.49,3 4,
2,30,17,9,0,3,1,6,3,4,29.58,17 16 10 9,
2,31,17,9,0,4,1,7,3,4,28.98,17 11 10 9,
2,32,8,7,1,4,1,7,1,4,9.49,8 7,
2,33,18,9,0,4,1,9,4,6,37.72,18 13 14 15 9,
2,34,3,18,1,4,1,10,5,7,47.33,3 21 22 23 24 18,
2,35,16,9,0,4,1,8,2,5,19.5,16 10 9,
2,36,24,9,1,4,1,10,5,7,47.76,24 23 22 16 15 9,
2,37,9,5,0,5,1,10,3,6,28.08,9 10 11 5,
2,38,8,9,2,5,1,9,1,5,9.11,8 9,
2,39,5,10,0,5,1,7,2,3,19.68,5 4 10,
2,40,12,9,0,5,1,12,3,8,26.69,12 7 8 9,
2,41,24,9,0,5,1,16,5,12,48.07,24 19 20 14 15 9,
2,42,15,9,0,5,1,8,1,4,10.17,15 9,
2,43,1,2,0,6,1,8,1,3,9.43,1 2,
2,44,18,9,0,6,1,12,4,7,37.32,18 13 14 15 9,
2,45,8,2,2,6,1,11,1,6,10.04,8 2,
2,46,20,9,1,6,1,11,3,6,29.51,20 21 15 9,
2,47,4,9,2,6,1,9,2,4,19.29,4 3 9,
2,48,7,9,2,6,1,13,2,8,17.43,7 8 9,
2,49,13,9,0,7,1,14,3,8,27.18,13 7 8 9,
2,50,23,22,0,7,1,8,1,2,8.88,23 22,
2,51,10,9,1,7,1,10,1,4,8.61,10 9,
2,52,20,18,0,7,1,11,3,5,28.43,20 19 24 18,
2,53,6,9,0,7,1,16,4,10,34.0,6 12 7 8 9,
2,54,21,9,0,7,1,13,2,7,20.38,21 15 9,
2,55,13,9,0,8,1,17,3,10,25.67,13 7 8 9,
2,56,9,8,2,8,1,9,1,2,9.11,9 8,
2,57,5,9,2,8,1,12,3,5,26.0,5 11 10 9,
2,58,3,9,1,8,1,10,1,3,10.04,3 9,
2,59,14,9,0,8,1,14,2,7,19.54,14 15 9,
2,60,10,9,0,8,1,11,1,4,8.31,10 9,
2,61,4,21,2,9,1,11,2,3,18.69,4 22 21,
2,62,16,9,1,9,1,15,2,7,19.61,16 15 9,
2,63,19,11,0,9,1,13,4,5,35.44,19 1 6 5 11,
2,64,14,9,2,9,1,18,2,10,16.74,14 8 9,
2,65,20,21,0,9,1,10,1,2,8.88,20 21,
2,66,2,9,0,9,1,15,2,7,17.56,2 8 9,
2,67,23,9,2,10,1,17,4,8,38.45,23 22 21 15 9,
2,68,14,9,0,10,1,18,2,9,20.21,14 15 9,
2,69,19,9,0,10,1,22,4,13,40.06,19 20 14 15 9,
2,70,12,9,0,10,1,19,3,10,22.28,12 7 8 9,
2,71,5,9,1,10,1,13,3,4,26.17,5 4 3 9,
2,72,3,9,0,10,1,11,1,2,10.0,3 9,
2,73,12,9,0,11,1,22,3,12,21.38,12 7 8 9,
2,74,10,9,1,11,1,13,1,3,7.69,10 9,
2,75,21,24,2,11,1,14,3,4,23.32,21 20 19 24,
2,76,11,14,0,11,1,15,4,5,33.16,11 12 18 13 14,
2,77,7,9,1,11,1,20,2,10,14.51,7 8 9,
2,78,14,9,2,11,1,19,2,9,20.31,14 15 9,
2,79,24,9,0,12,1,24,5,13,47.86,24 19 20 21 15 9,
2,80,2,9,0,12,1,14,2,3,18.38,2 3 9,
2,81,14,9,0,12,1,23,2,12,20.95,14 15 9,
2,82,6,9,0,12,1,26,4,15,32.08,6 12 7 8 9,
2,83,12,9,1,12,1,16,3,5,20.66,12 11 10 9,
2,84,7,9,0,12,1,24,2,13,14.28,7 8 9,
2,85,21,9,2,13,1,20,2,8,24.0,21 15 9,
2,86,18,9,2,13,1,25,4,13,34.1,18 17 16 15 9,
2,87,16,9,1,13,1,21,2,9,20.73,16 15 9,
2,88,5,1,0,13,1,15,2,3,13.46,5 6 1,
2,89,4,9,0,13,1,15,2,3,18.05,4 3 9,
2,90,23,10,0,13,1,16,3,4,30.7,23 22 16 10,
2,91,6,9,0,14,1,29,4,16,33.73,6 12 7 8 9,
2,92,2,19,0,14,1,18,4,5,34.39,2 1 6 24 19,
2,93,13,9,1,14,0,-1,2,-1,14.28,13 14 15,deadline_exceeded
2,94,8,9,0,14,1,21,1,8,6.51,8 9,
2,95,1,9,0,14,1,17,3,4,26.19,1 2 3 9,
2,96,9,20,0,14,1,23,7,10,59.06,9 3 2 1 6 24 19 20,
2,97,7,9,2,15,1,28,2,14,14.89,7 8 9,
2,98,23,9,0,15,1,26,4,12,39.98,23 22 21 15 9,
2,99,8,10,0,15,1,24,2,10,13.82,8 9 10,
2,100,18,22,1,15,1,18,3,4,26.15,18 17 16 22,
2,101,2,9,2,15,1,19,2,5,19.09,2 3 9,
2,102,24,18,0,15,1,16,1,2,13.0,24 18,
2,103,3,9,2,16,1,18,1,3,11.79,3 9,
2,104,22,15,1,16,1,22,4,7,32.99,22 21 20 14 15,
2,105,12,9,0,16,1,30,3,15,21.76,12 7 8 9,
2,106,5,8,1,16,1,23,6,8,45.35,5 4 3 2 1 7 8,
2,107,8,9,0,16,1,25,1,10,7.12,8 9,
2,108,17,10,0,16,1,19,2,4,19.51,17 11 10,
2,109,1,9,1,17,1,21,3,5,26.46,1 2 3 9,
2,110,17,19,0,17,1,21,3,5,26.46,17 18 13 19,
2,111,21,9,0,17,1,22,2,6,26.68,21 3 9,
2,112,14,13,2,17,1,18,1,2,6.89,14 13,
2,113,22,3,0,17,1,20,2,4,20.13,22 4 3,
2,114,8,9,2,17,1,27,1,11,7.69,8 9,
2,115,5,9,1,18,1,24,3,7,26.91,5 4 3 9,
2,116,13,11,0,18,1,22,3,5,27.54,13 18 17 11,
2,117,17,7,2,18,1,23,3,6,27.43,17 18 13 7,
2,118,16,9,2,18,1,20,2,3,19.51,16 10 9,
2,119,9,14,1,18,0,-1,1,-1,6.57,9 8,deadline_exceeded
2,120,2,9,0,18,1,23,2,6,20.13,2 3 9,
2,121,16,9,2,19,1,21,2,3,19.91,16 10 9,
2,122,24,7,0,19,1,23,3,5,33.22,24 19 1 7,
2,123,7,9,0,19,1,26,4,8,29.04,7 12 11 10 9,
2,124,22,9,0,19,1,25,3,7,34.29,22 21 3 9,
2,125,12,10,1,19,1,21,2,3,13.4,12 11 10,
2,126,19,9,2,19,1,28,4,10,40.72,19 20 21 15 9,
2,127,19,9,0,20,1,30,4,11,40.56,19 20 21 3 9,
2,128,21,15,0,20,1,24,3,5,27.82,21 22 16 15,
2,129,10,9,0,20,1,22,1,3,6.7,10 9,
2,130,14,9,2,20,1,27,2,8,20.34,14 15 9,
2,131,11,9,1,20,1,23,2,4,13.77,11 10 9,
2,132,24,23,0,20,1,22,1,3,7.12,24 23,
2,133,23,6,0,21,1,23,2,3,20.74,23 24 6,
2,134,20,9,0,21,1,28,3,8,34.48,20 21 3 9,
2,135,4,9,0,21,1,24,2,4,20.74,4 10 9,
2,136,12,19,0,21,1,25,3,5,35.26,12 7 13 19,
2,137,7,9,0,21,0,-1,1,-1,6.51,7 8,
2,138,2,9,0,21,1,26,2,6,20.57,2 3 9,
2,139,19,9,2,22,0,-1,3,-1,27.09,19 20 21 15,
2,140,23,7,0,22,1,26,4,5,43.22,23 24 19 1 7,
2,141,10,9,0,22,1,25,1,4,7.39,10 9,
2,142,22,21,1,22,1,24,1,3,7.12,22 21,
2,143,5,9,0,22,1,29,3,8,27.85,5 4 3 9,
2,144,14,15,1,22,1,23,1,2,6.7,14 15,
2,145,3,24,0,23,1,30,4,8,36.72,3 4 5 6 24,
2,146,1,18,0,23,1,26,3,4,35.17,1 6 12 18,
2,147,23,9,0,23,1,30,4,8,41.61,23 22 21 15 9,
2,148,4,9,0,23,0,-1,1,-1,7.39,4 3,
2,149,17,9,1,23,1,29,3,7,28.12,17 16 15 9,
2,150,20,9,0,23,0,-1,2,-1,20.74,20 21 15,
2,151,5,9,0,24,1,27,3,4,29.64,5 4 10 9,
2,152,2,16,2,24,0,-1,3,-1,35.89,2 20 14 15,
2,153,24,9,0,24,0,-1,4,-1,36.21,24 23 22 21 3,
2,154,19,6,1,24,1,27,2,4,20.82,19 24 6,
2,155,1,15,1,24,0,-1,2,-1,14.28,1 2 3,
2,156,20,9,1,24,0,-1,1,-1,7.69,20 21,
2,157,2,9,1,25,0,-1,1,-1,7.69,2 3,
2,158,7,4,2,25,1,30,4,6,38.83,7 12 11 10 4,
2,159,8,9,0,25,0,-1,0,-1,0.0,8,
2,160,21,5,0,25,1,30,3,6,28.58,21 22 23 5,
2,161,14,9,0,25,0,-1,1,-1,7.39,14 15,
2,162,20,9,1,25,0,-1,1,-1,8.31,20 21,
2,163,11,6,0,26,1,28,2,3,21.61,11 12 6,
2,164,23,9,2,26,0,-1,2,-1,16.62,23 22 21,
2,165,7,11,1,26,1,29,2,4,18.0,7 12 11,
2,166,19,22,0,26,0,-1,2,-1,16.0,19 20 21,
2,167,9,12,0,26,1,29,3,4,25.72,9 10 11 12,
2,168,24,20,0,26,1,29,2,4,17.11,24 19 20,
2,169,12,9,0,27,0,-1,1,-1,9.43,12 7,
2,170,16,9,0,27,0,-1,1,-1,13.34,16 10,
2,171,10,17,1,27,1,30,2,4,21.09,10 11 17,
2,172,24,7,1,27,0,-1,2,-1,22.64,24 19 13,
2,173,3,18,0,27,0,-1,0,-1,0.0,3,
2,174,6,3,0,27,0,-1,2,-1,18.0,6 5 4,
2,175,17,9,2,28,0,-1,2,-1,21.5,17 16 10,
2,176,8,14,1,28,0,-1,0,-1,0.0,8,
2,177,2,19,1,28,1,30,2,3,21.0,2 1 19,
2,178,15,9,0,28,0,-1,0,-1,0.0,15,
2,179,18,9,0,28,0,-1,2,-1,17.61,18 13 14,
2,180,6,9,0,28,0,-1,1,-1,9.3,6 1,
2,181,9,10,2,29,1,30,1,2,8.88,9 10,
2,182,2,14,0,29,0,-1,1,-1,13.62,2 8,
2,183,15,9,0,29,0,-1,0,-1,0.0,15,
2,184,11,9,1,29,0,-1,0,-1,0.0,11,
2,185,19,23,0,29,0,-1,0,-1,0.0,19,
2,186,3,21,0,29,0,-1,0,-1,0.0,3,
2,187,9,6,2,30,0,-1,0,-1,0.0,9,
2,188,2,9,0,30,0,-1,0,-1,0.0,2,
2,189,1,9,1,30,0,-1,0,-1,0.0,1,
2,190,8,16,0,30,0,-1,0,-1,0.0,8,
2,191,16,9,0,30,0,-1,0,-1,0.0,16,
2,192,24,9,0,30,0,-1,0,-1,0.0,24,
3,1,6,9,0,1,1,5,4,5,39.05,6 1 2 3 9,
3,2,9,2,0,1,1,2,2,2,21.88,9 8 2,
3,3,24,9,2,1,1,7,5,7,49.79,24 23 17 16 15 9,
3,4,19,14,0,1,1,2,2,2,20.82,19 20 14,
3,5,23,9,1,1,1,5,4,5,40.98,23 22 21 15 9,
3,6,17,9,1,1,1,4,3,4,29.98,17 16 15 9,
3,7,20,9,1,1,1,3,3,3,32.47,20 21 3 9,
3,8,21,9,2,1,1,2,2,2,24.42,21 15 9,
3,9,18,19,1,1,1,2,2,2,22.11,18 13 19,
3,10,5,2,1,1,1,4,3,4,28.02,5 4 3 2,
3,11,7,9,1,1,1,3,2,3,17.91,7 8 9,
3,12,16,9,2,1,1,3,2,3,20.91,16 15 9,
3,13,5,9,1,1,1,4,3,4,30.77,5 11 10 9,
3,14,20,9,0,1,1,6,3,6,31.81,20 2 3 9,
3,15,10,9,0,1,1,2,1,2,9.3,10 9,
3,16,6,9,0,1,1,6,4,6,39.89,6 1 2 8 9,
3,17,8,9,2,1,1,4,1,4,9.43,8 9,
3,18,24,5,1,1,1,3,2,3,19.87,24 23 5,
3,19,5,9,2,2,1,5,3,4,30.37,5 4 10 9,
3,20,14,11,2,2,1,6,4,5,37.89,14 13 18 17 11,
3,21,20,18,0,2,1,6,3,5,28.41,20 19 24 18,
3,22,16,9,2,2,1,6,2,5,20.09,16 15 9,
3,23,6,9,0,2,1,7,4,6,40.9,6 1 7 8 9,
3,24,21,9,0,2,1,7,2,6,21.32,21 3 9,
3,25,21,9,0,3,1,8,2,6,20.83,21 15 9,
3,26,19,9,0,3,1,8,4,6,40.6,19 20 14 8 9,
3,27,9,15,0,3,1,4,1,2,11.38,9 15,
3,28,2,9,1,3,1,9,2,7,19.66,2 3 9,
3,29,8,9,1,3,1,5,1,3,9.49,8 9,
3,30,4,23,0,3,1,6,2,4,19.47,4 22 23,
3,31,23,9,1,4,1,11,4,8,38.73,23 22 21 3 9,
3,32,5,8,2,4,1,8,4,5,37.51,5 6 12 7 8,
3,33,19,18,2,4,1,7,2,4,18.93,19 24 18,
3,34,3,9,0,4,1,8,1,5,10.38,3 9,
3,35,12,9,1,4,1,7,3,4,27.9,12 11 10 9,
3,36,1,9,1,4,1,10,3,7,28.9,1 2 3 9,
3,37,4,8,0,5,1,9,3,5,28.89,4 10 9 8,
3,38,1,9,2,5,1,11,3,7,29.89,1 7 8 9,
3,39,21,9,1,5,1,9,2,5,20.43,21 15 9,
3,40,20,9,2,5,1,11,3,7,29.71,20 21 15 9,
3,41,7,9,0,5,1,9,2,5,18.61,7 8 9,
3,42,17,9,0,5,1,9,3,5,28.04,17 16 10 9,
3,43,8,1,1,6,1,11,2,6,19.29,8 7 1,
3,44,4,7,2,6,1,10,4,5,35.16,4 5 11 12 7,
3,45,1,9,1,6,1,12,3,7,28.83,1 2 3 9,
3,46,15,1,1,6,1,13,4,8,37.65,15 21 20 19 1,
3,47,20,9,1,6,1,12,3,7,29.6,20 21 15 9,
3,48,18,13,0,6,1,7,1,2,8.61,18 13,
3,49,18,9,1,7,1,13,4,7,36.87,18 13 14 15 9,
3,50,24,9,0,7,1,14,5,8,47.54,24 19 20 21 15 9,
3,51,17,3,1,7,0,-1,9,-1,76.57,17 23 22 21 20 19 24 6 1 2,deadline_exceeded
3,52,22,9,0,7,1,10,3,4,28.61,22 16 10 9,
3,53,6,9,0,7,1,13,4,7,36.09,6 1 7 8 9,
3,54,19,9,0,7,1,15,4,9,36.86,19 20 14 8 9,
3,55,13,9,0,8,1,16,3,9,25.9,13 7 8 9,
3,56,3,9,1,8,1,13,1,6,10.17,3 9,
3,57,24,9,1,8,1,14,5,7,45.58,24 19 1 2 3 9,
3,58,17,6,2,8,1,24,9,17,77.15,17 18 24 23 22 21 20 19 1 6,
3,59,23,9,2,8,1,15,4,8,37.38,23 17 16 15 9,
3,60,9,1,0,8,1,15,3,8,27.05,9 8 7 1,
3,61,5,9,0,9,1,12,3,4,26.04,5 11 10 9,
3,62,8,9,1,9,1,12,1,4,8.31,8 9,
3,63,17,9,0,9,1,13,3,5,26.17,17 16 10 9,
3,64,10,9,0,9,1,11,1,3,8.31,10 9,
3,65,22,1,2,9,1,24,8,16,63.11,22 23 24 19 20 21 3 2 1,
3,66,14,10,1,9,1,17,3,9,27.41,14 15 16 10,
3,67,13,9,0,10,1,18,3,9,24.74,13 7 8 9,
3,68,5,18,2,10,1,13,3,4,29.73,5 6 12 18,
3,69,22,9,0,10,1,17,3,8,30.14,22 16 15 9,
3,70,7,9,2,10,1,17,2,8,15.2,7 8 9,
3,71,12,9,0,10,1,15,3,6,22.49,12 11 10 9,
3,72,21,12,2,10,1,20,5,11,49.6,21 20 19 24 18 12,
3,73,10,14,0,11,1,19,3,9,26.99,10 9 8 14,
3,74,12,9,0,11,1,16,3,6,21.67,12 11 10 9,
3,75,22,9,0,11,1,18,3,8,30.6,22 16 15 9,
3,76,4,9,1,11,1,15,2,5,18.66,4 3 9,
3,77,21,9,1,11,1,19,2,9,24.0,21 15 9,
3,78,2,13,1,11,1,17,3,7,30.36,2 1 19 13,
3,79,18,9,1,12,1,20,4,9,35.28,18 13 14 15 9,
3,80,9,5,0,12,1,18,3,7,26.88,9 10 11 5,
3,81,4,9,1,12,1,16,2,5,18.69,4 3 9,
3,82,21,1,2,12,1,21,3,10,27.34,21 20 19 1,
3,83,2,9,1,12,1,17,2,6,19.07,2 3 9,
3,84,22,9,1,12,0,-1,2,-1,19.74,22 21 15,deadline_exceeded
3,85,12,9,1,13,1,18,3,6,20.34,12 11 10 9,
3,86,2,7,0,13,1,16,2,4,18.07,2 1 7,
3,87,13,16,2,13,1,17,3,5,19.72,13 18 17 16,
3,88,18,4,0,13,1,24,6,12,65.37,18 17 23 22 16 10 4,
3,89,16,9,2,13,1,21,2,9,20.46,16 15 9,
3,90,17,9,0,13,1,23,3,11,27.83,17 16 15 9,
3,91,11,9,0,14,1,19,2,6,13.21,11 10 9,
3,92,17,9,2,14,1,26,3,13,27.23,17 16 15 9,
3,93,14,9,2,14,1,24,2,11,21.07,14 15 9,
3,94,3,9,0,14,1,18,1,5,11.79,3 9,
3,95,1,9,0,14,1,21,3,8,24.07,1 7 8 9,
3,96,24,9,0,14,1,28,5,15,46.74,24 23 22 16 15 9,
3,97,4,16,0,15,1,20,2,6,24.72,4 10 16,
3,98,19,9,1,15,0,-1,3,-1,27.17,19 20 21 3,deadline_exceeded
3,99,8,9,0,15,1,20,1,6,6.51,8 9,
3,100,15,9,2,15,1,22,1,8,13.62,15 9,
3,101,22,1,0,15,1,25,4,11,34.09,22 23 24 19 1,
3,102,21,9,2,15,1,21,2,7,26.34,21 3 9,
3,103,22,9,1,16,1,24,3,9,34.23,22 21 3 9,
3,104,10,9,2,16,1,21,1,6,6.57,10 9,
3,105,15,9,0,16,1,25,1,10,14.0,15 9,
3,106,23,2,0,16,1,25,4,10,33.67,23 22 21 20 2,
3,107,11,9,2,16,1,22,2,7,13.27,11 10 9,
3,108,13,9,2,16,1,27,3,12,27.65,13 14 15 9,
3,109,6,4,2,17,1,19,2,3,13.02,6 5 4,
3,110,19,1,0,17,1,22,3,6,28.23,19 24 6 1,
3,111,1,7,1,17,1,19,1,3,11.38,1 7,
3,112,20,24,2,17,1,26,2,10,15.18,20 19 24,
3,113,4,9,0,17,1,19,2,3,18.78,4 3 9,
3,114,10,18,0,17,1,25,3,9,28.42,10 11 12 18,
3,115,5,9,0,18,1,26,3,9,27.73,5 11 10 9,
3,116,21,3,0,18,1,22,1,5,13.96,21 3,
3,117,19,9,1,18,0,-1,3,-1,26.39,19 20 21 3,deadline_exceeded
3,118,13,9,0,18,1,23,3,6,25.07,13 7 8 9,
3,119,3,9,0,18,1,20,1,3,12.62,3 9,
3,120,14,9,1,18,1,22,2,5,18.78,14 8 9,
3,121,18,9,1,19,1,30,4,12,33.33,18 13 14 15 9,
3,122,20,9,2,19,1,28,3,10,34.23,20 21 3 9,
3,123,19,9,0,19,0,-1,2,-1,14.39,19 20 21,
3,124,10,9,2,19,1,25,1,7,7.39,10 9,
3,125,3,9,1,19,1,22,1,4,13.34,3 9,
3,126,16,20,1,19,1,26,3,8,27.92,16 22 21 20,
3,127,9,13,2,20,1,26,3,7,27.35,9 8 7 13,
3,128,12,14,0,20,1,26,3,7,27.63,12 7 8 14,
3,129,11,9,0,20,1,28,2,9,15.2,11 10 9,
3,130,1,9,1,20,1,25,3,6,27.04,1 2 3 9,
3,131,4,24,1,20,1,23,3,4,27.44,4 5 6 24,
3,132,8,9,0,20,1,24,1,5,6.89,8 9,
3,133,20,9,0,21,0,-1,2,-1,20.04,20 21 3,
3,134,22,9,0,21,0,-1,2,-1,21.12,22 16 15,
3,135,17,9,0,21,0,-1,2,-1,13.77,17 16 15,
3,136,10,9,2,21,1,27,1,7,8.0,10 9,
3,137,14,1,2,21,1,24,3,4,33.18,14 13 7 1,
3,138,5,9,1,21,1,27,3,7,28.19,5 4 3 9,
3,139,3,9,0,22,1,26,1,5,14.0,3 9,
3,140,7,9,0,22,1,27,2,6,14.26,7 8 9,
3,141,12,9,0,22,1,29,3,8,23.69,12 11 10 9,
3,142,19,9,1,22,0,-1,2,-1,20.01,19 20 2,
3,143,15,9,0,22,1,29,1,8,13.34,15 9,
3,144,14,8,1,22,1,24,1,3,13.83,14 8,
3,145,20,9,0,23,0,-1,2,-1,20.01,20 21 3,
3,146,7,9,1,23,1,29,2,7,15.2,7 8 9,
3,147,2,9,0,23,1,29,2,7,20.74,2 3 9,
3,148,16,6,0,23,1,28,4,6,40.41,16 17 18 24 6,
3,149,8,18,0,23,1,30,3,8,28.78,8 7 12 18,
3,150,14,9,1,23,0,-1,1,-1,7.12,14 15,
3,151,19,11,0,24,0,-1,2,-1,18.23,19 24 23,
3,152,15,9,1,24,0,-1,0,-1,0.0,15,
3,153,4,9,1,24,1,30,2,7,20.73,4 3 9,
3,154,23,9,1,24,0,-1,3,-1,27.59,23 22 21 3,
3,155,9,19,0,24,0,-1,2,-1,15.43,9 8 7,
3,156,5,1,1,24,1,26,2,3,16.61,5 6 1,
3,157,3,16,1,25,0,-1,0,-1,0.0,3,
3,158,24,20,1,25,1,29,2,5,16.61,24 19 20,
3,159,20,9,1,25,0,-1,1,-1,8.0,20 21,
3,160,12,9,2,25,0,-1,2,-1,16.62,12 11 10,
3,161,10,9,1,25,1,30,1,6,8.88,10 9,
3,162,15,22,0,25,0,-1,0,-1,0.0,15,
3,163,19,9,1,26,0,-1,1,-1,8.31,19 20,
3,164,22,9,2,26,0,-1,2,-1,21.65,22 16 15,
3,165,10,9,0,26,0,-1,0,-1,0.0,10,
3,166,20,9,1,26,0,-1,1,-1,8.31,20 21,
3,167,15,9,0,26,0,-1,0,-1,0.0,15,
3,168,1,12,1,26,1,28,2,3,21.88,1 6 12,
3,169,15,14,1,27,0,-1,0,-1,0.0,15,
3,170,8,9,0,27,0,-1,0,-1,0.0,8,
3,171,22,17,0,27,1,29,2,3,20.82,22 23 17,
3,172,11,9,0,27,0,-1,1,-1,8.61,11 10,
3,173,6,9,0,27,0,-1,2,-1,17.61,6 1 2,
3,174,12,9,1,27,0,-1,2,-1,17.76,12 11 10,
3,175,13,9,2,28,0,-1,2,-1,16.61,13 14 15,
3,176,23,22,1,28,1,30,1,3,9.11,23 22,
3,177,5,9,2,28,0,-1,2,-1,21.88,5 4 10,
3,178,12,9,2,28,0,-1,2,-1,18.23,12 11 10,
3,179,19,9,1,28,0,-1,0,-1,0.0,19,
3,180,7,16,1,28,0,-1,1,-1,8.31,7 8,
3,181,12,18,0,29,0,-1,0,-1,0.0,12,
3,182,8,9,1,29,0,-1,0,-1,0.0,8,
3,183,14,3,0,29,0,-1,0,-1,0.0,14,
3,184,17,22,0,29,0,-1,1,-1,9.11,17 16,
3,185,3,9,2,29,0,-1,0,-1,0.0,3,
3,186,1,9,0,29,0,-1,0,-1,0.0,1,
3,187,24,9,2,30,0,-1,0,-1,0.0,24,
3,188,4,9,1,30,0,-1,0,-1,0.0,4,
3,189,5,9,1,30,0,-1,0,-1,0.0,5,
3,190,11,9,1,30,0,-1,0,-1,0.0,11,
3,191,14,9,0,30,0,-1,0,-1,0.0,14,
3,192,9,10,0,30,0,-1,0,-1,0.0,9,
4,1,10,9,1,1,1,1,1,1,9.11,10 9,
4,2,1,9,0,1,1,3,3,3,30.91,1 2 8 9,
4,3,6,20,1,1,1,3,3,3,29.27,6 24 19 20,
4,4,23,3,0,1,1,3,3,3,29.6,23 22 21 3,
4,5,8,9,2,1,1,1,1,1,8.88,8 9,
4,6,13,9,1,1,1,3,3,3,29.52,13 14 15 9,
4,7,4,9,1,1,1,2,2,2,21.73,4 3 9,
4,8,7,9,0,1,1,2,2,2,17.72,7 8 9,
4,9,9,16,2,1,1,2,2,2,20.91,9 10 16,
4,10,20,9,0,1,1,4,3,4,32.05,20 21 15 9,
4,11,21,9,1,1,1,3,2,3,24.0,21 3 9,
4,12,15,9,0,1,1,1,1,1,12.62,15 9,
4,13,16,9,2,1,1,5,2,5,20.3,16 15 9,
4,14,1,9,1,1,1,5,3,5,29.56,1 2 3 9,
4,15,7,19,0,1,1,3,2,3,25.21,7 13 19,
4,16,3,24,1,1,1,7,4,7,37.85,3 4 22 23 24,
4,17,10,24,0,1,1,6,4,6,39.09,10 11 12 18 24,
4,18,13,9,0,1,1,4,3,4,31.54,13 7 8 9,
4,19,1,9,2,2,1,5,3,4,30.82,1 2 8 9,
4,20,18,9,2,2,1,8,4,7,38.65,18 17 16 15 9,
4,21,17,9,0,2,1,5,3,4,29.98,17 16 10 9,
4,22,7,23,1,2,1,9,4,8,38.84,7 12 11 5 23,
4,23,13,9,0,2,1,8,3,7,30.93,13 7 8 9,
4,24,4,9,2,2,1,4,2,3,21.28,4 10 9,
4,25,19,9,0,3,1,9,4,7,40.75,19 13 14 15 9,
4,26,15,21,2,3,1,6,1,4,10.38,15 21,
4,27,23,17,2,3,1,4,1,2,10.38,23 17,
4,28,6,8,1,3,1,6,3,4,30.11,6 1 2 8,
4,29,14,10,0,3,1,7,3,5,30.58,14 8 9 10,
4,30,17,9,0,3,1,7,3,5,28.98,17 11 10 9,
4,31,22,9,2,4,1,7,3,4,30.33,22 21 3 9,
4,32,15,9,2,4,1,7,1,4,10.38,15 9,
4,33,10,9,2,4,1,6,1,3,9.43,10 9,
4,34,13,9,0,4,1,9,3,6,29.99,13 7 8 9,
4,35,16,9,1,4,1,8,2,5,19.5,16 10 9,
4,36,8,9,2,4,1,7,1,4,9.43,8 9,
4,37,4,14,1,5,1,10,4,6,38.73,4 3 2 20 14,
4,38,23,9,0,5,1,11,4,7,38.69,23 22 21 15 9,
4,39,14,8,0,5,1,7,1,3,10.66,14 8,
4,40,24,12,0,5,1,7,2,3,20.09,24 6 12,
4,41,11,6,1,5,1,8,2,4,18.88,11 12 6,
4,42,16,9,0,5,1,9,2,5,19.05,16 10 9,
4,43,3,9,0,6,1,9,1,4,10.17,3 9,
4,44,22,9,2,6,1,10,3,5,29.2,22 21 3 9,
4,45,9,22,2,6,1,11,3,6,29.54,9 10 16 22,
4,46,23,9,1,6,1,11,4,6,37.66,23 22 4 3 9,
4,47,12,9,0,6,1,10,3,5,26.92,12 7 8 9,
4,48,2,15,0,6,1,9,3,4,29.46,2 20 14 15,
4,49,17,10,1,7,1,9,2,3,18.88,17 16 10,
4,50,20,4,0,7,1,12,3,6,27.5,20 21 3 4,
4,51,12,9,1,7,1,13,3,7,24.31,12 11 10 9,
4,52,4,9,0,7,1,11,2,5,18.48,4 10 9,
4,53,13,9,0,7,1,11,3,5,28.57,13 7 8 9,
4,54,15,9,0,7,1,10,1,4,10.0,15 9,
4,55,21,3,0,8,1,10,1,3,10.17,21 3,
4,56,16,18,1,8,1,11,2,4,16.0,16 17 18,
4,57,7,11,0,8,1,11,2,4,15.38,7 12 11,
4,58,11,9,0,8,1,12,2,5,16.61,11 10 9,
4,59,22,9,1,8,1,13,3,6,28.87,22 4 3 9,
4,60,9,6,0,8,1,15,4,8,36.4,9 8 7 12 6,
4,61,1,5,1,9,1,11,2,3,15.38,1 6 5,
4,62,12,9,0,9,1,13,3,5,24.57,12 7 8 9,
4,63,20,18,1,9,1,13,3,5,27.79,20 19 24 18,
4,64,18,9,0,9,1,14,4,6,34.03,18 13 7 8 9,
4,65,15,9,2,9,1,12,1,4,10.17,15 9,
4,66,6,9,0,9,1,16,4,8,32.75,6 5 11 10 9,
4,67,10,9,1,10,1,14,1,5,7.39,10 9,
4,68,12,10,0,10,1,13,2,4,14.78,12 11 10,
4,69,16,9,0,10,1,13,2,4,18.38,16 15 9,
4,70,22,9,0,10,1,14,3,5,29.36,22 21 3 9,
4,71,20,17,0,10,1,15,4,6,35.33,20 21 22 23 17,
4,72,5,12,0,10,1,13,2,4,18.39,5 6 12,
4,73,2,9,0,11,1,15,2,5,17.39,2 8 9,
4,74,23,20,1,11,1,15,3,5,22.77,23 22 21 20,
4,75,12,9,0,11,1,17,3,7,21.77,12 7 8 9,
4,76,20,9,2,11,1,16,3,6,29.45,20 14 15 9,
4,77,9,21,2,11,1,14,2,4,21.17,9 15 21,
4,78,10,9,2,11,1,15,1,5,7.12,10 9,
4,79,13,9,2,12,1,20,3,9,28.7,13 14 15 9,
4,80,17,9,1,12,1,17,3,6,26.57,17 16 15 9,
4,81,21,9,0,12,1,18,2,7,23.21,21 15 9,
4,82,20,9,0,12,1,22,3,11,33.1,20 21 15 9,
4,83,10,9,0,12,1,17,1,6,6.7,10 9,
4,84,12,16,2,12,1,16,3,5,25.38,12 11 17 16,
4,85,23,9,0,13,1,25,4,13,40.85,23 22 21 15 9,
4,86,8,2,2,13,1,16,1,4,10.66,8 2,
4,87,15,9,1,13,1,15,1,3,11.0,15 9,
4,88,4,19,2,13,1,20,6,8,54.99,4 5 6 1 7 13 19,
4,89,1,9,1,13,1,16,3,4,26.39,1 2 3 9,
4,90,16,9,2,13,1,21,2,9,20.46,16 15 9,
4,91,15,1,2,14,1,22,4,9,39.76,15 14 13 19 1,
4,92,21,9,1,14,1,23,2,10,26.04,21 15 9,
4,93,2,9,1,14,1,17,2,4,18.5,2 3 9,
4,94,24,9,1,14,1,22,5,9,47.8,24 19 20 21 3 9,
4,95,1,20,2,14,1,22,6,9,59.17,1 2 3 9 8 14 20,
4,96,3,9,1,14,1,15,1,2,10.66,3 9,
4,97,19,9,0,15,1,21,4,7,35.97,19 13 7 8 9,
4,98,2,9,1,15,1,19,2,5,18.91,2 3 9,
4,99,1,9,0,15,1,22,3,8,25.75,1 2 8 9,
4,100,11,16,0,15,1,18,2,4,19.32,11 10 16,
4,101,16,8,1,15,1,20,3,6,24.81,16 10 9 8,
4,102,18,5,1,15,1,18,3,4,33.19,18 17 23 5,
4,103,24,9,0,16,1,27,5,12,47.48,24 23 22 21 3 9,
4,104,9,11,0,16,1,21,2,6,13.4,9 10 11,
4,105,22,9,2,16,1,24,3,9,34.36,22 21 3 9,
4,106,21,9,1,16,1,20,2,5,25.96,21 3 9,
4,107,10,23,0,16,1,22,3,7,34.4,10 11 17 23,
4,108,20,9,0,16,1,30,3,15,33.53,20 21 15 9,
4,109,14,9,1,17,1,26,2,10,20.66,14 15 9,
4,110,22,4,0,17,1,18,1,2,13.34,22 4,
4,111,13,9,1,17,1,28,3,12,26.83,13 14 15 9,
4,112,19,10,0,17,1,23,5,7,47.63,19 24 23 22 16 10,
4,113,8,9,0,17,1,18,1,2,6.7,8 9,
4,114,15,9,1,17,1,24,1,8,13.96,15 9,
4,115,2,9,1,18,1,23,2,6,20.13,2 3 9,
4,116,7,9,0,18,1,23,2,6,13.27,7 8 9,
4,117,19,14,0,18,1,20,2,3,19.7,19 20 14,
4,118,16,11,0,18,1,20,2,3,20.13,16 17 11,
4,119,15,3,0,18,1,28,2,11,27.65,15 9 3,
4,120,1,10,1,18,1,22,4,5,33.72,1 6 5 4 10,
4,121,19,9,1,19,1,30,4,12,40.38,19 20 21 3 9,
4,122,5,17,0,19,1,22,2,4,27.29,5 11 17,
4,123,22,9,0,19,1,30,5,12,50.21,22 21 20 14 8 9,
4,124,3,9,0,19,1,21,1,3,13.0,3 9,
4,125,1,9,0,19,1,25,3,7,27.04,1 2 3 9,
4,126,24,9,1,19,0,-1,4,-1,33.31,24 19 20 21 3,deadline_exceeded
4,127,24,9,1,20,0,-1,4,-1,33.2,24 19 20 21 3,
4,128,5,9,1,20,1,28,3,9,27.6,5 4 3 9,
4,129,16,9,0,20,1,29,2,10,19.91,16 15 9,
4,130,17,9,0,20,1,23,3,4,27.41,17 16 10 9,
4,131,23,9,0,20,0,-1,3,-1,26.59,23 22 21 3,
4,132,9,15,0,20,1,21,1,2,13.34,9 15,
4,133,14,9,0,21,1,25,2,5,20.74,14 8 9,
4,134,13,9,0,21,1,26,3,6,26.96,13 7 8 9,
4,135,21,9,0,21,0,-1,1,-1,13.83,21 15,
4,136,6,9,1,21,0,-1,3,-1,20.85,6 1 2 3,
4,137,9,7,1,21,1,24,2,4,13.27,9 8 7,
4,138,3,9,2,21,1,26,1,6,14.0,3 9,
4,139,14,6,0,22,1,27,4,6,40.22,14 13 18 24 6,
4,140,11,9,1,22,1,24,2,3,14.24,11 10 9,
4,141,1,9,2,22,1,29,3,8,28.97,1 2 8 9,
4,142,15,9,1,22,0,-1,0,-1,0.0,15,
4,143,17,12,2,22,1,24,2,3,21.22,17 18 12,
4,144,20,12,0,22,1,26,4,5,41.19,20 19 24 6 12,
4,145,12,9,2,23,1,26,3,4,23.06,12 11 10 9,
4,146,3,2,1,23,1,29,1,7,8.31,3 2,
4,147,2,9,0,23,1,28,2,6,21.83,2 8 9,
4,148,4,9,1,23,0,-1,1,-1,7.12,4 3,
4,149,7,9,2,23,1,27,2,5,14.39,7 8 9,
4,150,19,9,2,23,0,-1,3,-1,28.71,19 20 14 15,
4,151,18,14,0,24,1,26,2,3,15.43,18 13 14,
4,152,11,9,1,24,1,27,2,4,16.0,11 10 9,
4,153,14,22,0,24,0,-1,2,-1,22.0,14 20 21,
4,154,2,9,1,24,0,-1,1,-1,7.69,2 3,
4,155,20,9,0,24,0,-1,2,-1,19.74,20 21 15,
4,156,16,20,0,24,0,-1,2,-1,21.52,16 22 21,
4,157,14,9,2,25,0,-1,1,-1,7.39,14 15,
4,158,16,9,0,25,1,28,2,4,22.14,16 10 9,
4,159,1,9,0,25,0,-1,2,-1,21.07,1 2 8,
4,160,4,9,0,25,1,29,2,5,22.57,4 10 9,
4,161,11,13,1,25,1,29,3,5,31.55,11 12 7 13,
4,162,20,9,1,25,0,-1,1,-1,8.31,20 21,
4,163,5,9,2,26,0,-1,2,-1,21.93,5 4 10,
4,164,6,9,0,26,0,-1,3,-1,30.83,6 5 11 10,
4,165,21,9,1,26,0,-1,0,-1,0.0,21,
4,166,13,9,1,26,0,-1,2,-1,15.7,13 14 15,
4,167,15,9,0,26,0,-1,0,-1,0.0,15,
4,168,1,9,0,26,0,-1,2,-1,21.22,1 2 8,
4,169,15,10,1,27,0,-1,0,-1,0.0,15,
4,170,20,9,1,27,0,-1,1,-1,13.0,20 14,
4,171,2,19,1,27,0,-1,1,-1,8.31,2 1,
4,172,6,9,0,27,0,-1,3,-1,26.65,6 5 4 3,
4,173,16,9,0,27,0,-1,1,-1,13.34,16 10,
4,174,10,9,2,27,1,30,1,4,8.88,10 9,
4,175,2,20,0,28,0,-1,0,-1,0.0,2,
4,176,1,11,0,28,0,-1,2,-1,18.6,1 6 5,
4,177,7,15,2,28,0,-1,1,-1,13.62,7 13,
4,178,10,17,0,28,0,-1,0,-1,0.0,10,
4,179,21,9,0,28,0,-1,0,-1,0.0,21,
4,180,9,4,2,28,0,-1,1,-1,8.61,9 10,
4,181,5,9,0,29,0,-1,1,-1,9.11,5 4,
4,182,20,9,0,29,0,-1,0,-1,0.0,20,
4,183,15,9,1,29,0,-1,0,-1,0.0,15,
4,184,11,9,2,29,0,-1,1,-1,9.11,11 10,
4,185,2,8,0,29,0,-1,0,-1,0.0,2,
4,186,3,5,0,29,0,-1,0,-1,0.0,3,
4,187,14,19,1,30,0,-1,0,-1,0.0,14,
4,188,18,9,0,30,0,-1,0,-1,0.0,18,
4,189,21,9,0,30,0,-1,0,-1,0.0,21,
4,190,4,15,0,30,0,-1,0,-1,0.0,4,
4,191,1,9,1,30,0,-1,0,-1,0.0,1,
4,192,5,13,2,30,0,-1,0,-1,0.0,5,
5,1,18,9,0,1,1,5,4,5,41.1,18 13 7 8 9,
5,2,8,5,2,1,1,5,4,5,38.33,8 9 10 11 5,
5,3,13,4,1,1,1,5,5,5,47.99,13 14 15 16 22 4,
5,4,11,9,2,1,1,2,2,2,18.6,11 10 9,
5,5,16,9,0,1,1,2,2,2,21.32,16 15 9,
5,6,6,10,0,1,1,3,3,3,30.64,6 5 4 10,
5,7,22,9,1,1,1,3,3,3,32.71,22 21 3 9,
5,8,10,3,1,1,1,3,2,3,21.32,10 9 3,
5,9,9,2,1,1,1,2,2,2,21.88,9 8 2,
5,10,19,18,0,1,1,2,2,2,20.15,19 24 18,
5,11,3,16,0,1,1,4,3,4,31.88,3 21 22 16,
5,12,7,9,2,1,1,3,2,3,17.91,7 8 9,
5,13,1,7,1,1,1,2,1,2,13.34,1 7,
5,14,12,9,2,1,1,4,3,4,28.48,12 11 10 9,
5,15,19,3,0,1,1,5,3,5,28.56,19 20 21 3,
5,16,16,9,1,1,1,4,2,4,20.68,16 15 9,
5,17,22,9,0,1,1,5,3,5,32.26,22 16 10 9,
5,18,13,16,2,1,1,6,3,6,27.97,13 14 15 16,
5,19,8,10,0,2,1,5,2,4,18.92,8 9 10,
5,20,9,1,0,2,1,8,3,7,29.92,9 8 7 1,
5,21,15,9,2,2,1,5,1,4,11.0,15 9,
5,22,11,9,2,2,1,6,2,5,18.92,11 10 9,
5,23,21,23,0,2,1,6,2,5,18.79,21 22 23,
5,24,7,9,2,2,1,8,2,7,18.6,7 8 9,
5,25,13,9,1,3,1,8,3,6,28.96,13 14 15 9,
5,26,8,18,2,3,1,8,3,6,28.8,8 14 13 18,
5,27,11,9,2,3,1,7,2,5,18.6,11 10 9,
5,28,16,9,0,3,1,9,2,7,19.54,16 15 9,
5,29,2,9,1,3,1,5,2,3,20.81,2 3 9,
5,30,4,9,0,3,1,6,2,4,20.49,4 3 9,
5,31,2,9,0,4,1,9,2,6,20.91,2 8 9,
5,32,1,22,2,4,1,8,4,5,39.03,1 19 20 21 22,
5,33,19,9,0,4,1,11,4,8,40.87,19 13 7 8 9,
5,34,21,9,0,4,1,7,2,4,20.83,21 3 9,
5,35,15,14,1,4,1,7,1,4,9.43,15 14,
5,36,5,2,0,4,1,7,3,4,27.67,5 6 1 2,
5,37,8,9,0,5,1,10,1,6,8.88,8 9,
5,38,6,9,0,5,1,14,4,10,34.93,6 12 7 8 9,
5,39,16,9,1,5,1,8,2,4,19.5,16 10 9,
5,40,9,8,0,5,1,6,1,2,9.49,9 8,
5,41,19,9,0,5,1,12,4,8,39.02,19 13 14 15 9,
5,42,18,9,0,5,1,12,4,8,37.49,18 13 7 8 9,
5,43,21,3,0,6,1,7,1,2,10.04,21 3,
5,44,15,9,0,6,1,10,1,5,10.0,15 9,
5,45,6,9,1,6,1,11,4,6,36.49,6 1 2 3 9,
5,46,16,21,0,6,1,8,2,3,19.16,16 22 21,
5,47,11,10,0,6,1,7,1,2,9.11,11 10,
5,48,2,9,1,6,1,8,2,3,19.81,2 3 9,
5,49,16,9,0,7,1,11,2,5,19.16,16 15 9,
5,50,5,1,1,7,1,9,2,3,16.61,5 6 1,
5,51,19,24,0,7,1,8,1,2,8.31,19 24,
5,52,4,3,0,7,1,8,1,2,9.11,4 3,
5,53,2,9,0,7,1,9,2,3,19.47,2 3 9,
5,54,7,3,2,7,1,13,3,7,27.26,7 1 2 3,
5,55,13,9,0,8,1,14,3,7,28.39,13 14 15 9,
5,56,2,22,2,8,1,11,3,4,27.19,2 20 21 22,
5,57,4,9,2,8,1,10,2,3,18.65,4 10 9,
5,58,14,9,0,8,1,13,2,6,18.17,14 8 9,
5,59,16,9,0,8,1,11,2,4,18.31,16 10 9,
5,60,17,9,0,8,1,12,3,5,26.65,17 16 10 9,
5,61,3,9,1,9,1,10,1,2,10.04,3 9,
5,62,12,17,1,9,1,11,2,3,18.38,12 11 17,
5,63,20,9,2,9,1,16,3,8,30.37,20 21 15 9,
5,64,21,8,0,9,1,13,3,5,29.23,21 20 14 8,
5,65,2,9,1,9,1,12,2,4,18.65,2 3 9,
5,66,1,9,2,9,1,15,3,7,26.38,1 7 8 9,
5,67,17,9,1,10,1,14,3,5,25.77,17 16 10 9,
5,68,2,16,0,10,1,15,4,6,37.56,2 20 21 22 16,
5,69,15,9,0,10,1,13,1,4,10.38,15 9,
5,70,5,9,0,10,1,15,3,6,24.98,5 11 10 9,
5,71,4,9,0,10,1,13,2,4,18.48,4 3 9,
5,72,10,13,0,10,1,18,4,9,33.88,10 9 8 7 13,
5,73,6,9,0,11,1,18,4,8,32.25,6 12 7 8 9,
5,74,15,9,0,11,1,15,1,5,11.0,15 9,
5,75,13,3,0,11,1,20,8,10,66.37,13 19 20 21 22 23 5 4 3,
5,76,22,9,0,11,1,18,3,8,30.87,22 21 15 9,
5,77,16,9,2,11,1,19,2,9,20.31,16 15 9,
5,78,4,9,0,11,1,14,2,4,18.38,4 3 9,
5,79,24,9,2,12,1,25,5,14,47.33,24 23 22 21 15 9,
5,80,2,5,0,12,1,16,3,5,21.15,2 1 6 5,
5,81,15,6,2,12,1,21,5,10,47.7,15 16 17 18 24 6,
5,82,5,9,1,12,1,15,3,4,25.44,5 4 3 9,
5,83,1,6,0,12,1,13,1,2,6.89,1 6,
5,84,16,9,0,12,1,16,2,5,17.89,16 10 9,
5,85,7,9,1,13,1,19,2,7,14.26,7 8 9,
5,86,17,9,2,13,1,21,3,9,27.57,17 16 15 9,
5,87,15,1,2,13,1,24,4,12,40.59,15 14 13 19 1,
5,88,4,9,2,13,1,18,2,6,17.57,4 10 9,
5,89,19,9,0,13,1,23,4,11,39.02,19 13 14 15 9,
5,90,8,20,0,13,1,22,6,10,50.89,8 2 3 4 22 21 20,
5,91,13,9,0,14,1,26,3,13,28.23,13 14 15 9,
5,92,21,9,0,14,1,24,2,11,25.75,21 15 9,
5,93,19,9,1,14,0,-1,5,-1,41.57,19 20 21 22 16 15,deadline_exceeded
5,94,14,9,2,14,1,22,2,9,21.01,14 15 9,
5,95,23,10,1,14,1,17,3,4,31.12,23 17 16 10,
5,96,10,9,0,14,1,17,1,4,6.7,10 9,
5,97,7,9,0,15,1,20,2,6,13.9,7 8 9,
5,98,10,9,1,15,1,19,1,5,6.51,10 9,
5,99,9,12,1,15,1,21,3,7,20.34,9 10 11 12,
5,100,18,9,0,15,1,29,4,15,33.31,18 13 14 15 9,
5,101,23,21,0,15,1,18,2,4,13.27,23 22 21,
5,102,13,9,0,15,1,28,3,14,27.44,13 14 15 9,
5,103,8,9,1,16,1,21,1,6,6.51,8 9,
5,104,11,9,0,16,1,21,2,6,13.15,11 10 9,
5,105,7,9,2,16,1,22,2,7,13.69,7 8 9,
5,106,18,9,0,16,1,26,4,11,33.6,18 13 14 8 9,
5,107,17,9,0,16,1,24,3,9,26.69,17 16 10 9,
5,108,5,9,0,16,1,22,3,7,25.42,5 11 10 9,
5,109,12,13,0,17,1,19,2,3,18.36,12 7 13,
5,110,22,21,2,17,1,19,1,3,6.51,22 21,
5,111,1,9,1,17,1,20,3,4,26.08,1 2 3 9,
5,112,11,3,0,17,1,21,3,5,26.15,11 5 4 3,
5,113,13,9,2,17,0,-1,2,-1,13.27,13 14 15,
5,114,15,9,0,17,1,27,1,11,13.83,15 9,
5,115,14,9,1,18,0,-1,1,-1,6.51,14 15,deadline_exceeded
5,116,23,9,0,18,1,29,4,12,40.83,23 22 21 3 9,
5,117,10,9,2,18,1,23,1,6,6.89,10 9,
5,118,8,5,2,18,1,28,4,11,35.47,8 9 10 11 5,
5,119,19,9,0,18,1,24,4,7,40.86,19 20 21 3 9,
5,120,9,4,0,18,1,25,2,8,20.51,9 10 4,
5,121,2,9,2,19,1,22,2,4,19.85,2 3 9,
5,122,8,9,2,19,1,24,1,6,6.89,8 9,
5,123,1,9,0,19,1,25,3,7,27.04,1 2 3 9,
5,124,16,9,1,19,1,26,2,8,21.03,16 10 9,
5,125,7,9,2,19,1,25,2,7,13.69,7 8 9,
5,126,3,8,2,19,1,22,2,4,19.51,3 2 8,
5,127,3,9,0,20,1,23,1,4,13.62,3 9,
5,128,19,20,0,20,1,21,1,2,6.51,19 20,
5,129,17,9,1,20,1,30,3,11,26.4,17 16 15 9,
5,130,4,9,1,20,1,27,2,8,20.66,4 3 9,
5,131,5,22,1,20,1,22,2,3,20.89,5 23 22,
5,132,22,9,2,20,0,-1,4,-1,35.16,22 21 20 14 15,
5,133,14,9,0,21,1,28,2,8,21.83,14 8 9,
5,134,3,9,0,21,1,26,1,6,14.0,3 9,
5,135,12,2,1,21,1,27,3,7,27.96,12 7 8 2,
5,136,1,10,0,21,1,25,4,5,36.17,1 6 5 4 10,
5,137,13,9,0,21,1,30,3,10,29.07,13 14 8 9,
5,138,5,17,0,21,1,23,2,3,27.83,5 11 17,
5,139,7,9,0,22,1,29,2,8,15.01,7 8 9,
5,140,12,9,1,22,1,28,3,7,23.09,12 11 10 9,
5,141,15,9,2,22,0,-1,0,-1,0.0,15,
5,142,3,9,0,22,1,28,1,7,13.83,3 9,
5,143,5,9,2,22,1,29,3,8,29.68,5 4 10 9,
5,144,18,9,2,22,0,-1,3,-1,22.17,18 17 16 15,
5,145,22,9,0,23,0,-1,2,-1,20.74,22 21 3,
5,146,21,9,1,23,0,-1,3,-1,34.63,21 22 16 10,
5,147,24,9,2,23,0,-1,6,-1,53.32,24 23 22 21 20 14 15,
5,148,12,17,0,23,1,25,2,3,21.52,12 11 17,
5,149,5,9,0,23,0,-1,2,-1,21.96,5 11 10,
5,150,3,9,0,23,1,30,1,8,13.34,3 9,
5,151,4,9,2,24,0,-1,1,-1,7.69,4 3,
5,152,15,9,0,24,0,-1,0,-1,0.0,15,
5,153,5,9,2,24,0,-1,2,-1,16.0,5 4 3,
5,154,7,23,0,24,1,28,4,5,42.88,7 12 18 17 23,
5,155,13,8,2,24,1,27,2,4,20.84,13 14 8,
5,156,17,15,0,24,1,26,2,3,15.38,17 16 15,
5,157,7,9,0,25,0,-1,1,-1,7.12,7 8,
5,158,2,9,0,25,0,-1,1,-1,7.39,2 3,
5,159,10,14,0,25,0,-1,1,-1,12.62,10 16,
5,160,11,18,2,25,1,29,2,5,20.82,11 12 18,
5,161,3,9,1,25,0,-1,0,-1,0.0,3,
5,162,12,9,0,25,0,-1,2,-1,16.57,12 7 8,
5,163,17,9,0,26,0,-1,2,-1,16.92,17 16 15,
5,164,2,9,1,26,0,-1,1,-1,7.69,2 3,
5,165,12,11,2,26,1,28,1,3,8.88,12 11,
5,166,16,9,1,26,0,-1,1,-1,13.34,16 10,
5,167,3,9,0,26,0,-1,0,-1,0.0,3,
5,168,1,9,0,26,0,-1,2,-1,21.35,1 2 8,
5,169,11,9,0,27,0,-1,1,-1,8.88,11 10,
5,170,14,6,1,27,0,-1,3,-1,28.37,14 13 18 24,
5,171,2,9,1,27,0,-1,1,-1,8.31,2 3,
5,172,7,9,1,27,0,-1,1,-1,8.0,7 8,
5,173,13,9,0,27,0,-1,2,-1,21.31,13 14 8,
5,174,19,9,0,27,0,-1,2,-1,16.3,19 20 21,
5,175,7,11,0,28,0,-1,1,-1,9.43,7 12,
5,176,1,11,2,28,0,-1,2,-1,18.6,1 6 5,
5,177,22,9,0,28,0,-1,2,-1,21.23,22 21 15,
5,178,6,12,0,28,1,29,1,2,12.62,6 12,
5,179,12,9,2,28,0,-1,1,-1,9.3,12 11,
5,180,13,1,1,28,0,-1,1,-1,13.34,13 19,
5,181,9,5,0,29,0,-1,1,-1,8.88,9 10,
5,182,7,9,1,29,0,-1,0,-1,0.0,7,
5,183,21,17,0,29,0,-1,0,-1,0.0,21,
5,184,10,9,1,29,0,-1,0,-1,0.0,10,
5,185,2,9,1,29,0,-1,1,-1,13.62,2 8,
5,186,22,9,1,29,0,-1,1,-1,12.21,22 16,
5,187,17,13,1,30,0,-1,0,-1,0.0,17,
5,188,10,9,1,30,0,-1,0,-1,0.0,10,
5,189,15,21,0,30,0,-1,0,-1,0.0,15,
5,190,13,9,0,30,0,-1,0,-1,0.0,13,
5,191,7,9,1,30,0,-1,0,-1,0.0,7,
5,192,22,19,0,30,0,-1,0,-1,0.0,22,
6,1,1,9,2,1,1,3,3,3,29.93,1 2 3 9,
6,2,15,12,0,1,1,4,4,4,37.57,15 14 13 18 12,
6,3,5,21,0,1,1,3,3,3,29.73,5 4 22 21,
6,4,6,20,0,1,1,3,3,3,30.82,6 1 19 20,
6,5,9,2,2,1,1,2,2,2,21.88,9 8 2,
6,6,2,6,1,1,1,3,2,3,18.04,2 1 6,
6,7,23,9,1,1,1,4,4,4,41.36,23 22 21 15 9,
6,8,13,9,1,1,1,5,3,5,28.91,13 14 15 9,
6,9,3,4,1,1,1,1,1,1,9.11,3 4,
6,10,24,9,1,1,1,6,5,6,51.45,24 19 20 14 8 9,
6,11,16,9,2,1,1,2,2,2,21.32,16 15 9,
6,12,22,19,1,1,1,4,3,4,27.53,22 21 20 19,
6,13,12,9,0,1,1,4,3,4,28.03,12 7 8 9,
6,14,18,9,1,1,1,5,4,5,39.48,18 17 16 10 9,
6,15,20,9,0,1,1,5,3,5,31.16,20 21 3 9,
6,16,2,9,1,1,1,5,2,5,22.11,2 8 9,
6,17,11,9,0,1,1,3,2,3,18.85,11 10 9,
6,18,9,4,0,1,1,4,2,4,20.68,9 10 4,
6,19,11,5,0,2,1,3,1,2,11.38,11 5,
6,20,5,9,1,2,1,6,3,5,29.98,5 4 3 9,
6,21,21,1,0,2,1,7,3,6,29.37,21 20 19 1,
6,22,16,9,0,2,1,6,2,5,20.09,16 15 9,
6,23,9,5,0,2,1,5,3,4,31.13,9 3 4 5,
6,24,20,9,0,2,1,8,3,7,29.92,20 21 3 9,
6,25,1,9,0,3,1,7,3,5,29.45,1 2 3 9,
6,26,15,9,1,3,1,7,1,5,10.38,15 9,
6,27,18,9,0,3,1,9,4,7,39.1,18 13 7 8 9,
6,28,23,15,0,3,1,6,3,4,29.3,23 22 16 15,
6,29,9,7,2,3,1,7,2,5,18.92,9 8 7,
6,30,21,19,2,3,1,7,2,5,18.98,21 20 19,
6,31,13,9,0,4,1,8,3,5,29.73,13 14 8 9,
6,32,23,16,1,4,1,6,2,3,19.47,23 17 16,
6,33,17,9,0,4,1,7,3,4,28.98,17 11 10 9,
6,34,18,2,0,4,1,9,4,6,38.08,18 24 19 1 2,
6,35,22,9,2,4,1,12,3,9,29.64,22 21 15 9,
6,36,16,9,2,4,1,8,2,5,19.66,16 15 9,
6,37,19,13,1,5,1,6,1,2,11.0,19 13,
6,38,12,9,2,5,1,10,3,6,27.19,12 7 8 9,
6,39,15,17,0,5,1,10,2,6,17.19,15 16 17,
6,40,2,17,2,5,1,11,5,7,46.47,2 20 19 24 23 17,
6,41,4,9,2,5,1,8,2,4,19.78,4 10 9,
6,42,14,9,0,5,1,10,2,6,19.43,14 15 9,
6,43,20,9,1,6,1,11,3,6,28.7,20 14 8 9,
6,44,24,9,0,6,1,14,5,9,44.6,24 18 12 7 8 9,
6,45,9,4,0,6,1,9,2,4,19.34,9 10 4,
6,46,18,3,2,6,1,12,5,7,47.35,18 13 14 20 21 3,
6,47,17,9,0,6,1,10,3,5,27.54,17 11 10 9,
6,48,2,8,2,6,1,7,1,2,11.0,2 8,
6,49,20,7,0,7,1,12,3,6,28.97,20 2 1 7,
6,50,2,9,0,7,1,9,2,3,19.47,2 3 9,
6,51,18,9,0,7,1,16,4,10,34.21,18 13 7 8 9,
6,52,15,9,2,7,1,11,1,5,10.04,15 9,
6,53,4,21,0,7,1,9,2,3,18.93,4 22 21,
6,54,13,9,0,7,1,12,3,6,27.81,13 7 8 9,
6,55,16,9,0,8,1,13,2,6,19.26,16 15 9,
6,56,4,9,0,8,1,10,2,3,18.93,4 3 9,
6,57,19,9,2,8,1,17,4,10,40.22,19 20 21 15 9,
6,58,2,7,0,8,1,10,2,3,19.68,2 1 7,
6,59,11,9,2,8,1,12,2,5,16.61,11 10 9,
6,60,10,3,0,8,1,12,2,5,18.36,10 9 3,
6,61,18,1,1,9,1,13,3,5,28.11,18 13 19 1,
6,62,16,2,1,9,1,20,8,12,66.77,16 22 21 20 19 24 6 1 2,
6,63,24,9,1,9,1,18,5,10,46.28,24 19 20 14 15 9,
6,64,13,9,1,9,1,15,3,7,28.19,13 14 15 9,
6,65,17,9,1,9,1,13,3,5,26.38,17 16 10 9,
6,66,5,2,0,9,1,13,3,5,23.7,5 6 1 2,
6,67,2,9,0,10,1,13,2,4,18.48,2 3 9,
6,68,24,23,0,10,1,12,1,3,7.39,24 23,
6,69,7,9,1,10,1,18,2,9,15.01,7 8 9,
6,70,9,22,1,10,0,-1,8,-1,70.24,9 3 4 5 6 1 2 8 14,deadline_exceeded
6,71,8,9,0,10,1,13,1,4,8.0,8 9,
6,72,3,9,0,10,1,11,1,2,10.0,3 9,
6,73,8,9,2,11,1,15,1,5,7.39,8 9,
6,74,21,9,2,11,1,16,2,6,22.04,21 15 9,
6,75,9,3,0,11,1,13,1,3,10.17,9 3,
6,76,13,12,2,11,1,14,2,4,18.68,13 18 12,
6,77,7,9,0,11,1,19,2,9,14.57,7 8 9,
6,78,15,2,0,11,1,22,7,12,59.73,15 14 20 19 24 6 1 2,
6,79,3,9,0,12,1,14,1,3,10.38,3 9,
6,80,8,9,2,12,1,17,1,6,6.89,8 9,
6,81,23,9,0,12,1,24,4,13,40.95,23 22 21 15 9,
6,82,4,9,0,12,1,15,2,4,18.05,4 3 9,
6,83,14,6,0,12,1,16,4,5,40.97,14 13 18 24 6,
6,84,17,16,0,12,1,13,1,2,7.39,17 16,
6,85,22,9,0,13,1,27,3,15,33.56,22 21 15 9,
6,86,16,9,2,13,1,19,2,7,20.01,16 15 9,
6,87,7,24,2,13,1,17,3,5,32.53,7 12 18 24,
6,88,21,9,2,13,1,22,2,10,25.41,21 15 9,
6,89,24,9,2,13,1,20,5,8,47.05,24 19 20 21 3 9,
6,90,13,9,1,13,1,23,3,11,28.63,13 14 15 9,
6,91,23,9,0,14,1,20,4,7,39.01,23 22 16 10 9,
6,92,5,9,0,14,1,18,3,5,25.56,5 4 3 9,
6,93,22,9,0,14,1,25,3,12,32.91,22 16 15 9,
6,94,3,22,0,14,1,18,2,5,20.22,3 4 22,
6,95,16,3,0,14,1,17,3,4,29.65,16 10 9 3,
6,96,15,9,1,14,1,20,1,7,13.0,15 9,
6,97,14,9,2,15,1,26,2,12,20.84,14 15 9,
6,98,10,9,1,15,1,17,1,3,6.7,10 9,
6,99,22,9,1,15,1,23,3,9,33.81,22 21 3 9,
6,100,3,9,1,15,1,17,1,3,11.38,3 9,
6,101,15,9,0,15,1,21,1,7,13.34,15 9,
6,102,4,9,2,15,1,18,2,4,18.36,4 10 9,
6,103,20,9,0,16,1,24,3,9,34.23,20 21 3 9,
6,104,24,9,2,16,1,25,5,10,47.63,24 19 20 21 3 9,
6,105,8,16,0,16,1,23,3,8,27.04,8 9 10 16,
6,106,16,21,1,16,1,19,2,4,19.51,16 22 21,
6,107,14,9,1,16,0,-1,1,-1,6.7,14 15,deadline_exceeded
6,108,7,21,1,16,1,21,4,6,37.95,7 1 2 3 21,
6,109,6,18,0,17,1,20,2,4,27.78,6 24 18,
6,110,23,6,1,17,1,21,2,5,20.46,23 24 6,
6,111,7,20,1,17,1,21,3,5,31.42,7 13 14 20,
6,112,14,22,0,17,1,25,3,9,26.52,14 20 21 22,
6,113,12,6,0,17,1,18,1,2,13.0,12 6,
6,114,2,14,1,17,1,22,2,6,24.72,2 8 14,
6,115,17,9,0,18,1,22,3,5,26.61,17 11 10 9,
6,116,5,23,2,18,1,19,1,2,13.83,5 23,
6,117,11,9,2,18,1,21,2,4,13.08,11 10 9,
6,118,7,19,0,18,1,21,2,4,24.72,7 1 19,
6,119,14,9,0,18,1,23,2,6,19.32,14 8 9,
6,120,16,4,1,18,1,21,2,4,27.57,16 22 4,
6,121,15,9,1,19,1,28,1,10,13.62,15 9,
6,122,22,9,1,19,1,27,3,9,34.46,22 21 3 9,
6,123,12,6,0,19,1,20,1,2,13.62,12 6,
6,124,3,9,0,19,1,22,1,4,13.34,3 9,
6,125,20,9,1,19,0,-1,2,-1,20.19,20 21 3,deadline_exceeded
6,126,14,1,2,19,1,24,3,6,34.08,14 13 19 1,
6,127,6,9,0,20,1,28,4,9,34.48,6 5 4 3 9,
6,128,16,14,0,20,1,29,2,10,14.89,16 15 14,
6,129,11,6,0,20,1,22,2,3,20.84,11 12 6,
6,130,19,9,0,20,1,27,4,8,40.26,19 13 7 8 9,
6,131,21,9,2,20,1,29,2,10,27.57,21 3 9,
6,132,12,9,1,20,1,25,3,6,20.74,12 7 8 9,
6,133,14,3,0,21,1,28,3,8,33.71,14 20 21 3,
6,134,22,18,0,21,1,24,3,4,27.89,22 23 24 18,
6,135,24,9,2,21,0,-1,4,-1,33.29,24 19 20 21 3,
6,136,11,1,0,21,1,24,3,4,28.14,11 12 7 1,
6,137,8,9,1,21,1,24,1,4,6.89,8 9,
6,138,18,9,0,21,1,26,4,6,35.92,18 17 16 10 9,
6,139,15,22,0,22,0,-1,1,-1,8.88,15 16,
6,140,8,19,0,22,1,28,3,7,34.69,8 7 1 19,
6,141,22,13,1,22,1,26,4,5,37.12,22 23 24 19 13,
6,142,17,11,1,22,1,24,1,3,13.96,17 11,
6,143,9,12,0,22,1,25,3,4,22.28,9 10 11 12,
6,144,3,9,0,22,1,26,1,5,14.0,3 9,
6,145,18,5,1,23,1,26,3,4,34.31,18 17 23 5,
6,146,21,9,1,23,0,-1,1,-1,13.62,21 15,
6,147,10,14,0,23,1,29,3,7,28.4,10 9 8 14,
6,148,13,24,1,23,1,25,2,3,21.34,13 18 24,
6,149,8,9,1,23,1,28,1,6,8.0,8 9,
6,150,16,10,1,23,1,25,1,3,13.96,16 10,
6,151,13,6,1,24,1,27,3,4,34.99,13 18 12 6,
6,152,24,9,0,24,0,-1,4,-1,42.62,24 23 22 16 10,
6,153,4,9,0,24,1,30,2,7,20.73,4 3 9,
6,154,2,9,0,24,0,-1,1,-1,7.12,2 3,
6,155,11,9,0,24,1,28,2,5,16.31,11 10 9,
6,156,21,9,1,24,0,-1,1,-1,13.0,21 15,
6,157,9,17,1,25,1,30,3,6,29.09,9 10 11 17,
6,158,10,9,0,25,1,27,1,3,8.0,10 9,
6,159,13,9,0,25,0,-1,2,-1,21.07,13 14 8,
6,160,14,9,0,25,1,30,2,6,22.61,14 8 9,
6,161,2,9,2,25,0,-1,1,-1,7.39,2 3,
6,162,15,9,1,25,0,-1,0,-1,0.0,15,
6,163,3,9,1,26,0,-1,0,-1,0.0,3,
6,164,14,9,0,26,0,-1,1,-1,8.0,14 15,
6,165,21,9,1,26,0,-1,0,-1,0.0,21,
6,166,16,4,1,26,1,29,2,4,25.55,16 22 4,
6,167,11,9,0,26,1,30,2,5,17.19,11 10 9,
6,168,6,9,0,26,0,-1,3,-1,25.83,6 5 4 3,
6,169,11,24,0,27,1,30,3,4,32.47,11 12 18 24,
6,170,23,16,2,27,1,30,2,4,20.82,23 22 16,
6,171,13,9,0,27,0,-1,2,-1,16.0,13 14 15,
6,172,2,7,1,27,1,29,2,3,21.64,2 1 7,
6,173,4,5,2,27,1,28,1,2,8.61,4 5,
6,174,12,9,0,27,0,-1,2,-1,17.11,12 7 8,
6,175,13,14,2,28,1,29,1,2,8.0,13 14,
6,176,5,9,1,28,0,-1,2,-1,21.88,5 4 10,
6,177,12,9,1,28,0,-1,1,-1,9.43,12 7,
6,178,18,9,1,28,0,-1,2,-1,18.23,18 17 16,
6,179,23,14,1,28,0,-1,2,-1,18.54,23 24 19,
6,180,2,9,0,28,0,-1,1,-1,8.31,2 3,
6,181,19,9,2,29,0,-1,1,-1,8.31,19 20,
6,182,18,6,0,29,0,-1,0,-1,0.0,18,
6,183,22,9,2,29,0,-1,0,-1,0.0,22,
6,184,8,9,0,29,0,-1,0,-1,0.0,8,
6,185,2,9,0,29,0,-1,1,-1,13.62,2 8,
6,186,12,24,2,29,0,-1,0,-1,0.0,12,
6,187,6,9,1,30,0,-1,0,-1,0.0,6,
6,188,17,9,1,30,0,-1,0,-1,0.0,17,
6,189,18,22,0,30,0,-1,0,-1,0.0,18,
6,190,15,9,0,30,0,-1,0,-1,0.0,15,
6,191,5,9,2,30,0,-1,0,-1,0.0,5,
6,192,10,9,0,30,0,-1,0,-1,0.0,10,
7,1,2,9,0,1,1,2,2,2,21.5,2 3 9,
7,2,19,9,0,1,1,4,4,4,40.49,19 20 21 15 9,
7,3,10,9,0,1,1,1,1,1,9.11,10 9,
7,4,3,9,0,1,1,1,1,1,13.0,3 9,
7,5,11,9,1,1,1,2,2,2,18.6,11 10 9,
7,6,7,6,0,1,1,2,2,2,20.87,7 12 6,
7,7,4,13,0,1,1,6,5,6,50.53,4 22 21 20 19 13,
7,8,15,9,0,1,1,1,1,1,12.62,15 9,
7,9,13,9,0,1,1,3,3,3,29.52,13 14 15 9,
7,10,1,9,2,1,1,3,3,3,30.91,1 2 8 9,
7,11,9,17,1,1,1,4,3,4,29.27,9 10 11 17,
7,12,22,17,1,1,1,2,2,2,20.3,22 23 17,
7,13,6,9,0,1,1,5,4,5,41.28,6 1 7 8 9,
7,14,20,9,1,1,1,6,3,6,30.68,20 21 3 9,
7,15,14,9,0,1,1,5,2,5,20.3,14 15 9,
7,16,4,9,0,1,1,3,2,3,21.51,4 3 9,
7,17,2,9,1,1,1,4,2,4,21.09,2 3 9,
7,18,17,9,1,1,1,6,3,6,29.51,17 16 15 9,
7,19,6,9,2,2,1,7,4,6,39.28,6 5 4 10 9,
7,20,18,9,1,2,1,7,4,6,38.6,18 13 14 15 9,
7,21,10,9,2,2,1,4,1,3,9.49,10 9,
7,22,17,9,0,2,1,8,3,7,29.54,17 11 10 9,
7,23,11,9,0,2,1,5,2,4,18.98,11 10 9,
7,24,16,13,2,2,1,6,3,5,27.67,16 17 18 13,
7,25,8,9,0,3,1,4,1,2,9.43,8 9,
7,26,4,9,2,3,1,6,2,4,20.81,4 10 9,
7,27,3,9,2,3,1,5,1,3,11.38,3 9,
7,28,22,6,0,3,1,6,3,4,28.83,22 23 24 6,
7,29,13,9,2,3,1,7,3,5,30.71,13 7 8 9,
7,30,21,9,2,3,1,8,2,6,20.55,21 15 9,
7,31,5,9,2,4,1,10,3,7,28.7,5 4 10 9,
7,32,2,9,1,4,1,7,2,4,20.15,2 3 9,
7,33,20,9,1,4,1,8,3,5,29.92,20 21 3 9,
7,34,14,9,2,4,1,8,2,5,20.3,14 8 9,
7,35,9,17,1,4,1,10,3,7,28.27,9 10 11 17,
7,36,22,23,0,4,1,5,1,2,9.43,22 23,
7,37,19,9,1,5,1,11,4,7,39.25,19 13 14 15 9,
7,38,5,9,0,5,1,11,3,7,27.81,5 11 10 9,
7,39,22,9,0,5,1,9,3,5,29.6,22 21 3 9,
7,40,20,5,0,5,1,10,4,6,36.78,20 19 24 23 5,
7,41,17,9,0,5,1,9,3,5,28.64,17 16 15 9,
7,42,11,4,2,5,1,7,2,3,19.5,11 5 4,
7,43,5,8,0,6,1,11,4,6,35.22,5 6 12 7 8,
7,44,9,2,0,6,1,9,2,4,19.81,9 8 2,
7,45,22,9,1,6,1,10,3,5,29.16,22 4 3 9,
7,46,12,7,0,6,1,7,1,2,8.61,12 7,
7,47,21,9,2,6,1,12,2,7,20.17,21 15 9,
7,48,6,1,1,6,1,7,1,2,8.61,6 1,
7,49,8,2,1,7,1,10,1,4,10.17,8 2,
7,50,18,9,0,7,1,13,4,7,35.16,18 12 7 8 9,
7,51,9,18,0,7,1,12,4,6,35.05,9 15 14 13 18,
7,52,24,15,2,7,1,11,4,5,36.67,24 19 20 21 15,
7,53,17,15,1,7,1,9,2,3,17.76,17 16 15,
7,54,7,9,2,7,1,11,2,5,18.04,7 8 9,
7,55,10,9,0,8,1,12,1,5,8.0,10 9,
7,56,1,9,2,8,1,14,3,7,27.16,1 2 8 9,
7,57,18,22,0,8,1,11,3,4,26.69,18 17 23 22,
7,58,7,4,1,8,1,13,4,6,33.16,7 12 6 5 4,
7,59,14,9,2,8,1,15,2,8,17.43,14 8 9,
7,60,8,9,0,8,1,12,1,5,8.31,8 9,
7,61,13,9,1,9,1,15,3,7,28.43,13 14 15 9,
7,62,6,9,2,9,1,14,4,6,33.56,6 5 4 10 9,
7,63,19,9,1,9,1,16,4,8,38.31,19 13 14 15 9,
7,64,24,9,0,9,1,17,5,9,43.64,24 18 12 7 8 9,
7,65,16,9,0,9,1,13,2,5,18.99,16 15 9,
7,66,2,9,0,9,1,12,2,4,18.65,2 3 9,
7,67,18,17,2,10,1,12,1,3,7.39,18 17,
7,68,2,9,0,10,1,13,2,4,18.48,2 3 9,
7,69,11,9,2,10,1,13,2,4,15.69,11 10 9,
7,70,7,9,2,10,1,16,2,7,15.73,7 8 9,
7,71,23,3,2,10,1,21,9,12,70.81,23 22 21 20 19 24 6 5 4 3,
7,72,16,9,2,10,1,14,2,5,18.97,16 15 9,
7,73,17,9,0,11,1,17,3,7,27.17,17 16 15 9,
7,74,9,11,2,11,1,15,2,5,14.89,9 10 11,
7,75,6,8,0,11,1,16,3,6,24.96,6 12 7 8,
7,76,23,2,1,11,0,-1,5,-1,41.25,23 24 19 20 21 3,deadline_exceeded
7,77,11,6,0,11,1,13,2,3,18.39,11 12 6,
7,78,19,9,1,11,1,18,4,8,38.25,19 13 14 15 9,
7,79,24,2,2,12,1,23,7,12,55.25,24 19 20 21 22 4 3 2,
7,80,16,21,1,12,1,15,2,4,18.5,16 22 21,
7,81,20,9,1,12,1,19,3,8,32.0,20 21 15 9,
7,82,17,20,1,12,1,17,4,6,33.3,17 18 13 14 20,
7,83,2,9,0,12,1,14,2,3,18.38,2 3 9,
7,84,12,4,0,12,1,16,3,5,25.15,12 11 10 4,
7,85,14,9,0,13,1,20,2,8,20.39,14 15 9,
7,86,3,13,1,13,1,21,4,9,38.4,3 2 1 7 13,
7,87,11,23,2,13,1,15,2,3,23.59,11 17 23,
7,88,23,18,0,13,1,16,2,4,18.36,23 17 18,
7,89,19,9,0,13,1,23,4,11,41.02,19 20 21 15 9,
7,90,16,9,0,13,1,21,2,9,20.46,16 15 9,
7,91,1,9,0,14,1,20,3,7,23.8,1 7 8 9,
7,92,9,16,0,14,1,17,2,4,19.33,9 10 16,
7,93,14,9,2,14,1,19,2,6,17.57,14 8 9,
7,94,5,9,2,14,1,18,3,5,24.84,5 4 10 9,
7,95,12,9,0,14,1,22,3,9,19.78,12 7 8 9,
7,96,6,9,0,14,1,24,4,11,30.41,6 1 7 8 9,
7,97,4,9,0,15,1,18,2,4,18.49,4 3 9,
7,98,6,9,0,15,1,24,4,10,33.54,6 1 2 3 9,
7,99,8,18,2,15,1,23,3,9,28.23,8 7 12 18,
7,100,21,9,1,15,1,22,2,8,25.41,21 15 9,
7,101,1,7,0,15,1,17,1,3,10.66,1 7,
7,102,7,9,1,15,1,21,2,7,13.39,7 8 9,
7,103,12,6,1,16,1,17,1,2,12.62,12 6,
7,104,11,9,0,16,1,19,2,4,13.08,11 10 9,
7,105,6,9,0,16,1,26,4,11,33.66,6 1 2 3 9,
7,106,5,12,2,16,1,18,2,3,19.51,5 6 12,
7,107,18,9,0,16,1,25,4,10,33.52,18 17 16 15 9,
7,108,20,4,1,16,1,21,3,6,27.04,20 21 22 4,
7,109,12,9,2,17,1,20,3,4,19.52,12 11 10 9,
7,110,3,21,1,17,1,19,1,3,13.34,3 21,
7,111,4,9,0,17,1,20,2,4,19.19,4 3 9,
7,112,14,3,0,17,1,25,3,9,34.53,14 15 21 3,
7,113,9,21,0,17,1,21,2,5,25.62,9 3 21,
7,114,17,9,1,17,1,26,3,10,26.97,17 16 15 9,
7,115,17,9,2,18,1,27,3,10,26.97,17 16 15 9,
7,116,12,9,0,18,1,26,3,9,20.66,12 7 8 9,
7,117,3,9,1,18,1,22,1,5,13.34,3 9,
7,118,11,9,1,18,1,21,2,4,13.15,11 10 9,
7,119,24,3,1,18,1,26,6,9,48.18,24 19 20 21 22 4 3,
7,120,22,9,2,18,1,28,3,11,33.74,22 21 15 9,
7,121,2,9,0,19,1,25,2,7,20.46,2 3 9,
7,122,14,5,2,19,1,24,5,6,48.38,14 13 18 17 23 5,
7,123,18,9,1,19,0,-1,3,-1,20.09,18 13 14 15,deadline_exceeded
7,124,17,9,1,19,1,23,3,5,27.41,17 16 10 9,
7,125,8,19,2,19,1,26,3,8,34.15,8 7 1 19,
7,126,23,21,1,19,1,22,2,4,13.27,23 22 21,
7,127,13,9,2,20,1,27,3,8,28.09,13 14 8 9,
7,128,21,9,2,20,1,29,2,10,27.17,21 15 9,
7,129,7,17,1,20,1,26,3,7,29.62,7 12 11 17,
7,130,2,15,1,20,1,26,3,7,34.67,2 20 21 15,
7,131,12,9,0,20,1,24,3,5,20.89,12 11 10 9,
7,132,9,15,2,20,1,21,1,2,13.34,9 15,
7,133,10,9,1,21,1,22,1,2,6.7,10 9,
7,134,14,10,1,21,0,-1,2,-1,15.46,14 15 16,
7,135,13,9,1,21,0,-1,2,-1,14.09,13 14 15,
7,136,18,9,0,21,0,-1,3,-1,22.17,18 17 16 15,
7,137,19,22,0,21,1,25,3,5,22.47,19 24 23 22,
7,138,12,9,0,21,1,26,3,6,21.92,12 11 10 9,
7,139,5,16,1,22,1,27,3,6,34.28,5 4 22 16,
7,140,13,9,2,22,0,-1,2,-1,20.84,13 14 8,
7,141,3,9,1,22,1,27,1,6,13.96,3 9,
7,142,23,9,1,22,0,-1,3,-1,27.85,23 22 21 3,
7,143,10,9,0,22,1,25,1,4,7.39,10 9,
7,144,8,9,0,22,1,25,1,4,7.12,8 9,
7,145,13,8,1,23,1,28,2,6,20.95,13 14 8,
7,146,7,15,1,23,1,30,3,8,28.43,7 8 9 15,
7,147,4,9,2,23,1,27,2,5,22.0,4 10 9,
7,148,18,5,0,23,1,26,3,4,34.62,18 24 23 5,
7,149,14,9,1,23,0,-1,1,-1,7.12,14 15,
7,150,22,3,0,23,1,27,2,5,21.34,22 4 3,
7,151,9,10,0,24,1,25,1,2,7.39,9 10,
7,152,20,9,0,24,0,-1,2,-1,20.12,20 21 3,
7,153,5,9,0,24,1,28,3,5,30.58,5 11 10 9,
7,154,2,9,1,24,1,28,2,5,20.95,2 3 9,
7,155,1,9,0,24,1,29,3,6,27.89,1 2 3 9,
7,156,13,24,2,24,1,28,2,5,21.09,13 18 24,
7,157,1,9,2,25,0,-1,2,-1,21.35,1 2 8,
7,158,21,9,1,25,0,-1,1,-1,12.62,21 3,
7,159,19,8,2,25,1,29,3,5,34.56,19 20 14 8,
7,160,12,17,2,25,1,28,2,4,21.31,12 11 17,
7,161,8,9,1,25,1,28,1,4,8.0,8 9,
7,162,5,9,1,25,0,-1,2,-1,16.31,5 4 3,
7,163,3,9,0,26,1,30,1,5,13.34,3 9,
7,164,11,9,2,26,1,30,2,5,17.76,11 10 9,
7,165,2,9,0,26,0,-1,1,-1,7.69,2 3,
7,166,24,7,0,26,1,29,3,4,36.46,24 19 1 7,
7,167,8,9,2,26,1,30,1,5,8.61,8 9,
7,168,4,7,0,26,0,-1,2,-1,18.18,4 5 6,
7,169,10,3,0,27,0,-1,1,-1,8.61,10 9,
7,170,19,9,0,27,0,-1,2,-1,16.61,19 20 21,
7,171,23,21,2,27,1,29,2,3,17.22,23 22 21,
7,172,7,22,2,27,0,-1,3,-1,30.62,7 12 18 17,
7,173,6,9,0,27,0,-1,2,-1,17.43,6 1 2,
7,174,17,9,2,27,0,-1,2,-1,17.22,17 16 15,
7,175,17,9,1,28,0,-1,2,-1,21.5,17 16 10,
7,176,2,19,0,28,0,-1,1,-1,8.0,2 1,
7,177,23,13,2,28,0,-1,2,-1,20.5,23 24 18,
7,178,11,9,0,28,0,-1,1,-1,9.11,11 10,
7,179,8,9,0,28,0,-1,0,-1,0.0,8,
7,180,19,9,1,28,0,-1,1,-1,13.34,19 13,
7,181,14,9,1,29,0,-1,1,-1,8.61,14 15,
7,182,10,6,1,29,0,-1,0,-1,0.0,10,
7,183,5,9,0,29,0,-1,0,-1,0.0,5,
7,184,7,9,2,29,0,-1,1,-1,8.31,7 8,
7,185,21,9,0,29,0,-1,1,-1,12.62,21 15,
7,186,17,9,0,29,0,-1,1,-1,12.21,17 11,
7,187,3,23,0,30,0,-1,0,-1,0.0,3,
7,188,7,17,1,30,0,-1,0,-1,0.0,7,
7,189,24,9,2,30,0,-1,0,-1,0.0,24,
7,190,11,9,0,30,0,-1,0,-1,0.0,11,
7,191,18,3,0,30,0,-1,0,-1,0.0,18,
7,192,9,2,0,30,0,-1,0,-1,0.0,9,
8,1,14,9,0,1,1,2,2,2,21.09,14 15 9,
8,2,20,9,2,1,1,4,3,4,32.05,20 21 15 9,
8,3,13,9,0,1,1,5,3,5,28.72,13 14 15 9,
8,4,17,9,0,1,1,6,3,6,29.26,17 16 15 9,
8,5,19,9,1,1,1,6,4,6,39.72,19 20 21 3 9,
8,6,4,24,0,1,1,3,3,3,30.3,4 22 23 24,
8,7,6,9,0,1,1,4,4,4,40.42,6 1 2 8 9,
8,8,21,6,0,1,1,5,4,5,37.3,21 20 19 24 6,
8,9,12,9,1,1,1,3,3,3,27.67,12 7 8 9,
8,10,5,9,1,1,1,3,3,3,30.81,5 4 3 9,
8,11,9,21,1,1,1,3,2,3,24.0,9 15 21,
8,12,1,9,0,1,1,4,3,4,29.52,1 2 3 9,
8,13,3,16,1,1,1,4,3,4,32.09,3 4 10 16,
8,14,11,9,0,1,1,3,2,3,18.85,11 10 9,
8,15,23,9,1,1,1,7,4,7,40.24,23 22 21 15 9,
8,16,13,9,0,1,1,6,3,6,30.16,13 14 8 9,
8,17,14,9,0,1,1,5,2,5,21.7,14 8 9,
8,18,5,20,0,1,1,7,4,7,39.07,5 23 22 21 20,
8,19,9,5,0,2,1,6,3,5,29.24,9 10 11 5,
8,20,19,9,2,2,1,10,4,9,38.92,19 20 21 15 9,
8,21,3,12,0,2,1,8,4,7,37.59,3 2 1 6 12,
8,22,11,9,1,2,1,6,2,5,18.92,11 10 9,
8,23,1,9,1,2,1,7,3,6,31.73,1 7 8 9,
8,24,17,9,2,2,1,8,3,7,29.16,17 16 15 9,
8,25,21,9,1,3,1,8,2,6,20.76,21 3 9,
8,26,7,9,0,3,1,8,2,6,18.73,7 8 9,
8,27,13,22,2,3,1,7,4,5,37.76,13 18 17 23 22,
8,28,16,9,2,3,1,9,2,7,19.54,16 15 9,
8,29,14,1,1,3,1,7,3,5,30.81,14 13 19 1,
8,30,5,20,0,3,1,9,4,7,37.38,5 23 24 19 20,
8,31,3,9,2,4,1,7,1,4,10.66,3 9,
8,32,24,9,2,4,1,14,5,11,48.13,24 19 20 21 15 9,
8,33,7,9,0,4,1,10,2,7,18.37,7 8 9,
8,34,9,15,0,4,1,5,1,2,11.0,9 15,
8,35,2,9,1,4,1,9,2,6,19.66,2 3 9,
8,36,22,9,1,4,1,8,3,5,29.46,22 16 10 9,
8,37,18,23,0,5,1,9,2,5,18.31,18 24 23,
8,38,8,9,0,5,1,9,1,5,9.11,8 9,
8,39,17,13,0,5,1,8,2,4,17.19,17 18 13,
8,40,24,9,2,5,1,16,5,12,47.8,24 19 20 21 15 9,
8,41,3,9,2,5,1,10,1,6,10.04,3 9,
8,42,10,9,1,5,1,7,1,3,9.3,10 9,
8,43,11,9,0,6,1,9,2,4,18.0,11 10 9,
8,44,14,9,0,6,1,12,2,7,18.97,14 8 9,
8,45,15,9,0,6,1,11,1,6,10.04,15 9,
8,46,8,9,0,6,1,11,1,6,8.61,8 9,
8,47,9,18,0,6,1,12,4,7,36.3,9 10 11 12 18,
8,48,13,16,0,6,1,10,3,5,25.23,13 18 17 16,
8,49,11,18,2,7,1,9,2,3,18.31,11 17 18,
8,50,4,9,0,7,1,11,2,5,18.48,4 10 9,
8,51,8,4,1,7,1,16,3,10,26.77,8 9 10 4,
8,52,1,9,2,7,1,14,3,8,27.99,1 7 8 9,
8,53,15,9,1,7,1,12,1,6,10.17,15 9,
8,54,2,6,0,7,1,9,2,3,17.43,2 1 6,
8,55,16,9,2,8,1,13,2,6,19.26,16 15 9,
8,56,18,9,1,8,1,17,4,10,36.67,18 13 14 15 9,
8,57,19,9,1,8,0,-1,3,-1,28.19,19 20 21 15,deadline_exceeded
8,58,24,9,0,8,1,21,5,14,46.47,24 18 17 16 15 9,
8,59,14,12,0,8,1,11,3,4,26.86,14 13 7 12,
8,60,2,10,0,8,1,12,3,5,27.11,2 3 9 10,
8,61,4,9,0,9,1,12,2,4,18.0,4 10 9,
8,62,17,7,1,9,1,13,3,5,24.85,17 18 13 7,
8,63,23,9,0,9,1,18,4,10,39.49,23 22 21 15 9,
8,64,12,13,0,9,1,12,2,4,17.69,12 7 13,
8,65,19,9,2,9,1,22,4,14,41.3,19 20 21 15 9,
8,66,2,9,0,9,1,15,2,7,17.56,2 8 9,
8,67,6,9,0,10,1,14,4,5,34.38,6 1 2 3 9,
8,68,10,9,0,10,1,13,1,4,7.69,10 9,
8,69,7,9,0,10,1,16,2,7,15.43,7 8 9,
8,70,17,9,2,10,1,19,3,10,27.99,17 16 15 9,
8,71,12,9,1,10,1,14,3,5,22.77,12 11 10 9,
8,72,3,9,1,10,1,12,1,3,10.04,3 9,
8,73,14,9,1,11,1,20,2,10,21.0,14 15 9,
8,74,9,21,1,11,1,19,6,9,50.35,9 3 4 5 23 22 21,
8,75,20,9,0,11,1,17,3,7,27.65,20 14 8 9,
8,76,24,9,1,11,1,19,5,9,42.53,24 19 13 14 8 9,
8,77,15,6,2,11,1,20,5,10,47.95,15 16 17 18 24 6,
8,78,4,3,0,11,1,12,1,2,8.0,4 3,
8,79,7,9,1,12,1,18,2,7,14.7,7 8 9,
8,80,1,9,0,12,1,17,3,6,27.38,1 2 3 9,
8,81,24,9,2,12,1,25,5,14,48.62,24 19 20 21 15 9,
8,82,17,18,2,12,1,14,1,3,6.89,17 18,
8,83,6,9,0,12,1,18,4,7,34.07,6 1 2 3 9,
8,84,20,10,0,12,1,18,4,7,39.51,20 21 22 16 10,
8,85,10,9,0,13,1,15,1,3,7.12,10 9,
8,86,3,9,0,13,1,16,1,4,11.0,3 9,
8,87,9,23,1,13,1,20,4,8,40.79,9 10 11 17 23,
8,88,16,9,0,13,1,19,2,7,17.89,16 10 9,
8,89,23,9,1,13,1,23,4,11,40.27,23 22 21 15 9,
8,90,6,18,1,13,1,15,2,3,23.59,6 12 18,
8,91,7,3,0,14,1,17,3,4,24.45,7 1 2 3,
8,92,17,9,2,14,1,24,3,11,27.54,17 16 15 9,
8,93,1,4,1,14,1,18,3,5,19.66,1 6 5 4,
8,94,14,9,0,14,1,21,2,8,17.51,14 8 9,
8,95,10,9,0,14,1,17,1,4,6.7,10 9,
8,96,5,1,0,14,1,17,2,4,13.21,5 6 1,
8,97,7,9,0,15,1,22,2,8,13.96,7 8 9,
8,98,8,7,0,15,1,20,1,6,6.57,8 7,
8,99,19,9,2,15,1,21,4,7,40.61,19 20 21 3 9,
8,100,5,17,1,15,1,17,2,3,24.41,5 11 17,
8,101,11,9,1,15,1,21,2,7,13.27,11 10 9,
8,102,10,9,0,15,1,20,1,6,6.51,10 9,
8,103,24,12,0,16,1,19,2,4,26.96,24 18 12,
8,104,3,19,0,16,1,22,3,7,26.76,3 2 1 19,
8,105,10,9,0,16,1,22,1,7,6.7,10 9,
8,106,6,9,0,16,1,25,4,10,33.74,6 1 2 3 9,
8,107,19,22,1,16,1,19,3,4,19.52,19 24 23 22,
8,108,5,9,0,16,1,23,3,8,26.63,5 4 3 9,
8,109,14,9,2,17,1,26,2,10,20.66,14 15 9,
8,110,13,9,0,17,1,23,3,7,25.8,13 14 8 9,
8,111,24,9,0,17,1,30,7,14,60.9,24 19 20 21 22 4 3 9,
8,112,5,9,1,17,1,26,3,10,27.15,5 4 3 9,
8,113,12,9,0,17,1,24,3,8,20.2,12 11 10 9,
8,114,21,9,0,17,1,24,2,8,27.45,21 3 9,
8,115,13,9,0,18,1,27,3,10,27.04,13 14 15 9,
8,116,20,9,0,18,1,24,3,7,32.5,20 14 8 9,
8,117,2,19,1,18,1,23,4,6,35.23,2 1 6 24 19,
8,118,21,9,2,18,1,27,2,10,27.78,21 3 9,
8,119,3,9,2,18,1,20,1,3,12.62,3 9,
8,120,4,9,0,18,1,23,2,6,19.5,4 10 9,
8,121,13,9,0,19,1,29,3,11,26.49,13 14 15 9,
8,122,24,9,2,19,0,-1,4,-1,34.28,24 19 20 21 3,
8,123,17,9,0,19,1,30,3,12,26.4,17 16 15 9,
8,124,1,13,1,19,1,22,2,4,25.21,1 7 13,
8,125,3,9,0,19,1,22,1,4,13.34,3 9,
8,126,11,9,0,19,1,26,2,8,14.39,11 10 9,
8,127,16,9,0,20,1,27,2,8,21.62,16 10 9,
8,128,10,8,2,20,1,26,2,7,14.78,10 9 8,
8,129,13,9,0,20,1,25,3,6,27.24,13 14 8 9,
8,130,24,9,2,20,0,-1,4,-1,34.68,24 19 20 21 15,
8,131,15,8,0,20,1,29,2,10,21.62,15 14 8,
8,132,18,9,0,20,0,-1,3,-1,20.89,18 17 16 15,
8,133,4,9,1,21,1,28,2,8,20.53,4 3 9,
8,134,12,14,1,21,1,26,3,6,27.96,12 7 8 14,
8,135,2,20,1,21,1,22,1,2,13.83,2 20,
8,136,18,22,0,21,1,24,3,4,28.46,18 17 23 22,
8,137,9,21,0,21,1,29,2,9,25.96,9 3 21,
8,138,16,12,0,21,1,25,3,5,28.42,16 17 18 12,
8,139,9,18,0,22,0,-1,3,-1,24.61,9 10 11 12,
8,140,11,9,0,22,1,29,2,8,15.73,11 10 9,
8,141,16,4,0,22,1,27,2,6,26.83,16 22 4,
8,142,14,8,0,22,1,24,1,3,13.83,14 8,
8,143,22,13,0,22,1,27,4,6,37.96,22 23 24 19 13,
8,144,12,9,1,22,1,30,3,9,23.66,12 11 10 9,
8,145,18,9,0,23,0,-1,3,-1,23.06,18 17 16 15,
8,146,22,3,0,23,1,30,4,8,37.0,22 21 20 2 3,
8,147,15,7,0,23,0,-1,0,-1,0.0,15,
8,148,21,9,0,23,0,-1,3,-1,28.62,21 22 4 3,
8,149,4,9,2,23,0,-1,1,-1,7.39,4 3,
8,150,8,9,0,23,1,27,1,5,7.69,8 9,
8,151,18,9,2,24,0,-1,3,-1,24.0,18 13 14 15,
8,152,13,12,0,24,1,26,2,3,22.44,13 7 12,
8,153,9,4,0,24,0,-1,1,-1,7.39,9 10,
8,154,17,12,0,24,1,27,2,4,21.31,17 18 12,
8,155,21,9,1,24,0,-1,1,-1,13.34,21 3,
8,156,22,9,1,24,0,-1,2,-1,20.31,22 21 3,
8,157,4,13,2,25,1,30,5,6,52.14,4 5 23 24 19 13,
8,158,5,1,2,25,1,27,2,3,17.19,5 6 1,
8,159,10,9,2,25,0,-1,0,-1,0.0,10,
8,160,3,9,0,25,0,-1,0,-1,0.0,3,
8,161,6,9,0,25,1,29,4,5,38.27,6 1 2 8 9,
8,162,19,9,1,25,0,-1,2,-1,14.81,19 20 21,
8,163,5,9,0,26,0,-1,2,-1,21.61,5 4 10,
8,164,21,9,1,26,0,-1,1,-1,12.62,21 15,
8,165,19,9,1,26,0,-1,2,-1,16.3,19 20 21,
8,166,16,9,1,26,0,-1,1,-1,13.62,16 10,
8,167,11,9,0,26,0,-1,1,-1,8.31,11 10,
8,168,15,9,2,26,0,-1,0,-1,0.0,15,
8,169,11,14,0,27,0,-1,3,-1,26.49,11 12 7 8,
8,170,2,18,0,27,0,-1,2,-1,17.43,2 1 6,
8,171,13,9,1,27,0,-1,2,-1,21.03,13 14 8,
8,172,6,15,0,27,0,-1,3,-1,32.46,6 5 23 17,
8,173,19,13,2,27,1,29,1,3,13.62,19 13,
8,174,17,9,0,27,0,-1,2,-1,17.22,17 16 15,
8,175,12,9,1,28,0,-1,1,-1,9.3,12 11,
8,176,1,14,0,28,0,-1,1,-1,8.0,1 2,
8,177,13,9,2,28,0,-1,1,-1,8.0,13 14,
8,178,3,9,1,28,0,-1,0,-1,0.0,3,
8,179,24,9,2,28,0,-1,1,-1,11.38,24 18,
8,180,17,9,0,28,0,-1,2,-1,21.5,17 16 10,
8,181,5,9,0,29,0,-1,1,-1,9.11,5 4,
8,182,7,12,0,29,0,-1,0,-1,0.0,7,
8,183,18,9,2,29,0,-1,1,-1,9.43,18 13,
8,184,21,9,2,29,0,-1,0,-1,0.0,21,
8,185,24,9,0,29,0,-1,0,-1,0.0,24,
8,186,13,17,1,29,0,-1,1,-1,9.43,13 18,
8,187,14,9,0,30,0,-1,0,-1,0.0,14,
8,188,16,9,1,30,0,-1,0,-1,0.0,16,
8,189,20,9,0,30,0,-1,0,-1,0.0,20,
8,190,15,9,0,30,0,-1,0,-1,0.0,15,
8,191,13,9,0,30,0,-1,0,-1,0.0,13,
8,192,7,12,2,30,0,-1,0,-1,0.0,7,
9,1,13,9,2,1,1,3,3,3,30.53,13 14 8 9,
9,2,4,7,1,1,1,4,4,4,40.84,4 5 6 1 7,
9,3,14,9,1,1,1,2,2,2,21.09,14 15 9,
9,4,3,9,2,1,1,1,1,1,13.0,3 9,
9,5,8,9,1,1,1,1,1,1,8.88,8 9,
9,6,20,9,2,1,1,3,3,3,32.47,20 21 3 9,
9,7,6,9,0,1,1,4,4,4,39.46,6 1 2 3 9,
9,8,24,9,1,1,1,6,5,6,49.94,24 23 22 21 15 9,
9,9,11,9,1,1,1,2,2,2,18.6,11 10 9,
9,10,16,9,1,1,1,3,2,3,20.91,16 15 9,
9,11,21,9,0,1,1,4,2,4,23.59,21 15 9,
9,12,10,9,2,1,1,1,1,1,9.11,10 9,
9,13,11,3,0,1,1,4,3,4,30.71,11 10 4 3,
9,14,16,10,1,1,1,2,1,2,11.79,16 10,
9,15,9,16,1,1,1,4,2,4,20.3,9 10 16,
9,16,7,22,2,1,1,7,5,7,48.23,7 8 9 10 16 22,
9,17,18,9,2,1,1,7,4,7,38.86,18 17 16 15 9,
9,18,6,9,1,1,1,7,4,7,39.28,6 5 4 10 9,
9,19,13,9,1,2,1,5,3,4,30.4,13 14 8 9,
9,20,17,9,1,2,1,8,3,7,29.2,17 11 10 9,
9,21,9,21,0,2,1,5,2,4,22.45,9 15 21,
9,22,12,9,1,2,1,6,3,5,28.22,12 7 8 9,
9,23,21,9,1,2,1,5,2,4,22.38,21 3 9,
9,24,22,19,0,2,1,6,3,5,27.67,22 23 24 19,
9,25,2,9,0,3,1,6,2,4,20.43,2 3 9,
9,26,20,9,0,3,1,9,3,7,30.92,20 14 15 9,
9,27,10,18,1,3,1,8,3,6,28.08,10 11 17 18,
9,28,9,15,1,3,1,4,1,2,11.38,9 15,
9,29,13,7,0,3,1,4,1,2,12.21,13 7,
9,30,5,9,1,3,1,11,3,9,28.61,5 11 10 9,
9,31,18,9,1,4,1,11,4,8,37.76,18 17 16 15 9,
9,32,16,9,0,4,1,9,2,6,19.54,16 10 9,
9,33,19,9,1,4,1,10,4,7,39.51,19 20 14 15 9,
9,34,15,9,0,4,1,8,1,5,10.17,15 9,
9,35,20,9,2,4,1,7,3,4,30.33,20 21 3 9,
9,36,6,3,0,4,1,7,3,4,28.03,6 1 2 3,
9,37,10,9,1,5,1,10,1,6,8.61,10 9,
9,38,6,9,0,5,1,9,4,5,37.85,6 1 2 3 9,
9,39,9,19,1,5,1,10,4,6,39.03,9 8 14 20 19,
9,40,19,9,0,5,1,10,4,6,40.31,19 13 7 8 9,
9,41,13,23,2,5,1,8,3,4,27.54,13 18 24 23,
9,42,8,9,0,5,1,7,1,3,9.43,8 9,
9,43,12,6,1,6,1,7,1,2,10.04,12 6,
9,44,21,9,0,6,1,8,2,3,20.43,21 3 9,
9,45,14,9,0,6,1,11,2,6,18.99,14 8 9,
9,46,24,9,0,6,1,13,5,8,46.65,24 18 13 14 15 9,
9,47,9,7,1,6,1,9,2,4,18.73,9 8 7,
9,48,11,21,0,6,1,11,4,6,37.05,11 5 23 22 21,
9,49,11,15,0,7,1,12,3,6,26.36,11 17 16 15,
9,50,24,9,0,7,1,15,5,9,43.77,24 18 13 7 8 9,
9,51,7,15,2,7,1,13,3,7,27.26,7 13 14 15,
9,52,13,9,0,7,1,12,3,6,27.78,13 14 8 9,
9,53,5,9,1,7,1,12,3,6,26.93,5 4 10 9,
9,54,23,20,0,7,1,10,3,4,26.65,23 22 21 20,
9,55,6,2,1,8,1,10,2,3,17.11,6 1 2,
9,56,1,9,0,8,1,11,3,4,28.18,1 2 3 9,
9,57,13,9,1,8,1,14,3,7,26.74,13 7 8 9,
9,58,24,10,1,8,1,14,4,7,37.66,24 23 22 16 10,
9,59,17,9,0,8,1,12,3,5,27.39,17 16 15 9,
9,60,3,9,1,8,1,10,1,3,10.04,3 9,
9,61,24,9,0,9,1,17,5,9,43.05,24 18 13 7 8 9,
9,62,1,9,0,9,1,15,3,7,27.86,1 2 3 9,
9,63,21,9,0,9,1,13,2,5,20.55,21 3 9,
9,64,16,13,0,9,1,14,3,6,22.09,16 17 18 13,
9,65,11,9,1,9,1,13,2,5,16.0,11 10 9,
9,66,4,9,0,9,1,12,2,4,18.65,4 3 9,
9,67,14,9,2,10,1,14,2,5,18.97,14 15 9,
9,68,20,9,2,10,1,15,3,6,29.99,20 21 15 9,
9,69,17,9,0,10,1,15,3,6,25.19,17 11 10 9,
9,70,8,9,0,10,1,13,1,4,8.0,8 9,
9,71,16,9,2,10,1,16,2,7,19.07,16 15 9,
9,72,9,6,2,10,1,16,4,7,34.34,9 10 11 12 6,
9,73,3,7,0,11,1,16,3,6,25.76,3 2 1 7,
9,74,2,9,0,11,1,16,2,6,19.0,2 3 9,
9,75,5,16,2,11,1,16,3,6,29.86,5 4 10 16,
9,76,11,9,0,11,1,17,2,7,14.09,11 10 9,
9,77,18,9,0,11,1,18,4,8,31.45,18 13 7 8 9,
9,78,20,9,0,11,1,18,3,8,30.07,20 14 15 9,
9,79,9,23,2,12,1,19,4,8,37.21,9 15 16 17 23,
9,80,14,7,2,12,1,16,2,5,18.35,14 13 7,
9,81,19,13,0,12,1,13,1,2,10.17,19 13,
9,82,5,17,0,12,1,14,2,3,22.04,5 11 17,
9,83,12,24,2,12,1,23,8,12,67.06,12 6 1 2 3 4 5 23 24,
9,84,18,9,1,12,1,21,4,10,33.44,18 17 16 15 9,
9,85,4,9,2,13,1,17,2,5,18.77,4 3 9,
9,86,10,22,1,13,1,19,2,7,25.83,10 4 22,
9,87,23,9,1,13,1,20,4,8,39.03,23 22 21 15 9,
9,88,22,9,0,13,1,19,3,7,31.39,22 21 15 9,
9,89,8,9,2,13,1,16,1,4,7.12,8 9,
9,90,5,9,0,13,1,21,3,9,24.27,5 11 10 9,
9,91,24,8,0,14,1,18,4,5,37.55,24 19 20 14 8,
9,92,20,18,0,14,1,18,3,5,27.81,20 19 24 18,
9,93,12,4,0,14,1,18,3,5,25.42,12 11 5 4,
9,94,7,9,2,14,1,20,2,7,13.9,7 8 9,
9,95,9,23,0,14,1,22,4,9,41.52,9 10 11 17 23,
9,96,10,9,0,14,1,19,1,6,6.51,10 9,
9,97,3,23,1,15,1,21,3,7,27.15,3 4 5 23,
9,98,19,9,1,15,1,24,4,10,40.75,19 20 21 15 9,
9,99,4,9,0,15,1,20,2,6,19.5,4 3 9,
9,100,8,3,0,15,1,20,2,6,19.19,8 9 3,
9,101,21,18,1,15,1,20,4,6,33.74,21 22 23 24 18,
9,102,24,9,0,15,1,24,5,10,47.31,24 23 22 21 3 9,
9,103,13,20,0,16,1,19,2,4,19.74,13 14 20,
9,104,1,9,2,16,1,21,3,6,24.06,1 7 8 9,
9,105,14,11,2,16,1,20,4,5,33.88,14 13 18 17 11,
9,106,4,12,1,16,1,20,3,5,26.76,4 5 6 12,
9,107,12,9,0,16,1,22,3,7,19.78,12 7 8 9,
9,108,10,19,1,16,0,-1,3,-1,20.79,10 9 8 7,deadline_exceeded
9,109,6,9,0,17,1,22,4,6,33.12,6 1 2 3 9,
9,110,17,9,1,17,1,25,3,9,27.02,17 16 15 9,
9,111,16,22,0,17,1,19,1,3,13.34,16 22,
9,112,1,15,1,17,1,24,4,8,41.29,1 2 3 21 15,
9,113,5,9,0,17,1,26,3,10,27.27,5 4 3 9,
9,114,15,9,0,17,1,22,1,6,13.62,15 9,
9,115,15,9,0,18,1,23,1,6,13.83,15 9,
9,116,1,4,0,18,1,23,3,6,20.89,1 6 5 4,
9,117,20,9,0,18,1,28,3,11,34.34,20 21 3 9,
9,118,6,9,0,18,1,29,4,12,33.53,6 1 2 3 9,
9,119,7,2,0,18,1,23,2,6,19.91,7 8 2,
9,120,10,9,1,18,1,23,1,6,6.89,10 9,
9,121,9,5,0,19,1,27,3,9,28.19,9 10 11 5,
9,122,11,9,0,19,1,25,2,7,13.96,11 10 9,
9,123,14,9,2,19,1,26,2,8,20.46,14 15 9,
9,124,10,9,2,19,1,24,1,6,7.12,10 9,
9,125,21,9,1,19,1,27,2,9,27.65,21 15 9,
9,126,2,9,0,19,1,25,2,7,20.46,2 3 9,
9,127,19,2,0,20,1,22,2,3,20.34,19 20 2,
9,128,20,23,2,20,1,23,3,4,21.29,20 19 24 23,
9,129,3,13,1,20,1,27,4,8,41.5,3 2 1 19 13,
9,130,11,9,2,20,1,27,2,8,14.89,11 10 9,
9,131,8,17,2,20,0,-1,3,-1,23.39,8 9 10 11,
9,132,2,9,1,20,1,27,2,8,20.53,2 3 9,
9,133,20,7,1,21,1,25,3,5,34.15,20 19 1 7,
9,134,19,9,0,21,1,29,4,9,40.78,19 13 14 15 9,
9,135,7,9,1,21,1,26,2,6,13.9,7 8 9,
9,136,11,9,2,21,1,29,2,9,15.73,11 10 9,
9,137,8,12,2,21,1,26,2,6,15.5,8 7 12,
9,138,4,9,2,21,1,30,2,10,20.22,4 3 9,
9,139,10,20,1,22,0,-1,2,-1,16.62,10 9 8,
9,140,17,12,0,22,1,24,2,3,21.22,17 18 12,
9,141,21,9,0,22,1,30,2,9,26.96,21 15 9,
9,142,12,9,2,22,1,28,3,7,22.39,12 7 8 9,
9,143,2,9,2,22,0,-1,1,-1,6.89,2 3,
9,144,23,9,2,22,0,-1,3,-1,27.78,23 22 21 15,
9,145,22,9,0,23,0,-1,2,-1,20.74,22 21 15,
9,146,21,9,0,23,0,-1,3,-1,29.01,21 20 2 3,
9,147,13,8,1,23,1,26,2,4,20.89,13 14 8,
9,148,7,20,0,23,1,30,3,8,33.5,7 8 14 20,
9,149,23,9,1,23,0,-1,3,-1,27.99,23 22 21 15,
9,150,16,2,0,23,1,30,4,8,41.07,16 15 14 20 2,
9,151,16,9,2,24,0,-1,1,-1,7.39,16 15,
9,152,21,11,0,24,0,-1,3,-1,28.98,21 22 23 17,
9,153,2,9,1,24,1,30,2,7,22.57,2 8 9,
9,154,23,17,1,24,1,26,1,3,13.34,23 17,
9,155,18,9,0,24,0,-1,3,-1,23.12,18 13 14 15,
9,156,3,9,0,24,0,-1,0,-1,0.0,3,
9,157,3,9,2,25,0,-1,0,-1,0.0,3,
9,158,7,9,1,25,0,-1,1,-1,7.39,7 8,
9,159,11,9,2,25,0,-1,1,-1,8.0,11 10,
9,160,10,9,0,25,0,-1,0,-1,0.0,10,
9,161,23,9,0,25,0,-1,2,-1,16.62,23 22 21,
9,162,9,7,0,25,0,-1,1,-1,7.39,9 8,
9,163,3,9,2,26,0,-1,0,-1,0.0,3,
9,164,24,9,0,26,0,-1,3,-1,29.43,24 23 22 16,
9,165,12,9,0,26,0,-1,2,-1,16.57,12 7 8,
9,166,4,9,2,26,0,-1,1,-1,8.0,4 3,
9,167,10,9,1,26,0,-1,0,-1,0.0,10,
9,168,20,9,1,26,0,-1,1,-1,8.0,20 21,
9,169,21,22,1,27,0,-1,0,-1,0.0,21,
9,170,2,1,0,27,1,29,1,3,8.0,2 1,
9,171,24,9,0,27,0,-1,2,-1,17.76,24 23 22,
9,172,8,9,0,27,0,-1,0,-1,0.0,8,
9,173,6,9,0,27,0,-1,2,-1,17.11,6 1 2,
9,174,9,4,0,27,0,-1,1,-1,8.31,9 10,
9,175,7,8,0,28,1,29,1,2,8.0,7 8,
9,176,10,9,0,28,0,-1,0,-1,0.0,10,
9,177,15,9,1,28,0,-1,0,-1,0.0,15,
9,178,2,9,0,28,0,-1,1,-1,13.62,2 8,
9,179,12,9,0,28,0,-1,2,-1,17.61,12 7 8,
9,180,4,9,2,28,0,-1,1,-1,8.61,4 3,
9,181,20,9,0,29,0,-1,0,-1,0.0,20,
9,182,11,9,1,29,0,-1,1,-1,9.11,11 10,
9,183,3,9,0,29,0,-1,0,-1,0.0,3,
9,184,14,9,0,29,0,-1,0,-1,0.0,14,
9,185,15,9,1,29,0,-1,0,-1,0.0,15,
9,186,7,9,0,29,0,-1,0,-1,0.0,7,
9,187,11,14,0,30,0,-1,0,-1,0.0,11,
9,188,9,17,0,30,0,-1,0,-1,0.0,9,
9,189,10,1,0,30,0,-1,0,-1,0.0,10,
9,190,1,9,1,30,0,-1,0,-1,0.0,1,
9,191,17,23,0,30,0,-1,0,-1,0.0,17,
9,192,21,9,0,30,0,-1,0,-1,0.0,21,
10,1,10,13,0,1,1,4,4,4,39.55,10 9 8 7 13,
10,2,13,11,0,1,1,3,3,3,29.98,13 18 17 11,
10,3,2,22,1,1,1,3,3,3,28.84,2 3 4 22,
10,4,4,9,1,1,1,3,2,3,21.32,4 3 9,
10,5,22,2,0,1,1,4,3,4,29.23,22 21 20 2,
10,6,18,9,0,1,1,4,4,4,39.05,18 13 14 15 9,
10,7,21,22,1,1,1,1,1,1,9.11,21 22,
10,8,16,22,1,1,1,1,1,1,11.79,16 22,
10,9,19,9,0,1,1,5,4,5,40.11,19 20 21 15 9,
10,10,15,9,0,1,1,1,1,1,12.62,15 9,
10,11,17,9,0,1,1,3,3,3,30.39,17 16 15 9,
10,12,23,24,0,1,1,1,1,1,9.43,23 24,
10,13,2,9,1,1,1,4,2,4,22.43,2 8 9,
10,14,24,9,1,1,1,6,5,6,49.86,24 23 22 21 3 9,
10,15,17,9,1,1,1,4,3,4,30.37,17 11 10 9,
10,16,20,15,0,1,1,4,2,4,21.22,20 14 15,
10,17,18,9,1,1,1,7,4,7,38.6,18 13 14 15 9,
10,18,4,9,0,1,1,3,2,3,21.64,4 10 9,
10,19,12,9,1,2,1,7,3,6,28.28,12 7 8 9,
10,20,13,9,0,2,1,8,3,7,29.8,13 14 8 9,
10,21,9,10,0,2,1,3,1,2,9.43,9 10,
10,22,8,9,0,2,1,5,1,4,9.49,8 9,
10,23,17,9,1,2,1,6,3,5,29.58,17 16 10 9,
10,24,1,9,0,2,1,5,3,4,29.92,1 2 3 9,
10,25,10,9,0,3,1,5,1,3,9.49,10 9,
10,26,11,6,0,3,1,5,2,3,19.81,11 12 6,
10,27,7,9,2,3,1,9,2,7,18.61,7 8 9,
10,28,20,3,2,3,1,6,2,4,19.66,20 21 3,
10,29,13,14,1,3,1,5,1,3,9.43,13 14,
10,30,16,9,0,3,1,6,2,4,20.15,16 15 9,
10,31,23,9,1,4,1,8,4,5,39.15,23 22 4 3 9,
10,32,8,18,2,4,1,8,3,5,28.8,8 14 13 18,
10,33,1,9,1,4,1,7,3,4,29.58,1 2 3 9,
10,34,20,9,0,4,1,11,3,8,29.65,20 14 8 9,
10,35,11,9,2,4,1,7,2,4,18.73,11 10 9,
10,36,16,2,0,4,1,9,4,6,38.77,16 22 21 20 2,
10,37,17,8,1,5,1,11,4,7,37.02,17 18 13 14 8,
10,38,9,23,2,5,1,10,4,6,38.13,9 15 16 22 23,
10,39,12,9,0,5,1,10,3,6,27.26,12 7 8 9,
10,40,21,9,0,5,1,9,2,5,20.22,21 3 9,
10,41,6,9,0,5,1,12,4,8,37.72,6 1 2 3 9,
10,42,16,9,0,5,1,10,2,6,19.3,16 15 9,
10,43,13,22,0,6,1,10,4,5,35.6,13 19 24 23 22,
10,44,11,2,0,6,1,10,4,5,36.97,11 12 7 1 2,
10,45,5,6,0,6,1,7,1,2,8.88,5 6,
10,46,15,9,0,6,1,9,1,4,10.04,15 9,
10,47,14,9,0,6,1,11,2,6,19.16,14 15 9,
10,48,9,21,0,6,1,10,2,5,20.83,9 3 21,
10,49,9,14,1,7,1,12,2,6,19.34,9 8 14,
10,50,21,24,0,7,1,12,3,6,24.27,21 22 23 24,
10,51,1,9,2,7,1,13,3,7,28.11,1 7 8 9,
10,52,24,9,2,7,1,15,5,9,47.67,24 19 20 21 15 9,
10,53,3,8,1,7,1,12,2,6,18.61,3 2 8,
10,54,14,9,0,7,1,12,2,6,19.05,14 15 9,
10,55,9,24,2,8,1,13,5,6,46.11,9 10 16 17 18 24,
10,56,5,8,0,8,1,12,4,5,34.48,5 6 12 7 8,
10,57,11,9,0,8,1,11,2,4,16.92,11 10 9,
10,58,21,9,1,8,1,13,2,6,20.43,21 15 9,
10,59,7,13,0,8,1,11,1,4,10.04,7 13,
10,60,17,14,0,8,1,11,3,4,24.88,17 18 13 14,
10,61,11,5,1,9,1,10,1,2,10.04,11 5,
10,62,22,9,2,9,1,20,3,12,31.66,22 21 15 9,
10,63,9,10,2,9,1,10,1,2,8.61,9 10,
10,64,17,9,0,9,1,16,3,8,27.69,17 16 15 9,
10,65,13,9,2,9,1,17,3,9,29.22,13 14 15 9,
10,66,6,7,0,9,1,12,2,4,17.43,6 1 7,
10,67,15,1,0,10,1,19,6,10,53.41,15 14 13 19 24 6 1,
10,68,22,9,2,10,1,22,3,13,32.31,22 21 15 9,
10,69,10,19,1,10,1,17,5,8,45.76,10 9 8 7 13 19,
10,70,19,9,0,10,1,15,4,6,36.62,19 20 14 8 9,
10,71,5,2,1,10,1,14,3,5,23.69,5 4 3 2,
10,72,17,9,2,10,1,13,3,4,25.76,17 11 10 9,
10,73,22,9,1,11,0,-1,2,-1,19.18,22 21 15,deadline_exceeded
10,74,11,14,0,11,1,18,4,8,33.0,11 12 7 8 14,
10,75,2,9,1,11,1,15,2,5,18.66,2 3 9,
10,76,21,9,2,11,1,18,2,8,22.59,21 15 9,
10,77,23,24,0,11,1,13,1,3,7.12,23 24,
10,78,3,9,2,11,1,13,1,3,10.17,3 9,
10,79,14,9,0,12,1,16,2,5,17.5,14 8 9,
10,80,20,9,0,12,1,23,3,12,33.21,20 21 15 9,
10,81,15,9,1,12,1,19,1,8,12.62,15 9,
10,82,9,13,0,12,1,20,3,9,27.02,9 8 7 13,
10,83,2,13,2,12,1,17,3,6,29.17,2 1 7 13,
10,84,24,3,0,12,1,19,6,8,48.82,24 19 20 21 22 4 3,
10,85,10,9,0,13,1,14,1,2,7.39,10 9,
10,86,15,9,2,13,1,21,1,9,13.34,15 9,
10,87,3,9,1,13,1,16,1,4,11.0,3 9,
10,88,24,9,1,13,1,21,5,9,46.99,24 23 22 21 3 9,
10,89,4,1,2,13,1,16,3,4,20.33,4 5 6 1,
10,90,22,9,2,13,1,25,3,13,33.74,22 21 15 9,
10,91,20,9,2,14,1,26,3,13,34.41,20 21 15 9,
10,92,23,9,0,14,1,19,4,6,38.45,23 22 16 10 9,
10,93,2,22,0,14,1,18,3,5,27.43,2 3 4 22,
10,94,17,9,0,14,1,17,3,4,25.38,17 16 10 9,
10,95,4,24,0,14,1,17,3,4,27.08,4 5 6 24,
10,96,11,7,0,14,1,16,2,3,13.21,11 12 7,
10,97,2,9,0,15,1,18,2,4,18.91,2 3 9,
10,98,13,9,1,15,0,-1,2,-1,13.39,13 14 15,deadline_exceeded
10,99,14,9,1,15,1,19,2,5,17.57,14 8 9,
10,100,19,9,0,15,1,25,4,11,41.87,19 20 21 3 9,
10,101,20,15,1,15,1,18,2,4,18.49,20 14 15,
10,102,7,9,0,15,1,22,2,8,13.46,7 8 9,
10,103,3,9,1,16,1,19,1,4,12.21,3 9,
10,104,15,9,0,16,1,24,1,9,13.96,15 9,
10,105,7,17,0,16,1,21,3,6,27.23,7 12 11 17,
10,106,8,9,1,16,1,20,1,5,6.51,8 9,
10,107,19,9,2,16,1,30,4,15,40.35,19 20 21 15 9,
10,108,6,9,2,16,1,22,4,7,33.06,6 5 4 10 9,
10,109,12,9,1,17,1,24,3,8,19.97,12 7 8 9,
10,110,8,7,0,17,1,21,1,5,6.51,8 7,
10,111,5,14,0,17,1,24,5,8,47.5,5 4 3 2 20 14,
10,112,20,9,1,17,1,27,3,11,34.49,20 21 3 9,
10,113,11,9,0,17,1,20,2,4,13.02,11 10 9,
10,114,14,9,0,17,1,23,2,7,18.91,14 8 9,
10,115,19,9,0,18,1,30,4,13,40.37,19 20 21 3 9,
10,116,3,9,0,18,1,20,1,3,12.62,3 9,
10,117,14,9,2,18,1,28,2,11,20.13,14 15 9,
10,118,13,9,0,18,1,25,3,8,27.16,13 14 8 9,
10,119,18,9,1,18,0,-1,3,-1,19.98,18 13 14 15,deadline_exceeded
10,120,23,9,2,18,0,-1,3,-1,27.02,23 22 21 15,
10,121,23,13,0,19,1,22,3,4,27.16,23 24 19 13,
10,122,9,1,0,19,1,25,3,7,26.2,9 3 2 1,
10,123,2,9,0,19,1,24,2,6,20.34,2 3 9,
10,124,5,9,1,19,1,24,3,6,27.34,5 11 10 9,
10,125,1,9,1,19,1,26,3,8,27.08,1 2 3 9,
10,126,10,9,1,19,1,21,1,3,6.57,10 9,
10,127,17,9,2,20,1,25,3,6,27.92,17 16 10 9,
10,128,1,9,1,20,1,28,3,9,26.91,1 2 3 9,
10,129,18,2,0,20,1,27,4,8,41.24,18 13 14 20 2,
10,130,15,9,0,20,1,27,1,8,13.83,15 9,
10,131,16,9,2,20,1,23,2,4,20.5,16 10 9,
10,132,5,24,1,20,1,22,2,3,20.71,5 6 24,
10,133,4,9,2,21,1,26,2,6,21.31,4 10 9,
10,134,14,9,0,21,0,-1,1,-1,6.89,14 15,
10,135,19,9,2,21,0,-1,5,-1,47.69,19 20 21 22 16 10,
10,136,1,8,2,21,1,24,2,4,20.13,1 2 8,
10,137,16,9,1,21,1,27,2,7,21.96,16 10 9,
10,138,17,9,1,21,1,28,3,8,29.2,17 16 10 9,
10,139,8,9,0,22,1,26,1,5,7.39,8 9,
10,140,6,24,1,22,1,23,1,2,13.62,6 24,
10,141,22,9,0,22,0,-1,2,-1,21.39,22 16 15,
10,142,3,23,1,22,0,-1,2,-1,17.72,3 4 5,
10,143,15,9,1,22,1,29,1,8,13.34,15 9,
10,144,13,17,1,22,1,24,2,3,15.38,13 18 17,
10,145,11,9,0,23,1,29,2,7,16.0,11 10 9,
10,146,12,9,0,23,1,29,3,7,23.2,12 7 8 9,
10,147,8,9,0,23,1,27,1,5,7.69,8 9,
10,148,21,9,0,23,0,-1,1,-1,13.62,21 3,
10,149,9,23,0,23,0,-1,2,-1,16.23,9 10 11,
10,150,14,4,0,23,0,-1,3,-1,31.15,14 20 21 22,
10,151,9,18,0,24,0,-1,2,-1,15.43,9 8 7,
10,152,5,9,0,24,0,-1,2,-1,15.38,5 4 3,
10,153,17,9,0,24,0,-1,2,-1,15.38,17 16 15,
10,154,20,16,0,24,1,29,3,6,28.32,20 21 22 16,
10,155,8,9,1,24,1,28,1,5,8.0,8 9,
10,156,19,21,1,24,1,28,2,5,14.89,19 20 21,
10,157,12,9,2,25,0,-1,2,-1,16.62,12 11 10,
10,158,9,22,1,25,0,-1,1,-1,7.69,9 10,
10,159,13,9,0,25,0,-1,2,-1,14.81,13 14 15,
10,160,15,21,0,25,0,-1,0,-1,0.0,15,
10,161,24,9,2,25,0,-1,3,-1,24.61,24 19 20 21,
10,162,10,9,1,25,0,-1,0,-1,0.0,10,
10,163,5,7,0,26,1,29,3,4,31.68,5 6 1 7,
10,164,12,20,0,26,1,30,4,5,43.84,12 7 13 14 20,
10,165,11,2,1,26,0,-1,3,-1,26.49,11 12 7 8,
10,166,17,2,2,26,0,-1,3,-1,26.04,17 18 13 14,
10,167,1,9,0,26,0,-1,2,-1,15.39,1 2 3,
10,168,14,5,1,26,0,-1,1,-1,7.69,14 13,
10,169,17,9,2,27,0,-1,2,-1,21.23,17 16 10,
10,170,15,9,0,27,0,-1,0,-1,0.0,15,
10,171,8,3,1,27,0,-1,0,-1,0.0,8,
10,172,9,15,0,27,1,28,1,2,13.62,9 15,
10,173,12,9,0,27,0,-1,2,-1,17.11,12 7 8,
10,174,18,11,0,27,1,30,2,4,21.32,18 17 11,
10,175,13,12,2,28,0,-1,0,-1,0.0,13,
10,176,1,24,2,28,0,-1,1,-1,9.43,1 6,
10,177,3,9,0,28,0,-1,0,-1,0.0,3,
10,178,5,18,2,28,0,-1,2,-1,23.58,5 23 17,
10,179,19,9,1,28,0,-1,1,-1,8.0,19 20,
10,180,12,9,0,28,0,-1,1,-1,9.3,12 11,
10,181,1,17,1,29,0,-1,0,-1,0.0,1,
10,182,7,9,0,29,0,-1,0,-1,0.0,7,
10,183,6,9,2,29,0,-1,1,-1,9.3,6 5,
10,184,22,14,2,29,0,-1,1,-1,8.88,22 21,
10,185,24,16,1,29,0,-1,1,-1,9.3,24 23,
10,186,13,9,0,29,0,-1,0,-1,0.0,13,
10,187,10,9,0,30,0,-1,0,-1,0.0,10,
10,188,6,9,0,30,0,-1,0,-1,0.0,6,
10,189,5,9,1,30,0,-1,0,-1,0.0,5,
10,190,16,8,0,30,0,-1,0,-1,0.0,16,
10,191,23,9,2,30,0,-1,0,-1,0.0,23,
10,192,19,15,0,30,0,-1,0,-1,0.0,19,
11,1,18,9,1,1,1,5,4,5,38.67,18 13 14 15 9,
11,2,10,9,1,1,1,1,1,1,9.11,10 9,
11,3,3,9,0,1,1,1,1,1,13.0,3 9,
11,4,23,9,1,1,1,6,4,6,40.26,23 22 21 15 9,
11,5,17,3,0,1,1,6,4,6,40.15,17 16 15 21 3,
11,6,7,9,0,1,1,2,2,2,17.72,7 8 9,
11,7,12,9,0,1,1,3,3,3,27.67,12 7 8 9,
11,8,19,9,0,1,1,5,4,5,42.1,19 20 14 8 9,
11,9,5,24,0,1,1,2,2,2,20.49,5 23 24,
11,10,14,9,0,1,1,2,2,2,21.09,14 15 9,
11,11,20,9,0,1,1,4,3,4,32.05,20 21 15 9,
11,12,1,9,0,1,1,3,3,3,29.93,1 2 3 9,
11,13,21,8,0,1,1,5,3,5,32.06,21 20 14 8,
11,14,7,9,0,1,1,4,2,4,18.54,7 8 9,
11,15,12,22,0,1,1,5,4,5,40.37,12 11 10 16 22,
11,16,6,12,2,1,1,2,1,2,11.38,6 12,
11,17,22,9,2,1,1,7,3,7,30.87,22 16 15 9,
11,18,1,9,0,1,1,5,3,5,29.56,1 2 3 9,
11,19,22,9,0,2,1,6,3,5,30.81,22 4 10 9,
11,20,1,2,0,2,1,3,1,2,9.11,1 2,
11,21,21,9,1,2,1,7,2,6,21.04,21 3 9,
11,22,9,22,0,2,1,6,3,5,30.26,9 10 16 22,
11,23,3,9,0,2,1,4,1,3,11.79,3 9,
11,24,2,9,2,2,1,6,2,5,21.7,2 8 9,
11,25,5,13,2,3,1,7,4,5,39.02,5 23 24 19 13,
11,26,2,9,0,3,1,8,2,6,19.87,2 3 9,
11,27,20,12,1,3,1,8,4,6,39.08,20 19 13 18 12,
11,28,21,9,0,3,1,9,2,7,20.22,21 3 9,
11,29,23,12,0,3,1,6,3,4,29.72,23 17 18 12,
11,30,3,4,0,3,1,6,1,4,9.43,3 4,
11,31,8,9,0,4,1,7,1,4,9.43,8 9,
11,32,15,9,0,4,1,8,1,5,10.17,15 9,
11,33,6,9,2,4,1,8,4,5,37.91,6 5 11 10 9,
11,34,19,9,0,4,1,11,4,8,39.36,19 20 14 8 9,
11,35,11,9,2,4,1,7,2,4,18.73,11 10 9,
11,36,23,9,0,4,1,10,4,7,38.08,23 22 4 10 9,
11,37,18,14,1,5,1,8,2,4,18.04,18 13 14,
11,38,15,9,1,5,1,9,1,5,10.04,15 9,
11,39,8,4,1,5,1,10,3,6,28.08,8 9 3 4,
11,40,7,9,0,5,1,9,2,5,18.61,7 8 9,
11,41,14,9,1,5,1,10,2,6,19.49,14 15 9,
11,42,24,9,2,5,1,11,5,7,47.32,24 19 20 21 3 9,
11,43,23,17,0,6,1,7,1,2,10.0,23 17,
11,44,9,8,0,6,1,7,1,2,9.43,9 8,
11,45,4,9,2,6,1,9,2,4,19.26,4 10 9,
11,46,6,3,0,6,1,9,3,4,27.15,6 1 2 3,
11,47,8,9,0,6,1,10,1,5,8.88,8 9,
11,48,11,1,0,6,1,10,3,5,26.34,11 12 6 1,
11,49,17,9,1,7,1,12,3,6,26.88,17 16 10 9,
11,50,23,9,0,7,1,12,4,6,37.44,23 5 4 3 9,
11,51,19,9,1,7,1,14,4,8,38.56,19 13 14 15 9,
11,52,12,9,0,7,1,12,3,6,25.92,12 7 8 9,
11,53,11,9,0,7,1,13,2,7,16.3,11 10 9,
11,54,15,9,0,7,1,11,1,5,10.04,15 9,
11,55,11,3,1,8,1,13,3,6,25.73,11 5 4 3,
11,56,7,9,2,8,1,13,2,6,17.11,7 8 9,
11,57,18,13,0,8,1,9,1,2,8.0,18 13,
11,58,10,9,0,8,1,11,1,4,8.31,10 9,
11,59,15,14,2,8,1,12,1,5,8.31,15 14,
11,60,17,9,0,8,1,13,3,6,27.6,17 16 15 9,
11,61,14,2,1,9,1,11,2,3,20.17,14 20 2,
11,62,13,6,0,9,1,19,7,11,69.74,13 18 24 23 17 11 12 6,
11,63,9,21,0,9,1,26,10,18,91.52,9 3 4 5 6 1 2 8 14 20 21,
11,64,24,9,1,9,1,15,5,7,45.0,24 19 1 2 3 9,
11,65,18,9,1,9,1,15,4,7,35.3,18 13 14 15 9,
11,66,4,9,1,9,1,14,2,6,18.69,4 3 9,
11,67,4,7,1,10,1,16,4,7,31.53,4 5 6 1 7,
11,68,5,6,2,10,1,12,1,3,7.39,5 6,
11,69,9,22,0,10,1,15,3,6,31.1,9 10 16 22,
11,70,6,9,2,10,1,16,4,7,32.35,6 5 11 10 9,
11,71,24,9,0,10,1,17,5,8,45.86,24 23 22 21 15 9,
11,72,11,9,2,10,1,15,2,6,15.12,11 10 9,
11,73,8,1,0,11,1,15,2,5,18.17,8 7 1,
11,74,1,12,1,11,1,14,2,4,18.27,1 6 12,
11,75,12,9,0,11,1,17,3,7,22.32,12 7 8 9,
11,76,19,9,0,11,1,18,4,8,36.35,19 20 14 8 9,
11,77,17,23,0,11,1,12,1,2,11.0,17 23,
11,78,9,2,0,11,1,15,2,5,18.69,9 8 2,
11,79,22,9,0,12,1,21,3,10,32.52,22 21 15 9,
11,80,21,9,0,12,1,16,2,5,22.04,21 15 9,
11,81,8,9,2,12,1,16,1,5,7.12,8 9,
11,82,1,20,1,12,1,22,6,11,59.89,1 2 3 9 8 14 20,
11,83,18,9,0,12,1,22,4,11,34.74,18 17 16 15 9,
11,84,14,5,0,12,1,18,5,7,46.32,14 13 18 12 11 5,
11,85,21,9,1,13,1,19,2,7,24.0,21 15 9,
11,86,18,9,0,13,1,19,4,7,32.58,18 17 16 10 9,
11,87,22,3,0,13,1,21,4,9,33.67,22 21 20 2 3,
11,88,17,4,0,13,1,17,3,5,30.28,17 11 10 4,
11,89,14,13,2,13,1,16,1,4,7.39,14 13,
11,90,23,7,0,13,1,18,4,6,35.97,23 24 19 13 7,
11,91,17,9,0,14,1,22,3,9,26.55,17 16 10 9,
11,92,18,9,0,14,1,22,4,9,30.93,18 13 7 8 9,
11,93,15,9,1,14,1,18,1,5,12.21,15 9,
11,94,24,9,2,14,1,22,5,9,47.8,24 19 20 21 3 9,
11,95,19,9,1,14,1,20,4,7,40.76,19 20 21 3 9,
11,96,21,19,0,14,1,18,2,5,13.77,21 20 19,
11,97,4,9,0,15,1,17,2,3,18.27,4 3 9,
11,98,5,6,0,15,1,16,1,2,6.57,5 6,
11,99,2,9,2,15,1,19,2,5,17.24,2 8 9,
11,100,18,9,0,15,1,25,4,11,31.99,18 13 7 8 9,
11,101,15,9,2,15,1,20,1,6,13.0,15 9,
11,102,14,21,0,15,1,19,2,5,18.36,14 20 21,
11,103,12,9,1,16,1,24,3,9,20.16,12 7 8 9,
11,104,24,9,2,16,1,27,5,12,47.86,24 19 20 21 3 9,
11,105,13,3,2,16,1,27,6,12,54.64,13 14 20 21 22 4 3,
11,106,16,9,2,16,1,23,2,8,20.53,16 15 9,
11,107,8,9,1,16,1,20,1,5,6.51,8 9,
11,108,22,9,2,16,1,25,3,10,34.48,22 21 3 9,
11,109,23,24,0,17,1,18,1,2,6.51,23 24,
11,110,22,9,0,17,1,26,3,10,34.36,22 21 15 9,
11,111,16,19,1,17,1,22,4,6,33.67,16 17 18 13 19,
11,112,6,9,0,17,1,23,4,7,33.14,6 5 4 3 9,
11,113,7,6,0,17,1,20,2,4,20.19,7 12 6,
11,114,10,9,0,17,1,18,1,2,6.57,10 9,
11,115,9,19,1,18,1,24,4,7,39.25,9 3 2 1 19,
11,116,13,9,1,18,1,25,3,8,27.08,13 14 15 9,
11,117,11,9,1,18,1,20,2,3,13.02,11 10 9,
11,118,5,19,0,18,1,22,3,5,27.44,5 6 1 19,
11,119,17,23,1,18,1,19,1,2,13.62,17 23,
11,120,14,9,1,18,1,24,2,7,20.53,14 15 9,
11,121,1,20,0,19,1,22,2,4,20.4,1 2 20,
11,122,7,9,0,19,1,26,2,8,13.9,7 8 9,
11,123,5,9,0,19,1,26,3,8,27.4,5 4 3 9,
11,124,10,18,0,19,1,23,3,5,27.78,10 11 12 18,
11,125,13,9,2,19,1,28,3,10,26.83,13 14 15 9,
11,126,2,4,0,19,1,24,2,6,13.63,2 3 4,
11,127,19,9,1,20,0,-1,3,-1,26.39,19 20 21 3,
11,128,5,9,0,20,1,25,3,6,28.23,5 4 10 9,
11,129,17,9,1,20,1,27,3,8,27.23,17 16 15 9,
11,130,20,9,1,20,0,-1,2,-1,20.53,20 21 15,
11,131,4,14,0,20,1,28,4,9,41.39,4 22 21 20 14,
11,132,9,16,1,20,1,23,2,4,20.53,9 10 16,
11,133,22,9,1,21,0,-1,2,-1,20.5,22 21 15,
11,134,4,9,1,21,1,28,2,8,20.71,4 3 9,
11,135,18,9,0,21,1,26,4,6,35.92,18 17 16 10 9,
11,136,19,9,0,21,0,-1,3,-1,28.2,19 20 14 15,
11,137,7,9,0,21,1,27,2,7,14.2,7 8 9,
11,138,23,9,1,21,0,-1,3,-1,26.62,23 22 21 3,
11,139,11,9,2,22,1,24,2,3,14.24,11 10 9,
11,140,2,9,0,22,1,30,2,9,20.22,2 3 9,
11,141,8,9,0,22,1,28,1,7,8.0,8 9,
11,142,13,9,2,22,1,30,3,9,26.69,13 14 15 9,
11,143,5,9,1,22,0,-1,2,-1,14.51,5 4 3,
11,144,24,9,2,22,0,-1,4,-1,34.29,24 19 20 21 3,
11,145,8,9,0,23,1,29,1,7,8.31,8 9,
11,146,9,6,2,23,1,29,4,7,36.93,9 10 11 12 6,
11,147,2,9,2,23,0,-1,1,-1,13.83,2 8,
11,148,3,15,0,23,1,30,2,8,26.62,3 9 15,
11,149,13,9,2,23,0,-1,2,-1,14.09,13 14 15,
11,150,7,19,1,23,1,25,2,3,27.34,7 1 19,
11,151,15,9,0,24,1,29,1,6,13.34,15 9,
11,152,18,9,2,24,0,-1,3,-1,24.0,18 17 16 15,
11,153,1,9,0,24,0,-1,2,-1,14.81,1 2 3,
11,154,4,9,1,24,1,28,2,5,22.27,4 10 9,
11,155,13,9,0,24,0,-1,2,-1,20.95,13 7 8,
11,156,8,12,1,24,0,-1,1,-1,8.31,8 7,
11,157,4,9,1,25,0,-1,1,-1,13.62,4 10,
11,158,3,9,0,25,0,-1,0,-1,0.0,3,
11,159,14,9,0,25,0,-1,1,-1,8.0,14 15,
11,160,19,9,0,25,0,-1,3,-1,33.79,19 20 14 8,
11,161,23,9,2,25,0,-1,2,-1,16.0,23 22 21,
11,162,11,9,0,25,1,29,2,5,16.61,11 10 9,
11,163,8,9,0,26,0,-1,0,-1,0.0,8,
11,164,7,9,0,26,0,-1,1,-1,7.39,7 8,
11,165,11,9,1,26,0,-1,1,-1,8.31,11 10,
11,166,23,22,0,26,1,27,1,2,8.31,23 22,
11,167,10,9,0,26,1,30,1,5,8.88,10 9,
11,168,19,1,2,26,1,27,1,2,13.83,19 1,
11,169,10,9,0,27,0,-1,0,-1,0.0,10,
11,170,24,9,0,27,0,-1,3,-1,29.97,24 23 22 16,
11,171,5,12,0,27,1,29,2,3,21.5,5 6 12,
11,172,21,9,2,27,0,-1,0,-1,0.0,21,
11,173,16,20,0,27,0,-1,2,-1,21.61,16 22 21,
11,174,14,1,1,27,0,-1,2,-1,21.62,14 13 7,
11,175,6,1,1,28,1,30,1,3,9.43,6 1,
11,176,19,9,1,28,0,-1,2,-1,20.62,19 20 2,
11,177,21,9,0,28,0,-1,0,-1,0.0,21,
11,178,16,9,2,28,0,-1,1,-1,8.61,16 15,
11,179,17,9,0,28,0,-1,2,-1,21.5,17 16 10,
11,180,3,9,1,28,0,-1,0,-1,0.0,3,
11,181,16,9,2,29,0,-1,0,-1,0.0,16,
11,182,13,10,0,29,0,-1,0,-1,0.0,13,
11,183,18,9,2,29,0,-1,1,-1,9.3,18 17,
11,184,15,9,1,29,0,-1,0,-1,0.0,15,
11,185,5,12,2,29,0,-1,1,-1,12.62,5 11,
11,186,3,12,2,29,0,-1,0,-1,0.0,3,
11,187,14,3,1,30,0,-1,0,-1,0.0,14,
11,188,9,13,0,30,0,-1,0,-1,0.0,9,
11,189,15,19,2,30,0,-1,0,-1,0.0,15,
11,190,5,9,0,30,0,-1,0,-1,0.0,5,
11,191,21,9,0,30,0,-1,0,-1,0.0,21,
11,192,3,9,1,30,0,-1,0,-1,0.0,3,
12,1,19,9,2,1,1,4,4,4,40.49,19 20 21 15 9,
12,2,11,9,0,1,1,2,2,2,18.6,11 10 9,
12,3,22,5,0,1,1,2,2,2,19.96,22 23 5,
12,4,17,21,2,1,1,3,3,3,30.11,17 16 22 21,
12,5,8,9,1,1,1,1,1,1,8.88,8 9,
12,6,23,24,1,1,1,1,1,1,9.43,23 24,
12,7,5,9,0,1,1,3,3,3,30.81,5 4 3 9,
12,8,15,9,0,1,1,1,1,1,12.62,15 9,
12,9,16,9,0,1,1,2,2,2,21.32,16 15 9,
12,10,6,9,0,1,1,5,4,5,39.05,6 1 2 3 9,
12,11,3,9,1,1,1,1,1,1,13.0,3 9,
12,12,7,3,0,1,1,3,3,3,29.93,7 8 9 3,
12,13,2,9,0,1,1,4,2,4,20.91,2 3 9,
12,14,23,18,1,1,1,4,2,4,20.09,23 17 18,
12,15,19,9,0,1,1,5,4,5,42.16,19 13 14 15 9,
12,16,7,9,0,1,1,3,2,3,18.18,7 8 9,
12,17,4,9,1,1,1,4,2,4,21.28,4 10 9,
12,18,20,19,0,1,1,3,1,3,9.11,20 19,
12,19,7,9,0,2,1,4,2,3,18.54,7 8 9,
12,20,23,9,0,2,1,7,4,6,39.75,23 22 21 15 9,
12,21,22,19,0,2,1,6,3,5,27.67,22 23 24 19,
12,22,24,12,0,2,1,4,2,3,20.83,24 6 12,
12,23,5,9,1,2,1,5,3,4,30.37,5 11 10 9,
12,24,2,9,1,2,1,6,2,5,21.7,2 8 9,
12,25,11,1,2,3,1,7,3,5,29.56,11 12 7 1,
12,26,9,16,1,3,1,6,2,4,19.87,9 10 16,
12,27,21,9,0,3,1,6,2,4,21.66,21 3 9,
12,28,4,9,0,3,1,7,2,5,20.15,4 3 9,
12,29,8,9,0,3,1,5,1,3,9.49,8 9,
12,30,13,4,0,3,1,9,5,7,48.57,13 19 24 23 5 4,
12,31,20,5,2,4,1,10,4,7,38.06,20 21 22 23 5,
12,32,1,9,0,4,1,8,3,5,29.3,1 2 3 9,
12,33,23,9,1,4,1,10,4,7,38.46,23 22 16 15 9,
12,34,6,9,0,4,1,8,4,5,38.91,6 1 2 8 9,
12,35,10,9,1,4,1,7,1,4,9.3,10 9,
12,36,7,9,1,4,1,7,2,4,18.85,7 8 9,
12,37,21,9,1,5,1,9,2,5,20.17,21 3 9,
12,38,4,9,1,5,1,8,2,4,19.78,4 10 9,
12,39,18,9,0,5,1,9,4,5,37.87,18 13 14 8 9,
12,40,24,18,0,5,1,8,1,4,10.17,24 18,
12,41,6,9,1,5,1,11,4,7,36.48,6 5 11 10 9,
12,42,20,9,0,5,1,9,3,5,30.13,20 14 15 9,
12,43,1,9,0,6,1,10,3,5,29.04,1 2 8 9,
12,44,15,9,0,6,1,8,1,3,10.17,15 9,
12,45,11,9,2,6,1,9,2,4,18.0,11 10 9,
12,46,21,11,0,6,1,15,4,10,34.93,21 3 9 10 11,
12,47,22,21,0,6,1,8,1,3,9.11,22 21,
12,48,7,21,1,6,1,11,4,6,38.56,7 13 19 20 21,
12,49,14,18,1,7,1,11,2,5,16.69,14 13 18,
12,50,4,9,1,7,1,10,2,4,19.16,4 3 9,
12,51,10,9,1,7,1,10,1,4,8.61,10 9,
12,52,2,18,2,7,1,12,4,6,37.89,2 20 19 24 18,
12,53,22,9,0,7,1,14,3,8,29.08,22 4 3 9,
12,54,21,9,1,7,1,11,2,5,20.09,21 15 9,
12,55,20,9,2,8,1,14,3,7,29.95,20 21 15 9,
12,56,5,9,2,8,1,14,3,7,25.43,5 11 10 9,
12,57,18,9,2,8,1,15,4,8,35.94,18 17 16 15 9,
12,58,14,9,0,8,1,12,2,5,18.36,14 8 9,
12,59,13,9,2,8,1,16,3,9,29.11,13 14 15 9,
12,60,8,9,1,8,1,11,1,4,8.61,8 9,
12,61,3,9,0,9,1,12,1,4,10.04,3 9,
12,62,24,9,0,9,1,16,5,8,43.54,24 19 13 14 8 9,
12,63,11,9,0,9,1,12,2,4,16.31,11 10 9,
12,64,16,9,1,9,1,12,2,4,18.78,16 15 9,
12,65,23,9,0,9,1,17,4,9,38.45,23 22 21 15 9,
12,66,4,9,0,9,1,13,2,5,18.78,4 3 9,
12,67,15,9,0,10,1,13,1,4,10.38,15 9,
12,68,18,9,0,10,1,15,4,6,33.56,18 13 14 8 9,
12,69,17,9,0,10,1,16,3,7,24.96,17 11 10 9,
12,70,23,9,0,10,1,18,4,9,35.46,23 17 11 10 9,
12,71,14,9,1,10,1,13,2,4,18.04,14 8 9,
12,72,10,14,1,10,1,17,3,8,26.76,10 9 8 14,
12,73,11,22,0,11,1,16,3,6,29.91,11 17 23 22,
12,74,12,10,2,11,1,14,2,4,14.51,12 11 10,
12,75,22,9,1,11,1,18,3,8,30.6,22 16 15 9,
12,76,3,7,2,11,1,22,3,12,24.29,3 9 8 7,
12,77,2,9,0,11,1,14,2,4,17.69,2 8 9,
12,78,5,9,1,11,1,16,3,6,26.38,5 4 3 9,
12,79,4,9,0,12,1,17,2,6,18.77,4 3 9,
12,80,22,8,0,12,1,18,4,7,37.95,22 21 20 14 8,
12,81,24,9,0,12,1,22,5,11,45.69,24 19 13 14 15 9,
12,82,6,9,1,12,1,18,4,7,33.15,6 5 4 3 9,
12,83,7,2,1,12,1,14,2,3,18.0,7 1 2,
12,84,17,9,1,12,1,20,3,9,27.24,17 16 15 9,
12,85,1,9,1,13,1,19,3,7,27.02,1 2 3 9,
12,86,2,9,0,13,1,18,2,6,16.87,2 8 9,
12,87,10,7,1,13,1,24,3,12,20.1,10 9 8 7,
12,88,17,9,0,13,1,20,3,8,25.29,17 11 10 9,
12,89,7,2,0,13,1,19,2,7,19.79,7 8 2,
12,90,14,9,0,13,1,20,2,8,17.17,14 8 9,
12,91,16,9,0,14,1,19,2,6,18.3,16 10 9,
12,92,24,13,1,14,1,16,2,3,17.57,24 19 13,
12,93,11,19,2,14,1,20,4,7,37.49,11 12 7 13 19,
12,94,13,9,1,14,1,23,3,10,24.48,13 7 8 9,
12,95,15,9,0,14,1,19,1,6,12.62,15 9,
12,96,7,9,0,14,1,21,2,8,14.2,7 8 9,
12,97,22,9,1,15,1,23,3,9,32.92,22 21 15 9,
12,98,18,15,0,15,1,18,3,4,19.72,18 17 16 15,
12,99,14,9,1,15,1,24,2,10,20.84,14 15 9,
12,100,15,14,0,15,1,21,1,7,6.51,15 14,
12,101,13,9,1,15,1,25,3,11,24.69,13 7 8 9,
12,102,19,9,2,15,1,26,4,12,40.78,19 20 21 15 9,
12,103,24,22,0,16,1,18,2,3,13.02,24 23 22,
12,104,9,4,1,16,1,21,2,6,20.04,9 10 4,
12,105,17,9,1,16,1,27,3,12,26.84,17 16 15 9,
12,106,12,9,2,16,1,23,3,8,19.9,12 11 10 9,
12,107,7,3,0,16,1,20,3,5,24.21,7 1 2 3,
12,108,2,9,0,16,1,20,2,5,19.5,2 3 9,
12,109,6,9,2,17,1,26,4,10,33.66,6 1 2 3 9,
12,110,18,24,1,17,1,18,1,2,13.62,18 24,
12,111,5,9,1,17,1,22,3,6,26.35,5 4 3 9,
12,112,10,9,0,17,1,22,1,6,6.7,10 9,
12,113,7,9,2,17,1,26,2,10,13.9,7 8 9,
12,114,15,9,1,17,1,25,1,9,14.0,15 9,
12,115,4,9,0,18,1,24,2,7,20.34,4 3 9,
12,116,23,19,2,18,1,20,2,3,13.46,23 24 19,
12,117,7,9,0,18,1,27,2,10,14.2,7 8 9,
12,118,22,9,1,18,1,25,3,8,34.08,22 21 3 9,
12,119,3,9,0,18,1,21,1,4,13.0,3 9,
12,120,9,4,0,18,1,24,2,7,20.46,9 10 4,
12,121,11,9,1,19,1,25,2,7,13.96,11 10 9,
12,122,23,13,0,19,1,22,3,4,28.1,23 17 18 13,
12,123,12,14,0,19,1,24,3,6,26.92,12 7 13 14,
12,124,3,9,0,19,1,23,1,5,13.62,3 9,
12,125,5,7,2,19,1,22,3,4,26.44,5 6 1 7,
12,126,24,21,0,19,1,23,3,5,20.66,24 23 22 21,
12,127,15,4,2,20,0,-1,2,-1,20.93,15 16 22,
12,128,21,9,0,20,1,29,2,10,26.96,21 15 9,
12,129,2,11,1,20,1,26,4,7,35.71,2 1 6 5 11,
12,130,11,8,1,20,1,24,3,5,20.98,11 12 7 8,
12,131,10,18,0,20,1,28,3,9,29.23,10 11 12 18,
12,132,6,1,0,20,1,22,1,3,7.39,6 1,
12,133,22,9,0,21,0,-1,2,-1,20.66,22 21 15,
12,134,14,16,0,21,1,30,2,10,15.46,14 15 16,
12,135,4,9,0,21,1,27,2,7,20.66,4 3 9,
12,136,12,9,0,21,1,29,3,9,23.39,12 11 10 9,
12,137,11,9,0,21,1,27,2,7,14.89,11 10 9,
12,138,6,9,0,21,1,29,4,9,35.79,6 5 4 3 9,
12,139,12,6,0,22,1,24,1,3,13.96,12 6,
12,140,4,20,0,22,1,25,3,4,28.19,4 22 21 20,
12,141,3,9,2,22,1,28,1,7,13.83,3 9,
12,142,8,9,1,22,1,28,1,7,8.0,8 9,
12,143,13,9,0,22,0,-1,2,-1,13.46,13 14 15,
12,144,9,20,0,22,1,30,3,9,33.15,9 8 2 20,
12,145,11,9,1,23,0,-1,1,-1,7.69,11 10,
12,146,5,9,0,23,1,30,3,8,28.71,5 4 3 9,
12,147,2,5,1,23,1,26,3,4,23.32,2 1 6 5,
12,148,10,16,0,23,1,28,1,6,13.34,10 16,
12,149,22,9,2,23,0,-1,2,-1,21.01,22 21 15,
12,150,21,23,1,23,1,26,2,4,15.12,21 22 23,
12,151,16,19,0,24,1,28,4,5,38.71,16 17 18 13 19,
12,152,21,17,0,24,1,28,3,5,28.62,21 22 23 17,
12,153,7,9,0,24,1,30,2,7,15.5,7 8 9,
12,154,23,9,0,24,0,-1,3,-1,35.27,23 17 16 10,
12,155,10,9,1,24,1,30,1,7,8.88,10 9,
12,156,13,9,1,24,0,-1,2,-1,14.28,13 14 15,
12,157,2,22,1,25,1,28,3,4,29.83,2 20 21 22,
12,158,12,20,2,25,1,30,4,6,43.61,12 7 13 14 20,
12,159,23,9,0,25,0,-1,3,-1,28.93,23 22 21 15,
12,160,8,9,2,25,0,-1,0,-1,0.0,8,
12,161,16,9,0,25,0,-1,1,-1,7.69,16 15,
12,162,5,9,0,25,0,-1,2,-1,16.62,5 4 3,
12,163,3,8,0,26,0,-1,0,-1,0.0,3,
12,164,11,6,0,26,1,29,2,4,21.5,11 12 6,
12,165,18,9,0,26,0,-1,2,-1,17.76,18 17 16,
12,166,17,9,0,26,0,-1,2,-1,17.49,17 16 15,
12,167,20,9,2,26,0,-1,1,-1,8.0,20 21,
12,168,22,8,0,26,0,-1,1,-1,8.61,22 21,
12,169,15,9,2,27,0,-1,0,-1,0.0,15,
12,170,3,9,1,27,0,-1,0,-1,0.0,3,
12,171,21,9,1,27,0,-1,1,-1,12.62,21 3,
12,172,9,5,0,27,0,-1,1,-1,8.31,9 10,
12,173,22,9,0,27,0,-1,1,-1,11.79,22 4,
12,174,13,9,0,27,0,-1,1,-1,8.31,13 14,
12,175,14,9,0,28,0,-1,1,-1,8.31,14 15,
12,176,6,18,1,28,1,30,2,3,22.76,6 24 18,
12,177,3,9,0,28,0,-1,0,-1,0.0,3,
12,178,5,13,1,28,0,-1,2,-1,18.54,5 6 1,
12,179,23,9,2,28,0,-1,1,-1,8.88,23 22,
12,180,20,7,0,28,0,-1,2,-1,21.0,20 19 1,
12,181,15,6,1,29,0,-1,0,-1,0.0,15,
12,182,9,4,0,29,0,-1,1,-1,8.88,9 10,
12,183,17,9,0,29,0,-1,1,-1,12.21,17 11,
12,184,8,9,2,29,0,-1,0,-1,0.0,8,
12,185,18,4,2,29,0,-1,1,-1,9.3,18 17,
12,186,10,9,0,29,0,-1,0,-1,0.0,10,
12,187,3,1,0,30,0,-1,0,-1,0.0,3,
12,188,15,9,1,30,0,-1,0,-1,0.0,15,
12,189,6,9,1,30,0,-1,0,-1,0.0,6,
12,190,14,15,2,30,0,-1,0,-1,0.0,14,
12,191,11,9,0,30,0,-1,0,-1,0.0,11,
12,192,7,3,0,30,0,-1,0,-1,0.0,7,
13,1,1,9,0,1,1,3,3,3,29.93,1 2 3 9,
13,2,3,19,0,1,1,3,3,3,30.02,3 21 20 19,
13,3,19,16,0,1,1,4,4,4,39.61,19 20 14 15 16,
13,4,11,9,0,1,1,2,2,2,18.6,11 10 9,
13,5,10,11,0,1,1,1,1,1,9.3,10 11,
13,6,22,9,1,1,1,5,3,5,31.5,22 21 15 9,
13,7,24,9,1,1,1,6,5,6,50.01,24 23 22 16 15 9,
13,8,16,18,2,1,1,2,2,2,18.79,16 17 18,
13,9,6,9,1,1,1,4,4,4,40.14,6 5 4 10 9,
13,10,18,9,2,1,1,7,4,7,38.18,18 13 14 15 9,
13,11,17,20,0,1,1,5,4,5,38.9,17 16 15 14 20,
13,12,15,9,2,1,1,1,1,1,12.62,15 9,
13,13,15,9,1,1,1,2,1,2,12.21,15 9,
13,14,4,9,0,1,1,4,2,4,21.09,4 3 9,
13,15,3,12,0,1,1,5,4,5,40.33,3 9 8 7 12,
13,16,18,9,1,1,1,7,4,7,38.94,18 17 16 10 9,
13,17,8,23,1,1,1,8,5,8,47.99,8 9 10 11 17 23,
13,18,21,9,1,1,1,5,2,5,22.04,21 3 9,
13,19,2,9,0,2,1,5,2,4,22.11,2 8 9,
13,20,7,9,1,2,1,6,2,5,18.61,7 8 9,
13,21,10,9,0,2,1,3,1,2,9.43,10 9,
13,22,17,9,0,2,1,8,3,7,29.2,17 11 10 9,
13,23,11,6,1,2,1,4,2,3,20.15,11 12 6,
13,24,13,9,2,2,1,9,3,8,28.65,13 14 15 9,
13,25,5,1,0,3,1,5,2,3,18.54,5 6 1,
13,26,20,9,0,3,1,6,3,4,30.81,20 21 3 9,
13,27,10,9,1,3,1,5,1,3,9.49,10 9,
13,28,16,1,2,3,1,10,5,8,45.91,16 17 23 24 19 1,
13,29,24,9,1,3,1,9,5,7,48.5,24 23 22 21 3 9,
13,30,13,9,1,3,1,7,3,5,31.13,13 7 8 9,
13,31,1,9,1,4,1,7,3,4,29.58,1 2 3 9,
13,32,20,21,0,4,1,5,1,2,9.49,20 21,
13,33,15,9,1,4,1,8,1,5,10.17,15 9,
13,34,18,9,2,4,1,10,4,7,37.91,18 13 14 15 9,
13,35,4,20,0,4,1,8,3,5,28.77,4 22 21 20,
13,36,7,14,2,4,1,8,2,5,20.43,7 13 14,
13,37,13,9,0,5,1,11,3,7,29.04,13 7 8 9,
13,38,17,9,1,5,1,9,3,5,28.35,17 16 10 9,
13,39,1,9,1,5,1,10,3,6,28.96,1 2 3 9,
13,40,4,9,0,5,1,8,2,4,19.81,4 3 9,
13,41,5,9,1,5,1,10,3,6,28.29,5 4 10 9,
13,42,14,9,1,5,1,8,2,4,19.96,14 8 9,
13,43,1,9,0,6,1,12,3,7,28.99,1 7 8 9,
13,44,9,24,1,6,1,13,5,8,47.9,9 8 14 13 18 24,
13,45,6,3,0,6,1,9,3,4,27.15,6 1 2 3,
13,46,5,9,0,6,1,11,3,6,27.37,5 11 10 9,
13,47,16,13,1,6,1,10,3,5,24.88,16 17 18 13,
13,48,22,23,0,6,1,8,1,3,8.88,22 23,
13,49,1,4,0,7,1,11,3,5,24.0,1 6 5 4,
13,50,24,9,0,7,1,13,5,7,47.05,24 19 20 21 15 9,
13,51,3,9,2,7,1,11,1,5,10.0,3 9,
13,52,6,9,1,7,1,13,4,7,34.91,6 5 4 10 9,
13,53,8,20,0,7,1,11,2,5,20.35,8 2 20,
13,54,13,12,1,7,1,11,2,5,18.66,13 18 12,
13,55,24,9,2,8,1,16,5,9,46.04,24 23 22 21 15 9,
13,56,3,9,1,8,1,12,1,5,10.04,3 9,
13,57,15,23,1,8,1,13,3,6,27.38,15 16 17 23,
13,58,1,14,1,8,1,12,3,5,29.05,1 19 20 14,
13,59,14,9,1,8,1,13,2,6,18.17,14 8 9,
13,60,11,9,2,8,1,12,2,5,16.61,11 10 9,
13,61,2,9,0,9,1,14,2,6,17.86,2 8 9,
13,62,21,9,0,9,1,14,2,6,20.55,21 3 9,
13,63,24,9,1,9,0,-1,4,-1,34.56,24 23 22 21 15,deadline_exceeded
13,64,15,2,0,9,1,18,7,10,60.0,15 14 20 19 24 6 1 2,
13,65,3,9,1,9,1,13,1,5,10.17,3 9,
13,66,12,9,1,9,1,15,3,7,23.96,12 7 8 9,
13,67,12,9,0,10,1,15,3,6,22.49,12 11 10 9,
13,68,9,19,0,10,1,16,4,7,36.42,9 15 14 13 19,
13,69,19,9,2,10,1,18,4,9,38.25,19 13 14 15 9,
13,70,7,9,2,10,1,16,2,7,15.73,7 8 9,
13,71,18,9,1,10,1,20,4,11,34.63,18 17 16 15 9,
13,72,14,9,0,10,1,15,2,6,19.61,14 15 9,
13,73,18,11,2,11,1,16,2,6,19.09,18 17 11,
13,74,16,1,0,11,1,19,5,9,43.36,16 17 18 13 7 1,
13,75,9,10,0,11,1,12,1,2,8.0,9 10,
13,76,20,9,1,11,1,19,3,9,31.62,20 21 15 9,
13,77,22,9,1,11,1,21,3,11,32.41,22 21 15 9,
13,78,10,5,2,11,1,15,2,5,18.5,10 11 5,
13,79,10,15,0,12,1,17,2,6,18.68,10 9 15,
13,80,5,9,2,12,1,17,3,6,24.48,5 11 10 9,
13,81,16,23,1,12,1,17,2,6,20.12,16 17 23,
13,82,8,9,0,12,1,17,1,6,6.89,8 9,
13,83,22,9,0,12,1,22,3,11,30.7,22 16 10 9,
13,84,2,9,0,12,1,15,2,4,18.66,2 3 9,
13,85,8,9,0,13,1,18,1,6,6.7,8 9,
13,86,12,9,2,13,1,19,3,7,20.96,12 7 8 9,
13,87,15,9,1,13,1,17,1,5,11.79,15 9,
13,88,1,9,2,13,1,20,3,8,23.94,1 7 8 9,
13,89,9,17,0,13,1,19,3,7,27.24,9 10 11 17,
13,90,2,22,0,13,1,19,5,7,41.27,2 3 4 5 23 22,
13,91,5,22,0,14,1,20,4,7,44.89,5 4 10 16 22,
13,92,16,22,2,14,1,16,1,3,12.21,16 22,
13,93,6,13,2,14,1,17,3,4,27.96,6 1 7 13,
13,94,11,9,2,14,1,20,2,7,13.21,11 10 9,
13,95,1,22,0,14,1,19,4,6,33.34,1 6 5 4 22,
13,96,20,8,0,14,1,16,2,3,22.0,20 14 8,
13,97,3,9,1,15,1,17,1,3,11.38,3 9,
13,98,15,10,0,15,1,25,2,11,20.66,15 16 10,
13,99,13,9,1,15,1,22,3,8,25.48,13 14 8 9,
13,100,20,19,0,15,1,16,1,2,7.39,20 19,
13,101,21,9,0,15,1,24,4,10,40.17,21 22 16 15 9,
13,102,1,16,2,15,1,21,5,7,47.98,1 2 3 4 22 16,
13,103,10,9,1,16,1,21,1,6,6.57,10 9,
13,104,16,9,0,16,1,23,2,8,20.4,16 15 9,
13,105,4,20,0,16,1,20,3,5,26.35,4 22 21 20,
13,106,13,22,1,16,1,23,4,8,34.1,13 18 17 16 22,
13,107,24,8,0,16,1,20,4,5,38.63,24 19 20 14 8,
13,108,11,9,1,16,1,23,2,8,13.46,11 10 9,
13,109,24,17,1,17,1,20,2,4,20.34,24 23 17,
13,110,18,9,1,17,1,25,4,9,33.59,18 17 16 15 9,
13,111,7,9,0,17,1,23,2,7,13.59,7 8 9,
13,112,2,9,0,17,1,20,2,4,19.19,2 3 9,
13,113,8,10,0,17,1,22,2,6,13.21,8 9 10,
13,114,10,9,0,17,1,24,1,8,7.12,10 9,
13,115,10,9,1,18,1,25,1,8,7.39,10 9,
13,116,9,15,0,18,1,19,1,2,12.62,9 15,
13,117,2,9,0,18,1,22,2,5,19.85,2 3 9,
13,118,23,9,0,18,1,27,4,10,41.19,23 22 21 15 9,
13,119,24,9,1,18,1,29,5,12,47.79,24 23 22 21 3 9,
13,120,7,17,0,18,1,22,3,5,27.73,7 12 11 17,
13,121,1,24,0,19,1,21,2,3,20.84,1 6 24,
13,122,2,9,0,19,1,24,2,6,20.34,2 3 9,
13,123,19,9,0,19,1,30,6,12,54.34,19 20 21 22 4 3 9,
13,124,3,7,2,19,1,23,3,5,26.02,3 2 1 7,
13,125,16,6,1,19,1,25,4,7,40.89,16 17 18 24 6,
13,126,13,22,0,19,1,28,4,10,33.77,13 14 15 16 22,
13,127,24,23,0,20,1,21,1,2,6.89,24 23,
13,128,23,9,0,20,0,-1,3,-1,28.34,23 22 21 15,
13,129,6,14,0,20,1,26,4,7,42.0,6 1 2 20 14,
13,130,1,9,0,20,1,24,3,5,25.6,1 7 8 9,
13,131,3,6,0,20,1,25,3,6,22.28,3 4 5 6,
13,132,10,9,0,20,1,26,1,7,7.69,10 9,
13,133,10,1,1,21,1,30,4,10,37.83,10 9 8 7 1,
13,134,16,9,1,21,1,28,2,8,20.74,16 15 9,
13,135,18,9,2,21,1,29,4,9,34.19,18 13 14 15 9,
13,136,9,10,1,21,1,23,1,3,6.89,9 10,
13,137,7,9,0,21,1,25,2,5,13.69,7 8 9,
13,138,3,18,0,21,1,29,5,9,48.33,3 2 1 6 12 18,
13,139,4,9,0,22,1,27,2,6,20.84,4 3 9,
13,140,3,9,0,22,1,26,1,5,14.0,3 9,
13,141,1,18,1,22,1,28,3,7,33.14,1 6 24 18,
13,142,9,21,1,22,1,30,2,9,26.57,9 15 21,
13,143,6,9,1,22,1,30,4,9,37.62,6 5 4 10 9,
13,144,21,9,0,22,0,-1,1,-1,14.0,21 15,
13,145,11,9,0,23,1,28,2,6,15.7,11 10 9,
13,146,19,14,1,23,1,25,2,3,20.7,19 20 14,
13,147,16,9,0,23,0,-1,1,-1,7.69,16 15,
13,148,23,9,1,23,0,-1,3,-1,28.42,23 22 21 3,
13,149,2,9,0,23,1,28,2,6,20.71,2 3 9,
13,150,12,9,0,23,1,29,3,7,23.99,12 11 10 9,
13,151,4,9,1,24,0,-1,1,-1,8.0,4 3,
13,152,16,9,0,24,0,-1,1,-1,8.0,16 15,
13,153,6,12,1,24,1,25,1,2,13.83,6 12,
13,154,18,9,1,24,0,-1,3,-1,24.61,18 17 16 15,
13,155,5,19,0,24,1,28,3,5,30.81,5 6 1 19,
13,156,19,5,0,24,1,27,3,4,29.24,19 24 23 5,
13,157,20,23,0,25,1,29,3,5,24.88,20 21 22 23,
13,158,11,21,0,25,0,-1,2,-1,21.93,11 17 16,
13,159,24,9,1,25,0,-1,2,-1,17.49,24 23 22,
13,160,15,9,0,25,0,-1,0,-1,0.0,15,
13,161,12,9,0,25,0,-1,2,-1,16.62,12 11 10,
13,162,3,8,2,25,0,-1,0,-1,0.0,3,
13,163,16,9,2,26,0,-1,1,-1,12.62,16 10,
13,164,17,9,0,26,0,-1,2,-1,21.88,17 11 10,
13,165,18,14,0,26,1,28,2,3,16.57,18 13 14,
13,166,12,23,1,26,1,30,3,5,33.4,12 11 17 23,
13,167,23,9,2,26,0,-1,2,-1,17.49,23 22 21,
13,168,7,10,1,26,1,29,3,4,24.0,7 8 9 10,
13,169,1,9,2,27,0,-1,2,-1,21.62,1 2 8,
13,170,15,9,0,27,0,-1,0,-1,0.0,15,
13,171,6,9,2,27,0,-1,2,-1,18.23,6 5 4,
13,172,16,9,2,27,0,-1,0,-1,0.0,16,
13,173,17,9,0,27,0,-1,2,-1,21.73,17 11 10,
13,174,3,9,0,27,0,-1,0,-1,0.0,3,
13,175,10,11,0,28,0,-1,0,-1,0.0,10,
13,176,20,4,0,28,0,-1,2,-1,17.19,20 21 22,
13,177,21,4,0,28,0,-1,1,-1,8.61,21 22,
13,178,3,10,0,28,0,-1,0,-1,0.0,3,
13,179,14,9,0,28,0,-1,1,-1,8.31,14 15,
13,180,1,12,0,28,0,-1,1,-1,9.43,1 6,
13,181,22,9,1,29,0,-1,0,-1,0.0,22,
13,182,20,9,0,29,0,-1,1,-1,13.0,20 14,
13,183,24,3,0,29,0,-1,1,-1,9.43,24 19,
13,184,2,12,0,29,0,-1,0,-1,0.0,2,
13,185,17,9,0,29,0,-1,0,-1,0.0,17,
13,186,11,9,0,29,0,-1,0,-1,0.0,11,
13,187,19,9,2,30,0,-1,0,-1,0.0,19,
13,188,16,18,1,30,0,-1,0,-1,0.0,16,
13,189,4,9,0,30,0,-1,0,-1,0.0,4,
13,190,22,9,1,30,0,-1,0,-1,0.0,22,
13,191,24,5,0,30,0,-1,0,-1,0.0,24,
13,192,21,9,0,30,0,-1,0,-1,0.0,21,
14,1,22,9,0,1,1,4,3,4,32.29,22 21 15 9,
14,2,24,9,0,1,1,9,5,9,48.02,24 19 20 21 3 9,
14,3,23,14,0,1,1,6,4,6,39.6,23 22 16 15 14,
14,4,8,4,2,1,1,3,3,3,29.97,8 9 10 4,
14,5,21,9,0,1,1,2,2,2,24.42,21 15 9,
14,6,17,9,1,1,1,5,3,5,29.6,17 16 15 9,
14,7,15,9,1,1,1,1,1,1,12.62,15 9,
14,8,12,9,0,1,1,3,3,3,27.67,12 7 8 9,
14,9,20,9,0,1,1,4,3,4,31.67,20 21 3 9,
14,10,2,9,0,1,1,2,2,2,21.5,2 3 9,
14,11,18,9,0,1,1,7,4,7,38.05,18 13 14 15 9,
14,12,11,9,0,1,1,2,2,2,18.6,11 10 9,
14,13,19,9,0,1,1,8,4,8,40.16,19 20 14 15 9,
14,14,9,7,0,1,1,4,2,4,18.6,9 8 7,
14,15,21,9,0,1,1,6,2,6,21.66,21 3 9,
14,16,15,9,1,1,1,3,1,3,11.79,15 9,
14,17,12,22,1,1,1,5,4,5,40.37,12 11 17 16 22,
14,18,22,12,0,1,1,6,4,6,39.01,22 23 24 18 12,
14,19,4,9,0,2,1,5,2,4,20.81,4 3 9,
14,20,21,9,2,2,1,9,2,8,20.71,21 15 9,
14,21,5,9,2,2,1,5,3,4,30.37,5 4 10 9,
14,22,10,21,0,2,1,10,3,9,30.54,10 9 15 21,
14,23,3,9,0,2,1,3,1,2,12.21,3 9,
14,24,6,9,1,2,1,7,4,6,38.88,6 1 2 3 9,
14,25,8,9,0,3,1,5,1,3,9.49,8 9,
14,26,18,9,0,3,1,11,4,9,38.0,18 13 14 8 9,
14,27,11,9,2,3,1,6,2,4,18.92,11 10 9,
14,28,14,5,2,3,1,9,5,7,47.49,14 13 18 17 23 5,
14,29,23,21,0,3,1,6,2,4,18.85,23 22 21,
14,30,4,9,0,3,1,8,2,6,19.87,4 3 9,
14,31,9,16,0,4,1,7,2,4,19.6,9 10 16,
14,32,19,7,0,4,1,7,2,4,22.38,19 13 7,
14,33,1,9,2,4,1,8,3,5,31.0,1 7 8 9,
14,34,21,9,0,4,1,10,2,7,20.09,21 3 9,
14,35,14,9,2,4,1,9,2,6,20.11,14 8 9,
14,36,8,9,0,4,1,6,1,3,9.49,8 9,
14,37,6,9,0,5,1,11,4,7,37.67,6 1 2 3 9,
14,38,21,9,2,5,1,14,2,10,20.71,21 15 9,
14,39,8,9,0,5,1,7,1,3,9.43,8 9,
14,40,19,23,1,5,1,7,2,3,17.76,19 24 23,
14,41,12,9,0,5,1,12,3,8,26.69,12 7 8 9,
14,42,15,9,0,5,1,11,1,7,10.04,15 9,
14,43,15,9,2,6,1,12,1,7,10.17,15 9,
14,44,8,9,0,6,1,10,1,5,8.88,8 9,
14,45,14,9,2,6,1,15,2,10,20.3,14 15 9,
14,46,19,9,1,6,1,13,4,8,38.82,19 20 2 3 9,
14,47,9,14,0,6,1,13,2,8,19.6,9 8 14,
14,48,24,9,2,6,1,16,5,11,48.05,24 19 20 21 15 9,
14,49,15,9,0,7,1,13,1,7,10.38,15 9,
14,50,12,9,1,7,1,10,3,4,25.83,12 11 10 9,
14,51,21,9,0,7,1,14,2,8,20.43,21 3 9,
14,52,14,18,2,7,1,10,2,4,16.99,14 13 18,
14,53,9,19,2,7,1,14,4,8,37.67,9 3 2 1 19,
14,54,23,12,1,7,1,10,3,4,29.37,23 24 18 12,
14,55,12,18,1,8,1,9,1,2,10.17,12 18,
14,56,19,9,0,8,1,17,4,10,38.44,19 13 14 15 9,
14,57,7,9,0,8,1,14,2,7,16.99,7 8 9,
14,58,2,9,2,8,1,15,2,8,17.56,2 8 9,
14,59,14,9,0,8,1,16,2,9,17.16,14 8 9,
14,60,11,9,0,8,1,11,2,4,16.62,11 10 9,
14,61,22,9,1,9,1,16,3,8,30.27,22 21 3 9,
14,62,19,3,1,9,1,20,7,12,57.37,19 20 21 22 23 5 4 3,
14,63,3,9,0,9,1,15,1,7,10.66,3 9,
14,64,13,5,0,9,1,14,4,6,35.28,13 7 12 11 5,
14,65,23,9,1,9,1,18,4,10,39.49,23 22 21 15 9,
14,66,24,14,1,9,1,13,3,5,26.68,24 19 20 14,
14,67,11,9,0,10,1,12,2,3,16.0,11 10 9,
14,68,24,9,0,10,1,16,5,7,43.46,24 23 17 11 10 9,
14,69,18,22,0,10,1,13,3,4,26.38,18 17 16 22,
14,70,8,9,0,10,1,17,1,8,6.89,8 9,
14,71,1,9,0,10,1,17,3,8,28.58,1 2 3 9,
14,72,16,9,0,10,1,13,2,4,17.86,16 10 9,
14,73,21,9,0,11,1,19,2,9,23.62,21 15 9,
14,74,13,9,0,11,1,20,3,10,29.0,13 14 15 9,
14,75,4,19,0,11,1,23,8,13,62.27,4 5 6 1 2 3 21 20 19,
14,76,8,6,0,11,1,20,3,10,27.2,8 7 12 6,
14,77,18,9,0,11,1,21,4,11,35.57,18 13 14 15 9,
14,78,9,5,0,11,1,16,3,6,26.91,9 10 11 5,
14,79,7,9,0,12,1,19,2,8,14.89,7 8 9,
14,80,4,9,1,12,1,15,2,4,17.5,4 10 9,
14,81,6,18,2,12,1,15,2,4,23.21,6 12 18,
14,82,18,9,0,12,1,24,4,13,35.23,18 13 14 15 9,
14,83,12,9,0,12,1,21,3,10,20.9,12 7 8 9,
14,84,19,18,0,12,1,14,2,3,19.09,19 24 18,
14,85,24,9,1,13,1,24,5,12,48.29,24 19 20 21 3 9,
14,86,21,10,0,13,1,19,3,7,32.89,21 22 16 10,
14,87,14,21,0,13,1,16,2,4,18.12,14 20 21,
14,88,7,1,0,13,1,14,1,2,10.04,7 1,
14,89,1,22,0,13,1,18,4,6,33.06,1 6 5 4 22,
14,90,2,9,2,13,1,20,2,8,16.68,2 8 9,
14,91,14,8,0,14,1,17,1,4,11.38,14 8,
14,92,21,9,0,14,1,23,2,10,26.04,21 15 9,
14,93,23,9,1,14,0,-1,3,-1,27.41,23 22 21 3,deadline_exceeded
14,94,17,14,0,14,1,17,3,4,20.33,17 18 13 14,
14,95,20,9,2,14,1,25,3,12,34.01,20 21 15 9,
14,96,16,12,1,14,1,17,3,4,26.46,16 17 18 12,
14,97,8,18,1,15,1,24,3,10,28.02,8 7 12 18,
14,98,10,9,0,15,1,17,1,3,6.7,10 9,
14,99,13,9,2,15,1,25,3,11,24.9,13 7 8 9,
14,100,21,18,0,15,1,22,4,8,34.22,21 20 19 24 18,
14,101,7,9,0,15,1,23,2,9,14.09,7 8 9,
14,102,14,7,0,15,1,20,2,6,18.91,14 13 7,
14,103,3,9,0,16,1,18,1,3,11.79,3 9,
14,104,1,5,0,16,1,18,2,3,13.02,1 6 5,
14,105,8,9,0,16,1,24,1,9,6.89,8 9,
14,106,10,1,2,16,1,22,4,7,32.82,10 11 12 7 1,
14,107,18,9,1,16,0,-1,3,-1,19.78,18 13 14 15,deadline_exceeded
14,108,15,4,0,16,1,24,3,9,34.53,15 16 22 4,
14,109,2,9,0,17,1,21,2,5,19.7,2 3 9,
14,110,10,9,2,17,1,19,1,3,6.51,10 9,
14,111,11,9,0,17,1,20,2,4,13.02,11 10 9,
14,112,3,4,1,17,1,20,1,4,6.51,3 4,
14,113,16,9,1,17,1,26,2,10,20.53,16 15 9,
14,114,4,9,1,17,1,22,2,6,19.85,4 3 9,
14,115,4,2,0,18,1,26,2,9,13.96,4 3 2,
14,116,2,9,0,18,1,23,2,6,20.19,2 3 9,
14,117,18,9,0,18,1,30,4,13,32.78,18 13 14 15 9,
14,118,11,17,1,18,1,20,1,3,13.62,11 17,
14,119,17,9,0,18,1,22,3,5,26.74,17 11 10 9,
14,120,16,9,1,18,1,28,2,11,20.13,16 15 9,
14,121,9,2,2,19,1,26,2,8,20.46,9 8 2,
14,122,16,11,0,19,1,23,2,5,20.7,16 17 11,
14,123,15,24,0,19,1,30,4,12,36.06,15 14 13 18 24,
14,124,18,9,0,19,1,24,4,6,34.35,18 17 16 10 9,
14,125,13,9,0,19,0,-1,2,-1,13.39,13 14 15,
14,126,24,9,1,19,1,30,5,12,47.44,24 19 20 21 3 9,
14,127,13,9,1,20,1,28,3,9,28.53,13 14 8 9,
14,128,11,6,1,20,1,23,2,4,21.12,11 12 6,
14,129,20,9,0,20,1,27,3,8,34.64,20 14 8 9,
14,130,17,9,2,20,1,26,3,7,28.57,17 16 10 9,
14,131,2,9,0,20,1,27,2,8,20.46,2 3 9,
14,132,3,9,0,20,1,25,1,6,13.96,3 9,
14,133,5,9,0,21,1,28,3,8,27.6,5 4 3 9,
14,134,13,9,2,21,0,-1,2,-1,14.09,13 14 15,
14,135,10,9,0,21,1,23,1,3,6.89,10 9,
14,136,15,6,0,21,0,-1,1,-1,8.61,15 16,
14,137,20,23,1,21,1,24,3,4,21.88,20 19 24 23,
14,138,22,23,2,21,1,22,1,2,6.89,22 23,
14,139,13,16,0,22,1,27,3,6,24.94,13 18 17 16,
14,140,2,9,0,22,1,29,2,8,20.32,2 3 9,
14,141,24,6,0,22,1,23,1,2,13.62,24 6,
14,142,16,17,1,22,1,25,1,4,7.69,16 17,
14,143,10,9,0,22,1,25,1,4,7.39,10 9,
14,144,1,21,0,22,1,25,3,4,27.69,1 2 20 21,
14,145,17,9,0,23,1,29,3,7,29.83,17 16 10 9,
14,146,9,16,0,23,1,27,2,5,20.74,9 10 16,
14,147,23,14,0,23,1,27,4,5,36.0,23 22 21 20 14,
14,148,24,9,0,23,0,-1,4,-1,42.57,24 23 17 16 10,
14,149,6,9,2,23,1,30,4,8,38.21,6 5 4 10 9,
14,150,12,9,2,23,0,-1,2,-1,16.0,12 11 10,
14,151,15,9,1,24,0,-1,0,-1,0.0,15,
14,152,5,16,2,24,1,29,3,6,33.93,5 23 22 16,
14,153,22,5,0,24,1,28,2,5,20.21,22 23 5,
14,154,6,9,1,24,0,-1,3,-1,23.12,6 1 2 3,
14,155,2,9,0,24,0,-1,1,-1,7.12,2 3,
14,156,4,9,1,24,0,-1,1,-1,7.39,4 3,
14,157,22,9,0,25,0,-1,2,-1,21.34,22 21 15,
14,158,17,9,0,25,0,-1,2,-1,16.0,17 16 15,
14,159,5,9,2,25,0,-1,2,-1,16.62,5 4 3,
14,160,10,9,1,25,1,28,1,4,8.31,10 9,
14,161,24,9,0,25,0,-1,3,-1,29.64,24 23 17 16,
14,162,11,9,2,25,0,-1,1,-1,8.31,11 10,
14,163,2,12,2,26,1,30,3,5,29.2,2 1 6 12,
14,164,5,9,0,26,0,-1,2,-1,17.22,5 4 3,
14,165,20,9,0,26,1,30,3,5,35.85,20 14 8 9,
14,166,22,9,0,26,0,-1,2,-1,20.93,22 21 3,
14,167,11,9,0,26,0,-1,1,-1,8.61,11 10,
14,168,16,9,0,26,0,-1,1,-1,8.31,16 15,
14,169,10,8,0,27,0,-1,0,-1,0.0,10,
14,170,24,9,0,27,0,-1,2,-1,18.0,24 23 22,
14,171,5,9,2,27,0,-1,2,-1,21.88,5 4 10,
14,172,16,9,0,27,0,-1,1,-1,8.61,16 15,
14,173,11,7,1,27,1,30,2,4,18.54,11 12 7,
14,174,2,9,0,27,0,-1,1,-1,13.83,2 8,
14,175,14,18,0,28,0,-1,1,-1,8.31,14 13,
14,176,17,9,2,28,0,-1,1,-1,8.88,17 16,
14,177,6,14,0,28,0,-1,2,-1,20.81,6 24 19,
14,178,21,9,2,28,0,-1,1,-1,12.62,21 15,
14,179,11,9,0,28,0,-1,1,-1,9.11,11 10,
14,180,18,9,1,28,0,-1,2,-1,17.61,18 13 14,
14,181,19,9,0,29,0,-1,1,-1,13.34,19 13,
14,182,12,17,0,29,0,-1,0,-1,0.0,12,
14,183,14,9,2,29,0,-1,0,-1,0.0,14,
14,184,21,9,0,29,0,-1,0,-1,0.0,21,
14,185,24,19,1,29,0,-1,0,-1,0.0,24,
14,186,23,9,1,29,0,-1,0,-1,0.0,23,
14,187,13,9,2,30,0,-1,0,-1,0.0,13,
14,188,21,9,2,30,0,-1,0,-1,0.0,21,
14,189,18,9,1,30,0,-1,0,-1,0.0,18,
14,190,22,9,2,30,0,-1,0,-1,0.0,22,
14,191,7,6,1,30,0,-1,0,-1,0.0,7,
14,192,10,9,2,30,0,-1,0,-1,0.0,10,
15,1,22,2,0,1,1,4,3,4,29.23,22 21 20 2,
15,2,2,7,1,1,1,2,2,2,21.95,2 1 7,
15,3,7,9,0,1,1,2,2,2,17.72,7 8 9,
15,4,21,1,2,1,1,3,3,3,29.55,21 20 19 1,
15,5,19,9,0,1,1,5,4,5,40.83,19 20 14 15 9,
15,6,20,9,1,1,1,4,3,4,31.65,20 21 15 9,
15,7,12,9,0,1,1,4,3,4,27.8,12 7 8 9,
15,8,17,24,0,1,1,2,2,2,20.87,17 23 24,
15,9,3,7,0,1,1,5,3,5,31.31,3 2 8 7,
15,10,6,9,2,1,1,4,4,4,40.14,6 5 4 10 9,
15,11,24,9,0,1,1,8,5,8,49.67,24 19 20 14 8 9,
15,12,18,11,1,1,1,2,2,2,20.81,18 17 11,
15,13,9,16,2,1,1,3,2,3,20.68,9 10 16,
15,14,4,9,0,1,1,3,2,3,21.51,4 3 9,
15,15,8,19,0,1,1,6,3,6,32.32,8 7 13 19,
15,16,15,19,0,1,1,4,3,4,30.02,15 14 13 19,
15,17,3,5,1,1,1,4,2,4,18.79,3 4 5,
15,18,1,9,0,1,1,5,3,5,29.92,1 2 3 9,
15,19,19,9,0,2,1,10,4,9,41.1,19 13 7 8 9,
15,20,11,9,0,2,1,5,2,4,18.98,11 10 9,
15,21,20,9,2,2,1,10,3,9,29.66,20 21 15 9,
15,22,1,9,0,2,1,6,3,5,30.58,1 2 8 9,
15,23,22,9,2,2,1,6,3,5,31.09,22 21 15 9,
15,24,2,23,2,2,1,9,4,8,37.5,2 20 19 24 23,
15,25,6,8,0,3,1,7,3,5,30.58,6 1 7 8,
15,26,16,9,2,3,1,7,2,5,19.87,16 15 9,
15,27,11,9,1,3,1,6,2,4,18.92,11 10 9,
15,28,1,4,2,3,1,7,3,5,27.34,1 6 5 4,
15,29,3,9,0,3,1,4,1,2,11.79,3 9,
15,30,13,3,0,3,1,11,4,9,38.42,13 14 20 2 3,
15,31,5,9,0,4,1,8,3,5,29.08,5 11 10 9,
15,32,3,8,2,4,1,7,2,4,20.49,3 2 8,
15,33,16,9,1,4,1,8,2,5,19.66,16 15 9,
15,34,10,9,1,4,1,7,1,4,9.3,10 9,
15,35,14,9,2,4,1,7,2,4,20.81,14 8 9,
15,36,21,18,0,4,1,8,4,5,37.85,21 22 23 24 18,
15,37,14,22,2,5,1,12,3,8,27.05,14 20 21 22,
15,38,15,9,0,5,1,9,1,5,10.04,15 9,
15,39,20,9,1,5,1,10,3,6,29.39,20 21 3 9,
15,40,17,2,2,5,1,11,5,7,46.86,17 23 22 21 20 2,
15,41,7,20,0,5,1,10,3,6,29.66,7 8 14 20,
15,42,2,1,2,5,1,6,1,2,9.49,2 1,
15,43,14,24,1,6,1,11,3,6,26.73,14 13 19 24,
15,44,17,9,2,6,1,11,3,6,28.27,17 16 15 9,
15,45,18,10,2,6,1,9,3,4,27.76,18 17 16 10,
15,46,4,7,0,6,1,11,4,6,37.86,4 3 2 8 7,
15,47,12,9,2,6,1,10,3,5,26.37,12 11 10 9,
15,48,19,20,0,6,1,7,1,2,9.49,19 20,
15,49,4,17,0,7,1,11,3,5,29.02,4 22 23 17,
15,50,12,9,2,7,1,13,3,7,25.43,12 7 8 9,
15,51,6,9,1,7,1,15,4,9,36.58,6 1 2 3 9,
15,52,7,9,0,7,1,12,2,6,17.61,7 8 9,
15,53,11,5,2,7,1,9,1,3,10.0,11 5,
15,54,10,9,0,7,1,9,1,3,8.88,10 9,
15,55,1,9,0,8,1,14,3,7,26.95,1 7 8 9,
15,56,23,9,0,8,1,12,4,5,36.43,23 5 11 10 9,
15,57,2,9,0,8,1,11,2,4,18.88,2 3 9,
15,58,15,23,0,8,1,14,3,7,27.18,15 16 17 23,
15,59,6,9,0,8,1,15,4,8,33.73,6 12 7 8 9,
15,60,16,11,2,8,1,11,2,4,18.69,16 17 11,
15,61,21,9,0,9,1,12,2,4,20.43,21 3 9,
15,62,16,9,1,9,1,13,2,5,18.69,16 15 9,
15,63,6,9,2,9,1,13,4,5,33.86,6 5 4 10 9,
15,64,4,9,2,9,1,11,2,3,18.31,4 10 9,
15,65,22,9,0,9,1,16,3,8,29.35,22 4 3 9,
15,66,18,9,0,9,1,17,4,9,32.93,18 13 7 8 9,
15,67,4,9,0,10,1,13,2,4,18.48,4 3 9,
15,68,22,9,0,10,1,16,3,7,29.43,22 16 15 9,
15,69,24,9,2,10,1,17,5,8,46.79,24 19 20 21 15 9,
15,70,21,4,0,10,1,18,6,9,47.86,21 22 23 24 6 5 4,
15,71,9,10,0,10,1,11,1,2,8.31,9 10,
15,72,12,20,2,10,1,14,4,5,36.75,12 18 13 14 20,
15,73,2,9,0,11,1,17,2,7,19.38,2 3 9,
15,74,16,10,2,11,1,12,1,2,10.38,16 10,
15,75,3,9,0,11,1,14,1,4,10.38,3 9,
15,76,13,9,0,11,1,18,3,8,24.7,13 7 8 9,
15,77,14,9,1,11,1,14,2,4,18.97,14 15 9,
15,78,22,9,1,11,1,19,3,9,31.69,22 21 15 9,
15,79,9,11,0,12,1,15,2,4,14.57,9 10 11,
15,80,13,9,2,12,1,20,3,9,28.39,13 14 15 9,
15,81,8,9,2,12,1,16,1,5,7.12,8 9,
15,82,19,2,2,12,1,21,8,10,63.32,19 20 21 22 23 24 6 1 2,
15,83,10,9,0,12,1,14,1,3,7.39,10 9,
15,84,7,15,0,12,1,18,3,7,24.2,7 13 14 15,
15,85,19,9,2,13,1,25,4,13,42.12,19 20 21 15 9,
15,86,23,9,1,13,1,23,4,11,40.27,23 22 21 15 9,
15,87,13,9,0,13,1,20,3,8,24.28,13 7 8 9,
15,88,17,22,2,13,1,16,2,4,19.09,17 16 22,
15,89,20,9,2,13,1,24,3,12,33.96,20 21 15 9,
15,90,15,9,0,13,1,15,1,3,11.0,15 9,
15,91,5,9,1,14,1,19,3,6,25.98,5 4 3 9,
15,92,3,11,1,14,1,20,3,7,26.42,3 4 5 11,
15,93,15,9,2,14,1,18,1,5,12.21,15 9,
15,94,13,9,0,14,1,21,3,8,24.29,13 7 8 9,
15,95,4,9,2,14,1,16,2,3,17.89,4 10 9,
15,96,2,9,2,14,1,19,2,6,16.96,2 8 9,
15,97,14,21,0,15,1,21,2,7,20.74,14 15 21,
15,98,23,9,0,15,1,26,4,12,40.17,23 22 16 15 9,
15,99,6,9,2,15,1,20,4,6,31.86,6 5 4 10 9,
15,100,4,9,1,15,1,18,2,4,18.36,4 10 9,
15,101,16,9,1,15,1,19,2,5,18.72,16 10 9,
15,102,19,9,0,15,1,22,4,8,35.66,19 13 7 8 9,
15,103,15,24,1,16,1,25,4,10,34.49,15 14 13 18 24,
15,104,23,9,1,16,0,-1,3,-1,27.04,23 22 21 3,deadline_exceeded
15,105,21,11,0,16,1,23,4,8,41.21,21 22 23 17 11,
15,106,16,9,1,16,1,21,2,6,19.19,16 10 9,
15,107,3,9,0,16,1,20,1,5,12.62,3 9,
15,108,22,15,2,16,1,25,4,10,34.28,22 21 20 14 15,
15,109,24,9,0,17,1,26,5,10,47.34,24 19 20 14 8 9,
15,110,21,20,1,17,1,21,1,5,6.51,21 20,
15,111,3,9,2,17,1,21,1,5,13.0,3 9,
15,112,13,9,0,17,1,24,3,8,26.2,13 14 8 9,
15,113,19,9,0,17,1,29,4,13,39.35,19 20 14 15 9,
15,114,9,12,2,17,1,23,3,7,20.85,9 10 11 12,
15,115,21,9,0,18,1,25,2,8,27.91,21 3 9,
15,116,5,9,2,18,1,22,3,5,26.35,5 4 3 9,
15,117,2,9,2,18,1,23,2,6,18.49,2 8 9,
15,118,23,19,1,18,1,20,2,3,13.46,23 24 19,
15,119,20,9,1,18,1,29,3,12,33.95,20 21 3 9,
15,120,19,9,0,18,0,-1,3,-1,26.76,19 20 21 3,
15,121,16,9,2,19,1,28,2,10,20.13,16 15 9,
15,122,15,1,0,19,1,30,4,12,41.99,15 14 13 19 1,
15,123,4,9,0,19,1,23,2,5,20.19,4 3 9,
15,124,23,9,1,19,0,-1,5,-1,42.61,23 22 21 20 2 3,deadline_exceeded
15,125,10,8,2,19,1,24,2,6,13.77,10 9 8,
15,126,11,9,1,19,1,24,2,6,13.69,11 10 9,
15,127,16,9,0,20,1,30,2,11,19.57,16 15 9,
15,128,6,21,1,20,1,25,4,6,35.12,6 5 4 22 21,
15,129,22,9,1,20,0,-1,2,-1,19.89,22 21 3,
15,130,17,9,1,20,1,26,3,7,28.22,17 16 10 9,
15,131,9,18,0,20,1,28,4,9,35.49,9 10 11 12 18,
15,132,4,9,0,20,1,26,2,7,20.7,4 3 9,
15,133,8,12,1,21,1,26,2,6,15.5,8 7 12,
15,134,9,22,0,21,1,28,3,8,33.32,9 10 16 22,
15,135,11,9,2,21,1,28,2,8,15.2,11 10 9,
15,136,22,9,1,21,1,30,3,10,34.56,22 4 3 9,
15,137,3,19,0,21,1,26,3,6,27.73,3 2 1 19,
15,138,15,9,1,21,0,-1,0,-1,0.0,15,
15,139,18,9,2,22,0,-1,3,-1,21.96,18 13 14 15,
15,140,12,17,2,22,1,25,2,4,21.22,12 11 17,
15,141,11,9,0,22,1,29,2,8,16.0,11 10 9,
15,142,24,13,1,22,1,24,2,3,21.52,24 19 13,
15,143,2,9,1,22,1,28,2,7,20.53,2 3 9,
15,144,3,15,0,22,1,28,2,7,27.57,3 9 15,
15,145,15,2,0,23,0,-1,0,-1,0.0,15,
15,146,14,9,1,23,0,-1,1,-1,6.89,14 15,
15,147,19,17,1,23,1,27,3,5,29.62,19 24 23 17,
15,148,16,6,0,23,1,27,4,5,42.07,16 17 18 12 6,
15,149,22,9,1,23,0,-1,2,-1,21.34,22 4 3,
15,150,21,9,2,23,0,-1,1,-1,13.0,21 15,
15,151,9,2,2,24,1,27,2,4,21.12,9 8 2,
15,152,16,9,1,24,1,30,2,7,22.84,16 10 9,
15,153,17,14,1,24,0,-1,2,-1,16.0,17 16 15,
15,154,11,10,1,24,1,26,1,3,8.0,11 10,
15,155,4,15,0,24,1,29,3,6,35.29,4 22 16 15,
15,156,20,9,1,24,0,-1,2,-1,19.74,20 21 15,
15,157,10,9,1,25,0,-1,0,-1,0.0,10,
15,158,6,5,2,25,1,26,1,2,8.31,6 5,
15,159,16,4,0,25,1,28,2,4,26.24,16 22 4,
15,160,11,14,0,25,0,-1,3,-1,31.54,11 17 18 13,
15,161,24,9,1,25,0,-1,3,-1,29.57,24 19 20 14,
15,162,7,21,0,25,0,-1,3,-1,29.01,7 8 9 3,
15,163,1,9,1,26,0,-1,2,-1,15.39,1 2 3,
15,164,14,9,1,26,1,29,2,4,22.27,14 8 9,
15,165,11,9,0,26,0,-1,1,-1,8.88,11 10,
15,166,19,9,0,26,0,-1,2,-1,15.7,19 20 21,
15,167,9,2,1,26,1,30,2,5,21.31,9 8 2,
15,168,4,9,0,26,0,-1,1,-1,8.31,4 3,
15,169,21,9,0,27,0,-1,0,-1,0.0,21,
15,170,22,9,0,27,0,-1,1,-1,12.62,22 16,
15,171,14,9,1,27,0,-1,1,-1,13.62,14 8,
15,172,4,16,1,27,1,30,2,4,24.42,4 22 16,
15,173,1,9,0,27,0,-1,2,-1,21.31,1 2 8,
15,174,8,9,2,27,0,-1,0,-1,0.0,8,
15,175,17,9,2,28,0,-1,1,-1,9.11,17 16,
15,176,9,6,2,28,0,-1,1,-1,8.88,9 10,
15,177,14,16,0,28,0,-1,1,-1,8.61,14 15,
15,178,16,9,1,28,0,-1,1,-1,12.62,16 10,
15,179,4,9,0,28,0,-1,1,-1,13.0,4 10,
15,180,11,10,0,28,1,30,1,3,9.11,11 10,
15,181,2,9,0,29,0,-1,0,-1,0.0,2,
15,182,21,9,0,29,0,-1,0,-1,0.0,21,
15,183,1,9,0,29,0,-1,1,-1,8.31,1 2,
15,184,19,5,0,29,0,-1,0,-1,0.0,19,
15,185,5,9,0,29,0,-1,1,-1,9.11,5 4,
15,186,11,9,2,29,0,-1,0,-1,0.0,11,
15,187,17,8,2,30,0,-1,0,-1,0.0,17,
15,188,24,9,0,30,0,-1,0,-1,0.0,24,
15,189,18,17,0,30,0,-1,0,-1,0.0,18,
15,190,5,9,2,30,0,-1,0,-1,0.0,5,
15,191,6,9,0,30,0,-1,0,-1,0.0,6,
15,192,12,9,0,30,0,-1,0,-1,0.0,12,
