episode,packet_id,src,dst,traffic_class,created_slot,delivered,delivery_slot,hop_count,delay_slots,delay_ms,path,drop_reason
0,1,6,5,1,1,1,1,1,1,9.43,6 5,
0,2,9,8,0,1,1,1,1,1,8.88,9 8,
0,3,13,5,2,1,1,4,4,4,40.92,13 18 12 6 5,
0,4,11,23,0,1,1,2,2,2,22.79,11 17 23,
0,5,14,1,0,1,1,3,3,3,33.02,14 13 19 1,
0,6,20,17,0,1,1,4,4,4,39.59,20 21 15 16 17,
0,7,22,9,0,1,1,3,3,3,32.89,22 4 3 9,
0,8,19,9,0,1,1,5,4,5,42.51,19 20 2 8 9,
0,9,18,9,0,1,1,6,4,6,39.01,18 17 16 10 9,
0,10,2,9,1,1,1,2,2,2,21.5,2 3 9,
0,11,15,3,1,1,1,3,2,3,23.21,15 21 3,
0,12,7,23,0,1,1,4,4,4,40.37,7 12 11 17 23,
0,13,7,9,1,1,1,3,2,3,18.18,7 8 9,
0,14,14,9,0,1,1,4,2,4,20.5,14 15 9,
0,15,4,1,1,1,1,7,5,7,48.23,4 5 23 24 19 1,
0,16,2,9,1,1,1,4,2,4,20.91,2 3 9,
0,17,15,9,1,1,1,2,1,2,12.21,15 9,
0,18,13,9,0,1,1,8,5,8,49.76,13 14 15 21 3 9,
0,19,1,9,2,2,1,5,3,4,29.92,1 2 3 9,
0,20,7,9,0,2,1,6,2,5,18.61,7 8 9,
0,21,8,24,0,2,1,9,6,8,55.69,8 7 12 18 17 23 24,
0,22,6,12,1,2,1,3,1,2,11.0,6 12,
0,23,10,9,0,2,1,3,1,2,9.43,10 9,
0,24,9,8,1,2,1,3,1,2,9.3,9 8,
0,25,13,9,0,3,1,7,3,5,29.17,13 14 15 9,
0,26,23,9,2,3,1,9,4,7,39.2,23 22 21 15 9,
0,27,11,9,1,3,1,5,2,3,18.98,11 10 9,
0,28,14,9,2,3,1,8,2,6,20.68,14 8 9,
0,29,8,9,0,3,1,7,1,5,9.43,8 9,
0,30,12,15,2,3,1,10,6,8,59.93,12 7 13 19 20 21 15,
0,31,15,9,0,4,1,6,1,3,10.66,15 9,
0,32,23,24,2,4,1,6,1,3,9.11,23 24,
0,33,12,2,0,4,1,7,3,4,28.76,12 6 1 2,
0,34,20,7,0,4,1,8,3,5,31.09,20 19 13 7,
0,35,9,10,2,4,1,5,1,2,9.49,9 10,
0,36,4,9,0,4,1,6,2,3,20.49,4 3 9,
0,37,10,9,1,5,1,7,1,3,9.3,10 9,
0,38,3,9,2,5,1,7,1,3,10.66,3 9,
0,39,11,9,2,5,1,8,2,4,18.41,11 10 9,
0,40,16,9,2,5,1,11,4,7,39.51,16 15 21 3 9,
0,41,2,9,0,5,1,9,2,5,20.5,2 8 9,
0,42,9,4,2,5,1,9,2,5,19.88,9 3 4,
0,43,17,21,2,6,1,9,3,4,28.0,17 16 22 21,
0,44,20,9,2,6,1,10,3,5,29.65,20 14 8 9,
0,45,18,9,1,6,1,13,4,8,36.87,18 13 14 15 9,
0,46,10,9,1,6,1,9,1,4,8.88,10 9,
0,47,12,2,0,6,1,9,3,4,27.65,12 6 1 2,
0,48,22,9,1,6,1,11,3,6,28.97,22 16 15 9,
0,49,23,9,0,7,1,12,4,6,37.44,23 5 4 3 9,
0,50,1,9,0,7,1,11,3,5,28.91,1 7 8 9,
0,51,18,9,0,7,1,12,4,6,34.8,18 17 16 10 9,
0,52,4,10,0,7,1,8,1,2,10.17,4 10,
0,53,22,21,0,7,1,8,1,2,9.11,22 21,
0,54,15,9,0,7,1,15,3,9,26.11,15 16 10 9,
0,55,24,9,1,8,1,14,5,7,46.77,24 19 20 21 15 9,
0,56,9,2,1,8,1,12,2,5,19.11,9 8 2,
0,57,14,9,1,8,1,12,2,5,19.29,14 15 9,
0,58,20,9,2,8,1,13,3,6,28.0,20 14 8 9,
0,59,10,9,0,8,1,10,1,3,8.61,10 9,
0,60,3,9,0,8,1,10,1,3,10.04,3 9,
0,61,4,9,0,9,1,13,2,5,18.48,4 3 9,
0,62,6,22,0,9,1,24,11,16,96.89,6 5 4 3 2 1 7 12 11 10 16 22,
0,63,21,2,1,9,1,12,2,4,18.99,21 20 2,
0,64,5,9,0,9,1,14,3,6,26.69,5 4 3 9,
0,65,16,9,0,9,1,11,2,3,18.36,16 10 9,
0,66,23,9,0,9,1,17,4,9,37.12,23 5 4 3 9,
0,67,17,9,1,10,1,16,3,7,24.96,17 11 10 9,
0,68,9,23,0,10,1,15,4,6,39.29,9 10 11 17 23,
0,69,2,20,1,10,1,11,1,2,10.17,2 20,
0,70,1,23,0,10,1,22,7,13,67.02,1 6 5 4 10 11 17 23,
0,71,7,3,0,10,1,13,3,4,26.78,7 1 2 3,
0,72,5,20,1,10,1,20,6,11,48.24,5 6 1 2 3 21 20,
0,73,14,9,0,11,1,15,2,5,19.31,14 15 9,
0,74,10,9,1,11,1,14,1,4,7.39,10 9,
0,75,2,15,2,11,1,15,3,5,27.77,2 8 14 15,
0,76,24,9,0,11,1,24,7,14,61.79,24 23 22 21 20 14 15 9,
0,77,16,17,0,11,1,13,1,3,7.39,16 17,
0,78,21,9,0,11,1,16,2,6,22.04,21 15 9,
0,79,16,11,0,12,1,16,2,5,19.33,16 17 11,
0,80,8,4,2,12,1,18,3,7,24.96,8 9 3 4,
0,81,20,16,1,12,1,19,3,8,25.89,20 21 15 16,
0,82,10,23,0,12,1,20,3,9,33.4,10 11 17 23,
0,83,22,9,0,12,1,21,3,10,32.82,22 21 15 9,
0,84,21,9,0,12,1,17,2,6,22.79,21 15 9,
0,85,19,5,1,13,1,22,5,10,53.19,19 24 23 17 11 5,
0,86,23,9,2,13,1,21,4,9,40.57,23 22 21 3 9,
0,87,20,9,1,13,1,22,3,10,33.92,20 21 15 9,
0,88,12,9,1,13,1,17,3,5,21.27,12 7 8 9,
0,89,2,9,0,13,1,16,2,4,17.29,2 8 9,
0,90,3,9,0,13,1,16,1,4,11.0,3 9,
0,91,19,14,0,14,1,16,2,3,19.07,19 20 14,
0,92,17,9,0,14,1,23,3,10,26.97,17 16 15 9,
0,93,2,9,2,14,0,-1,9,-1,85.65,2 1 7 12 6 24 23 22 21 15,
0,94,14,9,2,14,1,18,2,5,17.7,14 8 9,
0,95,15,9,2,14,1,18,1,5,12.21,15 9,
0,96,4,9,0,14,1,19,2,6,17.89,4 10 9,
0,97,15,5,0,15,1,24,4,10,41.21,15 16 17 11 5,
0,98,19,6,2,15,1,17,2,3,20.13,19 24 6,
0,99,17,9,1,15,1,25,3,11,27.02,17 16 15 9,
0,100,7,9,1,15,1,19,2,5,13.96,7 8 9,
0,101,11,18,1,15,1,17,2,3,19.57,11 12 18,
0,102,5,9,1,15,1,20,3,6,26.02,5 4 3 9,
0,103,2,9,0,16,1,23,2,8,18.08,2 8 9,
0,104,9,18,0,16,1,24,4,9,34.46,9 8 14 13 18,
0,105,1,9,1,16,1,22,3,7,26.8,1 2 3 9,
0,106,8,16,0,16,1,24,3,9,27.08,8 9 10 16,
0,107,10,9,0,16,1,20,1,5,6.51,10 9,
0,108,23,9,0,16,1,23,4,8,39.97,23 5 4 3 9,
0,109,11,9,1,17,1,21,2,5,13.08,11 10 9,
0,110,23,9,0,17,1,28,6,12,54.69,23 22 21 20 2 8 9,
0,111,24,9,2,17,1,27,5,11,47.7,24 19 20 21 3 9,
0,112,8,9,0,17,1,22,1,6,6.57,8 9,
0,113,5,9,0,17,0,-1,6,-1,55.25,5 4 22 21 20 14 15,
0,114,7,9,0,17,1,24,2,8,13.59,7 8 9,
0,115,18,9,1,18,1,28,4,11,33.47,18 13 14 15 9,
0,116,6,9,0,18,1,28,4,11,33.93,6 5 4 3 9,
0,117,19,9,1,18,0,-1,5,-1,41.72,19 20 21 22 16 15,deadline_exceeded
0,118,13,9,1,18,1,27,3,10,27.04,13 14 15 9,
0,119,14,9,0,18,1,26,2,9,20.46,14 15 9,
0,120,17,9,2,18,0,-1,3,-1,21.71,17 16 15 14,
0,121,16,3,0,19,0,-1,8,-1,80.66,16 22 4 5 6 1 2 20 21,
0,122,7,21,1,19,1,26,4,8,40.06,7 13 14 20 21,
0,123,6,18,1,19,1,22,2,4,27.91,6 24 18,
0,124,8,14,1,19,1,25,1,7,13.96,8 14,
0,125,12,9,0,19,1,26,3,8,20.78,12 7 8 9,
0,126,3,9,0,19,1,24,1,6,13.83,3 9,
0,127,19,20,0,20,1,21,1,2,6.51,19 20,
0,128,11,14,0,20,0,-1,3,-1,21.9,11 10 9 8,
0,129,3,9,1,20,1,25,1,6,13.96,3 9,
0,130,10,21,1,20,1,30,3,11,33.15,10 9 15 21,
0,131,18,9,1,20,1,29,4,10,35.0,18 13 7 8 9,
0,132,5,9,2,20,0,-1,5,-1,49.12,5 4 22 21 20 2,
0,133,5,9,0,21,0,-1,2,-1,14.81,5 4 3,
0,134,7,8,1,21,1,22,1,2,6.51,7 8,
0,135,4,9,2,21,1,26,2,6,21.52,4 10 9,
0,136,21,9,2,21,0,-1,1,-1,13.83,21 3,
0,137,3,9,0,21,1,26,1,6,14.0,3 9,
0,138,13,9,0,21,0,-1,2,-1,13.69,13 14 15,
0,139,20,9,0,22,0,-1,4,-1,40.32,20 21 22 16 10,
0,140,19,9,2,22,0,-1,3,-1,27.03,19 20 21 15,
0,141,3,9,2,22,1,29,1,8,13.62,3 9,
0,142,1,9,0,22,1,30,3,9,26.8,1 2 3 9,
0,143,8,9,0,22,1,27,1,6,7.69,8 9,
0,144,5,9,0,22,0,-1,2,-1,15.39,5 4 3,
0,145,1,16,0,23,1,28,5,6,52.09,1 6 12 11 17 16,
0,146,7,9,1,23,1,27,4,5,32.0,7 12 11 10 9,
0,147,17,2,2,23,0,-1,4,-1,36.46,17 18 13 14 20,
0,148,12,9,1,23,0,-1,3,-1,29.22,12 7 13 14,
0,149,8,9,1,23,1,30,1,8,8.61,8 9,
0,150,14,9,1,23,0,-1,1,-1,7.39,14 15,
0,151,1,16,1,24,0,-1,4,-1,39.83,1 19 24 23 22,
0,152,24,9,2,24,0,-1,4,-1,36.62,24 23 22 21 15,
0,153,14,15,0,24,0,-1,3,-1,26.29,14 13 18 17,
0,154,3,9,2,24,0,-1,0,-1,0.0,3,
0,155,8,9,0,24,0,-1,0,-1,0.0,8,
0,156,4,9,2,24,1,30,2,7,22.5,4 10 9,
0,157,4,9,2,25,0,-1,1,-1,8.61,4 3,
0,158,20,9,1,25,0,-1,1,-1,7.69,20 21,
0,159,8,9,1,25,0,-1,0,-1,0.0,8,
0,160,7,8,2,25,1,26,1,2,7.12,7 8,
0,161,17,9,0,25,1,29,3,5,30.23,17 16 10 9,
0,162,19,9,1,25,0,-1,2,-1,15.39,19 20 21,
0,163,14,21,2,26,0,-1,1,-1,13.0,14 20,
0,164,7,9,0,26,0,-1,4,-1,40.11,7 12 6 5 4,
0,165,2,9,0,26,0,-1,1,-1,7.69,2 3,
0,166,16,23,2,26,1,29,2,4,20.82,16 17 23,
0,167,10,9,1,26,1,28,1,3,8.31,10 9,
0,168,23,16,1,26,1,29,2,4,20.93,23 22 16,
0,169,5,3,1,27,1,30,2,4,17.49,5 4 3,
0,170,1,9,1,27,0,-1,2,-1,21.52,1 2 8,
0,171,15,9,0,27,0,-1,0,-1,0.0,15,
0,172,19,7,2,27,1,30,2,4,27.45,19 13 7,
0,173,16,9,0,27,0,-1,1,-1,13.0,16 10,
0,174,22,6,2,27,0,-1,1,-1,11.79,22 4,
0,175,17,9,0,28,0,-1,1,-1,9.11,17 16,
0,176,16,2,2,28,0,-1,0,-1,0.0,16,
0,177,14,9,1,28,0,-1,0,-1,0.0,14,
0,178,24,9,1,28,0,-1,2,-1,17.61,24 19 20,
0,179,11,24,1,28,0,-1,2,-1,21.32,11 12 6,
0,180,9,2,1,28,0,-1,1,-1,8.31,9 8,
0,181,24,17,0,29,0,-1,1,-1,9.3,24 23,
0,182,16,9,2,29,0,-1,0,-1,0.0,16,
0,183,6,9,0,29,0,-1,1,-1,9.3,6 5,
0,184,14,9,2,29,0,-1,0,-1,0.0,14,
0,185,4,9,0,29,0,-1,0,-1,0.0,4,
0,186,1,9,0,29,0,-1,1,-1,8.31,1 2,
0,187,4,9,1,30,0,-1,0,-1,0.0,4,
0,188,7,9,2,30,0,-1,0,-1,0.0,7,
0,189,13,15,0,30,0,-1,0,-1,0.0,13,
0,190,17,9,2,30,0,-1,0,-1,0.0,17,
0,191,1,9,1,30,0,-1,0,-1,0.0,1,
0,192,21,9,2,30,0,-1,0,-1,0.0,21,
1,1,8,15,0,1,1,2,2,2,21.09,8 9 15,
1,2,18,9,0,1,1,4,4,4,39.73,18 17 16 10 9,
1,3,14,9,0,1,1,2,2,2,21.09,14 15 9,
1,4,1,15,2,1,1,5,4,5,40.49,1 2 20 21 15,
1,5,7,9,2,1,1,2,2,2,17.72,7 8 9,
1,6,20,9,1,1,1,3,3,3,32.46,20 21 15 9,
1,7,3,5,1,1,1,2,2,2,18.54,3 4 5,
1,8,24,13,0,1,1,2,2,2,22.11,24 19 13,
1,9,4,9,1,1,1,2,2,2,21.73,4 3 9,
1,10,2,9,0,1,1,3,2,3,21.09,2 3 9,
1,11,5,9,0,1,1,5,3,5,30.58,5 4 10 9,
1,12,19,9,0,1,1,4,4,4,41.5,19 20 14 15 9,
1,13,9,8,0,1,1,3,1,3,9.3,9 8,
1,14,24,20,1,1,1,3,2,3,18.61,24 19 20,
1,15,23,13,0,1,1,4,3,4,29.17,23 24 18 13,
1,16,20,9,0,1,1,5,3,5,32.22,20 14 15 9,
1,17,10,9,1,1,1,6,5,6,50.07,10 11 17 16 15 9,
1,18,2,14,1,1,1,4,2,4,24.41,2 8 14,
1,19,17,12,1,2,1,5,2,4,19.66,17 18 12,
1,20,12,9,1,2,1,5,3,4,28.22,12 7 8 9,
1,21,21,9,0,2,1,4,2,3,22.79,21 3 9,
1,22,18,9,1,2,1,7,4,6,38.6,18 13 14 15 9,
1,23,16,3,1,2,1,7,3,6,30.0,16 22 4 3,
1,24,23,9,1,2,1,8,4,7,39.54,23 22 21 15 9,
1,25,21,22,1,3,1,4,1,2,9.49,21 22,
1,26,24,9,0,3,1,9,5,7,47.7,24 6 5 4 10 9,
1,27,11,9,1,3,1,10,4,8,39.08,11 10 4 3 9,
1,28,7,9,2,3,1,7,2,5,18.85,7 8 9,
1,29,22,21,0,3,1,5,1,3,9.49,22 21,
1,30,19,17,0,3,1,6,3,4,28.64,19 24 23 17,
1,31,2,9,0,4,1,6,2,3,20.49,2 3 9,
1,32,6,8,0,4,1,8,3,5,29.04,6 1 2 8,
1,33,21,9,1,4,1,8,2,5,20.43,21 3 9,
1,34,13,9,1,4,1,8,3,5,30.58,13 7 8 9,
1,35,18,9,2,4,1,10,4,7,36.65,18 17 11 10 9,
1,36,8,9,0,4,1,6,1,3,9.49,8 9,
1,37,3,15,0,5,1,8,2,4,20.09,3 21 15,
1,38,16,9,2,5,1,7,2,3,19.68,16 10 9,
1,39,20,6,0,5,1,8,3,4,28.19,20 2 1 6,
1,40,17,9,0,5,1,10,3,6,28.6,17 16 15 9,
1,41,19,9,1,5,1,11,4,7,38.96,19 20 21 3 9,
1,42,2,3,1,5,1,6,1,2,9.49,2 3,
1,43,18,9,0,6,1,11,4,6,36.69,18 17 16 15 9,
1,44,13,9,2,6,1,11,3,6,29.04,13 7 8 9,
1,45,15,9,1,6,1,9,1,4,10.04,15 9,
1,46,8,6,0,6,1,11,3,6,27.07,8 7 1 6,
1,47,9,8,1,6,1,7,1,2,9.43,9 8,
1,48,5,6,0,6,1,7,1,2,8.88,5 6,
1,49,17,9,0,7,1,12,3,6,27.39,17 16 15 9,
1,50,18,9,0,7,1,13,4,7,36.87,18 13 14 15 9,
1,51,8,9,0,7,1,10,1,4,8.88,8 9,
1,52,2,23,1,7,1,12,4,6,33.89,2 20 19 24 23,
1,53,24,9,2,7,1,15,5,9,47.6,24 19 20 21 15 9,
1,54,6,9,0,7,1,12,4,6,35.22,6 5 4 10 9,
1,55,3,9,1,8,1,9,1,2,10.17,3 9,
1,56,5,12,0,8,1,14,4,7,41.93,5 23 24 18 12,
1,57,23,14,0,8,1,12,4,5,34.97,23 24 18 13 14,
1,58,8,19,1,8,1,14,3,7,29.04,8 7 13 19,
1,59,21,9,0,8,1,12,2,5,20.22,21 3 9,
1,60,18,9,1,8,1,13,4,6,35.05,18 13 7 8 9,
1,61,14,9,1,9,1,14,2,6,17.69,14 8 9,
1,62,16,2,1,9,0,-1,8,-1,67.49,16 22 21 20 19 24 23 5 4,deadline_exceeded
1,63,20,23,0,9,1,16,3,8,22.07,20 19 24 23,
1,64,10,16,1,9,1,11,1,3,10.17,10 16,
1,65,17,14,2,9,1,13,3,5,23.43,17 18 13 14,
1,66,19,9,0,9,1,16,4,8,38.62,19 13 14 15 9,
1,67,12,18,1,10,1,11,1,2,10.66,12 18,
1,68,20,24,0,10,1,14,2,5,15.01,20 19 24,
1,69,23,9,0,10,1,18,4,9,38.4,23 22 16 15 9,
1,70,18,22,2,10,1,16,3,7,26.45,18 17 16 22,
1,71,5,9,1,10,1,13,3,4,26.17,5 4 3 9,
1,72,16,9,2,10,1,13,2,4,18.07,16 10 9,
1,73,22,9,1,11,1,17,3,7,30.48,22 21 15 9,
1,74,24,9,2,11,1,23,5,13,48.23,24 19 20 21 3 9,
1,75,20,9,0,11,1,16,3,6,28.44,20 14 8 9,
1,76,11,12,2,11,1,12,1,2,7.39,11 12,
1,77,15,20,1,11,1,16,2,6,19.07,15 14 20,
1,78,9,22,1,11,0,-1,5,-1,42.68,9 3 4 5 11 10,no_route
1,79,11,24,1,12,1,15,3,4,31.53,11 12 18 24,
1,80,23,9,1,12,1,20,4,9,39.3,23 22 21 15 9,
1,81,1,24,2,12,1,17,4,6,43.81,1 6 12 18 24,
1,82,24,9,0,12,1,21,5,10,43.56,24 19 13 14 8 9,
1,83,4,9,0,12,1,15,2,4,17.5,4 10 9,
1,84,10,8,2,12,1,20,6,9,51.92,10 11 12 6 1 2 8,
1,85,23,16,0,13,1,15,2,3,18.68,23 17 16,
1,86,8,9,0,13,1,15,1,3,7.39,8 9,
1,87,4,18,1,13,1,19,4,7,40.98,4 5 6 24 18,
1,88,3,9,2,13,1,15,1,3,10.66,3 9,
1,89,24,9,1,13,0,-1,3,-1,19.72,24 19 20 21,deadline_exceeded
1,90,14,5,1,13,1,20,5,8,48.66,14 13 18 17 23 5,
1,91,6,9,2,14,1,19,4,6,33.06,6 1 2 3 9,
1,92,20,15,0,14,1,18,2,5,19.74,20 21 15,
1,93,1,10,0,14,1,18,4,5,33.72,1 2 3 4 10,
1,94,12,21,2,14,1,25,5,12,46.55,12 11 10 9 15 21,
1,95,9,17,1,14,1,20,3,7,24.08,9 15 16 17,
1,96,18,10,0,14,1,18,3,5,25.76,18 17 16 10,
1,97,5,16,2,15,1,20,3,6,33.81,5 4 22 16,
1,98,4,9,1,15,1,18,2,4,18.68,4 3 9,
1,99,21,9,2,15,1,21,2,7,25.55,21 15 9,
1,100,11,6,0,15,1,18,2,4,19.57,11 12 6,
1,101,10,9,0,15,1,16,1,2,6.89,10 9,
1,102,7,3,0,15,1,18,3,4,25.09,7 8 2 3,
1,103,9,21,0,16,1,20,2,5,25.0,9 3 21,
1,104,19,15,0,16,1,25,5,10,41.69,19 20 21 22 16 15,
1,105,14,16,2,16,1,22,2,7,13.59,14 15 16,
1,106,22,13,0,16,1,22,4,7,33.54,22 23 24 19 13,
1,107,23,9,1,16,1,26,4,11,40.44,23 22 21 15 9,
1,108,10,9,2,16,1,17,1,2,6.7,10 9,
1,109,15,9,0,17,1,23,1,7,13.83,15 9,
1,110,3,12,1,17,1,24,4,8,34.66,3 2 1 6 12,
1,111,24,4,1,17,1,22,3,6,27.77,24 6 5 4,
1,112,20,9,2,17,1,24,3,8,34.36,20 21 3 9,
1,113,14,9,1,17,1,19,2,3,18.36,14 8 9,
1,114,7,9,0,17,1,20,2,4,13.39,7 8 9,
1,115,5,7,0,18,1,21,3,4,25.67,5 6 1 7,
1,116,20,9,1,18,0,-1,4,-1,35.14,20 21 22 16 15,deadline_exceeded
1,117,21,14,2,18,1,25,2,8,20.57,21 20 14,
1,118,3,9,1,18,1,22,1,5,13.34,3 9,
1,119,15,9,0,18,1,24,1,7,13.96,15 9,
1,120,18,9,0,18,1,27,4,10,33.61,18 13 14 15 9,
1,121,12,9,0,19,1,22,3,4,20.1,12 11 10 9,
1,122,1,15,0,19,1,24,4,6,38.96,1 7 8 9 15,
1,123,18,6,2,19,1,21,2,3,27.65,18 12 6,
1,124,20,9,0,19,1,30,3,12,33.32,20 14 15 9,
1,125,23,9,0,19,1,24,4,6,41.73,23 22 16 10 9,
1,126,2,9,1,19,1,25,2,7,20.46,2 3 9,
1,127,20,9,2,20,0,-1,2,-1,20.04,20 21 3,
1,128,8,4,0,20,1,25,3,6,27.46,8 9 10 4,
1,129,21,9,2,20,1,29,2,10,27.45,21 3 9,
1,130,16,9,1,20,1,28,2,9,20.19,16 15 9,
1,131,9,20,0,20,1,25,3,6,34.34,9 8 14 20,
1,132,10,6,0,20,1,23,3,4,27.82,10 11 12 6,
1,133,11,9,0,21,1,26,2,6,14.81,11 10 9,
1,134,9,1,1,21,1,26,3,6,27.29,9 8 7 1,
1,135,12,19,1,21,1,24,3,4,34.56,12 7 13 19,
1,136,1,9,1,21,1,26,3,6,27.21,1 2 3 9,
1,137,20,9,0,21,0,-1,2,-1,21.35,20 14 15,
1,138,23,15,1,21,0,-1,4,-1,34.77,23 22 21 20 14,
1,139,24,8,0,22,1,28,4,7,41.96,24 19 20 2 8,
1,140,18,9,0,22,0,-1,3,-1,22.26,18 13 14 15,
1,141,21,6,0,22,0,-1,3,-1,28.7,21 20 2 1,
1,142,15,9,1,22,1,29,1,8,13.34,15 9,
1,143,12,9,0,22,1,28,3,7,23.69,12 11 10 9,
1,144,16,9,0,22,1,27,2,6,22.0,16 10 9,
1,145,3,9,1,23,1,27,1,5,13.96,3 9,
1,146,18,9,1,23,0,-1,3,-1,23.38,18 17 16 15,
1,147,2,9,1,23,1,28,2,6,20.71,2 3 9,
1,148,20,11,1,23,1,30,5,8,49.3,20 19 24 23 17 11,
1,149,1,16,1,23,0,-1,4,-1,35.92,1 2 8 9 10,
1,150,13,9,0,23,1,30,3,8,29.56,13 14 8 9,
1,151,9,15,0,24,1,25,1,2,14.0,9 15,
1,152,22,9,0,24,0,-1,2,-1,20.31,22 21 3,
1,153,15,9,2,24,0,-1,0,-1,0.0,15,
1,154,1,22,0,24,1,28,4,5,37.55,1 6 5 4 22,
1,155,20,13,1,24,1,29,2,6,21.31,20 19 13,
1,156,2,9,0,24,0,-1,1,-1,7.39,2 3,
1,157,24,9,1,25,0,-1,2,-1,16.3,24 19 20,
1,158,3,9,1,25,1,30,1,6,13.34,3 9,
1,159,7,9,1,25,1,29,2,5,15.7,7 8 9,
1,160,8,9,1,25,1,27,1,3,7.69,8 9,
1,161,16,8,0,25,0,-1,1,-1,13.34,16 10,
1,162,4,9,0,25,1,29,2,5,22.57,4 10 9,
1,163,23,13,1,26,1,30,3,5,31.25,23 24 19 13,
1,164,10,9,0,26,1,30,1,5,8.88,10 9,
1,165,21,9,1,26,0,-1,1,-1,12.62,21 15,
1,166,8,15,1,26,1,29,2,4,21.34,8 9 15,
1,167,6,9,0,26,0,-1,3,-1,25.83,6 5 4 3,
1,168,17,9,0,26,0,-1,2,-1,21.31,17 16 10,
1,169,15,9,2,27,0,-1,0,-1,0.0,15,
1,170,7,9,0,27,0,-1,1,-1,7.69,7 8,
1,171,22,9,2,27,0,-1,2,-1,25.62,22 4 10,
1,172,14,21,1,27,0,-1,1,-1,13.34,14 20,
1,173,21,9,1,27,0,-1,0,-1,0.0,21,
1,174,5,9,2,27,0,-1,2,-1,22.11,5 11 10,
1,175,13,22,2,28,0,-1,2,-1,18.6,13 18 17,
1,176,9,12,1,28,0,-1,1,-1,8.61,9 8,
1,177,20,9,1,28,0,-1,0,-1,0.0,20,
1,178,6,9,1,28,0,-1,2,-1,17.61,6 1 2,
1,179,5,1,0,28,0,-1,1,-1,9.3,5 6,
1,180,12,13,0,28,1,30,2,3,22.92,12 7 13,
1,181,11,9,0,29,0,-1,0,-1,0.0,11,
1,182,18,9,0,29,0,-1,0,-1,0.0,18,
1,183,14,4,0,29,0,-1,1,-1,13.34,14 8,
1,184,24,9,0,29,0,-1,1,-1,11.0,24 6,
1,185,15,9,2,29,0,-1,0,-1,0.0,15,
1,186,17,9,1,29,0,-1,0,-1,0.0,17,
1,187,9,22,0,30,0,-1,0,-1,0.0,9,
1,188,2,1,0,30,0,-1,0,-1,0.0,2,
1,189,5,9,0,30,0,-1,0,-1,0.0,5,
1,190,12,9,2,30,0,-1,0,-1,0.0,12,
1,191,3,17,0,30,0,-1,0,-1,0.0,3,
1,192,10,9,2,30,0,-1,0,-1,0.0,10,
2,1,24,9,0,1,1,8,5,8,48.63,24 19 20 21 15 9,
2,2,20,9,0,1,1,3,3,3,32.47,20 21 3 9,
2,3,23,9,0,1,1,4,4,4,41.36,23 22 21 15 9,
2,4,13,12,0,1,1,2,2,2,20.49,13 18 12,
2,5,9,10,1,1,1,5,5,5,46.04,9 8 7 12 11 10,
2,6,5,9,1,1,1,4,3,4,30.39,5 4 3 9,
2,7,6,9,1,1,1,4,4,4,40.2,6 5 11 10 9,
2,8,10,2,2,1,1,5,3,5,31.22,10 9 3 2,
2,9,3,9,0,1,1,1,1,1,13.0,3 9,
2,10,19,9,0,1,1,7,4,7,39.11,19 20 21 15 9,
2,11,1,9,2,1,1,6,3,6,28.72,1 2 3 9,
2,12,14,9,0,1,1,2,2,2,21.09,14 15 9,
2,13,9,12,0,1,1,6,3,6,27.97,9 10 11 12,
2,14,24,4,0,1,1,4,3,4,29.37,24 6 5 4,
2,15,15,9,1,1,1,3,1,3,11.79,15 9,
2,16,20,2,0,1,1,3,1,3,11.38,20 2,
2,17,13,9,1,1,1,5,3,5,29.18,13 14 15 9,
2,18,19,9,0,1,1,10,4,10,39.61,19 20 14 15 9,
2,19,5,9,0,2,1,7,3,6,30.17,5 4 10 9,
2,20,12,9,1,2,1,13,5,12,48.29,12 11 10 16 15 9,
2,21,1,9,0,2,1,5,3,4,30.82,1 2 8 9,
2,22,23,9,0,2,1,8,4,7,39.54,23 22 21 3 9,
2,23,16,9,2,2,1,11,4,10,41.34,16 10 4 3 9,
2,24,7,21,1,2,1,10,4,9,39.35,7 8 14 20 21,
2,25,15,19,0,3,1,10,3,8,28.83,15 14 13 19,
2,26,5,17,1,3,1,6,2,4,20.09,5 23 17,
2,27,9,5,0,3,1,9,3,7,29.7,9 3 4 5,
2,28,18,9,1,3,1,11,4,9,38.2,18 13 14 15 9,
2,29,7,9,0,3,1,8,2,6,18.73,7 8 9,
2,30,17,9,0,3,1,9,3,7,29.03,17 16 15 9,
2,31,1,9,1,4,1,9,3,6,29.09,1 2 3 9,
2,32,8,9,1,4,1,7,1,4,9.43,8 9,
2,33,7,19,0,4,1,7,2,4,22.17,7 1 19,
2,34,21,8,1,4,1,9,3,6,29.85,21 20 2 8,
2,35,6,24,1,4,1,5,1,2,10.0,6 24,
2,36,9,20,2,4,1,11,3,8,30.05,9 8 2 20,
2,37,9,12,0,5,1,11,3,7,25.72,9 10 11 12,
2,38,7,9,2,5,1,10,2,6,18.37,7 8 9,
2,39,24,3,1,5,1,12,4,8,36.69,24 19 20 2 3,
2,40,13,5,0,5,1,9,4,5,37.76,13 18 17 11 5,
2,41,23,9,2,5,1,12,4,8,38.32,23 22 21 3 9,
2,42,2,11,0,5,1,11,4,7,35.66,2 1 6 5 11,
2,43,3,9,1,6,1,10,1,5,10.04,3 9,
2,44,1,9,0,6,1,13,3,8,27.6,1 2 8 9,
2,45,4,9,1,6,1,11,2,6,18.48,4 10 9,
2,46,2,17,0,6,1,14,5,9,42.47,2 20 14 13 18 17,
2,47,10,8,0,6,1,11,2,6,17.22,10 9 8,
2,48,17,18,0,6,1,7,1,2,8.88,17 18,
2,49,4,9,1,7,1,13,2,7,17.69,4 10 9,
2,50,5,9,1,7,1,14,3,8,27.58,5 4 3 9,
2,51,16,9,1,7,1,12,2,6,18.04,16 10 9,
2,52,6,9,0,7,1,15,4,9,34.51,6 5 4 10 9,
2,53,15,9,1,7,1,12,1,6,10.17,15 9,
2,54,8,17,2,7,1,14,4,8,34.5,8 7 12 11 17,
2,55,11,16,1,8,1,11,2,4,18.17,11 17 16,
2,56,23,9,1,8,1,15,4,8,38.09,23 22 16 15 9,
2,57,7,9,0,8,1,12,2,5,17.61,7 8 9,
2,58,14,9,1,8,1,14,2,7,19.54,14 15 9,
2,59,5,9,0,8,1,16,3,9,27.0,5 4 3 9,
2,60,21,7,1,8,1,15,4,8,37.96,21 20 19 13 7,
2,61,23,9,1,9,1,16,4,8,38.39,23 22 21 15 9,
2,62,1,9,1,9,1,17,3,9,28.5,1 2 3 9,
2,63,3,9,0,9,1,13,1,5,10.17,3 9,
2,64,20,9,1,9,1,18,3,10,31.18,20 21 15 9,
2,65,7,9,0,9,1,14,2,6,16.8,7 8 9,
2,66,18,9,2,9,1,19,4,11,37.19,18 13 14 15 9,
2,67,1,2,0,10,1,11,1,2,8.88,1 2,
2,68,7,9,0,10,1,15,2,6,16.27,7 8 9,
2,69,13,9,1,10,1,18,3,9,25.69,13 14 8 9,
2,70,19,5,1,10,0,-1,10,-1,82.31,19 24 23 22 21 20 14 13 18 17 11,deadline_exceeded
2,71,18,9,0,10,1,20,4,11,36.06,18 17 16 15 9,
2,72,10,9,1,10,0,-1,6,-1,52.83,10 11 12 18 13 14 8,deadline_exceeded
2,73,12,6,2,11,1,12,1,2,10.66,12 6,
2,74,7,9,2,11,1,17,2,7,15.2,7 8 9,
2,75,2,12,0,11,1,16,3,6,26.78,2 1 6 12,
2,76,16,9,2,11,1,16,2,6,17.27,16 10 9,
2,77,23,10,1,11,1,14,3,4,29.69,23 22 16 10,
2,78,9,23,1,11,1,19,4,9,37.0,9 15 16 17 23,
2,79,1,6,2,12,1,13,1,2,6.89,1 6,
2,80,9,6,0,12,1,20,4,9,29.96,9 3 4 5 6,
2,81,22,15,0,12,1,17,4,6,33.05,22 21 20 14 15,
2,82,4,9,1,12,1,20,2,9,20.01,4 3 9,
2,83,8,9,0,12,1,16,1,5,7.12,8 9,
2,84,3,9,0,12,1,15,1,4,10.66,3 9,
2,85,3,9,1,13,1,19,1,7,12.21,3 9,
2,86,15,9,0,13,1,21,1,9,13.34,15 9,
2,87,18,22,0,13,1,17,3,5,26.02,18 17 16 22,
2,88,2,9,0,13,1,19,2,7,16.96,2 8 9,
2,89,23,9,2,13,1,25,4,13,40.62,23 22 21 15 9,
2,90,6,9,0,13,1,20,4,8,31.6,6 1 2 8 9,
2,91,11,9,0,14,1,17,2,4,13.4,11 10 9,
2,92,3,9,0,14,1,21,1,8,13.0,3 9,
2,93,6,9,0,14,1,23,4,10,34.01,6 1 2 3 9,
2,94,15,21,1,14,1,22,1,9,13.83,15 21,
2,95,16,13,1,14,1,18,3,5,19.97,16 17 18 13,
2,96,20,9,1,14,1,24,3,11,33.56,20 21 15 9,
2,97,3,11,1,15,0,-1,2,-1,14.09,3 4 5,deadline_exceeded
2,98,12,9,2,15,1,19,3,5,19.52,12 11 10 9,
2,99,7,6,0,15,1,18,2,4,19.51,7 12 6,
2,100,22,9,0,15,1,28,5,14,47.23,22 21 20 2 3 9,
2,101,19,24,0,15,1,16,1,2,6.51,19 24,
2,102,15,9,0,15,1,23,1,9,13.83,15 9,
2,103,21,9,2,16,1,23,4,8,40.63,21 22 16 10 9,
2,104,12,9,1,16,1,21,3,6,19.72,12 11 10 9,
2,105,7,9,1,16,1,21,2,6,13.63,7 8 9,
2,106,6,8,1,16,1,19,3,4,24.21,6 1 7 8,
2,107,11,22,0,16,1,26,5,11,45.81,11 10 9 3 4 22,
2,108,13,9,2,16,1,27,3,12,27.52,13 14 15 9,
2,109,19,9,0,17,0,-1,5,-1,41.38,19 20 21 22 16 15,
2,110,12,9,2,17,1,24,3,8,20.28,12 7 8 9,
2,111,17,9,0,17,1,28,3,12,26.63,17 16 15 9,
2,112,7,9,0,17,1,22,2,6,13.46,7 8 9,
2,113,14,12,0,17,1,22,3,6,27.69,14 13 18 12,
2,114,9,1,2,17,1,24,3,8,26.61,9 8 7 1,
2,115,4,9,0,18,1,26,2,9,20.51,4 3 9,
2,116,15,11,2,18,0,-1,2,-1,16.8,15 16 17,
2,117,1,16,0,18,1,26,5,9,47.52,1 6 5 4 22 16,
2,118,2,9,0,18,1,25,2,8,20.53,2 3 9,
2,119,5,9,1,18,1,24,3,7,26.96,5 4 10 9,
2,120,12,9,1,18,1,25,3,8,21.16,12 11 10 9,
2,121,9,6,1,19,1,24,4,6,34.74,9 10 11 12 6,
2,122,1,21,1,19,1,22,3,4,26.76,1 2 20 21,
2,123,11,2,1,19,1,26,4,8,34.8,11 12 7 8 2,
2,124,5,9,0,19,1,29,3,11,27.2,5 4 3 9,
2,125,17,9,1,19,1,29,3,11,26.61,17 16 15 9,
2,126,4,11,0,19,1,25,2,7,20.84,4 5 11,
2,127,16,9,0,20,1,27,2,8,21.96,16 10 9,
2,128,6,9,2,20,0,-1,3,-1,20.51,6 1 2 3,
2,129,1,9,2,20,1,30,3,11,26.55,1 2 3 9,
2,130,14,16,0,20,1,30,2,11,15.46,14 15 16,
2,131,5,1,0,20,1,24,2,5,15.39,5 6 1,
2,132,17,9,2,20,0,-1,2,-1,14.57,17 16 15,
2,133,13,20,0,21,1,23,2,3,20.34,13 14 20,
2,134,16,9,1,21,0,-1,1,-1,7.12,16 15,
2,135,1,9,0,21,1,27,3,7,28.09,1 2 8 9,
2,136,5,9,0,21,0,-1,2,-1,15.39,5 4 3,
2,137,3,24,2,21,1,30,4,10,35.68,3 2 1 6 24,
2,138,21,9,2,21,0,-1,3,-1,34.04,21 22 16 10,
2,139,17,14,0,22,1,25,3,4,22.28,17 18 13 14,
2,140,16,9,0,22,1,29,2,8,22.23,16 10 9,
2,141,10,9,0,22,1,26,1,5,7.69,10 9,
2,142,8,9,1,22,1,25,1,4,7.12,8 9,
2,143,1,9,1,22,0,-1,2,-1,14.09,1 2 3,
2,144,23,9,0,22,0,-1,3,-1,28.19,23 22 21 15,
2,145,19,9,0,23,0,-1,3,-1,27.44,19 20 21 15,
2,146,5,6,0,23,1,26,1,4,8.31,5 6,
2,147,17,3,1,23,1,28,4,6,42.52,17 23 22 21 3,
2,148,22,17,0,23,1,27,2,5,20.69,22 23 17,
2,149,23,1,0,23,0,-1,3,-1,30.24,23 5 4 3,
2,150,16,12,1,23,0,-1,2,-1,18.18,16 17 18,
2,151,21,16,0,24,1,28,2,5,20.69,21 22 16,
2,152,23,9,0,24,0,-1,3,-1,29.23,23 22 21 15,
2,153,10,9,0,24,1,28,1,5,8.31,10 9,
2,154,14,9,1,24,0,-1,1,-1,7.12,14 15,
2,155,9,6,0,24,0,-1,3,-1,28.76,9 8 7 1,
2,156,1,12,0,24,1,26,2,3,21.93,1 6 12,
2,157,2,9,1,25,0,-1,1,-1,7.69,2 3,
2,158,19,14,1,25,1,27,2,3,20.95,19 20 14,
2,159,24,9,1,25,0,-1,4,-1,42.68,24 19 20 14 8,
2,160,6,9,2,25,0,-1,3,-1,24.88,6 1 2 3,
2,161,20,6,1,25,1,30,3,6,30.16,20 19 1 6,
2,162,12,9,1,25,1,30,3,6,25.51,12 11 10 9,
2,163,22,9,0,26,0,-1,1,-1,8.88,22 21,
2,164,20,13,1,26,1,30,2,5,21.03,20 19 13,
2,165,13,9,2,26,1,30,3,5,29.83,13 14 8 9,
2,166,16,9,2,26,0,-1,0,-1,0.0,16,
2,167,14,22,2,26,0,-1,2,-1,22.44,14 20 21,
2,168,18,9,0,26,0,-1,2,-1,17.22,18 17 16,
2,169,19,17,0,27,0,-1,2,-1,18.6,19 24 23,
2,170,16,23,0,27,0,-1,0,-1,0.0,16,
2,171,8,9,0,27,1,29,1,3,8.31,8 9,
2,172,15,5,1,27,0,-1,0,-1,0.0,15,
2,173,5,11,0,27,1,28,1,2,13.34,5 11,
2,174,20,9,1,27,0,-1,0,-1,0.0,20,
2,175,11,9,0,28,0,-1,1,-1,8.88,11 10,
2,176,15,9,0,28,0,-1,0,-1,0.0,15,
2,177,14,9,2,28,0,-1,1,-1,13.62,14 8,
2,178,18,9,1,28,0,-1,2,-1,17.61,18 13 14,
2,179,6,9,0,28,0,-1,2,-1,18.23,6 5 4,
2,180,17,9,1,28,0,-1,1,-1,8.88,17 16,
2,181,14,9,0,29,0,-1,0,-1,0.0,14,
2,182,1,9,0,29,0,-1,0,-1,0.0,1,
2,183,17,9,0,29,0,-1,0,-1,0.0,17,
2,184,15,9,0,29,0,-1,0,-1,0.0,15,
2,185,5,9,1,29,0,-1,0,-1,0.0,5,
2,186,7,9,2,29,0,-1,1,-1,8.31,7 8,
2,187,7,9,1,30,0,-1,0,-1,0.0,7,
2,188,10,3,2,30,0,-1,0,-1,0.0,10,
2,189,18,9,0,30,0,-1,0,-1,0.0,18,
2,190,15,9,1,30,0,-1,0,-1,0.0,15,
2,191,1,9,1,30,0,-1,0,-1,0.0,1,
2,192,9,1,0,30,0,-1,0,-1,0.0,9,
3,1,19,9,2,1,1,4,4,4,41.5,19 20 14 15 9,
3,2,10,9,0,1,1,1,1,1,9.11,10 9,
3,3,7,9,2,1,1,2,2,2,17.72,7 8 9,
3,4,18,9,0,1,1,5,4,5,39.28,18 17 16 15 9,
3,5,22,9,2,1,1,3,3,3,32.71,22 21 3 9,
3,6,12,3,0,1,1,5,4,5,40.2,12 11 5 4 3,
3,7,20,9,0,1,1,6,3,6,30.93,20 21 15 9,
3,8,24,9,0,1,1,6,5,6,50.01,24 6 5 11 10 9,
3,9,14,9,0,1,1,2,2,2,21.09,14 15 9,
3,10,11,2,0,1,1,4,4,4,40.36,11 10 4 3 2,
3,11,4,9,0,1,1,3,2,3,22.04,4 10 9,
3,12,1,23,2,1,1,7,5,7,49.14,1 6 24 18 17 23,
3,13,20,5,1,1,1,6,4,6,37.71,20 19 24 23 5,
3,14,19,8,0,1,1,4,3,4,33.52,19 13 14 8,
3,15,5,16,0,1,1,5,3,5,30.19,5 4 22 16,
3,16,9,2,0,1,1,3,2,3,21.73,9 8 2,
3,17,1,9,0,1,1,5,3,5,29.56,1 2 3 9,
3,18,23,2,0,1,1,7,4,7,38.94,23 22 4 3 2,
3,19,15,23,1,2,1,5,3,4,29.09,15 16 17 23,
3,20,20,9,0,2,1,7,3,6,30.47,20 21 15 9,
3,21,6,12,2,2,1,4,1,3,10.66,6 12,
3,22,7,12,0,2,1,3,1,2,9.43,7 12,
3,23,5,9,0,2,1,8,3,7,28.92,5 4 10 9,
3,24,13,9,0,2,1,6,3,5,31.13,13 7 8 9,
3,25,1,21,0,3,1,6,3,4,29.45,1 2 20 21,
3,26,12,9,2,3,1,7,3,5,28.22,12 7 8 9,
3,27,11,9,1,3,1,10,4,8,39.26,11 17 16 15 9,
3,28,8,9,0,3,1,4,1,2,9.43,8 9,
3,29,22,9,0,3,1,8,3,6,30.05,22 21 3 9,
3,30,2,11,1,3,1,7,4,5,37.7,2 1 6 5 11,
3,31,2,7,1,4,1,8,2,5,20.81,2 8 7,
3,32,9,3,0,4,1,5,1,2,11.38,9 3,
3,33,23,9,1,4,1,10,4,7,37.66,23 17 16 10 9,
3,34,22,20,0,4,1,7,2,4,18.85,22 21 20,
3,35,3,9,0,4,1,6,1,3,11.0,3 9,
3,36,10,15,0,4,1,6,2,3,20.09,10 16 15,
3,37,15,9,0,5,1,8,1,4,10.17,15 9,
3,38,14,9,0,5,1,9,2,5,19.54,14 15 9,
3,39,23,1,0,5,1,9,3,5,27.26,23 24 6 1,
3,40,17,9,0,5,1,12,3,8,26.36,17 11 10 9,
3,41,18,9,1,5,1,11,4,7,37.72,18 13 14 15 9,
3,42,1,9,0,5,1,10,3,6,30.16,1 7 8 9,
3,43,4,7,0,6,1,11,4,6,34.76,4 5 6 12 7,
3,44,21,11,2,6,1,11,4,6,38.49,21 22 23 17 11,
3,45,8,9,0,6,1,9,1,4,9.11,8 9,
3,46,6,9,2,6,1,12,4,7,37.22,6 1 7 8 9,
3,47,1,19,0,6,1,9,3,4,28.83,1 2 20 19,
3,48,3,9,0,6,1,9,1,4,10.17,3 9,
3,49,19,9,0,7,1,12,4,6,38.73,19 20 21 3 9,
3,50,23,22,0,7,1,8,1,2,8.88,23 22,
3,51,24,9,0,7,1,14,5,8,43.81,24 6 5 4 10 9,
3,52,13,20,0,7,1,9,2,3,19.68,13 19 20,
3,53,6,9,2,7,1,14,4,8,35.78,6 1 7 8 9,
3,54,8,9,1,7,1,11,1,5,8.61,8 9,
3,55,22,18,0,8,1,12,3,5,25.56,22 16 17 18,
3,56,23,13,1,8,1,11,3,4,26.0,23 24 19 13,
3,57,1,9,0,8,1,13,3,6,27.9,1 2 3 9,
3,58,19,9,0,8,1,19,4,12,34.97,19 13 7 8 9,
3,59,13,9,2,8,1,15,3,8,26.65,13 7 8 9,
3,60,10,4,1,8,1,9,1,2,10.04,10 4,
3,61,8,9,2,9,1,13,1,5,8.0,8 9,
3,62,12,23,0,9,1,25,9,17,74.99,12 11 5 6 1 2 3 4 22 23,
3,63,1,9,1,9,1,16,3,8,28.19,1 2 3 9,
3,64,11,9,0,9,1,13,2,5,15.69,11 10 9,
3,65,17,9,2,9,1,13,3,5,26.69,17 16 15 9,
3,66,10,9,0,9,1,11,1,3,8.31,10 9,
3,67,14,9,0,10,1,16,2,7,17.12,14 8 9,
3,68,4,20,0,10,1,21,7,12,56.93,4 3 2 1 6 24 19 20,
3,69,24,12,2,10,1,16,4,7,34.67,24 18 13 7 12,
3,70,7,9,0,10,1,18,2,9,15.31,7 8 9,
3,71,19,9,0,10,1,19,4,10,38.38,19 1 2 3 9,
3,72,9,23,0,10,1,17,4,8,37.16,9 3 4 5 23,
3,73,7,21,1,11,0,-1,4,-1,36.36,7 13 14 20 19,no_route
3,74,20,9,1,11,1,14,3,4,29.64,20 21 15 9,
3,75,24,9,0,11,1,21,5,11,47.3,24 23 22 21 15 9,
3,76,8,11,0,11,1,21,3,11,20.89,8 7 12 11,
3,77,17,9,2,11,1,18,3,8,26.99,17 16 15 9,
3,78,22,9,0,11,1,19,3,9,31.62,22 21 15 9,
3,79,20,3,0,12,1,15,2,4,18.05,20 2 3,
3,80,14,4,2,12,1,17,4,6,38.7,14 15 16 10 4,
3,81,7,9,0,12,1,21,2,10,14.2,7 8 9,
3,82,3,9,0,12,1,17,1,6,11.38,3 9,
3,83,16,14,0,12,1,16,2,5,14.81,16 15 14,
3,84,21,9,1,12,1,20,2,9,24.38,21 15 9,
3,85,6,9,0,13,1,23,4,11,33.53,6 5 4 3 9,
3,86,7,9,0,13,1,22,2,10,13.69,7 8 9,
3,87,18,9,2,13,1,23,4,11,34.3,18 17 16 15 9,
3,88,3,9,1,13,1,18,1,6,11.79,3 9,
3,89,10,9,0,13,1,15,1,3,7.12,10 9,
3,90,15,9,0,13,1,17,1,5,11.79,15 9,
3,91,22,24,0,14,1,16,2,3,13.46,22 23 24,
3,92,12,19,0,14,1,21,5,8,45.39,12 7 1 6 24 19,
3,93,8,20,2,14,1,21,2,8,25.96,8 14 20,
3,94,4,9,1,14,1,20,2,7,19.74,4 3 9,
3,95,20,14,0,14,1,15,1,2,11.0,20 14,
3,96,5,9,0,14,1,18,3,5,25.25,5 4 10 9,
3,97,23,9,1,15,0,-1,5,-1,39.29,23 22 21 20 14 15,deadline_exceeded
3,98,22,9,0,15,1,24,3,10,33.05,22 21 15 9,
3,99,4,9,0,15,1,19,2,5,18.72,4 10 9,
3,100,18,1,0,15,1,21,5,7,45.71,18 13 19 24 6 1,
3,101,10,9,0,15,1,16,1,2,6.89,10 9,
3,102,3,9,1,15,1,21,1,7,13.0,3 9,
3,103,6,9,0,16,1,24,4,9,33.47,6 5 4 10 9,
3,104,4,9,1,16,1,22,2,7,19.7,4 10 9,
3,105,7,9,0,16,1,24,2,9,13.59,7 8 9,
3,106,18,9,1,16,1,26,4,11,33.92,18 13 14 15 9,
3,107,20,5,2,16,1,23,4,8,34.72,20 19 24 23 5,
3,108,15,9,0,16,1,22,1,7,13.62,15 9,
3,109,20,9,0,17,1,29,5,13,46.95,20 21 22 16 15 9,
3,110,7,9,0,17,1,27,2,11,14.2,7 8 9,
3,111,23,9,1,17,0,-1,7,-1,60.79,23 22 21 20 14 13 7 8,deadline_exceeded
3,112,1,9,1,17,1,24,3,8,27.29,1 2 3 9,
3,113,18,5,0,17,1,20,3,4,33.18,18 17 11 5,
3,114,12,9,0,17,1,26,5,10,46.78,12 11 5 4 3 9,
3,115,8,9,0,18,1,23,1,6,6.7,8 9,
3,116,2,9,1,18,1,25,2,8,20.46,2 3 9,
3,117,9,16,0,18,1,21,2,4,20.13,9 10 16,
3,118,18,19,1,18,1,20,2,3,19.32,18 13 19,
3,119,15,9,0,18,1,25,1,8,14.0,15 9,
3,120,10,9,2,18,1,20,1,3,6.51,10 9,
3,121,15,9,1,19,1,27,1,9,13.83,15 9,
3,122,9,18,0,19,1,25,4,7,35.85,9 10 16 17 18,
3,123,16,14,0,19,1,28,2,10,14.51,16 15 14,
3,124,5,17,2,19,1,24,4,6,42.38,5 11 12 18 17,
3,125,21,9,1,19,0,-1,3,-1,28.09,21 22 16 15,deadline_exceeded
3,126,8,1,0,19,1,29,4,11,38.07,8 7 12 6 1,
3,127,11,9,2,20,1,25,2,6,14.09,11 10 9,
3,128,8,11,2,20,1,30,3,11,24.5,8 9 10 11,
3,129,4,2,2,20,1,27,2,8,14.57,4 3 2,
3,130,6,9,2,20,1,28,4,9,34.68,6 1 2 3 9,
3,131,17,9,1,20,1,26,3,7,28.35,17 16 10 9,
3,132,20,7,1,20,1,23,3,4,33.18,20 19 13 7,
3,133,8,9,0,21,1,28,1,8,8.0,8 9,
3,134,20,18,2,21,0,-1,4,-1,35.83,20 19 13 14 15,
3,135,11,9,1,21,1,27,2,7,15.12,11 10 9,
3,136,6,9,0,21,0,-1,3,-1,22.78,6 5 4 3,
3,137,24,9,1,21,0,-1,4,-1,42.87,24 18 13 14 8,
3,138,14,13,2,21,1,23,1,3,6.57,14 13,
3,139,12,21,2,22,0,-1,4,-1,37.31,12 11 10 9 3,
3,140,8,9,1,22,1,29,1,8,8.31,8 9,
3,141,17,9,0,22,0,-1,2,-1,14.81,17 16 15,
3,142,4,15,0,22,1,30,3,9,35.88,4 10 16 15,
3,143,14,5,0,22,0,-1,3,-1,25.3,14 13 18 17,
3,144,15,9,0,22,1,30,1,9,13.0,15 9,
3,145,7,9,0,23,0,-1,1,-1,6.7,7 8,
3,146,13,15,0,23,1,26,2,4,14.09,13 14 15,
3,147,23,3,0,23,1,29,5,7,44.42,23 22 21 20 2 3,
3,148,18,2,2,23,1,29,4,7,44.22,18 12 7 1 2,
3,149,4,18,1,23,1,30,4,8,39.78,4 5 6 24 18,
3,150,8,9,1,23,1,30,1,8,8.61,8 9,
3,151,3,21,2,24,1,29,1,6,12.62,3 21,
3,152,14,6,0,24,0,-1,2,-1,16.69,14 13 18,
3,153,17,9,0,24,0,-1,2,-1,16.31,17 16 15,
3,154,16,13,2,24,0,-1,2,-1,17.43,16 17 18,
3,155,7,13,2,24,1,25,1,2,13.83,7 13,
3,156,6,9,0,24,0,-1,3,-1,24.31,6 5 4 3,
3,157,1,4,0,25,0,-1,2,-1,14.81,1 2 3,
3,158,14,2,1,25,1,29,2,5,26.62,14 20 2,
3,159,17,24,1,25,1,28,2,4,20.82,17 18 24,
3,160,15,16,0,25,0,-1,0,-1,0.0,15,
3,161,21,9,2,25,1,30,2,6,26.96,21 3 9,
3,162,22,9,0,25,0,-1,2,-1,21.34,22 21 15,
3,163,6,18,0,26,1,28,2,3,24.42,6 24 18,
3,164,17,3,2,26,0,-1,3,-1,33.02,17 16 22 4,
3,165,18,6,1,26,0,-1,3,-1,33.11,18 24 23 5,
3,166,4,19,1,26,0,-1,2,-1,18.18,4 5 6,
3,167,3,17,1,26,0,-1,0,-1,0.0,3,
3,168,8,24,0,26,0,-1,0,-1,0.0,8,
3,169,23,9,1,27,0,-1,3,-1,29.84,23 22 21 15,
3,170,15,22,0,27,0,-1,0,-1,0.0,15,
3,171,4,16,0,27,0,-1,1,-1,13.0,4 10,
3,172,21,9,2,27,0,-1,1,-1,12.62,21 3,
3,173,17,23,1,27,1,30,1,4,11.79,17 23,
3,174,18,9,0,27,0,-1,1,-1,9.11,18 17,
3,175,9,5,2,28,0,-1,1,-1,8.88,9 10,
3,176,10,11,0,28,0,-1,0,-1,0.0,10,
3,177,19,2,0,28,1,30,2,3,20.62,19 20 2,
3,178,13,9,1,28,0,-1,1,-1,8.31,13 14,
3,179,11,9,0,28,0,-1,2,-1,18.54,11 12 7,
3,180,15,9,0,28,0,-1,0,-1,0.0,15,
3,181,11,9,2,29,0,-1,1,-1,12.21,11 17,
3,182,16,9,2,29,0,-1,0,-1,0.0,16,
3,183,23,20,0,29,0,-1,0,-1,0.0,23,
3,184,24,1,1,29,0,-1,0,-1,0.0,24,
3,185,4,9,1,29,0,-1,0,-1,0.0,4,
3,186,6,22,1,29,0,-1,1,-1,9.3,6 5,
3,187,5,9,0,30,0,-1,0,-1,0.0,5,
3,188,8,9,0,30,0,-1,0,-1,0.0,8,
3,189,19,9,1,30,0,-1,0,-1,0.0,19,
3,190,3,7,2,30,0,-1,0,-1,0.0,3,
3,191,23,9,2,30,0,-1,0,-1,0.0,23,
3,192,22,9,1,30,0,-1,0,-1,0.0,22,
4,1,12,9,2,1,1,3,3,3,27.67,12 7 8 9,
4,2,11,9,0,1,1,2,2,2,18.6,11 10 9,
4,3,4,19,1,1,1,4,4,4,38.75,4 5 23 24 19,
4,4,9,12,1,1,1,4,3,4,28.03,9 10 11 12,
4,5,3,9,2,1,1,1,1,1,13.0,3 9,
4,6,8,9,0,1,1,1,1,1,8.88,8 9,
4,7,19,10,0,1,1,5,5,5,48.47,19 20 21 22 16 10,
4,8,14,9,0,1,1,2,2,2,21.09,14 15 9,
4,9,1,9,0,1,1,3,3,3,29.93,1 2 3 9,
4,10,23,13,1,1,1,3,3,3,31.13,23 24 19 13,
4,11,10,9,0,1,1,1,1,1,9.11,10 9,
4,12,24,9,1,1,1,7,5,7,49.32,24 23 22 21 15 9,
4,13,22,9,0,1,1,5,3,5,31.34,22 21 3 9,
4,14,18,9,0,1,1,6,4,6,39.14,18 17 16 15 9,
4,15,9,21,1,1,1,3,2,3,23.59,9 15 21,
4,16,6,1,0,1,1,7,5,7,47.46,6 5 4 3 2 1,
4,17,20,9,0,1,1,7,3,7,31.47,20 2 3 9,
4,18,7,4,2,1,1,6,4,6,38.69,7 12 6 5 4,
4,19,5,9,0,2,1,6,3,5,29.85,5 11 10 9,
4,20,8,12,0,2,1,5,2,4,18.41,8 7 12,
4,21,20,9,0,2,1,8,3,7,30.87,20 2 3 9,
4,22,16,9,0,2,1,5,2,4,20.43,16 15 9,
4,23,15,9,0,2,1,4,1,3,11.38,15 9,
4,24,10,9,2,2,1,4,1,3,9.49,10 9,
4,25,21,5,2,3,1,8,3,6,28.31,21 22 4 5,
4,26,18,9,2,3,1,7,4,5,38.41,18 17 11 10 9,
4,27,12,9,1,3,1,8,3,6,27.91,12 7 8 9,
4,28,4,11,0,3,1,7,2,5,19.6,4 5 11,
4,29,10,9,0,3,1,5,1,3,9.49,10 9,
4,30,22,9,1,3,1,10,3,8,29.66,22 21 15 9,
4,31,19,9,2,4,1,10,4,7,38.96,19 20 21 3 9,
4,32,20,9,0,4,1,9,3,6,30.54,20 14 15 9,
4,33,12,9,0,4,1,11,3,8,26.31,12 11 10 9,
4,34,7,18,0,4,1,8,2,5,19.69,7 13 18,
4,35,24,1,0,4,1,6,2,3,18.88,24 6 1,
4,36,18,9,0,4,1,11,4,8,38.08,18 13 14 15 9,
4,37,8,5,2,5,1,9,4,5,37.67,8 9 10 11 5,
4,38,19,9,0,5,1,12,4,8,39.31,19 1 2 3 9,
4,39,11,9,2,5,1,9,2,5,18.0,11 10 9,
4,40,13,9,2,5,1,9,3,5,29.54,13 7 8 9,
4,41,15,16,0,5,1,8,1,4,9.11,15 16,
4,42,1,20,0,5,1,8,2,4,19.54,1 2 20,
4,43,6,9,2,6,1,10,4,5,36.54,6 12 7 8 9,
4,44,9,21,1,6,1,12,2,7,20.55,9 15 21,
4,45,5,9,0,6,1,12,3,7,26.36,5 11 10 9,
4,46,19,9,1,6,1,13,4,8,39.17,19 20 21 15 9,
4,47,8,4,2,6,1,14,3,9,27.27,8 2 3 4,
4,48,3,9,0,6,1,9,1,4,10.17,3 9,
4,49,10,9,2,7,1,10,1,4,8.61,10 9,
4,50,19,9,2,7,1,13,4,7,37.88,19 13 7 8 9,
4,51,9,20,0,7,1,12,3,6,29.29,9 8 14 20,
4,52,23,9,0,7,1,15,4,9,38.6,23 22 21 3 9,
4,53,17,6,0,7,1,10,3,4,28.96,17 18 12 6,
4,54,4,9,2,7,1,13,2,7,19.05,4 3 9,
4,55,24,9,1,8,1,16,5,9,46.7,24 23 22 21 15 9,
4,56,18,9,1,8,1,17,4,10,36.36,18 13 14 15 9,
4,57,3,4,0,8,1,11,1,4,8.31,3 4,
4,58,13,9,1,8,1,14,3,7,26.8,13 14 8 9,
4,59,20,9,0,8,1,14,3,7,29.59,20 14 15 9,
4,60,14,9,1,8,1,12,2,5,18.48,14 8 9,
4,61,9,16,0,9,1,15,4,7,34.27,9 10 11 17 16,
4,62,2,9,2,9,1,15,2,7,17.43,2 8 9,
4,63,22,9,1,9,1,15,3,7,29.48,22 16 15 9,
4,64,24,1,0,9,1,11,2,3,17.73,24 19 1,
4,65,18,6,2,9,1,12,2,4,21.32,18 12 6,
4,66,12,9,1,9,1,17,3,9,22.89,12 7 8 9,
4,67,24,9,0,10,1,19,5,10,46.68,24 23 22 21 15 9,
4,68,2,15,0,10,1,15,3,6,29.76,2 20 21 15,
4,69,4,12,0,10,1,13,3,4,25.5,4 5 11 12,
4,70,3,9,0,10,1,16,1,7,11.0,3 9,
4,71,9,13,0,10,1,17,3,8,27.0,9 8 7 13,
4,72,1,9,0,10,1,19,3,10,29.09,1 2 3 9,
4,73,3,9,0,11,1,17,1,7,11.38,3 9,
4,74,20,9,2,11,1,18,3,8,31.18,20 21 15 9,
4,75,19,9,1,11,0,-1,5,-1,42.31,19 20 21 22 16 15,deadline_exceeded
4,76,12,9,1,11,1,18,3,8,21.59,12 7 8 9,
4,77,18,7,0,11,1,13,2,3,17.16,18 13 7,
4,78,13,9,0,11,1,20,3,10,29.3,13 14 15 9,
4,79,23,9,0,12,1,22,4,11,40.61,23 22 21 15 9,
4,80,20,13,2,12,1,16,2,5,18.69,20 19 13,
4,81,3,20,0,12,1,23,6,12,48.21,3 2 1 6 24 19 20,
4,82,13,16,1,12,1,17,3,6,19.98,13 18 17 16,
4,83,16,9,2,12,1,14,2,3,18.05,16 10 9,
4,84,9,11,1,12,1,15,2,4,14.57,9 10 11,
4,85,12,18,1,13,1,14,1,2,11.79,12 18,
4,86,20,9,0,13,1,23,3,11,32.09,20 14 15 9,
4,87,16,17,1,13,1,14,1,2,7.12,16 17,
4,88,9,4,2,13,1,16,2,4,18.77,9 10 4,
4,89,1,9,0,13,1,21,3,9,28.39,1 2 3 9,
4,90,13,9,2,13,1,19,3,7,24.35,13 7 8 9,
4,91,3,23,0,14,1,22,3,9,27.17,3 4 5 23,
4,92,17,9,0,14,1,24,3,11,27.36,17 16 15 9,
4,93,22,11,2,14,1,18,3,5,32.5,22 23 17 11,
4,94,23,9,0,14,1,28,8,15,66.62,23 22 21 20 19 13 14 15 9,
4,95,15,9,0,14,1,21,1,8,13.34,15 9,
4,96,18,9,0,14,1,26,4,13,33.63,18 13 14 8 9,
4,97,9,12,1,15,1,22,5,8,47.16,9 10 11 17 18 12,
4,98,11,9,0,15,1,18,2,4,13.27,11 10 9,
4,99,16,13,1,15,1,20,3,6,20.16,16 17 18 13,
4,100,6,9,0,15,1,24,4,10,34.15,6 1 2 3 9,
4,101,13,9,2,15,1,20,3,6,25.69,13 14 8 9,
4,102,5,11,1,15,1,16,1,2,11.79,5 11,
4,103,6,9,0,16,1,26,4,11,33.9,6 1 2 3 9,
4,104,16,9,1,16,1,25,2,10,20.57,16 15 9,
4,105,4,9,1,16,1,22,2,7,20.04,4 3 9,
4,106,12,9,0,16,1,21,3,6,19.59,12 11 10 9,
4,107,14,8,0,16,1,19,1,4,12.21,14 8,
4,108,7,9,2,16,1,21,2,6,13.39,7 8 9,
4,109,3,18,1,17,1,27,5,11,47.51,3 4 5 6 24 18,
4,110,5,9,0,17,1,25,3,9,26.97,5 4 3 9,
4,111,22,9,0,17,1,30,5,14,46.52,22 21 20 2 3 9,
4,112,14,9,1,17,1,26,2,10,20.46,14 15 9,
4,113,9,18,0,17,1,26,4,10,34.86,9 8 7 12 18,
4,114,10,9,0,17,1,19,1,3,6.51,10 9,
4,115,10,4,2,18,1,20,1,3,13.0,10 4,
4,116,1,9,0,18,1,28,3,11,27.1,1 2 3 9,
4,117,9,13,0,18,1,28,5,11,43.87,9 8 7 12 18 13,
4,118,2,9,0,18,1,27,2,10,20.46,2 3 9,
4,119,7,3,1,18,1,29,5,12,43.41,7 8 9 10 4 3,
4,120,6,9,0,18,0,-1,3,-1,20.09,6 1 2 3,
4,121,8,9,0,19,1,25,1,7,7.12,8 9,
4,122,22,9,0,19,0,-1,8,-1,66.58,22 21 20 14 13 18 17 16 15,
4,123,18,11,1,19,1,22,2,4,20.84,18 17 11,
4,124,12,9,1,19,1,28,3,10,21.39,12 7 8 9,
4,125,14,9,0,19,1,27,2,9,20.4,14 15 9,
4,126,23,9,2,19,0,-1,3,-1,27.54,23 5 4 3,
4,127,12,13,0,20,1,25,4,6,48.03,12 7 1 19 13,
4,128,7,9,1,20,1,29,2,10,14.82,7 8 9,
4,129,4,9,2,20,1,29,2,10,20.32,4 3 9,
4,130,8,18,1,20,1,29,3,10,28.71,8 7 12 18,
4,131,1,9,1,20,0,-1,2,-1,13.63,1 2 3,
4,132,19,24,2,20,1,21,1,2,7.12,19 24,
4,133,22,9,1,21,0,-1,4,-1,35.05,22 21 20 14 15,
4,134,18,4,0,21,1,26,4,6,41.95,18 17 16 22 4,
4,135,11,9,2,21,1,23,2,3,13.77,11 10 9,
4,136,9,7,0,21,1,30,2,10,14.89,9 8 7,
4,137,6,9,0,21,0,-1,3,-1,21.63,6 5 4 3,
4,138,7,9,2,21,0,-1,1,-1,6.7,7 8,
4,139,18,9,0,22,0,-1,3,-1,23.43,18 13 14 15,
4,140,14,12,1,22,1,29,3,8,27.98,14 13 18 12,
4,141,5,9,0,22,1,29,3,8,29.83,5 4 10 9,
4,142,1,9,1,22,0,-1,2,-1,13.96,1 2 3,
4,143,12,9,1,22,1,25,3,4,22.17,12 11 10 9,
4,144,19,12,0,22,1,27,3,6,34.34,19 24 6 12,
4,145,4,13,1,23,1,30,5,8,52.14,4 5 23 24 19 13,
4,146,18,11,1,23,1,26,2,4,21.62,18 17 11,
4,147,10,9,1,23,1,24,1,2,7.12,10 9,
4,148,14,9,2,23,1,29,2,7,20.73,14 15 9,
4,149,17,9,0,23,1,30,3,8,28.38,17 16 15 9,
4,150,8,9,0,23,0,-1,0,-1,0.0,8,
4,151,23,9,0,24,0,-1,3,-1,28.69,23 22 21 15,
4,152,10,9,0,24,1,26,1,3,7.69,10 9,
4,153,21,9,0,24,0,-1,3,-1,29.0,21 22 16 15,
4,154,4,9,0,24,0,-1,1,-1,13.62,4 10,
4,155,20,9,2,24,0,-1,2,-1,20.95,20 21 15,
4,156,14,5,0,24,0,-1,3,-1,30.94,14 13 7 12,
4,157,6,17,0,25,1,30,3,6,34.09,6 5 11 17,
4,158,10,14,1,25,0,-1,2,-1,21.65,10 9 15,
4,159,24,9,0,25,0,-1,3,-1,28.41,24 23 22 4,
4,160,23,12,0,25,1,29,3,5,32.72,23 24 6 12,
4,161,16,18,0,25,1,28,2,4,17.19,16 17 18,
4,162,20,9,1,25,0,-1,2,-1,21.01,20 21 15,
4,163,22,9,1,26,0,-1,1,-1,12.62,22 16,
4,164,1,9,0,26,0,-1,2,-1,15.39,1 2 3,
4,165,8,9,1,26,0,-1,0,-1,0.0,8,
4,166,21,9,0,26,0,-1,3,-1,29.65,21 20 14 13,
4,167,9,7,0,26,0,-1,1,-1,7.69,9 8,
4,168,7,3,0,26,0,-1,1,-1,7.39,7 8,
4,169,21,9,0,27,0,-1,1,-1,12.62,21 15,
4,170,23,9,0,27,0,-1,1,-1,8.88,23 22,
4,171,8,9,2,27,0,-1,0,-1,0.0,8,
4,172,18,9,0,27,0,-1,1,-1,9.3,18 17,
4,173,10,9,2,27,1,30,1,4,8.88,10 9,
4,174,19,9,0,27,0,-1,2,-1,20.69,19 20 14,
4,175,6,21,0,28,0,-1,1,-1,11.0,6 24,
4,176,1,9,0,28,0,-1,2,-1,16.61,1 2 3,
4,177,16,13,0,28,0,-1,1,-1,9.11,16 17,
4,178,5,9,0,28,0,-1,1,-1,9.11,5 4,
4,179,8,9,0,28,0,-1,0,-1,0.0,8,
4,180,21,9,1,28,0,-1,0,-1,0.0,21,
4,181,22,9,0,29,0,-1,0,-1,0.0,22,
4,182,5,9,1,29,0,-1,0,-1,0.0,5,
4,183,3,9,0,29,0,-1,0,-1,0.0,3,
4,184,23,20,0,29,0,-1,1,-1,9.3,23 24,
4,185,8,9,2,29,0,-1,0,-1,0.0,8,
4,186,21,9,0,29,0,-1,0,-1,0.0,21,
4,187,18,5,0,30,0,-1,0,-1,0.0,18,
4,188,12,7,0,30,0,-1,0,-1,0.0,12,
4,189,16,9,0,30,0,-1,0,-1,0.0,16,
4,190,23,2,0,30,0,-1,0,-1,0.0,23,
4,191,1,9,0,30,0,-1,0,-1,0.0,1,
4,192,3,22,0,30,0,-1,0,-1,0.0,3,
5,1,24,16,0,1,1,3,3,3,29.92,24 23 17 16,
5,2,1,9,2,1,1,3,3,3,31.8,1 7 8 9,
5,3,13,10,1,1,1,5,4,5,39.14,13 18 17 16 10,
5,4,19,9,0,1,1,4,4,4,41.49,19 20 2 3 9,
5,5,2,9,0,1,1,2,2,2,21.5,2 3 9,
5,6,10,9,2,1,1,1,1,1,9.11,10 9,
5,7,15,18,1,1,1,3,3,3,27.19,15 14 13 18,
5,8,16,9,2,1,1,2,2,2,21.32,16 15 9,
5,9,4,2,1,1,1,4,4,4,37.52,4 5 6 1 2,
5,10,23,9,1,1,1,4,4,4,41.49,23 22 16 15 9,
5,11,5,9,0,1,1,3,3,3,30.81,5 4 3 9,
5,12,20,9,2,1,1,3,3,3,32.46,20 21 15 9,
5,13,11,9,1,1,1,3,2,3,18.85,11 10 9,
5,14,12,9,2,1,1,4,3,4,28.48,12 11 10 9,
5,15,22,9,0,1,1,5,3,5,31.54,22 4 3 9,
5,16,21,18,0,1,1,6,4,6,37.71,21 20 19 24 18,
5,17,4,8,1,1,1,6,3,6,30.77,4 10 9 8,
5,18,8,9,0,1,1,2,1,2,9.11,8 9,
5,19,11,9,1,2,1,8,4,7,39.69,11 17 16 15 9,
5,20,7,12,0,2,1,3,1,2,9.43,7 12,
5,21,21,9,0,2,1,6,2,5,21.66,21 3 9,
5,22,14,20,0,2,1,3,1,2,11.79,14 20,
5,23,13,9,1,2,1,7,3,6,29.17,13 14 15 9,
5,24,1,2,2,2,1,3,1,2,9.11,1 2,
5,25,15,16,0,3,1,5,1,3,9.49,15 16,
5,26,18,24,0,3,1,4,1,2,10.17,18 24,
5,27,24,9,0,3,1,10,5,8,48.51,24 19 20 2 8 9,
5,28,10,9,0,3,1,12,5,10,47.28,10 11 17 16 15 9,
5,29,7,9,2,3,1,5,2,3,18.79,7 8 9,
5,30,12,9,0,3,1,6,3,4,28.22,12 7 8 9,
5,31,11,9,1,4,1,7,2,4,18.73,11 10 9,
5,32,20,9,1,4,1,9,3,6,29.92,20 21 15 9,
5,33,23,1,2,4,1,12,7,9,66.85,23 5 4 3 2 20 19 1,
5,34,22,9,1,4,1,10,3,7,29.66,22 21 15 9,
5,35,19,2,0,4,1,8,2,5,19.81,19 1 2,
5,36,15,9,0,4,1,6,1,3,10.66,15 9,
5,37,19,9,1,5,1,13,4,9,38.97,19 20 21 15 9,
5,38,9,10,0,5,1,7,1,3,9.3,9 10,
5,39,3,11,0,5,1,10,3,6,27.95,3 4 5 11,
5,40,14,9,0,5,1,7,2,3,20.43,14 8 9,
5,41,1,9,1,5,1,8,3,4,30.58,1 7 8 9,
5,42,2,10,0,5,1,9,3,5,28.76,2 3 9 10,
5,43,18,9,0,6,1,12,4,7,36.52,18 13 14 8 9,
5,44,5,12,0,6,1,8,2,3,18.88,5 6 12,
5,45,4,9,2,6,1,9,2,4,19.05,4 10 9,
5,46,14,9,0,6,1,9,2,4,19.78,14 8 9,
5,47,22,18,0,6,1,12,5,7,47.09,22 16 10 11 12 18,
5,48,1,9,2,6,1,10,3,5,28.65,1 2 3 9,
5,49,24,9,0,7,1,15,5,9,45.09,24 19 20 2 8 9,
5,50,15,20,2,7,1,12,2,6,18.78,15 14 20,
5,51,13,12,2,7,1,12,4,6,33.77,13 18 17 11 12,
5,52,5,9,0,7,1,12,3,6,27.54,5 4 3 9,
5,53,10,14,1,7,1,14,3,8,26.34,10 16 15 14,
5,54,23,9,0,7,1,13,4,7,38.32,23 22 21 3 9,
5,55,4,12,0,8,1,13,3,6,25.5,4 5 11 12,
5,56,14,13,1,8,1,10,1,3,9.11,14 13,
5,57,8,9,0,8,1,11,1,4,8.61,8 9,
5,58,5,9,0,8,1,12,3,5,26.31,5 11 10 9,
5,59,7,9,2,8,1,13,2,6,17.3,7 8 9,
5,60,23,24,0,8,1,9,1,2,8.31,23 24,
5,61,9,15,0,9,1,10,1,2,10.0,9 15,
5,62,6,9,1,9,1,17,4,9,33.36,6 1 7 8 9,
5,63,16,19,0,9,1,14,4,6,32.66,16 17 18 13 19,
5,64,3,18,0,9,1,16,5,8,48.11,3 2 1 6 12 18,
5,65,18,11,0,9,1,13,2,5,17.78,18 12 11,
5,66,10,9,1,9,1,11,1,3,8.31,10 9,
5,67,8,9,1,10,1,14,1,5,7.69,8 9,
5,68,7,9,0,10,1,16,2,7,16.0,7 8 9,
5,69,9,6,0,10,1,19,6,10,55.91,9 3 4 5 11 12 6,
5,70,13,17,0,10,1,12,2,3,14.78,13 18 17,
5,71,4,11,2,10,1,13,2,4,18.35,4 5 11,
5,72,16,9,0,10,1,15,2,6,19.0,16 15 9,
5,73,16,9,1,11,1,16,2,6,19.07,16 15 9,
5,74,17,9,0,11,1,16,3,6,25.66,17 16 10 9,
5,75,9,3,0,11,1,12,1,2,10.04,9 3,
5,76,20,10,1,11,1,16,4,6,39.17,20 21 22 16 10,
5,77,2,23,0,11,1,18,4,8,35.31,2 3 4 5 23,
5,78,14,5,1,11,1,19,5,9,47.08,14 13 18 17 11 5,
5,79,16,9,0,12,1,15,2,4,18.12,16 10 9,
5,80,10,9,2,12,1,13,1,2,7.69,10 9,
5,81,6,9,0,12,1,20,4,9,31.78,6 1 2 8 9,
5,82,2,9,0,12,1,19,2,8,16.75,2 8 9,
5,83,17,6,2,12,1,17,3,6,31.71,17 18 12 6,
5,84,12,9,0,12,1,21,3,10,20.9,12 7 8 9,
5,85,13,9,0,13,1,20,3,8,27.28,13 14 15 9,
5,86,12,22,0,13,1,22,6,10,52.65,12 11 10 4 3 21 22,
5,87,8,9,1,13,1,18,1,6,6.7,8 9,
5,88,1,6,0,13,1,15,1,3,6.57,1 6,
5,89,3,7,0,13,1,19,3,7,25.62,3 2 1 7,
5,90,19,9,0,13,1,18,4,6,39.39,19 20 21 15 9,
5,91,24,9,0,14,1,22,5,9,47.53,24 19 20 21 3 9,
5,92,17,9,1,14,1,21,3,8,26.92,17 16 15 9,
5,93,19,13,0,14,1,15,1,2,10.66,19 13,
5,94,11,2,2,14,1,23,8,10,59.31,11 10 9 3 4 5 6 1 2,
5,95,4,12,0,14,1,20,3,7,25.61,4 5 11 12,
5,96,13,24,1,14,1,18,2,5,20.13,13 18 24,
5,97,6,9,2,15,1,24,4,10,31.89,6 1 2 8 9,
5,98,12,9,1,15,1,26,3,12,20.66,12 7 8 9,
5,99,8,9,0,15,1,22,1,8,6.57,8 9,
5,100,4,9,1,15,1,20,2,6,19.19,4 3 9,
5,101,21,24,0,15,1,19,3,5,19.78,21 22 23 24,
5,102,15,22,2,15,1,18,2,4,19.7,15 16 22,
5,103,15,21,0,16,1,19,1,4,13.0,15 21,
5,104,1,9,0,16,1,23,3,8,27.08,1 2 3 9,
5,105,11,9,1,16,1,19,2,4,13.02,11 10 9,
5,106,9,15,0,16,1,17,1,2,11.79,9 15,
5,107,21,9,0,16,1,22,2,7,26.24,21 15 9,
5,108,18,9,1,16,1,23,4,8,33.79,18 13 14 15 9,
5,109,8,9,0,17,1,23,1,7,6.7,8 9,
5,110,7,9,0,17,1,25,2,9,14.0,7 8 9,
5,111,16,9,0,17,1,21,2,5,19.57,16 10 9,
5,112,13,2,0,17,1,21,3,5,32.4,13 19 20 2,
5,113,20,9,1,17,1,24,3,8,34.0,20 21 15 9,
5,114,11,17,1,17,1,21,1,5,13.83,11 17,
5,115,14,9,1,18,1,25,2,8,20.51,14 15 9,
5,116,7,9,1,18,1,28,2,11,14.57,7 8 9,
5,117,5,9,0,18,1,23,3,6,26.73,5 4 10 9,
5,118,1,9,2,18,1,25,5,8,41.5,1 6 5 4 3 9,
5,119,10,13,0,18,1,23,4,6,34.85,10 16 17 18 13,
5,120,9,23,1,18,1,25,4,8,41.01,9 10 11 17 23,
5,121,6,9,0,19,1,30,4,12,35.0,6 1 2 8 9,
5,122,23,1,0,19,1,22,3,4,27.44,23 24 19 1,
5,123,13,14,0,19,1,20,1,2,6.57,13 14,
5,124,18,9,0,19,1,27,4,9,33.79,18 13 14 15 9,
5,125,7,9,2,19,0,-1,5,-1,44.19,7 12 11 17 16 15,
5,126,8,14,0,19,1,27,1,9,13.96,8 14,
5,127,23,5,0,20,1,21,1,2,14.0,23 5,
5,128,22,20,0,20,1,23,2,4,13.27,22 21 20,
5,129,13,9,0,20,1,28,3,9,26.83,13 14 15 9,
5,130,19,9,2,20,1,29,4,10,40.42,19 20 21 15 9,
5,131,8,9,1,20,1,29,1,10,8.31,8 9,
5,132,15,9,0,20,1,26,1,7,13.96,15 9,
5,133,17,9,0,21,1,26,3,6,28.81,17 16 10 9,
5,134,10,18,1,21,1,28,5,8,47.11,10 11 12 7 13 18,
5,135,22,9,0,21,1,27,3,7,34.48,22 21 3 9,
5,136,9,20,1,21,0,-1,1,-1,6.57,9 8,
5,137,16,12,0,21,1,28,5,8,45.96,16 17 18 13 7 12,
5,138,1,9,1,21,1,30,5,10,54.18,1 2 20 21 15 9,
5,139,8,9,2,22,0,-1,0,-1,0.0,8,
5,140,3,9,0,22,1,24,1,3,13.83,3 9,
5,141,2,9,1,22,1,26,2,5,20.89,2 3 9,
5,142,5,9,0,22,1,28,3,7,29.43,5 4 10 9,
5,143,16,23,0,22,1,24,2,3,21.39,16 22 23,
5,144,4,9,0,22,1,27,2,6,21.96,4 10 9,
5,145,10,9,1,23,1,25,1,3,7.39,10 9,
5,146,22,9,0,23,0,-1,4,-1,37.01,22 21 20 14 15,
5,147,14,12,0,23,1,26,3,4,28.35,14 13 18 12,
5,148,4,9,0,23,1,28,2,6,21.52,4 3 9,
5,149,6,5,0,23,1,24,1,2,7.69,6 5,
5,150,23,9,2,23,1,30,4,8,41.03,23 22 21 3 9,
5,151,8,19,1,24,0,-1,0,-1,0.0,8,
5,152,19,18,0,24,1,26,2,3,21.31,19 24 18,
5,153,12,9,0,24,0,-1,2,-1,15.43,12 7 8,
5,154,11,7,2,24,1,27,2,4,17.19,11 12 7,
5,155,9,3,0,24,1,25,1,2,13.96,9 3,
5,156,17,23,0,24,1,27,1,4,13.0,17 23,
5,157,4,17,1,25,1,29,3,5,32.73,4 5 23 17,
5,158,21,9,2,25,0,-1,1,-1,13.34,21 15,
5,159,17,9,2,25,0,-1,3,-1,31.54,17 11 12 7,
5,160,1,9,0,25,1,29,3,5,28.42,1 2 3 9,
5,161,10,2,1,25,0,-1,2,-1,21.95,10 9 3,
5,162,9,21,0,25,0,-1,1,-1,13.96,9 15,
5,163,11,9,1,26,1,30,2,5,17.19,11 10 9,
5,164,1,9,1,26,0,-1,2,-1,21.35,1 2 8,
5,165,23,9,2,26,0,-1,2,-1,16.62,23 22 21,
5,166,13,16,0,26,0,-1,2,-1,15.39,13 14 15,
5,167,18,13,2,26,1,27,1,2,8.88,18 13,
5,168,16,11,0,26,1,29,2,4,21.23,16 17 11,
5,169,6,9,0,27,0,-1,3,-1,25.72,6 1 2 3,
5,170,11,21,0,27,0,-1,3,-1,31.1,11 5 4 3,
5,171,22,15,0,27,1,30,2,4,21.5,22 16 15,
5,172,10,9,2,27,0,-1,0,-1,0.0,10,
5,173,13,9,0,27,0,-1,2,-1,16.61,13 14 15,
5,174,21,9,2,27,0,-1,1,-1,12.21,21 3,
5,175,8,14,1,28,0,-1,0,-1,0.0,8,
5,176,21,9,0,28,0,-1,0,-1,0.0,21,
5,177,17,18,0,28,1,30,1,3,9.3,17 18,
5,178,12,9,0,28,0,-1,2,-1,17.61,12 7 8,
5,179,24,9,2,28,0,-1,2,-1,17.61,24 19 20,
5,180,9,17,1,28,0,-1,1,-1,8.61,9 10,
5,181,13,9,0,29,0,-1,1,-1,8.31,13 14,
5,182,11,9,0,29,0,-1,1,-1,12.21,11 17,
5,183,10,7,1,29,0,-1,0,-1,0.0,10,
5,184,22,9,0,29,0,-1,1,-1,8.88,22 21,
5,185,12,9,0,29,0,-1,0,-1,0.0,12,
5,186,5,9,0,29,0,-1,1,-1,9.11,5 4,
5,187,1,9,0,30,0,-1,0,-1,0.0,1,
5,188,5,9,0,30,0,-1,0,-1,0.0,5,
5,189,2,19,1,30,0,-1,0,-1,0.0,2,
5,190,6,11,0,30,0,-1,0,-1,0.0,6,
5,191,10,5,1,30,0,-1,0,-1,0.0,10,
5,192,14,21,0,30,0,-1,0,-1,0.0,14,
6,1,7,19,0,1,1,2,2,2,25.96,7 13 19,
6,2,9,11,2,1,1,2,2,2,18.54,9 10 11,
6,3,18,23,1,1,1,2,2,2,20.43,18 17 23,
6,4,3,9,2,1,1,1,1,1,13.0,3 9,
6,5,16,13,2,1,1,6,5,6,49.08,16 17 18 24 19 13,
6,6,24,10,1,1,1,4,4,4,41.03,24 6 5 11 10,
6,7,14,4,1,1,1,4,4,4,39.56,14 15 16 22 4,
6,8,22,9,0,1,1,3,3,3,32.71,22 21 3 9,
6,9,2,9,0,1,1,2,2,2,21.5,2 3 9,
6,10,8,7,0,1,1,1,1,1,8.61,8 7,
6,11,12,19,2,1,1,6,5,6,51.18,12 7 1 6 24 19,
6,12,1,9,0,1,1,4,3,4,29.52,1 2 3 9,
6,13,10,2,2,1,1,5,3,5,30.64,10 9 8 2,
6,14,1,9,0,1,1,6,3,6,29.18,1 2 3 9,
6,15,8,9,0,1,1,2,1,2,9.11,8 9,
6,16,5,9,2,1,1,5,3,5,30.71,5 4 10 9,
6,17,21,9,1,1,1,4,2,4,22.76,21 15 9,
6,18,4,7,0,1,1,7,4,7,39.66,4 3 2 1 7,
6,19,10,9,1,2,1,4,1,3,9.49,10 9,
6,20,20,9,0,2,1,7,3,6,30.34,20 21 15 9,
6,21,14,9,2,2,1,5,2,4,20.3,14 15 9,
6,22,9,14,1,2,1,4,2,3,21.09,9 8 14,
6,23,24,9,0,2,1,8,5,7,50.94,24 19 13 14 8 9,
6,24,21,9,0,2,1,7,2,6,21.32,21 3 9,
6,25,17,9,1,3,1,8,3,6,29.16,17 16 15 9,
6,26,12,13,2,3,1,5,2,3,21.09,12 7 13,
6,27,14,9,0,3,1,6,2,4,21.28,14 8 9,
6,28,9,8,1,3,1,5,1,3,9.49,9 8,
6,29,15,9,2,3,1,6,1,4,10.66,15 9,
6,30,2,9,2,3,1,7,2,5,21.64,2 8 9,
6,31,16,7,1,4,1,9,4,6,36.87,16 17 18 13 7,
6,32,22,15,0,4,1,6,2,3,19.87,22 21 15,
6,33,6,13,1,4,1,7,3,4,30.44,6 1 19 13,
6,34,10,9,1,4,1,6,1,3,9.43,10 9,
6,35,4,9,0,4,1,8,2,5,19.87,4 3 9,
6,36,13,9,0,4,1,9,3,6,28.96,13 14 15 9,
6,37,17,9,1,5,1,8,3,4,28.59,17 16 10 9,
6,38,18,9,1,5,1,12,4,8,37.05,18 17 16 15 9,
6,39,23,9,1,5,1,10,4,6,38.64,23 22 21 15 9,
6,40,7,9,0,5,1,9,2,5,18.61,7 8 9,
6,41,12,9,0,5,1,9,3,5,27.11,12 11 10 9,
6,42,5,9,1,5,1,10,3,6,28.29,5 4 10 9,
6,43,3,19,0,6,1,11,3,6,28.04,3 2 20 19,
6,44,12,9,2,6,1,14,5,9,47.35,12 7 8 14 15 9,
6,45,2,6,2,6,1,8,2,3,17.8,2 1 6,
6,46,24,9,1,6,1,15,5,10,47.82,24 23 22 21 15 9,
6,47,19,9,1,6,1,11,4,6,38.12,19 20 14 8 9,
6,48,7,9,0,6,1,12,4,7,33.83,7 12 11 10 9,
6,49,23,9,1,7,1,16,4,10,38.98,23 22 21 15 9,
6,50,6,7,2,7,1,9,2,3,18.97,6 1 7,
6,51,21,9,0,7,1,11,2,5,20.04,21 3 9,
6,52,12,9,0,7,1,12,3,6,25.43,12 7 8 9,
6,53,3,12,0,7,1,13,4,7,35.0,3 4 5 6 12,
6,54,24,7,0,7,1,10,3,4,28.11,24 6 12 7,
6,55,15,9,0,8,1,11,1,4,10.04,15 9,
6,56,21,2,0,8,1,12,2,5,19.26,21 20 2,
6,57,20,9,2,8,1,17,3,10,31.33,20 21 15 9,
6,58,11,9,0,8,1,13,2,6,16.0,11 10 9,
6,59,1,9,1,8,1,13,3,6,27.11,1 2 8 9,
6,60,10,2,0,8,1,15,3,8,25.12,10 4 3 2,
6,61,16,9,1,9,1,13,2,5,18.99,16 15 9,
6,62,18,14,0,9,1,11,2,3,16.57,18 13 14,
6,63,6,9,1,9,1,17,4,9,34.77,6 5 4 3 9,
6,64,2,9,0,9,1,12,2,4,18.65,2 3 9,
6,65,23,24,1,9,1,10,1,2,8.0,23 24,
6,66,7,9,0,9,1,16,4,8,29.05,7 12 11 10 9,
6,67,7,9,0,10,1,14,2,5,16.3,7 8 9,
6,68,10,9,2,10,1,14,1,5,7.39,10 9,
6,69,14,22,0,10,1,17,3,8,24.56,14 20 21 22,
6,70,21,3,0,10,1,26,9,17,81.1,21 22 23 24 19 13 14 20 2 3,
6,71,4,9,0,10,1,14,2,5,18.38,4 3 9,
6,72,24,9,0,10,1,19,5,10,46.05,24 19 13 14 15 9,
6,73,22,2,0,11,1,21,7,11,56.64,22 21 20 19 24 6 1 2,
6,74,17,9,2,11,1,18,3,8,27.59,17 16 15 9,
6,75,24,9,2,11,1,21,5,11,46.62,24 23 22 16 15 9,
6,76,16,21,1,11,1,13,2,3,18.35,16 22 21,
6,77,20,9,1,11,1,17,3,7,27.93,20 14 8 9,
6,78,3,9,2,11,1,13,1,3,10.17,3 9,
6,79,14,19,0,12,1,15,2,4,18.97,14 13 19,
6,80,13,9,1,12,1,18,3,7,24.56,13 7 8 9,
6,81,21,9,0,12,1,22,2,11,25.41,21 15 9,
6,82,10,9,0,12,1,15,1,4,7.12,10 9,
6,83,17,9,1,12,1,20,3,9,27.78,17 16 15 9,
6,84,2,9,1,12,1,15,2,4,17.43,2 8 9,
6,85,10,2,0,13,1,22,3,10,26.4,10 9 8 2,
6,86,9,15,2,13,1,14,1,2,10.66,9 15,
6,87,19,9,0,13,1,22,4,10,42.07,19 20 21 3 9,
6,88,13,9,0,13,1,24,3,12,28.23,13 14 15 9,
6,89,11,9,2,13,1,18,2,6,13.69,11 10 9,
6,90,3,1,1,13,1,17,2,5,14.24,3 2 1,
6,91,13,9,0,14,1,25,3,12,27.82,13 14 15 9,
6,92,8,9,0,14,1,16,1,3,7.12,8 9,
6,93,19,9,0,14,1,24,4,11,42.02,19 20 21 3 9,
6,94,21,9,0,14,1,26,2,13,26.57,21 15 9,
6,95,24,9,0,14,1,25,5,12,48.58,24 19 20 21 3 9,
6,96,9,24,1,14,1,23,5,10,49.04,9 8 7 12 18 24,
6,97,24,20,1,15,1,18,2,4,13.39,24 19 20,
6,98,10,17,1,15,1,20,2,6,20.13,10 11 17,
6,99,7,9,0,15,1,20,2,6,13.9,7 8 9,
6,100,16,9,0,15,1,20,2,6,18.3,16 10 9,
6,101,14,9,0,15,1,23,2,9,20.95,14 15 9,
6,102,2,17,2,15,1,24,7,10,61.94,2 1 6 5 11 12 18 17,
6,103,9,2,0,16,1,21,2,6,19.5,9 8 2,
6,104,10,9,0,16,1,21,1,6,6.57,10 9,
6,105,6,12,1,16,1,17,1,2,12.62,6 12,
6,106,11,9,0,16,1,22,2,7,13.27,11 10 9,
6,107,24,9,2,16,1,30,5,15,46.59,24 23 22 21 15 9,
6,108,3,24,0,16,1,22,4,7,33.61,3 4 5 6 24,
6,109,23,9,1,17,0,-1,5,-1,47.67,23 22 21 20 14 8,deadline_exceeded
6,110,5,9,2,17,0,-1,4,-1,40.84,5 4 22 21 15,
6,111,2,9,0,17,1,20,2,4,19.32,2 3 9,
6,112,21,9,1,17,1,27,4,11,40.99,21 20 2 3 9,
6,113,3,9,0,17,1,19,1,3,12.21,3 9,
6,114,12,9,1,17,1,23,3,7,19.98,12 7 8 9,
6,115,7,9,0,18,0,-1,3,-1,27.79,7 8 14 15,
6,116,2,9,1,18,1,23,2,6,20.19,2 3 9,
6,117,3,9,0,18,1,21,1,4,13.0,3 9,
6,118,13,9,1,18,1,25,3,8,26.44,13 14 8 9,
6,119,22,18,1,18,1,22,3,5,27.41,22 23 24 18,
6,120,18,12,0,18,1,24,5,7,41.57,18 17 16 10 11 12,
6,121,24,9,1,19,1,30,5,12,47.82,24 19 1 2 3 9,
6,122,6,13,0,19,1,25,3,7,34.28,6 1 7 13,
6,123,13,9,0,19,1,29,3,11,26.55,13 14 15 9,
6,124,5,9,2,19,1,26,3,8,27.4,5 4 3 9,
6,125,22,17,1,19,1,23,2,5,20.84,22 23 17,
6,126,14,10,1,19,1,30,3,12,27.13,14 15 16 10,
6,127,19,9,1,20,0,-1,4,-1,34.32,19 20 21 22 16,
6,128,1,9,2,20,1,28,3,9,28.13,1 2 8 9,
6,129,7,9,0,20,1,27,2,8,14.2,7 8 9,
6,130,8,9,1,20,1,26,1,7,7.39,8 9,
6,131,23,13,0,20,1,25,3,6,29.7,23 17 18 13,
6,132,20,14,0,20,1,21,1,2,13.34,20 14,
6,133,1,9,2,21,0,-1,2,-1,15.2,1 2 3,
6,134,21,9,1,21,1,30,4,10,42.89,21 22 16 10 9,
6,135,13,5,0,21,1,25,4,5,42.05,13 19 24 23 5,
6,136,2,17,0,21,1,29,5,9,48.15,2 1 6 5 23 17,
6,137,16,9,0,21,1,28,2,8,20.32,16 15 9,
6,138,14,13,0,21,1,24,1,4,6.7,14 13,
6,139,5,9,2,22,1,25,3,4,28.46,5 4 10 9,
6,140,13,9,0,22,0,-1,2,-1,13.69,13 14 15,
6,141,24,9,1,22,0,-1,4,-1,34.7,24 19 20 21 3,
6,142,2,9,2,22,1,28,2,7,20.95,2 3 9,
6,143,21,19,1,22,1,29,2,8,15.39,21 20 19,
6,144,11,9,2,22,1,24,2,3,14.24,11 10 9,
6,145,7,9,0,23,1,27,4,5,32.0,7 12 11 10 9,
6,146,4,2,0,23,1,29,4,7,33.11,4 5 6 1 2,
6,147,20,8,2,23,1,29,2,7,27.57,20 14 8,
6,148,19,9,1,23,0,-1,2,-1,14.89,19 20 21,
6,149,23,14,0,23,0,-1,3,-1,28.91,23 22 16 15,
6,150,12,13,2,23,0,-1,3,-1,28.46,12 7 8 14,
6,151,5,9,0,24,0,-1,2,-1,15.69,5 4 3,
6,152,1,9,0,24,0,-1,2,-1,21.01,1 2 8,
6,153,2,22,0,24,0,-1,2,-1,21.95,2 20 21,
6,154,4,8,1,24,0,-1,2,-1,16.0,4 3 2,
6,155,13,9,0,24,0,-1,2,-1,14.89,13 14 15,
6,156,17,9,2,24,0,-1,2,-1,15.69,17 16 15,
6,157,24,9,1,25,0,-1,3,-1,30.25,24 19 13 14,
6,158,8,10,1,25,1,30,2,6,17.19,8 9 10,
6,159,23,9,2,25,0,-1,3,-1,28.62,23 22 21 15,
6,160,16,9,1,25,1,29,2,5,21.95,16 10 9,
6,161,4,9,0,25,0,-1,1,-1,8.31,4 3,
6,162,12,9,1,25,0,-1,1,-1,8.61,12 7,no_route
6,163,5,9,0,26,0,-1,2,-1,21.31,5 4 10,
6,164,7,9,0,26,0,-1,1,-1,7.69,7 8,
6,165,22,14,0,26,0,-1,1,-1,8.31,22 21,
6,166,24,1,2,26,1,29,2,4,21.51,24 6 1,
6,167,9,6,1,26,1,30,4,5,37.93,9 10 11 12 6,
6,168,4,9,0,26,0,-1,1,-1,8.61,4 3,
6,169,19,20,0,27,1,28,1,2,7.69,19 20,
6,170,14,19,2,27,0,-1,1,-1,8.31,14 13,
6,171,5,4,1,27,1,29,1,3,8.88,5 4,
6,172,11,8,2,27,1,30,3,4,26.49,11 12 7 8,
6,173,1,2,2,27,1,28,1,2,7.69,1 2,
6,174,21,17,2,27,0,-1,0,-1,0.0,21,
6,175,8,9,0,28,0,-1,0,-1,0.0,8,
6,176,15,5,1,28,0,-1,0,-1,0.0,15,
6,177,18,9,0,28,0,-1,2,-1,18.23,18 17 16,
6,178,5,9,2,28,0,-1,1,-1,12.62,5 11,
6,179,23,9,1,28,0,-1,1,-1,9.11,23 22,
6,180,21,9,2,28,0,-1,0,-1,0.0,21,
6,181,23,9,2,29,0,-1,0,-1,0.0,23,
6,182,17,9,0,29,0,-1,0,-1,0.0,17,
6,183,13,9,0,29,0,-1,1,-1,8.31,13 14,
6,184,15,9,1,29,0,-1,0,-1,0.0,15,
6,185,21,24,2,29,0,-1,0,-1,0.0,21,
6,186,3,9,0,29,0,-1,0,-1,0.0,3,
6,187,11,1,1,30,0,-1,0,-1,0.0,11,
6,188,2,9,2,30,0,-1,0,-1,0.0,2,
6,189,4,20,1,30,0,-1,0,-1,0.0,4,
6,190,3,23,1,30,0,-1,0,-1,0.0,3,
6,191,5,3,0,30,0,-1,0,-1,0.0,5,
6,192,19,9,0,30,0,-1,0,-1,0.0,19,
7,1,3,22,0,1,1,2,2,2,20.11,3 4 22,
7,2,2,9,0,1,1,2,2,2,21.5,2 3 9,
7,3,18,9,1,1,1,5,4,5,39.73,18 17 16 10 9,
7,4,19,9,1,1,1,4,4,4,40.52,19 20 21 3 9,
7,5,6,24,1,1,1,1,1,1,10.66,6 24,
7,6,17,9,0,1,1,3,3,3,30.39,17 16 15 9,
7,7,13,9,1,1,1,4,3,4,29.11,13 14 15 9,
7,8,9,14,0,1,1,2,2,2,21.5,9 8 14,
7,9,16,9,0,1,1,2,2,2,21.51,16 10 9,
7,10,10,9,2,1,1,1,1,1,9.11,10 9,
7,11,12,9,0,1,1,3,3,3,28.28,12 11 10 9,
7,12,8,9,1,1,1,1,1,1,8.88,8 9,
7,13,18,9,0,1,1,5,4,5,39.03,18 13 14 15 9,
7,14,17,24,1,1,1,4,2,4,19.66,17 18 24,
7,15,22,14,0,1,1,5,3,5,29.73,22 21 20 14,
7,16,24,9,0,1,1,6,5,6,49.86,24 23 22 4 3 9,
7,17,1,9,0,1,1,5,3,5,29.56,1 2 3 9,
7,18,19,9,2,1,1,7,4,7,43.68,19 13 7 8 9,
7,19,20,9,0,2,1,7,3,6,31.66,20 14 15 9,
7,20,10,9,0,2,1,4,1,3,9.49,10 9,
7,21,7,9,0,2,1,4,2,3,18.54,7 8 9,
7,22,21,7,1,2,1,8,4,7,40.31,21 20 19 13 7,
7,23,6,9,1,2,1,8,4,7,38.79,6 5 4 3 9,
7,24,23,9,1,2,1,9,4,8,39.28,23 17 16 15 9,
7,25,17,9,1,3,1,8,3,6,29.16,17 16 15 9,
7,26,12,9,0,3,1,8,3,6,27.97,12 11 10 9,
7,27,19,9,0,3,1,9,4,7,40.47,19 1 2 3 9,
7,28,10,8,0,3,1,7,2,5,18.85,10 9 8,
7,29,6,9,0,3,1,8,4,6,39.88,6 1 7 8 9,
7,30,7,9,1,3,1,5,2,3,18.79,7 8 9,
7,31,8,9,0,4,1,6,1,3,9.49,8 9,
7,32,15,9,1,4,1,6,1,3,10.66,15 9,
7,33,2,4,0,4,1,7,2,4,18.79,2 3 4,
7,34,5,9,1,4,1,11,5,8,49.11,5 11 17 16 15 9,
7,35,1,9,1,4,1,10,3,7,29.04,1 2 8 9,
7,36,10,9,0,4,1,7,1,4,9.3,10 9,
7,37,14,2,2,5,1,7,2,3,20.83,14 20 2,
7,38,4,9,0,5,1,10,2,6,19.34,4 3 9,
7,39,13,9,1,5,1,9,3,5,29.27,13 14 8 9,
7,40,12,9,2,5,1,11,3,7,26.92,12 7 8 9,
7,41,23,24,0,5,1,6,1,2,9.11,23 24,
7,42,10,9,2,5,1,9,1,5,8.88,10 9,
7,43,1,9,0,6,1,13,3,8,28.3,1 7 8 9,
7,44,20,13,0,6,1,9,2,4,19.47,20 14 13,
7,45,10,9,0,6,1,10,1,5,8.61,10 9,
7,46,21,9,2,6,1,11,2,6,20.04,21 3 9,
7,47,11,3,0,6,1,9,3,4,27.94,11 5 4 3,
7,48,9,18,0,6,1,14,4,9,35.71,9 10 11 12 18,
7,49,10,21,0,7,1,13,3,7,28.52,10 16 22 21,
7,50,13,9,1,7,1,13,3,7,28.56,13 14 15 9,
7,51,17,9,0,7,1,13,3,7,26.3,17 11 10 9,
7,52,15,9,1,7,1,10,1,4,10.0,15 9,
7,53,19,9,1,7,1,14,4,8,39.25,19 20 21 15 9,
7,54,5,9,0,7,1,14,3,8,25.7,5 11 10 9,
7,55,8,9,0,8,1,12,1,5,8.31,8 9,
7,56,24,9,0,8,1,14,5,7,45.98,24 23 22 21 3 9,
7,57,13,9,0,8,1,16,3,9,29.11,13 14 15 9,
7,58,16,4,1,8,1,10,2,3,20.43,16 22 4,
7,59,7,16,2,8,1,13,4,6,32.34,7 13 18 17 16,
7,60,3,9,2,8,1,12,1,5,10.04,3 9,
7,61,15,21,1,9,1,12,1,4,10.38,15 21,
7,62,17,9,0,9,1,16,3,8,25.06,17 11 10 9,
7,63,1,9,1,9,1,13,3,5,27.9,1 2 3 9,
7,64,16,6,0,9,1,15,4,7,39.17,16 17 18 12 6,
7,65,4,9,2,9,1,15,2,7,17.12,4 10 9,
7,66,8,11,0,9,1,16,3,8,21.15,8 7 12 11,
7,67,7,9,0,10,1,15,2,6,16.27,7 8 9,
7,68,13,9,1,10,1,18,3,9,28.82,13 14 15 9,
7,69,5,9,0,10,1,17,3,8,24.56,5 11 10 9,
7,70,15,9,0,10,1,15,1,6,11.0,15 9,
7,71,20,14,1,10,1,11,1,2,10.04,20 14,
7,72,6,1,0,10,1,11,1,2,7.39,6 1,
7,73,2,22,0,11,1,15,3,5,25.5,2 20 21 22,
7,74,1,9,1,11,1,15,3,5,27.27,1 2 3 9,
7,75,15,9,1,11,1,17,1,7,11.79,15 9,
7,76,22,9,0,11,1,20,3,10,32.0,22 21 15 9,
7,77,9,8,1,11,1,12,1,2,8.31,9 8,
7,78,21,9,0,11,1,19,2,9,23.28,21 15 9,
7,79,11,9,1,12,1,20,2,9,13.63,11 10 9,
7,80,9,14,2,12,1,16,2,5,19.0,9 8 14,
7,81,10,9,0,12,1,18,1,7,6.57,10 9,
7,82,14,9,2,12,1,17,2,6,17.27,14 8 9,
7,83,23,9,1,12,1,23,4,12,40.54,23 22 21 15 9,
7,84,22,9,0,12,1,21,3,10,31.84,22 16 15 9,
7,85,20,9,0,13,1,22,3,10,31.67,20 14 15 9,
7,86,5,9,2,13,1,16,3,4,25.24,5 4 3 9,
7,87,10,4,0,13,1,19,1,7,12.62,10 4,
7,88,11,9,1,13,1,21,2,9,13.46,11 10 9,
7,89,22,9,2,13,1,24,3,12,32.87,22 16 15 9,
7,90,4,11,0,13,1,15,2,3,18.5,4 5 11,
7,91,22,9,0,14,1,24,5,11,47.08,22 21 20 2 3 9,
7,92,24,9,0,14,1,20,5,7,46.8,24 19 20 21 3 9,
7,93,1,9,0,14,1,19,3,6,24.14,1 7 8 9,
7,94,4,9,0,14,1,17,2,4,18.27,4 3 9,
7,95,21,9,1,14,1,22,4,9,38.11,21 20 14 8 9,
7,96,23,9,1,14,0,-1,6,-1,54.32,23 22 21 20 14 13 7,deadline_exceeded
7,97,5,9,0,15,1,22,3,8,25.07,5 11 10 9,
7,98,13,2,2,15,1,23,7,9,60.69,13 14 20 19 24 6 1 2,
7,99,19,9,2,15,1,23,4,9,37.59,19 13 14 8 9,
7,100,8,21,0,15,1,21,3,7,32.74,8 9 3 21,
7,101,20,9,0,15,1,25,3,11,32.08,20 14 15 9,
7,102,14,9,2,15,1,20,2,6,17.51,14 8 9,
7,103,17,12,0,16,1,18,2,3,19.85,17 18 12,
7,104,6,9,0,16,1,22,4,7,33.31,6 1 2 3 9,
7,105,12,9,1,16,1,24,3,9,20.13,12 11 10 9,
7,106,13,7,1,16,1,17,1,2,11.0,13 7,
7,107,22,9,0,16,1,27,3,12,34.46,22 21 3 9,
7,108,4,6,0,16,1,18,2,3,13.08,4 5 6,
7,109,21,23,0,17,1,21,2,5,13.21,21 22 23,
7,110,4,14,0,17,1,21,4,5,39.82,4 3 2 20 14,
7,111,18,9,0,17,1,29,4,13,33.19,18 13 14 15 9,
7,112,10,9,2,17,1,23,1,7,6.89,10 9,
7,113,5,9,0,17,1,23,3,7,26.63,5 4 3 9,
7,114,11,9,0,17,1,25,4,9,27.09,11 12 7 8 9,
7,115,15,9,1,18,1,26,1,9,13.96,15 9,
7,116,21,9,2,18,1,25,2,8,27.91,21 3 9,
7,117,13,23,1,18,1,21,3,4,27.36,13 18 17 23,
7,118,14,22,0,18,1,27,3,10,28.22,14 20 21 22,
7,119,7,5,1,18,1,22,3,5,27.41,7 12 11 5,
7,120,8,23,2,18,1,25,5,8,48.86,8 7 12 11 17 23,
7,121,10,9,2,19,1,25,1,7,7.39,10 9,
7,122,15,9,2,19,1,27,1,9,13.83,15 9,
7,123,16,9,2,19,1,28,2,10,20.13,16 15 9,
7,124,13,9,2,19,1,30,3,12,26.21,13 14 15 9,
7,125,7,9,1,19,1,24,2,6,13.46,7 8 9,
7,126,19,9,0,19,0,-1,3,-1,26.69,19 13 14 15,
7,127,21,5,1,20,1,26,3,7,27.81,21 22 23 5,
7,128,20,9,0,20,0,-1,2,-1,20.4,20 21 3,
7,129,13,9,2,20,1,28,3,9,27.7,13 7 8 9,
7,130,22,14,2,20,1,29,3,10,27.43,22 21 20 14,
7,131,1,9,1,20,1,26,3,7,27.08,1 2 3 9,
7,132,9,19,2,20,1,28,4,9,41.45,9 8 7 13 19,
7,133,7,9,0,21,1,27,2,7,14.26,7 8 9,
7,134,5,20,1,21,1,29,4,9,34.77,5 4 3 2 20,
7,135,19,9,0,21,0,-1,3,-1,26.63,19 20 21 3,
7,136,22,9,2,21,0,-1,2,-1,21.12,22 16 15,
7,137,2,9,0,21,1,29,2,9,20.32,2 3 9,
7,138,6,10,0,21,1,25,3,5,28.78,6 5 4 10,
7,139,22,23,1,22,1,24,1,3,7.39,22 23,
7,140,6,9,1,22,0,-1,3,-1,23.06,6 5 4 3,
7,141,2,4,0,22,1,30,2,9,15.77,2 3 4,
7,142,16,12,1,22,1,25,3,4,28.42,16 17 18 12,
7,143,9,18,1,22,1,28,4,7,36.11,9 10 11 12 18,
7,144,24,9,2,22,0,-1,4,-1,36.01,24 19 20 2 3,
7,145,9,5,0,23,1,29,3,7,28.73,9 10 11 5,
7,146,12,9,1,23,1,29,3,7,23.99,12 11 10 9,
7,147,14,9,0,23,0,-1,1,-1,7.39,14 15,
7,148,10,9,1,23,1,27,1,5,8.0,10 9,
7,149,23,3,2,23,1,30,3,8,27.29,23 22 21 3,
7,150,20,9,0,23,0,-1,1,-1,7.39,20 21,
7,151,22,4,2,24,1,27,1,4,13.0,22 4,
7,152,2,9,0,24,0,-1,1,-1,7.12,2 3,
7,153,12,1,2,24,1,28,4,5,49.84,12 7 13 19 1,
7,154,15,21,0,24,0,-1,0,-1,0.0,15,
7,155,7,9,0,24,1,29,2,6,15.2,7 8 9,
7,156,17,9,0,24,0,-1,3,-1,31.8,17 11 12 7,
7,157,21,9,1,25,0,-1,2,-1,20.4,21 22 4,
7,158,15,9,0,25,0,-1,0,-1,0.0,15,
7,159,19,1,1,25,1,26,1,2,13.96,19 1,
7,160,23,9,0,25,0,-1,2,-1,16.62,23 22 21,
7,161,8,9,1,25,1,30,1,6,8.61,8 9,
7,162,20,14,0,25,1,28,1,4,13.62,20 14,
7,163,19,9,2,26,0,-1,3,-1,30.57,19 13 14 15,
7,164,5,12,2,26,1,28,2,3,21.61,5 6 12,
7,165,1,2,0,26,1,27,1,2,7.39,1 2,
7,166,24,13,0,26,1,29,2,4,22.5,24 19 13,
7,167,3,9,1,26,0,-1,0,-1,0.0,3,
7,168,12,9,0,26,0,-1,2,-1,16.57,12 7 8,
7,169,20,6,1,27,0,-1,1,-1,8.31,20 19,
7,170,16,9,0,27,1,30,2,4,22.22,16 10 9,
7,171,17,12,0,27,1,29,2,3,21.09,17 18 12,
7,172,21,2,1,27,0,-1,0,-1,0.0,21,
7,173,8,19,1,27,0,-1,0,-1,0.0,8,
7,174,7,9,2,27,0,-1,1,-1,8.0,7 8,
7,175,19,9,0,28,0,-1,1,-1,8.31,19 20,
7,176,7,9,0,28,0,-1,1,-1,8.31,7 8,
7,177,15,9,0,28,0,-1,0,-1,0.0,15,
7,178,1,9,0,28,0,-1,2,-1,16.61,1 2 3,
7,179,6,9,0,28,0,-1,2,-1,17.61,6 1 2,
7,180,14,10,0,28,0,-1,1,-1,13.62,14 8,
7,181,6,9,1,29,0,-1,1,-1,9.3,6 5,
7,182,24,9,1,29,0,-1,1,-1,9.3,24 23,
7,183,15,9,0,29,0,-1,0,-1,0.0,15,
7,184,2,9,1,29,0,-1,0,-1,0.0,2,
7,185,16,9,0,29,0,-1,1,-1,12.62,16 10,
7,186,18,9,1,29,0,-1,1,-1,9.3,18 17,
7,187,3,9,1,30,0,-1,0,-1,0.0,3,
7,188,19,3,1,30,0,-1,0,-1,0.0,19,
7,189,2,9,0,30,0,-1,0,-1,0.0,2,
7,190,11,9,0,30,0,-1,0,-1,0.0,11,
7,191,5,9,0,30,0,-1,0,-1,0.0,5,
7,192,6,8,1,30,0,-1,0,-1,0.0,6,
8,1,3,9,1,1,1,1,1,1,13.0,3 9,
8,2,16,9,0,1,1,2,2,2,21.32,16 15 9,
8,3,2,9,0,1,1,2,2,2,21.5,2 3 9,
8,4,24,16,2,1,1,3,3,3,29.85,24 23 22 16,
8,5,7,9,0,1,1,2,2,2,17.72,7 8 9,
8,6,6,9,0,1,1,4,4,4,40.14,6 5 4 10 9,
8,7,1,9,1,1,1,4,3,4,29.52,1 2 3 9,
8,8,20,9,0,1,1,5,3,5,31.65,20 21 3 9,
8,9,11,10,0,1,1,1,1,1,9.3,11 10,
8,10,15,17,1,1,1,2,2,2,18.54,15 16 17,
8,11,13,12,2,1,1,2,2,2,20.49,13 18 12,
8,12,22,2,2,1,1,4,3,4,29.41,22 21 20 2,
8,13,3,9,0,1,1,3,1,3,12.21,3 9,
8,14,15,9,0,1,1,3,1,3,11.79,15 9,
8,15,18,9,1,1,1,10,6,10,59.58,18 17 11 10 4 3 9,
8,16,7,15,0,1,1,4,3,4,31.54,7 13 14 15,
8,17,24,2,0,1,1,5,3,5,29.27,24 19 20 2,
8,18,8,1,2,1,1,4,2,4,21.73,8 7 1,
8,19,9,5,0,2,1,7,3,6,29.03,9 10 11 5,
8,20,4,9,2,2,1,7,2,6,20.15,4 3 9,
8,21,7,14,0,2,1,4,2,3,20.91,7 8 14,
8,22,6,9,1,2,1,10,6,9,58.6,6 12 11 17 16 15 9,
8,23,22,20,2,2,1,5,2,4,18.98,22 21 20,
8,24,17,9,0,2,1,5,3,4,29.98,17 16 15 9,
8,25,3,1,0,3,1,7,2,5,18.98,3 2 1,
8,26,20,9,1,3,1,11,3,9,29.54,20 21 3 9,
8,27,16,9,0,3,1,7,2,5,19.87,16 15 9,
8,28,9,11,2,3,1,8,4,6,39.92,9 15 16 17 11,
8,29,22,9,1,3,1,8,3,6,30.05,22 21 3 9,
8,30,17,9,1,3,0,-1,8,-1,71.03,17 16 10 11 12 7 13 14 15,deadline_exceeded
8,31,2,9,2,4,1,6,2,3,21.28,2 8 9,
8,32,4,9,0,4,1,7,2,4,20.3,4 10 9,
8,33,18,11,0,4,1,6,2,3,19.29,18 12 11,
8,34,24,9,0,4,1,9,5,6,47.05,24 6 5 11 10 9,
8,35,5,9,2,4,1,15,5,12,50.07,5 4 3 21 15 9,
8,36,9,10,1,4,1,5,1,2,9.49,9 10,
8,37,2,9,2,5,1,7,2,3,20.81,2 8 9,
8,38,23,9,0,5,1,12,4,8,37.34,23 22 4 10 9,
8,39,14,15,1,5,1,6,1,2,9.49,14 15,
8,40,12,9,2,5,1,9,3,5,27.15,12 7 8 9,
8,41,19,9,2,5,1,10,4,6,39.76,19 13 14 8 9,
8,42,5,9,0,5,1,10,3,6,28.08,5 4 10 9,
8,43,22,9,2,6,1,11,3,6,29.16,22 21 15 9,
8,44,16,9,1,6,1,11,2,6,18.36,16 10 9,
8,45,2,22,1,6,1,12,3,7,27.16,2 20 21 22,
8,46,1,18,2,6,1,9,3,4,29.37,1 6 24 18,
8,47,23,24,2,6,1,7,1,2,8.88,23 24,
8,48,7,23,0,6,1,11,4,6,38.05,7 12 11 17 23,
8,49,19,9,0,7,1,14,4,8,38.74,19 1 2 3 9,
8,50,18,9,0,7,1,12,4,6,36.67,18 13 14 15 9,
8,51,7,9,0,7,1,11,2,5,17.91,7 8 9,
8,52,5,12,0,7,1,9,2,3,18.65,5 6 12,
8,53,17,9,2,7,1,13,3,7,27.6,17 16 15 9,
8,54,15,9,1,7,1,8,1,2,10.17,15 9,
8,55,20,9,0,8,1,13,3,6,28.0,20 14 8 9,
8,56,22,9,0,8,1,15,3,8,29.15,22 4 3 9,
8,57,7,9,1,8,1,12,2,5,17.43,7 8 9,
8,58,4,9,0,8,1,13,2,6,17.69,4 10 9,
8,59,2,9,0,8,1,17,4,10,34.2,2 3 4 10 9,
8,60,21,9,2,8,1,14,2,7,20.71,21 15 9,
8,61,16,13,0,9,1,13,3,5,22.28,16 17 18 13,
8,62,3,9,1,9,1,13,1,5,10.17,3 9,
8,63,22,9,1,9,1,17,3,9,31.06,22 21 15 9,
8,64,12,9,2,9,1,14,3,6,23.69,12 7 8 9,
8,65,23,9,0,9,1,16,4,8,38.08,23 22 16 15 9,
8,66,5,9,0,9,1,15,3,7,25.16,5 11 10 9,
8,67,14,24,2,10,1,17,5,8,41.1,14 13 18 17 23 24,
8,68,10,9,1,10,0,-1,4,-1,32.31,10 11 17 16 15,deadline_exceeded
8,69,2,20,0,10,1,11,1,2,10.17,2 20,
8,70,1,9,1,10,1,15,3,6,26.27,1 2 8 9,
8,71,18,17,0,10,1,11,1,2,7.69,18 17,
8,72,4,9,0,10,1,20,4,11,32.63,4 3 2 8 9,
8,73,18,9,0,11,1,17,4,7,32.67,18 13 14 8 9,
8,74,11,9,0,11,1,16,2,6,14.57,11 10 9,
8,75,17,14,1,11,1,19,3,9,21.35,17 16 15 14,
8,76,14,10,0,11,1,19,3,9,27.57,14 15 16 10,
8,77,20,9,1,11,1,20,3,10,32.31,20 21 15 9,
8,78,23,9,1,11,1,22,6,12,52.51,23 22 21 20 14 8 9,
8,79,11,9,1,12,1,18,4,7,28.21,11 12 7 8 9,
8,80,4,9,0,12,1,23,4,12,32.36,4 3 2 8 9,
8,81,16,4,0,12,1,18,6,7,51.17,16 22 23 24 6 5 4,
8,82,6,21,0,12,1,19,4,8,35.61,6 1 2 3 21,
8,83,19,6,0,12,1,19,6,8,59.57,19 24 23 17 18 12 6,
8,84,24,20,2,12,1,14,2,3,14.89,24 19 20,
8,85,6,9,0,13,1,20,4,8,33.27,6 5 4 3 9,
8,86,2,9,1,13,1,16,2,4,17.29,2 8 9,
8,87,18,9,0,13,1,24,4,12,31.34,18 13 7 8 9,
8,88,11,9,0,13,1,18,2,6,13.69,11 10 9,
8,89,1,7,0,13,1,15,1,3,10.17,1 7,
8,90,13,9,2,13,1,21,3,9,25.58,13 14 8 9,
8,91,24,16,1,14,1,19,3,6,26.55,24 23 22 16,
8,92,19,9,0,14,1,27,6,14,55.29,19 20 21 22 16 15 9,
8,93,22,9,0,14,1,21,3,8,32.01,22 16 15 9,
8,94,13,9,1,14,1,25,3,12,27.96,13 14 15 9,
8,95,3,1,1,14,1,19,2,6,13.4,3 2 1,
8,96,14,20,1,14,1,16,1,3,11.38,14 20,
8,97,22,9,2,15,1,23,3,9,32.92,22 21 15 9,
8,98,10,9,0,15,1,19,1,5,6.51,10 9,
8,99,13,20,1,15,1,26,6,12,46.17,13 19 24 23 22 21 20,
8,100,2,9,0,15,1,21,2,7,20.12,2 3 9,
8,101,20,9,2,15,1,27,5,13,48.05,20 21 3 2 8 9,
8,102,21,9,0,15,1,22,2,8,25.41,21 15 9,
8,103,9,17,0,16,1,23,3,8,27.16,9 10 16 17,
8,104,6,18,2,16,1,19,2,4,27.65,6 24 18,
8,105,8,9,1,16,1,19,1,4,6.57,8 9,
8,106,20,9,1,16,1,27,5,12,47.7,20 21 22 4 3 9,
8,107,18,4,2,16,1,22,4,7,40.63,18 17 16 22 4,
8,108,22,7,1,16,1,25,5,10,47.92,22 23 24 19 13 7,
8,109,3,9,0,17,1,22,1,6,13.34,3 9,
8,110,10,9,0,17,1,21,1,5,6.57,10 9,
8,111,12,19,1,17,1,20,3,4,30.98,12 7 13 19,
8,112,17,9,1,17,1,26,3,10,27.04,17 16 15 9,
8,113,1,9,2,17,1,25,3,9,27.35,1 2 3 9,
8,114,24,9,2,17,0,-1,5,-1,42.22,24 19 20 21 3 2,
8,115,15,9,0,18,1,24,1,7,13.96,15 9,
8,116,4,9,0,18,1,24,2,7,20.34,4 3 9,
8,117,7,20,1,18,1,22,3,5,32.13,7 1 2 20,
8,118,19,9,1,18,1,29,4,12,39.55,19 13 14 15 9,
8,119,18,22,2,18,1,24,3,7,27.1,18 17 16 22,
8,120,1,9,0,18,1,25,3,8,26.44,1 2 8 9,
8,121,20,22,1,19,1,22,2,4,13.21,20 21 22,
8,122,21,8,0,19,1,24,3,6,34.16,21 20 14 8,
8,123,19,9,1,19,0,-1,4,-1,34.32,19 20 21 22 16,deadline_exceeded
8,124,24,13,1,19,1,25,2,7,21.35,24 19 13,
8,125,7,14,0,19,1,26,2,8,20.51,7 8 14,
8,126,11,9,0,19,1,22,2,4,13.27,11 10 9,
8,127,11,15,0,20,1,25,3,6,27.82,11 10 9 15,
8,128,3,9,1,20,1,26,1,7,14.0,3 9,
8,129,21,9,0,20,1,30,2,11,26.96,21 15 9,
8,130,19,9,0,20,0,-1,3,-1,26.31,19 20 21 15,
8,131,20,1,0,20,1,23,2,4,20.4,20 2 1,
8,132,10,9,0,20,1,23,1,4,6.89,10 9,
8,133,24,9,0,21,1,29,5,9,51.43,24 6 5 4 10 9,
8,134,21,9,0,21,0,-1,1,-1,13.96,21 15,
8,135,10,3,0,21,1,27,2,7,21.35,10 9 3,
8,136,4,9,0,21,1,29,2,9,20.5,4 3 9,
8,137,14,9,1,21,1,28,2,8,20.19,14 15 9,
8,138,5,4,0,21,1,22,1,2,6.89,5 4,
8,139,18,20,2,22,1,25,3,4,28.39,18 13 14 20,
8,140,22,9,0,22,0,-1,2,-1,21.64,22 16 15,
8,141,16,9,0,22,0,-1,1,-1,7.39,16 15,
8,142,3,9,1,22,1,28,1,7,13.83,3 9,
8,143,4,9,1,22,1,26,2,5,21.64,4 10 9,
8,144,24,7,0,22,1,26,3,5,35.89,24 18 13 7,
8,145,12,21,0,23,0,-1,4,-1,36.71,12 11 10 9 15,
8,146,11,9,2,23,1,29,4,7,31.43,11 12 7 8 9,
8,147,2,9,2,23,1,28,2,6,21.83,2 8 9,
8,148,17,9,2,23,1,30,3,8,29.89,17 16 10 9,
8,149,5,9,1,23,0,-1,2,-1,14.78,5 4 3,
8,150,21,9,1,23,0,-1,3,-1,33.62,21 22 4 10,
8,151,4,9,1,24,0,-1,1,-1,7.69,4 3,
8,152,21,9,0,24,0,-1,1,-1,13.0,21 15,
8,153,23,5,1,24,1,25,1,2,13.34,23 5,
8,154,9,18,1,24,0,-1,4,-1,34.84,9 10 11 12 7,
8,155,18,9,0,24,0,-1,3,-1,25.23,18 17 16 15,
8,156,20,3,0,24,1,27,2,4,21.52,20 2 3,
8,157,23,18,0,25,1,27,2,3,20.93,23 24 18,
8,158,2,9,1,25,0,-1,1,-1,7.39,2 3,
8,159,3,9,0,25,0,-1,0,-1,0.0,3,
8,160,5,9,0,25,0,-1,2,-1,21.62,5 4 10,
8,161,17,9,0,25,0,-1,2,-1,16.31,17 16 15,
8,162,22,9,2,25,0,-1,1,-1,7.69,22 21,
8,163,12,18,1,26,1,27,1,2,13.0,12 18,
8,164,2,9,1,26,0,-1,1,-1,8.0,2 3,
8,165,7,9,1,26,0,-1,4,-1,39.49,7 12 6 1 2,
8,166,4,9,0,26,0,-1,1,-1,8.61,4 3,
8,167,9,3,0,26,1,28,1,3,13.83,9 3,
8,168,18,14,1,26,1,28,2,3,16.57,18 13 14,
8,169,9,4,0,27,0,-1,1,-1,8.88,9 10,
8,170,23,13,1,27,1,30,3,4,31.52,23 24 19 13,
8,171,16,9,0,27,0,-1,1,-1,12.62,16 10,
8,172,21,6,2,27,0,-1,0,-1,0.0,21,
8,173,13,9,0,27,0,-1,2,-1,21.34,13 14 8,
8,174,12,11,2,27,1,29,1,3,9.11,12 11,
8,175,9,20,2,28,0,-1,0,-1,0.0,9,
8,176,14,5,0,28,0,-1,2,-1,17.43,14 13 18,
8,177,10,3,0,28,0,-1,0,-1,0.0,10,
8,178,2,20,0,28,1,29,1,2,13.0,2 20,
8,179,11,1,0,28,0,-1,1,-1,12.62,11 5,
8,180,21,1,1,28,0,-1,0,-1,0.0,21,
8,181,21,6,0,29,0,-1,0,-1,0.0,21,
8,182,18,9,1,29,0,-1,1,-1,9.3,18 17,
8,183,10,9,1,29,0,-1,0,-1,0.0,10,
8,184,1,7,0,29,0,-1,0,-1,0.0,1,
8,185,24,9,0,29,0,-1,1,-1,11.0,24 6,
8,186,13,9,0,29,0,-1,0,-1,0.0,13,
8,187,7,9,0,30,0,-1,0,-1,0.0,7,
8,188,10,6,1,30,0,-1,0,-1,0.0,10,
8,189,20,8,2,30,0,-1,0,-1,0.0,20,
8,190,21,18,1,30,0,-1,0,-1,0.0,21,
8,191,23,9,1,30,0,-1,0,-1,0.0,23,
8,192,3,6,2,30,0,-1,0,-1,0.0,3,
9,1,1,9,1,1,1,3,3,3,29.93,1 2 3 9,
9,2,16,9,0,1,1,2,2,2,21.32,16 15 9,
9,3,22,9,0,1,1,4,3,4,32.29,22 21 3 9,
9,4,6,9,2,1,1,5,4,5,40.14,6 5 4 10 9,
9,5,19,2,0,1,1,2,2,2,20.4,19 20 2,
9,6,17,11,0,1,1,1,1,1,11.79,17 11,
9,7,11,9,0,1,1,2,2,2,18.6,11 10 9,
9,8,8,9,1,1,1,1,1,1,8.88,8 9,
9,9,4,20,2,1,1,5,5,5,53.82,4 3 9 8 14 20,
9,10,13,9,1,1,1,3,3,3,30.53,13 14 8 9,
9,11,7,9,1,1,1,2,2,2,17.72,7 8 9,
9,12,3,9,0,1,1,1,1,1,13.0,3 9,
9,13,1,9,1,1,1,6,3,6,29.18,1 2 3 9,
9,14,18,9,1,1,1,9,6,9,59.48,18 17 16 15 21 3 9,
9,15,10,9,1,1,1,3,1,3,9.43,10 9,
9,16,11,9,0,1,1,4,2,4,18.92,11 10 9,
9,17,4,9,1,1,1,5,2,5,20.68,4 3 9,
9,18,20,9,0,1,1,7,3,7,30.62,20 21 3 9,
9,19,21,17,0,2,1,5,3,4,29.09,21 22 23 17,
9,20,13,18,0,2,1,3,1,2,9.43,13 18,
9,21,5,9,0,2,1,8,5,7,48.71,5 11 12 7 8 9,
9,22,17,9,1,2,1,6,3,5,29.58,17 16 10 9,
9,23,20,21,2,2,1,4,1,3,9.43,20 21,
9,24,19,9,0,2,1,6,4,5,43.33,19 1 7 8 9,
9,25,2,3,0,3,1,4,1,2,9.43,2 3,
9,26,1,9,2,3,1,9,3,7,29.92,1 2 8 9,
9,27,8,21,0,3,1,7,3,5,30.33,8 9 15 21,
9,28,11,9,0,3,1,7,2,5,18.73,11 10 9,
9,29,19,9,1,3,1,13,6,11,60.32,19 20 14 15 21 3 9,
9,30,24,17,0,3,1,6,2,4,19.47,24 23 17,
9,31,15,9,1,4,1,6,1,3,10.66,15 9,
9,32,17,13,2,4,1,6,2,3,18.18,17 18 13,
9,33,14,9,1,4,1,13,4,10,36.29,14 15 16 10 9,
9,34,2,9,1,4,1,7,2,4,21.22,2 8 9,
9,35,16,9,1,4,1,9,2,6,19.47,16 15 9,
9,36,24,9,0,4,1,11,5,8,48.3,24 6 1 7 8 9,
9,37,17,9,1,5,1,11,3,7,28.64,17 16 15 9,
9,38,13,9,0,5,1,12,3,8,28.19,13 14 8 9,
9,39,23,9,1,5,1,12,4,8,37.9,23 22 16 15 9,
9,40,21,9,0,5,1,10,2,6,20.09,21 3 9,
9,41,5,9,0,5,1,9,3,5,28.38,5 11 10 9,
9,42,3,9,0,5,1,8,1,4,10.38,3 9,
9,43,2,3,1,6,1,7,1,2,9.43,2 3,
9,44,21,10,2,6,1,10,3,5,29.29,21 22 4 10,
9,45,10,1,1,6,1,11,4,6,35.05,10 11 12 7 1,
9,46,20,9,0,6,1,12,3,7,29.51,20 21 3 9,
9,47,14,3,0,6,1,11,3,6,28.7,14 20 2 3,
9,48,9,7,2,6,1,10,2,5,18.54,9 8 7,
9,49,23,2,0,7,1,11,4,5,35.9,23 24 19 20 2,
9,50,5,9,2,7,1,14,3,8,26.32,5 4 10 9,
9,51,2,17,0,7,1,13,5,7,45.5,2 20 19 24 23 17,
9,52,12,11,0,7,1,8,1,2,8.61,12 11,
9,53,11,9,0,7,1,11,2,5,17.19,11 10 9,
9,54,10,9,2,7,1,10,1,4,8.61,10 9,
9,55,24,9,1,8,1,14,5,7,45.01,24 23 22 16 15 9,
9,56,23,9,2,8,1,14,4,7,37.39,23 5 4 3 9,
9,57,10,9,1,8,1,12,1,5,8.0,10 9,
9,58,3,9,1,8,1,11,1,4,10.0,3 9,
9,59,6,9,1,8,1,16,4,9,33.06,6 5 11 10 9,
9,60,17,7,0,8,1,11,3,4,26.04,17 18 13 7,
9,61,24,7,1,9,1,14,3,6,27.74,24 19 13 7,
9,62,13,9,0,9,1,14,3,6,26.8,13 14 8 9,
9,63,19,9,2,9,1,18,4,10,39.82,19 20 21 15 9,
9,64,11,9,2,9,1,15,2,7,15.43,11 10 9,
9,65,17,2,2,9,1,22,9,14,75.49,17 16 22 21 20 19 24 6 1 2,
9,66,2,9,0,9,1,13,2,5,18.17,2 8 9,
9,67,12,9,1,10,1,18,5,9,44.38,12 11 5 4 3 9,
9,68,21,9,1,10,1,18,4,9,36.34,21 20 14 8 9,
9,69,22,9,2,10,1,15,3,6,29.97,22 21 15 9,
9,70,2,9,2,10,1,15,2,6,17.39,2 8 9,
9,71,6,15,1,10,1,17,5,8,46.26,6 1 2 20 21 15,
9,72,13,1,0,10,1,14,2,5,20.71,13 19 1,
9,73,9,1,0,11,1,16,3,6,24.82,9 3 2 1,
9,74,17,9,1,11,1,19,3,9,27.7,17 16 15 9,
9,75,7,9,0,11,1,16,2,6,15.73,7 8 9,
9,76,22,9,1,11,1,21,3,11,32.52,22 21 15 9,
9,77,5,9,1,11,1,16,3,6,26.38,5 4 3 9,
9,78,1,3,2,11,0,-1,1,-1,8.31,1 2,no_route
9,79,16,2,1,12,0,-1,3,-1,25.25,16 22 21 20,deadline_exceeded
9,80,14,9,1,12,1,16,2,5,19.38,14 15 9,
9,81,19,9,1,12,1,22,4,11,37.84,19 20 14 8 9,
9,82,10,16,0,12,1,17,1,6,12.21,10 16,
9,83,2,5,2,12,1,16,3,5,21.15,2 1 6 5,
9,84,17,1,0,12,1,23,6,12,51.77,17 18 13 19 20 2 1,
9,85,15,17,0,13,1,18,2,6,13.21,15 16 17,
9,86,24,9,0,13,0,-1,6,-1,48.37,24 23 22 21 20 14 15,
9,87,10,9,2,13,1,18,1,6,6.57,10 9,
9,88,19,9,1,13,1,23,4,11,41.54,19 20 21 3 9,
9,89,9,24,0,13,1,20,5,8,48.72,9 8 7 12 6 24,
9,90,22,9,0,13,0,-1,1,-1,7.12,22 21,no_route
9,91,3,9,1,14,1,17,1,4,11.38,3 9,
9,92,16,9,0,14,1,22,2,9,20.5,16 15 9,
9,93,5,9,1,14,1,19,3,6,25.98,5 4 3 9,
9,94,15,9,0,14,1,20,1,7,13.0,15 9,
9,95,19,9,1,14,1,24,4,11,41.45,19 20 21 3 9,
9,96,14,3,1,14,1,24,3,11,34.77,14 15 9 3,
9,97,14,3,1,15,1,24,3,10,32.26,14 20 21 3,
9,98,23,5,0,15,1,18,3,4,26.7,23 24 6 5,
9,99,5,9,0,15,1,20,3,6,24.87,5 11 10 9,
9,100,20,9,0,15,1,24,3,10,31.71,20 14 8 9,
9,101,10,9,1,15,1,19,1,5,6.51,10 9,
9,102,24,9,1,15,1,22,5,8,46.89,24 23 22 21 3 9,
9,103,6,16,0,16,1,21,4,6,39.25,6 5 4 10 16,
9,104,24,21,2,16,1,20,3,5,19.52,24 23 22 21,
9,105,4,15,0,16,1,21,3,6,32.66,4 3 9 15,
9,106,2,9,0,16,1,20,2,5,17.51,2 8 9,
9,107,8,9,1,16,1,19,1,4,6.57,8 9,
9,108,12,7,0,16,1,21,5,6,45.58,12 11 17 18 13 7,
9,109,8,9,1,17,1,21,1,5,6.51,8 9,
9,110,18,4,2,17,1,22,4,6,40.91,18 17 16 22 4,
9,111,7,5,2,17,1,21,3,5,27.02,7 12 11 5,
9,112,14,9,1,17,1,25,2,9,20.57,14 15 9,
9,113,22,8,0,17,1,28,4,12,41.06,22 16 15 14 8,
9,114,15,9,0,17,1,24,1,8,13.96,15 9,
9,115,13,9,1,18,1,28,3,11,26.83,13 14 15 9,
9,116,5,9,0,18,1,22,3,5,26.27,5 11 10 9,
9,117,17,9,2,18,1,30,3,13,26.59,17 16 15 9,
9,118,18,9,2,18,1,25,4,8,32.54,18 13 7 8 9,
9,119,23,9,0,18,1,26,4,9,40.97,23 22 21 3 9,
9,120,20,14,0,18,1,23,1,6,13.83,20 14,
9,121,20,9,1,19,0,-1,4,-1,40.41,20 21 22 4 10,deadline_exceeded
9,122,17,9,0,19,1,25,3,7,28.46,17 11 10 9,
9,123,23,9,1,19,0,-1,3,-1,27.2,23 22 21 15,deadline_exceeded
9,124,12,9,1,19,1,26,3,8,21.02,12 7 8 9,
9,125,8,21,1,19,1,30,5,12,50.29,8 9 3 2 20 21,
9,126,3,9,0,19,1,21,1,3,13.0,3 9,
9,127,1,17,2,20,1,24,4,5,41.89,1 6 5 23 17,
9,128,11,9,1,20,1,29,4,10,29.82,11 12 7 8 9,
9,129,16,4,1,20,1,23,2,4,27.65,16 10 4,
9,130,14,9,0,20,0,-1,2,-1,15.18,14 15 16,
9,131,24,9,0,20,0,-1,4,-1,33.51,24 23 22 21 3,
9,132,15,9,0,20,1,27,1,8,13.83,15 9,
9,133,20,9,1,21,0,-1,1,-1,7.39,20 21,
9,134,9,24,2,21,1,27,5,7,47.92,9 10 11 12 6 24,
9,135,18,9,2,21,1,30,4,10,36.4,18 13 14 8 9,
9,136,24,9,0,21,0,-1,4,-1,33.84,24 23 22 21 3,
9,137,16,23,0,21,1,25,2,5,21.01,16 17 23,
9,138,21,9,1,21,0,-1,3,-1,34.03,21 22 16 10,
9,139,20,17,1,22,1,30,4,9,39.82,20 19 13 18 17,
9,140,5,9,2,22,1,28,3,7,28.61,5 4 3 9,
9,141,16,20,0,22,0,-1,2,-1,21.52,16 22 21,
9,142,7,9,2,22,1,27,2,6,14.26,7 8 9,
9,143,9,10,0,22,1,23,1,2,6.89,9 10,
9,144,1,12,1,22,1,24,2,3,21.64,1 6 12,
9,145,10,19,0,23,0,-1,4,-1,39.55,10 11 12 7 1,
9,146,5,9,0,23,1,27,3,5,29.96,5 11 10 9,
9,147,9,12,0,23,1,29,3,7,25.41,9 10 11 12,
9,148,6,8,2,23,0,-1,4,-1,36.46,6 1 2 3 9,
9,149,4,6,2,23,1,26,2,4,15.7,4 5 6,
9,150,8,15,1,23,1,30,2,8,21.0,8 9 15,
9,151,17,16,2,24,1,26,1,3,8.0,17 16,
9,152,3,9,1,24,1,25,1,2,13.96,3 9,
9,153,6,18,0,24,1,27,2,4,25.24,6 24 18,
9,154,9,14,0,24,0,-1,1,-1,7.69,9 8,
9,155,16,4,0,24,1,29,2,6,27.17,16 10 4,
9,156,5,19,2,24,1,29,3,6,30.8,5 23 24 19,
9,157,1,9,0,25,0,-1,2,-1,21.64,1 7 8,
9,158,14,9,2,25,0,-1,1,-1,7.69,14 15,
9,159,13,9,0,25,0,-1,2,-1,15.43,13 14 15,
9,160,16,9,0,25,0,-1,1,-1,8.0,16 15,
9,161,9,22,1,25,0,-1,2,-1,20.93,9 10 16,
9,162,4,9,1,25,1,29,2,5,21.31,4 3 9,
9,163,18,22,2,26,0,-1,2,-1,17.22,18 17 16,
9,164,6,9,1,26,0,-1,2,-1,17.76,6 5 4,
9,165,20,9,1,26,0,-1,1,-1,8.0,20 21,
9,166,16,9,0,26,0,-1,1,-1,8.31,16 15,
9,167,4,16,2,26,1,28,2,3,26.0,4 22 16,
9,168,12,9,0,26,0,-1,2,-1,16.88,12 7 8,
9,169,3,9,0,27,0,-1,0,-1,0.0,3,
9,170,13,9,2,27,0,-1,2,-1,21.03,13 14 8,
9,171,6,9,0,27,0,-1,2,-1,17.61,6 1 2,
9,172,9,13,0,27,0,-1,1,-1,8.31,9 8,
9,173,16,4,1,27,0,-1,1,-1,12.21,16 22,
9,174,20,9,2,27,0,-1,2,-1,26.62,20 2 8,
9,175,3,19,1,28,0,-1,0,-1,0.0,3,
9,176,15,9,1,28,0,-1,0,-1,0.0,15,
9,177,5,9,0,28,0,-1,1,-1,12.62,5 11,
9,178,11,22,2,28,0,-1,1,-1,12.62,11 5,
9,179,13,1,0,28,0,-1,1,-1,13.34,13 19,
9,180,23,13,2,28,0,-1,2,-1,21.51,23 17 18,
9,181,14,6,1,29,0,-1,0,-1,0.0,14,
9,182,18,21,0,29,0,-1,0,-1,0.0,18,
9,183,13,17,2,29,0,-1,0,-1,0.0,13,
9,184,2,9,0,29,0,-1,0,-1,0.0,2,
9,185,9,22,2,29,0,-1,0,-1,0.0,9,
9,186,1,20,2,29,0,-1,0,-1,0.0,1,
9,187,5,9,1,30,0,-1,0,-1,0.0,5,
9,188,9,6,1,30,0,-1,0,-1,0.0,9,
9,189,23,5,0,30,0,-1,0,-1,0.0,23,
9,190,11,9,0,30,0,-1,0,-1,0.0,11,
9,191,21,9,0,30,0,-1,0,-1,0.0,21,
9,192,2,9,0,30,0,-1,0,-1,0.0,2,
10,1,7,9,1,1,1,2,2,2,17.72,7 8 9,
10,2,21,9,0,1,1,2,2,2,24.41,21 3 9,
10,3,11,9,1,1,1,2,2,2,18.6,11 10 9,
10,4,5,12,2,1,1,2,2,2,20.81,5 6 12,
10,5,1,11,1,1,1,4,3,4,29.98,1 6 5 11,
10,6,22,9,0,1,1,3,3,3,32.89,22 4 3 9,
10,7,18,4,1,1,1,4,4,4,40.24,18 17 16 22 4,
10,8,15,9,2,1,1,1,1,1,12.62,15 9,
10,9,2,1,0,1,1,1,1,1,8.61,2 1,
10,10,24,9,1,1,1,8,5,8,49.26,24 6 1 2 3 9,
10,11,16,9,0,1,1,2,2,2,21.32,16 15 9,
10,12,19,9,1,1,1,4,4,4,40.49,19 20 21 15 9,
10,13,15,9,0,1,1,3,1,3,11.79,15 9,
10,14,9,19,0,1,1,6,4,6,41.33,9 8 14 13 19,
10,15,23,18,2,1,1,3,2,3,19.87,23 24 18,
10,16,1,21,0,1,1,4,3,4,28.84,1 2 3 21,
10,17,5,2,0,1,1,5,3,5,28.34,5 4 3 2,
10,18,8,18,1,1,1,5,3,5,28.59,8 7 12 18,
10,19,7,9,1,2,1,5,2,4,18.61,7 8 9,
10,20,5,9,0,2,1,5,3,4,30.37,5 11 10 9,
10,21,14,9,0,2,1,9,4,8,40.31,14 15 21 3 9,
10,22,22,4,1,2,1,3,1,2,10.66,22 4,
10,23,10,9,0,2,1,3,1,2,9.43,10 9,
10,24,1,9,0,2,1,6,3,5,29.54,1 2 3 9,
10,25,14,9,2,3,1,6,2,4,21.28,14 8 9,
10,26,4,9,0,3,1,7,2,5,20.15,4 3 9,
10,27,1,9,2,3,1,7,3,5,31.47,1 7 8 9,
10,28,18,5,0,3,1,6,3,4,30.19,18 17 11 5,
10,29,10,9,2,3,1,4,1,2,9.49,10 9,
10,30,9,4,2,3,1,6,2,4,20.15,9 10 4,
10,31,2,9,1,4,1,8,2,5,21.09,2 8 9,
10,32,7,9,1,4,1,9,2,6,18.61,7 8 9,
10,33,5,9,0,4,1,8,3,5,29.2,5 4 10 9,
10,34,15,14,1,4,1,6,1,3,9.49,15 14,
10,35,23,22,0,4,1,5,1,2,9.43,23 22,
10,36,4,9,0,4,1,7,2,4,20.3,4 10 9,
10,37,9,11,0,5,1,9,2,5,18.04,9 10 11,
10,38,14,9,2,5,1,7,2,3,19.87,14 15 9,
10,39,6,9,0,5,1,11,4,7,36.48,6 5 11 10 9,
10,40,11,9,2,5,1,10,2,6,17.72,11 10 9,
10,41,17,9,2,5,1,9,3,5,28.64,17 16 15 9,
10,42,7,5,1,5,1,9,3,5,27.22,7 12 11 5,
10,43,4,7,0,6,1,10,4,5,35.46,4 5 6 12 7,
10,44,15,9,0,6,1,12,3,7,30.13,15 21 3 9,
10,45,13,9,1,6,1,11,3,6,29.04,13 7 8 9,
10,46,8,9,0,6,1,10,1,5,8.88,8 9,
10,47,23,4,2,6,1,9,2,4,18.65,23 5 4,
10,48,3,9,0,6,1,10,1,5,10.04,3 9,
10,49,3,9,0,7,1,11,1,5,10.0,3 9,
10,50,6,9,0,7,1,15,6,9,56.31,6 5 23 17 16 15 9,
10,51,23,12,0,7,1,10,3,4,29.37,23 24 18 12,
10,52,1,2,2,7,1,8,1,2,9.43,1 2,
10,53,18,9,1,7,1,12,4,6,36.67,18 13 14 15 9,
10,54,14,9,1,7,1,17,6,11,50.73,14 15 16 17 11 10 9,
10,55,1,9,0,8,1,13,3,6,28.35,1 2 3 9,
10,56,10,9,1,8,1,12,1,5,8.0,10 9,
10,57,13,21,2,8,1,14,5,7,39.6,13 19 24 23 22 21,
10,58,23,2,0,8,1,14,4,7,34.99,23 22 4 3 2,
10,59,5,17,0,8,1,12,2,5,20.83,5 11 17,
10,60,12,9,0,8,1,12,3,5,25.43,12 7 8 9,
10,61,11,1,1,9,1,12,3,4,25.43,11 12 7 1,
10,62,21,17,2,9,1,12,3,4,27.61,21 22 23 17,
10,63,15,9,0,9,1,11,1,3,10.04,15 9,
10,64,2,9,0,9,1,15,2,7,19.27,2 3 9,
10,65,18,9,0,9,1,20,4,12,34.69,18 17 16 15 9,
10,66,6,14,1,9,1,14,4,6,36.06,6 12 18 13 14,
10,67,12,9,1,10,1,20,3,11,20.51,12 11 10 9,
10,68,22,8,0,10,1,15,4,6,37.32,22 21 20 14 8,
10,69,9,18,1,10,1,17,4,8,35.28,9 10 11 12 18,
10,70,15,9,2,10,1,13,1,4,10.38,15 9,
10,71,7,15,2,10,1,13,3,4,26.65,7 13 14 15,
10,72,14,9,0,10,1,13,2,4,18.0,14 8 9,
10,73,4,9,0,11,1,15,2,5,17.29,4 10 9,
10,74,10,9,0,11,1,14,1,4,7.39,10 9,
10,75,13,9,1,11,1,16,3,6,27.38,13 14 15 9,
10,76,21,9,1,11,1,14,2,4,21.04,21 15 9,
10,77,5,9,0,11,1,16,3,6,24.96,5 4 10 9,
10,78,2,9,1,11,1,14,2,4,17.69,2 8 9,
10,79,20,9,2,12,1,17,3,6,30.79,20 21 15 9,
10,80,24,9,0,12,1,21,5,10,47.4,24 19 20 21 15 9,
10,81,16,8,1,12,1,19,3,8,26.3,16 15 14 8,
10,82,9,6,0,12,1,18,4,7,35.2,9 8 7 12 6,
10,83,17,9,2,12,1,22,3,11,27.2,17 16 15 9,
10,84,4,9,1,12,1,17,2,6,18.77,4 3 9,
10,85,9,16,0,13,1,20,4,8,33.81,9 10 11 17 16,
10,86,3,9,0,13,1,16,1,4,11.0,3 9,
10,87,19,9,2,13,1,23,4,11,38.76,19 13 14 15 9,
10,88,12,9,0,13,1,16,3,4,21.51,12 7 8 9,
10,89,1,9,1,13,1,17,3,5,25.27,1 2 8 9,
10,90,16,23,2,13,1,17,2,5,19.89,16 17 23,
10,91,4,9,0,14,1,18,2,5,18.91,4 3 9,
10,92,19,9,0,14,1,25,4,12,40.89,19 20 21 15 9,
10,93,10,9,0,14,1,19,1,6,6.51,10 9,
10,94,21,9,2,14,1,19,2,6,24.0,21 15 9,
10,95,17,9,1,14,0,-1,2,-1,13.27,17 16 15,deadline_exceeded
10,96,22,9,2,14,1,26,5,13,46.68,22 21 20 14 15 9,
10,97,2,9,1,15,1,18,2,4,17.36,2 8 9,
10,98,1,9,1,15,1,20,3,6,26.89,1 2 3 9,
10,99,7,9,0,15,1,23,4,9,37.59,7 13 14 8 9,
10,100,3,9,2,15,1,19,1,5,12.21,3 9,
10,101,24,9,0,15,1,26,5,12,48.03,24 19 20 21 3 9,
10,102,20,17,1,15,1,20,4,6,34.36,20 19 24 23 17,
10,103,24,9,1,16,1,26,5,11,46.3,24 19 13 14 8 9,
10,104,18,12,1,16,1,17,1,2,13.0,18 12,
10,105,14,9,2,16,1,19,2,4,18.36,14 8 9,
10,106,7,9,2,16,1,20,2,5,13.39,7 8 9,
10,107,23,9,0,16,1,23,4,8,40.1,23 22 21 3 9,
10,108,5,9,0,16,1,21,3,6,26.15,5 4 3 9,
10,109,22,10,1,17,1,20,2,4,26.68,22 16 10,
10,110,23,9,0,17,1,29,6,13,54.28,23 22 21 20 2 3 9,
10,111,17,9,0,17,1,22,3,6,26.21,17 16 10 9,
10,112,15,9,1,17,1,24,1,8,13.96,15 9,
10,113,12,20,1,17,1,23,4,7,40.23,12 7 8 2 20,
10,114,24,7,1,17,1,21,3,5,31.81,24 19 13 7,
10,115,2,9,0,18,1,24,2,7,20.4,2 3 9,
10,116,11,9,1,18,1,23,2,6,13.46,11 10 9,
10,117,21,9,2,18,0,-1,3,-1,26.73,21 20 14 15,
10,118,3,2,1,18,1,22,1,5,6.57,3 2,
10,119,22,9,0,18,0,-1,4,-1,34.62,22 21 20 14 15,
10,120,10,22,0,18,1,22,2,5,27.34,10 4 22,
10,121,8,9,0,19,1,21,1,3,6.51,8 9,
10,122,7,6,0,19,1,22,2,4,21.07,7 12 6,
10,123,18,9,0,19,1,25,4,7,34.62,18 17 16 10 9,
10,124,14,9,0,19,0,-1,2,-1,15.18,14 15 16,
10,125,19,8,1,19,1,24,3,6,33.46,19 1 2 8,
10,126,3,4,2,19,1,25,1,7,7.39,3 4,
10,127,17,9,0,20,1,30,3,11,26.77,17 16 15 9,
10,128,12,9,0,20,1,25,3,6,20.74,12 7 8 9,
10,129,15,7,2,20,1,29,3,10,29.2,15 14 13 7,
10,130,24,9,2,20,1,29,7,10,64.0,24 23 22 21 20 14 8 9,
10,131,2,13,1,20,1,24,3,5,33.13,2 1 7 13,
10,132,11,5,1,20,1,21,1,2,13.62,11 5,
10,133,15,9,0,21,1,28,1,8,13.62,15 9,
10,134,24,9,0,21,0,-1,4,-1,34.08,24 19 20 21 3,
10,135,12,9,2,21,1,27,3,7,22.78,12 11 10 9,
10,136,8,9,1,21,1,24,1,4,6.89,8 9,
10,137,6,9,0,21,1,28,4,8,35.18,6 5 4 3 9,
10,138,10,9,1,21,1,24,1,4,7.12,10 9,
10,139,23,9,2,22,0,-1,5,-1,48.54,23 22 21 20 2 8,
10,140,4,9,1,22,1,27,2,6,20.84,4 3 9,
10,141,9,19,1,22,1,30,4,9,41.39,9 8 7 13 19,
10,142,7,12,1,22,1,23,1,2,7.69,7 12,
10,143,1,7,1,22,1,24,1,3,13.34,1 7,
10,144,21,9,0,22,0,-1,5,-1,51.4,21 22 16 17 11 10,
10,145,14,9,0,23,0,-1,1,-1,7.12,14 15,
10,146,13,9,0,23,1,29,5,7,47.46,13 7 12 11 10 9,
10,147,16,9,1,23,0,-1,1,-1,7.12,16 15,
10,148,21,15,2,23,1,28,3,6,29.34,21 22 16 15,
10,149,4,9,1,23,1,30,2,8,20.73,4 3 9,
10,150,10,9,1,23,1,26,1,4,7.69,10 9,
10,151,17,5,0,24,1,26,2,3,27.65,17 11 5,
10,152,12,9,0,24,1,28,3,5,23.43,12 7 8 9,
10,153,16,9,1,24,0,-1,1,-1,7.39,16 15,
10,154,5,18,0,24,1,27,3,4,33.24,5 6 24 18,
10,155,4,9,1,24,0,-1,1,-1,7.69,4 3,
10,156,19,9,0,24,0,-1,3,-1,27.19,19 20 21 3,
10,157,16,9,2,25,1,28,2,4,21.93,16 10 9,
10,158,3,4,1,25,0,-1,0,-1,0.0,3,
10,159,19,9,2,25,0,-1,3,-1,27.74,19 20 21 15,
10,160,18,9,1,25,0,-1,3,-1,29.62,18 13 14 8,
10,161,12,22,2,25,1,30,4,6,43.21,12 18 17 23 22,
10,162,11,12,0,25,1,27,1,3,8.61,11 12,
10,163,11,9,0,26,0,-1,1,-1,8.88,11 10,
10,164,19,9,0,26,0,-1,3,-1,29.83,19 1 2 3,
10,165,15,9,1,26,0,-1,0,-1,0.0,15,
10,166,17,9,2,26,0,-1,2,-1,17.49,17 16 15,
10,167,6,9,1,26,0,-1,2,-1,16.88,6 1 2,
10,168,2,9,2,26,0,-1,1,-1,7.69,2 3,
10,169,23,9,2,27,0,-1,3,-1,29.7,23 22 4 3,
10,170,4,9,0,27,1,30,2,4,22.5,4 10 9,
10,171,12,4,1,27,1,30,3,4,31.23,12 6 5 4,
10,172,13,2,1,27,0,-1,2,-1,20.69,13 14 20,
10,173,16,9,1,27,0,-1,1,-1,13.0,16 10,
10,174,8,9,2,27,1,30,1,4,8.61,8 9,
10,175,10,9,1,28,0,-1,0,-1,0.0,10,
10,176,17,7,1,28,0,-1,1,-1,9.3,17 18,
10,177,11,18,0,28,0,-1,0,-1,0.0,11,
10,178,14,9,2,28,0,-1,0,-1,0.0,14,
10,179,9,17,0,28,0,-1,1,-1,8.61,9 10,
10,180,20,9,2,28,0,-1,1,-1,8.61,20 21,
10,181,2,9,1,29,0,-1,0,-1,0.0,2,
10,182,24,18,1,29,1,30,1,2,11.38,24 18,
10,183,23,9,0,29,0,-1,0,-1,0.0,23,
10,184,5,9,0,29,0,-1,0,-1,0.0,5,
10,185,7,9,0,29,0,-1,1,-1,8.31,7 8,
10,186,9,24,2,29,0,-1,1,-1,8.61,9 8,
10,187,17,7,0,30,0,-1,0,-1,0.0,17,
10,188,4,9,2,30,0,-1,0,-1,0.0,4,
10,189,18,9,1,30,0,-1,0,-1,0.0,18,
10,190,6,9,0,30,0,-1,0,-1,0.0,6,
10,191,13,9,2,30,0,-1,0,-1,0.0,13,
10,192,21,17,1,30,0,-1,0,-1,0.0,21,
11,1,19,9,1,1,1,6,4,6,39.77,19 20 21 15 9,
11,2,9,8,0,1,1,1,1,1,8.88,9 8,
11,3,22,12,1,1,1,4,4,4,39.63,22 23 24 6 12,
11,4,5,9,1,1,1,3,3,3,30.81,5 4 3 9,
11,5,12,9,1,1,1,3,3,3,28.28,12 11 10 9,
11,6,11,23,2,1,1,2,2,2,22.79,11 17 23,
11,7,23,9,0,1,1,6,4,6,40.26,23 22 21 3 9,
11,8,16,9,0,1,1,2,2,2,21.32,16 15 9,
11,9,6,9,2,1,1,5,4,5,40.2,6 5 11 10 9,
11,10,18,7,1,1,1,4,4,4,39.88,18 13 14 8 7,
11,11,7,9,1,1,1,2,2,2,17.72,7 8 9,
11,12,10,9,0,1,1,1,1,1,9.11,10 9,
11,13,15,1,2,1,1,6,4,6,42.18,15 14 13 7 1,
11,14,16,9,0,1,1,4,2,4,20.68,16 15 9,
11,15,23,11,1,1,1,4,2,4,21.32,23 17 11,
11,16,3,15,0,1,1,3,2,3,24.41,3 9 15,
11,17,4,9,0,1,1,4,2,4,21.22,4 3 9,
11,18,21,3,1,1,1,2,1,2,11.38,21 3,
11,19,10,22,1,2,1,5,2,4,21.38,10 16 22,
11,20,18,21,0,2,1,7,4,6,38.26,18 17 23 22 21,
11,21,15,9,0,2,1,5,1,4,11.0,15 9,
11,22,11,9,0,2,1,12,8,11,77.92,11 12 7 13 19 20 2 3 9,
11,23,5,17,0,2,1,4,2,3,20.76,5 23 17,
11,24,2,17,0,2,1,8,5,7,48.26,2 3 4 5 11 17,
11,25,6,11,0,3,1,6,2,4,19.68,6 5 11,
11,26,12,9,1,3,1,6,3,4,28.28,12 11 10 9,
11,27,8,9,2,3,1,5,1,3,9.49,8 9,
11,28,22,9,1,3,1,8,3,6,30.33,22 21 15 9,
11,29,19,9,0,3,1,7,4,5,40.77,19 20 2 8 9,
11,30,5,9,0,3,1,7,3,5,29.65,5 4 3 9,
11,31,8,10,2,4,1,7,2,4,18.79,8 9 10,
11,32,14,9,2,4,1,9,2,6,19.54,14 15 9,
11,33,16,9,1,4,1,7,2,4,19.68,16 10 9,
11,34,2,9,2,4,1,8,2,5,19.87,2 3 9,
11,35,15,9,1,4,1,7,1,4,10.38,15 9,
11,36,12,14,0,4,1,9,3,6,27.95,12 18 13 14,
11,37,18,9,0,5,1,11,4,7,37.79,18 13 7 8 9,
11,38,6,22,1,5,1,9,3,5,28.17,6 5 4 22,
11,39,7,9,2,5,1,13,4,9,38.46,7 8 14 15 9,
11,40,3,19,0,5,1,11,3,7,27.81,3 21 20 19,
11,41,22,9,1,5,1,10,3,6,29.51,22 21 3 9,
11,42,11,9,0,5,1,13,6,9,58.49,11 17 23 22 21 3 9,
11,43,4,24,1,6,1,9,3,4,27.19,4 22 23 24,
11,44,8,9,2,6,1,8,1,3,9.3,8 9,
11,45,6,3,0,6,1,9,3,4,27.15,6 1 2 3,
11,46,5,9,0,6,1,11,3,6,27.22,5 4 3 9,
11,47,11,19,0,6,1,10,4,5,36.88,11 12 6 1 19,
11,48,10,9,0,6,1,8,1,3,9.11,10 9,
11,49,24,9,0,7,1,16,5,10,44.97,24 19 20 2 8 9,
11,50,10,9,0,7,1,9,1,3,8.88,10 9,
11,51,8,11,0,7,1,11,3,5,24.68,8 7 12 11,
11,52,11,9,0,7,1,10,2,4,17.22,11 10 9,
11,53,12,9,1,7,1,11,3,5,24.94,12 11 10 9,
11,54,17,9,0,7,1,10,3,4,27.76,17 16 15 9,
11,55,23,9,0,8,1,19,6,12,55.33,23 22 21 20 14 15 9,
11,56,19,9,2,8,1,15,4,8,37.61,19 13 14 15 9,
11,57,6,9,1,8,1,15,4,8,34.66,6 5 4 3 9,
11,58,14,9,0,8,1,11,2,4,19.16,14 15 9,
11,59,12,9,2,8,1,14,3,7,23.99,12 7 8 9,
11,60,24,9,2,8,1,13,5,6,44.45,24 18 17 16 10 9,
11,61,19,1,1,9,1,12,1,4,10.17,19 1,
11,62,14,9,1,9,1,12,2,4,19.05,14 15 9,
11,63,7,9,1,9,1,19,6,11,51.89,7 12 11 5 4 3 9,
11,64,23,9,0,9,1,16,4,8,38.04,23 22 21 15 9,
11,65,2,9,2,9,1,13,2,5,18.17,2 8 9,
11,66,8,9,1,9,1,12,1,4,8.31,8 9,
11,67,17,4,0,10,0,-1,6,-1,47.07,17 23 22 21 20 19 24,no_route
11,68,5,9,1,10,1,15,3,6,25.19,5 4 10 9,
11,69,16,9,0,10,1,14,2,5,18.97,16 15 9,
11,70,1,22,1,10,0,-1,6,-1,47.51,1 6 5 4 3 9 10,deadline_exceeded
11,71,19,2,2,10,1,24,8,15,64.06,19 20 21 22 23 24 6 1 2,
11,72,2,9,0,10,1,15,2,6,17.39,2 8 9,
11,73,18,9,0,11,1,19,6,9,43.77,18 13 7 12 11 10 9,
11,74,1,20,2,11,1,25,8,15,64.58,1 2 3 4 5 6 24 19 20,
11,75,3,4,0,11,1,14,1,4,7.39,3 4,
11,76,10,9,1,11,1,12,1,2,8.0,10 9,
11,77,7,9,2,11,1,17,2,7,15.2,7 8 9,
11,78,16,9,0,11,1,17,2,7,19.48,16 15 9,
11,79,2,9,0,12,1,18,2,7,17.08,2 8 9,
11,80,12,5,1,12,1,14,2,3,18.12,12 11 5,
11,81,13,14,1,12,1,14,1,3,8.0,13 14,
11,82,10,9,1,12,1,14,1,3,7.39,10 9,
11,83,3,9,1,12,1,16,1,5,11.0,3 9,
11,84,14,18,0,12,1,15,2,4,14.57,14 13 18,
11,85,9,8,1,13,1,20,5,8,33.75,9 10 11 12 7 8,
11,86,7,9,1,13,1,19,2,7,14.26,7 8 9,
11,87,10,9,1,13,1,16,1,4,6.89,10 9,
11,88,16,9,0,13,1,18,2,6,19.6,16 15 9,
11,89,11,9,1,13,1,18,2,6,13.46,11 10 9,
11,90,22,9,2,13,1,20,3,8,30.09,22 16 10 9,
11,91,2,9,2,14,1,20,2,7,19.74,2 3 9,
11,92,22,9,1,14,1,21,3,8,33.22,22 21 15 9,
11,93,4,9,0,14,1,21,2,8,19.89,4 3 9,
11,94,1,9,2,14,1,22,3,9,27.91,1 2 3 9,
11,95,6,5,2,14,1,15,1,2,6.7,6 5,
11,96,21,14,0,14,1,18,2,5,19.09,21 20 14,
11,97,18,9,0,15,1,20,4,6,30.9,18 13 7 8 9,
11,98,22,9,1,15,0,-1,4,-1,33.53,22 21 20 14 15,deadline_exceeded
11,99,12,9,0,15,1,22,5,8,44.58,12 7 13 14 15 9,
11,100,1,9,2,15,1,28,5,14,51.96,1 2 8 14 15 9,
11,101,23,9,0,15,1,25,4,11,41.12,23 22 21 3 9,
11,102,21,9,0,15,1,26,4,12,40.72,21 22 16 15 9,
11,103,2,9,0,16,1,22,2,7,18.36,2 8 9,
11,104,9,15,0,16,1,17,1,2,11.79,9 15,
11,105,24,9,2,16,1,30,5,15,46.59,24 23 22 21 15 9,
11,106,19,9,2,16,1,29,4,14,40.69,19 20 21 15 9,
11,107,11,19,0,16,1,23,6,8,52.97,11 12 6 1 2 20 19,
11,108,1,9,0,16,1,23,3,8,24.06,1 7 8 9,
11,109,20,6,0,17,1,21,3,5,27.54,20 19 24 6,
11,110,13,9,1,17,1,25,3,9,27.21,13 14 15 9,
11,111,10,11,0,17,1,21,1,5,6.7,10 11,
11,112,21,9,0,17,0,-1,3,-1,28.26,21 22 16 15,
11,113,17,9,0,17,1,23,3,7,26.84,17 16 15 9,
11,114,4,22,1,17,1,18,1,2,13.34,4 22,
11,115,20,9,0,18,1,28,3,11,34.16,20 21 3 9,
11,116,18,10,0,18,1,22,3,5,26.97,18 17 16 10,
11,117,6,23,1,18,1,22,2,5,20.66,6 5 23,
11,118,23,9,0,18,1,29,4,12,40.51,23 22 21 3 9,
11,119,16,22,1,18,1,20,1,3,13.62,16 22,
11,120,15,9,2,18,1,20,1,3,13.0,15 9,
11,121,2,9,1,19,1,23,2,5,20.13,2 3 9,
11,122,15,9,2,19,1,24,1,6,13.96,15 9,
11,123,6,9,0,19,1,26,4,8,33.7,6 1 7 8 9,
11,124,12,9,1,19,1,23,3,5,20.29,12 11 10 9,
11,125,5,1,0,19,1,24,2,6,14.89,5 6 1,
11,126,10,9,2,19,1,22,1,4,6.7,10 9,
11,127,2,9,0,20,1,25,2,6,20.12,2 8 9,
11,128,14,9,0,20,1,27,2,8,20.34,14 15 9,
11,129,19,9,0,20,0,-1,3,-1,26.39,19 20 21 3,
11,130,3,4,0,20,1,24,1,5,7.12,3 4,
11,131,16,15,2,20,1,23,1,4,6.89,16 15,
11,132,7,14,1,20,1,27,6,8,63.09,7 13 18 24 19 20 14,
11,133,1,9,0,21,1,27,3,7,27.41,1 2 3 9,
11,134,11,9,1,21,0,-1,5,-1,43.44,11 12 7 13 14 15,
11,135,17,9,0,21,0,-1,2,-1,14.0,17 16 15,
11,136,24,9,2,21,0,-1,4,-1,34.35,24 23 22 21 15,
11,137,8,9,0,21,0,-1,6,-1,55.46,8 7 12 11 17 18 13,
11,138,4,9,0,21,1,26,2,6,20.7,4 3 9,
11,139,4,16,1,22,1,25,2,4,27.78,4 22 16,
11,140,1,9,0,22,1,30,3,9,27.61,1 2 3 9,
11,141,16,9,2,22,1,26,2,5,21.64,16 10 9,
11,142,7,14,2,22,1,25,2,4,20.5,7 13 14,
11,143,11,9,1,22,1,24,2,3,14.24,11 10 9,
11,144,12,23,2,22,1,29,5,8,51.56,12 11 17 18 24 23,
11,145,2,10,1,23,1,30,3,8,31.02,2 8 9 10,
11,146,9,20,0,23,1,29,3,7,33.89,9 8 2 20,
11,147,12,9,0,23,0,-1,4,-1,38.57,12 7 1 2 3,
11,148,21,9,0,23,0,-1,2,-1,21.0,21 22 16,
11,149,19,4,2,23,0,-1,3,-1,28.35,19 20 2 3,
11,150,10,9,1,23,1,25,1,3,7.39,10 9,
11,151,11,10,0,24,1,26,1,3,8.0,11 10,
11,152,8,9,0,24,1,28,1,5,8.0,8 9,
11,153,18,9,1,24,0,-1,3,-1,24.92,18 17 16 15,
11,154,1,9,1,24,1,30,3,7,29.68,1 2 8 9,
11,155,16,9,1,24,1,29,2,6,22.23,16 10 9,
11,156,21,7,2,24,0,-1,1,-1,12.21,21 3,
11,157,10,9,0,25,1,27,1,3,8.0,10 9,
11,158,7,16,2,25,0,-1,1,-1,7.69,7 8,
11,159,6,20,2,25,1,28,3,4,29.19,6 24 19 20,
11,160,9,12,0,25,1,29,3,5,25.41,9 10 11 12,
11,161,17,9,0,25,0,-1,3,-1,26.49,17 18 13 14,
11,162,21,12,0,25,0,-1,0,-1,0.0,21,
11,163,16,9,2,26,1,30,2,5,22.22,16 10 9,
11,164,9,10,0,26,1,27,1,2,8.0,9 10,
11,165,14,9,1,26,0,-1,1,-1,8.0,14 15,
11,166,24,6,0,26,1,28,1,3,11.79,24 6,
11,167,20,8,0,26,0,-1,1,-1,13.34,20 2,
11,168,12,9,1,26,0,-1,2,-1,17.43,12 7 8,
11,169,21,23,0,27,0,-1,0,-1,0.0,21,
11,170,7,9,2,27,0,-1,1,-1,8.0,7 8,
11,171,6,9,2,27,0,-1,3,-1,26.65,6 5 4 3,
11,172,12,9,0,27,0,-1,2,-1,21.32,12 11 17,
11,173,16,13,1,27,0,-1,1,-1,8.88,16 15,
11,174,14,9,1,27,0,-1,1,-1,8.31,14 15,
11,175,13,9,1,28,0,-1,2,-1,21.34,13 14 8,
11,176,22,9,1,28,0,-1,1,-1,8.61,22 21,
11,177,20,9,0,28,0,-1,1,-1,13.34,20 14,
11,178,15,12,2,28,0,-1,0,-1,0.0,15,
11,179,10,19,0,28,0,-1,0,-1,0.0,10,
11,180,6,9,0,28,0,-1,2,-1,17.61,6 1 2,
11,181,4,12,0,29,0,-1,0,-1,0.0,4,
11,182,22,9,2,29,0,-1,1,-1,11.79,22 4,
11,183,20,9,1,29,0,-1,1,-1,13.0,20 14,
11,184,18,13,2,29,0,-1,0,-1,0.0,18,
11,185,14,22,2,29,0,-1,0,-1,0.0,14,
11,186,24,9,0,29,0,-1,1,-1,9.43,24 19,
11,187,1,9,0,30,0,-1,0,-1,0.0,1,
11,188,16,9,0,30,0,-1,0,-1,0.0,16,
11,189,19,8,2,30,0,-1,0,-1,0.0,19,
11,190,7,5,1,30,0,-1,0,-1,0.0,7,
11,191,20,9,1,30,0,-1,0,-1,0.0,20,
11,192,18,9,2,30,0,-1,0,-1,0.0,18,
12,1,11,9,0,1,1,4,4,4,42.73,11 10 4 3 9,
12,2,7,9,0,1,1,2,2,2,17.72,7 8 9,
12,3,12,19,2,1,1,3,3,3,34.62,12 7 1 19,
12,4,19,9,2,1,1,5,4,5,40.11,19 20 21 3 9,
12,5,5,24,1,1,1,2,2,2,20.49,5 23 24,
12,6,4,3,1,1,1,1,1,1,9.11,4 3,
12,7,17,15,2,1,1,2,2,2,18.6,17 16 15,
12,8,2,22,1,1,1,4,3,4,28.56,2 3 4 22,
12,9,9,24,0,1,1,6,5,6,47.47,9 8 7 12 18 24,
12,10,13,9,0,1,1,5,3,5,30.72,13 14 8 9,
12,11,16,11,0,1,1,2,2,2,20.68,16 17 11,
12,12,14,9,1,1,1,2,2,2,21.09,14 15 9,
12,13,22,9,0,1,1,5,3,5,31.3,22 21 15 9,
12,14,16,15,0,1,1,3,1,3,9.43,16 15,
12,15,18,9,0,1,1,5,4,5,39.48,18 12 11 10 9,
12,16,8,9,2,1,1,4,1,4,9.43,8 9,
12,17,13,9,2,1,1,4,3,4,29.56,13 14 15 9,
12,18,15,9,1,1,1,3,1,3,11.79,15 9,
12,19,1,10,2,2,1,7,4,6,38.28,1 6 5 4 10,
12,20,21,9,0,2,1,7,2,6,21.04,21 15 9,
12,21,22,9,2,2,1,14,7,13,65.3,22 16 10 11 12 7 8 9,
12,22,20,9,0,2,1,6,3,5,31.81,20 2 3 9,
12,23,14,9,1,2,1,6,2,5,20.09,14 15 9,
12,24,10,9,1,2,1,3,1,2,9.43,10 9,
12,25,1,9,1,3,1,7,3,5,30.24,1 2 8 9,
12,26,16,5,2,3,1,7,3,5,29.51,16 17 23 5,
12,27,20,9,0,3,1,8,3,6,30.87,20 2 3 9,
12,28,22,9,0,3,1,8,3,6,30.05,22 21 15 9,
12,29,23,8,0,3,1,11,5,9,47.83,23 17 18 13 7 8,
12,30,5,9,1,3,1,7,3,5,29.79,5 4 10 9,
12,31,23,10,2,4,1,8,3,5,29.33,23 5 4 10,
12,32,24,9,0,4,1,9,5,6,49.7,24 19 1 7 8 9,
12,33,22,15,1,4,1,6,2,3,19.81,22 16 15,
12,34,13,9,0,4,1,8,3,5,30.58,13 7 8 9,
12,35,3,9,0,4,1,7,1,4,10.66,3 9,
12,36,9,16,2,4,1,8,2,5,19.54,9 10 16,
12,37,24,9,1,5,1,11,5,7,46.97,24 23 22 21 15 9,
12,38,17,9,2,5,1,10,3,6,27.26,17 11 10 9,
12,39,13,4,0,5,1,11,5,7,47.34,13 14 20 2 3 4,
12,40,8,9,0,5,1,6,1,2,9.49,8 9,
12,41,11,9,1,5,1,9,2,5,18.18,11 10 9,
12,42,21,9,2,5,1,9,2,5,20.22,21 3 9,
12,43,2,19,0,6,1,9,2,4,19.47,2 20 19,
12,44,11,21,0,6,1,12,4,7,37.6,11 17 16 15 21,
12,45,5,7,1,6,1,12,5,7,46.61,5 6 1 19 13 7,
12,46,13,9,0,6,1,11,3,6,28.91,13 7 8 9,
12,47,18,9,0,6,1,13,4,8,34.04,18 12 11 10 9,
12,48,1,9,0,6,1,15,3,10,26.99,1 2 8 9,
12,49,16,21,2,7,1,10,2,4,18.61,16 22 21,
12,50,1,9,0,7,1,12,3,6,27.95,1 2 3 9,
12,51,11,9,1,7,1,11,2,5,16.62,11 10 9,
12,52,17,9,1,7,1,10,3,4,27.76,17 16 15 9,
12,53,3,9,1,7,1,10,1,4,10.04,3 9,
12,54,23,9,0,7,1,13,4,7,37.18,23 5 4 3 9,
12,55,20,9,1,8,1,13,3,6,29.44,20 21 15 9,
12,56,17,9,0,8,1,16,3,9,24.45,17 11 10 9,
12,57,8,9,0,8,1,10,1,3,8.88,8 9,
12,58,22,9,1,8,1,14,3,7,29.36,22 21 15 9,
12,59,6,9,1,8,1,15,4,8,34.35,6 5 4 3 9,
12,60,14,9,0,8,1,12,2,5,18.48,14 8 9,
12,61,9,18,0,9,1,15,4,7,35.39,9 10 11 12 18,
12,62,17,9,1,9,1,15,3,7,27.0,17 16 15 9,
12,63,11,16,1,9,1,14,2,6,18.69,11 10 16,
12,64,13,9,1,9,1,17,3,9,26.0,13 14 8 9,
12,65,4,16,2,9,1,12,2,4,21.04,4 22 16,
12,66,8,9,1,9,1,13,1,5,8.0,8 9,
12,67,18,23,0,10,1,12,2,3,18.69,18 17 23,
12,68,2,9,2,10,1,19,2,10,16.57,2 8 9,
12,69,8,15,0,10,1,17,2,8,17.89,8 14 15,
12,70,7,9,0,10,1,20,2,11,15.12,7 8 9,
12,71,4,16,2,10,1,15,2,6,21.55,4 10 16,
12,72,19,13,2,10,1,12,1,3,10.04,19 13,
12,73,21,9,0,11,1,17,2,7,22.45,21 15 9,
12,74,16,9,0,11,1,17,2,7,17.36,16 10 9,
12,75,13,19,1,11,1,13,1,3,10.17,13 19,
12,76,22,21,2,11,1,13,1,3,7.69,22 21,
12,77,24,1,0,11,1,13,2,3,17.5,24 19 1,
12,78,8,9,0,11,1,18,1,8,6.7,8 9,
12,79,19,9,0,12,1,19,4,8,39.8,19 20 21 15 9,
12,80,2,8,0,12,1,15,3,4,26.04,2 1 7 8,
12,81,15,9,2,12,1,16,1,5,11.38,15 9,
12,82,13,9,2,12,1,23,3,12,25.36,13 14 8 9,
12,83,3,9,0,12,1,14,1,3,10.38,3 9,
12,84,24,2,1,12,0,-1,8,-1,68.28,24 19 20 21 22 4 3 9 8,deadline_exceeded
12,85,11,9,1,13,1,19,2,7,13.39,11 10 9,
12,86,15,4,0,13,1,20,3,8,33.74,15 16 22 4,
12,87,7,9,1,13,1,21,2,9,14.51,7 8 9,
12,88,2,9,1,13,1,16,2,4,18.69,2 3 9,
12,89,1,9,0,13,1,19,3,7,27.02,1 2 3 9,
12,90,14,17,0,13,1,16,3,4,21.15,14 13 18 17,
12,91,8,18,1,14,1,24,3,11,28.02,8 7 12 18,
12,92,16,9,0,14,1,28,6,15,46.93,16 10 11 12 7 8 9,
12,93,2,9,0,14,1,24,4,11,32.07,2 1 7 8 9,
12,94,3,9,0,14,1,17,1,4,11.38,3 9,
12,95,10,15,2,14,1,19,2,6,19.19,10 9 15,
12,96,13,9,1,14,1,25,3,12,26.3,13 14 8 9,
12,97,17,13,0,15,1,17,2,3,13.08,17 18 13,
12,98,19,9,0,15,1,22,4,8,40.89,19 20 21 15 9,
12,99,12,9,0,15,1,23,3,9,20.03,12 11 10 9,
12,100,9,5,0,15,1,22,3,8,27.41,9 10 11 5,
12,101,11,9,0,15,1,22,2,8,13.4,11 10 9,
12,102,3,9,0,15,1,18,1,4,11.79,3 9,
12,103,19,23,0,16,1,18,2,3,13.02,19 24 23,
12,104,17,12,1,16,1,18,2,3,19.85,17 18 12,
12,105,12,9,0,16,1,25,3,10,20.41,12 11 10 9,
12,106,21,9,1,16,1,20,2,5,25.62,21 15 9,
12,107,3,9,0,16,1,20,1,5,12.62,3 9,
12,108,7,20,1,16,1,20,3,5,31.08,7 13 14 20,
12,109,24,9,0,17,1,30,7,14,61.01,24 19 20 21 22 16 15 9,
12,110,9,11,0,17,1,26,2,10,14.57,9 10 11,
12,111,2,11,1,17,1,21,4,5,33.91,2 1 6 5 11,
12,112,10,9,0,17,1,24,1,8,7.12,10 9,
12,113,16,9,0,17,1,21,2,5,19.91,16 15 9,
12,114,11,12,0,17,1,19,1,3,6.57,11 12,
12,115,7,9,2,18,1,27,2,10,14.39,7 8 9,
12,116,3,9,0,18,1,21,1,4,13.0,3 9,
12,117,1,9,1,18,1,24,3,7,26.91,1 2 3 9,
12,118,8,9,0,18,1,26,1,9,7.39,8 9,
12,119,5,8,1,18,1,23,4,6,33.54,5 6 1 2 8,
12,120,10,9,1,18,1,27,1,10,8.0,10 9,
12,121,17,9,2,19,1,24,3,6,27.1,17 16 15 9,
12,122,2,9,0,19,1,23,2,5,20.13,2 3 9,
12,123,20,9,1,19,1,25,3,7,34.13,20 21 15 9,
12,124,24,20,0,19,0,-1,2,-1,19.89,24 19 13,no_route
12,125,5,9,0,19,1,25,3,7,27.1,5 4 3 9,
12,126,1,5,0,19,1,23,2,5,14.51,1 6 5,
12,127,14,9,1,20,1,26,2,7,20.46,14 15 9,
12,128,18,9,1,20,1,30,4,11,37.92,18 12 11 10 9,
12,129,21,2,1,20,1,23,2,4,20.53,21 20 2,
12,130,15,9,0,20,1,23,1,4,13.83,15 9,
12,131,16,3,0,20,1,28,3,9,33.32,16 15 21 3,
12,132,6,9,1,20,1,29,4,10,34.97,6 5 4 3 9,
12,133,3,9,0,21,1,26,1,6,14.0,3 9,
12,134,16,7,0,21,1,30,4,10,36.5,16 15 14 13 7,
12,135,18,13,1,21,1,22,1,2,7.39,18 13,
12,136,11,22,0,21,1,26,3,6,35.01,11 17 16 22,
12,137,10,9,0,21,1,28,1,8,8.31,10 9,
12,138,6,5,0,21,1,24,1,4,7.69,6 5,
12,139,9,14,1,22,1,29,2,8,20.5,9 8 14,
12,140,7,9,1,22,1,30,2,9,15.5,7 8 9,
12,141,4,9,1,22,1,27,2,6,20.84,4 3 9,
12,142,11,9,1,22,1,29,2,8,16.0,11 10 9,
12,143,24,9,2,22,0,-1,4,-1,35.79,24 23 22 21 3,
12,144,5,9,0,22,0,-1,2,-1,14.78,5 4 3,
12,145,2,4,0,23,1,30,2,8,15.77,2 3 4,
12,146,23,7,0,23,0,-1,5,-1,51.95,23 24 19 1 2 8,
12,147,24,12,2,23,1,25,2,3,27.24,24 18 12,
12,148,11,3,1,23,1,28,3,6,30.45,11 5 4 3,
12,149,3,9,0,23,1,28,1,6,13.83,3 9,
12,150,16,9,2,23,1,29,2,7,20.46,16 15 9,
12,151,22,15,2,24,1,27,2,4,21.31,22 21 15,
12,152,16,9,0,24,0,-1,1,-1,8.0,16 15,
12,153,17,1,1,24,1,28,4,5,44.61,17 18 13 7 1,
12,154,12,20,0,24,0,-1,2,-1,15.43,12 7 8,
12,155,13,9,0,24,0,-1,2,-1,14.28,13 14 15,
12,156,9,14,1,24,0,-1,1,-1,7.12,9 8,
12,157,2,9,1,25,0,-1,1,-1,7.39,2 3,
12,158,15,9,0,25,0,-1,0,-1,0.0,15,
12,159,22,9,1,25,0,-1,2,-1,21.0,22 21 15,
12,160,19,9,0,25,0,-1,3,-1,27.42,19 20 21 15,
12,161,24,19,0,25,1,27,1,3,8.88,24 19,
12,162,11,9,2,25,0,-1,1,-1,8.31,11 10,
12,163,20,24,0,26,1,29,2,4,16.99,20 19 24,
12,164,17,9,0,26,0,-1,2,-1,21.95,17 11 10,
12,165,12,9,2,26,0,-1,2,-1,16.88,12 7 8,
12,166,19,16,2,26,0,-1,3,-1,27.34,19 24 23 22,
12,167,5,9,1,26,0,-1,2,-1,17.22,5 4 3,
12,168,10,9,0,26,0,-1,0,-1,0.0,10,
12,169,6,9,0,27,0,-1,2,-1,22.94,6 1 7,
12,170,13,9,1,27,0,-1,2,-1,21.03,13 14 8,
12,171,1,18,0,27,0,-1,2,-1,21.51,1 6 12,
12,172,5,18,1,27,0,-1,1,-1,9.11,5 6,
12,173,15,17,1,27,0,-1,0,-1,0.0,15,
12,174,2,22,2,27,0,-1,2,-1,21.65,2 20 21,
12,175,23,9,1,28,0,-1,2,-1,21.09,23 22 16,
12,176,6,9,1,28,0,-1,2,-1,18.23,6 5 4,
12,177,14,9,0,28,0,-1,0,-1,0.0,14,
12,178,22,9,1,28,0,-1,1,-1,8.61,22 21,
12,179,11,12,1,28,1,29,1,2,9.11,11 12,
12,180,20,9,0,28,0,-1,1,-1,8.61,20 21,
12,181,20,9,1,29,0,-1,0,-1,0.0,20,
12,182,18,8,0,29,0,-1,1,-1,9.43,18 13,
12,183,3,9,0,29,0,-1,0,-1,0.0,3,
12,184,17,10,0,29,0,-1,1,-1,12.21,17 11,
12,185,21,6,0,29,0,-1,0,-1,0.0,21,
12,186,24,2,0,29,0,-1,1,-1,9.43,24 19,
12,187,24,9,2,30,0,-1,0,-1,0.0,24,
12,188,11,9,0,30,0,-1,0,-1,0.0,11,
12,189,7,20,1,30,0,-1,0,-1,0.0,7,
12,190,9,14,2,30,0,-1,0,-1,0.0,9,
12,191,6,9,0,30,0,-1,0,-1,0.0,6,
12,192,1,9,1,30,0,-1,0,-1,0.0,1,
13,1,5,9,2,1,1,4,3,4,30.39,5 4 3 9,
13,2,2,9,2,1,1,2,2,2,21.5,2 3 9,
13,3,11,21,1,1,1,4,4,4,41.52,11 10 16 15 21,
13,4,20,9,1,1,1,3,3,3,32.46,20 21 15 9,
13,5,9,18,0,1,1,7,6,7,57.53,9 8 7 12 6 24 18,
13,6,4,9,2,1,1,3,2,3,21.32,4 3 9,
13,7,24,9,2,1,1,5,5,5,49.72,24 19 20 21 3 9,
13,8,3,9,2,1,1,1,1,1,13.0,3 9,
13,9,12,1,1,1,1,2,2,2,22.83,12 7 1,
13,10,1,9,1,1,1,4,3,4,32.16,1 7 8 9,
13,11,15,13,1,1,1,2,2,2,17.76,15 14 13,
13,12,13,9,0,1,1,10,5,10,46.39,13 14 15 16 10 9,
13,13,4,9,0,1,1,5,2,5,21.28,4 10 9,
13,14,23,9,0,1,1,7,4,7,39.9,23 22 21 15 9,
13,15,22,4,1,1,1,4,3,4,29.3,22 23 5 4,
13,16,10,9,0,1,1,3,1,3,9.43,10 9,
13,17,5,9,0,1,1,12,5,12,50.95,5 11 10 16 15 9,
13,18,24,9,1,1,1,12,7,12,65.86,24 23 22 16 15 14 8 9,
13,19,10,9,2,2,1,4,1,3,9.49,10 9,
13,20,11,9,0,2,1,7,2,6,18.79,11 10 9,
13,21,8,9,0,2,1,3,1,2,9.3,8 9,
13,22,16,9,2,2,1,13,6,12,51.88,16 10 11 12 7 8 9,
13,23,14,9,1,2,1,5,2,4,21.28,14 8 9,
13,24,1,6,2,2,1,3,1,2,9.43,1 6,
13,25,13,9,2,3,1,10,5,8,48.92,13 14 15 21 3 9,
13,26,5,9,2,3,1,7,3,5,29.51,5 4 3 9,
13,27,7,9,1,3,1,6,2,4,18.92,7 8 9,
13,28,20,9,2,3,1,6,3,4,31.49,20 2 3 9,
13,29,17,1,0,3,1,7,4,5,41.31,17 18 13 7 1,
13,30,15,9,1,3,1,6,1,4,10.66,15 9,
13,31,20,12,1,4,1,9,4,6,38.73,20 19 24 6 12,
13,32,21,18,0,4,1,9,4,6,37.3,21 20 14 13 18,
13,33,1,9,2,4,1,8,3,5,29.3,1 2 3 9,
13,34,11,9,0,4,1,9,2,6,18.31,11 10 9,
13,35,18,9,1,4,1,12,4,9,35.77,18 17 11 10 9,
13,36,6,9,1,4,1,11,4,8,37.11,6 5 11 10 9,
13,37,12,9,0,5,1,9,3,5,27.42,12 7 8 9,
13,38,5,9,2,5,1,9,3,5,28.4,5 4 3 9,
13,39,17,6,1,5,1,9,3,5,29.59,17 23 24 6,
13,40,6,14,2,5,1,11,4,7,38.08,6 1 2 20 14,
13,41,24,21,1,5,1,8,3,4,27.67,24 19 20 21,
13,42,9,3,0,5,1,6,1,2,11.0,9 3,
13,43,11,17,0,6,1,8,1,3,10.0,11 17,
13,44,15,9,0,6,1,9,1,4,10.04,15 9,
13,45,14,15,1,6,1,7,1,2,9.43,14 15,
13,46,21,1,1,6,1,11,3,6,28.77,21 20 19 1,
13,47,19,3,0,6,1,10,3,5,28.35,19 1 2 3,
13,48,8,10,0,6,1,8,2,3,18.54,8 9 10,
13,49,22,9,0,7,1,15,3,9,30.16,22 21 15 9,
13,50,18,9,1,7,1,14,4,8,35.16,18 13 14 8 9,
13,51,19,20,2,7,1,9,1,3,9.3,19 20,
13,52,6,9,1,7,1,15,4,9,33.73,6 5 11 10 9,
13,53,21,9,0,7,1,13,2,7,20.43,21 15 9,
13,54,15,9,1,7,1,11,1,5,10.04,15 9,
13,55,17,9,0,8,1,16,3,9,28.6,17 16 15 9,
13,56,15,9,0,8,1,14,1,7,10.66,15 9,
13,57,19,18,2,8,1,11,2,4,18.69,19 24 18,
13,58,20,3,0,8,1,12,2,5,18.36,20 2 3,
13,59,12,9,0,8,1,11,3,4,25.72,12 7 8 9,
13,60,8,20,0,8,1,13,2,6,20.43,8 14 20,
13,61,16,1,1,9,1,19,7,11,59.27,16 17 18 13 19 24 6 1,
13,62,10,9,0,9,1,13,1,5,7.69,10 9,
13,63,4,9,0,9,1,24,6,16,56.27,4 10 11 17 16 15 9,
13,64,5,9,0,9,1,12,3,4,26.67,5 4 3 9,
13,65,2,21,1,9,0,-1,8,-1,65.37,2 3 4 5 6 1 7 13 14,deadline_exceeded
13,66,24,9,0,9,1,17,5,9,46.45,24 23 22 21 15 9,
13,67,24,2,0,10,1,24,9,15,71.61,24 19 20 21 22 23 5 6 1 2,
13,68,18,8,0,10,1,13,3,4,25.7,18 13 7 8,
13,69,20,9,0,10,1,19,3,10,31.93,20 21 15 9,
13,70,12,4,2,10,1,14,3,5,25.17,12 11 5 4,
13,71,23,21,0,10,1,13,2,4,15.38,23 22 21,
13,72,13,9,0,10,1,20,3,11,29.57,13 14 15 9,
13,73,11,9,0,11,1,16,2,6,14.57,11 10 9,
13,74,17,6,1,11,1,21,7,11,70.36,17 23 22 16 10 11 12 6,
13,75,19,9,0,11,1,19,4,9,35.93,19 13 14 8 9,
13,76,14,9,0,11,1,22,2,12,21.01,14 15 9,
13,77,9,4,1,11,1,14,2,4,17.43,9 3 4,
13,78,23,9,0,11,1,24,6,14,53.38,23 22 21 20 14 8 9,
13,79,4,9,1,12,1,15,2,4,18.35,4 3 9,
13,80,7,9,0,12,1,17,4,6,26.8,7 12 11 10 9,
13,81,9,6,2,12,1,18,4,7,34.9,9 8 7 12 6,
13,82,19,9,0,12,1,22,4,11,36.43,19 13 14 8 9,
13,83,8,9,2,12,1,15,1,4,7.39,8 9,
13,84,2,9,0,12,1,17,2,6,16.93,2 8 9,
13,85,22,9,0,13,1,26,3,14,33.69,22 21 15 9,
13,86,21,9,0,13,1,27,4,15,39.17,21 20 14 15 9,
13,87,18,11,2,13,1,15,2,3,18.68,18 17 11,
13,88,15,17,1,13,1,20,2,8,13.15,15 16 17,
13,89,9,20,1,13,1,22,5,10,45.83,9 8 2 3 21 20,
13,90,1,14,0,13,1,21,5,9,46.28,1 2 3 9 8 14,
13,91,14,15,2,14,1,17,1,4,6.89,14 15,
13,92,20,9,0,14,1,21,3,8,33.73,20 21 3 9,
13,93,5,9,1,14,1,18,3,5,25.19,5 4 3 9,
13,94,1,24,2,14,1,17,2,4,20.19,1 6 24,
13,95,16,19,0,14,1,20,4,7,32.58,16 17 18 13 19,
13,96,15,9,2,14,1,21,1,8,13.34,15 9,
13,97,23,16,2,15,1,19,2,5,20.04,23 22 16,
13,98,7,9,0,15,1,20,2,6,13.9,7 8 9,
13,99,22,4,0,15,1,19,3,5,26.7,22 23 5 4,
13,100,6,9,2,15,1,24,4,10,33.48,6 5 4 3 9,
13,101,17,13,0,15,1,30,4,16,29.39,17 16 15 14 13,
13,102,21,22,0,15,1,20,1,6,6.51,21 22,
13,103,16,14,1,16,0,-1,1,-1,6.51,16 15,deadline_exceeded
13,104,15,9,0,16,1,23,1,8,13.83,15 9,
13,105,22,9,2,16,1,26,3,11,34.51,22 21 3 9,
13,106,6,15,0,16,1,28,5,13,48.05,6 5 4 3 9 15,
13,107,11,9,0,16,1,18,2,3,13.15,11 10 9,
13,108,24,9,0,16,1,26,5,11,45.54,24 19 13 14 8 9,
13,109,19,8,0,17,1,23,3,7,31.78,19 13 7 8,
13,110,12,11,2,17,1,19,1,3,6.57,12 11,
13,111,15,9,0,17,1,25,1,9,14.0,15 9,
13,112,24,9,1,17,0,-1,6,-1,47.93,24 23 22 21 20 14 15,deadline_exceeded
13,113,21,8,0,17,1,28,5,12,48.01,21 20 14 13 7 8,
13,114,1,9,0,17,1,23,3,7,27.01,1 2 3 9,
13,115,17,7,0,18,1,23,3,6,27.91,17 11 12 7,
13,116,16,9,0,18,1,23,2,6,20.71,16 10 9,
13,117,24,11,1,18,1,22,3,5,34.49,24 23 17 11,
13,118,9,16,1,18,1,20,2,3,19.85,9 10 16,
13,119,8,19,0,18,1,27,3,10,34.49,8 7 13 19,
13,120,19,9,0,18,0,-1,3,-1,26.91,19 20 21 3,
13,121,6,15,1,19,1,30,5,12,47.09,6 1 2 20 21 15,
13,122,10,9,2,19,1,21,1,3,6.57,10 9,
13,123,16,9,0,19,1,26,2,8,21.64,16 10 9,
13,124,7,9,0,19,1,25,2,7,13.69,7 8 9,
13,125,3,9,2,19,1,22,1,4,13.34,3 9,
13,126,1,9,0,19,1,28,5,10,42.07,1 6 5 4 3 9,
13,127,1,9,0,20,1,25,3,6,27.04,1 2 3 9,
13,128,18,9,1,20,0,-1,3,-1,20.58,18 13 14 15,
13,129,24,9,0,20,0,-1,4,-1,33.67,24 19 20 21 15,
13,130,23,19,0,20,0,-1,3,-1,22.08,23 22 21 20,
13,131,22,9,0,20,0,-1,3,-1,27.73,22 21 20 14,
13,132,12,9,2,20,0,-1,4,-1,35.58,12 7 13 14 15,
13,133,18,12,0,21,1,22,1,2,14.0,18 12,
13,134,15,9,1,21,0,-1,2,-1,21.23,15 16 10,
13,135,21,9,0,21,0,-1,3,-1,34.31,21 22 4 10,
13,136,10,9,0,21,1,22,1,2,6.7,10 9,
13,137,11,9,0,21,1,24,2,4,14.0,11 10 9,
13,138,12,9,0,21,1,28,3,8,23.69,12 11 10 9,
13,139,10,21,0,22,0,-1,2,-1,21.35,10 9 15,
13,140,7,10,0,22,1,27,3,6,24.94,7 12 11 10,
13,141,23,2,0,22,1,26,4,5,36.1,23 24 19 20 2,
13,142,9,24,0,22,1,30,5,9,47.7,9 10 11 12 6 24,
13,143,8,11,0,22,0,-1,2,-1,16.82,8 7 12,
13,144,1,9,1,22,1,29,3,8,27.08,1 2 3 9,
13,145,18,9,1,23,0,-1,3,-1,23.43,18 13 14 15,
13,146,7,9,0,23,0,-1,4,-1,40.11,7 12 6 5 4,
13,147,14,16,1,23,0,-1,1,-1,7.12,14 15,
13,148,15,17,1,23,0,-1,1,-1,8.88,15 16,
13,149,8,9,1,23,1,28,1,6,8.0,8 9,
13,150,22,9,2,23,0,-1,1,-1,7.12,22 21,
13,151,3,5,2,24,0,-1,1,-1,8.88,3 4,
13,152,17,9,0,24,1,29,3,6,30.13,17 16 10 9,
13,153,8,20,0,24,0,-1,1,-1,13.62,8 14,
13,154,21,3,1,24,0,-1,0,-1,0.0,21,
13,155,24,8,1,24,1,28,4,5,43.0,24 19 20 2 8,
13,156,2,9,2,24,0,-1,1,-1,7.12,2 3,
13,157,17,9,1,25,0,-1,2,-1,16.0,17 16 15,
13,158,7,9,2,25,0,-1,1,-1,8.0,7 8,
13,159,22,9,2,25,0,-1,1,-1,7.69,22 21,
13,160,3,9,2,25,0,-1,0,-1,0.0,3,
13,161,23,9,1,25,0,-1,2,-1,16.31,23 22 21,
13,162,14,9,2,25,0,-1,1,-1,13.83,14 8,
13,163,20,9,0,26,0,-1,1,-1,8.0,20 21,
13,164,4,9,0,26,0,-1,1,-1,8.0,4 3,
13,165,16,4,1,26,0,-1,3,-1,33.26,16 22 23 5,
13,166,12,9,2,26,0,-1,1,-1,8.88,12 7,
13,167,3,8,0,26,0,-1,0,-1,0.0,3,
13,168,10,9,0,26,1,30,1,5,8.88,10 9,
13,169,16,10,2,27,1,29,1,3,13.0,16 10,
13,170,4,9,0,27,0,-1,1,-1,13.34,4 10,
13,171,20,9,1,27,0,-1,1,-1,13.0,20 14,
13,172,2,7,1,27,1,30,2,4,21.83,2 1 7,
13,173,8,6,1,27,0,-1,1,-1,8.31,8 7,
13,174,1,21,0,27,0,-1,2,-1,20.31,1 2 20,
13,175,2,23,1,28,0,-1,0,-1,0.0,2,
13,176,14,9,1,28,0,-1,0,-1,0.0,14,
13,177,4,9,1,28,0,-1,1,-1,13.0,4 10,
13,178,8,9,1,28,0,-1,0,-1,0.0,8,
13,179,18,5,0,28,0,-1,2,-1,21.32,18 17 11,
13,180,13,9,0,28,0,-1,1,-1,8.0,13 14,
13,181,2,9,0,29,0,-1,0,-1,0.0,2,
13,182,5,9,0,29,0,-1,0,-1,0.0,5,
13,183,6,9,0,29,0,-1,0,-1,0.0,6,
13,184,19,9,1,29,0,-1,1,-1,8.31,19 20,
13,185,17,9,2,29,0,-1,0,-1,0.0,17,
13,186,4,9,0,29,0,-1,0,-1,0.0,4,
13,187,8,16,0,30,0,-1,0,-1,0.0,8,
13,188,13,9,2,30,0,-1,0,-1,0.0,13,
13,189,7,11,2,30,0,-1,0,-1,0.0,7,
13,190,3,9,1,30,0,-1,0,-1,0.0,3,
13,191,12,23,0,30,0,-1,0,-1,0.0,12,
13,192,2,9,0,30,0,-1,0,-1,0.0,2,
14,1,13,9,0,1,1,4,3,4,29.11,13 14 15 9,
14,2,5,9,2,1,1,3,3,3,30.81,5 4 3 9,
14,3,18,9,1,1,1,4,4,4,39.73,18 17 16 10 9,
14,4,8,9,0,1,1,1,1,1,8.88,8 9,
14,5,10,23,1,1,1,3,3,3,31.34,10 11 17 23,
14,6,6,10,1,1,1,4,3,4,30.71,6 5 11 10,
14,7,7,9,1,1,1,2,2,2,17.72,7 8 9,
14,8,12,9,1,1,1,5,3,5,28.41,12 11 10 9,
14,9,14,13,1,1,1,1,1,1,8.61,14 13,
14,10,3,9,1,1,1,1,1,1,13.0,3 9,
14,11,16,9,2,1,1,2,2,2,21.32,16 15 9,
14,12,24,9,0,1,1,5,5,5,49.72,24 19 20 21 3 9,
14,13,10,23,1,1,1,5,3,5,31.46,10 16 17 23,
14,14,4,9,0,1,1,6,2,6,21.22,4 10 9,
14,15,15,9,0,1,1,3,1,3,11.79,15 9,
14,16,6,9,0,1,1,6,4,6,39.03,6 1 2 3 9,
14,17,12,9,2,1,1,4,3,4,28.03,12 7 8 9,
14,18,18,9,1,1,1,5,4,5,39.89,18 13 14 8 9,
14,19,21,1,2,2,1,6,3,5,29.92,21 3 2 1,
14,20,24,5,0,2,1,4,2,3,19.6,24 6 5,
14,21,14,9,0,2,1,5,2,4,20.3,14 15 9,
14,22,20,9,1,2,1,7,3,6,30.26,20 21 3 9,
14,23,22,9,1,2,1,6,3,5,30.75,22 21 15 9,
14,24,16,9,0,2,1,7,2,6,19.87,16 15 9,
14,25,12,17,2,3,1,5,2,3,19.68,12 18 17,
14,26,18,22,0,3,1,6,3,4,28.77,18 24 23 22,
14,27,11,9,0,3,1,7,2,5,18.73,11 10 9,
14,28,6,13,2,3,1,7,3,5,31.91,6 1 7 13,
14,29,23,9,0,3,1,9,4,7,39.14,23 5 4 10 9,
14,30,2,9,2,3,1,6,2,4,21.28,2 8 9,
14,31,9,5,2,4,1,9,3,6,28.37,9 10 11 5,
14,32,2,9,0,4,1,8,2,5,19.81,2 3 9,
14,33,6,9,0,4,1,11,4,8,37.67,6 1 2 3 9,
14,34,5,9,2,4,1,9,3,6,28.77,5 4 3 9,
14,35,14,9,0,4,1,8,2,5,19.66,14 15 9,
14,36,7,23,2,4,1,8,4,5,38.58,7 12 11 5 23,
14,37,17,20,1,5,1,9,4,5,37.57,17 16 22 21 20,
14,38,22,9,0,5,1,10,3,6,29.29,22 16 15 9,
14,39,20,24,0,5,1,7,2,3,18.1,20 19 24,
14,40,12,9,1,5,1,10,3,6,26.37,12 11 10 9,
14,41,19,14,0,5,1,7,2,3,19.87,19 20 14,
14,42,13,9,1,5,1,8,3,4,29.45,13 14 8 9,
14,43,5,13,2,6,1,10,4,5,38.03,5 6 1 7 13,
14,44,15,9,1,6,1,9,1,4,10.04,15 9,
14,45,24,20,0,6,1,8,2,3,18.04,24 19 20,
14,46,4,22,2,6,1,8,1,3,10.04,4 22,
14,47,7,11,1,6,1,9,2,4,16.62,7 12 11,
14,48,9,12,1,6,1,11,3,6,26.12,9 8 7 12,
14,49,3,9,0,7,1,10,1,4,10.04,3 9,
14,50,4,21,0,7,1,10,2,4,18.78,4 22 21,
14,51,12,17,2,7,1,9,2,3,18.36,12 18 17,
14,52,5,9,0,7,1,13,3,7,26.34,5 4 10 9,
14,53,13,9,0,7,1,10,3,4,28.84,13 7 8 9,
14,54,14,9,2,7,1,11,2,5,19.34,14 15 9,
14,55,9,24,0,8,1,25,11,18,91.17,9 10 11 12 6 5 4 3 2 1 19 24,
14,56,13,4,0,8,0,-1,9,-1,69.79,13 18 17 16 22 23 24 19 20 21,no_route
14,57,23,9,1,8,1,15,6,8,54.3,23 22 21 20 14 15 9,
14,58,21,9,0,8,1,12,2,5,20.22,21 3 9,
14,59,5,9,0,8,1,14,3,7,26.69,5 4 3 9,
14,60,4,9,0,8,1,12,2,5,18.0,4 10 9,
14,61,15,9,0,9,1,12,1,4,10.17,15 9,
14,62,5,4,1,9,1,11,1,3,8.0,5 4,
14,63,13,9,0,9,1,13,3,5,26.78,13 7 8 9,
14,64,20,11,1,9,1,14,5,6,46.66,20 19 24 23 17 11,
14,65,1,18,1,9,1,12,3,4,29.07,1 6 12 18,
14,66,24,9,1,9,1,16,5,8,46.75,24 19 20 21 15 9,
14,67,22,9,0,10,1,14,3,5,29.01,22 16 15 9,
14,68,7,23,0,10,1,17,4,8,36.61,7 1 6 5 23,
14,69,4,9,0,10,1,17,2,8,19.07,4 3 9,
14,70,1,9,1,10,1,15,3,6,27.86,1 2 3 9,
14,71,2,9,2,10,1,12,2,3,18.36,2 8 9,
14,72,16,9,2,10,1,13,2,4,18.69,16 15 9,
14,73,2,9,1,11,1,14,2,4,17.73,2 8 9,
14,74,4,9,1,11,1,18,2,8,19.18,4 3 9,
14,75,18,22,0,11,1,14,3,4,26.16,18 17 16 22,
14,76,12,16,2,11,1,16,3,6,25.61,12 11 17 16,
14,77,3,6,0,11,1,15,3,5,22.57,3 2 1 6,
14,78,5,9,1,11,1,15,3,5,24.89,5 11 10 9,
14,79,19,9,0,12,1,17,4,6,39.28,19 20 21 15 9,
14,80,10,9,2,12,1,14,1,3,7.39,10 9,
14,81,11,9,0,12,1,16,2,5,14.0,11 10 9,
14,82,3,1,0,12,1,17,2,6,14.24,3 2 1,
14,83,7,9,1,12,1,16,2,5,15.12,7 8 9,
14,84,1,9,0,12,1,20,3,9,28.32,1 2 3 9,
14,85,8,12,2,13,1,16,2,4,14.2,8 7 12,
14,86,6,14,2,13,1,19,4,7,37.68,6 1 2 8 14,
14,87,17,24,2,13,1,16,2,4,19.7,17 18 24,
14,88,19,9,0,13,1,18,4,6,34.58,19 13 7 8 9,
14,89,11,9,1,13,1,17,2,5,13.4,11 10 9,
14,90,18,9,1,13,1,21,4,9,34.31,18 13 14 15 9,
14,91,19,11,2,14,1,19,4,6,39.7,19 24 23 5 11,
14,92,14,20,1,14,1,15,1,2,11.0,14 20,
14,93,12,9,0,14,1,20,3,7,19.97,12 7 8 9,
14,94,24,9,1,14,1,23,5,10,47.15,24 19 20 21 15 9,
14,95,3,16,0,14,1,22,3,9,34.29,3 4 22 16,
14,96,2,9,0,14,1,21,2,8,20.12,2 3 9,
14,97,14,9,1,15,1,18,2,4,19.33,14 15 9,
14,98,23,13,0,15,1,19,3,5,25.36,23 24 19 13,
14,99,21,23,1,15,1,18,2,4,13.21,21 22 23,
14,100,1,9,1,15,1,23,3,9,27.31,1 2 3 9,
14,101,8,9,0,15,1,17,1,3,6.89,8 9,
14,102,16,9,0,15,1,19,2,5,19.5,16 15 9,
14,103,16,9,0,16,1,22,2,7,20.32,16 15 9,
14,104,12,9,1,16,1,19,3,4,19.52,12 11 10 9,
14,105,7,9,0,16,1,22,2,7,13.27,7 8 9,
14,106,15,9,2,16,1,20,1,5,13.0,15 9,
14,107,6,9,0,16,1,24,4,9,33.73,6 1 2 3 9,
14,108,13,9,0,16,1,21,3,6,25.42,13 14 8 9,
14,109,10,9,0,17,1,18,1,2,6.57,10 9,
14,110,1,14,1,17,1,23,3,7,34.15,1 2 20 14,
14,111,6,9,2,17,1,22,4,6,33.12,6 5 4 10 9,
14,112,19,4,2,17,1,25,4,9,33.65,19 20 21 22 4,
14,113,12,9,2,17,1,23,3,7,19.85,12 7 8 9,
14,114,13,9,1,17,1,24,3,8,27.41,13 14 15 9,
14,115,21,9,2,18,1,27,4,10,40.25,21 20 14 15 9,
14,116,23,9,2,18,1,28,4,11,40.46,23 22 21 15 9,
14,117,10,9,0,18,1,20,1,3,6.51,10 9,
14,118,6,21,2,18,1,25,4,8,33.67,6 1 2 3 21,
14,119,7,9,0,18,1,24,2,7,13.39,7 8 9,
14,120,18,9,2,18,1,26,4,9,33.68,18 17 16 15 9,
14,121,22,9,0,19,1,30,3,12,33.71,22 16 15 9,
14,122,24,9,0,19,0,-1,4,-1,33.9,24 19 20 21 3,
14,123,23,9,0,19,1,29,4,11,40.9,23 22 21 3 9,
14,124,12,11,0,19,1,20,1,2,6.7,12 11,
14,125,18,9,1,19,0,-1,3,-1,20.09,18 13 14 15,deadline_exceeded
14,126,11,4,2,19,1,21,2,3,19.91,11 10 4,
14,127,15,3,1,20,0,-1,3,-1,34.06,15 21 22 4,
14,128,20,9,1,20,0,-1,2,-1,20.53,20 21 15,
14,129,22,9,0,20,0,-1,3,-1,28.14,22 21 20 14,
14,130,18,9,0,20,1,26,4,7,35.46,18 17 16 10 9,
14,131,19,9,1,20,0,-1,3,-1,26.63,19 20 21 15,
14,132,16,9,2,20,1,29,2,10,20.04,16 15 9,
14,133,12,9,0,21,1,25,3,5,21.08,12 7 8 9,
14,134,14,9,0,21,1,26,2,6,21.22,14 8 9,
14,135,22,23,0,21,1,26,1,6,8.0,22 23,
14,136,9,18,0,21,1,27,4,7,35.4,9 10 11 12 18,
14,137,10,9,2,21,1,23,1,3,6.89,10 9,
14,138,6,9,0,21,1,27,4,7,34.8,6 1 2 3 9,
14,139,16,9,0,22,1,30,2,9,22.84,16 10 9,
14,140,12,9,1,22,1,27,3,6,22.78,12 11 10 9,
14,141,22,9,1,22,0,-1,1,-1,8.0,22 21,
14,142,21,9,2,22,1,28,2,7,27.78,21 3 9,
14,143,4,9,0,22,1,26,2,5,20.89,4 3 9,
14,144,5,9,2,22,1,28,3,7,29.39,5 4 10 9,
14,145,4,9,1,23,0,-1,3,-1,29.83,4 5 11 10,
14,146,10,9,0,23,1,25,1,3,7.39,10 9,
14,147,2,9,0,23,1,30,2,8,20.46,2 3 9,
14,148,11,9,0,23,0,-1,1,-1,7.69,11 10,
14,149,23,9,2,23,0,-1,3,-1,29.0,23 22 16 15,
14,150,13,1,0,23,1,25,2,3,27.24,13 7 1,
14,151,14,4,0,24,0,-1,2,-1,21.69,14 20 21,
14,152,20,17,0,24,1,29,4,6,37.09,20 19 24 23 17,
14,153,6,9,0,24,0,-1,3,-1,23.12,6 1 2 3,
14,154,17,9,1,24,0,-1,2,-1,15.38,17 16 15,
14,155,4,23,0,24,1,27,2,4,20.62,4 5 23,
14,156,10,9,2,24,1,29,1,6,8.61,10 9,
14,157,8,7,0,25,1,27,1,3,7.39,8 7,
14,158,15,7,1,25,0,-1,0,-1,0.0,15,
14,159,21,16,1,25,0,-1,1,-1,8.88,21 22,
14,160,4,9,1,25,0,-1,1,-1,8.0,4 3,
14,161,3,9,0,25,0,-1,0,-1,0.0,3,
14,162,13,9,2,25,0,-1,2,-1,14.81,13 14 15,
14,163,19,9,0,26,0,-1,1,-1,7.69,19 20,
14,164,7,13,0,26,1,29,3,4,29.22,7 8 14 13,
14,165,12,8,1,26,1,29,2,4,17.11,12 7 8,
14,166,20,9,1,26,0,-1,1,-1,8.0,20 21,
14,167,21,4,1,26,0,-1,0,-1,0.0,21,
14,168,22,9,2,26,0,-1,2,-1,25.24,22 16 10,
14,169,21,9,0,27,0,-1,0,-1,0.0,21,
14,170,15,9,1,27,0,-1,0,-1,0.0,15,
14,171,3,9,0,27,0,-1,0,-1,0.0,3,
14,172,13,9,2,27,0,-1,2,-1,21.03,13 14 8,
14,173,20,15,1,27,0,-1,1,-1,13.0,20 14,
14,174,5,9,1,27,0,-1,2,-1,17.22,5 4 3,
14,175,21,9,2,28,0,-1,0,-1,0.0,21,
14,176,2,9,0,28,0,-1,1,-1,8.31,2 3,
14,177,10,9,2,28,0,-1,0,-1,0.0,10,
14,178,23,9,0,28,0,-1,1,-1,9.11,23 22,
14,179,4,10,1,28,1,30,1,3,13.0,4 10,
14,180,8,12,0,28,1,30,2,3,17.43,8 7 12,
14,181,1,9,1,29,0,-1,1,-1,8.31,1 2,
14,182,10,9,1,29,0,-1,0,-1,0.0,10,
14,183,15,9,2,29,0,-1,0,-1,0.0,15,
14,184,8,9,0,29,1,30,1,2,8.61,8 9,
14,185,20,9,1,29,0,-1,0,-1,0.0,20,
14,186,14,9,0,29,0,-1,0,-1,0.0,14,
14,187,3,9,0,30,0,-1,0,-1,0.0,3,
14,188,7,2,1,30,0,-1,0,-1,0.0,7,
14,189,16,24,0,30,0,-1,0,-1,0.0,16,
14,190,22,9,2,30,0,-1,0,-1,0.0,22,
14,191,13,9,0,30,0,-1,0,-1,0.0,13,
14,192,12,9,2,30,0,-1,0,-1,0.0,12,
15,1,22,9,1,1,1,3,3,3,32.88,22 16 15 9,
15,2,15,9,2,1,1,1,1,1,12.62,15 9,
15,3,7,9,2,1,1,2,2,2,17.72,7 8 9,
15,4,2,9,0,1,1,2,2,2,21.5,2 3 9,
15,5,3,11,1,1,1,4,3,4,29.54,3 4 5 11,
15,6,23,9,0,1,1,4,4,4,41.64,23 5 4 3 9,
15,7,21,5,0,1,1,3,3,3,28.92,21 22 23 5,
15,8,18,20,0,1,1,3,3,3,29.61,18 24 19 20,
15,9,1,9,2,1,1,3,3,3,29.93,1 2 3 9,
15,10,12,9,0,1,1,3,3,3,28.28,12 11 10 9,
15,11,24,22,0,1,1,2,2,2,18.85,24 23 22,
15,12,20,9,0,1,1,4,3,4,32.05,20 21 15 9,
15,13,1,9,1,1,1,4,3,4,31.88,1 7 8 9,
15,14,22,9,2,1,1,7,3,7,30.47,22 21 15 9,
15,15,24,5,2,1,1,4,2,4,19.6,24 6 5,
15,16,20,9,0,1,1,5,3,5,31.5,20 21 3 9,
15,17,14,3,0,1,1,6,3,6,29.95,14 15 21 3,
15,18,5,9,0,1,1,8,3,8,29.37,5 4 3 9,
15,19,12,9,0,2,1,8,5,7,48.87,12 11 17 16 10 9,
15,20,20,9,0,2,1,6,3,5,31.81,20 2 3 9,
15,21,8,9,1,2,1,6,3,5,32.3,8 14 15 9,
15,22,16,9,0,2,1,4,2,3,20.87,16 10 9,
15,23,21,9,1,2,1,7,2,6,21.32,21 3 9,
15,24,4,11,2,2,1,11,6,10,57.57,4 5 23 22 16 17 11,
15,25,14,9,0,3,1,6,2,4,20.87,14 8 9,
15,26,11,9,1,3,1,6,2,4,18.85,11 10 9,
15,27,24,9,0,3,1,10,5,8,48.11,24 23 5 4 3 9,
15,28,22,9,0,3,1,7,3,5,30.62,22 16 10 9,
15,29,19,9,2,3,1,8,4,6,40.88,19 13 14 15 9,
15,30,18,9,0,3,1,9,4,7,38.1,18 12 7 8 9,
15,31,9,14,1,4,1,7,2,4,20.15,9 8 14,
15,32,19,9,1,4,1,11,4,8,38.96,19 20 21 3 9,
15,33,7,9,1,4,1,8,2,5,18.73,7 8 9,
15,34,11,9,0,4,1,13,6,10,56.64,11 17 23 5 4 10 9,
15,35,13,4,0,4,1,10,5,7,46.08,13 18 17 11 5 4,
15,36,16,9,2,4,1,9,2,6,19.47,16 15 9,
15,37,5,24,2,5,1,8,2,4,19.26,5 6 24,
15,38,3,9,0,5,1,9,1,5,10.17,3 9,
15,39,16,9,1,5,1,10,2,6,19.11,16 15 9,
15,40,1,9,0,5,1,12,3,8,28.96,1 2 3 9,
15,41,17,9,2,5,1,10,3,6,27.66,17 11 10 9,
15,42,11,9,0,5,1,9,2,5,18.0,11 10 9,
15,43,19,9,1,6,1,12,4,7,39.01,19 20 21 15 9,
15,44,16,4,0,6,1,10,2,5,20.43,16 22 4,
15,45,21,9,2,6,1,11,2,6,20.09,21 15 9,
15,46,18,9,0,6,1,12,4,7,36.12,18 13 7 8 9,
15,47,1,9,0,6,1,14,3,9,28.99,1 2 3 9,
15,48,2,20,2,6,1,8,1,3,10.04,2 20,
15,49,17,9,0,7,1,15,3,9,25.9,17 16 10 9,
15,50,21,20,0,7,1,9,1,3,9.11,21 20,
15,51,23,16,0,7,1,11,2,5,18.99,23 22 16,
15,52,6,9,2,7,1,18,4,12,36.59,6 1 2 3 9,
15,53,2,9,0,7,1,13,2,7,18.17,2 8 9,
15,54,7,9,2,7,1,13,4,7,38.46,7 8 14 15 9,
15,55,4,9,0,8,1,11,2,4,18.36,4 10 9,
15,56,20,9,0,8,1,15,3,8,28.97,20 2 3 9,
15,57,2,9,0,8,1,15,2,8,17.43,2 8 9,
15,58,3,9,0,8,1,13,1,6,10.17,3 9,
15,59,14,17,1,8,1,11,3,4,24.68,14 13 18 17,
15,60,8,9,0,8,1,11,1,4,8.61,8 9,
15,61,13,9,1,9,1,14,3,6,27.86,13 14 15 9,
15,62,10,7,0,9,1,14,3,6,21.51,10 11 12 7,
15,63,12,21,0,9,0,-1,10,-1,86.32,12 11 5 4 3 2 1 7 8 9 15,
15,64,19,9,2,9,1,16,4,8,38.04,19 13 14 15 9,
15,65,2,9,0,9,1,17,2,9,19.38,2 3 9,
15,66,18,3,0,9,1,24,7,16,63.17,18 17 16 15 21 22 4 3,
15,67,17,9,2,10,1,16,3,7,25.0,17 11 10 9,
15,68,10,9,1,10,1,14,1,5,7.39,10 9,
15,69,2,16,0,10,1,23,4,14,41.85,2 3 4 22 16,
15,70,20,5,0,10,1,29,12,20,108.76,20 19 24 23 22 21 15 16 10 11 12 6 5,
15,71,19,9,0,10,1,19,4,10,35.89,19 1 2 8 9,
15,72,8,9,1,10,1,14,1,5,7.69,8 9,
15,73,13,9,0,11,1,18,3,8,24.74,13 7 8 9,
15,74,5,11,1,11,1,13,1,3,10.66,5 11,
15,75,21,9,2,11,1,18,4,8,38.59,21 20 14 15 9,
15,76,9,14,2,11,1,15,2,5,17.56,9 15 14,
15,77,7,9,0,11,1,16,2,6,15.73,7 8 9,
15,78,12,3,1,11,1,18,4,8,31.82,12 7 1 2 3,
15,79,22,9,1,12,1,19,3,8,31.31,22 21 15 9,
15,80,24,3,0,12,1,20,6,9,48.21,24 19 20 21 22 4 3,
15,81,8,9,0,12,1,17,1,6,6.89,8 9,
15,82,4,9,2,12,1,17,2,6,17.36,4 10 9,
15,83,17,2,0,12,1,22,7,11,59.19,17 18 13 14 20 19 1 2,
15,84,2,12,0,12,1,19,3,8,27.03,2 1 6 12,
15,85,19,9,0,13,1,24,4,12,41.56,19 20 21 15 9,
15,86,1,9,0,13,1,20,3,8,24.07,1 7 8 9,
15,87,23,9,1,13,1,22,4,10,40.45,23 22 21 3 9,
15,88,24,9,0,13,1,22,5,10,45.34,24 23 22 16 10 9,
15,89,11,10,0,13,1,15,1,3,6.89,11 10,
15,90,16,9,2,13,1,20,2,8,20.39,16 15 9,
15,91,3,9,0,14,1,19,1,6,12.21,3 9,
15,92,16,14,2,14,1,21,2,8,13.63,16 15 14,
15,93,10,9,0,14,1,18,1,5,6.57,10 9,
15,94,19,9,0,14,1,28,4,15,41.51,19 20 21 15 9,
15,95,24,9,0,14,1,25,5,12,47.63,24 23 22 21 3 9,
15,96,18,9,0,14,0,-1,5,-1,44.28,18 13 7 8 14 15,
15,97,15,9,1,15,1,22,1,8,13.62,15 9,
15,98,3,9,0,15,1,21,1,7,13.0,3 9,
15,99,4,9,0,15,1,19,2,5,17.89,4 10 9,
15,100,9,15,1,15,1,16,1,2,11.38,9 15,
15,101,1,12,2,15,1,17,2,3,19.13,1 6 12,
15,102,24,22,0,15,1,18,2,4,13.02,24 23 22,
15,103,10,9,2,16,1,20,1,5,6.51,10 9,
15,104,1,5,0,16,1,18,2,3,13.02,1 6 5,
15,105,19,9,1,16,0,-1,5,-1,47.98,19 20 21 22 16 10,deadline_exceeded
15,106,17,9,0,16,1,25,3,10,27.08,17 16 15 9,
15,107,20,9,0,16,1,22,3,7,30.99,20 14 8 9,
15,108,24,9,0,16,0,-1,5,-1,40.47,24 19 20 21 22 16,
15,109,16,9,1,17,1,26,2,10,20.46,16 15 9,
15,110,10,9,1,17,1,21,1,5,6.57,10 9,
15,111,23,7,0,17,1,23,4,7,40.14,23 24 19 13 7,
15,112,18,9,2,17,1,29,4,13,33.12,18 13 14 15 9,
15,113,5,9,0,17,1,23,3,7,26.63,5 4 3 9,
15,114,17,9,2,17,1,29,7,13,67.32,17 11 12 7 8 2 3 9,
15,115,20,9,2,18,1,30,3,13,33.46,20 21 3 9,
15,116,19,9,0,18,1,29,4,12,42.46,19 20 2 8 9,
15,117,14,9,2,18,1,27,2,10,20.34,14 15 9,
15,118,22,18,0,18,1,22,3,5,27.41,22 23 24 18,
15,119,21,20,0,18,1,23,1,6,6.7,21 20,
15,120,23,9,0,18,0,-1,4,-1,34.27,23 22 21 20 2,
15,121,18,10,1,19,1,22,3,4,27.23,18 17 16 10,
15,122,14,9,0,19,1,25,2,7,20.46,14 8 9,
15,123,9,22,0,19,1,25,3,7,34.29,9 10 16 22,
15,124,2,22,1,19,1,25,3,7,27.24,2 3 4 22,
15,125,5,15,0,19,1,30,6,12,57.49,5 4 3 9 10 16 15,
15,126,6,9,1,19,1,27,4,9,33.92,6 1 2 3 9,
15,127,21,10,0,20,1,28,3,9,34.01,21 22 4 10,
15,128,18,9,1,20,1,24,4,5,35.31,18 12 11 10 9,
15,129,14,9,0,20,1,26,2,7,21.01,14 8 9,
15,130,4,9,1,20,1,28,2,9,20.71,4 3 9,
15,131,23,14,1,20,1,30,8,11,78.98,23 24 6 1 2 20 19 13 14,
15,132,13,9,2,20,0,-1,2,-1,13.63,13 14 15,
15,133,19,9,0,21,0,-1,3,-1,28.22,19 20 2 3,
15,134,12,9,0,21,1,30,3,10,23.0,12 7 8 9,
15,135,15,24,2,21,0,-1,1,-1,8.88,15 16,
15,136,14,9,0,21,0,-1,1,-1,7.39,14 15,
15,137,7,9,0,21,1,27,2,7,14.26,7 8 9,
15,138,18,9,1,21,0,-1,3,-1,22.09,18 13 14 15,
15,139,20,23,0,22,1,26,3,5,23.32,20 19 24 23,
15,140,15,9,2,22,0,-1,0,-1,0.0,15,
15,141,23,9,0,22,0,-1,3,-1,26.85,23 22 21 3,
15,142,13,9,2,22,0,-1,2,-1,20.22,13 14 8,
15,143,16,11,0,22,1,25,2,4,21.64,16 10 11,
15,144,12,10,0,22,1,25,2,4,15.38,12 11 10,
15,145,18,9,0,23,0,-1,3,-1,29.35,18 13 7 8,
15,146,1,19,1,23,1,24,1,2,13.96,1 19,
15,147,8,9,1,23,1,28,1,6,8.0,8 9,
15,148,14,9,1,23,0,-1,3,-1,29.35,14 13 7 8,
15,149,22,9,0,23,0,-1,1,-1,7.39,22 21,
15,150,9,13,0,23,0,-1,1,-1,7.12,9 8,
15,151,18,9,0,24,1,29,4,6,37.95,18 17 16 10 9,
15,152,14,9,2,24,0,-1,1,-1,8.31,14 15,
15,153,7,9,0,24,0,-1,1,-1,6.89,7 8,
15,154,6,9,1,24,0,-1,3,-1,23.43,6 1 2 3,
15,155,4,21,1,24,1,28,2,5,21.65,4 22 21,
15,156,21,9,0,24,0,-1,1,-1,12.21,21 3,
15,157,19,1,0,25,1,29,3,5,28.46,19 20 2 1,
15,158,6,9,0,25,0,-1,3,-1,25.23,6 5 4 3,
15,159,8,21,2,25,0,-1,0,-1,0.0,8,
15,160,13,9,1,25,0,-1,1,-1,7.39,13 14,
15,161,24,3,0,25,0,-1,3,-1,25.49,24 19 20 21,
15,162,1,22,1,25,1,30,4,6,38.9,1 6 24 23 22,
15,163,4,9,0,26,0,-1,1,-1,8.0,4 3,
15,164,17,9,0,26,1,30,3,5,30.19,17 16 10 9,
15,165,11,18,0,26,0,-1,3,-1,31.8,11 12 7 13,
15,166,15,9,0,26,0,-1,0,-1,0.0,15,
15,167,24,9,1,26,0,-1,3,-1,29.97,24 23 22 16,
15,168,1,9,1,26,0,-1,2,-1,21.31,1 2 8,
15,169,5,10,0,27,1,30,2,4,21.61,5 4 10,
15,170,13,9,0,27,0,-1,1,-1,8.0,13 14,
15,171,18,9,0,27,0,-1,3,-1,30.8,18 17 11 12,
15,172,17,9,0,27,0,-1,2,-1,22.11,17 11 12,
15,173,3,9,1,27,0,-1,0,-1,0.0,3,
15,174,1,9,0,27,0,-1,1,-1,13.96,1 7,
15,175,18,9,0,28,0,-1,2,-1,21.32,18 17 11,
15,176,12,9,0,28,0,-1,1,-1,9.3,12 11,
15,177,8,9,1,28,0,-1,0,-1,0.0,8,
15,178,21,9,1,28,0,-1,0,-1,0.0,21,
15,179,5,9,0,28,0,-1,1,-1,8.88,5 4,
15,180,19,3,0,28,0,-1,1,-1,8.31,19 20,
15,181,11,6,2,29,0,-1,0,-1,0.0,11,
15,182,12,23,1,29,0,-1,0,-1,0.0,12,
15,183,14,9,1,29,0,-1,0,-1,0.0,14,
15,184,21,9,1,29,0,-1,0,-1,0.0,21,
15,185,18,9,1,29,0,-1,1,-1,9.43,18 13,
15,186,15,9,0,29,0,-1,0,-1,0.0,15,
15,187,20,9,1,30,0,-1,0,-1,0.0,20,
15,188,7,9,1,30,0,-1,0,-1,0.0,7,
15,189,10,9,0,30,0,-1,0,-1,0.0,10,
15,190,11,9,2,30,0,-1,0,-1,0.0,11,
15,191,18,9,1,30,0,-1,0,-1,0.0,18,
15,192,24,9,1,30,0,-1,0,-1,0.0,24,
