schema_version,evaluation_role,spec_sha256,training_freeze_sha256,job_id,arm,environment_variant,selected_checkpoint_sha256,decision_forced_switch_cost,scenario,policy,policy_seed,workload_seed,generated,delivered,dropped,backlog,delivery_ratio,drop_rate,throughput_packets_per_slot,average_delay_slots,p95_delay_slots,mean_queue_packets,max_queue_packets,routing_switches,episode_reward,global_delay_cost,global_queue_cost,global_load_imbalance,global_switch_cost,global_throughput_reward,global_control_overhead_ratio,global_drop_cost,class_0_delivery_ratio,class_1_delivery_ratio,class_2_delivery_ratio,avoidable_routing_switches,forced_routing_switches,switch_opportunities,avoidable_switch_rate,decision_avoidable_switches,decision_switch_opportunities,decision_forced_switches,decision_avoidable_switch_rate
1,selected_checkpoint_independent_validation_gate,58fd1e77faafefcb67631c3a568116ad60ce2ba3c90c12de1262d6a3709caaf6,153b5cd85305f3f4c9a03fd549eea3e06785a0d1a447b96ec9005098c7d25742,medium_load/qos_only_baseline/seed_179055553,qos_only_baseline,qos_only,e79b6e82c14c199cfa2a32f53340d0afe872400f59a64fb49da60876bbbd0368,0,medium_load,qos_only_baseline,179055553,77011,192,157,0,35,0.8177083333333334,0.0,5.233333333333333,5.7006369426751595,9.0,1.1833333333333333,8,55,11.555813381226837,0.1983683127579607,0.027006172839506175,0.688957384654944,0.0,0.33976193311332636,0.054610973573646394,0.0,0.8043478260869565,0.8088235294117647,0.875,50,5,221,0.22624434389140272,50,221,5,0.22624434389140272
1,selected_checkpoint_independent_validation_gate,58fd1e77faafefcb67631c3a568116ad60ce2ba3c90c12de1262d6a3709caaf6,153b5cd85305f3f4c9a03fd549eea3e06785a0d1a447b96ec9005098c7d25742,medium_load/qos_only_baseline/seed_179055553,qos_only_baseline,qos_only,e79b6e82c14c199cfa2a32f53340d0afe872400f59a64fb49da60876bbbd0368,0,medium_load,qos_only_baseline,179055553,77012,192,150,0,42,0.78125,0.0,5.0,5.84,10.0,1.2291666666666667,9,75,10.825971938263885,0.21231332281496862,0.02824074074074074,0.7038444818042289,0.0,0.33588274198568324,0.05609389107919411,0.0,0.7666666666666667,0.75,0.84,68,7,246,0.2764227642276423,68,246,7,0.2764227642276423
1,selected_checkpoint_independent_validation_gate,58fd1e77faafefcb67631c3a568116ad60ce2ba3c90c12de1262d6a3709caaf6,153b5cd85305f3f4c9a03fd549eea3e06785a0d1a447b96ec9005098c7d25742,medium_load/qos_only_baseline/seed_179055553,qos_only_baseline,qos_only,e79b6e82c14c199cfa2a32f53340d0afe872400f59a64fb49da60876bbbd0368,0,medium_load,qos_only_baseline,179055553,77013,192,158,0,34,0.8229166666666666,0.0,5.266666666666667,5.341772151898734,10.0,1.1125,8,50,13.979879582773576,0.17483393035308561,0.02540123456790123,0.7025039109204173,0.0,0.368615435991597,0.058295767912932936,0.0,0.8282828282828283,0.7551020408163265,0.8863636363636364,44,6,196,0.22448979591836735,44,196,6,0.22448979591836735
1,selected_checkpoint_independent_validation_gate,58fd1e77faafefcb67631c3a568116ad60ce2ba3c90c12de1262d6a3709caaf6,153b5cd85305f3f4c9a03fd549eea3e06785a0d1a447b96ec9005098c7d25742,medium_load/qos_only_baseline/seed_179055553,qos_only_baseline,qos_only,e79b6e82c14c199cfa2a32f53340d0afe872400f59a64fb49da60876bbbd0368,0,medium_load,qos_only_baseline,179055553,77014,192,146,3,43,0.7604166666666666,0.015625,4.866666666666666,5.972602739726027,10.0,1.2958333333333334,8,71,9.722364706397256,0.1904285701464037,0.02975308641975309,0.6906409333544017,0.0,0.3120618949334119,0.054208576677440105,0.005664488017429194,0.8041237113402062,0.6545454545454545,0.8,69,2,237,0.2911392405063291,69,237,2,0.2911392405063291
1,selected_checkpoint_independent_validation_gate,58fd1e77faafefcb67631c3a568116ad60ce2ba3c90c12de1262d6a3709caaf6,153b5cd85305f3f4c9a03fd549eea3e06785a0d1a447b96ec9005098c7d25742,medium_load/qos_only_baseline/seed_179055553,qos_only_baseline,qos_only,e79b6e82c14c199cfa2a32f53340d0afe872400f59a64fb49da60876bbbd0368,0,medium_load,qos_only_baseline,179055553,77015,192,160,0,32,0.8333333333333334,0.0,5.333333333333333,5.30625,9.0,1.0944444444444446,6,60,13.076402680321765,0.18036191022838247,0.024938271604938275,0.705297895893352,0.0,0.35617283043753634,0.056232544293454347,0.0,0.8333333333333334,0.7719298245614035,0.9111111111111111,56,4,221,0.25339366515837103,56,221,4,0.25339366515837103
1,selected_checkpoint_independent_validation_gate,58fd1e77faafefcb67631c3a568116ad60ce2ba3c90c12de1262d6a3709caaf6,153b5cd85305f3f4c9a03fd549eea3e06785a0d1a447b96ec9005098c7d25742,medium_load/qos_only_baseline/seed_179055553,qos_only_baseline,qos_only,e79b6e82c14c199cfa2a32f53340d0afe872400f59a64fb49da60876bbbd0368,0,medium_load,qos_only_baseline,179055553,77016,192,165,0,27,0.859375,0.0,5.5,4.993939393939394,8.0,1.0208333333333333,6,43,14.913233539626912,0.17487907205116007,0.023148148148148154,0.7111273812802746,0.0,0.3837157042304101,0.058132951088838106,0.0,0.8494623655913979,0.8571428571428571,0.8888888888888888,42,1,205,0.2048780487804878,42,205,1,0.2048780487804878
1,selected_checkpoint_independent_validation_gate,58fd1e77faafefcb67631c3a568116ad60ce2ba3c90c12de1262d6a3709caaf6,153b5cd85305f3f4c9a03fd549eea3e06785a0d1a447b96ec9005098c7d25742,medium_load/qos_only_baseline/seed_179055553,qos_only_baseline,qos_only,e79b6e82c14c199cfa2a32f53340d0afe872400f59a64fb49da60876bbbd0368,0,medium_load,qos_only_baseline,179055553,77017,192,157,2,33,0.8177083333333334,0.010416666666666666,5.233333333333333,5.254777070063694,9.0,1.1222222222222222,8,53,12.222469802950148,0.18634111175974083,0.025586419753086415,0.6844156542885672,0.0,0.3480389463477699,0.05567282351232842,0.00392156862745098,0.7888888888888889,0.7931034482758621,0.9090909090909091,47,6,211,0.22274881516587677,47,211,6,0.22274881516587677
1,selected_checkpoint_independent_validation_gate,58fd1e77faafefcb67631c3a568116ad60ce2ba3c90c12de1262d6a3709caaf6,153b5cd85305f3f4c9a03fd549eea3e06785a0d1a447b96ec9005098c7d25742,medium_load/qos_only_baseline/seed_179055553,qos_only_baseline,qos_only,e79b6e82c14c199cfa2a32f53340d0afe872400f59a64fb49da60876bbbd0368,0,medium_load,qos_only_baseline,179055553,77018,192,161,0,31,0.8385416666666666,0.0,5.366666666666666,5.136645962732919,9.0,1.0611111111111111,6,58,13.330407164849497,0.18468193998212634,0.02416666666666667,0.700167106236778,0.0,0.36201680672268916,0.05654724011257455,0.0,0.8431372549019608,0.8448275862068966,0.8125,52,6,219,0.2374429223744292,52,219,6,0.2374429223744292
1,selected_checkpoint_independent_validation_gate,58fd1e77faafefcb67631c3a568116ad60ce2ba3c90c12de1262d6a3709caaf6,153b5cd85305f3f4c9a03fd549eea3e06785a0d1a447b96ec9005098c7d25742,medium_load/qos_only_baseline/seed_179055553,qos_only_baseline,qos_only,e79b6e82c14c199cfa2a32f53340d0afe872400f59a64fb49da60876bbbd0368,0,medium_load,qos_only_baseline,179055553,77019,192,152,1,39,0.7916666666666666,0.005208333333333333,5.066666666666666,5.769736842105263,10.0,1.2125,9,62,11.514599220615318,0.1999853341871148,0.027777777777777776,0.7012338501550571,0.0,0.3431493477855707,0.05703335681343502,0.0022222222222222222,0.8,0.8032786885245902,0.75,58,4,222,0.26126126126126126,58,222,4,0.26126126126126126
1,selected_checkpoint_independent_validation_gate,58fd1e77faafefcb67631c3a568116ad60ce2ba3c90c12de1262d6a3709caaf6,153b5cd85305f3f4c9a03fd549eea3e06785a0d1a447b96ec9005098c7d25742,medium_load/qos_only_baseline/seed_179055553,qos_only_baseline,qos_only,e79b6e82c14c199cfa2a32f53340d0afe872400f59a64fb49da60876bbbd0368,0,medium_load,qos_only_baseline,179055553,77020,192,150,2,40,0.78125,0.010416666666666666,5.0,5.473333333333334,10.0,1.1583333333333334,7,59,10.978101802545758,0.18784770590177402,0.026604938271604928,0.6830394770444872,0.0,0.3285064581388112,0.054924371544418794,0.004074074074074074,0.7777777777777778,0.7543859649122807,0.8333333333333334,55,4,214,0.2570093457943925,55,214,4,0.2570093457943925
1,selected_checkpoint_independent_validation_gate,58fd1e77faafefcb67631c3a568116ad60ce2ba3c90c12de1262d6a3709caaf6,153b5cd85305f3f4c9a03fd549eea3e06785a0d1a447b96ec9005098c7d25742,medium_load/qos_only_constrained/seed_179055553,qos_only_constrained,qos_only,67dae57acea5755e8fe2b9d294bcb4df2da3af7f305b8f894f1ec2251e1c0386,0,medium_load,qos_only_constrained,179055553,77011,192,153,0,39,0.796875,0.0,5.1,6.483660130718954,10.400000000000006,1.3666666666666667,8,11,10.369753108005822,0.21882438147890054,0.0312037037037037,0.6975998552579459,0.0,0.3323325596545411,0.054593524078966525,0.0,0.7717391304347826,0.7941176470588235,0.875,9,2,227,0.039647577092511016,9,227,2,0.039647577092511016
1,selected_checkpoint_independent_validation_gate,58fd1e77faafefcb67631c3a568116ad60ce2ba3c90c12de1262d6a3709caaf6,153b5cd85305f3f4c9a03fd549eea3e06785a0d1a447b96ec9005098c7d25742,medium_load/qos_only_constrained/seed_179055553,qos_only_constrained,qos_only,67dae57acea5755e8fe2b9d294bcb4df2da3af7f305b8f894f1ec2251e1c0386,0,medium_load,qos_only_constrained,179055553,77012,192,150,0,42,0.78125,0.0,5.0,5.526666666666666,9.0,1.1708333333333334,10,10,11.16512705109324,0.20091414930182858,0.026944444444444444,0.7208930878230743,0.0,0.3361928104575165,0.05655705572233242,0.0,0.8,0.75,0.78,7,3,248,0.028225806451612902,7,248,3,0.028225806451612902
1,selected_checkpoint_independent_validation_gate,58fd1e77faafefcb67631c3a568116ad60ce2ba3c90c12de1262d6a3709caaf6,153b5cd85305f3f4c9a03fd549eea3e06785a0d1a447b96ec9005098c7d25742,medium_load/qos_only_constrained/seed_179055553,qos_only_constrained,qos_only,67dae57acea5755e8fe2b9d294bcb4df2da3af7f305b8f894f1ec2251e1c0386,0,medium_load,qos_only_constrained,179055553,77013,192,157,2,33,0.8177083333333334,0.010416666666666666,5.233333333333333,5.407643312101911,10.0,1.15,10,8,13.413247777702054,0.17325520624054955,0.026203703703703705,0.7035949464601094,0.0,0.3634891823862412,0.05815317483217384,0.004738562091503268,0.8282828282828283,0.7346938775510204,0.8863636363636364,6,2,193,0.031088082901554404,6,193,2,0.031088082901554404
1,selected_checkpoint_independent_validation_gate,58fd1e77faafefcb67631c3a568116ad60ce2ba3c90c12de1262d6a3709caaf6,153b5cd85305f3f4c9a03fd549eea3e06785a0d1a447b96ec9005098c7d25742,medium_load/qos_only_constrained/seed_179055553,qos_only_constrained,qos_only,67dae57acea5755e8fe2b9d294bcb4df2da3af7f305b8f894f1ec2251e1c0386,0,medium_load,qos_only_constrained,179055553,77014,192,145,2,45,0.7552083333333334,0.010416666666666666,4.833333333333333,6.179310344827586,11.799999999999983,1.3319444444444444,12,8,10.159660624830597,0.20178605603405703,0.03061728395061729,0.7118288548083359,0.0,0.324911444334819,0.05616530539115998,0.004044117647058824,0.7835051546391752,0.7272727272727273,0.725,6,2,229,0.026200873362445413,6,229,2,0.026200873362445413
1,selected_checkpoint_independent_validation_gate,58fd1e77faafefcb67631c3a568116ad60ce2ba3c90c12de1262d6a3709caaf6,153b5cd85305f3f4c9a03fd549eea3e06785a0d1a447b96ec9005098c7d25742,medium_load/qos_only_constrained/seed_179055553,qos_only_constrained,qos_only,67dae57acea5755e8fe2b9d294bcb4df2da3af7f305b8f894f1ec2251e1c0386,0,medium_load,qos_only_constrained,179055553,77015,192,154,1,37,0.8020833333333334,0.005208333333333333,5.133333333333334,5.883116883116883,10.0,1.2472222222222222,10,6,11.83076593250511,0.19256734138940348,0.028487654320987654,0.7177042415699231,0.0,0.34613133584108813,0.05647713133948218,0.002564102564102564,0.7666666666666667,0.7719298245614035,0.9111111111111111,2,4,218,0.009174311926605505,2,218,4,0.009174311926605505
1,selected_checkpoint_independent_validation_gate,58fd1e77faafefcb67631c3a568116ad60ce2ba3c90c12de1262d6a3709caaf6,153b5cd85305f3f4c9a03fd549eea3e06785a0d1a447b96ec9005098c7d25742,medium_load/qos_only_constrained/seed_179055553,qos_only_constrained,qos_only,67dae57acea5755e8fe2b9d294bcb4df2da3af7f305b8f894f1ec2251e1c0386,0,medium_load,qos_only_constrained,179055553,77016,192,163,0,29,0.8489583333333334,0.0,5.433333333333334,5.257668711656442,8.0,1.0916666666666666,7,4,14.578705903241564,0.17986809722897137,0.024783950617283956,0.720142418548893,0.0,0.3817802377361202,0.058941124531668714,0.0,0.8387096774193549,0.8412698412698413,0.8888888888888888,4,0,211,0.018957345971563982,4,211,0,0.018957345971563982
1,selected_checkpoint_independent_validation_gate,58fd1e77faafefcb67631c3a568116ad60ce2ba3c90c12de1262d6a3709caaf6,153b5cd85305f3f4c9a03fd549eea3e06785a0d1a447b96ec9005098c7d25742,medium_load/qos_only_constrained/seed_179055553,qos_only_constrained,qos_only,67dae57acea5755e8fe2b9d294bcb4df2da3af7f305b8f894f1ec2251e1c0386,0,medium_load,qos_only_constrained,179055553,77017,192,151,3,38,0.7864583333333334,0.015625,5.033333333333333,5.364238410596027,10.0,1.2,11,10,11.520919969594484,0.1848522235755531,0.02746913580246914,0.7006380061095168,0.0,0.33990609064138483,0.05673742378817282,0.0066082202111613884,0.7888888888888889,0.7068965517241379,0.8863636363636364,9,1,209,0.0430622009569378,9,209,1,0.0430622009569378
1,selected_checkpoint_independent_validation_gate,58fd1e77faafefcb67631c3a568116ad60ce2ba3c90c12de1262d6a3709caaf6,153b5cd85305f3f4c9a03fd549eea3e06785a0d1a447b96ec9005098c7d25742,medium_load/qos_only_constrained/seed_179055553,qos_only_constrained,qos_only,67dae57acea5755e8fe2b9d294bcb4df2da3af7f305b8f894f1ec2251e1c0386,0,medium_load,qos_only_constrained,179055553,77018,192,155,0,37,0.8072916666666666,0.0,5.166666666666667,5.47741935483871,10.0,1.1597222222222223,8,15,12.298256959969937,0.19558412511125967,0.026543209876543204,0.7124795530983743,0.0,0.3518407790466614,0.05673011105326556,0.0,0.7843137254901961,0.8620689655172413,0.78125,11,4,222,0.04954954954954955,11,222,4,0.04954954954954955
1,selected_checkpoint_independent_validation_gate,58fd1e77faafefcb67631c3a568116ad60ce2ba3c90c12de1262d6a3709caaf6,153b5cd85305f3f4c9a03fd549eea3e06785a0d1a447b96ec9005098c7d25742,medium_load/qos_only_constrained/seed_179055553,qos_only_constrained,qos_only,67dae57acea5755e8fe2b9d294bcb4df2da3af7f305b8f894f1ec2251e1c0386,0,medium_load,qos_only_constrained,179055553,77019,192,150,2,40,0.78125,0.010416666666666666,5.0,5.98,10.549999999999983,1.2708333333333333,10,7,11.11256623317496,0.2079389865268469,0.029104938271604933,0.7042885638232104,0.0,0.3432123105652518,0.05742842053775163,0.004305555555555555,0.7894736842105263,0.7868852459016393,0.75,6,1,222,0.02702702702702703,6,222,1,0.02702702702702703
1,selected_checkpoint_independent_validation_gate,58fd1e77faafefcb67631c3a568116ad60ce2ba3c90c12de1262d6a3709caaf6,153b5cd85305f3f4c9a03fd549eea3e06785a0d1a447b96ec9005098c7d25742,medium_load/qos_only_constrained/seed_179055553,qos_only_constrained,qos_only,67dae57acea5755e8fe2b9d294bcb4df2da3af7f305b8f894f1ec2251e1c0386,0,medium_load,qos_only_constrained,179055553,77020,192,147,2,43,0.765625,0.010416666666666666,4.9,5.73469387755102,10.0,1.2375,9,14,10.638546958420994,0.19281135581955142,0.028456790123456793,0.6973879977851966,0.0,0.32735618956207196,0.05572210273591668,0.004603174603174604,0.7474747474747475,0.7543859649122807,0.8333333333333334,11,3,202,0.054455445544554455,11,202,3,0.054455445544554455
1,selected_checkpoint_independent_validation_gate,58fd1e77faafefcb67631c3a568116ad60ce2ba3c90c12de1262d6a3709caaf6,153b5cd85305f3f4c9a03fd549eea3e06785a0d1a447b96ec9005098c7d25742,medium_load/reward_shaped_control/seed_179055553,reward_shaped_control,proposed,4209602456e042358ea0beddb78057bfd77aad9b05ef3e0ff1608c65ad3f8e26,0,medium_load,reward_shaped_control,179055553,77011,192,159,1,32,0.828125,0.005208333333333333,5.3,5.817610062893082,10.0,1.2125,7,30,11.340831407794656,0.20364321084743223,0.02756172839506173,0.700719310246748,0.06436974789915965,0.3480444748749702,0.055011933613459206,0.00196078431372549,0.8043478260869565,0.8088235294117647,0.9375,26,4,223,0.11659192825112108,26,223,4,0.11659192825112108
1,selected_checkpoint_independent_validation_gate,58fd1e77faafefcb67631c3a568116ad60ce2ba3c90c12de1262d6a3709caaf6,153b5cd85305f3f4c9a03fd549eea3e06785a0d1a447b96ec9005098c7d25742,medium_load/reward_shaped_control/seed_179055553,reward_shaped_control,proposed,4209602456e042358ea0beddb78057bfd77aad9b05ef3e0ff1608c65ad3f8e26,0,medium_load,reward_shaped_control,179055553,77012,192,150,1,41,0.78125,0.005208333333333333,5.0,5.706666666666667,9.0,1.2097222222222221,9,34,10.747413771266146,0.20175395046931963,0.027777777777777776,0.7146704480726805,0.07547750724221312,0.3397959230312172,0.05677796278105099,0.002564102564102564,0.7888888888888889,0.7115384615384616,0.84,29,5,239,0.12133891213389121,29,239,5,0.12133891213389121
1,selected_checkpoint_independent_validation_gate,58fd1e77faafefcb67631c3a568116ad60ce2ba3c90c12de1262d6a3709caaf6,153b5cd85305f3f4c9a03fd549eea3e06785a0d1a447b96ec9005098c7d25742,medium_load/reward_shaped_control/seed_179055553,reward_shaped_control,proposed,4209602456e042358ea0beddb78057bfd77aad9b05ef3e0ff1608c65ad3f8e26,0,medium_load,reward_shaped_control,179055553,77013,192,158,1,33,0.8229166666666666,0.005208333333333333,5.266666666666667,5.443037974683544,10.0,1.1430555555555555,8,19,13.471431258222916,0.17818145171037506,0.026049382716049386,0.7071343734571077,0.043644688644688644,0.3689290502525797,0.059026144954214564,0.0022222222222222222,0.8484848484848485,0.7346938775510204,0.8636363636363636,16,3,194,0.08247422680412371,16,194,3,0.08247422680412371
1,selected_checkpoint_independent_validation_gate,58fd1e77faafefcb67631c3a568116ad60ce2ba3c90c12de1262d6a3709caaf6,153b5cd85305f3f4c9a03fd549eea3e06785a0d1a447b96ec9005098c7d25742,medium_load/reward_shaped_control/seed_179055553,reward_shaped_control,proposed,4209602456e042358ea0beddb78057bfd77aad9b05ef3e0ff1608c65ad3f8e26,0,medium_load,reward_shaped_control,179055553,77014,192,143,0,49,0.7447916666666666,0.0,4.766666666666667,6.223776223776224,10.900000000000006,1.3625,11,30,9.78545301612953,0.1989611674244028,0.03141975308641975,0.7057633832592157,0.06546931754749091,0.31977808597777646,0.05607233022276633,0.0,0.7525773195876289,0.7272727272727273,0.75,26,4,225,0.11555555555555555,26,225,4,0.11555555555555555
1,selected_checkpoint_independent_validation_gate,58fd1e77faafefcb67631c3a568116ad60ce2ba3c90c12de1262d6a3709caaf6,153b5cd85305f3f4c9a03fd549eea3e06785a0d1a447b96ec9005098c7d25742,medium_load/reward_shaped_control/seed_179055553,reward_shaped_control,proposed,4209602456e042358ea0beddb78057bfd77aad9b05ef3e0ff1608c65ad3f8e26,0,medium_load,reward_shaped_control,179055553,77015,192,155,0,37,0.8072916666666666,0.0,5.166666666666667,5.47741935483871,10.0,1.1388888888888888,8,23,12.141512547581897,0.18434399098189758,0.02608024691358024,0.7146364165168961,0.05134085685556274,0.34868228177051713,0.057074770860736736,0.0,0.8,0.7894736842105263,0.8444444444444444,21,2,225,0.09333333333333334,21,225,2,0.09333333333333334
1,selected_checkpoint_independent_validation_gate,58fd1e77faafefcb67631c3a568116ad60ce2ba3c90c12de1262d6a3709caaf6,153b5cd85305f3f4c9a03fd549eea3e06785a0d1a447b96ec9005098c7d25742,medium_load/reward_shaped_control/seed_179055553,reward_shaped_control,proposed,4209602456e042358ea0beddb78057bfd77aad9b05ef3e0ff1608c65ad3f8e26,0,medium_load,reward_shaped_control,179055553,77016,192,162,0,30,0.84375,0.0,5.4,5.209876543209877,9.0,1.075,7,10,14.224072344156186,0.18752720651260102,0.024444444444444446,0.7204223189328681,0.024001831501831498,0.382005032005032,0.059489589430481396,0.0,0.8172043010752689,0.8412698412698413,0.9166666666666666,9,1,205,0.04390243902439024,9,205,1,0.04390243902439024
1,selected_checkpoint_independent_validation_gate,58fd1e77faafefcb67631c3a568116ad60ce2ba3c90c12de1262d6a3709caaf6,153b5cd85305f3f4c9a03fd549eea3e06785a0d1a447b96ec9005098c7d25742,medium_load/reward_shaped_control/seed_179055553,reward_shaped_control,proposed,4209602456e042358ea0beddb78057bfd77aad9b05ef3e0ff1608c65ad3f8e26,0,medium_load,reward_shaped_control,179055553,77017,192,156,3,33,0.8125,0.015625,5.2,5.2243589743589745,9.0,1.1305555555555555,9,20,11.743839621943938,0.18893154158357897,0.0257716049382716,0.6975238161190596,0.043593993152816674,0.34881679594914894,0.05619585651605606,0.006266339869281046,0.7888888888888889,0.7758620689655172,0.9090909090909091,18,2,208,0.08653846153846154,18,208,2,0.08653846153846154
1,selected_checkpoint_independent_validation_gate,58fd1e77faafefcb67631c3a568116ad60ce2ba3c90c12de1262d6a3709caaf6,153b5cd85305f3f4c9a03fd549eea3e06785a0d1a447b96ec9005098c7d25742,medium_load/reward_shaped_control/seed_179055553,reward_shaped_control,proposed,4209602456e042358ea0beddb78057bfd77aad9b05ef3e0ff1608c65ad3f8e26,0,medium_load,reward_shaped_control,179055553,77018,192,161,0,31,0.8385416666666666,0.0,5.366666666666666,5.298136645962733,9.0,1.1194444444444445,8,36,12.52186257798684,0.18771941328095762,0.025462962962962958,0.6978145303620699,0.0779666738490268,0.35822269234033943,0.05585393957110436,0.0,0.8333333333333334,0.8620689655172413,0.8125,31,5,222,0.13963963963963963,31,222,5,0.13963963963963963
1,selected_checkpoint_independent_validation_gate,58fd1e77faafefcb67631c3a568116ad60ce2ba3c90c12de1262d6a3709caaf6,153b5cd85305f3f4c9a03fd549eea3e06785a0d1a447b96ec9005098c7d25742,medium_load/reward_shaped_control/seed_179055553,reward_shaped_control,proposed,4209602456e042358ea0beddb78057bfd77aad9b05ef3e0ff1608c65ad3f8e26,0,medium_load,reward_shaped_control,179055553,77019,192,150,2,40,0.78125,0.010416666666666666,5.0,6.026666666666666,11.0,1.2819444444444446,10,22,11.055930254410745,0.2018499822057581,0.02935185185185185,0.7079720788462545,0.051774581627522805,0.3453247923100865,0.05744878352335217,0.004945054945054945,0.8,0.7704918032786885,0.75,22,0,223,0.09865470852017937,22,223,0,0.09865470852017937
1,selected_checkpoint_independent_validation_gate,58fd1e77faafefcb67631c3a568116ad60ce2ba3c90c12de1262d6a3709caaf6,153b5cd85305f3f4c9a03fd549eea3e06785a0d1a447b96ec9005098c7d25742,medium_load/reward_shaped_control/seed_179055553,reward_shaped_control,proposed,4209602456e042358ea0beddb78057bfd77aad9b05ef3e0ff1608c65ad3f8e26,0,medium_load,reward_shaped_control,179055553,77020,192,154,1,37,0.8020833333333334,0.005208333333333333,5.133333333333334,5.1688311688311686,9.0,1.0958333333333334,8,26,10.892066346541109,0.18583356174220714,0.02512345679012345,0.6877426943471832,0.056390753782394644,0.32982164435724814,0.05461458002750987,0.002564102564102564,0.7878787878787878,0.8070175438596491,0.8333333333333334,24,2,213,0.11267605633802817,24,213,2,0.11267605633802817
1,selected_checkpoint_independent_validation_gate,58fd1e77faafefcb67631c3a568116ad60ce2ba3c90c12de1262d6a3709caaf6,153b5cd85305f3f4c9a03fd549eea3e06785a0d1a447b96ec9005098c7d25742,medium_load/qos_only_baseline/seed_626669596,qos_only_baseline,qos_only,d4240f56141124ba8a4b07d5434f10cc42750fc65dc0efdd8e44c5ccab1f5656,0,medium_load,qos_only_baseline,626669596,77011,192,156,0,36,0.8125,0.0,5.2,5.839743589743589,10.0,1.2208333333333334,8,75,11.353576706331015,0.20462139133498586,0.027870370370370372,0.6832412552808663,0.0,0.3395867134528125,0.054790568685558344,0.0,0.8043478260869565,0.7941176470588235,0.875,69,6,224,0.3080357142857143,69,224,6,0.3080357142857143
1,selected_checkpoint_independent_validation_gate,58fd1e77faafefcb67631c3a568116ad60ce2ba3c90c12de1262d6a3709caaf6,153b5cd85305f3f4c9a03fd549eea3e06785a0d1a447b96ec9005098c7d25742,medium_load/qos_only_baseline/seed_626669596,qos_only_baseline,qos_only,d4240f56141124ba8a4b07d5434f10cc42750fc65dc0efdd8e44c5ccab1f5656,0,medium_load,qos_only_baseline,626669596,77012,192,148,0,44,0.7708333333333334,0.0,4.933333333333334,6.297297297297297,10.0,1.3347222222222221,8,102,9.534477530173458,0.2212877166134392,0.030648148148148154,0.6929020813222596,0.0,0.3191699617318813,0.054275625271302266,0.0,0.7777777777777778,0.7307692307692307,0.8,91,11,253,0.35968379446640314,91,253,11,0.35968379446640314
1,selected_checkpoint_independent_validation_gate,58fd1e77faafefcb67631c3a568116ad60ce2ba3c90c12de1262d6a3709caaf6,153b5cd85305f3f4c9a03fd549eea3e06785a0d1a447b96ec9005098c7d25742,medium_load/qos_only_baseline/seed_626669596,qos_only_baseline,qos_only,d4240f56141124ba8a4b07d5434f10cc42750fc65dc0efdd8e44c5ccab1f5656,0,medium_load,qos_only_baseline,626669596,77013,192,157,1,34,0.8177083333333334,0.005208333333333333,5.233333333333333,5.490445859872612,11.0,1.1569444444444446,10,56,13.427685803907151,0.1778720539389979,0.026388888888888892,0.702633079935513,0.0,0.3634028145057558,0.05802962504279481,0.0020833333333333333,0.8282828282828283,0.7551020408163265,0.8636363636363636,51,5,193,0.26424870466321243,51,193,5,0.26424870466321243
1,selected_checkpoint_independent_validation_gate,58fd1e77faafefcb67631c3a568116ad60ce2ba3c90c12de1262d6a3709caaf6,153b5cd85305f3f4c9a03fd549eea3e06785a0d1a447b96ec9005098c7d25742,medium_load/qos_only_baseline/seed_626669596,qos_only_baseline,qos_only,d4240f56141124ba8a4b07d5434f10cc42750fc65dc0efdd8e44c5ccab1f5656,0,medium_load,qos_only_baseline,626669596,77014,192,142,3,47,0.7395833333333334,0.015625,4.733333333333333,6.049295774647887,10.0,1.323611111111111,10,75,9.728539032462185,0.19269484534993422,0.030493827160493828,0.6969369238742164,0.0,0.31453907518922997,0.05572573138906921,0.006218671679197995,0.7628865979381443,0.6909090909090909,0.75,67,8,230,0.29130434782608694,67,230,8,0.29130434782608694
1,selected_checkpoint_independent_validation_gate,58fd1e77faafefcb67631c3a568116ad60ce2ba3c90c12de1262d6a3709caaf6,153b5cd85305f3f4c9a03fd549eea3e06785a0d1a447b96ec9005098c7d25742,medium_load/qos_only_baseline/seed_626669596,qos_only_baseline,qos_only,d4240f56141124ba8a4b07d5434f10cc42750fc65dc0efdd8e44c5ccab1f5656,0,medium_load,qos_only_baseline,626669596,77015,192,159,0,33,0.828125,0.0,5.3,5.333333333333333,9.0,1.0958333333333334,6,63,12.835329194416403,0.18102832867442978,0.025,0.7057036074263923,0.0,0.3525233535527654,0.05603711207914865,0.0,0.8444444444444444,0.7719298245614035,0.8666666666666667,58,5,228,0.2543859649122807,58,228,5,0.2543859649122807
1,selected_checkpoint_independent_validation_gate,58fd1e77faafefcb67631c3a568116ad60ce2ba3c90c12de1262d6a3709caaf6,153b5cd85305f3f4c9a03fd549eea3e06785a0d1a447b96ec9005098c7d25742,medium_load/qos_only_baseline/seed_626669596,qos_only_baseline,qos_only,d4240f56141124ba8a4b07d5434f10cc42750fc65dc0efdd8e44c5ccab1f5656,0,medium_load,qos_only_baseline,626669596,77016,192,165,0,27,0.859375,0.0,5.5,5.03030303030303,8.0,1.025,5,49,14.817308511829031,0.17454191175214454,0.023240740740740742,0.713214696464154,0.0,0.3820930866519103,0.05819915585033419,0.0,0.8387096774193549,0.8571428571428571,0.9166666666666666,47,2,209,0.22488038277511962,47,209,2,0.22488038277511962
1,selected_checkpoint_independent_validation_gate,58fd1e77faafefcb67631c3a568116ad60ce2ba3c90c12de1262d6a3709caaf6,153b5cd85305f3f4c9a03fd549eea3e06785a0d1a447b96ec9005098c7d25742,medium_load/qos_only_baseline/seed_626669596,qos_only_baseline,qos_only,d4240f56141124ba8a4b07d5434f10cc42750fc65dc0efdd8e44c5ccab1f5656,0,medium_load,qos_only_baseline,626669596,77017,192,157,0,35,0.8177083333333334,0.0,5.233333333333333,5.471337579617835,10.0,1.15,8,73,11.941807777925835,0.19503970007500632,0.02626543209876543,0.6834962606621586,0.0,0.3439875849125075,0.05513238740586004,0.0,0.7666666666666667,0.8275862068965517,0.9090909090909091,68,5,213,0.3192488262910798,68,213,5,0.3192488262910798
1,selected_checkpoint_independent_validation_gate,58fd1e77faafefcb67631c3a568116ad60ce2ba3c90c12de1262d6a3709caaf6,153b5cd85305f3f4c9a03fd549eea3e06785a0d1a447b96ec9005098c7d25742,medium_load/qos_only_baseline/seed_626669596,qos_only_baseline,qos_only,d4240f56141124ba8a4b07d5434f10cc42750fc65dc0efdd8e44c5ccab1f5656,0,medium_load,qos_only_baseline,626669596,77018,192,161,0,31,0.8385416666666666,0.0,5.366666666666666,5.136645962732919,9.0,1.0583333333333333,7,72,13.1787239970216,0.18397414020923944,0.024104938271604936,0.6933177896577493,0.0,0.3587447884932405,0.05608907293462687,0.0,0.8333333333333334,0.8620689655172413,0.8125,67,5,225,0.29777777777777775,67,225,5,0.29777777777777775
1,selected_checkpoint_independent_validation_gate,58fd1e77faafefcb67631c3a568116ad60ce2ba3c90c12de1262d6a3709caaf6,153b5cd85305f3f4c9a03fd549eea3e06785a0d1a447b96ec9005098c7d25742,medium_load/qos_only_baseline/seed_626669596,qos_only_baseline,qos_only,d4240f56141124ba8a4b07d5434f10cc42750fc65dc0efdd8e44c5ccab1f5656,0,medium_load,qos_only_baseline,626669596,77019,192,152,1,39,0.7916666666666666,0.005208333333333333,5.066666666666666,5.868421052631579,10.0,1.2375,9,73,11.382502239647577,0.20181277157766642,0.02833333333333333,0.6928984369292338,0.0,0.34163910435969264,0.05647741016098418,0.0022222222222222222,0.8,0.8032786885245902,0.75,67,6,222,0.30180180180180183,67,222,6,0.30180180180180183
1,selected_checkpoint_independent_validation_gate,58fd1e77faafefcb67631c3a568116ad60ce2ba3c90c12de1262d6a3709caaf6,153b5cd85305f3f4c9a03fd549eea3e06785a0d1a447b96ec9005098c7d25742,medium_load/qos_only_baseline/seed_626669596,qos_only_baseline,qos_only,d4240f56141124ba8a4b07d5434f10cc42750fc65dc0efdd8e44c5ccab1f5656,0,medium_load,qos_only_baseline,626669596,77020,192,149,2,41,0.7760416666666666,0.010416666666666666,4.966666666666667,5.429530201342282,10.0,1.175,8,77,10.671258119030677,0.18525416642480744,0.02700617283950617,0.6760895688912506,0.0,0.3224133360046673,0.054436572497586294,0.004603174603174604,0.7777777777777778,0.7368421052631579,0.8333333333333334,70,7,215,0.32558139534883723,70,215,7,0.32558139534883723
1,selected_checkpoint_independent_validation_gate,58fd1e77faafefcb67631c3a568116ad60ce2ba3c90c12de1262d6a3709caaf6,153b5cd85305f3f4c9a03fd549eea3e06785a0d1a447b96ec9005098c7d25742,medium_load/qos_only_constrained/seed_626669596,qos_only_constrained,qos_only,8ce43da831d20dfbe8b4295f3f252f7a760dd519ceb97db874bd593bb9c7259f,0,medium_load,qos_only_constrained,626669596,77011,192,154,0,38,0.8020833333333334,0.0,5.133333333333334,5.967532467532467,10.0,1.2458333333333333,7,14,11.801864087439387,0.2060018579348782,0.028487654320987654,0.7021889957711954,0.0,0.34903178635376786,0.056572221574348686,0.0,0.7934782608695652,0.7794117647058824,0.875,12,2,218,0.05504587155963303,12,218,2,0.05504587155963303
1,selected_checkpoint_independent_validation_gate,58fd1e77faafefcb67631c3a568116ad60ce2ba3c90c12de1262d6a3709caaf6,153b5cd85305f3f4c9a03fd549eea3e06785a0d1a447b96ec9005098c7d25742,medium_load/qos_only_constrained/seed_626669596,qos_only_constrained,qos_only,8ce43da831d20dfbe8b4295f3f252f7a760dd519ceb97db874bd593bb9c7259f,0,medium_load,qos_only_constrained,626669596,77012,192,146,0,46,0.7604166666666666,0.0,4.866666666666666,6.308219178082192,12.0,1.35,11,17,10.165403666545329,0.22342401496548614,0.031049382716049387,0.7057028208527379,0.0,0.331692365368836,0.05704138629228073,0.0,0.7555555555555555,0.7307692307692307,0.8,11,6,243,0.04526748971193416,11,243,6,0.04526748971193416
1,selected_checkpoint_independent_validation_gate,58fd1e77faafefcb67631c3a568116ad60ce2ba3c90c12de1262d6a3709caaf6,153b5cd85305f3f4c9a03fd549eea3e06785a0d1a447b96ec9005098c7d25742,medium_load/qos_only_constrained/seed_626669596,qos_only_constrained,qos_only,8ce43da831d20dfbe8b4295f3f252f7a760dd519ceb97db874bd593bb9c7259f,0,medium_load,qos_only_constrained,626669596,77013,192,152,1,39,0.7916666666666666,0.005208333333333333,5.066666666666666,5.4868421052631575,11.0,1.1833333333333333,10,17,13.080209322176971,0.17757185966037659,0.027129629629629625,0.7044285824204007,0.0,0.3581940445175739,0.05900785261223789,0.0023809523809523807,0.7878787878787878,0.7346938775510204,0.8636363636363636,14,3,188,0.07446808510638298,14,188,3,0.07446808510638298
1,selected_checkpoint_independent_validation_gate,58fd1e77faafefcb67631c3a568116ad60ce2ba3c90c12de1262d6a3709caaf6,153b5cd85305f3f4c9a03fd549eea3e06785a0d1a447b96ec9005098c7d25742,medium_load/qos_only_constrained/seed_626669596,qos_only_constrained,qos_only,8ce43da831d20dfbe8b4295f3f252f7a760dd519ceb97db874bd593bb9c7259f,0,medium_load,qos_only_constrained,626669596,77014,192,141,1,50,0.734375,0.005208333333333333,4.7,6.333333333333333,11.0,1.3958333333333333,12,18,9.518008019437245,0.19961435209488496,0.032191358024691356,0.6967345543323502,0.0,0.3109072762749233,0.05585155993281147,0.00196078431372549,0.7422680412371134,0.7090909090909091,0.75,14,4,233,0.060085836909871244,14,233,4,0.060085836909871244
1,selected_checkpoint_independent_validation_gate,58fd1e77faafefcb67631c3a568116ad60ce2ba3c90c12de1262d6a3709caaf6,153b5cd85305f3f4c9a03fd549eea3e06785a0d1a447b96ec9005098c7d25742,medium_load/qos_only_constrained/seed_626669596,qos_only_constrained,qos_only,8ce43da831d20dfbe8b4295f3f252f7a760dd519ceb97db874bd593bb9c7259f,0,medium_load,qos_only_constrained,626669596,77015,192,153,0,39,0.796875,0.0,5.1,5.522875816993464,9.0,1.1694444444444445,10,18,11.84544062531185,0.1900077896303987,0.026820987654320987,0.7094675374638938,0.0,0.341441612939291,0.056238715346087334,0.0,0.7666666666666667,0.7719298245614035,0.8888888888888888,14,4,229,0.0611353711790393,14,229,4,0.0611353711790393
1,selected_checkpoint_independent_validation_gate,58fd1e77faafefcb67631c3a568116ad60ce2ba3c90c12de1262d6a3709caaf6,153b5cd85305f3f4c9a03fd549eea3e06785a0d1a447b96ec9005098c7d25742,medium_load/qos_only_constrained/seed_626669596,qos_only_constrained,qos_only,8ce43da831d20dfbe8b4295f3f252f7a760dd519ceb97db874bd593bb9c7259f,0,medium_load,qos_only_constrained,626669596,77016,192,161,0,31,0.8385416666666666,0.0,5.366666666666666,5.341614906832298,9.0,1.1097222222222223,8,5,14.1718397547336,0.18161620001635959,0.02524691358024692,0.7202707640267778,0.0,0.3760554423789718,0.05875418983588613,0.0,0.8387096774193549,0.8095238095238095,0.8888888888888888,5,0,211,0.023696682464454975,5,211,0,0.023696682464454975
1,selected_checkpoint_independent_validation_gate,58fd1e77faafefcb67631c3a568116ad60ce2ba3c90c12de1262d6a3709caaf6,153b5cd85305f3f4c9a03fd549eea3e06785a0d1a447b96ec9005098c7d25742,medium_load/qos_only_constrained/seed_626669596,qos_only_constrained,qos_only,8ce43da831d20dfbe8b4295f3f252f7a760dd519ceb97db874bd593bb9c7259f,0,medium_load,qos_only_constrained,626669596,77017,192,158,0,34,0.8229166666666666,0.0,5.266666666666667,5.120253164556962,10.0,1.1027777777777779,11,11,12.18353281887391,0.18465334765975208,0.02518518518518518,0.6894504769740865,0.0,0.3426601792313867,0.05456054328334104,0.0,0.7888888888888889,0.8275862068965517,0.8863636363636364,5,6,218,0.022935779816513763,5,218,6,0.022935779816513763
1,selected_checkpoint_independent_validation_gate,58fd1e77faafefcb67631c3a568116ad60ce2ba3c90c12de1262d6a3709caaf6,153b5cd85305f3f4c9a03fd549eea3e06785a0d1a447b96ec9005098c7d25742,medium_load/qos_only_constrained/seed_626669596,qos_only_constrained,qos_only,8ce43da831d20dfbe8b4295f3f252f7a760dd519ceb97db874bd593bb9c7259f,0,medium_load,qos_only_constrained,626669596,77018,192,158,0,34,0.8229166666666666,0.0,5.266666666666667,5.120253164556962,9.0,1.0791666666666666,9,17,12.651209547151709,0.18444805376608964,0.02466049382716049,0.7050633383370811,0.0,0.3510208106879933,0.05651853809403587,0.0,0.803921568627451,0.8793103448275862,0.78125,11,6,224,0.049107142857142856,11,224,6,0.049107142857142856
1,selected_checkpoint_independent_validation_gate,58fd1e77faafefcb67631c3a568116ad60ce2ba3c90c12de1262d6a3709caaf6,153b5cd85305f3f4c9a03fd549eea3e06785a0d1a447b96ec9005098c7d25742,medium_load/qos_only_constrained/seed_626669596,qos_only_constrained,qos_only,8ce43da831d20dfbe8b4295f3f252f7a760dd519ceb97db874bd593bb9c7259f,0,medium_load,qos_only_constrained,626669596,77019,192,150,2,40,0.78125,0.010416666666666666,5.0,5.98,10.0,1.2680555555555555,11,14,10.779864952244644,0.2052553008899791,0.029043209876543206,0.697176235535162,0.0,0.33659624689036455,0.05656169694511009,0.005,0.7894736842105263,0.7868852459016393,0.75,13,1,226,0.05752212389380531,13,226,1,0.05752212389380531
1,selected_checkpoint_independent_validation_gate,58fd1e77faafefcb67631c3a568116ad60ce2ba3c90c12de1262d6a3709caaf6,153b5cd85305f3f4c9a03fd549eea3e06785a0d1a447b96ec9005098c7d25742,medium_load/qos_only_constrained/seed_626669596,qos_only_constrained,qos_only,8ce43da831d20dfbe8b4295f3f252f7a760dd519ceb97db874bd593bb9c7259f,0,medium_load,qos_only_constrained,626669596,77020,192,148,2,42,0.7708333333333334,0.010416666666666666,4.933333333333334,5.641891891891892,10.650000000000006,1.2208333333333334,10,15,10.703469867051076,0.19179684448241144,0.028055555555555552,0.6861626238112624,0.0,0.3277232217673395,0.055501530685839635,0.005128205128205128,0.7575757575757576,0.7719298245614035,0.8055555555555556,14,1,205,0.06829268292682927,14,205,1,0.06829268292682927
1,selected_checkpoint_independent_validation_gate,58fd1e77faafefcb67631c3a568116ad60ce2ba3c90c12de1262d6a3709caaf6,153b5cd85305f3f4c9a03fd549eea3e06785a0d1a447b96ec9005098c7d25742,medium_load/reward_shaped_control/seed_626669596,reward_shaped_control,proposed,285700103869bcaaa0d716cc3665465c0ca19bec52eb9f4665d02b3942adcaf1,0,medium_load,reward_shaped_control,626669596,77011,192,155,1,36,0.8072916666666666,0.005208333333333333,5.166666666666667,5.974193548387097,10.0,1.2555555555555555,8,23,10.988707030923822,0.20618728275881457,0.028641975308641973,0.687748811134941,0.04806265758665139,0.3414932677974474,0.05504321890511051,0.0018518518518518517,0.7934782608695652,0.7941176470588235,0.875,23,0,224,0.10267857142857142,23,224,0,0.10267857142857142
1,selected_checkpoint_independent_validation_gate,58fd1e77faafefcb67631c3a568116ad60ce2ba3c90c12de1262d6a3709caaf6,153b5cd85305f3f4c9a03fd549eea3e06785a0d1a447b96ec9005098c7d25742,medium_load/reward_shaped_control/seed_626669596,reward_shaped_control,proposed,285700103869bcaaa0d716cc3665465c0ca19bec52eb9f4665d02b3942adcaf1,0,medium_load,reward_shaped_control,626669596,77012,192,149,0,43,0.7760416666666666,0.0,4.966666666666667,6.073825503355705,10.599999999999994,1.2944444444444445,9,48,9.649944042371438,0.216288557638059,0.029722222222222223,0.6987741330954588,0.10217201500483235,0.3288080605611565,0.05573167983582727,0.0,0.7666666666666667,0.75,0.82,38,10,249,0.15261044176706828,38,249,10,0.15261044176706828
1,selected_checkpoint_independent_validation_gate,58fd1e77faafefcb67631c3a568116ad60ce2ba3c90c12de1262d6a3709caaf6,153b5cd85305f3f4c9a03fd549eea3e06785a0d1a447b96ec9005098c7d25742,medium_load/reward_shaped_control/seed_626669596,reward_shaped_control,proposed,285700103869bcaaa0d716cc3665465c0ca19bec52eb9f4665d02b3942adcaf1,0,medium_load,reward_shaped_control,626669596,77013,192,158,0,34,0.8229166666666666,0.0,5.266666666666667,5.550632911392405,11.0,1.1666666666666667,8,19,13.335723905961999,0.18208087513583218,0.026604938271604935,0.7002007511762136,0.043983221943748256,0.3662624144860987,0.058191535139769254,0.0,0.8181818181818182,0.7959183673469388,0.8636363636363636,16,3,200,0.08,16,200,3,0.08
1,selected_checkpoint_independent_validation_gate,58fd1e77faafefcb67631c3a568116ad60ce2ba3c90c12de1262d6a3709caaf6,153b5cd85305f3f4c9a03fd549eea3e06785a0d1a447b96ec9005098c7d25742,medium_load/reward_shaped_control/seed_626669596,reward_shaped_control,proposed,285700103869bcaaa0d716cc3665465c0ca19bec52eb9f4665d02b3942adcaf1,0,medium_load,reward_shaped_control,626669596,77014,192,143,1,48,0.7447916666666666,0.005208333333333333,4.766666666666667,6.174825174825175,11.0,1.3402777777777777,11,35,9.338330981419181,0.19968583309087323,0.03089506172839506,0.7000355336533102,0.07175911778852954,0.31474375283585815,0.0553097826699956,0.00196078431372549,0.7628865979381443,0.7090909090909091,0.75,25,10,238,0.10504201680672269,25,238,10,0.10504201680672269
1,selected_checkpoint_independent_validation_gate,58fd1e77faafefcb67631c3a568116ad60ce2ba3c90c12de1262d6a3709caaf6,153b5cd85305f3f4c9a03fd549eea3e06785a0d1a447b96ec9005098c7d25742,medium_load/reward_shaped_control/seed_626669596,reward_shaped_control,proposed,285700103869bcaaa0d716cc3665465c0ca19bec52eb9f4665d02b3942adcaf1,0,medium_load,reward_shaped_control,626669596,77015,192,160,0,32,0.8333333333333334,0.0,5.333333333333333,5.3375,9.0,1.1055555555555556,6,33,12.10921582120839,0.18527940121416084,0.025185185185185192,0.7044562251465013,0.07007058086392452,0.3495219443439258,0.05516073264494535,0.0,0.8444444444444444,0.7719298245614035,0.8888888888888888,23,10,228,0.10087719298245613,23,228,10,0.10087719298245613
1,selected_checkpoint_independent_validation_gate,58fd1e77faafefcb67631c3a568116ad60ce2ba3c90c12de1262d6a3709caaf6,153b5cd85305f3f4c9a03fd549eea3e06785a0d1a447b96ec9005098c7d25742,medium_load/reward_shaped_control/seed_626669596,reward_shaped_control,proposed,285700103869bcaaa0d716cc3665465c0ca19bec52eb9f4665d02b3942adcaf1,0,medium_load,reward_shaped_control,626669596,77016,192,163,0,29,0.8489583333333334,0.0,5.433333333333334,5.2024539877300615,8.900000000000006,1.0722222222222222,6,26,13.904064002425695,0.18158673053055496,0.024351851851851857,0.7123155255704708,0.05810836480341123,0.37661890082168725,0.05847564032752224,0.0,0.8279569892473119,0.8253968253968254,0.9444444444444444,20,6,206,0.0970873786407767,20,206,6,0.0970873786407767
1,selected_checkpoint_independent_validation_gate,58fd1e77faafefcb67631c3a568116ad60ce2ba3c90c12de1262d6a3709caaf6,153b5cd85305f3f4c9a03fd549eea3e06785a0d1a447b96ec9005098c7d25742,medium_load/reward_shaped_control/seed_626669596,reward_shaped_control,proposed,285700103869bcaaa0d716cc3665465c0ca19bec52eb9f4665d02b3942adcaf1,0,medium_load,reward_shaped_control,626669596,77017,192,154,3,35,0.8020833333333334,0.015625,5.133333333333334,5.324675324675325,10.0,1.1444444444444444,8,27,10.939440415461116,0.18575640161945417,0.026141975308641974,0.6823944067319958,0.05707280865562599,0.3341066010299757,0.05476498058202006,0.00588235294117647,0.7666666666666667,0.7931034482758621,0.8863636363636364,19,8,221,0.08597285067873303,19,221,8,0.08597285067873303
1,selected_checkpoint_independent_validation_gate,58fd1e77faafefcb67631c3a568116ad60ce2ba3c90c12de1262d6a3709caaf6,153b5cd85305f3f4c9a03fd549eea3e06785a0d1a447b96ec9005098c7d25742,medium_load/reward_shaped_control/seed_626669596,reward_shaped_control,proposed,285700103869bcaaa0d716cc3665465c0ca19bec52eb9f4665d02b3942adcaf1,0,medium_load,reward_shaped_control,626669596,77018,192,154,2,36,0.8020833333333334,0.010416666666666666,5.133333333333334,5.14935064935065,10.0,1.113888888888889,10,33,11.133892560010247,0.18625803722046627,0.025493827160493823,0.6919136784937892,0.07343185609826476,0.3382255191775316,0.05584099130479129,0.004603174603174604,0.7941176470588235,0.8103448275862069,0.8125,21,12,218,0.0963302752293578,21,218,12,0.0963302752293578
1,selected_checkpoint_independent_validation_gate,58fd1e77faafefcb67631c3a568116ad60ce2ba3c90c12de1262d6a3709caaf6,153b5cd85305f3f4c9a03fd549eea3e06785a0d1a447b96ec9005098c7d25742,medium_load/reward_shaped_control/seed_626669596,reward_shaped_control,proposed,285700103869bcaaa0d716cc3665465c0ca19bec52eb9f4665d02b3942adcaf1,0,medium_load,reward_shaped_control,626669596,77019,192,150,2,40,0.78125,0.010416666666666666,5.0,5.74,10.0,1.2208333333333334,11,29,10.636304234001955,0.20262711619831905,0.027993827160493825,0.7001773268581335,0.06289089994972348,0.3382108740932271,0.05649072006139035,0.004305555555555555,0.7894736842105263,0.7868852459016393,0.75,23,6,222,0.1036036036036036,23,222,6,0.1036036036036036
1,selected_checkpoint_independent_validation_gate,58fd1e77faafefcb67631c3a568116ad60ce2ba3c90c12de1262d6a3709caaf6,153b5cd85305f3f4c9a03fd549eea3e06785a0d1a447b96ec9005098c7d25742,medium_load/reward_shaped_control/seed_626669596,reward_shaped_control,proposed,285700103869bcaaa0d716cc3665465c0ca19bec52eb9f4665d02b3942adcaf1,0,medium_load,reward_shaped_control,626669596,77020,192,149,2,41,0.7760416666666666,0.010416666666666666,4.966666666666667,5.4630872483221475,10.0,1.198611111111111,8,26,10.628823819851162,0.1868959353923071,0.02753086419753086,0.68274924206708,0.054903316927310736,0.32844818966723,0.05537148774696843,0.0044444444444444444,0.7575757575757576,0.7719298245614035,0.8333333333333334,25,1,213,0.11737089201877934,25,213,1,0.11737089201877934
1,selected_checkpoint_independent_validation_gate,58fd1e77faafefcb67631c3a568116ad60ce2ba3c90c12de1262d6a3709caaf6,153b5cd85305f3f4c9a03fd549eea3e06785a0d1a447b96ec9005098c7d25742,medium_load/qos_only_baseline/seed_746965870,qos_only_baseline,qos_only,f2519423b1748f16050dab358b3a84e30cba8425ae4faa8ed4e1fe9c5eb0b101,0,medium_load,qos_only_baseline,746965870,77011,192,151,3,38,0.7864583333333334,0.015625,5.033333333333333,5.8344370860927155,10.0,1.2513888888888889,7,62,9.759609297129542,0.20411145646828321,0.028611111111111108,0.67688920564426,0.0,0.31899236370211603,0.053469464501106935,0.0063141025641025635,0.782608695652174,0.75,0.875,49,13,225,0.21777777777777776,49,225,13,0.21777777777777776
1,selected_checkpoint_independent_validation_gate,58fd1e77faafefcb67631c3a568116ad60ce2ba3c90c12de1262d6a3709caaf6,153b5cd85305f3f4c9a03fd549eea3e06785a0d1a447b96ec9005098c7d25742,medium_load/qos_only_baseline/seed_746965870,qos_only_baseline,qos_only,f2519423b1748f16050dab358b3a84e30cba8425ae4faa8ed4e1fe9c5eb0b101,0,medium_load,qos_only_baseline,746965870,77012,192,146,0,46,0.7604166666666666,0.0,4.866666666666666,6.171232876712328,10.75,1.3166666666666667,7,94,8.726801665885423,0.22069193121704841,0.030308641975308647,0.6871555798403776,0.0,0.30492196271221045,0.05296133780240238,0.0,0.7444444444444445,0.7115384615384616,0.84,75,19,256,0.29296875,75,256,19,0.29296875
1,selected_checkpoint_independent_validation_gate,58fd1e77faafefcb67631c3a568116ad60ce2ba3c90c12de1262d6a3709caaf6,153b5cd85305f3f4c9a03fd549eea3e06785a0d1a447b96ec9005098c7d25742,medium_load/qos_only_baseline/seed_746965870,qos_only_baseline,qos_only,f2519423b1748f16050dab358b3a84e30cba8425ae4faa8ed4e1fe9c5eb0b101,0,medium_load,qos_only_baseline,746965870,77013,192,155,1,36,0.8072916666666666,0.005208333333333333,5.166666666666667,5.638709677419355,11.0,1.1847222222222222,8,71,11.749095463984718,0.18149406262486967,0.027067901234567895,0.6820197172701591,0.0,0.3363271675578177,0.05500797643271563,0.0020833333333333333,0.8080808080808081,0.7551020408163265,0.8636363636363636,52,19,211,0.24644549763033174,52,211,19,0.24644549763033174
1,selected_checkpoint_independent_validation_gate,58fd1e77faafefcb67631c3a568116ad60ce2ba3c90c12de1262d6a3709caaf6,153b5cd85305f3f4c9a03fd549eea3e06785a0d1a447b96ec9005098c7d25742,medium_load/qos_only_baseline/seed_746965870,qos_only_baseline,qos_only,f2519423b1748f16050dab358b3a84e30cba8425ae4faa8ed4e1fe9c5eb0b101,0,medium_load,qos_only_baseline,746965870,77014,192,142,0,50,0.7395833333333334,0.0,4.733333333333333,6.26056338028169,11.0,1.3569444444444445,8,89,8.799328489501082,0.2046573205108146,0.03132716049382716,0.6800617771581681,0.0,0.29817717041014247,0.0531816454855586,0.0,0.7422680412371134,0.7090909090909091,0.775,68,21,237,0.2869198312236287,68,237,21,0.2869198312236287
1,selected_checkpoint_independent_validation_gate,58fd1e77faafefcb67631c3a568116ad60ce2ba3c90c12de1262d6a3709caaf6,153b5cd85305f3f4c9a03fd549eea3e06785a0d1a447b96ec9005098c7d25742,medium_load/qos_only_baseline/seed_746965870,qos_only_baseline,qos_only,f2519423b1748f16050dab358b3a84e30cba8425ae4faa8ed4e1fe9c5eb0b101,0,medium_load,qos_only_baseline,746965870,77015,192,157,0,35,0.8177083333333334,0.0,5.233333333333333,5.452229299363057,10.0,1.1375,6,72,11.642391436577615,0.18932121821392414,0.025987654320987652,0.6946982064071306,0.0,0.3365402058668313,0.05419534869647946,0.0,0.8111111111111111,0.7543859649122807,0.9111111111111111,55,17,227,0.2422907488986784,55,227,17,0.2422907488986784
1,selected_checkpoint_independent_validation_gate,58fd1e77faafefcb67631c3a568116ad60ce2ba3c90c12de1262d6a3709caaf6,153b5cd85305f3f4c9a03fd549eea3e06785a0d1a447b96ec9005098c7d25742,medium_load/qos_only_baseline/seed_746965870,qos_only_baseline,qos_only,f2519423b1748f16050dab358b3a84e30cba8425ae4faa8ed4e1fe9c5eb0b101,0,medium_load,qos_only_baseline,746965870,77016,192,159,0,33,0.828125,0.0,5.3,5.270440251572327,9.0,1.1,7,48,13.092930204262084,0.18552711286775686,0.025092592592592593,0.6992753674006463,0.0,0.35880697848190113,0.05654226473170536,0.0,0.8172043010752689,0.8253968253968254,0.8611111111111112,40,8,207,0.1932367149758454,40,207,8,0.1932367149758454
1,selected_checkpoint_independent_validation_gate,58fd1e77faafefcb67631c3a568116ad60ce2ba3c90c12de1262d6a3709caaf6,153b5cd85305f3f4c9a03fd549eea3e06785a0d1a447b96ec9005098c7d25742,medium_load/qos_only_baseline/seed_746965870,qos_only_baseline,qos_only,f2519423b1748f16050dab358b3a84e30cba8425ae4faa8ed4e1fe9c5eb0b101,0,medium_load,qos_only_baseline,746965870,77017,192,151,5,36,0.7864583333333334,0.026041666666666668,5.033333333333333,5.3907284768211925,9.0,1.1708333333333334,7,76,9.922167602702121,0.18681146937341794,0.02675925925925926,0.6584875540726955,0.0,0.3146667006883725,0.052544032781459686,0.009636222910216718,0.8,0.7068965517241379,0.8636363636363636,56,20,228,0.24561403508771928,56,228,20,0.24561403508771928
1,selected_checkpoint_independent_validation_gate,58fd1e77faafefcb67631c3a568116ad60ce2ba3c90c12de1262d6a3709caaf6,153b5cd85305f3f4c9a03fd549eea3e06785a0d1a447b96ec9005098c7d25742,medium_load/qos_only_baseline/seed_746965870,qos_only_baseline,qos_only,f2519423b1748f16050dab358b3a84e30cba8425ae4faa8ed4e1fe9c5eb0b101,0,medium_load,qos_only_baseline,746965870,77018,192,154,1,37,0.8020833333333334,0.005208333333333333,5.133333333333334,5.233766233766234,9.0,1.136111111111111,6,68,11.520034590706288,0.18559102033332245,0.026018518518518514,0.6822962992101445,0.0,0.3342692819163407,0.05457501295542487,0.0022222222222222222,0.7941176470588235,0.8275862068965517,0.78125,50,18,218,0.22935779816513763,50,218,18,0.22935779816513763
1,selected_checkpoint_independent_validation_gate,58fd1e77faafefcb67631c3a568116ad60ce2ba3c90c12de1262d6a3709caaf6,153b5cd85305f3f4c9a03fd549eea3e06785a0d1a447b96ec9005098c7d25742,medium_load/qos_only_baseline/seed_746965870,qos_only_baseline,qos_only,f2519423b1748f16050dab358b3a84e30cba8425ae4faa8ed4e1fe9c5eb0b101,0,medium_load,qos_only_baseline,746965870,77019,192,150,1,41,0.78125,0.005208333333333333,5.0,5.806666666666667,10.0,1.2236111111111112,9,72,10.33724187536331,0.20498481877943506,0.028086419753086418,0.6790198472220165,0.0,0.3245445501637452,0.05454728140903949,0.0018518518518518517,0.7789473684210526,0.8032786885245902,0.75,60,12,235,0.2553191489361702,60,235,12,0.2553191489361702
1,selected_checkpoint_independent_validation_gate,58fd1e77faafefcb67631c3a568116ad60ce2ba3c90c12de1262d6a3709caaf6,153b5cd85305f3f4c9a03fd549eea3e06785a0d1a447b96ec9005098c7d25742,medium_load/qos_only_baseline/seed_746965870,qos_only_baseline,qos_only,f2519423b1748f16050dab358b3a84e30cba8425ae4faa8ed4e1fe9c5eb0b101,0,medium_load,qos_only_baseline,746965870,77020,192,148,3,41,0.7708333333333334,0.015625,4.933333333333334,5.668918918918919,10.0,1.2444444444444445,8,67,9.97948150437352,0.1921038147711546,0.028549382716049385,0.6760829260658885,0.0,0.31605841211878366,0.05341753133792927,0.005787037037037037,0.7575757575757576,0.7543859649122807,0.8333333333333334,56,11,209,0.2679425837320574,56,209,11,0.2679425837320574
1,selected_checkpoint_independent_validation_gate,58fd1e77faafefcb67631c3a568116ad60ce2ba3c90c12de1262d6a3709caaf6,153b5cd85305f3f4c9a03fd549eea3e06785a0d1a447b96ec9005098c7d25742,medium_load/qos_only_constrained/seed_746965870,qos_only_constrained,qos_only,4527cee3234b0adcd9d7ec0cc223309df2959e84ca30b560d4ad2a4bd4928dc8,0,medium_load,qos_only_constrained,746965870,77011,192,154,2,36,0.8020833333333334,0.010416666666666666,5.133333333333334,5.766233766233766,10.0,1.2277777777777779,11,12,11.459362716383243,0.19716004795832928,0.028024691358024687,0.6927626616329811,0.0,0.3423776006128948,0.05587043471634138,0.004166666666666667,0.8152173913043478,0.75,0.875,10,2,222,0.04504504504504504,10,222,2,0.04504504504504504
1,selected_checkpoint_independent_validation_gate,58fd1e77faafefcb67631c3a568116ad60ce2ba3c90c12de1262d6a3709caaf6,153b5cd85305f3f4c9a03fd549eea3e06785a0d1a447b96ec9005098c7d25742,medium_load/qos_only_constrained/seed_746965870,qos_only_constrained,qos_only,4527cee3234b0adcd9d7ec0cc223309df2959e84ca30b560d4ad2a4bd4928dc8,0,medium_load,qos_only_constrained,746965870,77012,192,148,1,43,0.7708333333333334,0.005208333333333333,4.933333333333334,6.033783783783784,9.650000000000006,1.2805555555555554,10,16,10.393095502166627,0.21015936251222717,0.02941358024691359,0.7037899414075572,0.0,0.3300229236993944,0.05618541181936299,0.00196078431372549,0.7777777777777778,0.7115384615384616,0.82,13,3,247,0.05263157894736842,13,247,3,0.05263157894736842
1,selected_checkpoint_independent_validation_gate,58fd1e77faafefcb67631c3a568116ad60ce2ba3c90c12de1262d6a3709caaf6,153b5cd85305f3f4c9a03fd549eea3e06785a0d1a447b96ec9005098c7d25742,medium_load/qos_only_constrained/seed_746965870,qos_only_constrained,qos_only,4527cee3234b0adcd9d7ec0cc223309df2959e84ca30b560d4ad2a4bd4928dc8,0,medium_load,qos_only_constrained,746965870,77013,192,157,0,35,0.8177083333333334,0.0,5.233333333333333,5.445859872611465,11.0,1.1458333333333333,9,15,13.3599836841426,0.17858857648287252,0.026172839506172843,0.7021004998876964,0.0,0.36042975815034645,0.057898287526924504,0.0,0.8181818181818182,0.7755102040816326,0.8636363636363636,11,4,201,0.05472636815920398,11,201,4,0.05472636815920398
1,selected_checkpoint_independent_validation_gate,58fd1e77faafefcb67631c3a568116ad60ce2ba3c90c12de1262d6a3709caaf6,153b5cd85305f3f4c9a03fd549eea3e06785a0d1a447b96ec9005098c7d25742,medium_load/qos_only_constrained/seed_746965870,qos_only_constrained,qos_only,4527cee3234b0adcd9d7ec0cc223309df2959e84ca30b560d4ad2a4bd4928dc8,0,medium_load,qos_only_constrained,746965870,77014,192,142,2,48,0.7395833333333334,0.010416666666666666,4.733333333333333,6.204225352112676,10.0,1.35,10,19,9.431781189957968,0.20022267902667618,0.03111111111111111,0.7012033734101675,0.0,0.31195004857543557,0.05592012173001248,0.0043417366946778705,0.7628865979381443,0.7090909090909091,0.725,14,5,229,0.0611353711790393,14,229,5,0.0611353711790393
1,selected_checkpoint_independent_validation_gate,58fd1e77faafefcb67631c3a568116ad60ce2ba3c90c12de1262d6a3709caaf6,153b5cd85305f3f4c9a03fd549eea3e06785a0d1a447b96ec9005098c7d25742,medium_load/qos_only_constrained/seed_746965870,qos_only_constrained,qos_only,4527cee3234b0adcd9d7ec0cc223309df2959e84ca30b560d4ad2a4bd4928dc8,0,medium_load,qos_only_constrained,746965870,77015,192,157,0,35,0.8177083333333334,0.0,5.233333333333333,5.585987261146497,9.0,1.1555555555555554,8,17,13.04779201383231,0.18582036222797077,0.026388888888888892,0.7092186471391845,0.0,0.35925014012475315,0.057205417354290085,0.0,0.8111111111111111,0.7719298245614035,0.8888888888888888,13,4,216,0.06018518518518518,13,216,4,0.06018518518518518
1,selected_checkpoint_independent_validation_gate,58fd1e77faafefcb67631c3a568116ad60ce2ba3c90c12de1262d6a3709caaf6,153b5cd85305f3f4c9a03fd549eea3e06785a0d1a447b96ec9005098c7d25742,medium_load/qos_only_constrained/seed_746965870,qos_only_constrained,qos_only,4527cee3234b0adcd9d7ec0cc223309df2959e84ca30b560d4ad2a4bd4928dc8,0,medium_load,qos_only_constrained,746965870,77016,192,165,0,27,0.859375,0.0,5.5,5.121212121212121,8.0,1.0555555555555556,6,6,14.395934710080407,0.1779119870694582,0.023919753086419755,0.7127049733394649,0.0,0.3769624139477081,0.057420506868620186,0.0,0.8494623655913979,0.8412698412698413,0.9166666666666666,6,0,218,0.027522935779816515,6,218,0,0.027522935779816515
1,selected_checkpoint_independent_validation_gate,58fd1e77faafefcb67631c3a568116ad60ce2ba3c90c12de1262d6a3709caaf6,153b5cd85305f3f4c9a03fd549eea3e06785a0d1a447b96ec9005098c7d25742,medium_load/qos_only_constrained/seed_746965870,qos_only_constrained,qos_only,4527cee3234b0adcd9d7ec0cc223309df2959e84ca30b560d4ad2a4bd4928dc8,0,medium_load,qos_only_constrained,746965870,77017,192,157,1,34,0.8177083333333334,0.005208333333333333,5.233333333333333,5.388535031847134,9.0,1.1388888888888888,9,11,12.2145920748876,0.1880938083906864,0.025987654320987652,0.6893040516221454,0.0,0.3470360318502734,0.05595885598111019,0.0017543859649122805,0.7666666666666667,0.8275862068965517,0.9090909090909091,11,0,215,0.05116279069767442,11,215,0,0.05116279069767442
1,selected_checkpoint_independent_validation_gate,58fd1e77faafefcb67631c3a568116ad60ce2ba3c90c12de1262d6a3709caaf6,153b5cd85305f3f4c9a03fd549eea3e06785a0d1a447b96ec9005098c7d25742,medium_load/qos_only_constrained/seed_746965870,qos_only_constrained,qos_only,4527cee3234b0adcd9d7ec0cc223309df2959e84ca30b560d4ad2a4bd4928dc8,0,medium_load,qos_only_constrained,746965870,77018,192,158,0,34,0.8229166666666666,0.0,5.266666666666667,5.208860759493671,9.0,1.0930555555555554,7,19,12.784738314692833,0.18402496680280755,0.024969135802469133,0.7025528494663319,0.0,0.35304768488592025,0.05681865557329914,0.0,0.803921568627451,0.8620689655172413,0.8125,12,7,218,0.05504587155963303,12,218,7,0.05504587155963303
1,selected_checkpoint_independent_validation_gate,58fd1e77faafefcb67631c3a568116ad60ce2ba3c90c12de1262d6a3709caaf6,153b5cd85305f3f4c9a03fd549eea3e06785a0d1a447b96ec9005098c7d25742,medium_load/qos_only_constrained/seed_746965870,qos_only_constrained,qos_only,4527cee3234b0adcd9d7ec0cc223309df2959e84ca30b560d4ad2a4bd4928dc8,0,medium_load,qos_only_constrained,746965870,77019,192,151,1,40,0.7864583333333334,0.005208333333333333,5.033333333333333,5.662251655629139,10.0,1.1833333333333333,10,12,11.596251529554896,0.19889025903703808,0.027160493827160497,0.7063980333577479,0.0,0.3443349280578383,0.057414759011002875,0.002564102564102564,0.7789473684210526,0.8032786885245902,0.7777777777777778,11,1,222,0.04954954954954955,11,222,1,0.04954954954954955
1,selected_checkpoint_independent_validation_gate,58fd1e77faafefcb67631c3a568116ad60ce2ba3c90c12de1262d6a3709caaf6,153b5cd85305f3f4c9a03fd549eea3e06785a0d1a447b96ec9005098c7d25742,medium_load/qos_only_constrained/seed_746965870,qos_only_constrained,qos_only,4527cee3234b0adcd9d7ec0cc223309df2959e84ca30b560d4ad2a4bd4928dc8,0,medium_load,qos_only_constrained,746965870,77020,192,150,1,41,0.78125,0.005208333333333333,5.0,5.626666666666667,10.0,1.2041666666666666,10,14,10.609406999815368,0.19984104328675142,0.027654320987654316,0.6895714278461902,0.0,0.32744179295649894,0.055531382957534924,0.0023809523809523807,0.7373737373737373,0.7894736842105263,0.8888888888888888,13,1,211,0.061611374407582936,13,211,1,0.061611374407582936
1,selected_checkpoint_independent_validation_gate,58fd1e77faafefcb67631c3a568116ad60ce2ba3c90c12de1262d6a3709caaf6,153b5cd85305f3f4c9a03fd549eea3e06785a0d1a447b96ec9005098c7d25742,medium_load/reward_shaped_control/seed_746965870,reward_shaped_control,proposed,9fff919fd68c8e0fdfe0afc2a27ed5c4db1831df1bfe9c456f940e601e8bd328,0,medium_load,reward_shaped_control,746965870,77011,192,159,1,32,0.828125,0.005208333333333333,5.3,5.754716981132075,9.0,1.211111111111111,8,37,11.302111966634813,0.19835877944137373,0.027530864197530865,0.6934310982401638,0.07647459838636309,0.34583396178984416,0.054649132800628206,0.0022222222222222222,0.8260869565217391,0.7941176470588235,0.90625,36,1,231,0.15584415584415584,36,231,1,0.15584415584415584
1,selected_checkpoint_independent_validation_gate,58fd1e77faafefcb67631c3a568116ad60ce2ba3c90c12de1262d6a3709caaf6,153b5cd85305f3f4c9a03fd549eea3e06785a0d1a447b96ec9005098c7d25742,medium_load/reward_shaped_control/seed_746965870,reward_shaped_control,proposed,9fff919fd68c8e0fdfe0afc2a27ed5c4db1831df1bfe9c456f940e601e8bd328,0,medium_load,reward_shaped_control,746965870,77012,192,151,0,41,0.7864583333333334,0.0,5.033333333333333,5.874172185430464,10.0,1.2305555555555556,8,47,10.235107406391895,0.21229338533558745,0.028240740740740736,0.7034895404930864,0.10229699752145574,0.3362510285265703,0.05637478691630936,0.0,0.7888888888888889,0.7307692307692307,0.84,46,1,246,0.18699186991869918,46,246,1,0.18699186991869918
1,selected_checkpoint_independent_validation_gate,58fd1e77faafefcb67631c3a568116ad60ce2ba3c90c12de1262d6a3709caaf6,153b5cd85305f3f4c9a03fd549eea3e06785a0d1a447b96ec9005098c7d25742,medium_load/reward_shaped_control/seed_746965870,reward_shaped_control,proposed,9fff919fd68c8e0fdfe0afc2a27ed5c4db1831df1bfe9c456f940e601e8bd328,0,medium_load,reward_shaped_control,746965870,77013,192,156,1,35,0.8125,0.005208333333333333,5.2,5.653846153846154,10.0,1.1736111111111112,8,32,12.802478209529234,0.18492202030758273,0.026790123456790122,0.7086911997876347,0.07176462082808834,0.36433333994866507,0.05896798584515131,0.0022222222222222222,0.8282828282828283,0.7142857142857143,0.8863636363636364,32,0,193,0.16580310880829016,32,193,0,0.16580310880829016
1,selected_checkpoint_independent_validation_gate,58fd1e77faafefcb67631c3a568116ad60ce2ba3c90c12de1262d6a3709caaf6,153b5cd85305f3f4c9a03fd549eea3e06785a0d1a447b96ec9005098c7d25742,medium_load/reward_shaped_control/seed_746965870,reward_shaped_control,proposed,9fff919fd68c8e0fdfe0afc2a27ed5c4db1831df1bfe9c456f940e601e8bd328,0,medium_load,reward_shaped_control,746965870,77014,192,147,2,43,0.765625,0.010416666666666666,4.9,5.979591836734694,10.699999999999989,1.2902777777777779,9,47,9.863337894556512,0.1969421217204107,0.029629629629629627,0.702579756996037,0.1056137326725562,0.3274429900165195,0.056158940906505445,0.004232804232804232,0.7938144329896907,0.7272727272727273,0.75,44,3,228,0.19298245614035087,44,228,3,0.19298245614035087
1,selected_checkpoint_independent_validation_gate,58fd1e77faafefcb67631c3a568116ad60ce2ba3c90c12de1262d6a3709caaf6,153b5cd85305f3f4c9a03fd549eea3e06785a0d1a447b96ec9005098c7d25742,medium_load/reward_shaped_control/seed_746965870,reward_shaped_control,proposed,9fff919fd68c8e0fdfe0afc2a27ed5c4db1831df1bfe9c456f940e601e8bd328,0,medium_load,reward_shaped_control,746965870,77015,192,155,0,37,0.8072916666666666,0.0,5.166666666666667,5.703225806451613,10.0,1.176388888888889,7,44,11.604750898330188,0.19431714638177192,0.026913580246913576,0.6995877720567124,0.09726328138092846,0.3488524084847615,0.05620342964023444,0.0,0.8111111111111111,0.7719298245614035,0.8444444444444444,42,2,231,0.18181818181818182,42,231,2,0.18181818181818182
1,selected_checkpoint_independent_validation_gate,58fd1e77faafefcb67631c3a568116ad60ce2ba3c90c12de1262d6a3709caaf6,153b5cd85305f3f4c9a03fd549eea3e06785a0d1a447b96ec9005098c7d25742,medium_load/reward_shaped_control/seed_746965870,reward_shaped_control,proposed,9fff919fd68c8e0fdfe0afc2a27ed5c4db1831df1bfe9c456f940e601e8bd328,0,medium_load,reward_shaped_control,746965870,77016,192,165,0,27,0.859375,0.0,5.5,5.236363636363636,9.0,1.0805555555555555,6,28,14.442541804782756,0.17893271748384457,0.02447530864197531,0.7180477445592236,0.06555355592120299,0.38539263840734433,0.05938766617675525,0.0,0.8494623655913979,0.8571428571428571,0.8888888888888888,28,0,208,0.1346153846153846,28,208,0,0.1346153846153846
1,selected_checkpoint_independent_validation_gate,58fd1e77faafefcb67631c3a568116ad60ce2ba3c90c12de1262d6a3709caaf6,153b5cd85305f3f4c9a03fd549eea3e06785a0d1a447b96ec9005098c7d25742,medium_load/reward_shaped_control/seed_746965870,reward_shaped_control,proposed,9fff919fd68c8e0fdfe0afc2a27ed5c4db1831df1bfe9c456f940e601e8bd328,0,medium_load,reward_shaped_control,746965870,77017,192,154,1,37,0.8020833333333334,0.005208333333333333,5.133333333333334,5.714285714285714,11.0,1.2125,8,41,10.97519564396085,0.19668237994873833,0.027716049382716046,0.6927702601561393,0.08864438937968348,0.34058697838109603,0.055514099895843175,0.00196078431372549,0.7666666666666667,0.7931034482758621,0.8863636363636364,40,1,220,0.18181818181818182,40,220,1,0.18181818181818182
1,selected_checkpoint_independent_validation_gate,58fd1e77faafefcb67631c3a568116ad60ce2ba3c90c12de1262d6a3709caaf6,153b5cd85305f3f4c9a03fd549eea3e06785a0d1a447b96ec9005098c7d25742,medium_load/reward_shaped_control/seed_746965870,reward_shaped_control,proposed,9fff919fd68c8e0fdfe0afc2a27ed5c4db1831df1bfe9c456f940e601e8bd328,0,medium_load,reward_shaped_control,746965870,77018,192,157,1,34,0.8177083333333334,0.005208333333333333,5.233333333333333,5.165605095541402,9.199999999999989,1.0805555555555555,8,50,11.679005934529663,0.18264449120527532,0.024691358024691357,0.6911470617165621,0.10596560846560847,0.3458333333333334,0.054943966925382164,0.0020833333333333333,0.8137254901960784,0.8275862068965517,0.8125,43,7,221,0.19457013574660634,43,221,7,0.19457013574660634
1,selected_checkpoint_independent_validation_gate,58fd1e77faafefcb67631c3a568116ad60ce2ba3c90c12de1262d6a3709caaf6,153b5cd85305f3f4c9a03fd549eea3e06785a0d1a447b96ec9005098c7d25742,medium_load/reward_shaped_control/seed_746965870,reward_shaped_control,proposed,9fff919fd68c8e0fdfe0afc2a27ed5c4db1831df1bfe9c456f940e601e8bd328,0,medium_load,reward_shaped_control,746965870,77019,192,150,2,40,0.78125,0.010416666666666666,5.0,5.873333333333333,10.0,1.2444444444444445,11,40,10.785266338983549,0.19783659477391682,0.02851851851851852,0.6944427975333582,0.09034118787988757,0.3410451889012261,0.05734099528933086,0.0043417366946778705,0.8,0.7704918032786885,0.75,40,0,229,0.17467248908296942,40,229,0,0.17467248908296942
1,selected_checkpoint_independent_validation_gate,58fd1e77faafefcb67631c3a568116ad60ce2ba3c90c12de1262d6a3709caaf6,153b5cd85305f3f4c9a03fd549eea3e06785a0d1a447b96ec9005098c7d25742,medium_load/reward_shaped_control/seed_746965870,reward_shaped_control,proposed,9fff919fd68c8e0fdfe0afc2a27ed5c4db1831df1bfe9c456f940e601e8bd328,0,medium_load,reward_shaped_control,746965870,77020,192,151,0,41,0.7864583333333334,0.0,5.033333333333333,5.847682119205298,10.0,1.2277777777777779,7,40,10.273499679336405,0.19829887808924865,0.02817901234567901,0.6856824454988572,0.08454927067543165,0.32715116869141636,0.055321614208553936,0.0,0.7777777777777778,0.7719298245614035,0.8333333333333334,39,1,211,0.1848341232227488,39,211,1,0.1848341232227488
1,selected_checkpoint_independent_validation_gate,58fd1e77faafefcb67631c3a568116ad60ce2ba3c90c12de1262d6a3709caaf6,153b5cd85305f3f4c9a03fd549eea3e06785a0d1a447b96ec9005098c7d25742,medium_load/qos_only_baseline/seed_183895110,qos_only_baseline,qos_only,02c99b26a094fbf4a6c8a4cd9797a6a31814a488a34147eecb186826da5de8e5,0,medium_load,qos_only_baseline,183895110,77011,192,158,0,34,0.8229166666666666,0.0,5.266666666666667,5.727848101265823,9.0,1.1902777777777778,7,38,12.30994102295509,0.19683222332021483,0.027129629629629625,0.7053314930617414,0.0,0.3524713193869541,0.055421950119790606,0.0,0.8043478260869565,0.8088235294117647,0.90625,36,2,225,0.16,36,225,2,0.16
1,selected_checkpoint_independent_validation_gate,58fd1e77faafefcb67631c3a568116ad60ce2ba3c90c12de1262d6a3709caaf6,153b5cd85305f3f4c9a03fd549eea3e06785a0d1a447b96ec9005098c7d25742,medium_load/qos_only_baseline/seed_183895110,qos_only_baseline,qos_only,02c99b26a094fbf4a6c8a4cd9797a6a31814a488a34147eecb186826da5de8e5,0,medium_load,qos_only_baseline,183895110,77012,192,149,0,43,0.7760416666666666,0.0,4.966666666666667,5.993288590604027,10.0,1.2638888888888888,9,46,10.573926050027087,0.21694490311266162,0.029043209876543206,0.7097642211854087,0.0,0.33464399434987674,0.05667893899746835,0.0,0.7777777777777778,0.7307692307692307,0.82,41,5,244,0.1680327868852459,41,244,5,0.1680327868852459
1,selected_checkpoint_independent_validation_gate,58fd1e77faafefcb67631c3a568116ad60ce2ba3c90c12de1262d6a3709caaf6,153b5cd85305f3f4c9a03fd549eea3e06785a0d1a447b96ec9005098c7d25742,medium_load/qos_only_baseline/seed_183895110,qos_only_baseline,qos_only,02c99b26a094fbf4a6c8a4cd9797a6a31814a488a34147eecb186826da5de8e5,0,medium_load,qos_only_baseline,183895110,77013,192,159,1,32,0.828125,0.005208333333333333,5.3,5.40251572327044,10.0,1.1236111111111111,8,43,13.762321357575292,0.17723255644714692,0.02558641975308642,0.7058885089362134,0.0,0.36850947255359023,0.058176900447666303,0.0020833333333333333,0.8282828282828283,0.7551020408163265,0.9090909090909091,38,5,193,0.19689119170984457,38,193,5,0.19689119170984457
1,selected_checkpoint_independent_validation_gate,58fd1e77faafefcb67631c3a568116ad60ce2ba3c90c12de1262d6a3709caaf6,153b5cd85305f3f4c9a03fd549eea3e06785a0d1a447b96ec9005098c7d25742,medium_load/qos_only_baseline/seed_183895110,qos_only_baseline,qos_only,02c99b26a094fbf4a6c8a4cd9797a6a31814a488a34147eecb186826da5de8e5,0,medium_load,qos_only_baseline,183895110,77014,192,141,2,49,0.734375,0.010416666666666666,4.7,6.113475177304965,10.0,1.3486111111111112,9,45,9.937077839007978,0.19707988061866558,0.03111111111111111,0.7030311253751892,0.0,0.31855516946074225,0.05649312535209413,0.003976608187134503,0.7525773195876289,0.6727272727272727,0.775,41,4,233,0.1759656652360515,41,233,4,0.1759656652360515
1,selected_checkpoint_independent_validation_gate,58fd1e77faafefcb67631c3a568116ad60ce2ba3c90c12de1262d6a3709caaf6,153b5cd85305f3f4c9a03fd549eea3e06785a0d1a447b96ec9005098c7d25742,medium_load/qos_only_baseline/seed_183895110,qos_only_baseline,qos_only,02c99b26a094fbf4a6c8a4cd9797a6a31814a488a34147eecb186826da5de8e5,0,medium_load,qos_only_baseline,183895110,77015,192,158,0,34,0.8229166666666666,0.0,5.266666666666667,5.468354430379747,9.150000000000006,1.1319444444444444,7,47,12.904850549821788,0.18618647763562343,0.025833333333333326,0.7098606740990804,0.0,0.3568285491311808,0.056562015561035725,0.0,0.8333333333333334,0.7543859649122807,0.8888888888888888,43,4,220,0.19545454545454546,43,220,4,0.19545454545454546
1,selected_checkpoint_independent_validation_gate,58fd1e77faafefcb67631c3a568116ad60ce2ba3c90c12de1262d6a3709caaf6,153b5cd85305f3f4c9a03fd549eea3e06785a0d1a447b96ec9005098c7d25742,medium_load/qos_only_baseline/seed_183895110,qos_only_baseline,qos_only,02c99b26a094fbf4a6c8a4cd9797a6a31814a488a34147eecb186826da5de8e5,0,medium_load,qos_only_baseline,183895110,77016,192,163,0,29,0.8489583333333334,0.0,5.433333333333334,5.134969325153374,8.0,1.0444444444444445,6,29,14.619094198574398,0.17773752320147818,0.02373456790123457,0.7155645059091752,0.0,0.3807240580769993,0.05863348088135341,0.0,0.8279569892473119,0.8412698412698413,0.9166666666666666,28,1,209,0.1339712918660287,28,209,1,0.1339712918660287
1,selected_checkpoint_independent_validation_gate,58fd1e77faafefcb67631c3a568116ad60ce2ba3c90c12de1262d6a3709caaf6,153b5cd85305f3f4c9a03fd549eea3e06785a0d1a447b96ec9005098c7d25742,medium_load/qos_only_baseline/seed_183895110,qos_only_baseline,qos_only,02c99b26a094fbf4a6c8a4cd9797a6a31814a488a34147eecb186826da5de8e5,0,medium_load,qos_only_baseline,183895110,77017,192,156,2,34,0.8125,0.010416666666666666,5.2,5.32051282051282,10.0,1.1416666666666666,8,44,11.947550960073608,0.18951796709111493,0.026049382716049382,0.6908772681205055,0.0,0.3462912985707104,0.05590826601423663,0.004647435897435897,0.7777777777777778,0.8103448275862069,0.8863636363636364,41,3,211,0.1943127962085308,41,211,3,0.1943127962085308
1,selected_checkpoint_independent_validation_gate,58fd1e77faafefcb67631c3a568116ad60ce2ba3c90c12de1262d6a3709caaf6,153b5cd85305f3f4c9a03fd549eea3e06785a0d1a447b96ec9005098c7d25742,medium_load/qos_only_baseline/seed_183895110,qos_only_baseline,qos_only,02c99b26a094fbf4a6c8a4cd9797a6a31814a488a34147eecb186826da5de8e5,0,medium_load,qos_only_baseline,183895110,77018,192,159,0,33,0.828125,0.0,5.3,5.283018867924528,9.0,1.101388888888889,8,57,12.883040652849495,0.18522807069580752,0.025123456790123455,0.6962052504367235,0.0,0.35499080984375103,0.05599570087606887,0.0,0.8235294117647058,0.8448275862068966,0.8125,50,7,220,0.22727272727272727,50,220,7,0.22727272727272727
1,selected_checkpoint_independent_validation_gate,58fd1e77faafefcb67631c3a568116ad60ce2ba3c90c12de1262d6a3709caaf6,153b5cd85305f3f4c9a03fd549eea3e06785a0d1a447b96ec9005098c7d25742,medium_load/qos_only_baseline/seed_183895110,qos_only_baseline,qos_only,02c99b26a094fbf4a6c8a4cd9797a6a31814a488a34147eecb186826da5de8e5,0,medium_load,qos_only_baseline,183895110,77019,192,151,1,40,0.7864583333333334,0.005208333333333333,5.033333333333333,5.874172185430464,10.0,1.2305555555555556,10,50,11.393549964524391,0.20036746617478543,0.028209876543209878,0.7045028819693495,0.0,0.3418098350451293,0.056871109045856204,0.0023809523809523807,0.7894736842105263,0.8032786885245902,0.75,47,3,223,0.21076233183856502,47,223,3,0.21076233183856502
1,selected_checkpoint_independent_validation_gate,58fd1e77faafefcb67631c3a568116ad60ce2ba3c90c12de1262d6a3709caaf6,153b5cd85305f3f4c9a03fd549eea3e06785a0d1a447b96ec9005098c7d25742,medium_load/qos_only_baseline/seed_183895110,qos_only_baseline,qos_only,02c99b26a094fbf4a6c8a4cd9797a6a31814a488a34147eecb186826da5de8e5,0,medium_load,qos_only_baseline,183895110,77020,192,150,3,39,0.78125,0.015625,5.0,5.58,10.549999999999983,1.1972222222222222,9,38,10.581300397501446,0.18742548973398168,0.02743827160493827,0.6877323085365052,0.0,0.32486280589608774,0.05532927337210922,0.006666666666666667,0.7777777777777778,0.7368421052631579,0.8611111111111112,37,1,208,0.1778846153846154,37,208,1,0.1778846153846154
1,selected_checkpoint_independent_validation_gate,58fd1e77faafefcb67631c3a568116ad60ce2ba3c90c12de1262d6a3709caaf6,153b5cd85305f3f4c9a03fd549eea3e06785a0d1a447b96ec9005098c7d25742,medium_load/qos_only_constrained/seed_183895110,qos_only_constrained,qos_only,c6bc93be2a63cd4b752188ef88279317a96309f2a608717a829bc8cba75f1eff,0,medium_load,qos_only_constrained,183895110,77011,192,155,1,36,0.8072916666666666,0.005208333333333333,5.166666666666667,5.916129032258064,11.0,1.2305555555555556,8,8,11.413449436519377,0.20485664771523288,0.028086419753086418,0.7057779186189052,0.0,0.34417422833444505,0.05552122294207129,0.0022222222222222222,0.7934782608695652,0.7941176470588235,0.875,7,1,223,0.03139013452914798,7,223,1,0.03139013452914798
1,selected_checkpoint_independent_validation_gate,58fd1e77faafefcb67631c3a568116ad60ce2ba3c90c12de1262d6a3709caaf6,153b5cd85305f3f4c9a03fd549eea3e06785a0d1a447b96ec9005098c7d25742,medium_load/qos_only_constrained/seed_183895110,qos_only_constrained,qos_only,c6bc93be2a63cd4b752188ef88279317a96309f2a608717a829bc8cba75f1eff,0,medium_load,qos_only_constrained,183895110,77012,192,142,2,48,0.7395833333333334,0.010416666666666666,4.733333333333333,6.5,12.0,1.4125,9,14,9.652824694845265,0.21713655843599552,0.032499999999999994,0.7266533146608826,0.0,0.32548369386604686,0.05779402337346271,0.003812636165577342,0.7555555555555555,0.6346153846153846,0.82,11,3,239,0.04602510460251046,11,239,3,0.04602510460251046
1,selected_checkpoint_independent_validation_gate,58fd1e77faafefcb67631c3a568116ad60ce2ba3c90c12de1262d6a3709caaf6,153b5cd85305f3f4c9a03fd549eea3e06785a0d1a447b96ec9005098c7d25742,medium_load/qos_only_constrained/seed_183895110,qos_only_constrained,qos_only,c6bc93be2a63cd4b752188ef88279317a96309f2a608717a829bc8cba75f1eff,0,medium_load,qos_only_constrained,183895110,77013,192,152,3,37,0.7916666666666666,0.015625,5.066666666666666,5.5131578947368425,12.0,1.1958333333333333,12,9,13.106007376581907,0.17675650004433502,0.02734567901234568,0.7203010008761618,0.0,0.3644136065459596,0.06030201930405724,0.007633477633477634,0.8181818181818182,0.6938775510204082,0.8409090909090909,8,1,189,0.042328042328042326,8,189,1,0.042328042328042326
1,selected_checkpoint_independent_validation_gate,58fd1e77faafefcb67631c3a568116ad60ce2ba3c90c12de1262d6a3709caaf6,153b5cd85305f3f4c9a03fd549eea3e06785a0d1a447b96ec9005098c7d25742,medium_load/qos_only_constrained/seed_183895110,qos_only_constrained,qos_only,c6bc93be2a63cd4b752188ef88279317a96309f2a608717a829bc8cba75f1eff,0,medium_load,qos_only_constrained,183895110,77014,192,145,2,45,0.7552083333333334,0.010416666666666666,4.833333333333333,6.006896551724138,12.0,1.3277777777777777,14,10,10.844569992694119,0.1932732031320739,0.030524691358024693,0.7222802994006502,0.0,0.3334678257472376,0.05764689148469387,0.004882154882154882,0.7525773195876289,0.7454545454545455,0.775,9,1,226,0.03982300884955752,9,226,1,0.03982300884955752
1,selected_checkpoint_independent_validation_gate,58fd1e77faafefcb67631c3a568116ad60ce2ba3c90c12de1262d6a3709caaf6,153b5cd85305f3f4c9a03fd549eea3e06785a0d1a447b96ec9005098c7d25742,medium_load/qos_only_constrained/seed_183895110,qos_only_constrained,qos_only,c6bc93be2a63cd4b752188ef88279317a96309f2a608717a829bc8cba75f1eff,0,medium_load,qos_only_constrained,183895110,77015,192,156,0,36,0.8125,0.0,5.2,5.416666666666667,10.0,1.1430555555555555,11,13,12.818574218766665,0.18458262064516626,0.026141975308641978,0.718943980445278,0.0,0.3551910056747518,0.05705605120673909,0.0,0.8111111111111111,0.7543859649122807,0.8888888888888888,9,4,226,0.03982300884955752,9,226,4,0.03982300884955752
1,selected_checkpoint_independent_validation_gate,58fd1e77faafefcb67631c3a568116ad60ce2ba3c90c12de1262d6a3709caaf6,153b5cd85305f3f4c9a03fd549eea3e06785a0d1a447b96ec9005098c7d25742,medium_load/qos_only_constrained/seed_183895110,qos_only_constrained,qos_only,c6bc93be2a63cd4b752188ef88279317a96309f2a608717a829bc8cba75f1eff,0,medium_load,qos_only_constrained,183895110,77016,192,159,0,33,0.828125,0.0,5.3,5.176100628930818,9.0,1.0930555555555554,8,8,14.198250418206513,0.18346530872310612,0.02493827160493827,0.7224292658251006,0.0,0.3774284375754965,0.059230086212090464,0.0,0.8172043010752689,0.8253968253968254,0.8611111111111112,7,1,198,0.03535353535353535,7,198,1,0.03535353535353535
1,selected_checkpoint_independent_validation_gate,58fd1e77faafefcb67631c3a568116ad60ce2ba3c90c12de1262d6a3709caaf6,153b5cd85305f3f4c9a03fd549eea3e06785a0d1a447b96ec9005098c7d25742,medium_load/qos_only_constrained/seed_183895110,qos_only_constrained,qos_only,c6bc93be2a63cd4b752188ef88279317a96309f2a608717a829bc8cba75f1eff,0,medium_load,qos_only_constrained,183895110,77017,192,151,6,35,0.7864583333333334,0.03125,5.033333333333333,5.258278145695364,10.0,1.1930555555555555,10,10,10.579631358461011,0.1897271077404537,0.02722222222222222,0.7084016180131337,0.0,0.33409972108501523,0.0563794867305096,0.013781033781033781,0.7888888888888889,0.7068965517241379,0.8863636363636364,9,1,212,0.04245283018867924,9,212,1,0.04245283018867924
1,selected_checkpoint_independent_validation_gate,58fd1e77faafefcb67631c3a568116ad60ce2ba3c90c12de1262d6a3709caaf6,153b5cd85305f3f4c9a03fd549eea3e06785a0d1a447b96ec9005098c7d25742,medium_load/qos_only_constrained/seed_183895110,qos_only_constrained,qos_only,c6bc93be2a63cd4b752188ef88279317a96309f2a608717a829bc8cba75f1eff,0,medium_load,qos_only_constrained,183895110,77018,192,152,3,37,0.7916666666666666,0.015625,5.066666666666666,5.315789473684211,10.0,1.1611111111111112,11,13,11.732094912399926,0.18621785631940177,0.026574074074074073,0.7070314497937267,0.0,0.34448870573870577,0.05670543949270355,0.007028388278388279,0.7843137254901961,0.7931034482758621,0.8125,9,4,218,0.04128440366972477,9,218,4,0.04128440366972477
1,selected_checkpoint_independent_validation_gate,58fd1e77faafefcb67631c3a568116ad60ce2ba3c90c12de1262d6a3709caaf6,153b5cd85305f3f4c9a03fd549eea3e06785a0d1a447b96ec9005098c7d25742,medium_load/qos_only_constrained/seed_183895110,qos_only_constrained,qos_only,c6bc93be2a63cd4b752188ef88279317a96309f2a608717a829bc8cba75f1eff,0,medium_load,qos_only_constrained,183895110,77019,192,148,3,41,0.7708333333333334,0.015625,4.933333333333334,6.155405405405405,11.0,1.3111111111111111,14,13,10.977820516187775,0.20908415713620607,0.030030864197530857,0.7163001666286312,0.0,0.34443519443519455,0.058169960806431234,0.006193588546529723,0.7894736842105263,0.7540983606557377,0.75,13,0,219,0.0593607305936073,13,219,0,0.0593607305936073
1,selected_checkpoint_independent_validation_gate,58fd1e77faafefcb67631c3a568116ad60ce2ba3c90c12de1262d6a3709caaf6,153b5cd85305f3f4c9a03fd549eea3e06785a0d1a447b96ec9005098c7d25742,medium_load/qos_only_constrained/seed_183895110,qos_only_constrained,qos_only,c6bc93be2a63cd4b752188ef88279317a96309f2a608717a829bc8cba75f1eff,0,medium_load,qos_only_constrained,183895110,77020,192,147,3,42,0.765625,0.015625,4.9,5.551020408163265,12.0,1.2319444444444445,11,13,10.70099551470204,0.1886869716377712,0.028302469135802467,0.7047151206389473,0.0,0.32964392060754294,0.05708166635344767,0.007539682539682539,0.7474747474747475,0.7543859649122807,0.8333333333333334,12,1,208,0.057692307692307696,12,208,1,0.057692307692307696
1,selected_checkpoint_independent_validation_gate,58fd1e77faafefcb67631c3a568116ad60ce2ba3c90c12de1262d6a3709caaf6,153b5cd85305f3f4c9a03fd549eea3e06785a0d1a447b96ec9005098c7d25742,medium_load/reward_shaped_control/seed_183895110,reward_shaped_control,proposed,77440d70f41c251cbef58275e108ec84cd268a1bab88122e1b9ef454be1e5142,0,medium_load,reward_shaped_control,183895110,77011,192,156,1,35,0.8125,0.005208333333333333,5.2,5.788461538461538,10.0,1.2208333333333334,10,27,11.191239342557264,0.20031523596976764,0.027839506172839503,0.688999560236852,0.057987293207881443,0.34277762814527524,0.05508120671223166,0.00196078431372549,0.8152173913043478,0.7941176470588235,0.84375,27,0,217,0.12442396313364056,27,217,0,0.12442396313364056
1,selected_checkpoint_independent_validation_gate,58fd1e77faafefcb67631c3a568116ad60ce2ba3c90c12de1262d6a3709caaf6,153b5cd85305f3f4c9a03fd549eea3e06785a0d1a447b96ec9005098c7d25742,medium_load/reward_shaped_control/seed_183895110,reward_shaped_control,proposed,77440d70f41c251cbef58275e108ec84cd268a1bab88122e1b9ef454be1e5142,0,medium_load,reward_shaped_control,183895110,77012,192,150,1,41,0.78125,0.005208333333333333,5.0,5.693333333333333,10.0,1.2055555555555555,9,38,10.889860747006468,0.20109489208927073,0.02768518518518519,0.7068488113073947,0.08517785319255908,0.34205286815580943,0.057024416269550425,0.0022222222222222222,0.8,0.7115384615384616,0.82,34,4,245,0.13877551020408163,34,245,4,0.13877551020408163
1,selected_checkpoint_independent_validation_gate,58fd1e77faafefcb67631c3a568116ad60ce2ba3c90c12de1262d6a3709caaf6,153b5cd85305f3f4c9a03fd549eea3e06785a0d1a447b96ec9005098c7d25742,medium_load/reward_shaped_control/seed_183895110,reward_shaped_control,proposed,77440d70f41c251cbef58275e108ec84cd268a1bab88122e1b9ef454be1e5142,0,medium_load,reward_shaped_control,183895110,77013,192,157,0,35,0.8177083333333334,0.0,5.233333333333333,5.312101910828026,10.0,1.1166666666666667,10,23,13.384727942939028,0.17497609318753282,0.0255246913580247,0.6993384251866163,0.05138754219636573,0.36378705616708723,0.05809317004319323,0.0,0.8383838383838383,0.7142857142857143,0.8863636363636364,22,1,191,0.11518324607329843,22,191,1,0.11518324607329843
1,selected_checkpoint_independent_validation_gate,58fd1e77faafefcb67631c3a568116ad60ce2ba3c90c12de1262d6a3709caaf6,153b5cd85305f3f4c9a03fd549eea3e06785a0d1a447b96ec9005098c7d25742,medium_load/reward_shaped_control/seed_183895110,reward_shaped_control,proposed,77440d70f41c251cbef58275e108ec84cd268a1bab88122e1b9ef454be1e5142,0,medium_load,reward_shaped_control,183895110,77014,192,141,2,49,0.734375,0.010416666666666666,4.7,6.397163120567376,12.0,1.3972222222222221,13,35,9.196290006413701,0.20285709756472795,0.032191358024691356,0.7042527891273848,0.07814933890785283,0.31747733776371556,0.056581093407331626,0.004044117647058824,0.7422680412371134,0.6909090909090909,0.775,32,3,229,0.13973799126637554,32,229,3,0.13973799126637554
1,selected_checkpoint_independent_validation_gate,58fd1e77faafefcb67631c3a568116ad60ce2ba3c90c12de1262d6a3709caaf6,153b5cd85305f3f4c9a03fd549eea3e06785a0d1a447b96ec9005098c7d25742,medium_load/reward_shaped_control/seed_183895110,reward_shaped_control,proposed,77440d70f41c251cbef58275e108ec84cd268a1bab88122e1b9ef454be1e5142,0,medium_load,reward_shaped_control,183895110,77015,192,156,0,36,0.8125,0.0,5.2,5.397435897435898,9.0,1.1236111111111111,8,30,12.3705177629915,0.1839301735309174,0.025709876543209876,0.7091944617377587,0.06650784672843496,0.3533709303252647,0.056721782658644804,0.0,0.8111111111111111,0.7719298245614035,0.8666666666666667,26,4,219,0.1187214611872146,26,219,4,0.1187214611872146
1,selected_checkpoint_independent_validation_gate,58fd1e77faafefcb67631c3a568116ad60ce2ba3c90c12de1262d6a3709caaf6,153b5cd85305f3f4c9a03fd549eea3e06785a0d1a447b96ec9005098c7d25742,medium_load/reward_shaped_control/seed_183895110,reward_shaped_control,proposed,77440d70f41c251cbef58275e108ec84cd268a1bab88122e1b9ef454be1e5142,0,medium_load,reward_shaped_control,183895110,77016,192,157,0,35,0.8177083333333334,0.0,5.233333333333333,5.3630573248407645,10.0,1.1277777777777778,9,17,13.924262005083145,0.18533252404591974,0.025771604938271613,0.7217539476490704,0.040460479063420235,0.3781737951590893,0.059882249079456364,0.0,0.8064516129032258,0.7936507936507936,0.8888888888888888,16,1,204,0.0784313725490196,16,204,1,0.0784313725490196
1,selected_checkpoint_independent_validation_gate,58fd1e77faafefcb67631c3a568116ad60ce2ba3c90c12de1262d6a3709caaf6,153b5cd85305f3f4c9a03fd549eea3e06785a0d1a447b96ec9005098c7d25742,medium_load/reward_shaped_control/seed_183895110,reward_shaped_control,proposed,77440d70f41c251cbef58275e108ec84cd268a1bab88122e1b9ef454be1e5142,0,medium_load,reward_shaped_control,183895110,77017,192,152,2,38,0.7916666666666666,0.010416666666666666,5.066666666666666,5.578947368421052,10.449999999999989,1.198611111111111,10,22,11.015572453222234,0.19860921962154446,0.027438271604938266,0.6855575027443703,0.05025036510330628,0.34028792286145226,0.05613325970458998,0.004305555555555555,0.7444444444444445,0.7931034482758621,0.8863636363636364,19,3,207,0.09178743961352658,19,207,3,0.09178743961352658
1,selected_checkpoint_independent_validation_gate,58fd1e77faafefcb67631c3a568116ad60ce2ba3c90c12de1262d6a3709caaf6,153b5cd85305f3f4c9a03fd549eea3e06785a0d1a447b96ec9005098c7d25742,medium_load/reward_shaped_control/seed_183895110,reward_shaped_control,proposed,77440d70f41c251cbef58275e108ec84cd268a1bab88122e1b9ef454be1e5142,0,medium_load,reward_shaped_control,183895110,77018,192,156,1,35,0.8125,0.005208333333333333,5.2,5.185897435897436,9.0,1.1152777777777778,9,34,11.858227351997964,0.18246161403466069,0.025493827160493823,0.6936285128721591,0.0734071620101032,0.34627043163807875,0.05603753995361518,0.0023809523809523807,0.7941176470588235,0.8448275862068966,0.8125,27,7,222,0.12162162162162163,27,222,7,0.12162162162162163
1,selected_checkpoint_independent_validation_gate,58fd1e77faafefcb67631c3a568116ad60ce2ba3c90c12de1262d6a3709caaf6,153b5cd85305f3f4c9a03fd549eea3e06785a0d1a447b96ec9005098c7d25742,medium_load/reward_shaped_control/seed_183895110,reward_shaped_control,proposed,77440d70f41c251cbef58275e108ec84cd268a1bab88122e1b9ef454be1e5142,0,medium_load,reward_shaped_control,183895110,77019,192,153,1,38,0.796875,0.005208333333333333,5.1,5.7973856209150325,10.0,1.2222222222222223,11,34,11.168963591573524,0.2002599875352479,0.027962962962962967,0.7035895501672312,0.0765324762383586,0.34536327778974846,0.056875165792550204,0.0022222222222222222,0.8105263157894737,0.8032786885245902,0.75,31,3,225,0.13777777777777778,31,225,3,0.13777777777777778
1,selected_checkpoint_independent_validation_gate,58fd1e77faafefcb67631c3a568116ad60ce2ba3c90c12de1262d6a3709caaf6,153b5cd85305f3f4c9a03fd549eea3e06785a0d1a447b96ec9005098c7d25742,medium_load/reward_shaped_control/seed_183895110,reward_shaped_control,proposed,77440d70f41c251cbef58275e108ec84cd268a1bab88122e1b9ef454be1e5142,0,medium_load,reward_shaped_control,183895110,77020,192,150,2,40,0.78125,0.010416666666666666,5.0,5.713333333333333,10.0,1.226388888888889,9,28,10.422479928901742,0.19515306374494504,0.028117283950617286,0.6880602201891137,0.05993931378219304,0.33086039003995665,0.05607596512656044,0.005128205128205128,0.7575757575757576,0.7719298245614035,0.8611111111111112,27,1,205,0.13170731707317074,27,205,1,0.13170731707317074
1,selected_checkpoint_independent_validation_gate,58fd1e77faafefcb67631c3a568116ad60ce2ba3c90c12de1262d6a3709caaf6,153b5cd85305f3f4c9a03fd549eea3e06785a0d1a447b96ec9005098c7d25742,medium_load/qos_only_baseline/seed_310818925,qos_only_baseline,qos_only,7b6532af0f4c38386b96ff74d670c6eae36bf42d5fb01d774b991511931ca62b,0,medium_load,qos_only_baseline,310818925,77011,192,157,0,35,0.8177083333333334,0.0,5.233333333333333,5.885350318471337,10.0,1.2291666666666667,8,41,11.63144041062701,0.2030644203577629,0.028024691358024694,0.6949179710613598,0.0,0.3441026239555652,0.05514597006577902,0.0,0.7934782608695652,0.8088235294117647,0.90625,41,0,232,0.17672413793103448,41,232,0,0.17672413793103448
1,selected_checkpoint_independent_validation_gate,58fd1e77faafefcb67631c3a568116ad60ce2ba3c90c12de1262d6a3709caaf6,153b5cd85305f3f4c9a03fd549eea3e06785a0d1a447b96ec9005098c7d25742,medium_load/qos_only_baseline/seed_310818925,qos_only_baseline,qos_only,7b6532af0f4c38386b96ff74d670c6eae36bf42d5fb01d774b991511931ca62b,0,medium_load,qos_only_baseline,310818925,77012,192,149,1,42,0.7760416666666666,0.005208333333333333,4.966666666666667,5.939597315436242,10.0,1.2625,9,54,10.247091606342446,0.2120199156981708,0.02898148148148148,0.7132595402505245,0.0,0.3290461762752785,0.055471329862891834,0.0022222222222222222,0.7777777777777778,0.7115384615384616,0.84,48,6,245,0.19591836734693877,48,245,6,0.19591836734693877
1,selected_checkpoint_independent_validation_gate,58fd1e77faafefcb67631c3a568116ad60ce2ba3c90c12de1262d6a3709caaf6,153b5cd85305f3f4c9a03fd549eea3e06785a0d1a447b96ec9005098c7d25742,medium_load/qos_only_baseline/seed_310818925,qos_only_baseline,qos_only,7b6532af0f4c38386b96ff74d670c6eae36bf42d5fb01d774b991511931ca62b,0,medium_load,qos_only_baseline,310818925,77013,192,158,2,32,0.8229166666666666,0.010416666666666666,5.266666666666667,5.291139240506329,10.0,1.1194444444444445,8,34,13.798047383032413,0.1700161076843327,0.02549382716049383,0.7119608064844548,0.0,0.36799384711149424,0.05834420282956963,0.004305555555555555,0.8484848484848485,0.7142857142857143,0.8863636363636364,33,1,200,0.165,33,200,1,0.165
1,selected_checkpoint_independent_validation_gate,58fd1e77faafefcb67631c3a568116ad60ce2ba3c90c12de1262d6a3709caaf6,153b5cd85305f3f4c9a03fd549eea3e06785a0d1a447b96ec9005098c7d25742,medium_load/qos_only_baseline/seed_310818925,qos_only_baseline,qos_only,7b6532af0f4c38386b96ff74d670c6eae36bf42d5fb01d774b991511931ca62b,0,medium_load,qos_only_baseline,310818925,77014,192,142,2,48,0.7395833333333334,0.010416666666666666,4.733333333333333,5.97887323943662,11.0,1.3152777777777778,10,51,10.177183282133496,0.19790937813120443,0.030339506172839505,0.7131095546207792,0.0,0.3233779238191003,0.056911330355300126,0.004166666666666667,0.7525773195876289,0.6909090909090909,0.775,47,4,227,0.20704845814977973,47,227,4,0.20704845814977973
1,selected_checkpoint_independent_validation_gate,58fd1e77faafefcb67631c3a568116ad60ce2ba3c90c12de1262d6a3709caaf6,153b5cd85305f3f4c9a03fd549eea3e06785a0d1a447b96ec9005098c7d25742,medium_load/qos_only_baseline/seed_310818925,qos_only_baseline,qos_only,7b6532af0f4c38386b96ff74d670c6eae36bf42d5fb01d774b991511931ca62b,0,medium_load,qos_only_baseline,310818925,77015,192,160,0,32,0.8333333333333334,0.0,5.333333333333333,5.4875,9.049999999999983,1.1375,7,45,13.117862728275593,0.1849429512801761,0.025895061728395063,0.7078716268556615,0.0,0.35966653057984327,0.05624806868708527,0.0,0.8333333333333334,0.7719298245614035,0.9111111111111111,41,4,222,0.18468468468468469,41,222,4,0.18468468468468469
1,selected_checkpoint_independent_validation_gate,58fd1e77faafefcb67631c3a568116ad60ce2ba3c90c12de1262d6a3709caaf6,153b5cd85305f3f4c9a03fd549eea3e06785a0d1a447b96ec9005098c7d25742,medium_load/qos_only_baseline/seed_310818925,qos_only_baseline,qos_only,7b6532af0f4c38386b96ff74d670c6eae36bf42d5fb01d774b991511931ca62b,0,medium_load,qos_only_baseline,310818925,77016,192,162,0,30,0.84375,0.0,5.4,5.166666666666667,8.0,1.0652777777777778,8,33,14.515010244581623,0.17828830213604324,0.0242283950617284,0.7140415754935427,0.0,0.3793879731379732,0.058670957217786576,0.0,0.8387096774193549,0.8253968253968254,0.8888888888888888,33,0,203,0.1625615763546798,33,203,0,0.1625615763546798
1,selected_checkpoint_independent_validation_gate,58fd1e77faafefcb67631c3a568116ad60ce2ba3c90c12de1262d6a3709caaf6,153b5cd85305f3f4c9a03fd549eea3e06785a0d1a447b96ec9005098c7d25742,medium_load/qos_only_baseline/seed_310818925,qos_only_baseline,qos_only,7b6532af0f4c38386b96ff74d670c6eae36bf42d5fb01d774b991511931ca62b,0,medium_load,qos_only_baseline,310818925,77017,192,157,1,34,0.8177083333333334,0.005208333333333333,5.233333333333333,5.356687898089172,10.0,1.1277777777777778,9,50,12.140720201256245,0.18818676123235076,0.025740740740740738,0.6937394639139041,0.0,0.3462868612868613,0.05563082315514046,0.0020833333333333333,0.8,0.7758620689655172,0.9090909090909091,46,4,218,0.21100917431192662,46,218,4,0.21100917431192662
1,selected_checkpoint_independent_validation_gate,58fd1e77faafefcb67631c3a568116ad60ce2ba3c90c12de1262d6a3709caaf6,153b5cd85305f3f4c9a03fd549eea3e06785a0d1a447b96ec9005098c7d25742,medium_load/qos_only_baseline/seed_310818925,qos_only_baseline,qos_only,7b6532af0f4c38386b96ff74d670c6eae36bf42d5fb01d774b991511931ca62b,0,medium_load,qos_only_baseline,310818925,77018,192,157,0,35,0.8177083333333334,0.0,5.233333333333333,5.267515923566879,9.199999999999989,1.1069444444444445,8,55,12.375498109620239,0.18605894399376866,0.02530864197530864,0.6923788406935896,0.0,0.3468002259178731,0.055401065383633125,0.0,0.8137254901960784,0.8275862068965517,0.8125,42,13,218,0.1926605504587156,42,218,13,0.1926605504587156
1,selected_checkpoint_independent_validation_gate,58fd1e77faafefcb67631c3a568116ad60ce2ba3c90c12de1262d6a3709caaf6,153b5cd85305f3f4c9a03fd549eea3e06785a0d1a447b96ec9005098c7d25742,medium_load/qos_only_baseline/seed_310818925,qos_only_baseline,qos_only,7b6532af0f4c38386b96ff74d670c6eae36bf42d5fb01d774b991511931ca62b,0,medium_load,qos_only_baseline,310818925,77019,192,153,2,37,0.796875,0.010416666666666666,5.1,5.895424836601308,9.400000000000006,1.2486111111111111,9,49,11.6998355511853,0.20062198009185944,0.028518518518518512,0.7049379042185288,0.0,0.3494672783643373,0.05714581232432141,0.004647435897435897,0.8210526315789474,0.7704918032786885,0.7777777777777778,48,1,222,0.21621621621621623,48,222,1,0.21621621621621623
1,selected_checkpoint_independent_validation_gate,58fd1e77faafefcb67631c3a568116ad60ce2ba3c90c12de1262d6a3709caaf6,153b5cd85305f3f4c9a03fd549eea3e06785a0d1a447b96ec9005098c7d25742,medium_load/qos_only_baseline/seed_310818925,qos_only_baseline,qos_only,7b6532af0f4c38386b96ff74d670c6eae36bf42d5fb01d774b991511931ca62b,0,medium_load,qos_only_baseline,310818925,77020,192,150,1,41,0.78125,0.005208333333333333,5.0,5.74,11.0,1.2097222222222221,9,50,10.898064985676479,0.19132248999923043,0.027777777777777776,0.6927359957161942,0.0,0.32801701809828754,0.055024471031756984,0.0022222222222222222,0.7777777777777778,0.7368421052631579,0.8611111111111112,50,0,215,0.23255813953488372,50,215,0,0.23255813953488372
1,selected_checkpoint_independent_validation_gate,58fd1e77faafefcb67631c3a568116ad60ce2ba3c90c12de1262d6a3709caaf6,153b5cd85305f3f4c9a03fd549eea3e06785a0d1a447b96ec9005098c7d25742,medium_load/qos_only_constrained/seed_310818925,qos_only_constrained,qos_only,f72875545a8c3cdc712b5853e54a86d611f6b144d093b1aa38793b0c5f99ecd2,0,medium_load,qos_only_constrained,310818925,77011,192,153,1,38,0.796875,0.005208333333333333,5.1,6.137254901960785,10.0,1.2972222222222223,8,13,11.03403907190666,0.21233522734098245,0.029629629629629627,0.7063716145525991,0.0,0.3417980928313746,0.05610018836089902,0.0017543859649122805,0.7717391304347826,0.7941176470588235,0.875,11,2,219,0.0502283105022831,11,219,2,0.0502283105022831
1,selected_checkpoint_independent_validation_gate,58fd1e77faafefcb67631c3a568116ad60ce2ba3c90c12de1262d6a3709caaf6,153b5cd85305f3f4c9a03fd549eea3e06785a0d1a447b96ec9005098c7d25742,medium_load/qos_only_constrained/seed_310818925,qos_only_constrained,qos_only,f72875545a8c3cdc712b5853e54a86d611f6b144d093b1aa38793b0c5f99ecd2,0,medium_load,qos_only_constrained,310818925,77012,192,147,0,45,0.765625,0.0,4.9,5.959183673469388,10.0,1.2722222222222221,9,14,10.910692471449103,0.21025418036478732,0.02929012345679012,0.7264570158983594,0.0,0.3378987343925425,0.05775739016726081,0.0,0.7555555555555555,0.7115384615384616,0.84,11,3,234,0.04700854700854701,11,234,3,0.04700854700854701
1,selected_checkpoint_independent_validation_gate,58fd1e77faafefcb67631c3a568116ad60ce2ba3c90c12de1262d6a3709caaf6,153b5cd85305f3f4c9a03fd549eea3e06785a0d1a447b96ec9005098c7d25742,medium_load/qos_only_constrained/seed_310818925,qos_only_constrained,qos_only,f72875545a8c3cdc712b5853e54a86d611f6b144d093b1aa38793b0c5f99ecd2,0,medium_load,qos_only_constrained,310818925,77013,192,151,2,39,0.7864583333333334,0.010416666666666666,5.033333333333333,5.741721854304636,11.0,1.2458333333333333,12,7,12.7273703941272,0.1801743464204334,0.028518518518518516,0.7084504755468259,0.0,0.35615879762938596,0.059043733312675296,0.004166666666666667,0.7878787878787878,0.7142857142857143,0.8636363636363636,5,2,192,0.026041666666666668,5,192,2,0.026041666666666668
1,selected_checkpoint_independent_validation_gate,58fd1e77faafefcb67631c3a568116ad60ce2ba3c90c12de1262d6a3709caaf6,153b5cd85305f3f4c9a03fd549eea3e06785a0d1a447b96ec9005098c7d25742,medium_load/qos_only_constrained/seed_310818925,qos_only_constrained,qos_only,f72875545a8c3cdc712b5853e54a86d611f6b144d093b1aa38793b0c5f99ecd2,0,medium_load,qos_only_constrained,310818925,77014,192,140,0,52,0.7291666666666666,0.0,4.666666666666667,6.578571428571428,12.0,1.45,13,20,9.68531986363358,0.20982991691230027,0.03345679012345679,0.717060228669496,0.0,0.31843844608550487,0.057315248385418203,0.0,0.7216494845360825,0.7090909090909091,0.775,17,3,235,0.07234042553191489,17,235,3,0.07234042553191489
1,selected_checkpoint_independent_validation_gate,58fd1e77faafefcb67631c3a568116ad60ce2ba3c90c12de1262d6a3709caaf6,153b5cd85305f3f4c9a03fd549eea3e06785a0d1a447b96ec9005098c7d25742,medium_load/qos_only_constrained/seed_310818925,qos_only_constrained,qos_only,f72875545a8c3cdc712b5853e54a86d611f6b144d093b1aa38793b0c5f99ecd2,0,medium_load,qos_only_constrained,310818925,77015,192,152,0,40,0.7916666666666666,0.0,5.066666666666666,5.934210526315789,10.0,1.2527777777777778,12,14,11.639748927283616,0.19791323158635718,0.028703703703703707,0.7161196708607882,0.0,0.34308575683575687,0.05691721126660796,0.0,0.7444444444444445,0.7894736842105263,0.8888888888888888,11,3,222,0.04954954954954955,11,222,3,0.04954954954954955
1,selected_checkpoint_independent_validation_gate,58fd1e77faafefcb67631c3a568116ad60ce2ba3c90c12de1262d6a3709caaf6,153b5cd85305f3f4c9a03fd549eea3e06785a0d1a447b96ec9005098c7d25742,medium_load/qos_only_constrained/seed_310818925,qos_only_constrained,qos_only,f72875545a8c3cdc712b5853e54a86d611f6b144d093b1aa38793b0c5f99ecd2,0,medium_load,qos_only_constrained,310818925,77016,192,159,0,33,0.828125,0.0,5.3,5.471698113207547,10.0,1.1416666666666666,8,7,14.252114172599356,0.18435843163400467,0.026018518518518517,0.7328500800651382,0.0,0.37980183874146717,0.06074950607622683,0.0,0.8279569892473119,0.8095238095238095,0.8611111111111112,5,2,196,0.025510204081632654,5,196,2,0.025510204081632654
1,selected_checkpoint_independent_validation_gate,58fd1e77faafefcb67631c3a568116ad60ce2ba3c90c12de1262d6a3709caaf6,153b5cd85305f3f4c9a03fd549eea3e06785a0d1a447b96ec9005098c7d25742,medium_load/qos_only_constrained/seed_310818925,qos_only_constrained,qos_only,f72875545a8c3cdc712b5853e54a86d611f6b144d093b1aa38793b0c5f99ecd2,0,medium_load,qos_only_constrained,310818925,77017,192,151,3,38,0.7864583333333334,0.015625,5.033333333333333,5.622516556291391,11.0,1.2277777777777779,10,9,10.837237405537685,0.19595813963234546,0.028086419753086418,0.694784259335106,0.0,0.3333518143076966,0.05546876474243275,0.006004901960784314,0.7666666666666667,0.7586206896551724,0.8636363636363636,5,4,213,0.023474178403755867,5,213,4,0.023474178403755867
1,selected_checkpoint_independent_validation_gate,58fd1e77faafefcb67631c3a568116ad60ce2ba3c90c12de1262d6a3709caaf6,153b5cd85305f3f4c9a03fd549eea3e06785a0d1a447b96ec9005098c7d25742,medium_load/qos_only_constrained/seed_310818925,qos_only_constrained,qos_only,f72875545a8c3cdc712b5853e54a86d611f6b144d093b1aa38793b0c5f99ecd2,0,medium_load,qos_only_constrained,310818925,77018,192,155,0,37,0.8072916666666666,0.0,5.166666666666667,5.483870967741935,9.0,1.1555555555555554,10,13,11.96513611241787,0.19598877710536786,0.026450617283950616,0.7046970773060421,0.0,0.34604113479113485,0.05625420505208022,0.0,0.7647058823529411,0.8793103448275862,0.8125,7,6,218,0.03211009174311927,7,218,6,0.03211009174311927
1,selected_checkpoint_independent_validation_gate,58fd1e77faafefcb67631c3a568116ad60ce2ba3c90c12de1262d6a3709caaf6,153b5cd85305f3f4c9a03fd549eea3e06785a0d1a447b96ec9005098c7d25742,medium_load/qos_only_constrained/seed_310818925,qos_only_constrained,qos_only,f72875545a8c3cdc712b5853e54a86d611f6b144d093b1aa38793b0c5f99ecd2,0,medium_load,qos_only_constrained,310818925,77019,192,151,0,41,0.7864583333333334,0.0,5.033333333333333,5.940397350993377,10.0,1.2666666666666666,14,15,11.39077954198331,0.204559050082178,0.029043209876543217,0.7032756908559633,0.0,0.34176045631927987,0.05707074170107165,0.0,0.7789473684210526,0.8032786885245902,0.7777777777777778,13,2,220,0.05909090909090909,13,220,2,0.05909090909090909
1,selected_checkpoint_independent_validation_gate,58fd1e77faafefcb67631c3a568116ad60ce2ba3c90c12de1262d6a3709caaf6,153b5cd85305f3f4c9a03fd549eea3e06785a0d1a447b96ec9005098c7d25742,medium_load/qos_only_constrained/seed_310818925,qos_only_constrained,qos_only,f72875545a8c3cdc712b5853e54a86d611f6b144d093b1aa38793b0c5f99ecd2,0,medium_load,qos_only_constrained,310818925,77020,192,147,4,41,0.765625,0.020833333333333332,4.9,5.5646258503401365,10.0,1.2097222222222221,13,9,10.332478394136317,0.18938566020658584,0.027777777777777776,0.6959336077621467,0.0,0.3264604349898468,0.056098186095985825,0.010846930846930846,0.7575757575757576,0.7368421052631579,0.8333333333333334,9,0,209,0.0430622009569378,9,209,0,0.0430622009569378
1,selected_checkpoint_independent_validation_gate,58fd1e77faafefcb67631c3a568116ad60ce2ba3c90c12de1262d6a3709caaf6,153b5cd85305f3f4c9a03fd549eea3e06785a0d1a447b96ec9005098c7d25742,medium_load/reward_shaped_control/seed_310818925,reward_shaped_control,proposed,78aea78fde3fed5a0350cbd797e16d91a8f5071a73dec38101ffe1f5e8516354,0,medium_load,reward_shaped_control,310818925,77011,192,153,0,39,0.796875,0.0,5.1,5.980392156862745,11.0,1.2569444444444444,8,28,10.353436888304643,0.20904436625482112,0.028765432098765427,0.6840635568206019,0.05826602863367569,0.3313430714166009,0.05455306547084824,0.0,0.7717391304347826,0.7794117647058824,0.90625,28,0,222,0.12612612612612611,28,222,0,0.12612612612612611
1,selected_checkpoint_independent_validation_gate,58fd1e77faafefcb67631c3a568116ad60ce2ba3c90c12de1262d6a3709caaf6,153b5cd85305f3f4c9a03fd549eea3e06785a0d1a447b96ec9005098c7d25742,medium_load/reward_shaped_control/seed_310818925,reward_shaped_control,proposed,78aea78fde3fed5a0350cbd797e16d91a8f5071a73dec38101ffe1f5e8516354,0,medium_load,reward_shaped_control,310818925,77012,192,152,1,39,0.7916666666666666,0.005208333333333333,5.066666666666666,5.690789473684211,10.0,1.198611111111111,9,36,10.770566465248498,0.20756067474135007,0.02746913580246913,0.7075001108714541,0.0814473951973952,0.3427108621226269,0.056607018936871735,0.0020833333333333333,0.7888888888888889,0.75,0.84,34,2,250,0.136,34,250,2,0.136
1,selected_checkpoint_independent_validation_gate,58fd1e77faafefcb67631c3a568116ad60ce2ba3c90c12de1262d6a3709caaf6,153b5cd85305f3f4c9a03fd549eea3e06785a0d1a447b96ec9005098c7d25742,medium_load/reward_shaped_control/seed_310818925,reward_shaped_control,proposed,78aea78fde3fed5a0350cbd797e16d91a8f5071a73dec38101ffe1f5e8516354,0,medium_load,reward_shaped_control,310818925,77013,192,158,0,34,0.8229166666666666,0.0,5.266666666666667,5.6265822784810124,9.0,1.1625,7,33,13.163155348668806,0.18695451012742723,0.026512345679012346,0.7035204675813044,0.07619096589684825,0.3691891033802798,0.058517351967955794,0.0,0.8181818181818182,0.7551020408163265,0.9090909090909091,31,2,188,0.16489361702127658,31,188,2,0.16489361702127658
1,selected_checkpoint_independent_validation_gate,58fd1e77faafefcb67631c3a568116ad60ce2ba3c90c12de1262d6a3709caaf6,153b5cd85305f3f4c9a03fd549eea3e06785a0d1a447b96ec9005098c7d25742,medium_load/reward_shaped_control/seed_310818925,reward_shaped_control,proposed,78aea78fde3fed5a0350cbd797e16d91a8f5071a73dec38101ffe1f5e8516354,0,medium_load,reward_shaped_control,310818925,77014,192,143,0,49,0.7447916666666666,0.0,4.766666666666667,6.300699300699301,11.0,1.3569444444444445,10,38,9.223502704442042,0.21296530012772916,0.031296296296296294,0.6997533684055629,0.08275075414781298,0.318786634618678,0.055953542544027825,0.0,0.7525773195876289,0.7454545454545455,0.725,30,8,232,0.12931034482758622,30,232,8,0.12931034482758622
1,selected_checkpoint_independent_validation_gate,58fd1e77faafefcb67631c3a568116ad60ce2ba3c90c12de1262d6a3709caaf6,153b5cd85305f3f4c9a03fd549eea3e06785a0d1a447b96ec9005098c7d25742,medium_load/reward_shaped_control/seed_310818925,reward_shaped_control,proposed,78aea78fde3fed5a0350cbd797e16d91a8f5071a73dec38101ffe1f5e8516354,0,medium_load,reward_shaped_control,310818925,77015,192,156,0,36,0.8125,0.0,5.2,5.717948717948718,9.25,1.1875,7,30,12.104615757230906,0.1889733128738319,0.02712962962962963,0.7082356371916434,0.06663730318529079,0.3519974628914258,0.056796929413965046,0.0,0.8,0.7719298245614035,0.8888888888888888,25,5,221,0.11312217194570136,25,221,5,0.11312217194570136
1,selected_checkpoint_independent_validation_gate,58fd1e77faafefcb67631c3a568116ad60ce2ba3c90c12de1262d6a3709caaf6,153b5cd85305f3f4c9a03fd549eea3e06785a0d1a447b96ec9005098c7d25742,medium_load/reward_shaped_control/seed_310818925,reward_shaped_control,proposed,78aea78fde3fed5a0350cbd797e16d91a8f5071a73dec38101ffe1f5e8516354,0,medium_load,reward_shaped_control,310818925,77016,192,163,0,29,0.8489583333333334,0.0,5.433333333333334,5.45398773006135,9.0,1.1305555555555555,8,20,13.708071764218243,0.18578926391024544,0.02564814814814815,0.7092241074212596,0.04865950226244343,0.37486305633364464,0.05828293569969098,0.0,0.8387096774193549,0.8412698412698413,0.8888888888888888,19,1,207,0.09178743961352658,19,207,1,0.09178743961352658
1,selected_checkpoint_independent_validation_gate,58fd1e77faafefcb67631c3a568116ad60ce2ba3c90c12de1262d6a3709caaf6,153b5cd85305f3f4c9a03fd549eea3e06785a0d1a447b96ec9005098c7d25742,medium_load/reward_shaped_control/seed_310818925,reward_shaped_control,proposed,78aea78fde3fed5a0350cbd797e16d91a8f5071a73dec38101ffe1f5e8516354,0,medium_load,reward_shaped_control,310818925,77017,192,161,1,30,0.8385416666666666,0.005208333333333333,5.366666666666666,5.37888198757764,9.0,1.1222222222222222,9,28,12.203346928397497,0.18780512346962494,0.025493827160493823,0.683659995542156,0.060647878809643514,0.35259375972611273,0.05546861324811065,0.0020833333333333333,0.8,0.8448275862068966,0.9090909090909091,27,1,217,0.12442396313364056,27,217,1,0.12442396313364056
1,selected_checkpoint_independent_validation_gate,58fd1e77faafefcb67631c3a568116ad60ce2ba3c90c12de1262d6a3709caaf6,153b5cd85305f3f4c9a03fd549eea3e06785a0d1a447b96ec9005098c7d25742,medium_load/reward_shaped_control/seed_310818925,reward_shaped_control,proposed,78aea78fde3fed5a0350cbd797e16d91a8f5071a73dec38101ffe1f5e8516354,0,medium_load,reward_shaped_control,310818925,77018,192,159,0,33,0.828125,0.0,5.3,5.364779874213837,9.0,1.1125,6,35,12.239336819233076,0.18814864457657393,0.02537037037037037,0.6988907386885944,0.07444272359907034,0.35341751299955637,0.056345725631331854,0.0,0.8137254901960784,0.8620689655172413,0.8125,28,7,220,0.12727272727272726,28,220,7,0.12727272727272726
1,selected_checkpoint_independent_validation_gate,58fd1e77faafefcb67631c3a568116ad60ce2ba3c90c12de1262d6a3709caaf6,153b5cd85305f3f4c9a03fd549eea3e06785a0d1a447b96ec9005098c7d25742,medium_load/reward_shaped_control/seed_310818925,reward_shaped_control,proposed,78aea78fde3fed5a0350cbd797e16d91a8f5071a73dec38101ffe1f5e8516354,0,medium_load,reward_shaped_control,310818925,77019,192,147,3,42,0.765625,0.015625,4.9,6.3061224489795915,10.699999999999989,1.3527777777777779,10,34,9.765945106229523,0.2089145917449177,0.03098765432098765,0.6898831055522329,0.0754628187716423,0.33104528097175157,0.05678230796021395,0.006547619047619048,0.7789473684210526,0.7704918032786885,0.7222222222222222,28,6,214,0.1308411214953271,28,214,6,0.1308411214953271
1,selected_checkpoint_independent_validation_gate,58fd1e77faafefcb67631c3a568116ad60ce2ba3c90c12de1262d6a3709caaf6,153b5cd85305f3f4c9a03fd549eea3e06785a0d1a447b96ec9005098c7d25742,medium_load/reward_shaped_control/seed_310818925,reward_shaped_control,proposed,78aea78fde3fed5a0350cbd797e16d91a8f5071a73dec38101ffe1f5e8516354,0,medium_load,reward_shaped_control,310818925,77020,192,152,3,37,0.7916666666666666,0.015625,5.066666666666666,5.506578947368421,9.449999999999989,1.1805555555555556,8,30,10.520728262578125,0.1871274103066016,0.02700617283950617,0.6702219728443086,0.0662778316454787,0.3294704332475231,0.055004959780592874,0.006869658119658119,0.797979797979798,0.7543859649122807,0.8333333333333334,30,0,212,0.14150943396226415,30,212,0,0.14150943396226415
1,selected_checkpoint_independent_validation_gate,58fd1e77faafefcb67631c3a568116ad60ce2ba3c90c12de1262d6a3709caaf6,153b5cd85305f3f4c9a03fd549eea3e06785a0d1a447b96ec9005098c7d25742,medium_load/qos_only_baseline/seed_2136406109,qos_only_baseline,qos_only,0bb5394cf4fd4376922ac5f7ee4a6ce227476f3912f0f0cedb7173730ea5d027,0,medium_load,qos_only_baseline,2136406109,77011,192,152,2,38,0.7916666666666666,0.010416666666666666,5.066666666666666,5.9144736842105265,10.0,1.2541666666666667,7,23,10.89505515298108,0.20213912005516133,0.02867283950617284,0.6986137913246947,0.0,0.3361695575666165,0.05548365851938535,0.0043417366946778705,0.7934782608695652,0.75,0.875,22,1,213,0.10328638497652583,22,213,1,0.10328638497652583
1,selected_checkpoint_independent_validation_gate,58fd1e77faafefcb67631c3a568116ad60ce2ba3c90c12de1262d6a3709caaf6,153b5cd85305f3f4c9a03fd549eea3e06785a0d1a447b96ec9005098c7d25742,medium_load/qos_only_baseline/seed_2136406109,qos_only_baseline,qos_only,0bb5394cf4fd4376922ac5f7ee4a6ce227476f3912f0f0cedb7173730ea5d027,0,medium_load,qos_only_baseline,2136406109,77012,192,150,0,42,0.78125,0.0,5.0,5.806666666666667,11.0,1.225,10,34,11.175241072620615,0.21041005043319555,0.028148148148148148,0.7097146324053123,0.0,0.34104533108790075,0.056825942295356355,0.0,0.7888888888888889,0.7307692307692307,0.82,33,1,246,0.13414634146341464,33,246,1,0.13414634146341464
1,selected_checkpoint_independent_validation_gate,58fd1e77faafefcb67631c3a568116ad60ce2ba3c90c12de1262d6a3709caaf6,153b5cd85305f3f4c9a03fd549eea3e06785a0d1a447b96ec9005098c7d25742,medium_load/qos_only_baseline/seed_2136406109,qos_only_baseline,qos_only,0bb5394cf4fd4376922ac5f7ee4a6ce227476f3912f0f0cedb7173730ea5d027,0,medium_load,qos_only_baseline,2136406109,77013,192,158,1,33,0.8229166666666666,0.005208333333333333,5.266666666666667,5.487341772151899,10.0,1.148611111111111,8,26,13.723127455166074,0.17773175841951713,0.02617283950617284,0.7015335658324068,0.0,0.3680018837371779,0.05821230400339538,0.00196078431372549,0.8383838383838383,0.7551020408163265,0.8636363636363636,24,2,192,0.125,24,192,2,0.125
1,selected_checkpoint_independent_validation_gate,58fd1e77faafefcb67631c3a568116ad60ce2ba3c90c12de1262d6a3709caaf6,153b5cd85305f3f4c9a03fd549eea3e06785a0d1a447b96ec9005098c7d25742,medium_load/qos_only_baseline/seed_2136406109,qos_only_baseline,qos_only,0bb5394cf4fd4376922ac5f7ee4a6ce227476f3912f0f0cedb7173730ea5d027,0,medium_load,qos_only_baseline,2136406109,77014,192,147,0,45,0.765625,0.0,4.9,6.272108843537415,10.0,1.3611111111111112,12,31,10.449512332194635,0.20404674228156103,0.03126543209876543,0.7079448355574349,0.0,0.32688864240334836,0.056066355505586016,0.0,0.7835051546391752,0.7454545454545455,0.75,29,2,228,0.12719298245614036,29,228,2,0.12719298245614036
1,selected_checkpoint_independent_validation_gate,58fd1e77faafefcb67631c3a568116ad60ce2ba3c90c12de1262d6a3709caaf6,153b5cd85305f3f4c9a03fd549eea3e06785a0d1a447b96ec9005098c7d25742,medium_load/qos_only_baseline/seed_2136406109,qos_only_baseline,qos_only,0bb5394cf4fd4376922ac5f7ee4a6ce227476f3912f0f0cedb7173730ea5d027,0,medium_load,qos_only_baseline,2136406109,77015,192,157,0,35,0.8177083333333334,0.0,5.233333333333333,5.477707006369426,9.0,1.136111111111111,9,29,12.750668881885117,0.18432107998827807,0.025956790123456794,0.7060410105189068,0.0,0.3531901187048246,0.056673282078778205,0.0,0.8,0.7894736842105263,0.8888888888888888,27,2,224,0.12053571428571429,27,224,2,0.12053571428571429
1,selected_checkpoint_independent_validation_gate,58fd1e77faafefcb67631c3a568116ad60ce2ba3c90c12de1262d6a3709caaf6,153b5cd85305f3f4c9a03fd549eea3e06785a0d1a447b96ec9005098c7d25742,medium_load/qos_only_baseline/seed_2136406109,qos_only_baseline,qos_only,0bb5394cf4fd4376922ac5f7ee4a6ce227476f3912f0f0cedb7173730ea5d027,0,medium_load,qos_only_baseline,2136406109,77016,192,161,0,31,0.8385416666666666,0.0,5.366666666666666,5.416149068322981,9.0,1.1166666666666667,8,13,14.521552349453613,0.18350948184137714,0.02540123456790123,0.7210594382951167,0.0,0.3829623880591371,0.059366178112776266,0.0,0.8172043010752689,0.8412698412698413,0.8888888888888888,13,0,198,0.06565656565656566,13,198,0,0.06565656565656566
1,selected_checkpoint_independent_validation_gate,58fd1e77faafefcb67631c3a568116ad60ce2ba3c90c12de1262d6a3709caaf6,153b5cd85305f3f4c9a03fd549eea3e06785a0d1a447b96ec9005098c7d25742,medium_load/qos_only_baseline/seed_2136406109,qos_only_baseline,qos_only,0bb5394cf4fd4376922ac5f7ee4a6ce227476f3912f0f0cedb7173730ea5d027,0,medium_load,qos_only_baseline,2136406109,77017,192,156,1,35,0.8125,0.005208333333333333,5.2,5.416666666666667,9.0,1.15,9,32,12.384142341472561,0.1903053366949015,0.02626543209876543,0.6955030268056733,0.0,0.35188961909550154,0.05662063976325231,0.0022222222222222222,0.7888888888888889,0.7931034482758621,0.8863636363636364,30,2,211,0.14218009478672985,30,211,2,0.14218009478672985
1,selected_checkpoint_independent_validation_gate,58fd1e77faafefcb67631c3a568116ad60ce2ba3c90c12de1262d6a3709caaf6,153b5cd85305f3f4c9a03fd549eea3e06785a0d1a447b96ec9005098c7d25742,medium_load/qos_only_baseline/seed_2136406109,qos_only_baseline,qos_only,0bb5394cf4fd4376922ac5f7ee4a6ce227476f3912f0f0cedb7173730ea5d027,0,medium_load,qos_only_baseline,2136406109,77018,192,158,0,34,0.8229166666666666,0.0,5.266666666666667,5.056962025316456,8.0,1.0486111111111112,7,32,13.229232874956105,0.18045985913651566,0.023981481481481482,0.694676691566339,0.0,0.35787009473154985,0.056530468195614365,0.0,0.8137254901960784,0.8448275862068966,0.8125,28,4,225,0.12444444444444444,28,225,4,0.12444444444444444
1,selected_checkpoint_independent_validation_gate,58fd1e77faafefcb67631c3a568116ad60ce2ba3c90c12de1262d6a3709caaf6,153b5cd85305f3f4c9a03fd549eea3e06785a0d1a447b96ec9005098c7d25742,medium_load/qos_only_baseline/seed_2136406109,qos_only_baseline,qos_only,0bb5394cf4fd4376922ac5f7ee4a6ce227476f3912f0f0cedb7173730ea5d027,0,medium_load,qos_only_baseline,2136406109,77019,192,153,1,38,0.796875,0.005208333333333333,5.1,5.888888888888889,10.0,1.2361111111111112,9,27,11.738164015482884,0.20242000010955793,0.0282716049382716,0.6976504913003725,0.0,0.3481297586715544,0.057406058590223484,0.0022222222222222222,0.8105263157894737,0.8032786885245902,0.75,26,1,219,0.1187214611872146,26,219,1,0.1187214611872146
1,selected_checkpoint_independent_validation_gate,58fd1e77faafefcb67631c3a568116ad60ce2ba3c90c12de1262d6a3709caaf6,153b5cd85305f3f4c9a03fd549eea3e06785a0d1a447b96ec9005098c7d25742,medium_load/qos_only_baseline/seed_2136406109,qos_only_baseline,qos_only,0bb5394cf4fd4376922ac5f7ee4a6ce227476f3912f0f0cedb7173730ea5d027,0,medium_load,qos_only_baseline,2136406109,77020,192,152,1,39,0.7916666666666666,0.005208333333333333,5.066666666666666,5.6118421052631575,9.449999999999989,1.176388888888889,9,23,10.829511459307161,0.19370438985791344,0.026975308641975306,0.6745997819655675,0.0,0.32695969335675223,0.054291516733104235,0.0023809523809523807,0.797979797979798,0.7543859649122807,0.8333333333333334,20,3,209,0.09569377990430622,20,209,3,0.09569377990430622
1,selected_checkpoint_independent_validation_gate,58fd1e77faafefcb67631c3a568116ad60ce2ba3c90c12de1262d6a3709caaf6,153b5cd85305f3f4c9a03fd549eea3e06785a0d1a447b96ec9005098c7d25742,medium_load/qos_only_constrained/seed_2136406109,qos_only_constrained,qos_only,7e2e935cce707e74655326b869250612d36edc7745ad647394e9fe5288ca0b49,0,medium_load,qos_only_constrained,2136406109,77011,192,154,1,37,0.8020833333333334,0.005208333333333333,5.133333333333334,5.798701298701299,10.0,1.2430555555555556,8,11,11.209830302603523,0.2047380823807601,0.028395061728395055,0.7051788377151317,0.0,0.3408242656036774,0.055710611411368904,0.0022222222222222222,0.7717391304347826,0.7941176470588235,0.90625,7,4,220,0.031818181818181815,7,220,4,0.031818181818181815
1,selected_checkpoint_independent_validation_gate,58fd1e77faafefcb67631c3a568116ad60ce2ba3c90c12de1262d6a3709caaf6,153b5cd85305f3f4c9a03fd549eea3e06785a0d1a447b96ec9005098c7d25742,medium_load/qos_only_constrained/seed_2136406109,qos_only_constrained,qos_only,7e2e935cce707e74655326b869250612d36edc7745ad647394e9fe5288ca0b49,0,medium_load,qos_only_constrained,2136406109,77012,192,149,0,43,0.7760416666666666,0.0,4.966666666666667,6.12751677852349,10.599999999999994,1.2861111111111112,8,15,10.775535890358416,0.21730984791113192,0.029537037037037035,0.7159104801364832,0.0,0.33870169590757826,0.056883365821326685,0.0,0.7666666666666667,0.7307692307692307,0.84,11,4,239,0.04602510460251046,11,239,4,0.04602510460251046
1,selected_checkpoint_independent_validation_gate,58fd1e77faafefcb67631c3a568116ad60ce2ba3c90c12de1262d6a3709caaf6,153b5cd85305f3f4c9a03fd549eea3e06785a0d1a447b96ec9005098c7d25742,medium_load/qos_only_constrained/seed_2136406109,qos_only_constrained,qos_only,7e2e935cce707e74655326b869250612d36edc7745ad647394e9fe5288ca0b49,0,medium_load,qos_only_constrained,2136406109,77013,192,149,3,40,0.7760416666666666,0.015625,4.966666666666667,6.23489932885906,12.0,1.35,12,10,11.947320299633425,0.18640547398405363,0.030864197530864192,0.7099385176527694,0.0,0.3496841393900218,0.05905667184440496,0.006563958916900092,0.797979797979798,0.6530612244897959,0.8636363636363636,9,1,189,0.047619047619047616,9,189,1,0.047619047619047616
1,selected_checkpoint_independent_validation_gate,58fd1e77faafefcb67631c3a568116ad60ce2ba3c90c12de1262d6a3709caaf6,153b5cd85305f3f4c9a03fd549eea3e06785a0d1a447b96ec9005098c7d25742,medium_load/qos_only_constrained/seed_2136406109,qos_only_constrained,qos_only,7e2e935cce707e74655326b869250612d36edc7745ad647394e9fe5288ca0b49,0,medium_load,qos_only_constrained,2136406109,77014,192,142,2,48,0.7395833333333334,0.010416666666666666,4.733333333333333,6.126760563380282,11.0,1.35,13,17,9.879798611632701,0.1969181531735069,0.03111111111111111,0.7148472016048314,0.0,0.3181959706959707,0.05685323487188102,0.004044117647058824,0.7422680412371134,0.7090909090909091,0.775,14,3,230,0.06086956521739131,14,230,3,0.06086956521739131
1,selected_checkpoint_independent_validation_gate,58fd1e77faafefcb67631c3a568116ad60ce2ba3c90c12de1262d6a3709caaf6,153b5cd85305f3f4c9a03fd549eea3e06785a0d1a447b96ec9005098c7d25742,medium_load/qos_only_constrained/seed_2136406109,qos_only_constrained,qos_only,7e2e935cce707e74655326b869250612d36edc7745ad647394e9fe5288ca0b49,0,medium_load,qos_only_constrained,2136406109,77015,192,153,0,39,0.796875,0.0,5.1,5.856209150326797,11.0,1.2375,12,18,12.04974080792367,0.1961467500620166,0.028333333333333332,0.7255665113659354,0.0,0.34936060127236596,0.05693107748666142,0.0,0.7777777777777778,0.7543859649122807,0.8888888888888888,13,5,226,0.05752212389380531,13,226,5,0.05752212389380531
1,selected_checkpoint_independent_validation_gate,58fd1e77faafefcb67631c3a568116ad60ce2ba3c90c12de1262d6a3709caaf6,153b5cd85305f3f4c9a03fd549eea3e06785a0d1a447b96ec9005098c7d25742,medium_load/qos_only_constrained/seed_2136406109,qos_only_constrained,qos_only,7e2e935cce707e74655326b869250612d36edc7745ad647394e9fe5288ca0b49,0,medium_load,qos_only_constrained,2136406109,77016,192,157,0,35,0.8177083333333334,0.0,5.233333333333333,5.662420382165605,10.199999999999989,1.1833333333333333,9,2,13.796292712590532,0.19073975831923476,0.02700617283950617,0.7245058980678204,0.0,0.3753205003630701,0.059692905755006444,0.0,0.8172043010752689,0.8095238095238095,0.8333333333333334,1,1,201,0.004975124378109453,1,201,1,0.004975124378109453
1,selected_checkpoint_independent_validation_gate,58fd1e77faafefcb67631c3a568116ad60ce2ba3c90c12de1262d6a3709caaf6,153b5cd85305f3f4c9a03fd549eea3e06785a0d1a447b96ec9005098c7d25742,medium_load/qos_only_constrained/seed_2136406109,qos_only_constrained,qos_only,7e2e935cce707e74655326b869250612d36edc7745ad647394e9fe5288ca0b49,0,medium_load,qos_only_constrained,2136406109,77017,192,152,3,37,0.7916666666666666,0.015625,5.066666666666666,5.342105263157895,10.0,1.1625,9,6,11.772207149918748,0.1872063376061321,0.02660493827160493,0.7065034161896404,0.0,0.34579568579568587,0.0570928241714561,0.0071672771672771675,0.7555555555555555,0.7586206896551724,0.9090909090909091,4,2,203,0.019704433497536946,4,203,2,0.019704433497536946
1,selected_checkpoint_independent_validation_gate,58fd1e77faafefcb67631c3a568116ad60ce2ba3c90c12de1262d6a3709caaf6,153b5cd85305f3f4c9a03fd549eea3e06785a0d1a447b96ec9005098c7d25742,medium_load/qos_only_constrained/seed_2136406109,qos_only_constrained,qos_only,7e2e935cce707e74655326b869250612d36edc7745ad647394e9fe5288ca0b49,0,medium_load,qos_only_constrained,2136406109,77018,192,157,0,35,0.8177083333333334,0.0,5.233333333333333,5.382165605095541,9.199999999999989,1.1305555555555555,9,13,12.428665609505968,0.18844170292270157,0.02583333333333333,0.7051822455545206,0.0,0.3497866937843719,0.05657939773724419,0.0,0.7941176470588235,0.8620689655172413,0.8125,10,3,229,0.043668122270742356,10,229,3,0.043668122270742356
1,selected_checkpoint_independent_validation_gate,58fd1e77faafefcb67631c3a568116ad60ce2ba3c90c12de1262d6a3709caaf6,153b5cd85305f3f4c9a03fd549eea3e06785a0d1a447b96ec9005098c7d25742,medium_load/qos_only_constrained/seed_2136406109,qos_only_constrained,qos_only,7e2e935cce707e74655326b869250612d36edc7745ad647394e9fe5288ca0b49,0,medium_load,qos_only_constrained,2136406109,77019,192,152,1,39,0.7916666666666666,0.005208333333333333,5.066666666666666,5.842105263157895,10.0,1.2305555555555556,12,16,11.274365570384852,0.1984013270443984,0.02817901234567901,0.7063068968469454,0.0,0.3388984657986206,0.056476145502051815,0.0023809523809523807,0.8,0.7868852459016393,0.7777777777777778,12,4,226,0.05309734513274336,12,226,4,0.05309734513274336
1,selected_checkpoint_independent_validation_gate,58fd1e77faafefcb67631c3a568116ad60ce2ba3c90c12de1262d6a3709caaf6,153b5cd85305f3f4c9a03fd549eea3e06785a0d1a447b96ec9005098c7d25742,medium_load/qos_only_constrained/seed_2136406109,qos_only_constrained,qos_only,7e2e935cce707e74655326b869250612d36edc7745ad647394e9fe5288ca0b49,0,medium_load,qos_only_constrained,2136406109,77020,192,151,1,40,0.7864583333333334,0.005208333333333333,5.033333333333333,5.71523178807947,10.5,1.2125,9,11,11.029888116717215,0.19639773493264348,0.02780864197530864,0.6931412982558179,0.0,0.3331728783199372,0.05595835949289832,0.002564102564102564,0.7777777777777778,0.7543859649122807,0.8611111111111112,9,2,213,0.04225352112676056,9,213,2,0.04225352112676056
1,selected_checkpoint_independent_validation_gate,58fd1e77faafefcb67631c3a568116ad60ce2ba3c90c12de1262d6a3709caaf6,153b5cd85305f3f4c9a03fd549eea3e06785a0d1a447b96ec9005098c7d25742,medium_load/reward_shaped_control/seed_2136406109,reward_shaped_control,proposed,92b4fe6b0f38c2ddfe63568e7a6b50ccbe29576161a7592a18a02e184928fe45,0,medium_load,reward_shaped_control,2136406109,77011,192,152,1,39,0.7916666666666666,0.005208333333333333,5.066666666666666,5.8355263157894735,10.0,1.238888888888889,9,33,10.681281569486615,0.20178013743882495,0.0283641975308642,0.6959121637041373,0.07141145819551394,0.33719433387390046,0.0555650084743652,0.0022222222222222222,0.782608695652174,0.75,0.90625,31,2,219,0.1415525114155251,31,219,2,0.1415525114155251
1,selected_checkpoint_independent_validation_gate,58fd1e77faafefcb67631c3a568116ad60ce2ba3c90c12de1262d6a3709caaf6,153b5cd85305f3f4c9a03fd549eea3e06785a0d1a447b96ec9005098c7d25742,medium_load/reward_shaped_control/seed_2136406109,reward_shaped_control,proposed,92b4fe6b0f38c2ddfe63568e7a6b50ccbe29576161a7592a18a02e184928fe45,0,medium_load,reward_shaped_control,2136406109,77012,192,153,0,39,0.796875,0.0,5.1,5.5816993464052285,9.400000000000006,1.1597222222222223,8,40,11.061831429964403,0.20532770370573047,0.026604938271604938,0.7067607667555922,0.08886163128810187,0.3447130864777924,0.05638401367243828,0.0,0.7888888888888889,0.7692307692307693,0.84,39,1,247,0.15789473684210525,39,247,1,0.15789473684210525
1,selected_checkpoint_independent_validation_gate,58fd1e77faafefcb67631c3a568116ad60ce2ba3c90c12de1262d6a3709caaf6,153b5cd85305f3f4c9a03fd549eea3e06785a0d1a447b96ec9005098c7d25742,medium_load/reward_shaped_control/seed_2136406109,reward_shaped_control,proposed,92b4fe6b0f38c2ddfe63568e7a6b50ccbe29576161a7592a18a02e184928fe45,0,medium_load,reward_shaped_control,2136406109,77013,192,158,0,34,0.8229166666666666,0.0,5.266666666666667,5.708860759493671,10.0,1.1916666666666667,8,33,13.003410000095023,0.18367853670409867,0.02716049382716049,0.700780467820277,0.07283586511527688,0.3646374077991726,0.05775664024267405,0.0,0.8282828282828283,0.7551020408163265,0.8863636363636364,30,3,196,0.15306122448979592,30,196,3,0.15306122448979592
1,selected_checkpoint_independent_validation_gate,58fd1e77faafefcb67631c3a568116ad60ce2ba3c90c12de1262d6a3709caaf6,153b5cd85305f3f4c9a03fd549eea3e06785a0d1a447b96ec9005098c7d25742,medium_load/reward_shaped_control/seed_2136406109,reward_shaped_control,proposed,92b4fe6b0f38c2ddfe63568e7a6b50ccbe29576161a7592a18a02e184928fe45,0,medium_load,reward_shaped_control,2136406109,77014,192,147,0,45,0.765625,0.0,4.9,6.333333333333333,11.0,1.3569444444444445,10,34,9.720035253974919,0.20422871598554873,0.031172839506172837,0.7018186197931658,0.07299118365294836,0.32174208144796396,0.05535901463037176,0.0,0.7835051546391752,0.7636363636363637,0.725,32,2,239,0.13389121338912133,32,239,2,0.13389121338912133
1,selected_checkpoint_independent_validation_gate,58fd1e77faafefcb67631c3a568116ad60ce2ba3c90c12de1262d6a3709caaf6,153b5cd85305f3f4c9a03fd549eea3e06785a0d1a447b96ec9005098c7d25742,medium_load/reward_shaped_control/seed_2136406109,reward_shaped_control,proposed,92b4fe6b0f38c2ddfe63568e7a6b50ccbe29576161a7592a18a02e184928fe45,0,medium_load,reward_shaped_control,2136406109,77015,192,158,0,34,0.8229166666666666,0.0,5.266666666666667,5.5886075949367084,9.0,1.1541666666666666,9,34,12.011553930072889,0.188384039696552,0.026327160493827162,0.7062469967051348,0.0741499771298533,0.35045490442936267,0.05624214668197736,0.0,0.8222222222222222,0.7719298245614035,0.8888888888888888,31,3,223,0.13901345291479822,31,223,3,0.13901345291479822
1,selected_checkpoint_independent_validation_gate,58fd1e77faafefcb67631c3a568116ad60ce2ba3c90c12de1262d6a3709caaf6,153b5cd85305f3f4c9a03fd549eea3e06785a0d1a447b96ec9005098c7d25742,medium_load/reward_shaped_control/seed_2136406109,reward_shaped_control,proposed,92b4fe6b0f38c2ddfe63568e7a6b50ccbe29576161a7592a18a02e184928fe45,0,medium_load,reward_shaped_control,2136406109,77016,192,162,0,30,0.84375,0.0,5.4,5.209876543209877,8.0,1.0777777777777777,7,21,14.504068959464123,0.18022494057907365,0.024506172839506173,0.7193738338555683,0.05011121231709467,0.3855808407278996,0.059032114406740235,0.0,0.8387096774193549,0.8571428571428571,0.8333333333333334,20,1,203,0.09852216748768473,20,203,1,0.09852216748768473
1,selected_checkpoint_independent_validation_gate,58fd1e77faafefcb67631c3a568116ad60ce2ba3c90c12de1262d6a3709caaf6,153b5cd85305f3f4c9a03fd549eea3e06785a0d1a447b96ec9005098c7d25742,medium_load/reward_shaped_control/seed_2136406109,reward_shaped_control,proposed,92b4fe6b0f38c2ddfe63568e7a6b50ccbe29576161a7592a18a02e184928fe45,0,medium_load,reward_shaped_control,2136406109,77017,192,159,1,32,0.828125,0.005208333333333333,5.3,5.339622641509434,10.0,1.1055555555555556,8,42,11.85330585305278,0.1886989178975992,0.025185185185185192,0.6853135465140283,0.09039504870774222,0.3504253516521319,0.05521173001900912,0.0023809523809523807,0.7888888888888889,0.8275862068965517,0.9090909090909091,38,4,222,0.17117117117117117,38,222,4,0.17117117117117117
1,selected_checkpoint_independent_validation_gate,58fd1e77faafefcb67631c3a568116ad60ce2ba3c90c12de1262d6a3709caaf6,153b5cd85305f3f4c9a03fd549eea3e06785a0d1a447b96ec9005098c7d25742,medium_load/reward_shaped_control/seed_2136406109,reward_shaped_control,proposed,92b4fe6b0f38c2ddfe63568e7a6b50ccbe29576161a7592a18a02e184928fe45,0,medium_load,reward_shaped_control,2136406109,77018,192,159,0,33,0.828125,0.0,5.3,5.2075471698113205,9.0,1.086111111111111,7,44,12.366762905211665,0.18409694404796256,0.024783950617283945,0.6988597999417212,0.09419628760186037,0.35525366618245885,0.05632560134861368,0.0,0.8235294117647058,0.8448275862068966,0.8125,38,6,222,0.17117117117117117,38,222,6,0.17117117117117117
1,selected_checkpoint_independent_validation_gate,58fd1e77faafefcb67631c3a568116ad60ce2ba3c90c12de1262d6a3709caaf6,153b5cd85305f3f4c9a03fd549eea3e06785a0d1a447b96ec9005098c7d25742,medium_load/reward_shaped_control/seed_2136406109,reward_shaped_control,proposed,92b4fe6b0f38c2ddfe63568e7a6b50ccbe29576161a7592a18a02e184928fe45,0,medium_load,reward_shaped_control,2136406109,77019,192,149,2,41,0.7760416666666666,0.010416666666666666,4.966666666666667,6.221476510067114,10.0,1.3222222222222222,9,36,10.371130278741292,0.20607140672901839,0.030277777777777782,0.6971290897189889,0.07875335176805764,0.33803945237768773,0.056887824253430926,0.004464285714285714,0.7894736842105263,0.7704918032786885,0.75,33,3,220,0.15,33,220,3,0.15
1,selected_checkpoint_independent_validation_gate,58fd1e77faafefcb67631c3a568116ad60ce2ba3c90c12de1262d6a3709caaf6,153b5cd85305f3f4c9a03fd549eea3e06785a0d1a447b96ec9005098c7d25742,medium_load/reward_shaped_control/seed_2136406109,reward_shaped_control,proposed,92b4fe6b0f38c2ddfe63568e7a6b50ccbe29576161a7592a18a02e184928fe45,0,medium_load,reward_shaped_control,2136406109,77020,192,153,0,39,0.796875,0.0,5.1,5.5816993464052285,9.400000000000006,1.1625,7,47,10.235268964107714,0.19534634523369168,0.026666666666666665,0.6843066809611495,0.09850876090427173,0.3257152543878551,0.05442777794792001,0.0,0.7676767676767676,0.8245614035087719,0.8333333333333334,43,4,215,0.2,43,215,4,0.2
1,selected_checkpoint_independent_validation_gate,58fd1e77faafefcb67631c3a568116ad60ce2ba3c90c12de1262d6a3709caaf6,153b5cd85305f3f4c9a03fd549eea3e06785a0d1a447b96ec9005098c7d25742,medium_load/qos_only_baseline/seed_985998595,qos_only_baseline,qos_only,438e5208a857a7681b1d2e262bec28468c0c9dc14e78f6d4bc0e503975216b3d,0,medium_load,qos_only_baseline,985998595,77011,192,156,0,36,0.8125,0.0,5.2,6.006410256410256,10.0,1.2597222222222222,7,29,11.782214326718544,0.2045792366924224,0.028734567901234565,0.7021409578705814,0.0,0.3480412124568472,0.055609605559411836,0.0,0.7934782608695652,0.8088235294117647,0.875,25,4,222,0.11261261261261261,25,222,4,0.11261261261261261
1,selected_checkpoint_independent_validation_gate,58fd1e77faafefcb67631c3a568116ad60ce2ba3c90c12de1262d6a3709caaf6,153b5cd85305f3f4c9a03fd549eea3e06785a0d1a447b96ec9005098c7d25742,medium_load/qos_only_baseline/seed_985998595,qos_only_baseline,qos_only,438e5208a857a7681b1d2e262bec28468c0c9dc14e78f6d4bc0e503975216b3d,0,medium_load,qos_only_baseline,985998595,77012,192,150,0,42,0.78125,0.0,5.0,5.76,10.0,1.2152777777777777,9,47,11.131516405632976,0.21001086356156023,0.0279320987654321,0.7174072774330883,0.0,0.34041678479758986,0.05685752423532111,0.0,0.7777777777777778,0.75,0.82,42,5,245,0.17142857142857143,42,245,5,0.17142857142857143
1,selected_checkpoint_independent_validation_gate,58fd1e77faafefcb67631c3a568116ad60ce2ba3c90c12de1262d6a3709caaf6,153b5cd85305f3f4c9a03fd549eea3e06785a0d1a447b96ec9005098c7d25742,medium_load/qos_only_baseline/seed_985998595,qos_only_baseline,qos_only,438e5208a857a7681b1d2e262bec28468c0c9dc14e78f6d4bc0e503975216b3d,0,medium_load,qos_only_baseline,985998595,77013,192,158,1,33,0.8229166666666666,0.005208333333333333,5.266666666666667,5.329113924050633,10.0,1.1194444444444445,9,29,13.908512142586586,0.17530498709872258,0.025524691358024695,0.7045926452843579,0.0,0.3700576728053509,0.058698250331262566,0.0022222222222222222,0.8484848484848485,0.7346938775510204,0.8636363636363636,27,2,192,0.140625,27,192,2,0.140625
1,selected_checkpoint_independent_validation_gate,58fd1e77faafefcb67631c3a568116ad60ce2ba3c90c12de1262d6a3709caaf6,153b5cd85305f3f4c9a03fd549eea3e06785a0d1a447b96ec9005098c7d25742,medium_load/qos_only_baseline/seed_985998595,qos_only_baseline,qos_only,438e5208a857a7681b1d2e262bec28468c0c9dc14e78f6d4bc0e503975216b3d,0,medium_load,qos_only_baseline,985998595,77014,192,144,0,48,0.75,0.0,4.8,6.145833333333333,10.0,1.323611111111111,10,37,9.954587287759452,0.20163173321922612,0.03052469135802469,0.6988993120690151,0.0,0.3166592748210395,0.05557555870883272,0.0,0.7628865979381443,0.7636363636363637,0.7,34,3,232,0.14655172413793102,34,232,3,0.14655172413793102
1,selected_checkpoint_independent_validation_gate,58fd1e77faafefcb67631c3a568116ad60ce2ba3c90c12de1262d6a3709caaf6,153b5cd85305f3f4c9a03fd549eea3e06785a0d1a447b96ec9005098c7d25742,medium_load/qos_only_baseline/seed_985998595,qos_only_baseline,qos_only,438e5208a857a7681b1d2e262bec28468c0c9dc14e78f6d4bc0e503975216b3d,0,medium_load,qos_only_baseline,985998595,77015,192,157,0,35,0.8177083333333334,0.0,5.233333333333333,5.662420382165605,9.0,1.176388888888889,7,28,12.506790952599642,0.18931100549101396,0.026851851851851852,0.7109463540665799,0.0,0.3522129772245872,0.056458003166995056,0.0,0.8,0.7894736842105263,0.8888888888888888,24,4,221,0.1085972850678733,24,221,4,0.1085972850678733
1,selected_checkpoint_independent_validation_gate,58fd1e77faafefcb67631c3a568116ad60ce2ba3c90c12de1262d6a3709caaf6,153b5cd85305f3f4c9a03fd549eea3e06785a0d1a447b96ec9005098c7d25742,medium_load/qos_only_baseline/seed_985998595,qos_only_baseline,qos_only,438e5208a857a7681b1d2e262bec28468c0c9dc14e78f6d4bc0e503975216b3d,0,medium_load,qos_only_baseline,985998595,77016,192,162,0,30,0.84375,0.0,5.4,5.172839506172839,9.0,1.0722222222222222,8,21,14.444447700142772,0.17712166504337573,0.024382716049382715,0.7150428247141796,0.0,0.3777080354286237,0.05802360498188429,0.0,0.8387096774193549,0.8412698412698413,0.8611111111111112,21,0,202,0.10396039603960396,21,202,0,0.10396039603960396
1,selected_checkpoint_independent_validation_gate,58fd1e77faafefcb67631c3a568116ad60ce2ba3c90c12de1262d6a3709caaf6,153b5cd85305f3f4c9a03fd549eea3e06785a0d1a447b96ec9005098c7d25742,medium_load/qos_only_baseline/seed_985998595,qos_only_baseline,qos_only,438e5208a857a7681b1d2e262bec28468c0c9dc14e78f6d4bc0e503975216b3d,0,medium_load,qos_only_baseline,985998595,77017,192,158,0,34,0.8229166666666666,0.0,5.266666666666667,5.341772151898734,10.0,1.1319444444444444,9,31,12.270918128451097,0.19063467561646028,0.025833333333333333,0.6942154704068066,0.0,0.3476611759699996,0.05568858334488183,0.0,0.7777777777777778,0.8275862068965517,0.9090909090909091,29,2,213,0.13615023474178403,29,213,2,0.13615023474178403
1,selected_checkpoint_independent_validation_gate,58fd1e77faafefcb67631c3a568116ad60ce2ba3c90c12de1262d6a3709caaf6,153b5cd85305f3f4c9a03fd549eea3e06785a0d1a447b96ec9005098c7d25742,medium_load/qos_only_baseline/seed_985998595,qos_only_baseline,qos_only,438e5208a857a7681b1d2e262bec28468c0c9dc14e78f6d4bc0e503975216b3d,0,medium_load,qos_only_baseline,985998595,77018,192,158,1,33,0.8229166666666666,0.005208333333333333,5.266666666666667,5.082278481012659,8.150000000000006,1.0666666666666667,6,31,12.417686988645485,0.1846920257137061,0.024351851851851854,0.7017291204081298,0.0,0.34930854820560714,0.05585872791792607,0.0023809523809523807,0.8137254901960784,0.8448275862068966,0.8125,26,5,222,0.11711711711711711,26,222,5,0.11711711711711711
1,selected_checkpoint_independent_validation_gate,58fd1e77faafefcb67631c3a568116ad60ce2ba3c90c12de1262d6a3709caaf6,153b5cd85305f3f4c9a03fd549eea3e06785a0d1a447b96ec9005098c7d25742,medium_load/qos_only_baseline/seed_985998595,qos_only_baseline,qos_only,438e5208a857a7681b1d2e262bec28468c0c9dc14e78f6d4bc0e503975216b3d,0,medium_load,qos_only_baseline,985998595,77019,192,154,1,37,0.8020833333333334,0.005208333333333333,5.133333333333334,5.577922077922078,9.349999999999994,1.175,8,43,11.949645273174491,0.19623959259744517,0.02688271604938271,0.7077983546983152,0.0,0.3486694702213279,0.05729925668151624,0.0023809523809523807,0.8105263157894737,0.8032786885245902,0.7777777777777778,38,5,220,0.17272727272727273,38,220,5,0.17272727272727273
1,selected_checkpoint_independent_validation_gate,58fd1e77faafefcb67631c3a568116ad60ce2ba3c90c12de1262d6a3709caaf6,153b5cd85305f3f4c9a03fd549eea3e06785a0d1a447b96ec9005098c7d25742,medium_load/qos_only_baseline/seed_985998595,qos_only_baseline,qos_only,438e5208a857a7681b1d2e262bec28468c0c9dc14e78f6d4bc0e503975216b3d,0,medium_load,qos_only_baseline,985998595,77020,192,151,2,39,0.7864583333333334,0.010416666666666666,5.033333333333333,5.6158940397351,9.5,1.1847222222222222,8,32,10.883297808177655,0.19310657974938397,0.027160493827160494,0.6945322772851854,0.0,0.3314478803217194,0.055745542414757134,0.005128205128205128,0.7878787878787878,0.7368421052631579,0.8611111111111112,31,1,207,0.1497584541062802,31,207,1,0.1497584541062802
1,selected_checkpoint_independent_validation_gate,58fd1e77faafefcb67631c3a568116ad60ce2ba3c90c12de1262d6a3709caaf6,153b5cd85305f3f4c9a03fd549eea3e06785a0d1a447b96ec9005098c7d25742,medium_load/qos_only_constrained/seed_985998595,qos_only_constrained,qos_only,fd81e97e2ab04a463e16f3b1c27999610383188c4c0c2943a26ad0144af11eac,0,medium_load,qos_only_constrained,985998595,77011,192,151,1,40,0.7864583333333334,0.005208333333333333,5.033333333333333,6.218543046357616,11.0,1.325,9,23,10.510043397861235,0.2077759441535565,0.03030864197530864,0.6964619316076461,0.0,0.3309849535855729,0.05521631903425285,0.0022222222222222222,0.7717391304347826,0.75,0.90625,20,3,214,0.09345794392523364,20,214,3,0.09345794392523364
1,selected_checkpoint_independent_validation_gate,58fd1e77faafefcb67631c3a568116ad60ce2ba3c90c12de1262d6a3709caaf6,153b5cd85305f3f4c9a03fd549eea3e06785a0d1a447b96ec9005098c7d25742,medium_load/qos_only_constrained/seed_985998595,qos_only_constrained,qos_only,fd81e97e2ab04a463e16f3b1c27999610383188c4c0c2943a26ad0144af11eac,0,medium_load,qos_only_constrained,985998595,77012,192,149,0,43,0.7760416666666666,0.0,4.966666666666667,6.0134228187919465,11.0,1.2847222222222223,9,38,10.495405263030099,0.21285677599602934,0.029506172839506174,0.7016210027506143,0.0,0.3310532033326152,0.05635750021531101,0.0,0.7666666666666667,0.7307692307692307,0.84,31,7,242,0.128099173553719,31,242,7,0.128099173553719
1,selected_checkpoint_independent_validation_gate,58fd1e77faafefcb67631c3a568116ad60ce2ba3c90c12de1262d6a3709caaf6,153b5cd85305f3f4c9a03fd549eea3e06785a0d1a447b96ec9005098c7d25742,medium_load/qos_only_constrained/seed_985998595,qos_only_constrained,qos_only,fd81e97e2ab04a463e16f3b1c27999610383188c4c0c2943a26ad0144af11eac,0,medium_load,qos_only_constrained,985998595,77013,192,158,1,33,0.8229166666666666,0.005208333333333333,5.266666666666667,5.455696202531645,10.0,1.1375,9,29,13.245614111312342,0.17716471114962246,0.025925925925925925,0.698889552235734,0.0,0.35975209159032684,0.057448612451946546,0.0022222222222222222,0.8383838383838383,0.7346938775510204,0.8863636363636364,21,8,198,0.10606060606060606,21,198,8,0.10606060606060606
1,selected_checkpoint_independent_validation_gate,58fd1e77faafefcb67631c3a568116ad60ce2ba3c90c12de1262d6a3709caaf6,153b5cd85305f3f4c9a03fd549eea3e06785a0d1a447b96ec9005098c7d25742,medium_load/qos_only_constrained/seed_985998595,qos_only_constrained,qos_only,fd81e97e2ab04a463e16f3b1c27999610383188c4c0c2943a26ad0144af11eac,0,medium_load,qos_only_constrained,985998595,77014,192,142,1,49,0.7395833333333334,0.005208333333333333,4.733333333333333,6.422535211267606,11.0,1.3944444444444444,13,32,9.700187460641217,0.20547579529028423,0.03212962962962963,0.7071410891915312,0.0,0.31738217936747354,0.056096001729809455,0.00196078431372549,0.7628865979381443,0.6909090909090909,0.75,29,3,234,0.12393162393162394,29,234,3,0.12393162393162394
1,selected_checkpoint_independent_validation_gate,58fd1e77faafefcb67631c3a568116ad60ce2ba3c90c12de1262d6a3709caaf6,153b5cd85305f3f4c9a03fd549eea3e06785a0d1a447b96ec9005098c7d25742,medium_load/qos_only_constrained/seed_985998595,qos_only_constrained,qos_only,fd81e97e2ab04a463e16f3b1c27999610383188c4c0c2943a26ad0144af11eac,0,medium_load,qos_only_constrained,985998595,77015,192,157,0,35,0.8177083333333334,0.0,5.233333333333333,5.585987261146497,10.0,1.1694444444444445,8,35,11.81830082910517,0.19015674043646064,0.02669753086419753,0.7040522553837794,0.0,0.3406770870741459,0.05490822511922833,0.0,0.8222222222222222,0.7543859649122807,0.8888888888888888,26,9,226,0.11504424778761062,26,226,9,0.11504424778761062
1,selected_checkpoint_independent_validation_gate,58fd1e77faafefcb67631c3a568116ad60ce2ba3c90c12de1262d6a3709caaf6,153b5cd85305f3f4c9a03fd549eea3e06785a0d1a447b96ec9005098c7d25742,medium_load/qos_only_constrained/seed_985998595,qos_only_constrained,qos_only,fd81e97e2ab04a463e16f3b1c27999610383188c4c0c2943a26ad0144af11eac,0,medium_load,qos_only_constrained,985998595,77016,192,161,0,31,0.8385416666666666,0.0,5.366666666666666,5.024844720496894,9.0,1.0430555555555556,8,19,14.471908077097472,0.17734684860374433,0.02376543209876543,0.7196584494982633,0.0,0.37830786631096225,0.05893757486092444,0.0,0.8387096774193549,0.8253968253968254,0.8611111111111112,17,2,209,0.08133971291866028,17,209,2,0.08133971291866028
1,selected_checkpoint_independent_validation_gate,58fd1e77faafefcb67631c3a568116ad60ce2ba3c90c12de1262d6a3709caaf6,153b5cd85305f3f4c9a03fd549eea3e06785a0d1a447b96ec9005098c7d25742,medium_load/qos_only_constrained/seed_985998595,qos_only_constrained,qos_only,fd81e97e2ab04a463e16f3b1c27999610383188c4c0c2943a26ad0144af11eac,0,medium_load,qos_only_constrained,985998595,77017,192,153,4,35,0.796875,0.020833333333333332,5.1,5.379084967320262,11.0,1.1819444444444445,11,20,11.155648631846091,0.19039484757529826,0.026975308641975313,0.6903281270899344,0.0,0.336887736876127,0.05529055227967698,0.007691778465772274,0.7888888888888889,0.7241379310344828,0.9090909090909091,17,3,216,0.0787037037037037,17,216,3,0.0787037037037037
1,selected_checkpoint_independent_validation_gate,58fd1e77faafefcb67631c3a568116ad60ce2ba3c90c12de1262d6a3709caaf6,153b5cd85305f3f4c9a03fd549eea3e06785a0d1a447b96ec9005098c7d25742,medium_load/qos_only_constrained/seed_985998595,qos_only_constrained,qos_only,fd81e97e2ab04a463e16f3b1c27999610383188c4c0c2943a26ad0144af11eac,0,medium_load,qos_only_constrained,985998595,77018,192,154,2,36,0.8020833333333334,0.010416666666666666,5.133333333333334,4.987012987012987,9.0,1.086111111111111,9,46,11.952786768966975,0.17892512090773108,0.02487654320987654,0.6924356827793264,0.0,0.3404826230987222,0.055405253830754946,0.004464285714285714,0.7843137254901961,0.8275862068965517,0.8125,31,15,216,0.14351851851851852,31,216,15,0.14351851851851852
1,selected_checkpoint_independent_validation_gate,58fd1e77faafefcb67631c3a568116ad60ce2ba3c90c12de1262d6a3709caaf6,153b5cd85305f3f4c9a03fd549eea3e06785a0d1a447b96ec9005098c7d25742,medium_load/qos_only_constrained/seed_985998595,qos_only_constrained,qos_only,fd81e97e2ab04a463e16f3b1c27999610383188c4c0c2943a26ad0144af11eac,0,medium_load,qos_only_constrained,985998595,77019,192,149,2,41,0.7760416666666666,0.010416666666666666,4.966666666666667,6.154362416107382,10.0,1.3111111111111111,11,30,10.945206006378704,0.21171981987779145,0.030030864197530864,0.704997363061945,0.0,0.34287194831312484,0.057705599827266064,0.0044444444444444444,0.7789473684210526,0.7868852459016393,0.75,27,3,219,0.1232876712328767,27,219,3,0.1232876712328767
1,selected_checkpoint_independent_validation_gate,58fd1e77faafefcb67631c3a568116ad60ce2ba3c90c12de1262d6a3709caaf6,153b5cd85305f3f4c9a03fd549eea3e06785a0d1a447b96ec9005098c7d25742,medium_load/qos_only_constrained/seed_985998595,qos_only_constrained,qos_only,fd81e97e2ab04a463e16f3b1c27999610383188c4c0c2943a26ad0144af11eac,0,medium_load,qos_only_constrained,985998595,77020,192,149,4,39,0.7760416666666666,0.020833333333333332,4.966666666666667,5.483221476510067,10.0,1.1902777777777778,9,36,10.320578395208264,0.18540245274141226,0.02728395061728395,0.6834275676633639,0.0,0.3210253842877682,0.05442312010996035,0.008508403361344537,0.7777777777777778,0.7368421052631579,0.8333333333333334,27,9,214,0.1261682242990654,27,214,9,0.1261682242990654
1,selected_checkpoint_independent_validation_gate,58fd1e77faafefcb67631c3a568116ad60ce2ba3c90c12de1262d6a3709caaf6,153b5cd85305f3f4c9a03fd549eea3e06785a0d1a447b96ec9005098c7d25742,medium_load/reward_shaped_control/seed_985998595,reward_shaped_control,proposed,de27c7c1397c47ad2e2794163beb5362c8f29ea50e802c3574e8b38bc62bd1e9,0,medium_load,reward_shaped_control,985998595,77011,192,155,1,36,0.8072916666666666,0.005208333333333333,5.166666666666667,5.806451612903226,10.0,1.2166666666666666,8,35,10.906527813623825,0.20032547554732352,0.027777777777777776,0.6967310817936639,0.07683776592058325,0.34070368385770866,0.05506176699689511,0.0023809523809523807,0.7934782608695652,0.7794117647058824,0.90625,31,4,222,0.13963963963963963,31,222,4,0.13963963963963963
1,selected_checkpoint_independent_validation_gate,58fd1e77faafefcb67631c3a568116ad60ce2ba3c90c12de1262d6a3709caaf6,153b5cd85305f3f4c9a03fd549eea3e06785a0d1a447b96ec9005098c7d25742,medium_load/reward_shaped_control/seed_985998595,reward_shaped_control,proposed,de27c7c1397c47ad2e2794163beb5362c8f29ea50e802c3574e8b38bc62bd1e9,0,medium_load,reward_shaped_control,985998595,77012,192,147,0,45,0.765625,0.0,4.9,6.122448979591836,10.0,1.2986111111111112,10,59,9.032817430421563,0.22071325806788752,0.029876543209876545,0.7019509538432331,0.12667497835841487,0.3234130528054677,0.0558760757175493,0.0,0.7555555555555555,0.75,0.8,50,9,251,0.199203187250996,50,251,9,0.199203187250996
1,selected_checkpoint_independent_validation_gate,58fd1e77faafefcb67631c3a568116ad60ce2ba3c90c12de1262d6a3709caaf6,153b5cd85305f3f4c9a03fd549eea3e06785a0d1a447b96ec9005098c7d25742,medium_load/reward_shaped_control/seed_985998595,reward_shaped_control,proposed,de27c7c1397c47ad2e2794163beb5362c8f29ea50e802c3574e8b38bc62bd1e9,0,medium_load,reward_shaped_control,985998595,77013,192,158,0,34,0.8229166666666666,0.0,5.266666666666667,5.594936708860759,10.0,1.1583333333333334,8,33,13.40696060921173,0.17897130842218173,0.026419753086419754,0.7028204886499511,0.0749335930953578,0.36906695156695163,0.05859337784794505,0.0,0.8282828282828283,0.7346938775510204,0.9090909090909091,29,4,196,0.14795918367346939,29,196,4,0.14795918367346939
1,selected_checkpoint_independent_validation_gate,58fd1e77faafefcb67631c3a568116ad60ce2ba3c90c12de1262d6a3709caaf6,153b5cd85305f3f4c9a03fd549eea3e06785a0d1a447b96ec9005098c7d25742,medium_load/reward_shaped_control/seed_985998595,reward_shaped_control,proposed,de27c7c1397c47ad2e2794163beb5362c8f29ea50e802c3574e8b38bc62bd1e9,0,medium_load,reward_shaped_control,985998595,77014,192,143,1,48,0.7447916666666666,0.005208333333333333,4.766666666666667,6.3426573426573425,11.0,1.3652777777777778,10,47,9.130621885780075,0.20609173403124928,0.03145061728395062,0.6971467171129471,0.10073930426871605,0.3173602133160957,0.055478996457041595,0.0018518518518518517,0.7628865979381443,0.7090909090909091,0.75,42,5,235,0.17872340425531916,42,235,5,0.17872340425531916
1,selected_checkpoint_independent_validation_gate,58fd1e77faafefcb67631c3a568116ad60ce2ba3c90c12de1262d6a3709caaf6,153b5cd85305f3f4c9a03fd549eea3e06785a0d1a447b96ec9005098c7d25742,medium_load/reward_shaped_control/seed_985998595,reward_shaped_control,proposed,de27c7c1397c47ad2e2794163beb5362c8f29ea50e802c3574e8b38bc62bd1e9,0,medium_load,reward_shaped_control,985998595,77015,192,160,0,32,0.8333333333333334,0.0,5.333333333333333,5.2625,9.0,1.0777777777777777,7,35,12.797824461644256,0.17765998427252347,0.024567901234567903,0.7065552126804598,0.07903576815341522,0.3579912489471313,0.05611369013880515,0.0,0.8333333333333334,0.7719298245614035,0.9111111111111111,31,4,228,0.13596491228070176,31,228,4,0.13596491228070176
1,selected_checkpoint_independent_validation_gate,58fd1e77faafefcb67631c3a568116ad60ce2ba3c90c12de1262d6a3709caaf6,153b5cd85305f3f4c9a03fd549eea3e06785a0d1a447b96ec9005098c7d25742,medium_load/reward_shaped_control/seed_985998595,reward_shaped_control,proposed,de27c7c1397c47ad2e2794163beb5362c8f29ea50e802c3574e8b38bc62bd1e9,0,medium_load,reward_shaped_control,985998595,77016,192,164,0,28,0.8541666666666666,0.0,5.466666666666667,5.152439024390244,9.0,1.0597222222222222,6,27,14.068632770722648,0.17686625270890158,0.024043209876543205,0.7077025981805913,0.061510010886945875,0.376942932368629,0.0575835644091874,0.0,0.8494623655913979,0.8571428571428571,0.8611111111111112,27,0,212,0.12735849056603774,27,212,0,0.12735849056603774
1,selected_checkpoint_independent_validation_gate,58fd1e77faafefcb67631c3a568116ad60ce2ba3c90c12de1262d6a3709caaf6,153b5cd85305f3f4c9a03fd549eea3e06785a0d1a447b96ec9005098c7d25742,medium_load/reward_shaped_control/seed_985998595,reward_shaped_control,proposed,de27c7c1397c47ad2e2794163beb5362c8f29ea50e802c3574e8b38bc62bd1e9,0,medium_load,reward_shaped_control,985998595,77017,192,156,1,35,0.8125,0.005208333333333333,5.2,5.365384615384615,10.0,1.1347222222222222,8,40,11.417244788371724,0.18912812529291306,0.02592592592592592,0.6904383235991962,0.08928194354664944,0.3438312504488975,0.05556682753929525,0.0023809523809523807,0.8,0.7931034482758621,0.8636363636363636,33,7,215,0.15348837209302327,33,215,7,0.15348837209302327
1,selected_checkpoint_independent_validation_gate,58fd1e77faafefcb67631c3a568116ad60ce2ba3c90c12de1262d6a3709caaf6,153b5cd85305f3f4c9a03fd549eea3e06785a0d1a447b96ec9005098c7d25742,medium_load/reward_shaped_control/seed_985998595,reward_shaped_control,proposed,de27c7c1397c47ad2e2794163beb5362c8f29ea50e802c3574e8b38bc62bd1e9,0,medium_load,reward_shaped_control,985998595,77018,192,158,1,33,0.8229166666666666,0.005208333333333333,5.266666666666667,5.069620253164557,9.0,1.0694444444444444,7,46,11.933920514461555,0.17867121468345182,0.024413580246913584,0.6925833614026528,0.09699262611027316,0.3470549630108454,0.055320666688853194,0.00196078431372549,0.8333333333333334,0.8103448275862069,0.8125,39,7,222,0.17567567567567569,39,222,7,0.17567567567567569
1,selected_checkpoint_independent_validation_gate,58fd1e77faafefcb67631c3a568116ad60ce2ba3c90c12de1262d6a3709caaf6,153b5cd85305f3f4c9a03fd549eea3e06785a0d1a447b96ec9005098c7d25742,medium_load/reward_shaped_control/seed_985998595,reward_shaped_control,proposed,de27c7c1397c47ad2e2794163beb5362c8f29ea50e802c3574e8b38bc62bd1e9,0,medium_load,reward_shaped_control,985998595,77019,192,153,0,39,0.796875,0.0,5.1,5.803921568627451,10.0,1.2166666666666666,8,49,11.38016491842847,0.19937078452654855,0.02787037037037037,0.6988510324303527,0.1119705702793938,0.34949046868164524,0.0569580862724921,0.0,0.8,0.819672131147541,0.75,47,2,220,0.21363636363636362,47,220,2,0.21363636363636362
1,selected_checkpoint_independent_validation_gate,58fd1e77faafefcb67631c3a568116ad60ce2ba3c90c12de1262d6a3709caaf6,153b5cd85305f3f4c9a03fd549eea3e06785a0d1a447b96ec9005098c7d25742,medium_load/reward_shaped_control/seed_985998595,reward_shaped_control,proposed,de27c7c1397c47ad2e2794163beb5362c8f29ea50e802c3574e8b38bc62bd1e9,0,medium_load,reward_shaped_control,985998595,77020,192,150,1,41,0.78125,0.005208333333333333,5.0,5.466666666666667,9.0,1.1680555555555556,7,40,10.765889662469684,0.1864437550392892,0.026851851851851852,0.6818931373344541,0.08913653540588526,0.33140519725659057,0.05561103984353829,0.0022222222222222222,0.7575757575757576,0.7894736842105263,0.8333333333333334,39,1,217,0.17972350230414746,39,217,1,0.17972350230414746
1,selected_checkpoint_independent_validation_gate,58fd1e77faafefcb67631c3a568116ad60ce2ba3c90c12de1262d6a3709caaf6,153b5cd85305f3f4c9a03fd549eea3e06785a0d1a447b96ec9005098c7d25742,medium_load/qos_only_baseline/seed_515636025,qos_only_baseline,qos_only,3ed30eed560124666991d1669de21e85361a98b495dc9b4555a546eafb435b1d,0,medium_load,qos_only_baseline,515636025,77011,192,156,1,35,0.8125,0.005208333333333333,5.2,5.801282051282051,10.0,1.211111111111111,7,38,10.966373398045043,0.2008638311698592,0.027623456790123454,0.6806087176841413,0.0,0.33320627013738474,0.05398847525118045,0.0022222222222222222,0.8043478260869565,0.7794117647058824,0.90625,35,3,227,0.15418502202643172,35,227,3,0.15418502202643172
1,selected_checkpoint_independent_validation_gate,58fd1e77faafefcb67631c3a568116ad60ce2ba3c90c12de1262d6a3709caaf6,153b5cd85305f3f4c9a03fd549eea3e06785a0d1a447b96ec9005098c7d25742,medium_load/qos_only_baseline/seed_515636025,qos_only_baseline,qos_only,3ed30eed560124666991d1669de21e85361a98b495dc9b4555a546eafb435b1d,0,medium_load,qos_only_baseline,515636025,77012,192,147,1,44,0.765625,0.005208333333333333,4.9,6.08843537414966,10.0,1.3069444444444445,8,63,9.706498539428248,0.21505649569380772,0.03003086419753086,0.6974362500432293,0.0,0.3206972937623093,0.055110522243636925,0.0017543859649122805,0.7444444444444445,0.7115384615384616,0.86,52,11,250,0.208,52,250,11,0.208
1,selected_checkpoint_independent_validation_gate,58fd1e77faafefcb67631c3a568116ad60ce2ba3c90c12de1262d6a3709caaf6,153b5cd85305f3f4c9a03fd549eea3e06785a0d1a447b96ec9005098c7d25742,medium_load/qos_only_baseline/seed_515636025,qos_only_baseline,qos_only,3ed30eed560124666991d1669de21e85361a98b495dc9b4555a546eafb435b1d,0,medium_load,qos_only_baseline,515636025,77013,192,153,0,39,0.796875,0.0,5.1,5.562091503267974,11.0,1.176388888888889,9,37,12.879301080089922,0.18236760084622045,0.026975308641975306,0.6996115131286815,0.0,0.35449809449809455,0.05777153920522573,0.0,0.797979797979798,0.7346938775510204,0.8636363636363636,30,7,201,0.14925373134328357,30,201,7,0.14925373134328357
1,selected_checkpoint_independent_validation_gate,58fd1e77faafefcb67631c3a568116ad60ce2ba3c90c12de1262d6a3709caaf6,153b5cd85305f3f4c9a03fd549eea3e06785a0d1a447b96ec9005098c7d25742,medium_load/qos_only_baseline/seed_515636025,qos_only_baseline,qos_only,3ed30eed560124666991d1669de21e85361a98b495dc9b4555a546eafb435b1d,0,medium_load,qos_only_baseline,515636025,77014,192,141,1,50,0.734375,0.005208333333333333,4.7,6.226950354609929,10.0,1.363888888888889,8,54,9.544429901778038,0.20210223848135456,0.03148148148148148,0.693055579194354,0.0,0.31199379639395125,0.055432441056222644,0.0018518518518518517,0.7525773195876289,0.6909090909090909,0.75,41,13,234,0.1752136752136752,41,234,13,0.1752136752136752
1,selected_checkpoint_independent_validation_gate,58fd1e77faafefcb67631c3a568116ad60ce2ba3c90c12de1262d6a3709caaf6,153b5cd85305f3f4c9a03fd549eea3e06785a0d1a447b96ec9005098c7d25742,medium_load/qos_only_baseline/seed_515636025,qos_only_baseline,qos_only,3ed30eed560124666991d1669de21e85361a98b495dc9b4555a546eafb435b1d,0,medium_load,qos_only_baseline,515636025,77015,192,154,0,38,0.8020833333333334,0.0,5.133333333333334,5.62987012987013,9.349999999999994,1.1875,7,51,11.978879682782006,0.1885272910886746,0.02719135802469136,0.6986756484508913,0.0,0.34250919831802196,0.0557446485646002,0.0,0.8,0.7368421052631579,0.8888888888888888,40,11,220,0.18181818181818182,40,220,11,0.18181818181818182
1,selected_checkpoint_independent_validation_gate,58fd1e77faafefcb67631c3a568116ad60ce2ba3c90c12de1262d6a3709caaf6,153b5cd85305f3f4c9a03fd549eea3e06785a0d1a447b96ec9005098c7d25742,medium_load/qos_only_baseline/seed_515636025,qos_only_baseline,qos_only,3ed30eed560124666991d1669de21e85361a98b495dc9b4555a546eafb435b1d,0,medium_load,qos_only_baseline,515636025,77016,192,163,0,29,0.8489583333333334,0.0,5.433333333333334,5.07361963190184,8.0,1.0444444444444445,6,30,14.695626488139478,0.1773648198951486,0.023734567901234568,0.714222002848326,0.0,0.381742200867588,0.05855510962890895,0.0,0.8494623655913979,0.8253968253968254,0.8888888888888888,28,2,209,0.1339712918660287,28,209,2,0.1339712918660287
1,selected_checkpoint_independent_validation_gate,58fd1e77faafefcb67631c3a568116ad60ce2ba3c90c12de1262d6a3709caaf6,153b5cd85305f3f4c9a03fd549eea3e06785a0d1a447b96ec9005098c7d25742,medium_load/qos_only_baseline/seed_515636025,qos_only_baseline,qos_only,3ed30eed560124666991d1669de21e85361a98b495dc9b4555a546eafb435b1d,0,medium_load,qos_only_baseline,515636025,77017,192,156,3,33,0.8125,0.015625,5.2,5.160256410256411,9.0,1.1152777777777778,7,44,11.74596472121092,0.1823345389134837,0.0254320987654321,0.6861865136451055,0.0,0.34017009592860986,0.054993612716138715,0.006004901960784314,0.8,0.7586206896551724,0.9090909090909091,29,15,211,0.13744075829383887,29,211,15,0.13744075829383887
1,selected_checkpoint_independent_validation_gate,58fd1e77faafefcb67631c3a568116ad60ce2ba3c90c12de1262d6a3709caaf6,153b5cd85305f3f4c9a03fd549eea3e06785a0d1a447b96ec9005098c7d25742,medium_load/qos_only_baseline/seed_515636025,qos_only_baseline,qos_only,3ed30eed560124666991d1669de21e85361a98b495dc9b4555a546eafb435b1d,0,medium_load,qos_only_baseline,515636025,77018,192,156,1,35,0.8125,0.005208333333333333,5.2,5.0576923076923075,9.0,1.0833333333333333,7,45,12.316570148138288,0.18086634912037097,0.02478395061728395,0.6926892743584016,0.0,0.3451160506733262,0.055506593586711735,0.0020833333333333333,0.803921568627451,0.8275862068965517,0.8125,36,9,221,0.16289592760180996,36,221,9,0.16289592760180996
1,selected_checkpoint_independent_validation_gate,58fd1e77faafefcb67631c3a568116ad60ce2ba3c90c12de1262d6a3709caaf6,153b5cd85305f3f4c9a03fd549eea3e06785a0d1a447b96ec9005098c7d25742,medium_load/qos_only_baseline/seed_515636025,qos_only_baseline,qos_only,3ed30eed560124666991d1669de21e85361a98b495dc9b4555a546eafb435b1d,0,medium_load,qos_only_baseline,515636025,77019,192,153,2,37,0.796875,0.010416666666666666,5.1,5.529411764705882,10.0,1.1791666666666667,8,48,11.471998058682289,0.1928862398638682,0.026975308641975303,0.6910592073776655,0.0,0.34008566038364807,0.05587866851560216,0.004305555555555555,0.8421052631578947,0.7704918032786885,0.7222222222222222,42,6,228,0.18421052631578946,42,228,6,0.18421052631578946
1,selected_checkpoint_independent_validation_gate,58fd1e77faafefcb67631c3a568116ad60ce2ba3c90c12de1262d6a3709caaf6,153b5cd85305f3f4c9a03fd549eea3e06785a0d1a447b96ec9005098c7d25742,medium_load/qos_only_baseline/seed_515636025,qos_only_baseline,qos_only,3ed30eed560124666991d1669de21e85361a98b495dc9b4555a546eafb435b1d,0,medium_load,qos_only_baseline,515636025,77020,192,147,4,41,0.765625,0.020833333333333332,4.9,5.510204081632653,9.699999999999989,1.2194444444444446,7,59,10.131821773892554,0.18836019855470437,0.027993827160493825,0.6779457004780113,0.0,0.3191849816849817,0.05426073909311015,0.008333333333333333,0.7575757575757576,0.7368421052631579,0.8333333333333334,45,14,206,0.21844660194174756,45,206,14,0.21844660194174756
1,selected_checkpoint_independent_validation_gate,58fd1e77faafefcb67631c3a568116ad60ce2ba3c90c12de1262d6a3709caaf6,153b5cd85305f3f4c9a03fd549eea3e06785a0d1a447b96ec9005098c7d25742,medium_load/qos_only_constrained/seed_515636025,qos_only_constrained,qos_only,54f9154256ed1e12bfe1d2b46a9bc9fdf912447261e10b6f74c5dac8631c4f57,0,medium_load,qos_only_constrained,515636025,77011,192,150,1,41,0.78125,0.005208333333333333,5.0,6.166666666666667,11.0,1.3111111111111111,10,20,10.76909250931389,0.20688228560463257,0.03003086419753086,0.6986027237435855,0.0,0.33450084773614186,0.05560992121101111,0.0018518518518518517,0.7717391304347826,0.7352941176470589,0.90625,18,2,220,0.08181818181818182,18,220,2,0.08181818181818182
1,selected_checkpoint_independent_validation_gate,58fd1e77faafefcb67631c3a568116ad60ce2ba3c90c12de1262d6a3709caaf6,153b5cd85305f3f4c9a03fd549eea3e06785a0d1a447b96ec9005098c7d25742,medium_load/qos_only_constrained/seed_515636025,qos_only_constrained,qos_only,54f9154256ed1e12bfe1d2b46a9bc9fdf912447261e10b6f74c5dac8631c4f57,0,medium_load,qos_only_constrained,515636025,77012,192,151,1,40,0.7864583333333334,0.005208333333333333,5.033333333333333,5.7218543046357615,10.0,1.2027777777777777,10,15,11.501884170773492,0.20368468240026147,0.027592592592592592,0.7136991732080454,0.0,0.3450764023558142,0.057064232632541,0.00196078431372549,0.8,0.7307692307692307,0.82,13,2,246,0.052845528455284556,13,246,2,0.052845528455284556
1,selected_checkpoint_independent_validation_gate,58fd1e77faafefcb67631c3a568116ad60ce2ba3c90c12de1262d6a3709caaf6,153b5cd85305f3f4c9a03fd549eea3e06785a0d1a447b96ec9005098c7d25742,medium_load/qos_only_constrained/seed_515636025,qos_only_constrained,qos_only,54f9154256ed1e12bfe1d2b46a9bc9fdf912447261e10b6f74c5dac8631c4f57,0,medium_load,qos_only_constrained,515636025,77013,192,155,1,36,0.8072916666666666,0.005208333333333333,5.166666666666667,5.32258064516129,10.0,1.125,8,13,13.712963208285654,0.17468448411841664,0.025740740740740745,0.709391639588792,0.0,0.3668334361716716,0.059074136194882304,0.0022222222222222222,0.8484848484848485,0.6938775510204082,0.8409090909090909,12,1,196,0.061224489795918366,12,196,1,0.061224489795918366
1,selected_checkpoint_independent_validation_gate,58fd1e77faafefcb67631c3a568116ad60ce2ba3c90c12de1262d6a3709caaf6,153b5cd85305f3f4c9a03fd549eea3e06785a0d1a447b96ec9005098c7d25742,medium_load/qos_only_constrained/seed_515636025,qos_only_constrained,qos_only,54f9154256ed1e12bfe1d2b46a9bc9fdf912447261e10b6f74c5dac8631c4f57,0,medium_load,qos_only_constrained,515636025,77014,192,142,1,49,0.7395833333333334,0.005208333333333333,4.733333333333333,6.246478873239437,10.0,1.3777777777777778,11,16,9.745029096223542,0.20093936565579204,0.03175925925925926,0.7069775360253805,0.0,0.3156031668996066,0.05623800222320496,0.0018518518518518517,0.7628865979381443,0.7090909090909091,0.725,13,3,231,0.05627705627705628,13,231,3,0.05627705627705628
1,selected_checkpoint_independent_validation_gate,58fd1e77faafefcb67631c3a568116ad60ce2ba3c90c12de1262d6a3709caaf6,153b5cd85305f3f4c9a03fd549eea3e06785a0d1a447b96ec9005098c7d25742,medium_load/qos_only_constrained/seed_515636025,qos_only_constrained,qos_only,54f9154256ed1e12bfe1d2b46a9bc9fdf912447261e10b6f74c5dac8631c4f57,0,medium_load,qos_only_constrained,515636025,77015,192,154,0,38,0.8020833333333334,0.0,5.133333333333334,5.584415584415584,9.0,1.1708333333333334,9,19,12.47016937124946,0.18912661640086897,0.02682098765432099,0.7120297126456383,0.0,0.3515891152191462,0.0571954027442073,0.0,0.7777777777777778,0.7894736842105263,0.8666666666666667,16,3,225,0.07111111111111111,16,225,3,0.07111111111111111
1,selected_checkpoint_independent_validation_gate,58fd1e77faafefcb67631c3a568116ad60ce2ba3c90c12de1262d6a3709caaf6,153b5cd85305f3f4c9a03fd549eea3e06785a0d1a447b96ec9005098c7d25742,medium_load/qos_only_constrained/seed_515636025,qos_only_constrained,qos_only,54f9154256ed1e12bfe1d2b46a9bc9fdf912447261e10b6f74c5dac8631c4f57,0,medium_load,qos_only_constrained,515636025,77016,192,164,0,28,0.8541666666666666,0.0,5.466666666666667,5.2682926829268295,9.0,1.0958333333333334,7,12,15.08790239407449,0.1792347319116969,0.02484567901234568,0.7221330847551483,0.0,0.39011238460541875,0.05970105811265886,0.0,0.8494623655913979,0.8253968253968254,0.9166666666666666,11,1,200,0.055,11,200,1,0.055
1,selected_checkpoint_independent_validation_gate,58fd1e77faafefcb67631c3a568116ad60ce2ba3c90c12de1262d6a3709caaf6,153b5cd85305f3f4c9a03fd549eea3e06785a0d1a447b96ec9005098c7d25742,medium_load/qos_only_constrained/seed_515636025,qos_only_constrained,qos_only,54f9154256ed1e12bfe1d2b46a9bc9fdf912447261e10b6f74c5dac8631c4f57,0,medium_load,qos_only_constrained,515636025,77017,192,149,3,40,0.7760416666666666,0.015625,4.966666666666667,6.026845637583893,11.0,1.3125,11,14,10.41202185270505,0.20455524199796996,0.03003086419753087,0.6979222367518024,0.0,0.33166792357968833,0.056413930772489344,0.006127450980392158,0.7666666666666667,0.7068965517241379,0.8863636363636364,11,3,213,0.051643192488262914,11,213,3,0.051643192488262914
1,selected_checkpoint_independent_validation_gate,58fd1e77faafefcb67631c3a568116ad60ce2ba3c90c12de1262d6a3709caaf6,153b5cd85305f3f4c9a03fd549eea3e06785a0d1a447b96ec9005098c7d25742,medium_load/qos_only_constrained/seed_515636025,qos_only_constrained,qos_only,54f9154256ed1e12bfe1d2b46a9bc9fdf912447261e10b6f74c5dac8631c4f57,0,medium_load,qos_only_constrained,515636025,77018,192,156,0,36,0.8125,0.0,5.2,5.435897435897436,9.0,1.1430555555555555,6,25,12.391404303605238,0.19258231034173956,0.026141975308641974,0.7062208143093385,0.0,0.3514193459046401,0.05673909669518424,0.0,0.7941176470588235,0.8448275862068966,0.8125,17,8,217,0.07834101382488479,17,217,8,0.07834101382488479
1,selected_checkpoint_independent_validation_gate,58fd1e77faafefcb67631c3a568116ad60ce2ba3c90c12de1262d6a3709caaf6,153b5cd85305f3f4c9a03fd549eea3e06785a0d1a447b96ec9005098c7d25742,medium_load/qos_only_constrained/seed_515636025,qos_only_constrained,qos_only,54f9154256ed1e12bfe1d2b46a9bc9fdf912447261e10b6f74c5dac8631c4f57,0,medium_load,qos_only_constrained,515636025,77019,192,150,3,39,0.78125,0.015625,5.0,6.126666666666667,11.0,1.3166666666666667,13,21,10.65672185795972,0.20263603904597213,0.030092592592592584,0.7024292673501479,0.0,0.33565793411381656,0.056445482404807366,0.0067471091000502765,0.8210526315789474,0.7540983606557377,0.7222222222222222,15,6,226,0.06637168141592921,15,226,6,0.06637168141592921
1,selected_checkpoint_independent_validation_gate,58fd1e77faafefcb67631c3a568116ad60ce2ba3c90c12de1262d6a3709caaf6,153b5cd85305f3f4c9a03fd549eea3e06785a0d1a447b96ec9005098c7d25742,medium_load/qos_only_constrained/seed_515636025,qos_only_constrained,qos_only,54f9154256ed1e12bfe1d2b46a9bc9fdf912447261e10b6f74c5dac8631c4f57,0,medium_load,qos_only_constrained,515636025,77020,192,147,2,43,0.765625,0.010416666666666666,4.9,5.91156462585034,11.0,1.2652777777777777,10,14,10.31865773013181,0.19571068005296402,0.029074074074074068,0.685818119212082,0.0,0.32269411430789147,0.05547886377957685,0.004166666666666667,0.7777777777777778,0.7192982456140351,0.8055555555555556,12,2,205,0.05853658536585366,12,205,2,0.05853658536585366
1,selected_checkpoint_independent_validation_gate,58fd1e77faafefcb67631c3a568116ad60ce2ba3c90c12de1262d6a3709caaf6,153b5cd85305f3f4c9a03fd549eea3e06785a0d1a447b96ec9005098c7d25742,medium_load/reward_shaped_control/seed_515636025,reward_shaped_control,proposed,72788c09c9e8eaf2155e5693579e7f8db615a1ac23e7301fe9e037b746ec369d,0,medium_load,reward_shaped_control,515636025,77011,192,158,1,33,0.8229166666666666,0.005208333333333333,5.266666666666667,5.7594936708860756,10.0,1.2013888888888888,9,29,11.694966614341581,0.19753929118803548,0.027345679012345678,0.6996705694276236,0.06497873714978979,0.35108773965972107,0.0552017562631273,0.0022222222222222222,0.8152173913043478,0.7794117647058824,0.9375,28,1,219,0.1278538812785388,28,219,1,0.1278538812785388
1,selected_checkpoint_independent_validation_gate,58fd1e77faafefcb67631c3a568116ad60ce2ba3c90c12de1262d6a3709caaf6,153b5cd85305f3f4c9a03fd549eea3e06785a0d1a447b96ec9005098c7d25742,medium_load/reward_shaped_control/seed_515636025,reward_shaped_control,proposed,72788c09c9e8eaf2155e5693579e7f8db615a1ac23e7301fe9e037b746ec369d,0,medium_load,reward_shaped_control,515636025,77012,192,150,0,42,0.78125,0.0,5.0,6.1,10.549999999999983,1.3069444444444445,10,45,9.91749797684515,0.21333757050671348,0.029969135802469137,0.7120018379043872,0.10070045967104792,0.3324102236486137,0.055840265290521024,0.0,0.7666666666666667,0.75,0.84,41,4,253,0.16205533596837945,41,253,4,0.16205533596837945
1,selected_checkpoint_independent_validation_gate,58fd1e77faafefcb67631c3a568116ad60ce2ba3c90c12de1262d6a3709caaf6,153b5cd85305f3f4c9a03fd549eea3e06785a0d1a447b96ec9005098c7d25742,medium_load/reward_shaped_control/seed_515636025,reward_shaped_control,proposed,72788c09c9e8eaf2155e5693579e7f8db615a1ac23e7301fe9e037b746ec369d,0,medium_load,reward_shaped_control,515636025,77013,192,157,1,34,0.8177083333333334,0.005208333333333333,5.233333333333333,5.318471337579618,10.0,1.113888888888889,8,29,13.113970249595043,0.1724852529473289,0.025432098765432096,0.7091444042006292,0.06726049821638057,0.3623162893751129,0.05858320629599678,0.0022222222222222222,0.8282828282828283,0.7551020408163265,0.8636363636363636,26,3,196,0.1326530612244898,26,196,3,0.1326530612244898
1,selected_checkpoint_independent_validation_gate,58fd1e77faafefcb67631c3a568116ad60ce2ba3c90c12de1262d6a3709caaf6,153b5cd85305f3f4c9a03fd549eea3e06785a0d1a447b96ec9005098c7d25742,medium_load/reward_shaped_control/seed_515636025,reward_shaped_control,proposed,72788c09c9e8eaf2155e5693579e7f8db615a1ac23e7301fe9e037b746ec369d,0,medium_load,reward_shaped_control,515636025,77014,192,139,1,52,0.7239583333333334,0.005208333333333333,4.633333333333334,6.18705035971223,11.0,1.3652777777777778,11,44,9.109946721145953,0.20003181172166523,0.03157407407407407,0.7096983507790281,0.098720952250364,0.3147737420531538,0.05710830225875699,0.0020833333333333333,0.7216494845360825,0.7090909090909091,0.75,40,4,225,0.17777777777777778,40,225,4,0.17777777777777778
1,selected_checkpoint_independent_validation_gate,58fd1e77faafefcb67631c3a568116ad60ce2ba3c90c12de1262d6a3709caaf6,153b5cd85305f3f4c9a03fd549eea3e06785a0d1a447b96ec9005098c7d25742,medium_load/reward_shaped_control/seed_515636025,reward_shaped_control,proposed,72788c09c9e8eaf2155e5693579e7f8db615a1ac23e7301fe9e037b746ec369d,0,medium_load,reward_shaped_control,515636025,77015,192,156,1,35,0.8125,0.005208333333333333,5.2,5.641025641025641,9.25,1.1833333333333333,8,39,11.332956522547576,0.19001808168866735,0.027006172839506175,0.7021675855604104,0.08678002825061647,0.3438369419251773,0.05584677137460047,0.002564102564102564,0.8111111111111111,0.7543859649122807,0.8888888888888888,35,4,223,0.15695067264573992,35,223,4,0.15695067264573992
1,selected_checkpoint_independent_validation_gate,58fd1e77faafefcb67631c3a568116ad60ce2ba3c90c12de1262d6a3709caaf6,153b5cd85305f3f4c9a03fd549eea3e06785a0d1a447b96ec9005098c7d25742,medium_load/reward_shaped_control/seed_515636025,reward_shaped_control,proposed,72788c09c9e8eaf2155e5693579e7f8db615a1ac23e7301fe9e037b746ec369d,0,medium_load,reward_shaped_control,515636025,77016,192,162,0,30,0.84375,0.0,5.4,5.0246913580246915,8.949999999999989,1.0361111111111112,6,18,14.496216119523755,0.17539539934993548,0.023580246913580245,0.7202140055575107,0.043179810385692734,0.3820168366491897,0.05909509800564762,0.0,0.8494623655913979,0.8253968253968254,0.8611111111111112,15,3,202,0.07425742574257425,15,202,3,0.07425742574257425
1,selected_checkpoint_independent_validation_gate,58fd1e77faafefcb67631c3a568116ad60ce2ba3c90c12de1262d6a3709caaf6,153b5cd85305f3f4c9a03fd549eea3e06785a0d1a447b96ec9005098c7d25742,medium_load/reward_shaped_control/seed_515636025,reward_shaped_control,proposed,72788c09c9e8eaf2155e5693579e7f8db615a1ac23e7301fe9e037b746ec369d,0,medium_load,reward_shaped_control,515636025,77017,192,148,7,37,0.7708333333333334,0.036458333333333336,4.933333333333334,5.25,9.0,1.1833333333333333,8,35,9.647777494897774,0.18224807513757227,0.027067901234567895,0.679027190928243,0.07466161003312705,0.320451368806632,0.05457134149993039,0.013557791537667698,0.7777777777777778,0.6896551724137931,0.8636363636363636,28,7,212,0.1320754716981132,28,212,7,0.1320754716981132
1,selected_checkpoint_independent_validation_gate,58fd1e77faafefcb67631c3a568116ad60ce2ba3c90c12de1262d6a3709caaf6,153b5cd85305f3f4c9a03fd549eea3e06785a0d1a447b96ec9005098c7d25742,medium_load/reward_shaped_control/seed_515636025,reward_shaped_control,proposed,72788c09c9e8eaf2155e5693579e7f8db615a1ac23e7301fe9e037b746ec369d,0,medium_load,reward_shaped_control,515636025,77018,192,156,1,35,0.8125,0.005208333333333333,5.2,5.205128205128205,10.0,1.1166666666666667,9,45,11.561563104331908,0.18710056536290418,0.025524691358024695,0.6967002907171908,0.09669875732569233,0.345812700228335,0.055431979927579506,0.0020833333333333333,0.8137254901960784,0.8275862068965517,0.78125,36,9,217,0.16589861751152074,36,217,9,0.16589861751152074
1,selected_checkpoint_independent_validation_gate,58fd1e77faafefcb67631c3a568116ad60ce2ba3c90c12de1262d6a3709caaf6,153b5cd85305f3f4c9a03fd549eea3e06785a0d1a447b96ec9005098c7d25742,medium_load/reward_shaped_control/seed_515636025,reward_shaped_control,proposed,72788c09c9e8eaf2155e5693579e7f8db615a1ac23e7301fe9e037b746ec369d,0,medium_load,reward_shaped_control,515636025,77019,192,152,1,39,0.7916666666666666,0.005208333333333333,5.066666666666666,5.598684210526316,9.449999999999989,1.1805555555555556,11,42,11.026929547980604,0.19802328150271825,0.027067901234567895,0.7062078368552243,0.0942375435022494,0.34343822843822847,0.05721799289647464,0.0022222222222222222,0.8105263157894737,0.8032786885245902,0.7222222222222222,41,1,228,0.17982456140350878,41,228,1,0.17982456140350878
1,selected_checkpoint_independent_validation_gate,58fd1e77faafefcb67631c3a568116ad60ce2ba3c90c12de1262d6a3709caaf6,153b5cd85305f3f4c9a03fd549eea3e06785a0d1a447b96ec9005098c7d25742,medium_load/reward_shaped_control/seed_515636025,reward_shaped_control,proposed,72788c09c9e8eaf2155e5693579e7f8db615a1ac23e7301fe9e037b746ec369d,0,medium_load,reward_shaped_control,515636025,77020,192,148,4,40,0.7708333333333334,0.020833333333333332,4.933333333333334,5.614864864864865,11.0,1.225,8,41,9.675028638552146,0.1905352440395339,0.028086419753086418,0.6845990534711623,0.08994242141300964,0.3230508570949748,0.05536878988712282,0.009305555555555556,0.7676767676767676,0.7368421052631579,0.8333333333333334,37,4,210,0.1761904761904762,37,210,4,0.1761904761904762
1,selected_checkpoint_independent_validation_gate,58fd1e77faafefcb67631c3a568116ad60ce2ba3c90c12de1262d6a3709caaf6,153b5cd85305f3f4c9a03fd549eea3e06785a0d1a447b96ec9005098c7d25742,hotspot_high_load/qos_only_baseline/seed_179055553,qos_only_baseline,qos_only,9403efd25bea648ab95577b12a6a7c7a0c1265b57ec8a69bf831bfc394c1ce57,0,hotspot_high_load,qos_only_baseline,179055553,77011,500,146,84,270,0.292,0.168,4.866666666666666,10.363013698630137,20.0,6.773611111111111,21,217,-8.287833291387336,0.275761964480492,0.15824074074074074,0.5510475847420847,0.0,0.2101220277307234,0.03637417479502303,0.11770421607378127,0.3132530120481928,0.1858974358974359,0.4105263157894737,165,52,427,0.3864168618266979,165,427,52,0.3864168618266979
1,selected_checkpoint_independent_validation_gate,58fd1e77faafefcb67631c3a568116ad60ce2ba3c90c12de1262d6a3709caaf6,153b5cd85305f3f4c9a03fd549eea3e06785a0d1a447b96ec9005098c7d25742,hotspot_high_load/qos_only_baseline/seed_179055553,qos_only_baseline,qos_only,9403efd25bea648ab95577b12a6a7c7a0c1265b57ec8a69bf831bfc394c1ce57,0,hotspot_high_load,qos_only_baseline,179055553,77012,500,135,95,270,0.27,0.19,4.5,11.296296296296296,21.299999999999997,6.908333333333333,22,199,-10.607867479777914,0.2839614943824641,0.16123456790123455,0.5488184279913427,0.0,0.1927546468278734,0.03641034570878652,0.13381642512077294,0.30864197530864196,0.19047619047619047,0.3146067415730337,165,34,432,0.3819444444444444,165,432,34,0.3819444444444444
1,selected_checkpoint_independent_validation_gate,58fd1e77faafefcb67631c3a568116ad60ce2ba3c90c12de1262d6a3709caaf6,153b5cd85305f3f4c9a03fd549eea3e06785a0d1a447b96ec9005098c7d25742,hotspot_high_load/qos_only_baseline/seed_179055553,qos_only_baseline,qos_only,9403efd25bea648ab95577b12a6a7c7a0c1265b57ec8a69bf831bfc394c1ce57,0,hotspot_high_load,qos_only_baseline,179055553,77013,500,150,91,259,0.3,0.182,5.0,10.346666666666666,19.549999999999983,6.688888888888889,20,212,-8.441723166863493,0.27507712587139027,0.1560185185185185,0.5528854152565839,0.0,0.21650182769175905,0.03658389844882138,0.1277777777777778,0.3738738738738739,0.19875776397515527,0.29914529914529914,178,34,432,0.41203703703703703,178,432,34,0.41203703703703703
1,selected_checkpoint_independent_validation_gate,58fd1e77faafefcb67631c3a568116ad60ce2ba3c90c12de1262d6a3709caaf6,153b5cd85305f3f4c9a03fd549eea3e06785a0d1a447b96ec9005098c7d25742,hotspot_high_load/qos_only_baseline/seed_179055553,qos_only_baseline,qos_only,9403efd25bea648ab95577b12a6a7c7a0c1265b57ec8a69bf831bfc394c1ce57,0,hotspot_high_load,qos_only_baseline,179055553,77014,500,142,80,278,0.284,0.16,4.733333333333333,10.147887323943662,20.0,6.856944444444444,21,242,-8.094922921533557,0.26357143557437884,0.1603395061728395,0.5317521328034698,0.0,0.20086282075412512,0.03591291862989686,0.11147342995169084,0.3386454183266932,0.1836734693877551,0.29411764705882354,192,50,432,0.4444444444444444,192,432,50,0.4444444444444444
1,selected_checkpoint_independent_validation_gate,58fd1e77faafefcb67631c3a568116ad60ce2ba3c90c12de1262d6a3709caaf6,153b5cd85305f3f4c9a03fd549eea3e06785a0d1a447b96ec9005098c7d25742,hotspot_high_load/qos_only_baseline/seed_179055553,qos_only_baseline,qos_only,9403efd25bea648ab95577b12a6a7c7a0c1265b57ec8a69bf831bfc394c1ce57,0,hotspot_high_load,qos_only_baseline,179055553,77015,500,160,71,269,0.32,0.142,5.333333333333333,10.0,19.049999999999983,6.6,21,183,-5.535163277695785,0.25710922530029584,0.15435185185185185,0.5435030761896236,0.0,0.22574063617541876,0.035819324240153265,0.09873188405797101,0.3684210526315789,0.21052631578947367,0.32926829268292684,135,48,410,0.32926829268292684,135,410,48,0.32926829268292684
1,selected_checkpoint_independent_validation_gate,58fd1e77faafefcb67631c3a568116ad60ce2ba3c90c12de1262d6a3709caaf6,153b5cd85305f3f4c9a03fd549eea3e06785a0d1a447b96ec9005098c7d25742,hotspot_high_load/qos_only_baseline/seed_179055553,qos_only_baseline,qos_only,9403efd25bea648ab95577b12a6a7c7a0c1265b57ec8a69bf831bfc394c1ce57,0,hotspot_high_load,qos_only_baseline,179055553,77016,500,136,84,280,0.272,0.168,4.533333333333333,10.441176470588236,21.0,6.930555555555555,22,231,-9.338722545584972,0.2748352121736691,0.1620370370370371,0.5407319592010499,0.0,0.19324094987138463,0.03606594215193273,0.11781400966183574,0.33858267716535434,0.1773049645390071,0.23809523809523808,182,49,436,0.41743119266055045,182,436,49,0.41743119266055045
1,selected_checkpoint_independent_validation_gate,58fd1e77faafefcb67631c3a568116ad60ce2ba3c90c12de1262d6a3709caaf6,153b5cd85305f3f4c9a03fd549eea3e06785a0d1a447b96ec9005098c7d25742,hotspot_high_load/qos_only_baseline/seed_179055553,qos_only_baseline,qos_only,9403efd25bea648ab95577b12a6a7c7a0c1265b57ec8a69bf831bfc394c1ce57,0,hotspot_high_load,qos_only_baseline,179055553,77017,500,142,81,277,0.284,0.162,4.733333333333333,11.098591549295774,21.0,7.0055555555555555,21,234,-8.561979536068359,0.2763969165085821,0.1636111111111111,0.536337172862214,0.0,0.20474653365957712,0.036588528425714,0.11515700483091787,0.33070866141732286,0.1888111888111888,0.30097087378640774,184,50,432,0.42592592592592593,184,432,50,0.42592592592592593
1,selected_checkpoint_independent_validation_gate,58fd1e77faafefcb67631c3a568116ad60ce2ba3c90c12de1262d6a3709caaf6,153b5cd85305f3f4c9a03fd549eea3e06785a0d1a447b96ec9005098c7d25742,hotspot_high_load/qos_only_baseline/seed_179055553,qos_only_baseline,qos_only,9403efd25bea648ab95577b12a6a7c7a0c1265b57ec8a69bf831bfc394c1ce57,0,hotspot_high_load,qos_only_baseline,179055553,77018,500,149,77,274,0.298,0.154,4.966666666666667,10.208053691275168,21.0,6.706944444444445,21,208,-7.543520655571236,0.27859499233137336,0.15688271604938273,0.5434518916151805,0.0,0.212487922705314,0.036081989209431745,0.10718599033816426,0.3319838056680162,0.21333333333333335,0.33980582524271846,162,46,427,0.3793911007025761,162,427,46,0.3793911007025761
1,selected_checkpoint_independent_validation_gate,58fd1e77faafefcb67631c3a568116ad60ce2ba3c90c12de1262d6a3709caaf6,153b5cd85305f3f4c9a03fd549eea3e06785a0d1a447b96ec9005098c7d25742,hotspot_high_load/qos_only_baseline/seed_179055553,qos_only_baseline,qos_only,9403efd25bea648ab95577b12a6a7c7a0c1265b57ec8a69bf831bfc394c1ce57,0,hotspot_high_load,qos_only_baseline,179055553,77019,500,140,82,278,0.28,0.164,4.666666666666667,10.314285714285715,21.049999999999983,6.776388888888889,21,239,-8.093469463551111,0.2553884083950916,0.15854938271604938,0.5450218310085652,0.0,0.20026366145931362,0.036278498802873274,0.11497584541062801,0.332089552238806,0.16296296296296298,0.29896907216494845,183,56,428,0.42757009345794394,183,428,56,0.42757009345794394
1,selected_checkpoint_independent_validation_gate,58fd1e77faafefcb67631c3a568116ad60ce2ba3c90c12de1262d6a3709caaf6,153b5cd85305f3f4c9a03fd549eea3e06785a0d1a447b96ec9005098c7d25742,hotspot_high_load/qos_only_baseline/seed_179055553,qos_only_baseline,qos_only,9403efd25bea648ab95577b12a6a7c7a0c1265b57ec8a69bf831bfc394c1ce57,0,hotspot_high_load,qos_only_baseline,179055553,77020,500,152,80,268,0.304,0.16,5.066666666666666,10.18421052631579,21.44999999999999,6.6125,22,201,-7.170340249510478,0.2669561604336657,0.15459876543209877,0.5552067515101943,0.0,0.21867651671999497,0.03638478850796364,0.11328502415458937,0.3651452282157676,0.1773049645390071,0.3305084745762712,164,37,452,0.36283185840707965,164,452,37,0.36283185840707965
1,selected_checkpoint_independent_validation_gate,58fd1e77faafefcb67631c3a568116ad60ce2ba3c90c12de1262d6a3709caaf6,153b5cd85305f3f4c9a03fd549eea3e06785a0d1a447b96ec9005098c7d25742,hotspot_high_load/qos_only_constrained/seed_179055553,qos_only_constrained,qos_only,ff298f63edf49a3216144a6965319a96869a6f2f31298d4ccbdda310b16b8cdd,0,hotspot_high_load,qos_only_constrained,179055553,77011,500,153,81,266,0.306,0.162,5.1,10.699346405228757,20.0,6.7652777777777775,31,39,-7.646720316348779,0.27764434090650625,0.15793209876543207,0.5991581681642199,0.0,0.22089105339105342,0.03660667065222145,0.11455314009661838,0.321285140562249,0.20512820512820512,0.43157894736842106,18,21,449,0.0400890868596882,18,449,21,0.0400890868596882
1,selected_checkpoint_independent_validation_gate,58fd1e77faafefcb67631c3a568116ad60ce2ba3c90c12de1262d6a3709caaf6,153b5cd85305f3f4c9a03fd549eea3e06785a0d1a447b96ec9005098c7d25742,hotspot_high_load/qos_only_constrained/seed_179055553,qos_only_constrained,qos_only,ff298f63edf49a3216144a6965319a96869a6f2f31298d4ccbdda310b16b8cdd,0,hotspot_high_load,qos_only_constrained,179055553,77012,500,140,96,264,0.28,0.192,4.666666666666667,11.15,22.0,6.811111111111111,24,34,-10.180764526255802,0.2802822068739929,0.1588888888888889,0.5901575858923075,0.0,0.20064963132468855,0.03640747139080602,0.13530412823891083,0.3374485596707819,0.21428571428571427,0.24719101123595505,17,17,442,0.038461538461538464,17,442,17,0.038461538461538464
1,selected_checkpoint_independent_validation_gate,58fd1e77faafefcb67631c3a568116ad60ce2ba3c90c12de1262d6a3709caaf6,153b5cd85305f3f4c9a03fd549eea3e06785a0d1a447b96ec9005098c7d25742,hotspot_high_load/qos_only_constrained/seed_179055553,qos_only_constrained,qos_only,ff298f63edf49a3216144a6965319a96869a6f2f31298d4ccbdda310b16b8cdd,0,hotspot_high_load,qos_only_constrained,179055553,77013,500,144,103,253,0.288,0.206,4.8,10.875,21.69999999999999,6.773611111111111,24,34,-9.829657592494943,0.2659748754813324,0.15771604938271605,0.5808270516424716,0.0,0.20786295448766845,0.036579882835608396,0.14474637681159422,0.38738738738738737,0.16149068322981366,0.27350427350427353,15,19,432,0.034722222222222224,15,432,19,0.034722222222222224
1,selected_checkpoint_independent_validation_gate,58fd1e77faafefcb67631c3a568116ad60ce2ba3c90c12de1262d6a3709caaf6,153b5cd85305f3f4c9a03fd549eea3e06785a0d1a447b96ec9005098c7d25742,hotspot_high_load/qos_only_constrained/seed_179055553,qos_only_constrained,qos_only,ff298f63edf49a3216144a6965319a96869a6f2f31298d4ccbdda310b16b8cdd,0,hotspot_high_load,qos_only_constrained,179055553,77014,500,141,81,278,0.282,0.162,4.7,10.01418439716312,20.0,6.877777777777778,31,46,-8.223655775306744,0.25870184643988625,0.16080246913580246,0.5689974321680132,0.0,0.20069577765229943,0.03612844685242726,0.11382850241545893,0.3466135458167331,0.19727891156462585,0.24509803921568626,14,32,442,0.03167420814479638,14,442,32,0.03167420814479638
1,selected_checkpoint_independent_validation_gate,58fd1e77faafefcb67631c3a568116ad60ce2ba3c90c12de1262d6a3709caaf6,153b5cd85305f3f4c9a03fd549eea3e06785a0d1a447b96ec9005098c7d25742,hotspot_high_load/qos_only_constrained/seed_179055553,qos_only_constrained,qos_only,ff298f63edf49a3216144a6965319a96869a6f2f31298d4ccbdda310b16b8cdd,0,hotspot_high_load,qos_only_constrained,179055553,77015,500,162,73,265,0.324,0.146,5.4,10.358024691358025,20.0,6.595833333333333,26,42,-5.632062320797584,0.26031182285544135,0.15413580246913577,0.5683916802537119,0.0,0.23114640190727143,0.03617769179122933,0.1029754062362758,0.39649122807017545,0.21804511278195488,0.24390243902439024,16,26,423,0.037825059101654845,16,423,26,0.037825059101654845
1,selected_checkpoint_independent_validation_gate,58fd1e77faafefcb67631c3a568116ad60ce2ba3c90c12de1262d6a3709caaf6,153b5cd85305f3f4c9a03fd549eea3e06785a0d1a447b96ec9005098c7d25742,hotspot_high_load/qos_only_constrained/seed_179055553,qos_only_constrained,qos_only,ff298f63edf49a3216144a6965319a96869a6f2f31298d4ccbdda310b16b8cdd,0,hotspot_high_load,qos_only_constrained,179055553,77016,500,141,83,276,0.282,0.166,4.7,10.397163120567376,20.0,6.883333333333334,31,38,-8.707387656223354,0.27097464528020027,0.1608641975308642,0.5926731680065315,0.0,0.20289321789321788,0.03645264608142916,0.11672705314009661,0.36220472440944884,0.19148936170212766,0.20952380952380953,15,23,448,0.033482142857142856,15,448,23,0.033482142857142856
1,selected_checkpoint_independent_validation_gate,58fd1e77faafefcb67631c3a568116ad60ce2ba3c90c12de1262d6a3709caaf6,153b5cd85305f3f4c9a03fd549eea3e06785a0d1a447b96ec9005098c7d25742,hotspot_high_load/qos_only_constrained/seed_179055553,qos_only_constrained,qos_only,ff298f63edf49a3216144a6965319a96869a6f2f31298d4ccbdda310b16b8cdd,0,hotspot_high_load,qos_only_constrained,179055553,77017,500,147,87,266,0.294,0.174,4.9,11.16326530612245,21.0,6.956944444444445,25,39,-8.399732636305774,0.2658831827464588,0.16219135802469134,0.5898061136627295,0.0,0.2142427379383901,0.036949928390728845,0.12508234519104086,0.37401574803149606,0.1888111888111888,0.24271844660194175,20,19,455,0.04395604395604396,20,455,19,0.04395604395604396
1,selected_checkpoint_independent_validation_gate,58fd1e77faafefcb67631c3a568116ad60ce2ba3c90c12de1262d6a3709caaf6,153b5cd85305f3f4c9a03fd549eea3e06785a0d1a447b96ec9005098c7d25742,hotspot_high_load/qos_only_constrained/seed_179055553,qos_only_constrained,qos_only,ff298f63edf49a3216144a6965319a96869a6f2f31298d4ccbdda310b16b8cdd,0,hotspot_high_load,qos_only_constrained,179055553,77018,500,157,76,267,0.314,0.152,5.233333333333333,10.210191082802547,21.0,6.5777777777777775,26,39,-6.683934126927072,0.2759290847173827,0.1537962962962963,0.5883313572908743,0.0,0.22614739252611107,0.03645988804448266,0.10682367149758457,0.3562753036437247,0.23333333333333334,0.3300970873786408,15,24,436,0.034403669724770644,15,436,24,0.034403669724770644
1,selected_checkpoint_independent_validation_gate,58fd1e77faafefcb67631c3a568116ad60ce2ba3c90c12de1262d6a3709caaf6,153b5cd85305f3f4c9a03fd549eea3e06785a0d1a447b96ec9005098c7d25742,hotspot_high_load/qos_only_constrained/seed_179055553,qos_only_constrained,qos_only,ff298f63edf49a3216144a6965319a96869a6f2f31298d4ccbdda310b16b8cdd,0,hotspot_high_load,qos_only_constrained,179055553,77019,500,147,81,272,0.294,0.162,4.9,10.081632653061224,20.0,6.695833333333334,26,40,-7.227410775350521,0.24974768308207812,0.15657407407407406,0.5839488100197469,0.0,0.21147123407992974,0.03642743125332803,0.11340579710144927,0.3582089552238806,0.2,0.24742268041237114,14,26,439,0.03189066059225513,14,439,26,0.03189066059225513
1,selected_checkpoint_independent_validation_gate,58fd1e77faafefcb67631c3a568116ad60ce2ba3c90c12de1262d6a3709caaf6,153b5cd85305f3f4c9a03fd549eea3e06785a0d1a447b96ec9005098c7d25742,hotspot_high_load/qos_only_constrained/seed_179055553,qos_only_constrained,qos_only,ff298f63edf49a3216144a6965319a96869a6f2f31298d4ccbdda310b16b8cdd,0,hotspot_high_load,qos_only_constrained,179055553,77020,500,158,79,263,0.316,0.158,5.266666666666667,10.518987341772151,21.0,6.622222222222222,30,35,-6.54238698343552,0.26410266880862954,0.1546604938271605,0.5880168988752935,0.0,0.22781604868561392,0.03648958037036653,0.11171497584541062,0.3817427385892116,0.16312056737588654,0.3644067796610169,18,17,455,0.03956043956043956,18,455,17,0.03956043956043956
1,selected_checkpoint_independent_validation_gate,58fd1e77faafefcb67631c3a568116ad60ce2ba3c90c12de1262d6a3709caaf6,153b5cd85305f3f4c9a03fd549eea3e06785a0d1a447b96ec9005098c7d25742,hotspot_high_load/reward_shaped_control/seed_179055553,reward_shaped_control,proposed,55429db9e4640062a8288a1c1e74fe16de93c321048356044d4e4d91f6d28b08,0,hotspot_high_load,reward_shaped_control,179055553,77011,500,146,84,270,0.292,0.168,4.866666666666666,10.157534246575343,21.0,6.7,23,150,-9.217802299178892,0.26870990434688474,0.15660493827160493,0.5685297215529442,0.21246486605182255,0.21244660564454618,0.036685600623292215,0.11757246376811595,0.3172690763052209,0.1794871794871795,0.4105263157894737,105,45,431,0.24361948955916474,105,431,45,0.24361948955916474
1,selected_checkpoint_independent_validation_gate,58fd1e77faafefcb67631c3a568116ad60ce2ba3c90c12de1262d6a3709caaf6,153b5cd85305f3f4c9a03fd549eea3e06785a0d1a447b96ec9005098c7d25742,hotspot_high_load/reward_shaped_control/seed_179055553,reward_shaped_control,proposed,55429db9e4640062a8288a1c1e74fe16de93c321048356044d4e4d91f6d28b08,0,hotspot_high_load,reward_shaped_control,179055553,77012,500,136,90,274,0.272,0.18,4.533333333333333,11.117647058823529,22.0,6.905555555555556,22,139,-11.570119860289054,0.2914120161224723,0.16129629629629633,0.5597122763697222,0.19691087897609633,0.19350743459439113,0.03622205041499126,0.1266304347826087,0.2962962962962963,0.2261904761904762,0.29213483146067415,88,51,420,0.20952380952380953,88,420,51,0.20952380952380953
1,selected_checkpoint_independent_validation_gate,58fd1e77faafefcb67631c3a568116ad60ce2ba3c90c12de1262d6a3709caaf6,153b5cd85305f3f4c9a03fd549eea3e06785a0d1a447b96ec9005098c7d25742,hotspot_high_load/reward_shaped_control/seed_179055553,reward_shaped_control,proposed,55429db9e4640062a8288a1c1e74fe16de93c321048356044d4e4d91f6d28b08,0,hotspot_high_load,reward_shaped_control,179055553,77013,500,148,95,257,0.296,0.19,4.933333333333334,10.68918918918919,21.0,6.75,22,127,-10.101917437252904,0.27635329063701713,0.1573148148148148,0.5603990309051471,0.17992130358835168,0.21397500668667715,0.03663848704537274,0.1333937198067633,0.38288288288288286,0.19254658385093168,0.27350427350427353,94,33,430,0.2186046511627907,94,430,33,0.2186046511627907
1,selected_checkpoint_independent_validation_gate,58fd1e77faafefcb67631c3a568116ad60ce2ba3c90c12de1262d6a3709caaf6,153b5cd85305f3f4c9a03fd549eea3e06785a0d1a447b96ec9005098c7d25742,hotspot_high_load/reward_shaped_control/seed_179055553,reward_shaped_control,proposed,55429db9e4640062a8288a1c1e74fe16de93c321048356044d4e4d91f6d28b08,0,hotspot_high_load,reward_shaped_control,179055553,77014,500,139,83,278,0.278,0.166,4.633333333333334,10.388489208633093,21.0,6.9125,23,141,-9.880064442016081,0.26321183946595966,0.16157407407407406,0.5400322547772123,0.19692028985507246,0.19606060606060602,0.03593480429919095,0.11600241545893719,0.33067729083665337,0.17687074829931973,0.29411764705882354,110,31,446,0.24663677130044842,110,446,31,0.24663677130044842
1,selected_checkpoint_independent_validation_gate,58fd1e77faafefcb67631c3a568116ad60ce2ba3c90c12de1262d6a3709caaf6,153b5cd85305f3f4c9a03fd549eea3e06785a0d1a447b96ec9005098c7d25742,hotspot_high_load/reward_shaped_control/seed_179055553,reward_shaped_control,proposed,55429db9e4640062a8288a1c1e74fe16de93c321048356044d4e4d91f6d28b08,0,hotspot_high_load,reward_shaped_control,179055553,77015,500,158,69,273,0.316,0.138,5.266666666666667,10.550632911392405,23.0,6.6625,22,117,-7.026260738126151,0.2710791534076484,0.1558641975308642,0.5519754468762307,0.16340579710144928,0.22276679841897232,0.03580995273877831,0.09625603864734299,0.3719298245614035,0.22556390977443608,0.2682926829268293,71,46,414,0.17149758454106281,71,414,46,0.17149758454106281
1,selected_checkpoint_independent_validation_gate,58fd1e77faafefcb67631c3a568116ad60ce2ba3c90c12de1262d6a3709caaf6,153b5cd85305f3f4c9a03fd549eea3e06785a0d1a447b96ec9005098c7d25742,hotspot_high_load/reward_shaped_control/seed_179055553,reward_shaped_control,proposed,55429db9e4640062a8288a1c1e74fe16de93c321048356044d4e4d91f6d28b08,0,hotspot_high_load,reward_shaped_control,179055553,77016,500,141,85,274,0.282,0.17,4.7,10.581560283687944,21.0,6.886111111111111,21,149,-9.892808025172327,0.26528558952404835,0.16086419753086423,0.5585545567364534,0.21007591442374052,0.20200090971830104,0.03629476680623646,0.11914251207729466,0.36220472440944884,0.1773049645390071,0.22857142857142856,108,41,436,0.24770642201834864,108,436,41,0.24770642201834864
1,selected_checkpoint_independent_validation_gate,58fd1e77faafefcb67631c3a568116ad60ce2ba3c90c12de1262d6a3709caaf6,153b5cd85305f3f4c9a03fd549eea3e06785a0d1a447b96ec9005098c7d25742,hotspot_high_load/reward_shaped_control/seed_179055553,reward_shaped_control,proposed,55429db9e4640062a8288a1c1e74fe16de93c321048356044d4e4d91f6d28b08,0,hotspot_high_load,reward_shaped_control,179055553,77017,500,146,83,271,0.292,0.166,4.866666666666666,11.226027397260275,21.0,6.961111111111111,22,152,-9.565032008496544,0.27142183438821027,0.16243827160493826,0.5546731449207573,0.2164942907334212,0.21005175983436855,0.03654368104802442,0.11757246376811593,0.35039370078740156,0.16783216783216784,0.32038834951456313,107,45,438,0.24429223744292236,107,438,45,0.24429223744292236
1,selected_checkpoint_independent_validation_gate,58fd1e77faafefcb67631c3a568116ad60ce2ba3c90c12de1262d6a3709caaf6,153b5cd85305f3f4c9a03fd549eea3e06785a0d1a447b96ec9005098c7d25742,hotspot_high_load/reward_shaped_control/seed_179055553,reward_shaped_control,proposed,55429db9e4640062a8288a1c1e74fe16de93c321048356044d4e4d91f6d28b08,0,hotspot_high_load,reward_shaped_control,179055553,77018,500,148,78,274,0.296,0.156,4.933333333333334,10.141891891891891,21.650000000000006,6.690277777777778,22,126,-8.535610742947407,0.27260497541049367,0.15651234567901234,0.5562547854649775,0.17701557913228394,0.2126129388028702,0.03632257976362926,0.10863526570048311,0.3319838056680162,0.20666666666666667,0.33980582524271846,90,36,431,0.2088167053364269,90,431,36,0.2088167053364269
1,selected_checkpoint_independent_validation_gate,58fd1e77faafefcb67631c3a568116ad60ce2ba3c90c12de1262d6a3709caaf6,153b5cd85305f3f4c9a03fd549eea3e06785a0d1a447b96ec9005098c7d25742,hotspot_high_load/reward_shaped_control/seed_179055553,reward_shaped_control,proposed,55429db9e4640062a8288a1c1e74fe16de93c321048356044d4e4d91f6d28b08,0,hotspot_high_load,reward_shaped_control,179055553,77019,500,138,78,284,0.276,0.156,4.6,10.557971014492754,22.0,6.845833333333333,23,159,-9.794388141748476,0.2676937743180011,0.16027777777777777,0.5654559566730086,0.22405028546332895,0.1965612648221344,0.03610678305742869,0.1093599033816425,0.31716417910447764,0.18518518518518517,0.28865979381443296,97,62,418,0.23205741626794257,97,418,62,0.23205741626794257
1,selected_checkpoint_independent_validation_gate,58fd1e77faafefcb67631c3a568116ad60ce2ba3c90c12de1262d6a3709caaf6,153b5cd85305f3f4c9a03fd549eea3e06785a0d1a447b96ec9005098c7d25742,hotspot_high_load/reward_shaped_control/seed_179055553,reward_shaped_control,proposed,55429db9e4640062a8288a1c1e74fe16de93c321048356044d4e4d91f6d28b08,0,hotspot_high_load,reward_shaped_control,179055553,77020,500,153,83,264,0.306,0.166,5.1,10.254901960784315,20.400000000000006,6.593055555555556,21,125,-8.14239388772293,0.259193835783906,0.1540432098765432,0.5641289378842705,0.1776986108221806,0.22039577699188684,0.036449199751816395,0.11708937198067633,0.38589211618257263,0.19148936170212766,0.2796610169491525,91,34,452,0.2013274336283186,91,452,34,0.2013274336283186
1,selected_checkpoint_independent_validation_gate,58fd1e77faafefcb67631c3a568116ad60ce2ba3c90c12de1262d6a3709caaf6,153b5cd85305f3f4c9a03fd549eea3e06785a0d1a447b96ec9005098c7d25742,hotspot_high_load/qos_only_baseline/seed_626669596,qos_only_baseline,qos_only,c25c9c5859f7800ff6899f56133b6ae7bb6c47ba8d5885eeaeeb32d166551690,0,hotspot_high_load,qos_only_baseline,626669596,77011,500,140,85,275,0.28,0.17,4.666666666666667,10.092857142857143,21.0,6.833333333333333,20,262,-8.983896405078651,0.2797120910944472,0.15972222222222224,0.5481867963120532,0.0,0.20232767359769646,0.03645760986854961,0.11908212560386472,0.2931726907630522,0.21153846153846154,0.35789473684210527,204,58,422,0.4834123222748815,204,422,58,0.4834123222748815
1,selected_checkpoint_independent_validation_gate,58fd1e77faafefcb67631c3a568116ad60ce2ba3c90c12de1262d6a3709caaf6,153b5cd85305f3f4c9a03fd549eea3e06785a0d1a447b96ec9005098c7d25742,hotspot_high_load/qos_only_baseline/seed_626669596,qos_only_baseline,qos_only,c25c9c5859f7800ff6899f56133b6ae7bb6c47ba8d5885eeaeeb32d166551690,0,hotspot_high_load,qos_only_baseline,626669596,77012,500,137,93,270,0.274,0.186,4.566666666666666,11.284671532846716,22.19999999999999,6.9375,21,256,-10.610420671326168,0.29133826807711305,0.1618827160493827,0.5510913296643368,0.0,0.19355417529330574,0.036035816897930714,0.13061594202898552,0.3045267489711934,0.2261904761904762,0.2808988764044944,210,46,430,0.4883720930232558,210,430,46,0.4883720930232558
1,selected_checkpoint_independent_validation_gate,58fd1e77faafefcb67631c3a568116ad60ce2ba3c90c12de1262d6a3709caaf6,153b5cd85305f3f4c9a03fd549eea3e06785a0d1a447b96ec9005098c7d25742,hotspot_high_load/qos_only_baseline/seed_626669596,qos_only_baseline,qos_only,c25c9c5859f7800ff6899f56133b6ae7bb6c47ba8d5885eeaeeb32d166551690,0,hotspot_high_load,qos_only_baseline,626669596,77013,500,147,89,264,0.294,0.178,4.9,10.482993197278912,21.69999999999999,6.811111111111111,19,235,-9.010630385159766,0.2877230439742121,0.15888888888888889,0.5471616411791602,0.0,0.21068824894911853,0.03629800229308892,0.12427536231884058,0.34684684684684686,0.22981366459627328,0.28205128205128205,191,44,429,0.44522144522144524,191,429,44,0.44522144522144524
1,selected_checkpoint_independent_validation_gate,58fd1e77faafefcb67631c3a568116ad60ce2ba3c90c12de1262d6a3709caaf6,153b5cd85305f3f4c9a03fd549eea3e06785a0d1a447b96ec9005098c7d25742,hotspot_high_load/qos_only_baseline/seed_626669596,qos_only_baseline,qos_only,c25c9c5859f7800ff6899f56133b6ae7bb6c47ba8d5885eeaeeb32d166551690,0,hotspot_high_load,qos_only_baseline,626669596,77014,500,138,79,283,0.276,0.158,4.6,10.46376811594203,22.150000000000006,6.977777777777778,22,256,-8.63098223523988,0.2688932591950397,0.16317901234567903,0.5332490106753807,0.0,0.19403914925654056,0.03571891770845019,0.10972222222222223,0.32270916334661354,0.19727891156462585,0.27450980392156865,187,69,418,0.4473684210526316,187,418,69,0.4473684210526316
1,selected_checkpoint_independent_validation_gate,58fd1e77faafefcb67631c3a568116ad60ce2ba3c90c12de1262d6a3709caaf6,153b5cd85305f3f4c9a03fd549eea3e06785a0d1a447b96ec9005098c7d25742,hotspot_high_load/qos_only_baseline/seed_626669596,qos_only_baseline,qos_only,c25c9c5859f7800ff6899f56133b6ae7bb6c47ba8d5885eeaeeb32d166551690,0,hotspot_high_load,qos_only_baseline,626669596,77015,500,153,68,279,0.306,0.136,5.1,9.967320261437909,20.0,6.727777777777778,19,204,-6.082430892425324,0.2622993041318535,0.15750000000000003,0.5395717847825866,0.0,0.216231884057971,0.03583001243678805,0.09468599033816424,0.34035087719298246,0.21804511278195488,0.32926829268292684,147,57,401,0.36658354114713215,147,401,57,0.36658354114713215
1,selected_checkpoint_independent_validation_gate,58fd1e77faafefcb67631c3a568116ad60ce2ba3c90c12de1262d6a3709caaf6,153b5cd85305f3f4c9a03fd549eea3e06785a0d1a447b96ec9005098c7d25742,hotspot_high_load/qos_only_baseline/seed_626669596,qos_only_baseline,qos_only,c25c9c5859f7800ff6899f56133b6ae7bb6c47ba8d5885eeaeeb32d166551690,0,hotspot_high_load,qos_only_baseline,626669596,77016,500,134,86,280,0.268,0.172,4.466666666666667,10.261194029850746,21.349999999999994,6.9625,19,254,-9.439929149565504,0.2661941307668617,0.1627469135802469,0.5443136465753511,0.0,0.189496204278813,0.035824795250798035,0.11962560386473431,0.3464566929133858,0.19858156028368795,0.17142857142857143,205,49,442,0.4638009049773756,205,442,49,0.4638009049773756
1,selected_checkpoint_independent_validation_gate,58fd1e77faafefcb67631c3a568116ad60ce2ba3c90c12de1262d6a3709caaf6,153b5cd85305f3f4c9a03fd549eea3e06785a0d1a447b96ec9005098c7d25742,hotspot_high_load/qos_only_baseline/seed_626669596,qos_only_baseline,qos_only,c25c9c5859f7800ff6899f56133b6ae7bb6c47ba8d5885eeaeeb32d166551690,0,hotspot_high_load,qos_only_baseline,626669596,77017,500,137,86,277,0.274,0.172,4.566666666666666,11.072992700729927,21.19999999999999,7.1194444444444445,19,266,-9.49938724658314,0.2756308369482374,0.16614197530864197,0.5436372462006531,0.0,0.1961464019072715,0.03639599204271848,0.12119565217391304,0.3188976377952756,0.1888111888111888,0.2815533980582524,205,61,430,0.47674418604651164,205,430,61,0.47674418604651164
1,selected_checkpoint_independent_validation_gate,58fd1e77faafefcb67631c3a568116ad60ce2ba3c90c12de1262d6a3709caaf6,153b5cd85305f3f4c9a03fd549eea3e06785a0d1a447b96ec9005098c7d25742,hotspot_high_load/qos_only_baseline/seed_626669596,qos_only_baseline,qos_only,c25c9c5859f7800ff6899f56133b6ae7bb6c47ba8d5885eeaeeb32d166551690,0,hotspot_high_load,qos_only_baseline,626669596,77018,500,145,81,274,0.29,0.162,4.833333333333333,9.682758620689656,20.799999999999983,6.654166666666667,19,235,-7.659857565185591,0.25947654680572213,0.1557098765432099,0.5464479693914656,0.0,0.20597653554175294,0.035924116102556164,0.11249999999999999,0.340080971659919,0.2,0.30097087378640774,171,64,421,0.40617577197149646,171,421,64,0.40617577197149646
1,selected_checkpoint_independent_validation_gate,58fd1e77faafefcb67631c3a568116ad60ce2ba3c90c12de1262d6a3709caaf6,153b5cd85305f3f4c9a03fd549eea3e06785a0d1a447b96ec9005098c7d25742,hotspot_high_load/qos_only_baseline/seed_626669596,qos_only_baseline,qos_only,c25c9c5859f7800ff6899f56133b6ae7bb6c47ba8d5885eeaeeb32d166551690,0,hotspot_high_load,qos_only_baseline,626669596,77019,500,137,85,278,0.274,0.17,4.566666666666666,9.963503649635037,20.19999999999999,6.786111111111111,21,255,-8.602789060909817,0.2540656660838047,0.15876543209876542,0.555608207909232,0.0,0.19534490871447396,0.0361255260601786,0.11859903381642513,0.33955223880597013,0.1925925925925926,0.20618556701030927,197,58,434,0.4539170506912442,197,434,58,0.4539170506912442
1,selected_checkpoint_independent_validation_gate,58fd1e77faafefcb67631c3a568116ad60ce2ba3c90c12de1262d6a3709caaf6,153b5cd85305f3f4c9a03fd549eea3e06785a0d1a447b96ec9005098c7d25742,hotspot_high_load/qos_only_baseline/seed_626669596,qos_only_baseline,qos_only,c25c9c5859f7800ff6899f56133b6ae7bb6c47ba8d5885eeaeeb32d166551690,0,hotspot_high_load,qos_only_baseline,626669596,77020,500,150,80,270,0.3,0.16,5.0,9.88,22.0,6.645833333333333,19,233,-7.119287657904013,0.25867729832081426,0.15540123456790125,0.558548851564055,0.0,0.21532718489240227,0.036276954626245014,0.1127415458937198,0.35269709543568467,0.19148936170212766,0.3220338983050847,184,49,444,0.4144144144144144,184,444,49,0.4144144144144144
1,selected_checkpoint_independent_validation_gate,58fd1e77faafefcb67631c3a568116ad60ce2ba3c90c12de1262d6a3709caaf6,153b5cd85305f3f4c9a03fd549eea3e06785a0d1a447b96ec9005098c7d25742,hotspot_high_load/qos_only_constrained/seed_626669596,qos_only_constrained,qos_only,9e16021c085b03e9a24ca77bdc6d4a92e4552549441a1334422e8579df104ceb,0,hotspot_high_load,qos_only_constrained,626669596,77011,500,160,75,265,0.32,0.15,5.333333333333333,10.41875,21.0,6.647222222222222,30,13,-6.44102008854057,0.2794795914972017,0.15527777777777776,0.6068807230351828,0.0,0.23484614038389784,0.03709695895591024,0.10814668423364077,0.3253012048192771,0.22435897435897437,0.4631578947368421,6,7,451,0.013303769401330377,6,451,7,0.013303769401330377
1,selected_checkpoint_independent_validation_gate,58fd1e77faafefcb67631c3a568116ad60ce2ba3c90c12de1262d6a3709caaf6,153b5cd85305f3f4c9a03fd549eea3e06785a0d1a447b96ec9005098c7d25742,hotspot_high_load/qos_only_constrained/seed_626669596,qos_only_constrained,qos_only,9e16021c085b03e9a24ca77bdc6d4a92e4552549441a1334422e8579df104ceb,0,hotspot_high_load,qos_only_constrained,626669596,77012,500,146,88,266,0.292,0.176,4.866666666666666,11.376712328767123,22.0,6.873611111111111,25,11,-9.268206062690712,0.2868305108206873,0.1603395061728395,0.5907582986344336,0.0,0.20909506969003538,0.036440954521018344,0.12465415019762843,0.3333333333333333,0.22023809523809523,0.3146067415730337,3,8,447,0.006711409395973154,3,447,8,0.006711409395973154
1,selected_checkpoint_independent_validation_gate,58fd1e77faafefcb67631c3a568116ad60ce2ba3c90c12de1262d6a3709caaf6,153b5cd85305f3f4c9a03fd549eea3e06785a0d1a447b96ec9005098c7d25742,hotspot_high_load/qos_only_constrained/seed_626669596,qos_only_constrained,qos_only,9e16021c085b03e9a24ca77bdc6d4a92e4552549441a1334422e8579df104ceb,0,hotspot_high_load,qos_only_constrained,626669596,77013,500,148,95,257,0.296,0.19,4.933333333333334,10.243243243243244,20.0,6.7027777777777775,27,13,-8.797000118513413,0.27108384224629223,0.15626543209876545,0.6022530846321473,0.0,0.21726897117629387,0.03696160059442968,0.1338768115942029,0.3783783783783784,0.19875776397515527,0.27350427350427353,3,10,429,0.006993006993006993,3,429,10,0.006993006993006993
1,selected_checkpoint_independent_validation_gate,58fd1e77faafefcb67631c3a568116ad60ce2ba3c90c12de1262d6a3709caaf6,153b5cd85305f3f4c9a03fd549eea3e06785a0d1a447b96ec9005098c7d25742,hotspot_high_load/qos_only_constrained/seed_626669596,qos_only_constrained,qos_only,9e16021c085b03e9a24ca77bdc6d4a92e4552549441a1334422e8579df104ceb,0,hotspot_high_load,qos_only_constrained,626669596,77014,500,155,74,271,0.31,0.148,5.166666666666667,10.206451612903226,22.0,6.772222222222222,32,10,-6.459402337284397,0.259751060919762,0.15824074074074074,0.5983300888041243,0.0,0.22162557249513773,0.03637344872381336,0.1043752744839701,0.35856573705179284,0.2108843537414966,0.3333333333333333,3,7,459,0.006535947712418301,3,459,7,0.006535947712418301
1,selected_checkpoint_independent_validation_gate,58fd1e77faafefcb67631c3a568116ad60ce2ba3c90c12de1262d6a3709caaf6,153b5cd85305f3f4c9a03fd549eea3e06785a0d1a447b96ec9005098c7d25742,hotspot_high_load/qos_only_constrained/seed_626669596,qos_only_constrained,qos_only,9e16021c085b03e9a24ca77bdc6d4a92e4552549441a1334422e8579df104ceb,0,hotspot_high_load,qos_only_constrained,626669596,77015,500,158,70,272,0.316,0.14,5.266666666666667,9.943037974683545,21.0,6.5625,31,13,-5.616355626852889,0.25420155168004854,0.1536111111111111,0.5765068344667805,0.0,0.22417921450530143,0.036069370011948806,0.09861111111111114,0.35789473684210527,0.20300751879699247,0.35365853658536583,7,6,441,0.015873015873015872,7,441,6,0.015873015873015872
1,selected_checkpoint_independent_validation_gate,58fd1e77faafefcb67631c3a568116ad60ce2ba3c90c12de1262d6a3709caaf6,153b5cd85305f3f4c9a03fd549eea3e06785a0d1a447b96ec9005098c7d25742,hotspot_high_load/qos_only_constrained/seed_626669596,qos_only_constrained,qos_only,9e16021c085b03e9a24ca77bdc6d4a92e4552549441a1334422e8579df104ceb,0,hotspot_high_load,qos_only_constrained,626669596,77016,500,143,83,274,0.286,0.166,4.766666666666667,10.482517482517483,20.900000000000006,6.901388888888889,28,18,-8.321184180402893,0.26715921684515137,0.1612037037037037,0.598434767011092,0.0,0.2105180688876341,0.03722225732325964,0.11936053077357421,0.35039370078740156,0.20567375886524822,0.23809523809523808,4,14,437,0.009153318077803204,4,437,14,0.009153318077803204
1,selected_checkpoint_independent_validation_gate,58fd1e77faafefcb67631c3a568116ad60ce2ba3c90c12de1262d6a3709caaf6,153b5cd85305f3f4c9a03fd549eea3e06785a0d1a447b96ec9005098c7d25742,hotspot_high_load/qos_only_constrained/seed_626669596,qos_only_constrained,qos_only,9e16021c085b03e9a24ca77bdc6d4a92e4552549441a1334422e8579df104ceb,0,hotspot_high_load,qos_only_constrained,626669596,77017,500,147,78,275,0.294,0.156,4.9,10.54421768707483,20.0,6.969444444444444,33,14,-7.7503661373881965,0.26927380957689917,0.16274691358024695,0.6006014023674269,0.0,0.21470151828847486,0.037001855994896714,0.11225845410628019,0.3346456692913386,0.2097902097902098,0.3106796116504854,6,8,456,0.013157894736842105,6,456,8,0.013157894736842105
1,selected_checkpoint_independent_validation_gate,58fd1e77faafefcb67631c3a568116ad60ce2ba3c90c12de1262d6a3709caaf6,153b5cd85305f3f4c9a03fd549eea3e06785a0d1a447b96ec9005098c7d25742,hotspot_high_load/qos_only_constrained/seed_626669596,qos_only_constrained,qos_only,9e16021c085b03e9a24ca77bdc6d4a92e4552549441a1334422e8579df104ceb,0,hotspot_high_load,qos_only_constrained,626669596,77018,500,146,73,281,0.292,0.146,4.866666666666666,9.904109589041095,21.75,6.813888888888889,32,15,-7.280250933366019,0.27398166579590383,0.1594753086419753,0.5866268823603957,0.0,0.21351715916933306,0.03676667697262345,0.1029040404040404,0.3076923076923077,0.25333333333333335,0.3106796116504854,5,10,435,0.011494252873563218,5,435,10,0.011494252873563218
1,selected_checkpoint_independent_validation_gate,58fd1e77faafefcb67631c3a568116ad60ce2ba3c90c12de1262d6a3709caaf6,153b5cd85305f3f4c9a03fd549eea3e06785a0d1a447b96ec9005098c7d25742,hotspot_high_load/qos_only_constrained/seed_626669596,qos_only_constrained,qos_only,9e16021c085b03e9a24ca77bdc6d4a92e4552549441a1334422e8579df104ceb,0,hotspot_high_load,qos_only_constrained,626669596,77019,500,145,79,276,0.29,0.158,4.833333333333333,10.227586206896552,20.799999999999983,6.748611111111111,27,8,-7.506645310741086,0.2554099934708802,0.1578703703703704,0.6094371119100271,0.0,0.21099755317146623,0.03677287679548273,0.11294466403162055,0.34701492537313433,0.2074074074074074,0.24742268041237114,2,6,449,0.004454342984409799,2,449,6,0.004454342984409799
1,selected_checkpoint_independent_validation_gate,58fd1e77faafefcb67631c3a568116ad60ce2ba3c90c12de1262d6a3709caaf6,153b5cd85305f3f4c9a03fd549eea3e06785a0d1a447b96ec9005098c7d25742,hotspot_high_load/qos_only_constrained/seed_626669596,qos_only_constrained,qos_only,9e16021c085b03e9a24ca77bdc6d4a92e4552549441a1334422e8579df104ceb,0,hotspot_high_load,qos_only_constrained,626669596,77020,500,151,78,271,0.302,0.156,5.033333333333333,10.19205298013245,20.0,6.661111111111111,32,7,-7.222973318670761,0.27155899300276626,0.1557716049382716,0.6007846829070241,0.0,0.22115100002971858,0.037014818189131625,0.11155577514273167,0.35684647302904565,0.19858156028368795,0.3135593220338983,2,5,474,0.004219409282700422,2,474,5,0.004219409282700422
1,selected_checkpoint_independent_validation_gate,58fd1e77faafefcb67631c3a568116ad60ce2ba3c90c12de1262d6a3709caaf6,153b5cd85305f3f4c9a03fd549eea3e06785a0d1a447b96ec9005098c7d25742,hotspot_high_load/reward_shaped_control/seed_626669596,reward_shaped_control,proposed,d80296e0cb93a0e9dd09a308ad1c5516b343a5db5d43aa794ca6c0ad36a0af2a,0,hotspot_high_load,reward_shaped_control,626669596,77011,500,144,87,269,0.288,0.174,4.8,10.243055555555555,20.849999999999994,6.786111111111111,22,153,-10.028952371241447,0.2757788418071818,0.15848765432098763,0.559590550298495,0.21753717297195557,0.20755066189848798,0.03644474520193248,0.12185990338164254,0.3092369477911647,0.1987179487179487,0.37894736842105264,111,42,434,0.2557603686635945,111,434,42,0.2557603686635945
1,selected_checkpoint_independent_validation_gate,58fd1e77faafefcb67631c3a568116ad60ce2ba3c90c12de1262d6a3709caaf6,153b5cd85305f3f4c9a03fd549eea3e06785a0d1a447b96ec9005098c7d25742,hotspot_high_load/reward_shaped_control/seed_626669596,reward_shaped_control,proposed,d80296e0cb93a0e9dd09a308ad1c5516b343a5db5d43aa794ca6c0ad36a0af2a,0,hotspot_high_load,reward_shaped_control,626669596,77012,500,140,95,265,0.28,0.19,4.666666666666667,11.114285714285714,21.0,6.801388888888889,22,133,-11.22671598231622,0.2809141836954821,0.1587037037037037,0.555179829165576,0.18776899429073343,0.19874302026475943,0.03611219719470488,0.13357487922705316,0.3292181069958848,0.21428571428571427,0.2696629213483146,97,36,434,0.22350230414746544,97,434,36,0.22350230414746544
1,selected_checkpoint_independent_validation_gate,58fd1e77faafefcb67631c3a568116ad60ce2ba3c90c12de1262d6a3709caaf6,153b5cd85305f3f4c9a03fd549eea3e06785a0d1a447b96ec9005098c7d25742,hotspot_high_load/reward_shaped_control/seed_626669596,reward_shaped_control,proposed,d80296e0cb93a0e9dd09a308ad1c5516b343a5db5d43aa794ca6c0ad36a0af2a,0,hotspot_high_load,reward_shaped_control,626669596,77013,500,152,92,256,0.304,0.184,5.066666666666666,10.44078947368421,21.0,6.733333333333333,21,134,-9.635977085408394,0.2768159346284934,0.15691358024691357,0.5571592519231586,0.18928889252115794,0.21822500090806726,0.036369480342290796,0.12904589371980676,0.38288288288288286,0.2236024844720497,0.26495726495726496,96,38,429,0.22377622377622378,96,429,38,0.22377622377622378
1,selected_checkpoint_independent_validation_gate,58fd1e77faafefcb67631c3a568116ad60ce2ba3c90c12de1262d6a3709caaf6,153b5cd85305f3f4c9a03fd549eea3e06785a0d1a447b96ec9005098c7d25742,hotspot_high_load/reward_shaped_control/seed_626669596,reward_shaped_control,proposed,d80296e0cb93a0e9dd09a308ad1c5516b343a5db5d43aa794ca6c0ad36a0af2a,0,hotspot_high_load,reward_shaped_control,626669596,77014,500,143,82,275,0.286,0.164,4.766666666666667,10.335664335664335,22.0,6.855555555555555,22,126,-9.204706575268823,0.262135258218303,0.16021604938271602,0.5421038887929369,0.17598265261308743,0.20249011857707513,0.035863570777867525,0.1142512077294686,0.350597609561753,0.19727891156462585,0.2549019607843137,99,27,452,0.21902654867256638,99,452,27,0.21902654867256638
1,selected_checkpoint_independent_validation_gate,58fd1e77faafefcb67631c3a568116ad60ce2ba3c90c12de1262d6a3709caaf6,153b5cd85305f3f4c9a03fd549eea3e06785a0d1a447b96ec9005098c7d25742,hotspot_high_load/reward_shaped_control/seed_626669596,reward_shaped_control,proposed,d80296e0cb93a0e9dd09a308ad1c5516b343a5db5d43aa794ca6c0ad36a0af2a,0,hotspot_high_load,reward_shaped_control,626669596,77015,500,160,71,269,0.32,0.142,5.333333333333333,10.1875,20.0,6.601388888888889,20,116,-6.6441076315205905,0.26010181028592155,0.15438271604938275,0.540692279059239,0.1622145366710584,0.2254512516469038,0.03581141727722947,0.09933574879227053,0.3824561403508772,0.23308270676691728,0.24390243902439024,74,42,415,0.1783132530120482,74,415,42,0.1783132530120482
1,selected_checkpoint_independent_validation_gate,58fd1e77faafefcb67631c3a568116ad60ce2ba3c90c12de1262d6a3709caaf6,153b5cd85305f3f4c9a03fd549eea3e06785a0d1a447b96ec9005098c7d25742,hotspot_high_load/reward_shaped_control/seed_626669596,reward_shaped_control,proposed,d80296e0cb93a0e9dd09a308ad1c5516b343a5db5d43aa794ca6c0ad36a0af2a,0,hotspot_high_load,reward_shaped_control,626669596,77016,500,128,93,279,0.256,0.186,4.266666666666667,10.0234375,20.0,6.9430555555555555,22,151,-11.49539418691453,0.25790783797241873,0.16228395061728396,0.5520738271561568,0.21289063402907796,0.18274876915609187,0.0361577375305835,0.12977053140096617,0.3464566929133858,0.1773049645390071,0.14285714285714285,105,46,434,0.24193548387096775,105,434,46,0.24193548387096775
1,selected_checkpoint_independent_validation_gate,58fd1e77faafefcb67631c3a568116ad60ce2ba3c90c12de1262d6a3709caaf6,153b5cd85305f3f4c9a03fd549eea3e06785a0d1a447b96ec9005098c7d25742,hotspot_high_load/reward_shaped_control/seed_626669596,reward_shaped_control,proposed,d80296e0cb93a0e9dd09a308ad1c5516b343a5db5d43aa794ca6c0ad36a0af2a,0,hotspot_high_load,reward_shaped_control,626669596,77017,500,139,88,273,0.278,0.176,4.633333333333334,11.474820143884893,21.0,7.048611111111111,21,151,-10.597214591812474,0.2718217696028934,0.16444444444444445,0.5422880500698944,0.21515634441835818,0.20010411404004083,0.0365672605274006,0.12457729468599037,0.35039370078740156,0.17482517482517482,0.24271844660194175,107,44,439,0.2437357630979499,107,439,44,0.2437357630979499
1,selected_checkpoint_independent_validation_gate,58fd1e77faafefcb67631c3a568116ad60ce2ba3c90c12de1262d6a3709caaf6,153b5cd85305f3f4c9a03fd549eea3e06785a0d1a447b96ec9005098c7d25742,hotspot_high_load/reward_shaped_control/seed_626669596,reward_shaped_control,proposed,d80296e0cb93a0e9dd09a308ad1c5516b343a5db5d43aa794ca6c0ad36a0af2a,0,hotspot_high_load,reward_shaped_control,626669596,77018,500,149,80,271,0.298,0.16,4.966666666666667,10.013422818791947,20.599999999999994,6.623611111111111,21,131,-8.602774170060089,0.2716287405848684,0.15493827160493825,0.5540095010397381,0.18454827780914737,0.2136078173034695,0.03621041958377664,0.111231884057971,0.3481781376518219,0.21333333333333335,0.30097087378640774,89,42,434,0.20506912442396313,89,434,42,0.20506912442396313
1,selected_checkpoint_independent_validation_gate,58fd1e77faafefcb67631c3a568116ad60ce2ba3c90c12de1262d6a3709caaf6,153b5cd85305f3f4c9a03fd549eea3e06785a0d1a447b96ec9005098c7d25742,hotspot_high_load/reward_shaped_control/seed_626669596,reward_shaped_control,proposed,d80296e0cb93a0e9dd09a308ad1c5516b343a5db5d43aa794ca6c0ad36a0af2a,0,hotspot_high_load,reward_shaped_control,626669596,77019,500,140,85,275,0.28,0.17,4.666666666666667,10.285714285714286,20.0,6.751388888888889,22,156,-9.929000445912015,0.2587981677181173,0.15790123456790126,0.5529870547087338,0.22050944224857272,0.19789525691699605,0.03590103076197314,0.11932367149758455,0.34701492537313433,0.18518518518518517,0.2268041237113402,112,44,446,0.25112107623318386,112,446,44,0.25112107623318386
1,selected_checkpoint_independent_validation_gate,58fd1e77faafefcb67631c3a568116ad60ce2ba3c90c12de1262d6a3709caaf6,153b5cd85305f3f4c9a03fd549eea3e06785a0d1a447b96ec9005098c7d25742,hotspot_high_load/reward_shaped_control/seed_626669596,reward_shaped_control,proposed,d80296e0cb93a0e9dd09a308ad1c5516b343a5db5d43aa794ca6c0ad36a0af2a,0,hotspot_high_load,reward_shaped_control,626669596,77020,500,150,86,264,0.3,0.172,5.0,9.813333333333333,20.0,6.565277777777778,19,130,-8.545272007666396,0.2546180435791584,0.15342592592592597,0.5654077513030612,0.18546280611498006,0.2162785724742247,0.036538013423887385,0.1213768115942029,0.3900414937759336,0.19148936170212766,0.2457627118644068,100,30,455,0.21978021978021978,100,455,30,0.21978021978021978
1,selected_checkpoint_independent_validation_gate,58fd1e77faafefcb67631c3a568116ad60ce2ba3c90c12de1262d6a3709caaf6,153b5cd85305f3f4c9a03fd549eea3e06785a0d1a447b96ec9005098c7d25742,hotspot_high_load/qos_only_baseline/seed_746965870,qos_only_baseline,qos_only,7bdd93f601df611de14420c4909cb921f8afb9e7cff042548763935ce07dfdf5,0,hotspot_high_load,qos_only_baseline,746965870,77011,500,142,83,275,0.284,0.166,4.733333333333333,10.401408450704226,20.0,6.822222222222222,21,234,-8.853454675142286,0.2835153162739252,0.15947530864197532,0.5560712192759417,0.0,0.2042770876466529,0.036333126829489346,0.1166666666666667,0.2971887550200803,0.19230769230769232,0.4,176,58,427,0.41217798594847777,176,427,58,0.41217798594847777
1,selected_checkpoint_independent_validation_gate,58fd1e77faafefcb67631c3a568116ad60ce2ba3c90c12de1262d6a3709caaf6,153b5cd85305f3f4c9a03fd549eea3e06785a0d1a447b96ec9005098c7d25742,hotspot_high_load/qos_only_baseline/seed_746965870,qos_only_baseline,qos_only,7bdd93f601df611de14420c4909cb921f8afb9e7cff042548763935ce07dfdf5,0,hotspot_high_load,qos_only_baseline,746965870,77012,500,137,94,269,0.274,0.188,4.566666666666666,11.197080291970803,21.19999999999999,6.856944444444444,19,207,-10.531280006434537,0.28685678381003904,0.16006172839506172,0.5658794475297724,0.0,0.19433919944789507,0.03613427927827438,0.13230676328502416,0.31275720164609055,0.20238095238095238,0.30337078651685395,170,37,437,0.3890160183066362,170,437,37,0.3890160183066362
1,selected_checkpoint_independent_validation_gate,58fd1e77faafefcb67631c3a568116ad60ce2ba3c90c12de1262d6a3709caaf6,153b5cd85305f3f4c9a03fd549eea3e06785a0d1a447b96ec9005098c7d25742,hotspot_high_load/qos_only_baseline/seed_746965870,qos_only_baseline,qos_only,7bdd93f601df611de14420c4909cb921f8afb9e7cff042548763935ce07dfdf5,0,hotspot_high_load,qos_only_baseline,746965870,77013,500,146,95,259,0.292,0.19,4.866666666666666,10.575342465753424,20.0,6.713888888888889,20,212,-9.20282886590354,0.2745081619564877,0.15657407407407406,0.5658176710962911,0.0,0.20976363008971707,0.03634686224755636,0.13315217391304346,0.36486486486486486,0.15527950310559005,0.3418803418803419,172,40,427,0.4028103044496487,172,427,40,0.4028103044496487
1,selected_checkpoint_independent_validation_gate,58fd1e77faafefcb67631c3a568116ad60ce2ba3c90c12de1262d6a3709caaf6,153b5cd85305f3f4c9a03fd549eea3e06785a0d1a447b96ec9005098c7d25742,hotspot_high_load/qos_only_baseline/seed_746965870,qos_only_baseline,qos_only,7bdd93f601df611de14420c4909cb921f8afb9e7cff042548763935ce07dfdf5,0,hotspot_high_load,qos_only_baseline,746965870,77014,500,145,80,275,0.29,0.16,4.833333333333333,10.579310344827586,22.799999999999983,6.852777777777778,21,224,-7.954177657876988,0.2660533097591891,0.1601543209876543,0.5497207052890086,0.0,0.20533690946734426,0.035966042687997066,0.11153381642512078,0.3466135458167331,0.19047619047619047,0.29411764705882354,176,48,434,0.4055299539170507,176,434,48,0.4055299539170507
1,selected_checkpoint_independent_validation_gate,58fd1e77faafefcb67631c3a568116ad60ce2ba3c90c12de1262d6a3709caaf6,153b5cd85305f3f4c9a03fd549eea3e06785a0d1a447b96ec9005098c7d25742,hotspot_high_load/qos_only_baseline/seed_746965870,qos_only_baseline,qos_only,7bdd93f601df611de14420c4909cb921f8afb9e7cff042548763935ce07dfdf5,0,hotspot_high_load,qos_only_baseline,746965870,77015,500,158,70,272,0.316,0.14,5.266666666666667,10.221518987341772,19.0,6.663888888888889,21,195,-5.9344378164725,0.26538256824763595,0.1558641975308642,0.5613141908819093,0.0,0.22369925967752055,0.03597139857615903,0.09770531400966183,0.3649122807017544,0.21052631578947367,0.3170731707317073,133,62,397,0.3350125944584383,133,397,62,0.3350125944584383
1,selected_checkpoint_independent_validation_gate,58fd1e77faafefcb67631c3a568116ad60ce2ba3c90c12de1262d6a3709caaf6,153b5cd85305f3f4c9a03fd549eea3e06785a0d1a447b96ec9005098c7d25742,hotspot_high_load/qos_only_baseline/seed_746965870,qos_only_baseline,qos_only,7bdd93f601df611de14420c4909cb921f8afb9e7cff042548763935ce07dfdf5,0,hotspot_high_load,qos_only_baseline,746965870,77016,500,137,83,280,0.274,0.166,4.566666666666666,10.496350364963504,20.0,6.913888888888889,22,219,-9.043924752685333,0.26996128652587587,0.16166666666666668,0.5597874400426759,0.0,0.19440397766484727,0.035977837054872654,0.11570048309178742,0.33858267716535434,0.16312056737588654,0.26666666666666666,172,47,437,0.39359267734553777,172,437,47,0.39359267734553777
1,selected_checkpoint_independent_validation_gate,58fd1e77faafefcb67631c3a568116ad60ce2ba3c90c12de1262d6a3709caaf6,153b5cd85305f3f4c9a03fd549eea3e06785a0d1a447b96ec9005098c7d25742,hotspot_high_load/qos_only_baseline/seed_746965870,qos_only_baseline,qos_only,7bdd93f601df611de14420c4909cb921f8afb9e7cff042548763935ce07dfdf5,0,hotspot_high_load,qos_only_baseline,746965870,77017,500,144,83,273,0.288,0.166,4.8,11.1875,21.849999999999994,7.034722222222222,20,236,-8.596538252007951,0.27484429847251785,0.1641358024691358,0.5589732741329665,0.0,0.20684453227931493,0.03649008962505947,0.11727053140096617,0.3464566929133858,0.21678321678321677,0.24271844660194175,182,54,424,0.42924528301886794,182,424,54,0.42924528301886794
1,selected_checkpoint_independent_validation_gate,58fd1e77faafefcb67631c3a568116ad60ce2ba3c90c12de1262d6a3709caaf6,153b5cd85305f3f4c9a03fd549eea3e06785a0d1a447b96ec9005098c7d25742,hotspot_high_load/qos_only_baseline/seed_746965870,qos_only_baseline,qos_only,7bdd93f601df611de14420c4909cb921f8afb9e7cff042548763935ce07dfdf5,0,hotspot_high_load,qos_only_baseline,746965870,77018,500,152,74,274,0.304,0.148,5.066666666666666,10.486842105263158,21.0,6.754166666666666,21,212,-7.310649242769995,0.2843628695088504,0.15793209876543213,0.5544962349482322,0.0,0.21593010853880418,0.035932517046468965,0.10289855072463767,0.32793522267206476,0.22666666666666666,0.3592233009708738,165,47,432,0.3819444444444444,165,432,47,0.3819444444444444
1,selected_checkpoint_independent_validation_gate,58fd1e77faafefcb67631c3a568116ad60ce2ba3c90c12de1262d6a3709caaf6,153b5cd85305f3f4c9a03fd549eea3e06785a0d1a447b96ec9005098c7d25742,hotspot_high_load/qos_only_baseline/seed_746965870,qos_only_baseline,qos_only,7bdd93f601df611de14420c4909cb921f8afb9e7cff042548763935ce07dfdf5,0,hotspot_high_load,qos_only_baseline,746965870,77019,500,140,80,280,0.28,0.16,4.666666666666667,10.121428571428572,20.0,6.772222222222222,21,220,-7.956295624533105,0.25586235199059876,0.15851851851851853,0.5754493678451102,0.0,0.20121886567538744,0.036332113805527366,0.11189613526570047,0.332089552238806,0.18518518518518517,0.26804123711340205,166,54,426,0.38967136150234744,166,426,54,0.38967136150234744
1,selected_checkpoint_independent_validation_gate,58fd1e77faafefcb67631c3a568116ad60ce2ba3c90c12de1262d6a3709caaf6,153b5cd85305f3f4c9a03fd549eea3e06785a0d1a447b96ec9005098c7d25742,hotspot_high_load/qos_only_baseline/seed_746965870,qos_only_baseline,qos_only,7bdd93f601df611de14420c4909cb921f8afb9e7cff042548763935ce07dfdf5,0,hotspot_high_load,qos_only_baseline,746965870,77020,500,150,81,269,0.3,0.162,5.0,10.206666666666667,20.099999999999966,6.676388888888889,19,228,-7.494980386679125,0.26690409862121306,0.15604938271604937,0.5712108530342925,0.0,0.21546348578957275,0.03634091472417133,0.11413043478260868,0.36099585062240663,0.1773049645390071,0.3220338983050847,182,46,443,0.4108352144469526,182,443,46,0.4108352144469526
1,selected_checkpoint_independent_validation_gate,58fd1e77faafefcb67631c3a568116ad60ce2ba3c90c12de1262d6a3709caaf6,153b5cd85305f3f4c9a03fd549eea3e06785a0d1a447b96ec9005098c7d25742,hotspot_high_load/qos_only_constrained/seed_746965870,qos_only_constrained,qos_only,bc899165244806cfe32895299c290c08c760c752a95c0416dba442f4ad05e51c,0,hotspot_high_load,qos_only_constrained,746965870,77011,500,156,80,264,0.312,0.16,5.2,10.08974358974359,21.0,6.652777777777778,33,10,-7.084492077926576,0.26877484419315134,0.15537037037037038,0.6233044208007292,0.0,0.22737765857331074,0.036946995687810895,0.11590438546960284,0.3333333333333333,0.24358974358974358,0.3684210526315789,3,7,458,0.006550218340611353,3,458,7,0.006550218340611353
1,selected_checkpoint_independent_validation_gate,58fd1e77faafefcb67631c3a568116ad60ce2ba3c90c12de1262d6a3709caaf6,153b5cd85305f3f4c9a03fd549eea3e06785a0d1a447b96ec9005098c7d25742,hotspot_high_load/qos_only_constrained/seed_746965870,qos_only_constrained,qos_only,bc899165244806cfe32895299c290c08c760c752a95c0416dba442f4ad05e51c,0,hotspot_high_load,qos_only_constrained,746965870,77012,500,140,91,269,0.28,0.182,4.666666666666667,11.321428571428571,23.0,6.8805555555555555,27,6,-10.163715104833063,0.2920225262934432,0.16058641975308643,0.6150960423823436,0.0,0.2031262939958592,0.03676432090961885,0.12968269653052258,0.30864197530864196,0.22023809523809523,0.3146067415730337,2,4,451,0.004434589800443459,2,451,4,0.004434589800443459
1,selected_checkpoint_independent_validation_gate,58fd1e77faafefcb67631c3a568116ad60ce2ba3c90c12de1262d6a3709caaf6,153b5cd85305f3f4c9a03fd549eea3e06785a0d1a447b96ec9005098c7d25742,hotspot_high_load/qos_only_constrained/seed_746965870,qos_only_constrained,qos_only,bc899165244806cfe32895299c290c08c760c752a95c0416dba442f4ad05e51c,0,hotspot_high_load,qos_only_constrained,746965870,77013,500,149,87,264,0.298,0.174,4.966666666666667,10.812080536912752,22.0,6.775,32,8,-8.581819531982894,0.2852427679616818,0.15808641975308643,0.6061696556527996,0.0,0.21753380486790094,0.03707164858501804,0.12254611330698287,0.34684684684684686,0.19875776397515527,0.3418803418803419,4,4,432,0.009259259259259259,4,432,4,0.009259259259259259
1,selected_checkpoint_independent_validation_gate,58fd1e77faafefcb67631c3a568116ad60ce2ba3c90c12de1262d6a3709caaf6,153b5cd85305f3f4c9a03fd549eea3e06785a0d1a447b96ec9005098c7d25742,hotspot_high_load/qos_only_constrained/seed_746965870,qos_only_constrained,qos_only,bc899165244806cfe32895299c290c08c760c752a95c0416dba442f4ad05e51c,0,hotspot_high_load,qos_only_constrained,746965870,77014,500,156,76,268,0.312,0.152,5.2,10.25,21.0,6.766666666666667,30,17,-6.5303672430410415,0.2615581581040208,0.15802469135802472,0.6035075236930897,0.0,0.22498353096179183,0.03660740808636493,0.10782828282828284,0.3665338645418327,0.20408163265306123,0.3333333333333333,7,10,445,0.015730337078651686,7,445,10,0.015730337078651686
1,selected_checkpoint_independent_validation_gate,58fd1e77faafefcb67631c3a568116ad60ce2ba3c90c12de1262d6a3709caaf6,153b5cd85305f3f4c9a03fd549eea3e06785a0d1a447b96ec9005098c7d25742,hotspot_high_load/qos_only_constrained/seed_746965870,qos_only_constrained,qos_only,bc899165244806cfe32895299c290c08c760c752a95c0416dba442f4ad05e51c,0,hotspot_high_load,qos_only_constrained,746965870,77015,500,166,65,269,0.332,0.13,5.533333333333333,10.150602409638553,20.0,6.573611111111111,25,8,-4.837900621485077,0.2635101775529561,0.15376543209876545,0.5878614163209548,0.0,0.2356236275801493,0.03605106401073269,0.09179841897233201,0.37894736842105264,0.2631578947368421,0.2804878048780488,3,5,443,0.006772009029345372,3,443,5,0.006772009029345372
1,selected_checkpoint_independent_validation_gate,58fd1e77faafefcb67631c3a568116ad60ce2ba3c90c12de1262d6a3709caaf6,153b5cd85305f3f4c9a03fd549eea3e06785a0d1a447b96ec9005098c7d25742,hotspot_high_load/qos_only_constrained/seed_746965870,qos_only_constrained,qos_only,bc899165244806cfe32895299c290c08c760c752a95c0416dba442f4ad05e51c,0,hotspot_high_load,qos_only_constrained,746965870,77016,500,141,84,275,0.282,0.168,4.7,10.73049645390071,21.0,6.881944444444445,26,27,-8.698839579847956,0.2697778486897408,0.16080246913580248,0.6201153253670489,0.0,0.20549626701800613,0.03675768678113822,0.11842336407553797,0.36220472440944884,0.1773049645390071,0.22857142857142856,2,25,440,0.004545454545454545,2,440,25,0.004545454545454545
1,selected_checkpoint_independent_validation_gate,58fd1e77faafefcb67631c3a568116ad60ce2ba3c90c12de1262d6a3709caaf6,153b5cd85305f3f4c9a03fd549eea3e06785a0d1a447b96ec9005098c7d25742,hotspot_high_load/qos_only_constrained/seed_746965870,qos_only_constrained,qos_only,bc899165244806cfe32895299c290c08c760c752a95c0416dba442f4ad05e51c,0,hotspot_high_load,qos_only_constrained,746965870,77017,500,146,83,271,0.292,0.166,4.866666666666666,11.143835616438356,22.0,7.013888888888889,31,23,-8.394330117131666,0.26979988138187994,0.1636111111111111,0.616237362754861,0.0,0.2127597402597403,0.03694620075995816,0.11966167890080932,0.35826771653543305,0.1958041958041958,0.2621359223300971,1,22,447,0.0022371364653243847,1,447,22,0.0022371364653243847
1,selected_checkpoint_independent_validation_gate,58fd1e77faafefcb67631c3a568116ad60ce2ba3c90c12de1262d6a3709caaf6,153b5cd85305f3f4c9a03fd549eea3e06785a0d1a447b96ec9005098c7d25742,hotspot_high_load/qos_only_constrained/seed_746965870,qos_only_constrained,qos_only,bc899165244806cfe32895299c290c08c760c752a95c0416dba442f4ad05e51c,0,hotspot_high_load,qos_only_constrained,746965870,77018,500,155,73,272,0.31,0.146,5.166666666666667,9.974193548387097,20.299999999999983,6.6125,32,6,-6.536463041317795,0.2708287847021805,0.15472222222222223,0.6106975522235599,0.0,0.22465882261648853,0.036731873620288576,0.10392512077294686,0.3319838056680162,0.22666666666666666,0.3786407766990291,1,5,449,0.0022271714922048997,1,449,5,0.0022271714922048997
1,selected_checkpoint_independent_validation_gate,58fd1e77faafefcb67631c3a568116ad60ce2ba3c90c12de1262d6a3709caaf6,153b5cd85305f3f4c9a03fd549eea3e06785a0d1a447b96ec9005098c7d25742,hotspot_high_load/qos_only_constrained/seed_746965870,qos_only_constrained,qos_only,bc899165244806cfe32895299c290c08c760c752a95c0416dba442f4ad05e51c,0,hotspot_high_load,qos_only_constrained,746965870,77019,500,142,75,283,0.284,0.15,4.733333333333333,10.401408450704226,21.94999999999999,6.823611111111111,30,8,-7.476192125521446,0.2578842027331166,0.15975308641975308,0.6078701902897182,0.0,0.2059831231570362,0.03675683359562158,0.10551163812033378,0.3208955223880597,0.2,0.29896907216494845,2,6,450,0.0044444444444444444,2,450,6,0.0044444444444444444
1,selected_checkpoint_independent_validation_gate,58fd1e77faafefcb67631c3a568116ad60ce2ba3c90c12de1262d6a3709caaf6,153b5cd85305f3f4c9a03fd549eea3e06785a0d1a447b96ec9005098c7d25742,hotspot_high_load/qos_only_constrained/seed_746965870,qos_only_constrained,qos_only,bc899165244806cfe32895299c290c08c760c752a95c0416dba442f4ad05e51c,0,hotspot_high_load,qos_only_constrained,746965870,77020,500,155,79,266,0.31,0.158,5.166666666666667,10.303225806451612,21.0,6.605555555555555,27,6,-6.726532068792334,0.2639068100817849,0.15438271604938272,0.6119971062774245,0.0,0.22615126419474244,0.036839679823904535,0.11211180124223603,0.3775933609958506,0.1773049645390071,0.3305084745762712,2,4,472,0.00423728813559322,2,472,4,0.00423728813559322
1,selected_checkpoint_independent_validation_gate,58fd1e77faafefcb67631c3a568116ad60ce2ba3c90c12de1262d6a3709caaf6,153b5cd85305f3f4c9a03fd549eea3e06785a0d1a447b96ec9005098c7d25742,hotspot_high_load/reward_shaped_control/seed_746965870,reward_shaped_control,proposed,983ab7411749dba8e9a9f8a53d1b0ac7667bc6c9d546b0be57f2d7425cf3faf5,0,hotspot_high_load,reward_shaped_control,746965870,77011,500,150,86,264,0.3,0.172,5.0,10.446666666666667,20.0,6.679166666666666,23,130,-8.956228873897258,0.2686703400858389,0.15595679012345676,0.5748676854104022,0.18441417278373795,0.21705486542443062,0.036617431504839204,0.12059178743961355,0.3333333333333333,0.19230769230769232,0.3894736842105263,88,42,432,0.2037037037037037,88,432,42,0.2037037037037037
1,selected_checkpoint_independent_validation_gate,58fd1e77faafefcb67631c3a568116ad60ce2ba3c90c12de1262d6a3709caaf6,153b5cd85305f3f4c9a03fd549eea3e06785a0d1a447b96ec9005098c7d25742,hotspot_high_load/reward_shaped_control/seed_746965870,reward_shaped_control,proposed,983ab7411749dba8e9a9f8a53d1b0ac7667bc6c9d546b0be57f2d7425cf3faf5,0,hotspot_high_load,reward_shaped_control,746965870,77012,500,140,92,268,0.28,0.184,4.666666666666667,11.292857142857143,23.0,6.865277777777778,22,130,-11.266889012063668,0.2900339290846474,0.16021604938271602,0.5656029523373699,0.18455517912039648,0.19976253215383652,0.03627323032173206,0.1298913043478261,0.32098765432098764,0.2261904761904762,0.2696629213483146,97,33,434,0.22350230414746544,97,434,33,0.22350230414746544
1,selected_checkpoint_independent_validation_gate,58fd1e77faafefcb67631c3a568116ad60ce2ba3c90c12de1262d6a3709caaf6,153b5cd85305f3f4c9a03fd549eea3e06785a0d1a447b96ec9005098c7d25742,hotspot_high_load/reward_shaped_control/seed_746965870,reward_shaped_control,proposed,983ab7411749dba8e9a9f8a53d1b0ac7667bc6c9d546b0be57f2d7425cf3faf5,0,hotspot_high_load,reward_shaped_control,746965870,77013,500,150,98,252,0.3,0.196,5.0,10.62,20.0,6.654166666666667,19,137,-9.926659623679914,0.2637283245100186,0.15503086419753087,0.5681920662630796,0.1943692399642056,0.2157866008895757,0.03653466574043199,0.13768115942028986,0.4009009009009009,0.18012422360248448,0.27350427350427353,95,42,421,0.22565320665083136,95,421,42,0.22565320665083136
1,selected_checkpoint_independent_validation_gate,58fd1e77faafefcb67631c3a568116ad60ce2ba3c90c12de1262d6a3709caaf6,153b5cd85305f3f4c9a03fd549eea3e06785a0d1a447b96ec9005098c7d25742,hotspot_high_load/reward_shaped_control/seed_746965870,reward_shaped_control,proposed,983ab7411749dba8e9a9f8a53d1b0ac7667bc6c9d546b0be57f2d7425cf3faf5,0,hotspot_high_load,reward_shaped_control,746965870,77014,500,144,83,273,0.288,0.166,4.8,10.597222222222221,21.0,6.884722222222222,22,158,-9.703284337086405,0.2670153946498388,0.16080246913580248,0.5455346752339282,0.2204874835309618,0.20286655373611898,0.03587391283670462,0.11564009661835749,0.3545816733067729,0.19727891156462585,0.2549019607843137,109,49,434,0.2511520737327189,109,434,49,0.2511520737327189
1,selected_checkpoint_independent_validation_gate,58fd1e77faafefcb67631c3a568116ad60ce2ba3c90c12de1262d6a3709caaf6,153b5cd85305f3f4c9a03fd549eea3e06785a0d1a447b96ec9005098c7d25742,hotspot_high_load/reward_shaped_control/seed_746965870,reward_shaped_control,proposed,983ab7411749dba8e9a9f8a53d1b0ac7667bc6c9d546b0be57f2d7425cf3faf5,0,hotspot_high_load,reward_shaped_control,746965870,77015,500,159,72,269,0.318,0.144,5.3,10.176100628930818,20.0,6.573611111111111,23,119,-6.664614990267045,0.25576608637061937,0.15376543209876542,0.5608897752054198,0.16721563460693897,0.2257876905702993,0.03607083455039996,0.10090579710144928,0.37894736842105264,0.21052631578947367,0.2804878048780488,66,53,396,0.16666666666666666,66,396,53,0.16666666666666666
1,selected_checkpoint_independent_validation_gate,58fd1e77faafefcb67631c3a568116ad60ce2ba3c90c12de1262d6a3709caaf6,153b5cd85305f3f4c9a03fd549eea3e06785a0d1a447b96ec9005098c7d25742,hotspot_high_load/reward_shaped_control/seed_746965870,reward_shaped_control,proposed,983ab7411749dba8e9a9f8a53d1b0ac7667bc6c9d546b0be57f2d7425cf3faf5,0,hotspot_high_load,reward_shaped_control,746965870,77016,500,140,89,271,0.28,0.178,4.666666666666667,10.507142857142858,21.049999999999983,6.836111111111111,23,144,-10.011637665458302,0.2576890573456449,0.1596604938271605,0.5707612860687056,0.20343810778593385,0.20064182194616978,0.036243116802787544,0.12409969257795343,0.3779527559055118,0.1702127659574468,0.19047619047619047,110,34,455,0.24175824175824176,110,455,34,0.24175824175824176
1,selected_checkpoint_independent_validation_gate,58fd1e77faafefcb67631c3a568116ad60ce2ba3c90c12de1262d6a3709caaf6,153b5cd85305f3f4c9a03fd549eea3e06785a0d1a447b96ec9005098c7d25742,hotspot_high_load/reward_shaped_control/seed_746965870,reward_shaped_control,proposed,983ab7411749dba8e9a9f8a53d1b0ac7667bc6c9d546b0be57f2d7425cf3faf5,0,hotspot_high_load,reward_shaped_control,746965870,77017,500,141,84,275,0.282,0.168,4.7,11.319148936170214,22.0,7.002777777777778,23,159,-10.267351195432738,0.2746973279473277,0.16348765432098766,0.5598890446584975,0.22593261810653117,0.2033032185206098,0.03662027349394493,0.11926328502415459,0.3425196850393701,0.18181818181818182,0.27184466019417475,104,55,420,0.24761904761904763,104,420,55,0.24761904761904763
1,selected_checkpoint_independent_validation_gate,58fd1e77faafefcb67631c3a568116ad60ce2ba3c90c12de1262d6a3709caaf6,153b5cd85305f3f4c9a03fd549eea3e06785a0d1a447b96ec9005098c7d25742,hotspot_high_load/reward_shaped_control/seed_746965870,reward_shaped_control,proposed,983ab7411749dba8e9a9f8a53d1b0ac7667bc6c9d546b0be57f2d7425cf3faf5,0,hotspot_high_load,reward_shaped_control,746965870,77018,500,152,76,272,0.304,0.152,5.066666666666666,10.230263157894736,22.0,6.6402777777777775,21,152,-8.250647399634964,0.2704603218641278,0.15533950617283948,0.5547706181693891,0.2126570048309179,0.21633540372670806,0.03599340850895529,0.10567632850241546,0.340080971659919,0.21333333333333335,0.34951456310679613,104,48,431,0.24129930394431554,104,431,48,0.24129930394431554
1,selected_checkpoint_independent_validation_gate,58fd1e77faafefcb67631c3a568116ad60ce2ba3c90c12de1262d6a3709caaf6,153b5cd85305f3f4c9a03fd549eea3e06785a0d1a447b96ec9005098c7d25742,hotspot_high_load/reward_shaped_control/seed_746965870,reward_shaped_control,proposed,983ab7411749dba8e9a9f8a53d1b0ac7667bc6c9d546b0be57f2d7425cf3faf5,0,hotspot_high_load,reward_shaped_control,746965870,77019,500,142,82,276,0.284,0.164,4.733333333333333,10.626760563380282,22.0,6.7625,22,157,-9.475559432593048,0.26001163493156243,0.15817901234567902,0.5603400347415389,0.22131642512077293,0.2019137022397892,0.0360019911950258,0.11461352657004831,0.34701492537313433,0.17777777777777778,0.25773195876288657,104,53,435,0.23908045977011494,104,435,53,0.23908045977011494
1,selected_checkpoint_independent_validation_gate,58fd1e77faafefcb67631c3a568116ad60ce2ba3c90c12de1262d6a3709caaf6,153b5cd85305f3f4c9a03fd549eea3e06785a0d1a447b96ec9005098c7d25742,hotspot_high_load/reward_shaped_control/seed_746965870,reward_shaped_control,proposed,983ab7411749dba8e9a9f8a53d1b0ac7667bc6c9d546b0be57f2d7425cf3faf5,0,hotspot_high_load,reward_shaped_control,746965870,77020,500,155,80,265,0.31,0.16,5.166666666666667,10.103225806451613,20.299999999999983,6.6194444444444445,20,133,-7.865959823401312,0.2613436348919445,0.15466049382716046,0.5758323550603323,0.18910177287751656,0.2238269421907866,0.03652287445248024,0.1128623188405797,0.36929460580912865,0.19148936170212766,0.3305084745762712,86,47,437,0.19679633867276888,86,437,47,0.19679633867276888
1,selected_checkpoint_independent_validation_gate,58fd1e77faafefcb67631c3a568116ad60ce2ba3c90c12de1262d6a3709caaf6,153b5cd85305f3f4c9a03fd549eea3e06785a0d1a447b96ec9005098c7d25742,hotspot_high_load/qos_only_baseline/seed_183895110,qos_only_baseline,qos_only,75ef25aa9818be2f287b50f659e0059179294c8e8749313361b7ef9b98d1f733,0,hotspot_high_load,qos_only_baseline,183895110,77011,500,145,87,268,0.29,0.174,4.833333333333333,10.372413793103448,21.599999999999966,6.763888888888889,20,258,-8.61310995085457,0.2770018026289804,0.15796296296296297,0.5409878442862774,0.0,0.20855841018884497,0.03633585949211625,0.12155797101449275,0.3172690763052209,0.19230769230769232,0.37894736842105264,206,52,432,0.47685185185185186,206,432,52,0.47685185185185186
1,selected_checkpoint_independent_validation_gate,58fd1e77faafefcb67631c3a568116ad60ce2ba3c90c12de1262d6a3709caaf6,153b5cd85305f3f4c9a03fd549eea3e06785a0d1a447b96ec9005098c7d25742,hotspot_high_load/qos_only_baseline/seed_183895110,qos_only_baseline,qos_only,75ef25aa9818be2f287b50f659e0059179294c8e8749313361b7ef9b98d1f733,0,hotspot_high_load,qos_only_baseline,183895110,77012,500,135,96,269,0.27,0.192,4.5,10.925925925925926,21.0,6.865277777777778,19,248,-10.447920312371055,0.27717958045339414,0.16024691358024692,0.5312963318710681,0.0,0.19225625823451908,0.03617608463664823,0.13532608695652174,0.3168724279835391,0.22023809523809523,0.23595505617977527,196,52,420,0.4666666666666667,196,420,52,0.4666666666666667
1,selected_checkpoint_independent_validation_gate,58fd1e77faafefcb67631c3a568116ad60ce2ba3c90c12de1262d6a3709caaf6,153b5cd85305f3f4c9a03fd549eea3e06785a0d1a447b96ec9005098c7d25742,hotspot_high_load/qos_only_baseline/seed_183895110,qos_only_baseline,qos_only,75ef25aa9818be2f287b50f659e0059179294c8e8749313361b7ef9b98d1f733,0,hotspot_high_load,qos_only_baseline,183895110,77013,500,155,95,250,0.31,0.19,5.166666666666667,10.696774193548388,20.0,6.644444444444445,18,233,-8.274483596423606,0.2732158822275778,0.15475308641975308,0.5443575763687051,0.0,0.22303312629399585,0.036408238550012316,0.1333937198067633,0.4099099099099099,0.19875776397515527,0.27350427350427353,196,37,431,0.4547563805104408,196,431,37,0.4547563805104408
1,selected_checkpoint_independent_validation_gate,58fd1e77faafefcb67631c3a568116ad60ce2ba3c90c12de1262d6a3709caaf6,153b5cd85305f3f4c9a03fd549eea3e06785a0d1a447b96ec9005098c7d25742,hotspot_high_load/qos_only_baseline/seed_183895110,qos_only_baseline,qos_only,75ef25aa9818be2f287b50f659e0059179294c8e8749313361b7ef9b98d1f733,0,hotspot_high_load,qos_only_baseline,183895110,77014,500,150,77,273,0.3,0.154,5.0,10.333333333333334,22.0,6.783333333333333,21,268,-7.214819319696485,0.26669884728860466,0.15854938271604938,0.5257750329502102,0.0,0.21178806700545832,0.03582273901339094,0.10718599033816426,0.36254980079681276,0.2108843537414966,0.27450980392156865,217,51,436,0.49770642201834864,217,436,51,0.49770642201834864
1,selected_checkpoint_independent_validation_gate,58fd1e77faafefcb67631c3a568116ad60ce2ba3c90c12de1262d6a3709caaf6,153b5cd85305f3f4c9a03fd549eea3e06785a0d1a447b96ec9005098c7d25742,hotspot_high_load/qos_only_baseline/seed_183895110,qos_only_baseline,qos_only,75ef25aa9818be2f287b50f659e0059179294c8e8749313361b7ef9b98d1f733,0,hotspot_high_load,qos_only_baseline,183895110,77015,500,155,72,273,0.31,0.144,5.166666666666667,10.23225806451613,20.299999999999983,6.668055555555555,19,236,-6.192358664106241,0.2611057263472897,0.15598765432098768,0.5371543480093706,0.0,0.21911773009599098,0.03586855694854266,0.10072463768115943,0.36140350877192984,0.21052631578947367,0.2926829268292683,184,52,400,0.46,184,400,52,0.46
1,selected_checkpoint_independent_validation_gate,58fd1e77faafefcb67631c3a568116ad60ce2ba3c90c12de1262d6a3709caaf6,153b5cd85305f3f4c9a03fd549eea3e06785a0d1a447b96ec9005098c7d25742,hotspot_high_load/qos_only_baseline/seed_183895110,qos_only_baseline,qos_only,75ef25aa9818be2f287b50f659e0059179294c8e8749313361b7ef9b98d1f733,0,hotspot_high_load,qos_only_baseline,183895110,77016,500,137,88,275,0.274,0.176,4.566666666666666,10.576642335766424,21.19999999999999,6.933333333333334,21,264,-9.114569215646107,0.2618456447322234,0.16194444444444445,0.5378254711321959,0.0,0.19562363583530631,0.03626459477141286,0.12312801932367148,0.36220472440944884,0.1702127659574468,0.2,212,52,431,0.4918793503480278,212,431,52,0.4918793503480278
1,selected_checkpoint_independent_validation_gate,58fd1e77faafefcb67631c3a568116ad60ce2ba3c90c12de1262d6a3709caaf6,153b5cd85305f3f4c9a03fd549eea3e06785a0d1a447b96ec9005098c7d25742,hotspot_high_load/qos_only_baseline/seed_183895110,qos_only_baseline,qos_only,75ef25aa9818be2f287b50f659e0059179294c8e8749313361b7ef9b98d1f733,0,hotspot_high_load,qos_only_baseline,183895110,77017,500,141,90,269,0.282,0.18,4.7,10.886524822695035,22.0,6.911111111111111,20,265,-9.01291276256842,0.2651814741102585,0.16126543209876543,0.527381797124231,0.0,0.20212387853692199,0.036399027978607085,0.12705314009661836,0.35826771653543305,0.1888111888111888,0.22330097087378642,224,41,444,0.5045045045045045,224,444,41,0.5045045045045045
1,selected_checkpoint_independent_validation_gate,58fd1e77faafefcb67631c3a568116ad60ce2ba3c90c12de1262d6a3709caaf6,153b5cd85305f3f4c9a03fd549eea3e06785a0d1a447b96ec9005098c7d25742,hotspot_high_load/qos_only_baseline/seed_183895110,qos_only_baseline,qos_only,75ef25aa9818be2f287b50f659e0059179294c8e8749313361b7ef9b98d1f733,0,hotspot_high_load,qos_only_baseline,183895110,77018,500,149,79,272,0.298,0.158,4.966666666666667,9.986577181208053,22.0,6.658333333333333,20,234,-7.3448304556516675,0.2688136593360787,0.1557407407407407,0.5345630761173503,0.0,0.2126024217328565,0.03604748389057926,0.10978260869565216,0.3360323886639676,0.21333333333333335,0.3300970873786408,181,53,424,0.4268867924528302,181,424,53,0.4268867924528302
1,selected_checkpoint_independent_validation_gate,58fd1e77faafefcb67631c3a568116ad60ce2ba3c90c12de1262d6a3709caaf6,153b5cd85305f3f4c9a03fd549eea3e06785a0d1a447b96ec9005098c7d25742,hotspot_high_load/qos_only_baseline/seed_183895110,qos_only_baseline,qos_only,75ef25aa9818be2f287b50f659e0059179294c8e8749313361b7ef9b98d1f733,0,hotspot_high_load,qos_only_baseline,183895110,77019,500,136,81,283,0.272,0.162,4.533333333333333,10.029411764705882,20.0,6.756944444444445,20,251,-8.492011384399799,0.25800228849363077,0.1582716049382716,0.5452585562978534,0.0,0.19330588493631976,0.036010207955075854,0.11346618357487921,0.3208955223880597,0.18518518518518517,0.25773195876288657,193,58,424,0.455188679245283,193,424,58,0.455188679245283
1,selected_checkpoint_independent_validation_gate,58fd1e77faafefcb67631c3a568116ad60ce2ba3c90c12de1262d6a3709caaf6,153b5cd85305f3f4c9a03fd549eea3e06785a0d1a447b96ec9005098c7d25742,hotspot_high_load/qos_only_baseline/seed_183895110,qos_only_baseline,qos_only,75ef25aa9818be2f287b50f659e0059179294c8e8749313361b7ef9b98d1f733,0,hotspot_high_load,qos_only_baseline,183895110,77020,500,151,88,261,0.302,0.176,5.033333333333333,10.033112582781458,20.5,6.545833333333333,19,237,-7.531483674867718,0.2551316497580673,0.15290123456790122,0.5550599914982385,0.0,0.21656874124265435,0.03643760689218431,0.12379227053140097,0.3941908713692946,0.15602836879432624,0.288135593220339,197,40,451,0.43680709534368073,197,451,40,0.43680709534368073
1,selected_checkpoint_independent_validation_gate,58fd1e77faafefcb67631c3a568116ad60ce2ba3c90c12de1262d6a3709caaf6,153b5cd85305f3f4c9a03fd549eea3e06785a0d1a447b96ec9005098c7d25742,hotspot_high_load/qos_only_constrained/seed_183895110,qos_only_constrained,qos_only,9f307a12cfd8b24e34265f83bfb940c3391b6bb115533b20b5e360f0ad0126e5,0,hotspot_high_load,qos_only_constrained,183895110,77011,500,152,80,268,0.304,0.16,5.066666666666666,10.217105263157896,22.0,6.741666666666666,32,12,-7.425628120158867,0.27508880344292697,0.15746913580246916,0.618818155294036,0.0,0.2263008724049914,0.03755586330528892,0.11671058410188845,0.3132530120481928,0.23076923076923078,0.4,0,12,437,0.0,0,437,12,0.0
1,selected_checkpoint_independent_validation_gate,58fd1e77faafefcb67631c3a568116ad60ce2ba3c90c12de1262d6a3709caaf6,153b5cd85305f3f4c9a03fd549eea3e06785a0d1a447b96ec9005098c7d25742,hotspot_high_load/qos_only_constrained/seed_183895110,qos_only_constrained,qos_only,9f307a12cfd8b24e34265f83bfb940c3391b6bb115533b20b5e360f0ad0126e5,0,hotspot_high_load,qos_only_constrained,183895110,77012,500,142,95,263,0.284,0.19,4.733333333333333,10.908450704225352,21.94999999999999,6.75,25,7,-9.824902176590024,0.27419298009285425,0.1575,0.6105980583797834,0.0,0.20256697408871321,0.036242782778555444,0.13387681159420287,0.3374485596707819,0.20238095238095238,0.29213483146067415,0,7,448,0.0,0,448,7,0.0
1,selected_checkpoint_independent_validation_gate,58fd1e77faafefcb67631c3a568116ad60ce2ba3c90c12de1262d6a3709caaf6,153b5cd85305f3f4c9a03fd549eea3e06785a0d1a447b96ec9005098c7d25742,hotspot_high_load/qos_only_constrained/seed_183895110,qos_only_constrained,qos_only,9f307a12cfd8b24e34265f83bfb940c3391b6bb115533b20b5e360f0ad0126e5,0,hotspot_high_load,qos_only_constrained,183895110,77013,500,158,86,256,0.316,0.172,5.266666666666667,10.594936708860759,22.0,6.711111111111111,36,14,-7.565784951567777,0.28075092156731035,0.15641975308641978,0.6108563440225547,0.0,0.2294676662010758,0.03696868484308266,0.12022946859903381,0.3738738738738739,0.21739130434782608,0.3418803418803419,0,14,423,0.0,0,423,14,0.0
1,selected_checkpoint_independent_validation_gate,58fd1e77faafefcb67631c3a568116ad60ce2ba3c90c12de1262d6a3709caaf6,153b5cd85305f3f4c9a03fd549eea3e06785a0d1a447b96ec9005098c7d25742,hotspot_high_load/qos_only_constrained/seed_183895110,qos_only_constrained,qos_only,9f307a12cfd8b24e34265f83bfb940c3391b6bb115533b20b5e360f0ad0126e5,0,hotspot_high_load,qos_only_constrained,183895110,77014,500,153,75,272,0.306,0.15,5.1,10.366013071895425,21.400000000000006,6.848611111111111,33,5,-6.796964757794787,0.2621242891215155,0.15996913580246913,0.6013623574956871,0.0,0.21918501788067005,0.03643479857689636,0.10552810715854193,0.350597609561753,0.22448979591836735,0.3137254901960784,0,5,445,0.0,0,445,5,0.0
1,selected_checkpoint_independent_validation_gate,58fd1e77faafefcb67631c3a568116ad60ce2ba3c90c12de1262d6a3709caaf6,153b5cd85305f3f4c9a03fd549eea3e06785a0d1a447b96ec9005098c7d25742,hotspot_high_load/qos_only_constrained/seed_183895110,qos_only_constrained,qos_only,9f307a12cfd8b24e34265f83bfb940c3391b6bb115533b20b5e360f0ad0126e5,0,hotspot_high_load,qos_only_constrained,183895110,77015,500,167,68,265,0.334,0.136,5.566666666666666,10.251497005988025,22.0,6.572222222222222,28,4,-4.745443658076701,0.25704552709300427,0.15361111111111111,0.5860080193118996,0.0,0.23873078612209048,0.0362954873075598,0.0967391304347826,0.3894736842105263,0.24812030075187969,0.2804878048780488,0,4,440,0.0,0,440,4,0.0
1,selected_checkpoint_independent_validation_gate,58fd1e77faafefcb67631c3a568116ad60ce2ba3c90c12de1262d6a3709caaf6,153b5cd85305f3f4c9a03fd549eea3e06785a0d1a447b96ec9005098c7d25742,hotspot_high_load/qos_only_constrained/seed_183895110,qos_only_constrained,qos_only,9f307a12cfd8b24e34265f83bfb940c3391b6bb115533b20b5e360f0ad0126e5,0,hotspot_high_load,qos_only_constrained,183895110,77016,500,143,77,280,0.286,0.154,4.766666666666667,10.524475524475525,23.0,6.9,29,9,-8.214723427952908,0.27892135806335444,0.16135802469135802,0.6036762007857506,0.0,0.20890771064684105,0.03698920272458777,0.10978260869565216,0.3425196850393701,0.2127659574468085,0.24761904761904763,0,9,452,0.0,0,452,9,0.0
1,selected_checkpoint_independent_validation_gate,58fd1e77faafefcb67631c3a568116ad60ce2ba3c90c12de1262d6a3709caaf6,153b5cd85305f3f4c9a03fd549eea3e06785a0d1a447b96ec9005098c7d25742,hotspot_high_load/qos_only_constrained/seed_183895110,qos_only_constrained,qos_only,9f307a12cfd8b24e34265f83bfb940c3391b6bb115533b20b5e360f0ad0126e5,0,hotspot_high_load,qos_only_constrained,183895110,77017,500,141,80,279,0.282,0.16,4.7,10.53191489361702,22.0,6.983333333333333,31,12,-8.370858241473268,0.26501927230497296,0.16317901234567903,0.6127810070075922,0.0,0.20691040843214753,0.03729527143118135,0.11613965744400527,0.32677165354330706,0.2097902097902098,0.27184466019417475,0,12,450,0.0,0,450,12,0.0
1,selected_checkpoint_independent_validation_gate,58fd1e77faafefcb67631c3a568116ad60ce2ba3c90c12de1262d6a3709caaf6,153b5cd85305f3f4c9a03fd549eea3e06785a0d1a447b96ec9005098c7d25742,hotspot_high_load/qos_only_constrained/seed_183895110,qos_only_constrained,qos_only,9f307a12cfd8b24e34265f83bfb940c3391b6bb115533b20b5e360f0ad0126e5,0,hotspot_high_load,qos_only_constrained,183895110,77018,500,152,72,276,0.304,0.144,5.066666666666666,9.526315789473685,20.0,6.727777777777778,28,10,-6.674088856240868,0.2711440428002658,0.1574074074074074,0.5999605255189433,0.0,0.21942637390577896,0.03652490340534527,0.10030193236714975,0.3157894736842105,0.26666666666666666,0.3300970873786408,1,9,444,0.0022522522522522522,1,444,9,0.0022522522522522522
1,selected_checkpoint_independent_validation_gate,58fd1e77faafefcb67631c3a568116ad60ce2ba3c90c12de1262d6a3709caaf6,153b5cd85305f3f4c9a03fd549eea3e06785a0d1a447b96ec9005098c7d25742,hotspot_high_load/qos_only_constrained/seed_183895110,qos_only_constrained,qos_only,9f307a12cfd8b24e34265f83bfb940c3391b6bb115533b20b5e360f0ad0126e5,0,hotspot_high_load,qos_only_constrained,183895110,77019,500,147,73,280,0.294,0.146,4.9,10.08843537414966,20.0,6.770833333333333,35,6,-7.166408543666992,0.2657578336660959,0.15848765432098766,0.608406431077823,0.0,0.21279659953572996,0.03672247956186089,0.10370631783675262,0.3246268656716418,0.21481481481481482,0.31958762886597936,1,5,454,0.0022026431718061676,1,454,5,0.0022026431718061676
1,selected_checkpoint_independent_validation_gate,58fd1e77faafefcb67631c3a568116ad60ce2ba3c90c12de1262d6a3709caaf6,153b5cd85305f3f4c9a03fd549eea3e06785a0d1a447b96ec9005098c7d25742,hotspot_high_load/qos_only_constrained/seed_183895110,qos_only_constrained,qos_only,9f307a12cfd8b24e34265f83bfb940c3391b6bb115533b20b5e360f0ad0126e5,0,hotspot_high_load,qos_only_constrained,183895110,77020,500,152,79,269,0.304,0.158,5.066666666666666,10.322368421052632,21.44999999999999,6.690277777777778,32,5,-7.194676158224493,0.26819585774233123,0.156358024691358,0.6065097431878992,0.0,0.2222959903051436,0.037026112770805614,0.1133893280632411,0.35684647302904565,0.18439716312056736,0.3389830508474576,0,5,468,0.0,0,468,5,0.0
1,selected_checkpoint_independent_validation_gate,58fd1e77faafefcb67631c3a568116ad60ce2ba3c90c12de1262d6a3709caaf6,153b5cd85305f3f4c9a03fd549eea3e06785a0d1a447b96ec9005098c7d25742,hotspot_high_load/reward_shaped_control/seed_183895110,reward_shaped_control,proposed,7723df4d5ad417b07a83af96ff97ba31ff51fd27d502b2b122028922f570023c,0,hotspot_high_load,reward_shaped_control,183895110,77011,500,149,80,271,0.298,0.16,4.966666666666667,10.59731543624161,20.0,6.820833333333334,22,147,-9.273002407716763,0.28501427928601586,0.15932098765432098,0.5544175424600475,0.2082433025911287,0.21419301712779976,0.03638288661475703,0.11214317083882303,0.3092369477911647,0.22435897435897437,0.3894736842105263,103,44,430,0.23953488372093024,103,430,44,0.23953488372093024
1,selected_checkpoint_independent_validation_gate,58fd1e77faafefcb67631c3a568116ad60ce2ba3c90c12de1262d6a3709caaf6,153b5cd85305f3f4c9a03fd549eea3e06785a0d1a447b96ec9005098c7d25742,hotspot_high_load/reward_shaped_control/seed_183895110,reward_shaped_control,proposed,7723df4d5ad417b07a83af96ff97ba31ff51fd27d502b2b122028922f570023c,0,hotspot_high_load,reward_shaped_control,183895110,77012,500,143,90,267,0.286,0.18,4.766666666666667,11.447552447552448,21.0,6.8597222222222225,22,124,-10.766279524384487,0.29147650700184247,0.16006172839506175,0.5642121210894353,0.17647437103958843,0.2053052261747914,0.03655088480302942,0.1272946859903382,0.32510288065843623,0.23214285714285715,0.2808988764044944,88,36,426,0.20657276995305165,88,426,36,0.20657276995305165
1,selected_checkpoint_independent_validation_gate,58fd1e77faafefcb67631c3a568116ad60ce2ba3c90c12de1262d6a3709caaf6,153b5cd85305f3f4c9a03fd549eea3e06785a0d1a447b96ec9005098c7d25742,hotspot_high_load/reward_shaped_control/seed_183895110,reward_shaped_control,proposed,7723df4d5ad417b07a83af96ff97ba31ff51fd27d502b2b122028922f570023c,0,hotspot_high_load,reward_shaped_control,183895110,77013,500,151,96,253,0.302,0.192,5.033333333333333,10.947019867549669,22.0,6.697222222222222,22,138,-10.109624156193624,0.27792873843949173,0.1560185185185185,0.5685298314992416,0.19552516832265115,0.21758662961752206,0.0365239775437972,0.1349033816425121,0.4009009009009009,0.17391304347826086,0.2905982905982906,104,34,432,0.24074074074074073,104,432,34,0.24074074074074073
1,selected_checkpoint_independent_validation_gate,58fd1e77faafefcb67631c3a568116ad60ce2ba3c90c12de1262d6a3709caaf6,153b5cd85305f3f4c9a03fd549eea3e06785a0d1a447b96ec9005098c7d25742,hotspot_high_load/reward_shaped_control/seed_183895110,reward_shaped_control,proposed,7723df4d5ad417b07a83af96ff97ba31ff51fd27d502b2b122028922f570023c,0,hotspot_high_load,reward_shaped_control,183895110,77014,500,149,76,275,0.298,0.152,4.966666666666667,10.78523489932886,21.599999999999994,6.8694444444444445,23,152,-8.718499476378636,0.2715403834018121,0.16052469135802472,0.54634918775797,0.21365832235397458,0.21167748917748916,0.03601429571906208,0.10652173913043479,0.350597609561753,0.19727891156462585,0.3137254901960784,123,29,455,0.2703296703296703,123,455,29,0.2703296703296703
1,selected_checkpoint_independent_validation_gate,58fd1e77faafefcb67631c3a568116ad60ce2ba3c90c12de1262d6a3709caaf6,153b5cd85305f3f4c9a03fd549eea3e06785a0d1a447b96ec9005098c7d25742,hotspot_high_load/reward_shaped_control/seed_183895110,reward_shaped_control,proposed,7723df4d5ad417b07a83af96ff97ba31ff51fd27d502b2b122028922f570023c,0,hotspot_high_load,reward_shaped_control,183895110,77015,500,159,72,269,0.318,0.144,5.3,10.238993710691824,20.099999999999994,6.541666666666667,22,129,-7.001667076669626,0.26235175263119986,0.15305555555555556,0.5522687756560011,0.18075396825396825,0.22396825396825398,0.03581493890945344,0.10078502415458937,0.37543859649122807,0.18796992481203006,0.32926829268292684,88,41,416,0.21153846153846154,88,416,41,0.21153846153846154
1,selected_checkpoint_independent_validation_gate,58fd1e77faafefcb67631c3a568116ad60ce2ba3c90c12de1262d6a3709caaf6,153b5cd85305f3f4c9a03fd549eea3e06785a0d1a447b96ec9005098c7d25742,hotspot_high_load/reward_shaped_control/seed_183895110,reward_shaped_control,proposed,7723df4d5ad417b07a83af96ff97ba31ff51fd27d502b2b122028922f570023c,0,hotspot_high_load,reward_shaped_control,183895110,77016,500,142,85,273,0.284,0.17,4.733333333333333,10.683098591549296,21.94999999999999,6.879166666666666,24,138,-9.856347674122144,0.2671611947370922,0.160679012345679,0.5625818711900293,0.193681379007466,0.20171858334901813,0.036020622143529045,0.11884057971014492,0.3700787401574803,0.1773049645390071,0.21904761904761905,95,43,443,0.2144469525959368,95,443,43,0.2144469525959368
1,selected_checkpoint_independent_validation_gate,58fd1e77faafefcb67631c3a568116ad60ce2ba3c90c12de1262d6a3709caaf6,153b5cd85305f3f4c9a03fd549eea3e06785a0d1a447b96ec9005098c7d25742,hotspot_high_load/reward_shaped_control/seed_183895110,reward_shaped_control,proposed,7723df4d5ad417b07a83af96ff97ba31ff51fd27d502b2b122028922f570023c,0,hotspot_high_load,reward_shaped_control,183895110,77017,500,143,84,273,0.286,0.168,4.766666666666667,11.41958041958042,22.0,6.997222222222222,22,161,-10.115713290605756,0.27426173435784995,0.16330246913580246,0.5509522132087565,0.23041360813099945,0.20571601104209802,0.03651923601931486,0.11944444444444444,0.3543307086614173,0.18181818181818182,0.2621359223300971,111,50,432,0.2569444444444444,111,432,50,0.2569444444444444
1,selected_checkpoint_independent_validation_gate,58fd1e77faafefcb67631c3a568116ad60ce2ba3c90c12de1262d6a3709caaf6,153b5cd85305f3f4c9a03fd549eea3e06785a0d1a447b96ec9005098c7d25742,hotspot_high_load/reward_shaped_control/seed_183895110,reward_shaped_control,proposed,7723df4d5ad417b07a83af96ff97ba31ff51fd27d502b2b122028922f570023c,0,hotspot_high_load,reward_shaped_control,183895110,77018,500,152,78,270,0.304,0.156,5.066666666666666,10.039473684210526,19.0,6.638888888888889,20,143,-8.38162958953442,0.2724730589349998,0.15524691358024692,0.5597172494978625,0.2007411067193676,0.21720355731225297,0.03612927168303461,0.10869565217391304,0.3481781376518219,0.22,0.32038834951456313,100,43,431,0.23201856148491878,100,431,43,0.23201856148491878
1,selected_checkpoint_independent_validation_gate,58fd1e77faafefcb67631c3a568116ad60ce2ba3c90c12de1262d6a3709caaf6,153b5cd85305f3f4c9a03fd549eea3e06785a0d1a447b96ec9005098c7d25742,hotspot_high_load/reward_shaped_control/seed_183895110,reward_shaped_control,proposed,7723df4d5ad417b07a83af96ff97ba31ff51fd27d502b2b122028922f570023c,0,hotspot_high_load,reward_shaped_control,183895110,77019,500,142,80,278,0.284,0.16,4.733333333333333,10.422535211267606,20.94999999999999,6.718055555555556,23,152,-9.247256713524058,0.26176384200602554,0.15725308641975308,0.5651931619077082,0.21588242675199198,0.20383979547023026,0.03626430631848913,0.11251646903820815,0.3358208955223881,0.17037037037037037,0.29896907216494845,101,51,430,0.23488372093023255,101,430,51,0.23488372093023255
1,selected_checkpoint_independent_validation_gate,58fd1e77faafefcb67631c3a568116ad60ce2ba3c90c12de1262d6a3709caaf6,153b5cd85305f3f4c9a03fd549eea3e06785a0d1a447b96ec9005098c7d25742,hotspot_high_load/reward_shaped_control/seed_183895110,reward_shaped_control,proposed,7723df4d5ad417b07a83af96ff97ba31ff51fd27d502b2b122028922f570023c,0,hotspot_high_load,reward_shaped_control,183895110,77020,500,153,81,266,0.306,0.162,5.1,10.405228758169935,20.0,6.661111111111111,22,144,-8.482407349095968,0.26749878229915713,0.15561728395061725,0.5629751154190762,0.20533157663592444,0.21967940272288097,0.03643000560314004,0.11455314009661836,0.36929460580912865,0.1773049645390071,0.3305084745762712,115,29,459,0.25054466230936817,115,459,29,0.25054466230936817
1,selected_checkpoint_independent_validation_gate,58fd1e77faafefcb67631c3a568116ad60ce2ba3c90c12de1262d6a3709caaf6,153b5cd85305f3f4c9a03fd549eea3e06785a0d1a447b96ec9005098c7d25742,hotspot_high_load/qos_only_baseline/seed_310818925,qos_only_baseline,qos_only,dacd7336082d544ceec0297451bdfc6019179dc3ddef46616aa1d8db1de3384d,0,hotspot_high_load,qos_only_baseline,310818925,77011,500,142,86,272,0.284,0.172,4.733333333333333,10.429577464788732,20.0,6.781944444444444,22,185,-9.029685370174173,0.28050937102158496,0.15848765432098766,0.5689284297606032,0.0,0.20419003701612395,0.03631355197144924,0.1207729468599034,0.3092369477911647,0.19230769230769232,0.3684210526315789,136,49,419,0.324582338902148,136,419,49,0.324582338902148
1,selected_checkpoint_independent_validation_gate,58fd1e77faafefcb67631c3a568116ad60ce2ba3c90c12de1262d6a3709caaf6,153b5cd85305f3f4c9a03fd549eea3e06785a0d1a447b96ec9005098c7d25742,hotspot_high_load/qos_only_baseline/seed_310818925,qos_only_baseline,qos_only,dacd7336082d544ceec0297451bdfc6019179dc3ddef46616aa1d8db1de3384d,0,hotspot_high_load,qos_only_baseline,310818925,77012,500,139,92,269,0.278,0.184,4.633333333333334,11.129496402877697,21.0,6.830555555555556,20,158,-10.053980548228346,0.28530572561350365,0.1594753086419753,0.5669700123248739,0.0,0.19851919819311123,0.036399301411577545,0.12947408871321914,0.31275720164609055,0.21428571428571427,0.30337078651685395,129,29,442,0.2918552036199095,129,442,29,0.2918552036199095
1,selected_checkpoint_independent_validation_gate,58fd1e77faafefcb67631c3a568116ad60ce2ba3c90c12de1262d6a3709caaf6,153b5cd85305f3f4c9a03fd549eea3e06785a0d1a447b96ec9005098c7d25742,hotspot_high_load/qos_only_baseline/seed_310818925,qos_only_baseline,qos_only,dacd7336082d544ceec0297451bdfc6019179dc3ddef46616aa1d8db1de3384d,0,hotspot_high_load,qos_only_baseline,310818925,77013,500,151,95,254,0.302,0.19,5.033333333333333,10.741721854304636,21.0,6.691666666666666,18,181,-8.80427621708533,0.2775403072638209,0.1559259259259259,0.5678946581029151,0.0,0.21802674505763747,0.03671410589739598,0.1333937198067633,0.38738738738738737,0.18012422360248448,0.3076923076923077,142,39,421,0.33729216152019004,142,421,39,0.33729216152019004
1,selected_checkpoint_independent_validation_gate,58fd1e77faafefcb67631c3a568116ad60ce2ba3c90c12de1262d6a3709caaf6,153b5cd85305f3f4c9a03fd549eea3e06785a0d1a447b96ec9005098c7d25742,hotspot_high_load/qos_only_baseline/seed_310818925,qos_only_baseline,qos_only,dacd7336082d544ceec0297451bdfc6019179dc3ddef46616aa1d8db1de3384d,0,hotspot_high_load,qos_only_baseline,310818925,77014,500,144,77,279,0.288,0.154,4.8,10.909722222222221,22.0,6.941666666666666,22,206,-8.12534422562325,0.2735284049766953,0.16225308641975314,0.5497847030079402,0.0,0.20246502289980547,0.03576620018205306,0.10694444444444445,0.3386454183266932,0.19047619047619047,0.30392156862745096,151,55,430,0.3511627906976744,151,430,55,0.3511627906976744
1,selected_checkpoint_independent_validation_gate,58fd1e77faafefcb67631c3a568116ad60ce2ba3c90c12de1262d6a3709caaf6,153b5cd85305f3f4c9a03fd549eea3e06785a0d1a447b96ec9005098c7d25742,hotspot_high_load/qos_only_baseline/seed_310818925,qos_only_baseline,qos_only,dacd7336082d544ceec0297451bdfc6019179dc3ddef46616aa1d8db1de3384d,0,hotspot_high_load,qos_only_baseline,310818925,77015,500,161,69,270,0.322,0.138,5.366666666666666,10.043478260869565,20.0,6.5680555555555555,20,150,-5.353105754193036,0.25768807971580154,0.15367283950617283,0.5555717761753923,0.0,0.22691699604743082,0.035752443349978284,0.096256038647343,0.37543859649122807,0.21804511278195488,0.3048780487804878,106,44,412,0.25728155339805825,106,412,44,0.25728155339805825
1,selected_checkpoint_independent_validation_gate,58fd1e77faafefcb67631c3a568116ad60ce2ba3c90c12de1262d6a3709caaf6,153b5cd85305f3f4c9a03fd549eea3e06785a0d1a447b96ec9005098c7d25742,hotspot_high_load/qos_only_baseline/seed_310818925,qos_only_baseline,qos_only,dacd7336082d544ceec0297451bdfc6019179dc3ddef46616aa1d8db1de3384d,0,hotspot_high_load,qos_only_baseline,310818925,77016,500,141,83,276,0.282,0.166,4.7,10.801418439716311,21.0,6.911111111111111,20,205,-8.643417284131893,0.27045270852422904,0.1614814814814815,0.5646686874896157,0.0,0.20120569044482084,0.03612447094248288,0.11540404040404041,0.36220472440944884,0.18439716312056736,0.21904761904761905,162,43,439,0.3690205011389522,162,439,43,0.3690205011389522
1,selected_checkpoint_independent_validation_gate,58fd1e77faafefcb67631c3a568116ad60ce2ba3c90c12de1262d6a3709caaf6,153b5cd85305f3f4c9a03fd549eea3e06785a0d1a447b96ec9005098c7d25742,hotspot_high_load/qos_only_baseline/seed_310818925,qos_only_baseline,qos_only,dacd7336082d544ceec0297451bdfc6019179dc3ddef46616aa1d8db1de3384d,0,hotspot_high_load,qos_only_baseline,310818925,77017,500,143,85,272,0.286,0.17,4.766666666666667,11.335664335664335,23.0,6.972222222222222,22,197,-8.744760744821674,0.27379471285762297,0.16271604938271605,0.5533738300141163,0.0,0.2059032875337223,0.0365550027841859,0.12016908212560384,0.35039370078740156,0.18181818181818182,0.27184466019417475,143,54,425,0.33647058823529413,143,425,54,0.33647058823529413
1,selected_checkpoint_independent_validation_gate,58fd1e77faafefcb67631c3a568116ad60ce2ba3c90c12de1262d6a3709caaf6,153b5cd85305f3f4c9a03fd549eea3e06785a0d1a447b96ec9005098c7d25742,hotspot_high_load/qos_only_baseline/seed_310818925,qos_only_baseline,qos_only,dacd7336082d544ceec0297451bdfc6019179dc3ddef46616aa1d8db1de3384d,0,hotspot_high_load,qos_only_baseline,310818925,77018,500,152,77,271,0.304,0.154,5.066666666666666,10.203947368421053,21.44999999999999,6.695833333333334,21,183,-7.08367478002179,0.27254127933304456,0.15654320987654322,0.5611003569897483,0.0,0.2177594265637744,0.036250280790791074,0.10706521739130435,0.340080971659919,0.23333333333333334,0.32038834951456313,145,38,435,0.3333333333333333,145,435,38,0.3333333333333333
1,selected_checkpoint_independent_validation_gate,58fd1e77faafefcb67631c3a568116ad60ce2ba3c90c12de1262d6a3709caaf6,153b5cd85305f3f4c9a03fd549eea3e06785a0d1a447b96ec9005098c7d25742,hotspot_high_load/qos_only_baseline/seed_310818925,qos_only_baseline,qos_only,dacd7336082d544ceec0297451bdfc6019179dc3ddef46616aa1d8db1de3384d,0,hotspot_high_load,qos_only_baseline,310818925,77019,500,140,80,280,0.28,0.16,4.666666666666667,10.585714285714285,22.0,6.805555555555555,22,181,-8.132688215431552,0.26308577621044965,0.15925925925925927,0.5688515388456833,0.0,0.2021072526507309,0.03650412661247582,0.11213768115942031,0.3283582089552239,0.18518518518518517,0.27835051546391754,127,54,425,0.2988235294117647,127,425,54,0.2988235294117647
1,selected_checkpoint_independent_validation_gate,58fd1e77faafefcb67631c3a568116ad60ce2ba3c90c12de1262d6a3709caaf6,153b5cd85305f3f4c9a03fd549eea3e06785a0d1a447b96ec9005098c7d25742,hotspot_high_load/qos_only_baseline/seed_310818925,qos_only_baseline,qos_only,dacd7336082d544ceec0297451bdfc6019179dc3ddef46616aa1d8db1de3384d,0,hotspot_high_load,qos_only_baseline,310818925,77020,500,148,79,273,0.296,0.158,4.933333333333334,10.195945945945946,20.0,6.720833333333333,19,205,-7.417799667135032,0.26532535523684897,0.15716049382716052,0.5658827635629413,0.0,0.21348976030326147,0.03650622952770817,0.11147342995169081,0.35684647302904565,0.18439716312056736,0.3050847457627119,166,39,451,0.36807095343680707,166,451,39,0.36807095343680707
1,selected_checkpoint_independent_validation_gate,58fd1e77faafefcb67631c3a568116ad60ce2ba3c90c12de1262d6a3709caaf6,153b5cd85305f3f4c9a03fd549eea3e06785a0d1a447b96ec9005098c7d25742,hotspot_high_load/qos_only_constrained/seed_310818925,qos_only_constrained,qos_only,0d35f2a0a3c6bc6c50ce68532c33ea0c0623df9173471b1fc3e19676ac48ef6c,0,hotspot_high_load,qos_only_constrained,310818925,77011,500,149,81,270,0.298,0.162,4.966666666666667,10.523489932885907,21.0,6.761111111111111,34,25,-7.803102693277837,0.2784183678737048,0.15796296296296297,0.6045126582635835,0.0,0.218623554384424,0.03706926577987445,0.11420180061484411,0.3132530120481928,0.1987179487179487,0.42105263157894735,9,16,441,0.02040816326530612,9,441,16,0.02040816326530612
1,selected_checkpoint_independent_validation_gate,58fd1e77faafefcb67631c3a568116ad60ce2ba3c90c12de1262d6a3709caaf6,153b5cd85305f3f4c9a03fd549eea3e06785a0d1a447b96ec9005098c7d25742,hotspot_high_load/qos_only_constrained/seed_310818925,qos_only_constrained,qos_only,0d35f2a0a3c6bc6c50ce68532c33ea0c0623df9173471b1fc3e19676ac48ef6c,0,hotspot_high_load,qos_only_constrained,310818925,77012,500,141,88,271,0.282,0.176,4.7,11.01418439716312,21.0,6.8597222222222225,29,14,-9.736282841048938,0.28796951761410955,0.16018518518518515,0.6075628149361858,0.0,0.20160079051383398,0.03637193559061932,0.12361660079051383,0.3045267489711934,0.23214285714285715,0.3146067415730337,6,8,441,0.013605442176870748,6,441,8,0.013605442176870748
1,selected_checkpoint_independent_validation_gate,58fd1e77faafefcb67631c3a568116ad60ce2ba3c90c12de1262d6a3709caaf6,153b5cd85305f3f4c9a03fd549eea3e06785a0d1a447b96ec9005098c7d25742,hotspot_high_load/qos_only_constrained/seed_310818925,qos_only_constrained,qos_only,0d35f2a0a3c6bc6c50ce68532c33ea0c0623df9173471b1fc3e19676ac48ef6c,0,hotspot_high_load,qos_only_constrained,310818925,77013,500,145,90,265,0.29,0.18,4.833333333333333,10.53103448275862,20.0,6.798611111111111,28,14,-9.113093773178873,0.282413504648604,0.15864197530864196,0.5942010952854653,0.0,0.2105283548132518,0.036638487045372745,0.126207729468599,0.34684684684684686,0.20496894409937888,0.29914529914529914,1,13,429,0.002331002331002331,1,429,13,0.002331002331002331
1,selected_checkpoint_independent_validation_gate,58fd1e77faafefcb67631c3a568116ad60ce2ba3c90c12de1262d6a3709caaf6,153b5cd85305f3f4c9a03fd549eea3e06785a0d1a447b96ec9005098c7d25742,hotspot_high_load/qos_only_constrained/seed_310818925,qos_only_constrained,qos_only,0d35f2a0a3c6bc6c50ce68532c33ea0c0623df9173471b1fc3e19676ac48ef6c,0,hotspot_high_load,qos_only_constrained,310818925,77014,500,152,71,277,0.304,0.142,5.066666666666666,9.993421052631579,20.0,6.820833333333334,31,17,-6.461168237613462,0.2607078640421973,0.15950617283950616,0.5945550272797736,0.0,0.21796050567789702,0.0364575384798964,0.09993961352657003,0.3346613545816733,0.21768707482993196,0.35294117647058826,6,11,448,0.013392857142857142,6,448,11,0.013392857142857142
1,selected_checkpoint_independent_validation_gate,58fd1e77faafefcb67631c3a568116ad60ce2ba3c90c12de1262d6a3709caaf6,153b5cd85305f3f4c9a03fd549eea3e06785a0d1a447b96ec9005098c7d25742,hotspot_high_load/qos_only_constrained/seed_310818925,qos_only_constrained,qos_only,0d35f2a0a3c6bc6c50ce68532c33ea0c0623df9173471b1fc3e19676ac48ef6c,0,hotspot_high_load,qos_only_constrained,310818925,77015,500,160,66,274,0.32,0.132,5.333333333333333,10.11875,22.0,6.627777777777778,29,15,-5.22587028103322,0.2617450854107218,0.1551234567901235,0.5865901816859325,0.0,0.2307669536159239,0.03666327781444586,0.09378019323671498,0.35789473684210527,0.22556390977443608,0.34146341463414637,7,8,430,0.01627906976744186,7,430,8,0.01627906976744186
1,selected_checkpoint_independent_validation_gate,58fd1e77faafefcb67631c3a568116ad60ce2ba3c90c12de1262d6a3709caaf6,153b5cd85305f3f4c9a03fd549eea3e06785a0d1a447b96ec9005098c7d25742,hotspot_high_load/qos_only_constrained/seed_310818925,qos_only_constrained,qos_only,0d35f2a0a3c6bc6c50ce68532c33ea0c0623df9173471b1fc3e19676ac48ef6c,0,hotspot_high_load,qos_only_constrained,310818925,77016,500,148,80,272,0.296,0.16,4.933333333333334,10.43918918918919,21.0,6.858333333333333,27,14,-7.610703700767228,0.26560208828645354,0.16018518518518518,0.6010304735010301,0.0,0.214173097433967,0.03666126229576481,0.11225845410628019,0.36220472440944884,0.20567375886524822,0.2571428571428571,5,9,446,0.011210762331838564,5,446,9,0.011210762331838564
1,selected_checkpoint_independent_validation_gate,58fd1e77faafefcb67631c3a568116ad60ce2ba3c90c12de1262d6a3709caaf6,153b5cd85305f3f4c9a03fd549eea3e06785a0d1a447b96ec9005098c7d25742,hotspot_high_load/qos_only_constrained/seed_310818925,qos_only_constrained,qos_only,0d35f2a0a3c6bc6c50ce68532c33ea0c0623df9173471b1fc3e19676ac48ef6c,0,hotspot_high_load,qos_only_constrained,310818925,77017,500,145,81,274,0.29,0.162,4.833333333333333,11.26206896551724,21.799999999999983,6.972222222222222,30,22,-8.151850027784118,0.2697030088647852,0.1627777777777778,0.6037457946227603,0.0,0.21232759104612653,0.03725966922962143,0.11617886943973899,0.3464566929133858,0.18181818181818182,0.30097087378640774,11,11,451,0.024390243902439025,11,451,11,0.024390243902439025
1,selected_checkpoint_independent_validation_gate,58fd1e77faafefcb67631c3a568116ad60ce2ba3c90c12de1262d6a3709caaf6,153b5cd85305f3f4c9a03fd549eea3e06785a0d1a447b96ec9005098c7d25742,hotspot_high_load/qos_only_constrained/seed_310818925,qos_only_constrained,qos_only,0d35f2a0a3c6bc6c50ce68532c33ea0c0623df9173471b1fc3e19676ac48ef6c,0,hotspot_high_load,qos_only_constrained,310818925,77018,500,155,69,276,0.31,0.138,5.166666666666667,10.096774193548388,20.0,6.695833333333334,28,21,-6.196852556311874,0.2768655493667144,0.15669753086419752,0.5955527913655442,0.0,0.22564433151389673,0.03680257362402999,0.09619565217391306,0.32388663967611336,0.25333333333333335,0.3592233009708738,10,11,437,0.02288329519450801,10,437,11,0.02288329519450801
1,selected_checkpoint_independent_validation_gate,58fd1e77faafefcb67631c3a568116ad60ce2ba3c90c12de1262d6a3709caaf6,153b5cd85305f3f4c9a03fd549eea3e06785a0d1a447b96ec9005098c7d25742,hotspot_high_load/qos_only_constrained/seed_310818925,qos_only_constrained,qos_only,0d35f2a0a3c6bc6c50ce68532c33ea0c0623df9173471b1fc3e19676ac48ef6c,0,hotspot_high_load,qos_only_constrained,310818925,77019,500,145,73,282,0.29,0.146,4.833333333333333,10.255172413793103,21.799999999999983,6.748611111111111,30,23,-7.277284957259639,0.26466375888828314,0.15805555555555556,0.612515289054768,0.0,0.2099443189660581,0.03671166675908568,0.10321695212999563,0.3208955223880597,0.2074074074074074,0.31958762886597936,7,16,444,0.015765765765765764,7,444,16,0.015765765765765764
1,selected_checkpoint_independent_validation_gate,58fd1e77faafefcb67631c3a568116ad60ce2ba3c90c12de1262d6a3709caaf6,153b5cd85305f3f4c9a03fd549eea3e06785a0d1a447b96ec9005098c7d25742,hotspot_high_load/qos_only_constrained/seed_310818925,qos_only_constrained,qos_only,0d35f2a0a3c6bc6c50ce68532c33ea0c0623df9173471b1fc3e19676ac48ef6c,0,hotspot_high_load,qos_only_constrained,310818925,77020,500,154,78,268,0.308,0.156,5.133333333333334,10.35064935064935,21.0,6.6,26,22,-6.874619372066719,0.2679911421358297,0.15432098765432098,0.6052920812275658,0.0,0.22375389230652384,0.03665425106784097,0.11050959909655562,0.37344398340248963,0.18439716312056736,0.3220338983050847,7,15,464,0.015086206896551725,7,464,15,0.015086206896551725
1,selected_checkpoint_independent_validation_gate,58fd1e77faafefcb67631c3a568116ad60ce2ba3c90c12de1262d6a3709caaf6,153b5cd85305f3f4c9a03fd549eea3e06785a0d1a447b96ec9005098c7d25742,hotspot_high_load/reward_shaped_control/seed_310818925,reward_shaped_control,proposed,bdeaf9236efd436810e2adf1d2bbd2f9de464dfc7f438b03f104fcf398300ab2,0,hotspot_high_load,reward_shaped_control,310818925,77011,500,141,83,276,0.282,0.166,4.7,10.085106382978724,20.0,6.761111111111111,23,133,-9.715902639589178,0.2742717631650588,0.15814814814814815,0.5885362692604533,0.18749529456051192,0.20496408181190792,0.036666235701709696,0.11649099692577954,0.2891566265060241,0.1794871794871795,0.43157894736842106,93,40,430,0.21627906976744185,93,430,40,0.21627906976744185
1,selected_checkpoint_independent_validation_gate,58fd1e77faafefcb67631c3a568116ad60ce2ba3c90c12de1262d6a3709caaf6,153b5cd85305f3f4c9a03fd549eea3e06785a0d1a447b96ec9005098c7d25742,hotspot_high_load/reward_shaped_control/seed_310818925,reward_shaped_control,proposed,bdeaf9236efd436810e2adf1d2bbd2f9de464dfc7f438b03f104fcf398300ab2,0,hotspot_high_load,reward_shaped_control,310818925,77012,500,131,91,278,0.262,0.182,4.366666666666666,10.908396946564885,20.0,6.986111111111111,22,128,-11.97558490074726,0.28830974832895423,0.16320987654320987,0.5809449190645726,0.1805335968379447,0.18677708764665285,0.03622830470984214,0.12801932367149757,0.2716049382716049,0.21428571428571427,0.3258426966292135,90,38,427,0.2107728337236534,90,427,38,0.2107728337236534
1,selected_checkpoint_independent_validation_gate,58fd1e77faafefcb67631c3a568116ad60ce2ba3c90c12de1262d6a3709caaf6,153b5cd85305f3f4c9a03fd549eea3e06785a0d1a447b96ec9005098c7d25742,hotspot_high_load/reward_shaped_control/seed_310818925,reward_shaped_control,proposed,bdeaf9236efd436810e2adf1d2bbd2f9de464dfc7f438b03f104fcf398300ab2,0,hotspot_high_load,reward_shaped_control,310818925,77013,500,144,87,269,0.288,0.174,4.8,10.979166666666666,21.0,6.905555555555556,21,124,-10.44266572938209,0.293717998779775,0.16114197530864202,0.5815380208461,0.1757405618790058,0.20785322991272645,0.036589254336983346,0.12210144927536232,0.32432432432432434,0.19254658385093168,0.3504273504273504,97,27,430,0.2255813953488372,97,430,27,0.2255813953488372
1,selected_checkpoint_independent_validation_gate,58fd1e77faafefcb67631c3a568116ad60ce2ba3c90c12de1262d6a3709caaf6,153b5cd85305f3f4c9a03fd549eea3e06785a0d1a447b96ec9005098c7d25742,hotspot_high_load/reward_shaped_control/seed_310818925,reward_shaped_control,proposed,bdeaf9236efd436810e2adf1d2bbd2f9de464dfc7f438b03f104fcf398300ab2,0,hotspot_high_load,reward_shaped_control,310818925,77014,500,146,77,277,0.292,0.154,4.866666666666666,10.712328767123287,21.0,6.8805555555555555,24,135,-9.032534756773131,0.2721579577099222,0.16083333333333333,0.5707295454361814,0.19035541752933055,0.206911663216011,0.036009916471789374,0.10766908212560386,0.3426294820717131,0.1836734693877551,0.3235294117647059,95,40,435,0.21839080459770116,95,435,40,0.21839080459770116
1,selected_checkpoint_independent_validation_gate,58fd1e77faafefcb67631c3a568116ad60ce2ba3c90c12de1262d6a3709caaf6,153b5cd85305f3f4c9a03fd549eea3e06785a0d1a447b96ec9005098c7d25742,hotspot_high_load/reward_shaped_control/seed_310818925,reward_shaped_control,proposed,bdeaf9236efd436810e2adf1d2bbd2f9de464dfc7f438b03f104fcf398300ab2,0,hotspot_high_load,reward_shaped_control,310818925,77015,500,155,70,275,0.31,0.14,5.166666666666667,10.316129032258065,21.299999999999983,6.6930555555555555,22,135,-7.359708028128672,0.2660448634992997,0.15660493827160493,0.568909846593109,0.18883399209486168,0.21976943346508562,0.03586015600462985,0.09764492753623187,0.35789473684210527,0.20300751879699247,0.3170731707317073,83,52,398,0.20854271356783918,83,398,52,0.20854271356783918
1,selected_checkpoint_independent_validation_gate,58fd1e77faafefcb67631c3a568116ad60ce2ba3c90c12de1262d6a3709caaf6,153b5cd85305f3f4c9a03fd549eea3e06785a0d1a447b96ec9005098c7d25742,hotspot_high_load/reward_shaped_control/seed_310818925,reward_shaped_control,proposed,bdeaf9236efd436810e2adf1d2bbd2f9de464dfc7f438b03f104fcf398300ab2,0,hotspot_high_load,reward_shaped_control,310818925,77016,500,135,80,285,0.27,0.16,4.5,10.577777777777778,21.299999999999997,7.018055555555556,24,128,-10.234745833806167,0.27505050337068204,0.1641358024691358,0.5778977777356101,0.18054645837254532,0.19319781667607755,0.03624115433758836,0.11183574879227054,0.32677165354330706,0.20567375886524822,0.21904761904761905,96,32,447,0.21476510067114093,96,447,32,0.21476510067114093
1,selected_checkpoint_independent_validation_gate,58fd1e77faafefcb67631c3a568116ad60ce2ba3c90c12de1262d6a3709caaf6,153b5cd85305f3f4c9a03fd549eea3e06785a0d1a447b96ec9005098c7d25742,hotspot_high_load/reward_shaped_control/seed_310818925,reward_shaped_control,proposed,bdeaf9236efd436810e2adf1d2bbd2f9de464dfc7f438b03f104fcf398300ab2,0,hotspot_high_load,reward_shaped_control,310818925,77017,500,138,82,280,0.276,0.164,4.6,11.231884057971014,22.0,7.118055555555555,24,143,-10.5730774855374,0.2830476356005735,0.16620370370370371,0.5761253260610538,0.2037196499153021,0.19879195683543516,0.03647937784873554,0.11600241545893719,0.3228346456692913,0.1888111888111888,0.2815533980582524,103,40,438,0.23515981735159816,103,438,40,0.23515981735159816
1,selected_checkpoint_independent_validation_gate,58fd1e77faafefcb67631c3a568116ad60ce2ba3c90c12de1262d6a3709caaf6,153b5cd85305f3f4c9a03fd549eea3e06785a0d1a447b96ec9005098c7d25742,hotspot_high_load/reward_shaped_control/seed_310818925,reward_shaped_control,proposed,bdeaf9236efd436810e2adf1d2bbd2f9de464dfc7f438b03f104fcf398300ab2,0,hotspot_high_load,reward_shaped_control,310818925,77018,500,143,78,279,0.286,0.156,4.766666666666667,10.293706293706293,20.900000000000006,6.7875,22,130,-9.299660354499709,0.2781544546414642,0.1588271604938272,0.5794005384846487,0.1838085827216262,0.20523072338289733,0.03623959259415629,0.10845410628019327,0.3157894736842105,0.2,0.33980582524271846,97,33,431,0.22505800464037123,97,431,33,0.22505800464037123
1,selected_checkpoint_independent_validation_gate,58fd1e77faafefcb67631c3a568116ad60ce2ba3c90c12de1262d6a3709caaf6,153b5cd85305f3f4c9a03fd549eea3e06785a0d1a447b96ec9005098c7d25742,hotspot_high_load/reward_shaped_control/seed_310818925,reward_shaped_control,proposed,bdeaf9236efd436810e2adf1d2bbd2f9de464dfc7f438b03f104fcf398300ab2,0,hotspot_high_load,reward_shaped_control,310818925,77019,500,139,76,285,0.278,0.152,4.633333333333334,10.33093525179856,20.0,6.8625,23,127,-9.20851267417719,0.2669867754335881,0.16067901234567905,0.5909031071773475,0.17976582596147817,0.20052010791141228,0.0364906113320674,0.10688405797101447,0.30597014925373134,0.1925925925925926,0.31958762886597936,94,33,444,0.21171171171171171,94,444,33,0.21171171171171171
1,selected_checkpoint_independent_validation_gate,58fd1e77faafefcb67631c3a568116ad60ce2ba3c90c12de1262d6a3709caaf6,153b5cd85305f3f4c9a03fd549eea3e06785a0d1a447b96ec9005098c7d25742,hotspot_high_load/reward_shaped_control/seed_310818925,reward_shaped_control,proposed,bdeaf9236efd436810e2adf1d2bbd2f9de464dfc7f438b03f104fcf398300ab2,0,hotspot_high_load,reward_shaped_control,310818925,77020,500,144,80,276,0.288,0.16,4.8,10.20138888888889,20.0,6.745833333333334,24,133,-9.159975289238654,0.27192649270624875,0.15780864197530867,0.5918669648912647,0.18838932806324107,0.2093097615580453,0.03672518475388891,0.11262077294685988,0.34024896265560167,0.18439716312056736,0.3050847457627119,99,34,444,0.22297297297297297,99,444,34,0.22297297297297297
1,selected_checkpoint_independent_validation_gate,58fd1e77faafefcb67631c3a568116ad60ce2ba3c90c12de1262d6a3709caaf6,153b5cd85305f3f4c9a03fd549eea3e06785a0d1a447b96ec9005098c7d25742,hotspot_high_load/qos_only_baseline/seed_2136406109,qos_only_baseline,qos_only,6a41fe29fb849fd02f2caf530c03dd738d1a9bb09c0b51e75823c36396b71618,0,hotspot_high_load,qos_only_baseline,2136406109,77011,500,153,80,267,0.306,0.16,5.1,10.392156862745098,20.400000000000006,6.729166666666667,22,163,-7.452355815237945,0.2801668163757229,0.15716049382716044,0.5707879348901871,0.0,0.2214927222535918,0.03664845982364892,0.11237922705314012,0.321285140562249,0.23717948717948717,0.37894736842105264,135,28,443,0.3047404063205418,135,443,28,0.3047404063205418
1,selected_checkpoint_independent_validation_gate,58fd1e77faafefcb67631c3a568116ad60ce2ba3c90c12de1262d6a3709caaf6,153b5cd85305f3f4c9a03fd549eea3e06785a0d1a447b96ec9005098c7d25742,hotspot_high_load/qos_only_baseline/seed_2136406109,qos_only_baseline,qos_only,6a41fe29fb849fd02f2caf530c03dd738d1a9bb09c0b51e75823c36396b71618,0,hotspot_high_load,qos_only_baseline,2136406109,77012,500,145,87,268,0.29,0.174,4.833333333333333,11.227586206896552,20.799999999999983,6.8180555555555555,24,149,-9.421239905952723,0.2936985394890877,0.15916666666666668,0.5759117610953253,0.0,0.20738581466842335,0.03637429268227244,0.12327624066754501,0.32098765432098764,0.23809523809523808,0.30337078651685395,131,18,451,0.29046563192904656,131,451,18,0.29046563192904656
1,selected_checkpoint_independent_validation_gate,58fd1e77faafefcb67631c3a568116ad60ce2ba3c90c12de1262d6a3709caaf6,153b5cd85305f3f4c9a03fd549eea3e06785a0d1a447b96ec9005098c7d25742,hotspot_high_load/qos_only_baseline/seed_2136406109,qos_only_baseline,qos_only,6a41fe29fb849fd02f2caf530c03dd738d1a9bb09c0b51e75823c36396b71618,0,hotspot_high_load,qos_only_baseline,2136406109,77013,500,150,96,254,0.3,0.192,5.0,10.513333333333334,20.0,6.669444444444444,20,164,-8.836417737071871,0.2729043878105156,0.1554320987654321,0.5684591298586742,0.0,0.21595740008783484,0.036462715060516,0.13435990338164253,0.3918918918918919,0.19254658385093168,0.27350427350427353,138,26,437,0.3157894736842105,138,437,26,0.3157894736842105
1,selected_checkpoint_independent_validation_gate,58fd1e77faafefcb67631c3a568116ad60ce2ba3c90c12de1262d6a3709caaf6,153b5cd85305f3f4c9a03fd549eea3e06785a0d1a447b96ec9005098c7d25742,hotspot_high_load/qos_only_baseline/seed_2136406109,qos_only_baseline,qos_only,6a41fe29fb849fd02f2caf530c03dd738d1a9bb09c0b51e75823c36396b71618,0,hotspot_high_load,qos_only_baseline,2136406109,77014,500,149,76,275,0.298,0.152,4.966666666666667,10.429530201342281,21.0,6.829166666666667,23,169,-7.316916122547629,0.26650046162827873,0.15962962962962965,0.5552998313584652,0.0,0.21093638245812166,0.03596207006765078,0.10621980676328505,0.3545816733067729,0.19727891156462585,0.30392156862745096,143,26,449,0.3184855233853007,143,449,26,0.3184855233853007
1,selected_checkpoint_independent_validation_gate,58fd1e77faafefcb67631c3a568116ad60ce2ba3c90c12de1262d6a3709caaf6,153b5cd85305f3f4c9a03fd549eea3e06785a0d1a447b96ec9005098c7d25742,hotspot_high_load/qos_only_baseline/seed_2136406109,qos_only_baseline,qos_only,6a41fe29fb849fd02f2caf530c03dd738d1a9bb09c0b51e75823c36396b71618,0,hotspot_high_load,qos_only_baseline,2136406109,77015,500,158,68,274,0.316,0.136,5.266666666666667,10.310126582278482,21.150000000000006,6.698611111111111,21,140,-5.839376259805865,0.26900297445806726,0.15669753086419755,0.562064975876546,0.0,0.2248136645962733,0.0360908942484097,0.09504830917874396,0.36140350877192984,0.24812030075187969,0.2682926829268293,105,35,410,0.25609756097560976,105,410,35,0.25609756097560976
1,selected_checkpoint_independent_validation_gate,58fd1e77faafefcb67631c3a568116ad60ce2ba3c90c12de1262d6a3709caaf6,153b5cd85305f3f4c9a03fd549eea3e06785a0d1a447b96ec9005098c7d25742,hotspot_high_load/qos_only_baseline/seed_2136406109,qos_only_baseline,qos_only,6a41fe29fb849fd02f2caf530c03dd738d1a9bb09c0b51e75823c36396b71618,0,hotspot_high_load,qos_only_baseline,2136406109,77016,500,141,83,276,0.282,0.166,4.7,10.666666666666666,21.0,6.898611111111111,23,160,-8.667600503312002,0.2686998414745869,0.1612037037037037,0.5749676983759291,0.0,0.20056339795470227,0.036070451746134734,0.11564009661835749,0.3700787401574803,0.19148936170212766,0.19047619047619047,128,32,443,0.28893905191873587,128,443,32,0.28893905191873587
1,selected_checkpoint_independent_validation_gate,58fd1e77faafefcb67631c3a568116ad60ce2ba3c90c12de1262d6a3709caaf6,153b5cd85305f3f4c9a03fd549eea3e06785a0d1a447b96ec9005098c7d25742,hotspot_high_load/qos_only_baseline/seed_2136406109,qos_only_baseline,qos_only,6a41fe29fb849fd02f2caf530c03dd738d1a9bb09c0b51e75823c36396b71618,0,hotspot_high_load,qos_only_baseline,2136406109,77017,500,148,79,273,0.296,0.158,4.933333333333334,11.364864864864865,21.0,7.0055555555555555,22,175,-8.067703905649601,0.28178550771662997,0.1634876543209876,0.5655033486236195,0.0,0.21378003638873205,0.0366411396118342,0.11184672815107596,0.3543307086614173,0.21678321678321677,0.2621359223300971,148,27,450,0.3288888888888889,148,450,27,0.3288888888888889
1,selected_checkpoint_independent_validation_gate,58fd1e77faafefcb67631c3a568116ad60ce2ba3c90c12de1262d6a3709caaf6,153b5cd85305f3f4c9a03fd549eea3e06785a0d1a447b96ec9005098c7d25742,hotspot_high_load/qos_only_baseline/seed_2136406109,qos_only_baseline,qos_only,6a41fe29fb849fd02f2caf530c03dd738d1a9bb09c0b51e75823c36396b71618,0,hotspot_high_load,qos_only_baseline,2136406109,77018,500,152,76,272,0.304,0.152,5.066666666666666,10.263157894736842,20.0,6.6930555555555555,22,166,-7.187747203381466,0.277566692362236,0.15651234567901234,0.5688940323743722,0.0,0.21770405922579839,0.03618743909351822,0.1058574879227053,0.3481781376518219,0.24666666666666667,0.2815533980582524,131,35,438,0.2990867579908676,131,438,35,0.2990867579908676
1,selected_checkpoint_independent_validation_gate,58fd1e77faafefcb67631c3a568116ad60ce2ba3c90c12de1262d6a3709caaf6,153b5cd85305f3f4c9a03fd549eea3e06785a0d1a447b96ec9005098c7d25742,hotspot_high_load/qos_only_baseline/seed_2136406109,qos_only_baseline,qos_only,6a41fe29fb849fd02f2caf530c03dd738d1a9bb09c0b51e75823c36396b71618,0,hotspot_high_load,qos_only_baseline,2136406109,77019,500,144,81,275,0.288,0.162,4.8,10.104166666666666,21.0,6.7125,23,171,-7.760445953592768,0.258706853683186,0.15703703703703706,0.5786296979031582,0.0,0.20723790702051573,0.03641248016376471,0.11365832235397452,0.35074626865671643,0.1925925925925926,0.24742268041237114,141,30,441,0.3197278911564626,141,441,30,0.3197278911564626
1,selected_checkpoint_independent_validation_gate,58fd1e77faafefcb67631c3a568116ad60ce2ba3c90c12de1262d6a3709caaf6,153b5cd85305f3f4c9a03fd549eea3e06785a0d1a447b96ec9005098c7d25742,hotspot_high_load/qos_only_baseline/seed_2136406109,qos_only_baseline,qos_only,6a41fe29fb849fd02f2caf530c03dd738d1a9bb09c0b51e75823c36396b71618,0,hotspot_high_load,qos_only_baseline,2136406109,77020,500,155,81,264,0.31,0.162,5.166666666666667,10.187096774193549,21.299999999999983,6.605555555555555,21,174,-6.760776022861411,0.25904196423112874,0.15432098765432095,0.5753218615154714,0.0,0.22354194115063686,0.03646222486920006,0.11438296003513397,0.3817427385892116,0.19858156028368795,0.2966101694915254,143,31,453,0.31567328918322296,143,453,31,0.31567328918322296
1,selected_checkpoint_independent_validation_gate,58fd1e77faafefcb67631c3a568116ad60ce2ba3c90c12de1262d6a3709caaf6,153b5cd85305f3f4c9a03fd549eea3e06785a0d1a447b96ec9005098c7d25742,hotspot_high_load/qos_only_constrained/seed_2136406109,qos_only_constrained,qos_only,925606ab522677473b24c2bae9e8881a1d6ac00e18c21189d9137ec552fbc6b0,0,hotspot_high_load,qos_only_constrained,2136406109,77011,500,154,80,266,0.308,0.16,5.133333333333334,10.344155844155845,20.0,6.670833333333333,26,63,-7.30252856114802,0.2740019578921151,0.15583333333333335,0.5920283199826218,0.0,0.22112020829412135,0.03631989364151984,0.11207729468599034,0.3293172690763052,0.21153846153846154,0.4105263157894737,29,34,448,0.06473214285714286,29,448,34,0.06473214285714286
1,selected_checkpoint_independent_validation_gate,58fd1e77faafefcb67631c3a568116ad60ce2ba3c90c12de1262d6a3709caaf6,153b5cd85305f3f4c9a03fd549eea3e06785a0d1a447b96ec9005098c7d25742,hotspot_high_load/qos_only_constrained/seed_2136406109,qos_only_constrained,qos_only,925606ab522677473b24c2bae9e8881a1d6ac00e18c21189d9137ec552fbc6b0,0,hotspot_high_load,qos_only_constrained,2136406109,77012,500,140,87,273,0.28,0.174,4.666666666666667,11.071428571428571,20.049999999999983,6.901388888888889,25,49,-9.952345314555656,0.2920462515150854,0.16117283950617284,0.6021572532690699,0.0,0.1995487483530962,0.03627599324160327,0.12300724637681158,0.2962962962962963,0.23214285714285715,0.3258426966292135,23,26,442,0.05203619909502263,23,442,26,0.05203619909502263
1,selected_checkpoint_independent_validation_gate,58fd1e77faafefcb67631c3a568116ad60ce2ba3c90c12de1262d6a3709caaf6,153b5cd85305f3f4c9a03fd549eea3e06785a0d1a447b96ec9005098c7d25742,hotspot_high_load/qos_only_constrained/seed_2136406109,qos_only_constrained,qos_only,925606ab522677473b24c2bae9e8881a1d6ac00e18c21189d9137ec552fbc6b0,0,hotspot_high_load,qos_only_constrained,2136406109,77013,500,151,91,258,0.302,0.182,5.033333333333333,10.754966887417218,20.0,6.713888888888889,25,66,-8.416569272227438,0.27486510178958673,0.15654320987654324,0.5913101290878651,0.0,0.21896166635297068,0.0366744490741513,0.12778875713658325,0.36486486486486486,0.18633540372670807,0.3418803418803419,29,37,418,0.06937799043062201,29,418,37,0.06937799043062201
1,selected_checkpoint_independent_validation_gate,58fd1e77faafefcb67631c3a568116ad60ce2ba3c90c12de1262d6a3709caaf6,153b5cd85305f3f4c9a03fd549eea3e06785a0d1a447b96ec9005098c7d25742,hotspot_high_load/qos_only_constrained/seed_2136406109,qos_only_constrained,qos_only,925606ab522677473b24c2bae9e8881a1d6ac00e18c21189d9137ec552fbc6b0,0,hotspot_high_load,qos_only_constrained,2136406109,77014,500,148,77,275,0.296,0.154,4.933333333333334,10.466216216216216,21.0,6.822222222222222,25,50,-7.479484083533565,0.26553588431109965,0.1594753086419753,0.5894305388273122,0.0,0.21176453980801807,0.03636272172304294,0.10857487922705313,0.350597609561753,0.19727891156462585,0.30392156862745096,27,23,440,0.06136363636363636,27,440,23,0.06136363636363636
1,selected_checkpoint_independent_validation_gate,58fd1e77faafefcb67631c3a568116ad60ce2ba3c90c12de1262d6a3709caaf6,153b5cd85305f3f4c9a03fd549eea3e06785a0d1a447b96ec9005098c7d25742,hotspot_high_load/qos_only_constrained/seed_2136406109,qos_only_constrained,qos_only,925606ab522677473b24c2bae9e8881a1d6ac00e18c21189d9137ec552fbc6b0,0,hotspot_high_load,qos_only_constrained,2136406109,77015,500,164,63,273,0.328,0.126,5.466666666666667,10.378048780487806,21.0,6.65,23,50,-4.926259295589837,0.2677290043944808,0.15558641975308643,0.5823044728782445,0.0,0.23319938515590694,0.03608777704188562,0.08828502415458937,0.3684210526315789,0.2556390977443609,0.3048780487804878,24,26,419,0.057279236276849645,24,419,26,0.057279236276849645
1,selected_checkpoint_independent_validation_gate,58fd1e77faafefcb67631c3a568116ad60ce2ba3c90c12de1262d6a3709caaf6,153b5cd85305f3f4c9a03fd549eea3e06785a0d1a447b96ec9005098c7d25742,hotspot_high_load/qos_only_constrained/seed_2136406109,qos_only_constrained,qos_only,925606ab522677473b24c2bae9e8881a1d6ac00e18c21189d9137ec552fbc6b0,0,hotspot_high_load,qos_only_constrained,2136406109,77016,500,141,83,276,0.282,0.166,4.7,10.872340425531915,21.0,6.961111111111111,26,48,-8.833838299698098,0.27108290945328756,0.1625925925925926,0.6016869562019986,0.0,0.20191464332768685,0.03631550831082002,0.11666666666666667,0.35039370078740156,0.1773049645390071,0.2571428571428571,31,17,456,0.06798245614035088,31,456,17,0.06798245614035088
1,selected_checkpoint_independent_validation_gate,58fd1e77faafefcb67631c3a568116ad60ce2ba3c90c12de1262d6a3709caaf6,153b5cd85305f3f4c9a03fd549eea3e06785a0d1a447b96ec9005098c7d25742,hotspot_high_load/qos_only_constrained/seed_2136406109,qos_only_constrained,qos_only,925606ab522677473b24c2bae9e8881a1d6ac00e18c21189d9137ec552fbc6b0,0,hotspot_high_load,qos_only_constrained,2136406109,77017,500,141,83,276,0.282,0.166,4.7,11.27659574468085,20.0,7.079166666666667,27,61,-8.916062443662678,0.27431772829031265,0.16521604938271606,0.5877758077159977,0.0,0.2031931112365895,0.03658319611724117,0.11733091787439613,0.3346456692913386,0.18181818181818182,0.2912621359223301,23,38,436,0.052752293577981654,23,436,38,0.052752293577981654
1,selected_checkpoint_independent_validation_gate,58fd1e77faafefcb67631c3a568116ad60ce2ba3c90c12de1262d6a3709caaf6,153b5cd85305f3f4c9a03fd549eea3e06785a0d1a447b96ec9005098c7d25742,hotspot_high_load/qos_only_constrained/seed_2136406109,qos_only_constrained,qos_only,925606ab522677473b24c2bae9e8881a1d6ac00e18c21189d9137ec552fbc6b0,0,hotspot_high_load,qos_only_constrained,2136406109,77018,500,154,76,270,0.308,0.152,5.133333333333334,10.136363636363637,19.0,6.668055555555555,24,48,-6.717138598773139,0.26832986100303996,0.15589506172839504,0.589856976016547,0.0,0.2218619424054207,0.03640375043404854,0.10597826086956523,0.3441295546558704,0.22,0.34951456310679613,29,19,443,0.0654627539503386,29,443,19,0.0654627539503386
1,selected_checkpoint_independent_validation_gate,58fd1e77faafefcb67631c3a568116ad60ce2ba3c90c12de1262d6a3709caaf6,153b5cd85305f3f4c9a03fd549eea3e06785a0d1a447b96ec9005098c7d25742,hotspot_high_load/qos_only_constrained/seed_2136406109,qos_only_constrained,qos_only,925606ab522677473b24c2bae9e8881a1d6ac00e18c21189d9137ec552fbc6b0,0,hotspot_high_load,qos_only_constrained,2136406109,77019,500,144,75,281,0.288,0.15,4.8,10.29861111111111,21.0,6.719444444444444,27,56,-7.516464366094031,0.2618090458228702,0.15737654320987654,0.6032042120577426,0.0,0.2068434343434343,0.036445928200273495,0.10628019323671498,0.3283582089552239,0.18518518518518517,0.31958762886597936,29,27,450,0.06444444444444444,29,450,27,0.06444444444444444
1,selected_checkpoint_independent_validation_gate,58fd1e77faafefcb67631c3a568116ad60ce2ba3c90c12de1262d6a3709caaf6,153b5cd85305f3f4c9a03fd549eea3e06785a0d1a447b96ec9005098c7d25742,hotspot_high_load/qos_only_constrained/seed_2136406109,qos_only_constrained,qos_only,925606ab522677473b24c2bae9e8881a1d6ac00e18c21189d9137ec552fbc6b0,0,hotspot_high_load,qos_only_constrained,2136406109,77020,500,158,81,261,0.316,0.162,5.266666666666667,10.08860759493671,21.0,6.491666666666666,25,67,-6.503052728657104,0.25843590671328237,0.1516975308641975,0.5984294216977027,0.0,0.22763394817742644,0.03655485716355268,0.1143719806763285,0.4024896265560166,0.18439716312056736,0.2966101694915254,35,32,453,0.0772626931567329,35,453,32,0.0772626931567329
1,selected_checkpoint_independent_validation_gate,58fd1e77faafefcb67631c3a568116ad60ce2ba3c90c12de1262d6a3709caaf6,153b5cd85305f3f4c9a03fd549eea3e06785a0d1a447b96ec9005098c7d25742,hotspot_high_load/reward_shaped_control/seed_2136406109,reward_shaped_control,proposed,a074578c73a3a9262cf0a6212be5ff427029856a471a8b3561d6fc5a31bc844a,0,hotspot_high_load,reward_shaped_control,2136406109,77011,500,150,86,264,0.3,0.172,5.0,10.406666666666666,19.549999999999983,6.698611111111111,23,157,-9.302998744462625,0.2707659122110671,0.15638888888888888,0.5691145574252505,0.2224974904322731,0.21606735052387227,0.036423342192538635,0.12065217391304349,0.3373493975903614,0.20512820512820512,0.35789473684210527,125,32,437,0.28604118993135014,125,437,32,0.28604118993135014
1,selected_checkpoint_independent_validation_gate,58fd1e77faafefcb67631c3a568116ad60ce2ba3c90c12de1262d6a3709caaf6,153b5cd85305f3f4c9a03fd549eea3e06785a0d1a447b96ec9005098c7d25742,hotspot_high_load/reward_shaped_control/seed_2136406109,reward_shaped_control,proposed,a074578c73a3a9262cf0a6212be5ff427029856a471a8b3561d6fc5a31bc844a,0,hotspot_high_load,reward_shaped_control,2136406109,77012,500,140,93,267,0.28,0.186,4.666666666666667,11.25,20.0,6.826388888888889,21,123,-11.235742558213216,0.28945701042391897,0.159320987654321,0.5764975731071362,0.17387461572244184,0.20027084344590068,0.036396837848682445,0.1310441370223979,0.32098765432098764,0.21428571428571427,0.29213483146067415,103,20,444,0.23198198198198197,103,444,20,0.23198198198198197
1,selected_checkpoint_independent_validation_gate,58fd1e77faafefcb67631c3a568116ad60ce2ba3c90c12de1262d6a3709caaf6,153b5cd85305f3f4c9a03fd549eea3e06785a0d1a447b96ec9005098c7d25742,hotspot_high_load/reward_shaped_control/seed_2136406109,reward_shaped_control,proposed,a074578c73a3a9262cf0a6212be5ff427029856a471a8b3561d6fc5a31bc844a,0,hotspot_high_load,reward_shaped_control,2136406109,77013,500,151,93,256,0.302,0.186,5.033333333333333,10.695364238410596,20.0,6.715277777777778,21,132,-9.889607233367073,0.2815445934783896,0.15651234567901234,0.5734530861803268,0.18663498337411383,0.21840767927724453,0.03667541963161345,0.1306873078612209,0.3918918918918919,0.19875776397515527,0.27350427350427353,104,28,429,0.24242424242424243,104,429,28,0.24242424242424243
1,selected_checkpoint_independent_validation_gate,58fd1e77faafefcb67631c3a568116ad60ce2ba3c90c12de1262d6a3709caaf6,153b5cd85305f3f4c9a03fd549eea3e06785a0d1a447b96ec9005098c7d25742,hotspot_high_load/reward_shaped_control/seed_2136406109,reward_shaped_control,proposed,a074578c73a3a9262cf0a6212be5ff427029856a471a8b3561d6fc5a31bc844a,0,hotspot_high_load,reward_shaped_control,2136406109,77014,500,150,75,275,0.3,0.15,5.0,10.4,21.549999999999983,6.816666666666666,22,144,-8.44213636608277,0.26794441072988723,0.15935185185185186,0.5531740662006275,0.20205314009661832,0.21180296756383712,0.03590853329919704,0.10513285024154588,0.350597609561753,0.20408163265306123,0.3137254901960784,114,30,444,0.25675675675675674,114,444,30,0.25675675675675674
1,selected_checkpoint_independent_validation_gate,58fd1e77faafefcb67631c3a568116ad60ce2ba3c90c12de1262d6a3709caaf6,153b5cd85305f3f4c9a03fd549eea3e06785a0d1a447b96ec9005098c7d25742,hotspot_high_load/reward_shaped_control/seed_2136406109,reward_shaped_control,proposed,a074578c73a3a9262cf0a6212be5ff427029856a471a8b3561d6fc5a31bc844a,0,hotspot_high_load,reward_shaped_control,2136406109,77015,500,161,69,270,0.322,0.138,5.366666666666666,10.173913043478262,21.0,6.597222222222222,20,131,-6.487326901495922,0.26213933699359726,0.15432098765432098,0.565557917545339,0.18357487922705315,0.22961572244180944,0.03613611134358611,0.09649758454106278,0.37894736842105264,0.21804511278195488,0.2926829268292683,99,32,415,0.2385542168674699,99,415,32,0.2385542168674699
1,selected_checkpoint_independent_validation_gate,58fd1e77faafefcb67631c3a568116ad60ce2ba3c90c12de1262d6a3709caaf6,153b5cd85305f3f4c9a03fd549eea3e06785a0d1a447b96ec9005098c7d25742,hotspot_high_load/reward_shaped_control/seed_2136406109,reward_shaped_control,proposed,a074578c73a3a9262cf0a6212be5ff427029856a471a8b3561d6fc5a31bc844a,0,hotspot_high_load,reward_shaped_control,2136406109,77016,500,140,82,278,0.28,0.164,4.666666666666667,10.692857142857143,21.0,6.930555555555555,23,165,-10.09881016997906,0.2711118206854195,0.16197530864197526,0.5734403086169393,0.23319609134826527,0.20087709392057215,0.03633413008650287,0.11503623188405795,0.3464566929133858,0.18439716312056736,0.24761904761904763,131,34,439,0.2984054669703872,131,439,34,0.2984054669703872
1,selected_checkpoint_independent_validation_gate,58fd1e77faafefcb67631c3a568116ad60ce2ba3c90c12de1262d6a3709caaf6,153b5cd85305f3f4c9a03fd549eea3e06785a0d1a447b96ec9005098c7d25742,hotspot_high_load/reward_shaped_control/seed_2136406109,reward_shaped_control,proposed,a074578c73a3a9262cf0a6212be5ff427029856a471a8b3561d6fc5a31bc844a,0,hotspot_high_load,reward_shaped_control,2136406109,77017,500,144,85,271,0.288,0.17,4.8,11.027777777777779,20.0,6.961111111111111,21,162,-10.110470345866757,0.2745081296354827,0.1624382716049383,0.5623175571790656,0.2301289290419725,0.20684657130309303,0.03654368104802442,0.12016908212560386,0.35039370078740156,0.20279720279720279,0.2524271844660194,125,37,440,0.2840909090909091,125,440,37,0.2840909090909091
1,selected_checkpoint_independent_validation_gate,58fd1e77faafefcb67631c3a568116ad60ce2ba3c90c12de1262d6a3709caaf6,153b5cd85305f3f4c9a03fd549eea3e06785a0d1a447b96ec9005098c7d25742,hotspot_high_load/reward_shaped_control/seed_2136406109,reward_shaped_control,proposed,a074578c73a3a9262cf0a6212be5ff427029856a471a8b3561d6fc5a31bc844a,0,hotspot_high_load,reward_shaped_control,2136406109,77018,500,153,75,272,0.306,0.15,5.1,9.941176470588236,20.0,6.666666666666667,21,131,-8.058465056682934,0.2750522338813604,0.1559259259259259,0.5666721678240517,0.18417325428194994,0.2186145617667357,0.03612585094373287,0.10446859903381642,0.3360323886639676,0.24666666666666667,0.32038834951456313,103,28,446,0.23094170403587444,103,446,28,0.23094170403587444
1,selected_checkpoint_independent_validation_gate,58fd1e77faafefcb67631c3a568116ad60ce2ba3c90c12de1262d6a3709caaf6,153b5cd85305f3f4c9a03fd549eea3e06785a0d1a447b96ec9005098c7d25742,hotspot_high_load/reward_shaped_control/seed_2136406109,reward_shaped_control,proposed,a074578c73a3a9262cf0a6212be5ff427029856a471a8b3561d6fc5a31bc844a,0,hotspot_high_load,reward_shaped_control,2136406109,77019,500,144,76,280,0.288,0.152,4.8,10.472222222222221,21.0,6.791666666666667,23,127,-8.623839871172946,0.26588343458095304,0.15895061728395063,0.5850360819059088,0.1804413702239789,0.2085617039964866,0.03663902233981785,0.10664251207729468,0.332089552238806,0.1925925925925926,0.29896907216494845,101,26,444,0.22747747747747749,101,444,26,0.22747747747747749
1,selected_checkpoint_independent_validation_gate,58fd1e77faafefcb67631c3a568116ad60ce2ba3c90c12de1262d6a3709caaf6,153b5cd85305f3f4c9a03fd549eea3e06785a0d1a447b96ec9005098c7d25742,hotspot_high_load/reward_shaped_control/seed_2136406109,reward_shaped_control,proposed,a074578c73a3a9262cf0a6212be5ff427029856a471a8b3561d6fc5a31bc844a,0,hotspot_high_load,reward_shaped_control,2136406109,77020,500,153,83,264,0.306,0.166,5.1,10.555555555555555,20.400000000000006,6.665277777777778,21,139,-8.461179886080943,0.2650229982909901,0.15564814814814815,0.5747820280269946,0.19832015810276676,0.22167278373800117,0.036769911899003235,0.11751207729468599,0.3817427385892116,0.18439716312056736,0.2966101694915254,111,28,452,0.24557522123893805,111,452,28,0.24557522123893805
1,selected_checkpoint_independent_validation_gate,58fd1e77faafefcb67631c3a568116ad60ce2ba3c90c12de1262d6a3709caaf6,153b5cd85305f3f4c9a03fd549eea3e06785a0d1a447b96ec9005098c7d25742,hotspot_high_load/qos_only_baseline/seed_985998595,qos_only_baseline,qos_only,a8cbfd69c50db9d1d94dbef69cdaf5eb3ffaaed5bd869442efd689d7da78a618,0,hotspot_high_load,qos_only_baseline,985998595,77011,500,144,86,270,0.288,0.172,4.8,10.04861111111111,19.0,6.791666666666667,23,182,-8.64757324495003,0.27401353921243743,0.158641975308642,0.5670031894005212,0.0,0.2072297509254031,0.03637425459179646,0.12072353974527888,0.2971887550200803,0.20512820512820512,0.4,133,49,427,0.3114754098360656,133,427,49,0.3114754098360656
1,selected_checkpoint_independent_validation_gate,58fd1e77faafefcb67631c3a568116ad60ce2ba3c90c12de1262d6a3709caaf6,153b5cd85305f3f4c9a03fd549eea3e06785a0d1a447b96ec9005098c7d25742,hotspot_high_load/qos_only_baseline/seed_985998595,qos_only_baseline,qos_only,a8cbfd69c50db9d1d94dbef69cdaf5eb3ffaaed5bd869442efd689d7da78a618,0,hotspot_high_load,qos_only_baseline,985998595,77012,500,139,88,273,0.278,0.176,4.633333333333334,11.201438848920864,21.0,6.908333333333333,21,153,-10.063578842922276,0.29314519209914097,0.16132716049382717,0.5639281632396754,0.0,0.19753968253968257,0.03623077614642687,0.12415458937198068,0.3004115226337449,0.23214285714285715,0.30337078651685395,120,33,433,0.27713625866050806,120,433,33,0.27713625866050806
1,selected_checkpoint_independent_validation_gate,58fd1e77faafefcb67631c3a568116ad60ce2ba3c90c12de1262d6a3709caaf6,153b5cd85305f3f4c9a03fd549eea3e06785a0d1a447b96ec9005098c7d25742,hotspot_high_load/qos_only_baseline/seed_985998595,qos_only_baseline,qos_only,a8cbfd69c50db9d1d94dbef69cdaf5eb3ffaaed5bd869442efd689d7da78a618,0,hotspot_high_load,qos_only_baseline,985998595,77013,500,147,95,258,0.294,0.19,4.9,10.523809523809524,20.0,6.740277777777778,19,175,-9.115626243519479,0.2738098860515243,0.15712962962962962,0.5653765897168438,0.0,0.21119455423803252,0.036461741466618736,0.13327294685990337,0.36936936936936937,0.17391304347826086,0.3162393162393162,136,39,425,0.32,136,425,39,0.32
1,selected_checkpoint_independent_validation_gate,58fd1e77faafefcb67631c3a568116ad60ce2ba3c90c12de1262d6a3709caaf6,153b5cd85305f3f4c9a03fd549eea3e06785a0d1a447b96ec9005098c7d25742,hotspot_high_load/qos_only_baseline/seed_985998595,qos_only_baseline,qos_only,a8cbfd69c50db9d1d94dbef69cdaf5eb3ffaaed5bd869442efd689d7da78a618,0,hotspot_high_load,qos_only_baseline,985998595,77014,500,150,75,275,0.3,0.15,5.0,10.086666666666666,21.549999999999983,6.829166666666667,24,191,-7.115705383192488,0.2655392684733036,0.15962962962962965,0.5454643537355978,0.0,0.21186335403726708,0.03586417161784284,0.1047705314009662,0.3426294820717131,0.23129251700680273,0.29411764705882354,139,52,434,0.32027649769585254,139,434,52,0.32027649769585254
1,selected_checkpoint_independent_validation_gate,58fd1e77faafefcb67631c3a568116ad60ce2ba3c90c12de1262d6a3709caaf6,153b5cd85305f3f4c9a03fd549eea3e06785a0d1a447b96ec9005098c7d25742,hotspot_high_load/qos_only_baseline/seed_985998595,qos_only_baseline,qos_only,a8cbfd69c50db9d1d94dbef69cdaf5eb3ffaaed5bd869442efd689d7da78a618,0,hotspot_high_load,qos_only_baseline,985998595,77015,500,161,64,275,0.322,0.128,5.366666666666666,10.186335403726709,21.0,6.655555555555556,22,144,-5.197150944398996,0.26640616362300734,0.15577160493827164,0.5570648840442745,0.0,0.2277898550724638,0.03585723521238118,0.08925120772946861,0.36140350877192984,0.24060150375939848,0.3170731707317073,105,39,412,0.25485436893203883,105,412,39,0.25485436893203883
1,selected_checkpoint_independent_validation_gate,58fd1e77faafefcb67631c3a568116ad60ce2ba3c90c12de1262d6a3709caaf6,153b5cd85305f3f4c9a03fd549eea3e06785a0d1a447b96ec9005098c7d25742,hotspot_high_load/qos_only_baseline/seed_985998595,qos_only_baseline,qos_only,a8cbfd69c50db9d1d94dbef69cdaf5eb3ffaaed5bd869442efd689d7da78a618,0,hotspot_high_load,qos_only_baseline,985998595,77016,500,139,81,280,0.278,0.162,4.633333333333334,10.654676258992806,21.0,6.976388888888889,25,170,-9.008584625351403,0.2797287283697605,0.1630555555555556,0.5714752992285851,0.0,0.1985502540937323,0.03616684266462481,0.11322463768115942,0.33858267716535434,0.19148936170212766,0.24761904761904763,129,41,435,0.296551724137931,129,435,41,0.296551724137931
1,selected_checkpoint_independent_validation_gate,58fd1e77faafefcb67631c3a568116ad60ce2ba3c90c12de1262d6a3709caaf6,153b5cd85305f3f4c9a03fd549eea3e06785a0d1a447b96ec9005098c7d25742,hotspot_high_load/qos_only_baseline/seed_985998595,qos_only_baseline,qos_only,a8cbfd69c50db9d1d94dbef69cdaf5eb3ffaaed5bd869442efd689d7da78a618,0,hotspot_high_load,qos_only_baseline,985998595,77017,500,143,81,276,0.286,0.162,4.766666666666667,11.132867132867133,21.0,7.040277777777778,23,185,-8.626944294216441,0.27841420099788433,0.1643518518518518,0.5567620293398113,0.0,0.20557610264132004,0.03654571925080626,0.11474527887571365,0.33070866141732286,0.20279720279720279,0.2912621359223301,143,42,438,0.3264840182648402,143,438,42,0.3264840182648402
1,selected_checkpoint_independent_validation_gate,58fd1e77faafefcb67631c3a568116ad60ce2ba3c90c12de1262d6a3709caaf6,153b5cd85305f3f4c9a03fd549eea3e06785a0d1a447b96ec9005098c7d25742,hotspot_high_load/qos_only_baseline/seed_985998595,qos_only_baseline,qos_only,a8cbfd69c50db9d1d94dbef69cdaf5eb3ffaaed5bd869442efd689d7da78a618,0,hotspot_high_load,qos_only_baseline,985998595,77018,500,142,77,281,0.284,0.154,4.733333333333333,10.077464788732394,20.0,6.8069444444444445,22,179,-8.235518207577517,0.2799316224562583,0.15932098765432098,0.5529331048091769,0.0,0.20301069703243613,0.03605736860688161,0.10712560386473431,0.29959514170040485,0.20666666666666667,0.3592233009708738,136,43,431,0.31554524361948955,136,431,43,0.31554524361948955
1,selected_checkpoint_independent_validation_gate,58fd1e77faafefcb67631c3a568116ad60ce2ba3c90c12de1262d6a3709caaf6,153b5cd85305f3f4c9a03fd549eea3e06785a0d1a447b96ec9005098c7d25742,hotspot_high_load/qos_only_baseline/seed_985998595,qos_only_baseline,qos_only,a8cbfd69c50db9d1d94dbef69cdaf5eb3ffaaed5bd869442efd689d7da78a618,0,hotspot_high_load,qos_only_baseline,985998595,77019,500,141,78,281,0.282,0.156,4.7,10.446808510638299,20.0,6.773611111111111,24,172,-7.876397128246201,0.2605022750439263,0.15858024691358028,0.5626766908366861,0.0,0.20190821256038646,0.03624770082378178,0.10955204216073781,0.3208955223880597,0.17037037037037037,0.32989690721649484,123,49,428,0.28738317757009346,123,428,49,0.28738317757009346
1,selected_checkpoint_independent_validation_gate,58fd1e77faafefcb67631c3a568116ad60ce2ba3c90c12de1262d6a3709caaf6,153b5cd85305f3f4c9a03fd549eea3e06785a0d1a447b96ec9005098c7d25742,hotspot_high_load/qos_only_baseline/seed_985998595,qos_only_baseline,qos_only,a8cbfd69c50db9d1d94dbef69cdaf5eb3ffaaed5bd869442efd689d7da78a618,0,hotspot_high_load,qos_only_baseline,985998595,77020,500,151,77,272,0.302,0.154,5.033333333333333,9.774834437086092,19.0,6.652777777777778,23,171,-6.901318868484044,0.26374067910909615,0.15561728395061727,0.5753679129984633,0.0,0.2183893280632411,0.036600164920212126,0.10869565217391303,0.34439834024896265,0.19858156028368795,0.3389830508474576,140,31,456,0.30701754385964913,140,456,31,0.30701754385964913
1,selected_checkpoint_independent_validation_gate,58fd1e77faafefcb67631c3a568116ad60ce2ba3c90c12de1262d6a3709caaf6,153b5cd85305f3f4c9a03fd549eea3e06785a0d1a447b96ec9005098c7d25742,hotspot_high_load/qos_only_constrained/seed_985998595,qos_only_constrained,qos_only,2717e504ff99b99d16e8eb08807eefed2a2d369192ddc90acf580c2256548f1c,0,hotspot_high_load,qos_only_constrained,985998595,77011,500,151,80,269,0.302,0.16,5.033333333333333,10.397350993377483,20.0,6.738888888888889,35,9,-7.672825772648199,0.2783875346920058,0.15743827160493826,0.6181291755036882,0.0,0.22116490996925778,0.037116780116626245,0.11411396574440054,0.30522088353413657,0.22435897435897437,0.42105263157894735,1,8,439,0.002277904328018223,1,439,8,0.002277904328018223
1,selected_checkpoint_independent_validation_gate,58fd1e77faafefcb67631c3a568116ad60ce2ba3c90c12de1262d6a3709caaf6,153b5cd85305f3f4c9a03fd549eea3e06785a0d1a447b96ec9005098c7d25742,hotspot_high_load/qos_only_constrained/seed_985998595,qos_only_constrained,qos_only,2717e504ff99b99d16e8eb08807eefed2a2d369192ddc90acf580c2256548f1c,0,hotspot_high_load,qos_only_constrained,985998595,77012,500,131,98,271,0.262,0.196,4.366666666666666,11.396946564885496,22.0,6.955555555555556,25,7,-11.400273769718769,0.28642966512528517,0.16231481481481477,0.5924778328123721,0.0,0.18794121337599595,0.03649472177260549,0.13835638998682478,0.3004115226337449,0.18452380952380953,0.30337078651685395,0,7,442,0.0,0,442,7,0.0
1,selected_checkpoint_independent_validation_gate,58fd1e77faafefcb67631c3a568116ad60ce2ba3c90c12de1262d6a3709caaf6,153b5cd85305f3f4c9a03fd549eea3e06785a0d1a447b96ec9005098c7d25742,hotspot_high_load/qos_only_constrained/seed_985998595,qos_only_constrained,qos_only,2717e504ff99b99d16e8eb08807eefed2a2d369192ddc90acf580c2256548f1c,0,hotspot_high_load,qos_only_constrained,985998595,77013,500,139,93,268,0.278,0.186,4.633333333333334,10.870503597122303,21.19999999999999,6.851388888888889,30,11,-10.062182868954533,0.2874611240075829,0.15990740740740741,0.6093781095812548,0.0,0.20335999749043226,0.03701976317446772,0.1310496267018006,0.32882882882882886,0.17391304347826086,0.3247863247863248,3,8,434,0.0069124423963133645,3,434,8,0.0069124423963133645
1,selected_checkpoint_independent_validation_gate,58fd1e77faafefcb67631c3a568116ad60ce2ba3c90c12de1262d6a3709caaf6,153b5cd85305f3f4c9a03fd549eea3e06785a0d1a447b96ec9005098c7d25742,hotspot_high_load/qos_only_constrained/seed_985998595,qos_only_constrained,qos_only,2717e504ff99b99d16e8eb08807eefed2a2d369192ddc90acf580c2256548f1c,0,hotspot_high_load,qos_only_constrained,985998595,77014,500,154,81,265,0.308,0.162,5.133333333333334,10.2987012987013,21.0,6.680555555555555,29,6,-6.998286489604244,0.2531461786489934,0.1560185185185185,0.6030836737257225,0.0,0.21895915678524377,0.03610281043708241,0.1146574440052701,0.38247011952191234,0.17687074829931973,0.3137254901960784,2,4,456,0.0043859649122807015,2,456,4,0.0043859649122807015
1,selected_checkpoint_independent_validation_gate,58fd1e77faafefcb67631c3a568116ad60ce2ba3c90c12de1262d6a3709caaf6,153b5cd85305f3f4c9a03fd549eea3e06785a0d1a447b96ec9005098c7d25742,hotspot_high_load/qos_only_constrained/seed_985998595,qos_only_constrained,qos_only,2717e504ff99b99d16e8eb08807eefed2a2d369192ddc90acf580c2256548f1c,0,hotspot_high_load,qos_only_constrained,985998595,77015,500,153,67,280,0.306,0.134,5.1,9.816993464052288,19.400000000000006,6.698611111111111,33,14,-6.051053083353704,0.26387435210374777,0.15688271604938273,0.5749351718513479,0.0,0.2193341803124412,0.036410154778489426,0.09492753623188406,0.3333333333333333,0.23308270676691728,0.32926829268292684,3,11,416,0.007211538461538462,3,416,11,0.007211538461538462
1,selected_checkpoint_independent_validation_gate,58fd1e77faafefcb67631c3a568116ad60ce2ba3c90c12de1262d6a3709caaf6,153b5cd85305f3f4c9a03fd549eea3e06785a0d1a447b96ec9005098c7d25742,hotspot_high_load/qos_only_constrained/seed_985998595,qos_only_constrained,qos_only,2717e504ff99b99d16e8eb08807eefed2a2d369192ddc90acf580c2256548f1c,0,hotspot_high_load,qos_only_constrained,985998595,77016,500,148,82,270,0.296,0.164,4.933333333333334,10.777027027027026,21.650000000000006,6.870833333333334,31,10,-8.02685674213805,0.272135231944106,0.16040123456790123,0.6101724091295787,0.0,0.2148710792131845,0.036830267372405315,0.11607378129117259,0.37401574803149606,0.2127659574468085,0.21904761904761905,3,7,449,0.0066815144766146995,3,449,7,0.0066815144766146995
1,selected_checkpoint_independent_validation_gate,58fd1e77faafefcb67631c3a568116ad60ce2ba3c90c12de1262d6a3709caaf6,153b5cd85305f3f4c9a03fd549eea3e06785a0d1a447b96ec9005098c7d25742,hotspot_high_load/qos_only_constrained/seed_985998595,qos_only_constrained,qos_only,2717e504ff99b99d16e8eb08807eefed2a2d369192ddc90acf580c2256548f1c,0,hotspot_high_load,qos_only_constrained,985998595,77017,500,142,85,273,0.284,0.17,4.733333333333333,11.140845070422536,21.94999999999999,6.986111111111111,30,8,-8.847617091413445,0.26922650363469625,0.1630555555555556,0.6024693410416554,0.0,0.20664580588493628,0.03696143832627292,0.12229907773386035,0.3425196850393701,0.17482517482517482,0.2912621359223301,3,5,455,0.006593406593406593,3,455,5,0.006593406593406593
1,selected_checkpoint_independent_validation_gate,58fd1e77faafefcb67631c3a568116ad60ce2ba3c90c12de1262d6a3709caaf6,153b5cd85305f3f4c9a03fd549eea3e06785a0d1a447b96ec9005098c7d25742,hotspot_high_load/qos_only_constrained/seed_985998595,qos_only_constrained,qos_only,2717e504ff99b99d16e8eb08807eefed2a2d369192ddc90acf580c2256548f1c,0,hotspot_high_load,qos_only_constrained,985998595,77018,500,154,73,273,0.308,0.146,5.133333333333334,10.11038961038961,21.0,6.6125,29,14,-6.672073377004246,0.2744233344129169,0.15475308641975308,0.5938482018552932,0.0,0.22141696467783423,0.03640244275184477,0.1019927536231884,0.340080971659919,0.24,0.3300970873786408,1,13,446,0.002242152466367713,1,446,13,0.002242152466367713
1,selected_checkpoint_independent_validation_gate,58fd1e77faafefcb67631c3a568116ad60ce2ba3c90c12de1262d6a3709caaf6,153b5cd85305f3f4c9a03fd549eea3e06785a0d1a447b96ec9005098c7d25742,hotspot_high_load/qos_only_constrained/seed_985998595,qos_only_constrained,qos_only,2717e504ff99b99d16e8eb08807eefed2a2d369192ddc90acf580c2256548f1c,0,hotspot_high_load,qos_only_constrained,985998595,77019,500,145,77,278,0.29,0.154,4.833333333333333,10.4,21.0,6.706944444444445,30,11,-7.4893480460012665,0.2606242300810252,0.1570061728395062,0.611351024034253,0.0,0.20959454796411317,0.03661240056446795,0.1089042599912165,0.33955223880597013,0.17777777777777778,0.30927835051546393,1,10,451,0.0022172949002217295,1,451,10,0.0022172949002217295
1,selected_checkpoint_independent_validation_gate,58fd1e77faafefcb67631c3a568116ad60ce2ba3c90c12de1262d6a3709caaf6,153b5cd85305f3f4c9a03fd549eea3e06785a0d1a447b96ec9005098c7d25742,hotspot_high_load/qos_only_constrained/seed_985998595,qos_only_constrained,qos_only,2717e504ff99b99d16e8eb08807eefed2a2d369192ddc90acf580c2256548f1c,0,hotspot_high_load,qos_only_constrained,985998595,77020,500,153,83,264,0.306,0.166,5.1,10.392156862745098,20.400000000000006,6.606944444444444,28,9,-7.212644929667835,0.2617233481078305,0.15435185185185185,0.6205792677303624,0.0,0.22375620375048294,0.03703647696276204,0.11848375054896794,0.3941908713692946,0.15602836879432624,0.3050847457627119,1,8,456,0.0021929824561403508,1,456,8,0.0021929824561403508
1,selected_checkpoint_independent_validation_gate,58fd1e77faafefcb67631c3a568116ad60ce2ba3c90c12de1262d6a3709caaf6,153b5cd85305f3f4c9a03fd549eea3e06785a0d1a447b96ec9005098c7d25742,hotspot_high_load/reward_shaped_control/seed_985998595,reward_shaped_control,proposed,615b5da34d776e08779dfd50326d2c90a4c82f28370dded711e0d4541b17196a,0,hotspot_high_load,reward_shaped_control,985998595,77011,500,144,84,272,0.288,0.168,4.8,10.305555555555555,19.0,6.772222222222222,21,195,-10.161995013952492,0.27674518266448533,0.1582716049382716,0.567207104153243,0.2767347386912604,0.20793399836878101,0.03641834006210181,0.11776460254721126,0.2971887550200803,0.16666666666666666,0.4631578947368421,138,57,421,0.32779097387173395,138,421,57,0.32779097387173395
1,selected_checkpoint_independent_validation_gate,58fd1e77faafefcb67631c3a568116ad60ce2ba3c90c12de1262d6a3709caaf6,153b5cd85305f3f4c9a03fd549eea3e06785a0d1a447b96ec9005098c7d25742,hotspot_high_load/reward_shaped_control/seed_985998595,reward_shaped_control,proposed,615b5da34d776e08779dfd50326d2c90a4c82f28370dded711e0d4541b17196a,0,hotspot_high_load,reward_shaped_control,985998595,77012,500,139,85,276,0.278,0.17,4.633333333333334,11.050359712230216,22.0,6.919444444444444,20,163,-11.284470543274562,0.2967152306619179,0.16166666666666665,0.5680642578565958,0.22990855762594892,0.19772084195997233,0.03623565940387472,0.11956521739130435,0.2880658436213992,0.25,0.30337078651685395,130,33,442,0.29411764705882354,130,442,33,0.29411764705882354
1,selected_checkpoint_independent_validation_gate,58fd1e77faafefcb67631c3a568116ad60ce2ba3c90c12de1262d6a3709caaf6,153b5cd85305f3f4c9a03fd549eea3e06785a0d1a447b96ec9005098c7d25742,hotspot_high_load/reward_shaped_control/seed_985998595,reward_shaped_control,proposed,615b5da34d776e08779dfd50326d2c90a4c82f28370dded711e0d4541b17196a,0,hotspot_high_load,reward_shaped_control,985998595,77013,500,146,93,261,0.292,0.186,4.866666666666666,10.664383561643836,20.75,6.768055555555556,19,166,-10.540087395081759,0.2776575073389162,0.1578395061728395,0.5645873312293185,0.23518931551540248,0.21054990902816986,0.03657699051034153,0.13067632850241545,0.36036036036036034,0.18012422360248448,0.3162393162393162,124,42,416,0.2980769230769231,124,416,42,0.2980769230769231
1,selected_checkpoint_independent_validation_gate,58fd1e77faafefcb67631c3a568116ad60ce2ba3c90c12de1262d6a3709caaf6,153b5cd85305f3f4c9a03fd549eea3e06785a0d1a447b96ec9005098c7d25742,hotspot_high_load/reward_shaped_control/seed_985998595,reward_shaped_control,proposed,615b5da34d776e08779dfd50326d2c90a4c82f28370dded711e0d4541b17196a,0,hotspot_high_load,reward_shaped_control,985998595,77014,500,136,75,289,0.272,0.15,4.533333333333333,10.404411764705882,21.0,6.968055555555556,22,194,-10.419251961792414,0.27925168318865096,0.16314814814814815,0.5465352812724866,0.2713823012736057,0.19207854946985384,0.03586563615629399,0.10458937198067632,0.30278884462151395,0.19727891156462585,0.30392156862745096,140,54,427,0.32786885245901637,140,427,54,0.32786885245901637
1,selected_checkpoint_independent_validation_gate,58fd1e77faafefcb67631c3a568116ad60ce2ba3c90c12de1262d6a3709caaf6,153b5cd85305f3f4c9a03fd549eea3e06785a0d1a447b96ec9005098c7d25742,hotspot_high_load/reward_shaped_control/seed_985998595,reward_shaped_control,proposed,615b5da34d776e08779dfd50326d2c90a4c82f28370dded711e0d4541b17196a,0,hotspot_high_load,reward_shaped_control,985998595,77015,500,157,69,274,0.314,0.138,5.233333333333333,10.152866242038217,20.0,6.675,20,157,-7.182999201928571,0.2612562168427689,0.15617283950617283,0.5634410643240513,0.22008281573498964,0.2222193989585294,0.03597139857615903,0.09685990338164249,0.3543859649122807,0.21052631578947367,0.34146341463414637,118,39,406,0.29064039408866993,118,406,39,0.29064039408866993
1,selected_checkpoint_independent_validation_gate,58fd1e77faafefcb67631c3a568116ad60ce2ba3c90c12de1262d6a3709caaf6,153b5cd85305f3f4c9a03fd549eea3e06785a0d1a447b96ec9005098c7d25742,hotspot_high_load/reward_shaped_control/seed_985998595,reward_shaped_control,proposed,615b5da34d776e08779dfd50326d2c90a4c82f28370dded711e0d4541b17196a,0,hotspot_high_load,reward_shaped_control,985998595,77016,500,138,79,283,0.276,0.158,4.6,10.072463768115941,19.150000000000006,6.901388888888889,22,189,-10.311711655149237,0.2742282614122434,0.1614814814814815,0.5645647476054474,0.2649546709329318,0.19633634481460574,0.03608019691075554,0.10996376811594201,0.3228346456692913,0.19858156028368795,0.26666666666666666,135,54,431,0.31322505800464034,135,431,54,0.31322505800464034
1,selected_checkpoint_independent_validation_gate,58fd1e77faafefcb67631c3a568116ad60ce2ba3c90c12de1262d6a3709caaf6,153b5cd85305f3f4c9a03fd549eea3e06785a0d1a447b96ec9005098c7d25742,hotspot_high_load/reward_shaped_control/seed_985998595,reward_shaped_control,proposed,615b5da34d776e08779dfd50326d2c90a4c82f28370dded711e0d4541b17196a,0,hotspot_high_load,reward_shaped_control,985998595,77017,500,139,79,282,0.278,0.158,4.633333333333334,11.035971223021583,20.099999999999994,7.054166666666666,21,200,-10.582828745613867,0.2812095549988204,0.16484567901234567,0.5557422617184736,0.2835615471485037,0.19954090595394944,0.036440493282610356,0.11141304347826088,0.3110236220472441,0.1958041958041958,0.3106796116504854,146,54,431,0.33874709976798145,146,431,54,0.33874709976798145
1,selected_checkpoint_independent_validation_gate,58fd1e77faafefcb67631c3a568116ad60ce2ba3c90c12de1262d6a3709caaf6,153b5cd85305f3f4c9a03fd549eea3e06785a0d1a447b96ec9005098c7d25742,hotspot_high_load/reward_shaped_control/seed_985998595,reward_shaped_control,proposed,615b5da34d776e08779dfd50326d2c90a4c82f28370dded711e0d4541b17196a,0,hotspot_high_load,reward_shaped_control,985998595,77018,500,150,74,276,0.3,0.148,5.0,10.093333333333334,20.549999999999983,6.751388888888889,20,181,-8.730229517952033,0.27672259534638627,0.1579320987654321,0.5532065424332918,0.25370553359683795,0.21370114185331576,0.036035704811883035,0.10283816425120773,0.31983805668016196,0.22666666666666666,0.3592233009708738,127,54,428,0.2967289719626168,127,428,54,0.2967289719626168
1,selected_checkpoint_independent_validation_gate,58fd1e77faafefcb67631c3a568116ad60ce2ba3c90c12de1262d6a3709caaf6,153b5cd85305f3f4c9a03fd549eea3e06785a0d1a447b96ec9005098c7d25742,hotspot_high_load/reward_shaped_control/seed_985998595,reward_shaped_control,proposed,615b5da34d776e08779dfd50326d2c90a4c82f28370dded711e0d4541b17196a,0,hotspot_high_load,reward_shaped_control,985998595,77019,500,139,77,284,0.278,0.154,4.633333333333334,9.992805755395683,19.0,6.777777777777778,20,187,-9.469373430058777,0.2563305247884124,0.15876543209876542,0.5612758397783495,0.2635548026852375,0.19780036388732042,0.03606156596225229,0.10772946859903382,0.31343283582089554,0.17777777777777778,0.31958762886597936,140,47,434,0.3225806451612903,140,434,47,0.3225806451612903
1,selected_checkpoint_independent_validation_gate,58fd1e77faafefcb67631c3a568116ad60ce2ba3c90c12de1262d6a3709caaf6,153b5cd85305f3f4c9a03fd549eea3e06785a0d1a447b96ec9005098c7d25742,hotspot_high_load/reward_shaped_control/seed_985998595,reward_shaped_control,proposed,615b5da34d776e08779dfd50326d2c90a4c82f28370dded711e0d4541b17196a,0,hotspot_high_load,reward_shaped_control,985998595,77020,500,150,78,272,0.3,0.156,5.0,10.22,22.0,6.654166666666667,21,175,-8.66646890146146,0.2668468579892691,0.15564814814814815,0.5714785286862093,0.24865369946605648,0.21604246122552756,0.03641124292952584,0.10954106280193238,0.35684647302904565,0.18439716312056736,0.3220338983050847,137,38,457,0.29978118161925604,137,457,38,0.29978118161925604
1,selected_checkpoint_independent_validation_gate,58fd1e77faafefcb67631c3a568116ad60ce2ba3c90c12de1262d6a3709caaf6,153b5cd85305f3f4c9a03fd549eea3e06785a0d1a447b96ec9005098c7d25742,hotspot_high_load/qos_only_baseline/seed_515636025,qos_only_baseline,qos_only,d95b6cc02b5ea6d494009599af13e3f25c57d9a5bd5e0c90fbd3cd3aaa0c9915,0,hotspot_high_load,qos_only_baseline,515636025,77011,500,139,86,275,0.278,0.172,4.633333333333334,10.18705035971223,20.399999999999977,6.844444444444444,20,260,-9.10096564344242,0.27568777713857817,0.15996913580246913,0.5276427962156809,0.0,0.1986266390614217,0.03611724023874859,0.12028985507246377,0.285140562248996,0.1794871794871795,0.42105263157894735,187,73,419,0.44630071599045346,187,419,73,0.44630071599045346
1,selected_checkpoint_independent_validation_gate,58fd1e77faafefcb67631c3a568116ad60ce2ba3c90c12de1262d6a3709caaf6,153b5cd85305f3f4c9a03fd549eea3e06785a0d1a447b96ec9005098c7d25742,hotspot_high_load/qos_only_baseline/seed_515636025,qos_only_baseline,qos_only,d95b6cc02b5ea6d494009599af13e3f25c57d9a5bd5e0c90fbd3cd3aaa0c9915,0,hotspot_high_load,qos_only_baseline,515636025,77012,500,133,96,271,0.266,0.192,4.433333333333334,10.909774436090226,20.39999999999999,6.8277777777777775,19,214,-10.817650868482737,0.2826874584412106,0.15947530864197526,0.5311640683127196,0.0,0.18878643413540439,0.036198939494097845,0.13557861220904702,0.30864197530864196,0.19047619047619047,0.29213483146067415,176,38,437,0.40274599542334094,176,437,38,0.40274599542334094
1,selected_checkpoint_independent_validation_gate,58fd1e77faafefcb67631c3a568116ad60ce2ba3c90c12de1262d6a3709caaf6,153b5cd85305f3f4c9a03fd549eea3e06785a0d1a447b96ec9005098c7d25742,hotspot_high_load/qos_only_baseline/seed_515636025,qos_only_baseline,qos_only,d95b6cc02b5ea6d494009599af13e3f25c57d9a5bd5e0c90fbd3cd3aaa0c9915,0,hotspot_high_load,qos_only_baseline,515636025,77013,500,146,94,260,0.292,0.188,4.866666666666666,10.602739726027398,20.0,6.815277777777778,18,201,-9.258305482770659,0.2793326844456697,0.15885802469135799,0.5414293952242558,0.0,0.20967600159819838,0.036320262922080765,0.1318840579710145,0.36036036036036034,0.19254658385093168,0.29914529914529914,162,39,429,0.3776223776223776,162,429,39,0.3776223776223776
1,selected_checkpoint_independent_validation_gate,58fd1e77faafefcb67631c3a568116ad60ce2ba3c90c12de1262d6a3709caaf6,153b5cd85305f3f4c9a03fd549eea3e06785a0d1a447b96ec9005098c7d25742,hotspot_high_load/qos_only_baseline/seed_515636025,qos_only_baseline,qos_only,d95b6cc02b5ea6d494009599af13e3f25c57d9a5bd5e0c90fbd3cd3aaa0c9915,0,hotspot_high_load,qos_only_baseline,515636025,77014,500,143,72,285,0.286,0.144,4.766666666666667,10.188811188811188,21.900000000000006,6.920833333333333,20,241,-7.676768750469667,0.2730538176217749,0.16197530864197535,0.5301558553300771,0.0,0.2016666666666667,0.035759749472926775,0.10000000000000002,0.3107569721115538,0.21768707482993196,0.3235294117647059,186,55,434,0.42857142857142855,186,434,55,0.42857142857142855
1,selected_checkpoint_independent_validation_gate,58fd1e77faafefcb67631c3a568116ad60ce2ba3c90c12de1262d6a3709caaf6,153b5cd85305f3f4c9a03fd549eea3e06785a0d1a447b96ec9005098c7d25742,hotspot_high_load/qos_only_baseline/seed_515636025,qos_only_baseline,qos_only,d95b6cc02b5ea6d494009599af13e3f25c57d9a5bd5e0c90fbd3cd3aaa0c9915,0,hotspot_high_load,qos_only_baseline,515636025,77015,500,157,72,271,0.314,0.144,5.233333333333333,10.235668789808917,19.0,6.688888888888889,19,215,-6.176146515122322,0.2665642071436898,0.1563888888888889,0.5270329868210132,0.0,0.2217167011732229,0.03597833498162069,0.10066425120772945,0.3649122807017544,0.23308270676691728,0.2682926829268293,165,50,401,0.4114713216957606,165,401,50,0.4114713216957606
1,selected_checkpoint_independent_validation_gate,58fd1e77faafefcb67631c3a568116ad60ce2ba3c90c12de1262d6a3709caaf6,153b5cd85305f3f4c9a03fd549eea3e06785a0d1a447b96ec9005098c7d25742,hotspot_high_load/qos_only_baseline/seed_515636025,qos_only_baseline,qos_only,d95b6cc02b5ea6d494009599af13e3f25c57d9a5bd5e0c90fbd3cd3aaa0c9915,0,hotspot_high_load,qos_only_baseline,515636025,77016,500,133,86,281,0.266,0.172,4.433333333333334,10.25563909774436,20.39999999999999,6.970833333333333,20,232,-9.384224262571458,0.264024552506163,0.162962962962963,0.5335941461978317,0.0,0.18920289855072464,0.0360386256041317,0.11992753623188405,0.33070866141732286,0.1702127659574468,0.23809523809523808,171,61,420,0.40714285714285714,171,420,61,0.40714285714285714
1,selected_checkpoint_independent_validation_gate,58fd1e77faafefcb67631c3a568116ad60ce2ba3c90c12de1262d6a3709caaf6,153b5cd85305f3f4c9a03fd549eea3e06785a0d1a447b96ec9005098c7d25742,hotspot_high_load/qos_only_baseline/seed_515636025,qos_only_baseline,qos_only,d95b6cc02b5ea6d494009599af13e3f25c57d9a5bd5e0c90fbd3cd3aaa0c9915,0,hotspot_high_load,qos_only_baseline,515636025,77017,500,138,86,276,0.276,0.172,4.6,10.942028985507246,22.0,7.011111111111111,19,248,-9.203098942444727,0.2717400000875065,0.16370370370370368,0.5311325785915993,0.0,0.19784036012296882,0.036392950023402745,0.12149758454106281,0.33070866141732286,0.17482517482517482,0.2815533980582524,178,70,417,0.42685851318944845,178,417,70,0.42685851318944845
1,selected_checkpoint_independent_validation_gate,58fd1e77faafefcb67631c3a568116ad60ce2ba3c90c12de1262d6a3709caaf6,153b5cd85305f3f4c9a03fd549eea3e06785a0d1a447b96ec9005098c7d25742,hotspot_high_load/qos_only_baseline/seed_515636025,qos_only_baseline,qos_only,d95b6cc02b5ea6d494009599af13e3f25c57d9a5bd5e0c90fbd3cd3aaa0c9915,0,hotspot_high_load,qos_only_baseline,515636025,77018,500,150,77,273,0.3,0.154,5.0,10.066666666666666,20.549999999999983,6.658333333333333,18,233,-7.193534422456639,0.27352805169013994,0.15577160493827158,0.5343046655851027,0.0,0.21464238659890833,0.03604562858214921,0.10694444444444445,0.340080971659919,0.22666666666666666,0.3106796116504854,178,55,423,0.42080378250591016,178,423,55,0.42080378250591016
1,selected_checkpoint_independent_validation_gate,58fd1e77faafefcb67631c3a568116ad60ce2ba3c90c12de1262d6a3709caaf6,153b5cd85305f3f4c9a03fd549eea3e06785a0d1a447b96ec9005098c7d25742,hotspot_high_load/qos_only_baseline/seed_515636025,qos_only_baseline,qos_only,d95b6cc02b5ea6d494009599af13e3f25c57d9a5bd5e0c90fbd3cd3aaa0c9915,0,hotspot_high_load,qos_only_baseline,515636025,77019,500,135,82,283,0.27,0.164,4.5,10.34074074074074,19.299999999999997,6.8277777777777775,19,212,-8.63549321627713,0.258032238356327,0.1598456790123457,0.5408964710022471,0.0,0.19255379885814666,0.036111168388128514,0.11467391304347825,0.3208955223880597,0.16296296296296298,0.27835051546391754,162,50,431,0.37587006960556846,162,431,50,0.37587006960556846
1,selected_checkpoint_independent_validation_gate,58fd1e77faafefcb67631c3a568116ad60ce2ba3c90c12de1262d6a3709caaf6,153b5cd85305f3f4c9a03fd549eea3e06785a0d1a447b96ec9005098c7d25742,hotspot_high_load/qos_only_baseline/seed_515636025,qos_only_baseline,qos_only,d95b6cc02b5ea6d494009599af13e3f25c57d9a5bd5e0c90fbd3cd3aaa0c9915,0,hotspot_high_load,qos_only_baseline,515636025,77020,500,151,83,266,0.302,0.166,5.033333333333333,9.85430463576159,19.0,6.570833333333334,19,217,-7.188824295288803,0.25766407984267825,0.1536111111111111,0.539031867920502,0.0,0.21674336533032185,0.036338970572811914,0.11751207729468599,0.37344398340248963,0.16312056737588654,0.3220338983050847,179,38,450,0.3977777777777778,179,450,38,0.3977777777777778
1,selected_checkpoint_independent_validation_gate,58fd1e77faafefcb67631c3a568116ad60ce2ba3c90c12de1262d6a3709caaf6,153b5cd85305f3f4c9a03fd549eea3e06785a0d1a447b96ec9005098c7d25742,hotspot_high_load/qos_only_constrained/seed_515636025,qos_only_constrained,qos_only,121dac7b3a55c467bb90bf1761f0e7159b73ca6f041e578fa2d0e7ad34908077,0,hotspot_high_load,qos_only_constrained,515636025,77011,500,154,78,268,0.308,0.156,5.133333333333334,10.668831168831169,20.0,6.763888888888889,30,22,-7.442119267193805,0.284012280238861,0.157962962962963,0.6224226916519309,0.0,0.22464066127109605,0.03690593536327095,0.11051822573561705,0.3172690763052209,0.22435897435897437,0.42105263157894735,7,15,448,0.015625,7,448,15,0.015625
1,selected_checkpoint_independent_validation_gate,58fd1e77faafefcb67631c3a568116ad60ce2ba3c90c12de1262d6a3709caaf6,153b5cd85305f3f4c9a03fd549eea3e06785a0d1a447b96ec9005098c7d25742,hotspot_high_load/qos_only_constrained/seed_515636025,qos_only_constrained,qos_only,121dac7b3a55c467bb90bf1761f0e7159b73ca6f041e578fa2d0e7ad34908077,0,hotspot_high_load,qos_only_constrained,515636025,77012,500,146,83,271,0.292,0.166,4.866666666666666,11.068493150684931,21.0,6.841666666666667,30,8,-8.986318949835463,0.2893801469263453,0.15978395061728393,0.628071270053456,0.0,0.21101182633791335,0.03685374724841464,0.11893390425999122,0.3045267489711934,0.24404761904761904,0.34831460674157305,1,7,433,0.0023094688221709007,1,433,7,0.0023094688221709007
1,selected_checkpoint_independent_validation_gate,58fd1e77faafefcb67631c3a568116ad60ce2ba3c90c12de1262d6a3709caaf6,153b5cd85305f3f4c9a03fd549eea3e06785a0d1a447b96ec9005098c7d25742,hotspot_high_load/qos_only_constrained/seed_515636025,qos_only_constrained,qos_only,121dac7b3a55c467bb90bf1761f0e7159b73ca6f041e578fa2d0e7ad34908077,0,hotspot_high_load,qos_only_constrained,515636025,77013,500,150,91,259,0.3,0.182,5.0,10.626666666666667,20.549999999999983,6.701388888888889,29,18,-8.505430759920596,0.2773876582644847,0.1562962962962963,0.6166390490625162,0.0,0.22005212306127636,0.03710944411912964,0.12790953008344313,0.35585585585585583,0.19875776397515527,0.3333333333333333,13,5,433,0.03002309468822171,13,433,5,0.03002309468822171
1,selected_checkpoint_independent_validation_gate,58fd1e77faafefcb67631c3a568116ad60ce2ba3c90c12de1262d6a3709caaf6,153b5cd85305f3f4c9a03fd549eea3e06785a0d1a447b96ec9005098c7d25742,hotspot_high_load/qos_only_constrained/seed_515636025,qos_only_constrained,qos_only,121dac7b3a55c467bb90bf1761f0e7159b73ca6f041e578fa2d0e7ad34908077,0,hotspot_high_load,qos_only_constrained,515636025,77014,500,153,77,270,0.306,0.154,5.1,10.418300653594772,23.0,6.770833333333333,30,16,-7.00688156561424,0.2648191066449,0.15817901234567902,0.5949488080620555,0.0,0.21812237279628588,0.03612102867523212,0.10766908212560386,0.35856573705179284,0.20408163265306123,0.3235294117647059,7,9,451,0.015521064301552107,7,451,9,0.015521064301552107
1,selected_checkpoint_independent_validation_gate,58fd1e77faafefcb67631c3a568116ad60ce2ba3c90c12de1262d6a3709caaf6,153b5cd85305f3f4c9a03fd549eea3e06785a0d1a447b96ec9005098c7d25742,hotspot_high_load/qos_only_constrained/seed_515636025,qos_only_constrained,qos_only,121dac7b3a55c467bb90bf1761f0e7159b73ca6f041e578fa2d0e7ad34908077,0,hotspot_high_load,qos_only_constrained,515636025,77015,500,163,62,275,0.326,0.124,5.433333333333334,10.0,20.0,6.573611111111111,26,23,-4.979652993911499,0.26777667278202866,0.15395061728395062,0.5957335222980689,0.0,0.23131971892841455,0.03600443935656036,0.08725845410628019,0.35789473684210527,0.24812030075187969,0.34146341463414637,4,19,424,0.009433962264150943,4,424,19,0.009433962264150943
1,selected_checkpoint_independent_validation_gate,58fd1e77faafefcb67631c3a568116ad60ce2ba3c90c12de1262d6a3709caaf6,153b5cd85305f3f4c9a03fd549eea3e06785a0d1a447b96ec9005098c7d25742,hotspot_high_load/qos_only_constrained/seed_515636025,qos_only_constrained,qos_only,121dac7b3a55c467bb90bf1761f0e7159b73ca6f041e578fa2d0e7ad34908077,0,hotspot_high_load,qos_only_constrained,515636025,77016,500,143,85,272,0.286,0.17,4.766666666666667,10.664335664335665,20.0,6.8902777777777775,28,13,-8.572208655694913,0.26639804918238924,0.16089506172839502,0.6179870369494098,0.0,0.2068224167137211,0.036602863133087686,0.11940601668862537,0.3700787401574803,0.19148936170212766,0.20952380952380953,4,9,449,0.008908685968819599,4,449,9,0.008908685968819599
1,selected_checkpoint_independent_validation_gate,58fd1e77faafefcb67631c3a568116ad60ce2ba3c90c12de1262d6a3709caaf6,153b5cd85305f3f4c9a03fd549eea3e06785a0d1a447b96ec9005098c7d25742,hotspot_high_load/qos_only_constrained/seed_515636025,qos_only_constrained,qos_only,121dac7b3a55c467bb90bf1761f0e7159b73ca6f041e578fa2d0e7ad34908077,0,hotspot_high_load,qos_only_constrained,515636025,77017,500,151,79,270,0.302,0.158,5.033333333333333,11.218543046357615,21.5,6.970833333333333,29,29,-7.720510565552751,0.27562236122225314,0.16262345679012347,0.6133604879583977,0.0,0.21973900495639626,0.03695209484758782,0.11303798858146683,0.3661417322834646,0.21678321678321677,0.2621359223300971,9,20,447,0.020134228187919462,9,447,20,0.020134228187919462
1,selected_checkpoint_independent_validation_gate,58fd1e77faafefcb67631c3a568116ad60ce2ba3c90c12de1262d6a3709caaf6,153b5cd85305f3f4c9a03fd549eea3e06785a0d1a447b96ec9005098c7d25742,hotspot_high_load/qos_only_constrained/seed_515636025,qos_only_constrained,qos_only,121dac7b3a55c467bb90bf1761f0e7159b73ca6f041e578fa2d0e7ad34908077,0,hotspot_high_load,qos_only_constrained,515636025,77018,500,159,74,267,0.318,0.148,5.3,9.817610062893081,20.0,6.534722222222222,27,13,-6.018750181012191,0.2620165194859369,0.1528395061728395,0.5991403681773693,0.0,0.22851214003387912,0.036535368050949785,0.10489679402722882,0.3481781376518219,0.24666666666666667,0.34951456310679613,7,6,444,0.015765765765765764,7,444,6,0.015765765765765764
1,selected_checkpoint_independent_validation_gate,58fd1e77faafefcb67631c3a568116ad60ce2ba3c90c12de1262d6a3709caaf6,153b5cd85305f3f4c9a03fd549eea3e06785a0d1a447b96ec9005098c7d25742,hotspot_high_load/qos_only_constrained/seed_515636025,qos_only_constrained,qos_only,121dac7b3a55c467bb90bf1761f0e7159b73ca6f041e578fa2d0e7ad34908077,0,hotspot_high_load,qos_only_constrained,515636025,77019,500,146,74,280,0.292,0.148,4.866666666666666,10.568493150684931,21.75,6.790277777777778,33,14,-7.231807958350015,0.2675279667216173,0.15891975308641976,0.6207447737879112,0.0,0.21398299767864987,0.03702155480230714,0.1042929292929293,0.3283582089552239,0.2,0.31958762886597936,8,6,448,0.017857142857142856,8,448,6,0.017857142857142856
1,selected_checkpoint_independent_validation_gate,58fd1e77faafefcb67631c3a568116ad60ce2ba3c90c12de1262d6a3709caaf6,153b5cd85305f3f4c9a03fd549eea3e06785a0d1a447b96ec9005098c7d25742,hotspot_high_load/qos_only_constrained/seed_515636025,qos_only_constrained,qos_only,121dac7b3a55c467bb90bf1761f0e7159b73ca6f041e578fa2d0e7ad34908077,0,hotspot_high_load,qos_only_constrained,515636025,77020,500,148,86,266,0.296,0.172,4.933333333333334,10.155405405405405,18.650000000000006,6.684722222222222,35,18,-7.73343943336566,0.25501343927592723,0.156141975308642,0.623257680241444,0.0,0.21606755690279714,0.036913086883208296,0.12198616600790516,0.3817427385892116,0.1702127659574468,0.2711864406779661,6,12,457,0.01312910284463895,6,457,12,0.01312910284463895
1,selected_checkpoint_independent_validation_gate,58fd1e77faafefcb67631c3a568116ad60ce2ba3c90c12de1262d6a3709caaf6,153b5cd85305f3f4c9a03fd549eea3e06785a0d1a447b96ec9005098c7d25742,hotspot_high_load/reward_shaped_control/seed_515636025,reward_shaped_control,proposed,86c7ffa5932c138f6a0d90c23abf94c2fb5fdda89a98b52199f2720387ac7f1b,0,hotspot_high_load,reward_shaped_control,515636025,77011,500,148,80,272,0.296,0.16,4.933333333333334,10.54054054054054,19.0,6.7875,25,151,-9.358811003532288,0.28283790702115624,0.1586111111111111,0.5806053935210198,0.21402628772193993,0.2132291862726645,0.03649598433611993,0.1120882740447958,0.30522088353413657,0.21153846153846154,0.4105263157894737,114,37,438,0.2602739726027397,114,438,37,0.2602739726027397
1,selected_checkpoint_independent_validation_gate,58fd1e77faafefcb67631c3a568116ad60ce2ba3c90c12de1262d6a3709caaf6,153b5cd85305f3f4c9a03fd549eea3e06785a0d1a447b96ec9005098c7d25742,hotspot_high_load/reward_shaped_control/seed_515636025,reward_shaped_control,proposed,86c7ffa5932c138f6a0d90c23abf94c2fb5fdda89a98b52199f2720387ac7f1b,0,hotspot_high_load,reward_shaped_control,515636025,77012,500,138,90,272,0.276,0.18,4.6,10.978260869565217,20.150000000000006,6.920833333333333,23,111,-11.11489208590458,0.2891756444866258,0.16157407407407404,0.5884069191583791,0.15621980676328504,0.19740209383802065,0.03640936906789726,0.12657004830917876,0.3004115226337449,0.24404761904761904,0.2696629213483146,78,33,428,0.1822429906542056,78,428,33,0.1822429906542056
1,selected_checkpoint_independent_validation_gate,58fd1e77faafefcb67631c3a568116ad60ce2ba3c90c12de1262d6a3709caaf6,153b5cd85305f3f4c9a03fd549eea3e06785a0d1a447b96ec9005098c7d25742,hotspot_high_load/reward_shaped_control/seed_515636025,reward_shaped_control,proposed,86c7ffa5932c138f6a0d90c23abf94c2fb5fdda89a98b52199f2720387ac7f1b,0,hotspot_high_load,reward_shaped_control,515636025,77013,500,149,94,257,0.298,0.188,4.966666666666667,10.590604026845638,20.0,6.736111111111111,22,121,-9.998689242333962,0.27725689799509134,0.1570061728395062,0.5901245981254571,0.17112428634167767,0.21511967501097934,0.0366172214348428,0.1318840579710145,0.36486486486486486,0.19254658385093168,0.3162393162393162,101,20,434,0.23271889400921658,101,434,20,0.23271889400921658
1,selected_checkpoint_independent_validation_gate,58fd1e77faafefcb67631c3a568116ad60ce2ba3c90c12de1262d6a3709caaf6,153b5cd85305f3f4c9a03fd549eea3e06785a0d1a447b96ec9005098c7d25742,hotspot_high_load/reward_shaped_control/seed_515636025,reward_shaped_control,proposed,86c7ffa5932c138f6a0d90c23abf94c2fb5fdda89a98b52199f2720387ac7f1b,0,hotspot_high_load,reward_shaped_control,515636025,77014,500,150,74,276,0.3,0.148,5.0,10.56,22.549999999999983,6.8805555555555555,23,152,-8.423797706530404,0.2684777245005255,0.16080246913580248,0.5712356981137071,0.21320816864295128,0.21311578518100258,0.036072054079832806,0.10326635924462012,0.3545816733067729,0.21768707482993196,0.28431372549019607,109,43,434,0.2511520737327189,109,434,43,0.2511520737327189
1,selected_checkpoint_independent_validation_gate,58fd1e77faafefcb67631c3a568116ad60ce2ba3c90c12de1262d6a3709caaf6,153b5cd85305f3f4c9a03fd549eea3e06785a0d1a447b96ec9005098c7d25742,hotspot_high_load/reward_shaped_control/seed_515636025,reward_shaped_control,proposed,86c7ffa5932c138f6a0d90c23abf94c2fb5fdda89a98b52199f2720387ac7f1b,0,hotspot_high_load,reward_shaped_control,515636025,77015,500,152,72,276,0.304,0.144,5.066666666666666,10.105263157894736,19.44999999999999,6.7375,23,140,-7.709027091969778,0.2649240698471647,0.15762345679012346,0.5779236442170005,0.19553457920162726,0.21728520907010607,0.03615872331249214,0.10000000000000002,0.3508771929824561,0.21052631578947367,0.2926829268292683,105,35,414,0.2536231884057971,105,414,35,0.2536231884057971
1,selected_checkpoint_independent_validation_gate,58fd1e77faafefcb67631c3a568116ad60ce2ba3c90c12de1262d6a3709caaf6,153b5cd85305f3f4c9a03fd549eea3e06785a0d1a447b96ec9005098c7d25742,hotspot_high_load/reward_shaped_control/seed_515636025,reward_shaped_control,proposed,86c7ffa5932c138f6a0d90c23abf94c2fb5fdda89a98b52199f2720387ac7f1b,0,hotspot_high_load,reward_shaped_control,515636025,77016,500,141,82,277,0.282,0.164,4.7,10.77304964539007,20.0,6.958333333333333,23,125,-9.802043778941137,0.27252702283233365,0.16256172839506172,0.5907006827257739,0.17636693017127805,0.2016401593575506,0.03626652457440133,0.1147342995169082,0.35826771653543305,0.18439716312056736,0.22857142857142856,94,31,442,0.21266968325791855,94,442,31,0.21266968325791855
1,selected_checkpoint_independent_validation_gate,58fd1e77faafefcb67631c3a568116ad60ce2ba3c90c12de1262d6a3709caaf6,153b5cd85305f3f4c9a03fd549eea3e06785a0d1a447b96ec9005098c7d25742,hotspot_high_load/reward_shaped_control/seed_515636025,reward_shaped_control,proposed,86c7ffa5932c138f6a0d90c23abf94c2fb5fdda89a98b52199f2720387ac7f1b,0,hotspot_high_load,reward_shaped_control,515636025,77017,500,140,83,277,0.28,0.166,4.666666666666667,11.185714285714285,21.0,7.083333333333333,22,133,-10.129592698030482,0.2758135731574661,0.16533950617283952,0.5774130223685338,0.1894064872325742,0.20273903632599286,0.03674592536697698,0.1178743961352657,0.32677165354330706,0.1888111888111888,0.2912621359223301,104,29,448,0.23214285714285715,104,448,29,0.23214285714285715
1,selected_checkpoint_independent_validation_gate,58fd1e77faafefcb67631c3a568116ad60ce2ba3c90c12de1262d6a3709caaf6,153b5cd85305f3f4c9a03fd549eea3e06785a0d1a447b96ec9005098c7d25742,hotspot_high_load/reward_shaped_control/seed_515636025,reward_shaped_control,proposed,86c7ffa5932c138f6a0d90c23abf94c2fb5fdda89a98b52199f2720387ac7f1b,0,hotspot_high_load,reward_shaped_control,515636025,77018,500,151,73,276,0.302,0.146,5.033333333333333,10.172185430463577,21.0,6.7347222222222225,23,126,-7.986390663278371,0.27577583522831384,0.15756172839506175,0.5775921580735581,0.17703667105841017,0.21790027605244994,0.036401637387005734,0.10169082125603864,0.31983805668016196,0.24,0.34951456310679613,96,30,440,0.21818181818181817,96,440,30,0.21818181818181817
1,selected_checkpoint_independent_validation_gate,58fd1e77faafefcb67631c3a568116ad60ce2ba3c90c12de1262d6a3709caaf6,153b5cd85305f3f4c9a03fd549eea3e06785a0d1a447b96ec9005098c7d25742,hotspot_high_load/reward_shaped_control/seed_515636025,reward_shaped_control,proposed,86c7ffa5932c138f6a0d90c23abf94c2fb5fdda89a98b52199f2720387ac7f1b,0,hotspot_high_load,reward_shaped_control,515636025,77019,500,144,78,278,0.288,0.156,4.8,10.409722222222221,21.0,6.766666666666667,22,131,-8.79051617337555,0.2634991515741846,0.15833333333333333,0.5884150054157186,0.18565546772068517,0.20768335529205098,0.03646470220301689,0.10929951690821255,0.33955223880597013,0.1925925925925926,0.27835051546391754,99,32,439,0.2255125284738041,99,439,32,0.2255125284738041
1,selected_checkpoint_independent_validation_gate,58fd1e77faafefcb67631c3a568116ad60ce2ba3c90c12de1262d6a3709caaf6,153b5cd85305f3f4c9a03fd549eea3e06785a0d1a447b96ec9005098c7d25742,hotspot_high_load/reward_shaped_control/seed_515636025,reward_shaped_control,proposed,86c7ffa5932c138f6a0d90c23abf94c2fb5fdda89a98b52199f2720387ac7f1b,0,hotspot_high_load,reward_shaped_control,515636025,77020,500,149,77,274,0.298,0.154,4.966666666666667,10.04026845637584,19.0,6.716666666666667,22,133,-8.37768661700401,0.26921554930283,0.1570987654320988,0.585666634724282,0.1885132379697597,0.21656142167011733,0.036701758210434435,0.10877250768555118,0.34024896265560167,0.19858156028368795,0.3305084745762712,109,24,461,0.23644251626898047,109,461,24,0.23644251626898047
