scenario,policy,policy_seed,workload_seed,generated,delivered,dropped,backlog,delivery_ratio,drop_rate,throughput_packets_per_slot,average_delay_slots,p95_delay_slots,mean_queue_packets,max_queue_packets,routing_switches,episode_reward,global_delay_cost,global_queue_cost,global_load_imbalance,global_switch_cost,global_throughput_reward,global_control_overhead_ratio,global_drop_cost,class_0_delivery_ratio,class_1_delivery_ratio,class_2_delivery_ratio
baseline,mappo,7,21001,192,152,0,40,0.7916666666666666,0.0,5.066666666666666,5.467105263157895,10.0,1.163888888888889,10,20,12.105490995964477,0.19682007343215105,0.026728395061728395,0.7212374228752302,0.04592966673849026,0.3544346258316847,0.05840420014465188,0.0,0.7857142857142857,0.8260869565217391,0.7435897435897436
baseline,mappo,7,21002,192,149,0,43,0.7760416666666666,0.0,4.966666666666667,6.1610738255033555,10.0,1.2986111111111112,10,30,10.865221879150612,0.20106231598200772,0.029814814814814815,0.7081332594124992,0.0636540154032414,0.3381640783537069,0.056957972133021256,0.0,0.8041237113402062,0.6896551724137931,0.8378378378378378
baseline,mappo,7,21003,192,155,0,37,0.8072916666666666,0.0,5.166666666666667,5.72258064516129,11.0,1.2125,10,25,13.149467911162835,0.1805728697881931,0.027716049382716046,0.7303677306448704,0.059645321998263175,0.3659803105391341,0.05933477281001444,0.0,0.7927927927927928,0.8043478260869565,0.8571428571428571
baseline,mappo,7,21004,192,149,0,43,0.7760416666666666,0.0,4.966666666666667,6.060402684563758,11.0,1.2805555555555554,10,35,9.72675369766389,0.2273984365264359,0.029413580246913578,0.6995324369585733,0.07820855400189766,0.3331562172777343,0.05563056079802066,0.0,0.7710843373493976,0.746268656716418,0.8333333333333334
baseline,mappo,7,21005,192,148,4,40,0.7708333333333334,0.020833333333333332,4.933333333333334,5.472972972972973,9.650000000000006,1.1722222222222223,9,27,11.065663350921724,0.19157674251222712,0.026913580246913572,0.7100533193839896,0.06269661710838181,0.34483039835981016,0.05819756285729447,0.009166666666666665,0.7659574468085106,0.7627118644067796,0.7948717948717948
baseline,mappo,7,21006,192,148,2,42,0.7708333333333334,0.010416666666666666,4.933333333333334,5.77027027027027,11.0,1.2347222222222223,11,28,11.929720467582221,0.19477247493503005,0.0283641975308642,0.7248283757684822,0.0671372418431242,0.3579841890136009,0.06048021313710737,0.0044444444444444444,0.7920792079207921,0.6808510638297872,0.8181818181818182
baseline,mappo,7,21007,192,158,3,31,0.8229166666666666,0.015625,5.266666666666667,5.265822784810126,10.0,1.125,9,15,12.64880513039686,0.18106711376436355,0.02558641975308642,0.6926809890796398,0.035333800186741364,0.35884235318058855,0.05686760169136676,0.00625,0.8526315789473684,0.7586206896551724,0.8461538461538461
baseline,mappo,7,21008,192,161,1,30,0.8385416666666666,0.005208333333333333,5.366666666666666,5.3229813664596275,9.0,1.0986111111111112,7,21,12.434152925520948,0.1858378105380643,0.024969135802469136,0.7022468221447575,0.04453179989944696,0.3546957291074938,0.0553108821210699,0.0022222222222222222,0.8,0.875,0.8627450980392157
baseline,mappo,7,21009,192,147,1,44,0.765625,0.005208333333333333,4.9,6.183673469387755,11.0,1.323611111111111,11,26,9.827558614110224,0.20683203486240168,0.030401234567901232,0.7077954282911131,0.0570158490746726,0.32548277430630373,0.05600081870387028,0.0022222222222222222,0.7830188679245284,0.7551020408163265,0.7297297297297297
baseline,mappo,7,21010,192,150,0,42,0.78125,0.0,5.0,5.826666666666667,9.549999999999983,1.2277777777777779,11,27,10.825115409041953,0.20165954786782841,0.02820987654320987,0.6870939057607791,0.059112020876726755,0.3355931432402021,0.055898623251860506,0.0,0.7395833333333334,0.8245614035087719,0.8205128205128205
baseline,mappo,7,21011,192,149,3,40,0.7760416666666666,0.015625,4.966666666666667,5.496644295302014,10.0,1.1833333333333333,11,21,11.129814646192491,0.18540749767365006,0.027160493827160497,0.698232894906091,0.048396459205282724,0.33886045055162717,0.05754051161905982,0.007167277167277167,0.7959183673469388,0.7636363636363637,0.7435897435897436
baseline,mappo,7,21012,192,147,0,45,0.765625,0.0,4.9,5.571428571428571,10.0,1.1875,10,31,11.34267469486647,0.18949802223668227,0.027407407407407405,0.7047265877053532,0.07231359326947563,0.3401321146174088,0.05815747152229841,0.0,0.8155339805825242,0.74,0.6666666666666666
baseline,mappo,7,21013,192,155,1,36,0.8072916666666666,0.005208333333333333,5.166666666666667,5.574193548387097,9.299999999999983,1.1680555555555556,9,17,13.047651241556538,0.18883756063648574,0.02669753086419753,0.7253565947661501,0.03995331465919701,0.36855968378027204,0.05920196216805544,0.0027777777777777775,0.8076923076923077,0.8448275862068966,0.7333333333333333
baseline,mappo,7,21014,192,154,0,38,0.8020833333333334,0.0,5.133333333333334,5.779220779220779,10.0,1.226388888888889,8,22,11.00979518210259,0.2035692087526727,0.028055555555555552,0.6805671790844187,0.046026189153124134,0.3379008359774613,0.05532890281985928,0.0,0.7623762376237624,0.9016393442622951,0.7333333333333333
baseline,mappo,7,21015,192,150,2,40,0.78125,0.010416666666666666,5.0,6.266666666666667,10.549999999999983,1.3541666666666667,10,34,10.897164656066801,0.1873180184709524,0.030956790123456795,0.7015043639400754,0.07616010623363563,0.3378071462707686,0.05703213255842002,0.004603174603174604,0.8070175438596491,0.8,0.6842105263157895
baseline,mappo,7,21016,192,152,1,39,0.7916666666666666,0.005208333333333333,5.066666666666666,5.907894736842105,10.449999999999989,1.2527777777777778,9,32,9.65957307883695,0.2175368839641073,0.028672839506172835,0.6922663131078274,0.06772718151588121,0.3272352528505779,0.055338095198825855,0.0018518518518518517,0.7666666666666667,0.7755102040816326,0.8490566037735849
baseline,mappo,7,21017,192,149,2,41,0.7760416666666666,0.010416666666666666,4.966666666666667,5.919463087248322,10.0,1.2722222222222221,9,25,10.884147400695571,0.1987260662357341,0.029166666666666667,0.7045685487388105,0.05543758529052646,0.34049528086292796,0.056929879793941526,0.0044444444444444444,0.7717391304347826,0.7368421052631579,0.8372093023255814
baseline,mappo,7,21018,192,153,0,39,0.796875,0.0,5.1,5.73202614379085,10.0,1.2361111111111112,12,27,11.676379440971651,0.1906257960817132,0.028302469135802467,0.7078681276332216,0.06072395197395197,0.34556541397485674,0.05718805368857245,0.0,0.7884615384615384,0.8113207547169812,0.8
baseline,mappo,7,21019,192,161,0,31,0.8385416666666666,0.0,5.366666666666666,5.720496894409938,11.0,1.1916666666666667,7,29,11.092995306709177,0.1936008978167205,0.0270679012345679,0.6671502701883034,0.05906006847183318,0.3343984757645748,0.052481817879385835,0.0,0.8514851485148515,0.7758620689655172,0.9090909090909091
baseline,mappo,7,21020,192,157,1,34,0.8177083333333334,0.005208333333333333,5.233333333333333,4.789808917197452,8.0,0.9847222222222223,6,21,12.89441812147241,0.17260248671773135,0.02256172839506173,0.675080505656728,0.046072805190452246,0.3533908819938232,0.05671776940237794,0.00196078431372549,0.8426966292134831,0.7794117647058824,0.8285714285714286
baseline,mappo,42,21001,192,152,0,40,0.7916666666666666,0.0,5.066666666666666,5.605263157894737,10.449999999999989,1.1902777777777778,10,20,11.779056369821397,0.1974887474857924,0.027314814814814813,0.7174687711542945,0.04306773564126505,0.34903127917833804,0.0572632244796935,0.0,0.7976190476190477,0.8260869565217391,0.717948717948718
baseline,mappo,42,21002,192,148,1,43,0.7708333333333334,0.005208333333333333,4.933333333333334,5.891891891891892,10.0,1.2527777777777778,10,25,10.75317347026106,0.19704169479550204,0.028796296296296296,0.7179772503025407,0.05408895227006682,0.33537488970151513,0.05694847783404083,0.00196078431372549,0.8041237113402062,0.6724137931034483,0.8378378378378378
baseline,mappo,42,21003,192,157,0,35,0.8177083333333334,0.0,5.233333333333333,5.643312101910828,10.0,1.1861111111111111,9,21,13.467242627868476,0.17892189194706398,0.0270679012345679,0.7414476661619098,0.05007173382173382,0.36980824730824735,0.05973080705622684,0.0,0.8018018018018018,0.8260869565217391,0.8571428571428571
baseline,mappo,42,21004,192,149,1,42,0.7760416666666666,0.005208333333333333,4.966666666666667,6.281879194630872,11.0,1.3555555555555556,11,23,10.296465606276216,0.22216814836094959,0.031049382716049383,0.7190426070158279,0.051409538174244054,0.34163497450262165,0.05732400797609986,0.002564102564102564,0.7831325301204819,0.7313432835820896,0.8333333333333334
baseline,mappo,42,21005,192,147,4,41,0.765625,0.020833333333333332,4.9,5.333333333333333,10.0,1.1791666666666667,10,18,11.033966866544034,0.18276550408249354,0.027098765432098767,0.7216312814577718,0.04159268835739424,0.33954484627859244,0.05851794247467912,0.010256410256410256,0.776595744680851,0.7457627118644068,0.7692307692307693
baseline,mappo,42,21006,192,151,0,41,0.7864583333333334,0.0,5.033333333333333,5.688741721854305,10.5,1.2069444444444444,11,24,12.439399154325931,0.1965556683545351,0.02771604938271605,0.732514478966614,0.05631632256632255,0.3619393106893107,0.05988762630456526,0.0,0.7821782178217822,0.7021276595744681,0.8863636363636364
baseline,mappo,42,21007,192,156,0,36,0.8125,0.0,5.2,5.641025641025641,10.25,1.1916666666666667,9,19,12.656955127573891,0.1942064765130325,0.027222222222222224,0.7005994867632233,0.043684550743374274,0.36123006895065723,0.057805205330440104,0.0,0.8,0.7931034482758621,0.8717948717948718
baseline,mappo,42,21008,192,156,1,35,0.8125,0.005208333333333333,5.2,5.57051282051282,10.0,1.1666666666666667,8,19,11.84521271905879,0.19432464181041456,0.026635802469135796,0.7070151173148775,0.0409325444077766,0.34956109164313504,0.05593788252210694,0.0020833333333333333,0.7764705882352941,0.8214285714285714,0.8627450980392157
baseline,mappo,42,21009,192,145,1,46,0.7552083333333334,0.005208333333333333,4.833333333333333,6.413793103448276,11.799999999999983,1.3888888888888888,11,21,9.438091726052951,0.21930350210768218,0.031913580246913584,0.7236259332518935,0.046871992386698265,0.3253907122289475,0.05685440187603552,0.00196078431372549,0.7547169811320755,0.7755102040816326,0.7297297297297297
baseline,mappo,42,21010,192,146,1,45,0.7604166666666666,0.005208333333333333,4.866666666666666,6.075342465753424,10.0,1.2875,10,28,10.36898175078874,0.1999739978085668,0.02962962962962963,0.6970659679715027,0.0602346930675104,0.3307795756015571,0.05733284491995171,0.0023809523809523807,0.7291666666666666,0.7894736842105263,0.7948717948717948
baseline,mappo,42,21011,192,147,3,42,0.765625,0.015625,4.9,5.537414965986395,10.0,1.2138888888888888,10,21,10.007184546614338,0.20205517738218876,0.02790123456790123,0.6992012631065462,0.0479983660130719,0.32782990974167453,0.05598444120499765,0.006296296296296296,0.7653061224489796,0.8181818181818182,0.6923076923076923
baseline,mappo,42,21012,192,150,0,42,0.78125,0.0,5.0,5.613333333333333,10.0,1.2,11,27,11.660649778463426,0.18846250033941295,0.02759259259259259,0.7081635423153839,0.06090581531758002,0.343985641265053,0.05748864872783718,0.0,0.8252427184466019,0.76,0.6923076923076923
baseline,mappo,42,21013,192,151,1,40,0.7864583333333334,0.005208333333333333,5.033333333333333,5.768211920529802,10.0,1.2152777777777777,8,24,12.228024490066662,0.19099772692540634,0.02787037037037037,0.7271008937914014,0.054134974502621565,0.35774106612341916,0.05922003281710429,0.002564102564102564,0.7884615384615384,0.8275862068965517,0.7
baseline,mappo,42,21014,192,152,0,40,0.7916666666666666,0.0,5.066666666666666,5.940789473684211,10.0,1.2486111111111111,8,20,10.601185709318091,0.20629069597739463,0.02861111111111111,0.6920483718223899,0.04508648758648759,0.33315958007134483,0.05544583599599781,0.0,0.7425742574257426,0.8852459016393442,0.7666666666666667
baseline,mappo,42,21015,192,150,2,40,0.78125,0.010416666666666666,5.0,6.193333333333333,11.0,1.323611111111111,10,24,11.288682936440882,0.18728498197669538,0.030277777777777775,0.7115434270479746,0.05442382508558979,0.341717960688549,0.05757040986666819,0.00392156862745098,0.8157894736842105,0.775,0.6842105263157895
baseline,mappo,42,21016,192,151,2,39,0.7864583333333334,0.010416666666666666,5.033333333333333,5.66887417218543,10.0,1.2305555555555556,10,18,10.8787644684586,0.19853098381907036,0.02817901234567901,0.7105216205844656,0.04107059607059607,0.33878802612935743,0.05721206119693218,0.0044444444444444444,0.7555555555555555,0.7551020408163265,0.8679245283018868
baseline,mappo,42,21017,192,149,0,43,0.7760416666666666,0.0,4.966666666666667,5.845637583892618,9.599999999999994,1.2472222222222222,9,22,11.216043320766587,0.1980434752666676,0.028672839506172845,0.7183131613540039,0.049528897028897026,0.34115638990638997,0.05725826707774568,0.0,0.782608695652174,0.7368421052631579,0.813953488372093
baseline,mappo,42,21018,192,152,0,40,0.7916666666666666,0.0,5.066666666666666,5.8881578947368425,10.0,1.2805555555555554,12,28,11.773698933523525,0.19524821443040646,0.029320987654320986,0.7124706022761288,0.06394922071392659,0.3504875026933851,0.05776465345057935,0.0,0.7884615384615384,0.8113207547169812,0.7714285714285715
baseline,mappo,42,21019,192,161,0,31,0.8385416666666666,0.0,5.366666666666666,5.857142857142857,10.0,1.2319444444444445,8,23,11.374552638719466,0.1970925101172745,0.027962962962962967,0.6879679627338825,0.046435738037905225,0.34103767305392696,0.053767671152575414,0.0,0.8514851485148515,0.8103448275862069,0.8484848484848485
baseline,mappo,42,21020,192,159,1,32,0.828125,0.005208333333333333,5.3,4.930817610062893,8.0,1.0180555555555555,7,19,13.202833515875,0.17506821025131178,0.023240740740740742,0.6933945370145678,0.04197673513849984,0.3605502582785864,0.0568889382749429,0.00196078431372549,0.8539325842696629,0.7941176470588235,0.8285714285714286
baseline,mappo,123,21001,192,153,0,39,0.796875,0.0,5.1,5.189542483660131,10.400000000000006,1.0972222222222223,10,17,12.307285625490659,0.19152267555472408,0.025216049382716047,0.7230171467392306,0.0389878258995906,0.3539030441236324,0.057684391495046214,0.0,0.7976190476190477,0.8260869565217391,0.7435897435897436
baseline,mappo,123,21002,192,149,2,41,0.7760416666666666,0.010416666666666666,4.966666666666667,5.932885906040268,10.599999999999994,1.2666666666666666,11,21,10.90674986938294,0.19488525662887105,0.029043209876543203,0.7194793161556398,0.04654912081382669,0.338254664725253,0.05730282907737704,0.00392156862745098,0.845360824742268,0.6379310344827587,0.8108108108108109
baseline,mappo,123,21003,192,159,0,33,0.828125,0.0,5.3,5.679245283018868,11.0,1.1888888888888889,9,24,13.036501284133012,0.18460352441106245,0.0270679012345679,0.7328120019568117,0.0538182324211736,0.3653450715950716,0.05837408307076813,0.0,0.8108108108108109,0.8260869565217391,0.8857142857142857
baseline,mappo,123,21004,192,144,5,43,0.75,0.026041666666666668,4.8,6.402777777777778,11.0,1.4041666666666666,13,34,8.421224515046168,0.22588584239613202,0.03216049382716049,0.7087289410075652,0.07569971150853504,0.32369990303813834,0.056037099195418966,0.01173076923076923,0.7710843373493976,0.6716417910447762,0.8333333333333334
baseline,mappo,123,21005,192,147,3,42,0.765625,0.015625,4.9,5.673469387755102,10.699999999999989,1.2486111111111111,10,32,10.16068595087521,0.2026515332177422,0.02867283950617284,0.705971857841406,0.07090746127510834,0.33481510047686514,0.05721759045620025,0.007425213675213675,0.7127659574468085,0.7966101694915254,0.8461538461538461
baseline,mappo,123,21006,192,148,2,42,0.7708333333333334,0.010416666666666666,4.933333333333334,5.804054054054054,12.0,1.2361111111111112,12,30,11.542430957808577,0.19729623676732883,0.02839506172839506,0.7296410505823705,0.06954415954415953,0.35310351685351693,0.05963000885189448,0.004305555555555555,0.7920792079207921,0.6382978723404256,0.8636363636363636
baseline,mappo,123,21007,192,160,2,30,0.8333333333333334,0.010416666666666666,5.333333333333333,5.4,10.049999999999983,1.1458333333333333,9,31,12.29670950969754,0.1890145050412044,0.026018518518518517,0.6980128720214638,0.06851786013550719,0.3587378226348815,0.056400380834667634,0.004305555555555555,0.8526315789473684,0.7931034482758621,0.8461538461538461
baseline,mappo,123,21008,192,154,2,36,0.8020833333333334,0.010416666666666666,5.133333333333334,5.766233766233766,10.0,1.2236111111111112,8,19,11.18141411137138,0.1961197502207779,0.027932098765432102,0.7114141636415645,0.0422950932509756,0.3429637788538717,0.05624080224079316,0.0047619047619047615,0.7764705882352941,0.7678571428571429,0.8823529411764706
baseline,mappo,123,21009,192,149,2,41,0.7760416666666666,0.010416666666666666,4.966666666666667,6.087248322147651,11.0,1.3055555555555556,10,24,10.008792872884186,0.2067011027137668,0.029907407407407407,0.712198222337376,0.052947700447700446,0.3304603593574182,0.055986393964671116,0.00462962962962963,0.8113207547169812,0.7142857142857143,0.7567567567567568
baseline,mappo,123,21010,192,147,1,44,0.765625,0.005208333333333333,4.9,6.0476190476190474,11.0,1.2972222222222223,10,19,10.35165317900828,0.20363544136083817,0.02981481481481481,0.7007264961310099,0.0431338187955835,0.3308421834157128,0.05680649517670488,0.0023809523809523807,0.7291666666666666,0.8070175438596491,0.7948717948717948
baseline,mappo,123,21011,192,148,3,41,0.7708333333333334,0.015625,4.933333333333334,5.844594594594595,12.0,1.2569444444444444,11,23,9.749236974183322,0.21284416364045242,0.02882716049382716,0.7013852549941412,0.051783290239172594,0.33025269937034646,0.05635539151718718,0.0067471091000502765,0.7959183673469388,0.7636363636363637,0.717948717948718
baseline,mappo,123,21012,192,148,0,44,0.7708333333333334,0.0,4.933333333333334,5.763513513513513,11.0,1.2458333333333333,11,37,10.480511884248937,0.1958485222237498,0.02867283950617284,0.7026168564669404,0.08171347171347171,0.3301786176786177,0.05615665397527728,0.0,0.7961165048543689,0.72,0.7692307692307693
baseline,mappo,123,21013,192,151,2,39,0.7864583333333334,0.010416666666666666,5.033333333333333,5.754966887417218,10.5,1.2138888888888888,10,21,12.053579379199823,0.19453907007453067,0.027808641975308638,0.7286117958274196,0.04822788322788322,0.35877433024491856,0.05964890795029542,0.005252525252525253,0.7980769230769231,0.8275862068965517,0.6666666666666666
baseline,mappo,123,21014,192,153,1,38,0.796875,0.005208333333333333,5.1,6.0,11.400000000000006,1.273611111111111,10,20,10.229984883418766,0.20789398749896895,0.02910493827160494,0.6901632657606753,0.04243493978788097,0.3297927589839355,0.054603247595711085,0.0022222222222222222,0.7821782178217822,0.8524590163934426,0.7333333333333333
baseline,mappo,123,21015,192,147,3,42,0.765625,0.015625,4.9,6.115646258503402,11.0,1.3152777777777778,10,25,10.609822233583934,0.1822148283395752,0.030154320987654325,0.7072420559263519,0.05708172274348745,0.3308823311764489,0.05703517334950802,0.006960784313725489,0.8070175438596491,0.7,0.7105263157894737
baseline,mappo,123,21016,192,149,5,38,0.7760416666666666,0.026041666666666668,4.966666666666667,5.604026845637584,11.0,1.238888888888889,11,17,10.039284780051375,0.1948570902063644,0.028333333333333335,0.6939356714048504,0.03737081674775173,0.32789706165867166,0.05575599426248379,0.010592105263157894,0.7555555555555555,0.7142857142857143,0.8679245283018868
baseline,mappo,123,21017,192,150,2,40,0.78125,0.010416666666666666,5.0,6.12,11.0,1.3069444444444445,10,29,10.383721237034017,0.19988532455708052,0.029907407407407403,0.7103067026866229,0.06359225741578682,0.3345209066532596,0.05635177615003593,0.00486111111111111,0.782608695652174,0.7192982456140351,0.8604651162790697
baseline,mappo,123,21018,192,150,2,40,0.78125,0.010416666666666666,5.0,5.98,11.0,1.3138888888888889,10,47,10.936271965930052,0.1936387352129122,0.030061728395061722,0.7095019158190026,0.10366375182551656,0.3447926120720239,0.05781655513637666,0.004945054945054945,0.7788461538461539,0.7547169811320755,0.8285714285714286
baseline,mappo,123,21019,192,157,1,34,0.8177083333333334,0.005208333333333333,5.233333333333333,6.095541401273885,10.199999999999989,1.301388888888889,9,33,10.233883297189864,0.2030993926324522,0.029598765432098762,0.6848449570772358,0.06812868017202382,0.32965078451533564,0.05361920443298493,0.00196078431372549,0.8514851485148515,0.7241379310344828,0.8787878787878788
baseline,mappo,123,21020,192,155,2,35,0.8072916666666666,0.010416666666666666,5.166666666666667,5.103225806451613,9.0,1.0930555555555554,8,21,12.170860614712927,0.17968512485656526,0.025000000000000005,0.6943660381918988,0.045180316616075133,0.3492288875841509,0.0567605791699563,0.004464285714285714,0.8314606741573034,0.7647058823529411,0.8285714285714286
baseline,global_dijkstra,-1,21001,192,139,5,48,0.7239583333333334,0.026041666666666668,4.633333333333334,6.273381294964029,13.0,1.413888888888889,13,37,9.072319012658287,0.2065747507973443,0.03253086419753086,0.7461799473889712,0.08635268326444798,0.32779488757429937,0.05891005046003987,0.0114000814000814,0.7142857142857143,0.6956521739130435,0.7948717948717948
baseline,global_dijkstra,-1,21002,192,131,8,53,0.6822916666666666,0.041666666666666664,4.366666666666666,7.061068702290076,15.0,1.5763888888888888,14,46,7.5280366596343,0.21647759473355638,0.03629629629629629,0.7501516704674638,0.10744133589721824,0.3172542190924544,0.06103676414841579,0.01772607022607022,0.7525773195876289,0.5344827586206896,0.7297297297297297
baseline,global_dijkstra,-1,21003,192,150,3,39,0.78125,0.015625,5.0,5.486666666666666,12.0,1.2375,16,38,12.612537195239117,0.17359935920192876,0.028333333333333325,0.748092331498883,0.09101107226107226,0.3644343156843158,0.06078013294724524,0.006547619047619048,0.8018018018018018,0.7391304347826086,0.7714285714285715
baseline,global_dijkstra,-1,21004,192,141,4,47,0.734375,0.020833333333333332,4.7,6.24113475177305,11.0,1.3736111111111111,12,38,8.673716527375714,0.2254328061651133,0.03160493827160494,0.7497614346802198,0.08730260480260481,0.32873880748880757,0.05786390106898297,0.009706959706959705,0.7469879518072289,0.6716417910447762,0.8095238095238095
baseline,global_dijkstra,-1,21005,192,129,7,56,0.671875,0.036458333333333336,4.3,6.883720930232558,14.0,1.5652777777777778,13,42,7.799730999355202,0.21998667031208272,0.03614197530864197,0.754577443915554,0.10087732528908999,0.32280484221660694,0.06194591516522109,0.017445299798240974,0.6914893617021277,0.6440677966101694,0.6666666666666666
baseline,global_dijkstra,-1,21006,192,133,3,56,0.6927083333333334,0.015625,4.433333333333334,6.2180451127819545,13.399999999999991,1.4472222222222222,18,34,9.83274855454533,0.20374708449370751,0.03351851851851852,0.7638869896074855,0.08980824730824731,0.3378989066489067,0.06382913671015102,0.008372183372183373,0.7326732673267327,0.574468085106383,0.7272727272727273
baseline,global_dijkstra,-1,21007,192,143,3,46,0.7447916666666666,0.015625,4.766666666666667,6.559440559440559,15.0,1.461111111111111,15,33,10.247319804760915,0.21240573318645914,0.03351851851851851,0.736347611450173,0.07900863025863027,0.34585747585747584,0.06034924245905139,0.007722832722832722,0.7052631578947368,0.7413793103448276,0.8461538461538461
baseline,global_dijkstra,-1,21008,192,144,1,47,0.75,0.005208333333333333,4.8,6.555555555555555,11.849999999999994,1.4055555555555554,12,46,9.806045178491258,0.21951785544392843,0.03231481481481482,0.7367924653562448,0.10400048480930835,0.3385208092561035,0.058799506581205696,0.0022222222222222222,0.7294117647058823,0.75,0.7843137254901961
baseline,global_dijkstra,-1,21009,192,139,1,52,0.7239583333333334,0.005208333333333333,4.633333333333334,6.611510791366906,11.0,1.4430555555555555,10,45,9.061320968089667,0.21486578929390174,0.03330246913580247,0.7457204297233344,0.10036953242835596,0.3240875546022605,0.05810696207650359,0.0020833333333333333,0.7264150943396226,0.7142857142857143,0.7297297297297297
baseline,global_dijkstra,-1,21010,192,133,7,52,0.6927083333333334,0.036458333333333336,4.433333333333334,6.7293233082706765,13.399999999999991,1.5138888888888888,14,40,7.895705019338634,0.21250654529364893,0.03487654320987654,0.7309105356294734,0.09305210040504158,0.3159341801988861,0.059380889501278136,0.015315425315425315,0.6875,0.6666666666666666,0.7435897435897436
baseline,global_dijkstra,-1,21011,192,137,7,48,0.7135416666666666,0.036458333333333336,4.566666666666666,6.109489051094891,12.199999999999989,1.4416666666666667,12,33,9.053209518684165,0.1953589456195797,0.03314814814814814,0.7326014207838749,0.07533595489477843,0.3247249156072685,0.05937769950912119,0.015766806722689077,0.7653061224489796,0.6363636363636364,0.6923076923076923
baseline,global_dijkstra,-1,21012,192,134,5,53,0.6979166666666666,0.026041666666666668,4.466666666666667,6.350746268656716,12.349999999999994,1.4597222222222221,13,49,8.488745180699697,0.20317156132143177,0.03370370370370371,0.7446153414313478,0.1126914751914752,0.32013708513708516,0.060149774516892,0.012083333333333333,0.7766990291262136,0.64,0.5641025641025641
baseline,global_dijkstra,-1,21013,192,135,6,51,0.703125,0.03125,4.5,6.4,14.0,1.4402777777777778,13,31,8.972000178027077,0.20536091697208458,0.03320987654320988,0.7642157716615026,0.07669709919709919,0.32979710104710114,0.061250935684562184,0.015356310356310358,0.7115384615384616,0.6896551724137931,0.7
baseline,global_dijkstra,-1,21014,192,145,2,45,0.7552083333333334,0.010416666666666666,4.833333333333333,6.537931034482758,12.0,1.413888888888889,10,39,9.014038021152846,0.22033256186060374,0.03243827160493827,0.7240240065890136,0.08685954296248415,0.32586333601039486,0.05677440062599383,0.0047619047619047615,0.7326732673267327,0.8032786885245902,0.7333333333333333
baseline,global_dijkstra,-1,21015,192,137,6,49,0.7135416666666666,0.03125,4.566666666666666,6.197080291970803,13.0,1.4277777777777778,13,43,9.696047830687663,0.1815478605425072,0.03287037037037037,0.7379413670327077,0.10083529817275946,0.3311705279584538,0.060243723684072444,0.015654868007809183,0.7543859649122807,0.65,0.6578947368421053
baseline,global_dijkstra,-1,21016,192,137,4,51,0.7135416666666666,0.020833333333333332,4.566666666666666,6.547445255474453,12.0,1.4569444444444444,11,33,8.128742765304874,0.22504703884787886,0.03358024691358024,0.7340239122909923,0.07448514448514448,0.317928180207592,0.058200903659621724,0.009433760683760683,0.6777777777777778,0.6530612244897959,0.8301886792452831
baseline,global_dijkstra,-1,21017,192,134,5,53,0.6979166666666666,0.026041666666666668,4.466666666666667,6.440298507462686,14.349999999999994,1.4958333333333333,16,40,8.698384842938342,0.21160038132341277,0.03450617283950617,0.7395392957532965,0.09655372405372403,0.3261360861360861,0.05997653001438131,0.011929181929181928,0.7282608695652174,0.631578947368421,0.7209302325581395
baseline,global_dijkstra,-1,21018,192,144,1,47,0.75,0.005208333333333333,4.8,6.361111111111111,12.0,1.4013888888888888,17,38,10.921719285204606,0.20132609792752068,0.03222222222222222,0.7481181107330136,0.08916493637081872,0.34746877849819024,0.060033683085915376,0.002564102564102564,0.75,0.7358490566037735,0.7714285714285715
baseline,global_dijkstra,-1,21019,192,147,3,42,0.765625,0.015625,4.9,6.238095238095238,13.699999999999989,1.4,12,39,9.307322293322944,0.1960895800633057,0.03203703703703703,0.7160378515078692,0.0846612619406737,0.31927107392664666,0.055101444387761433,0.006266339869281046,0.8118811881188119,0.6724137931034483,0.7878787878787878
baseline,global_dijkstra,-1,21020,192,146,4,42,0.7604166666666666,0.020833333333333332,4.866666666666666,5.712328767123288,11.0,1.261111111111111,12,29,10.7213503643475,0.18909485510223029,0.02895061728395061,0.724308576356904,0.0641525602593714,0.33975946081209246,0.05851861551100965,0.009385997988939165,0.797752808988764,0.6617647058823529,0.8571428571428571
deliver_lo,mappo,7,21001,192,154,0,38,0.8020833333333334,0.0,5.133333333333334,5.584415584415584,9.0,1.1791666666666667,8,23,11.892953364922157,0.19530866695164,0.02700617283950617,0.7135643544098785,0.051418965021906196,0.3503525641025641,0.05719515705775645,0.0,0.8095238095238095,0.8260869565217391,0.7435897435897436
deliver_lo,mappo,7,21002,192,148,0,44,0.7708333333333334,0.0,4.933333333333334,6.094594594594595,10.0,1.2875,9,43,10.069930564477481,0.1998295433156363,0.029598765432098762,0.7014570887939479,0.09316817985935631,0.3267601706572295,0.055680886526283044,0.0,0.8144329896907216,0.6724137931034483,0.8108108108108109
deliver_lo,mappo,7,21003,192,160,0,32,0.8333333333333334,0.0,5.333333333333333,5.525,10.0,1.1666666666666667,9,25,13.6558673691105,0.17650995897622612,0.026543209876543208,0.7317229062913297,0.058155375326427956,0.3718189485952645,0.0589442564829955,0.0,0.8108108108108109,0.8478260869565217,0.8857142857142857
deliver_lo,mappo,7,21004,192,146,3,43,0.7604166666666666,0.015625,4.866666666666666,6.486301369863014,11.0,1.3958333333333333,10,42,8.625243246513561,0.22676481384193606,0.03197530864197531,0.6976858184141389,0.09108944432473845,0.3235180995475114,0.05545765765232368,0.006825396825396826,0.7951807228915663,0.6716417910447762,0.8333333333333334
deliver_lo,mappo,7,21005,192,150,3,39,0.78125,0.015625,5.0,5.6866666666666665,12.0,1.2319444444444445,9,37,11.018587495074101,0.18954895481081183,0.028209876543209875,0.7001122190193575,0.08023986090162562,0.3424104463075051,0.05707799000772704,0.006825396825396826,0.776595744680851,0.7627118644067796,0.8205128205128205
deliver_lo,mappo,7,21006,192,147,1,44,0.765625,0.005208333333333333,4.9,5.877551020408164,11.0,1.2541666666666667,10,27,11.623042432764093,0.19510765193997423,0.028858024691358026,0.7236281247990078,0.06453144078144077,0.3508073870573872,0.05954949264816702,0.0023809523809523807,0.7623762376237624,0.6595744680851063,0.8863636363636364
deliver_lo,mappo,7,21007,192,159,2,31,0.828125,0.010416666666666666,5.3,5.591194968553459,10.099999999999994,1.1819444444444445,7,22,12.50218280666112,0.19156329737374342,0.026851851851851852,0.6926630998749685,0.04889912375206493,0.3609637829490771,0.056898180089081124,0.0037037037037037034,0.8526315789473684,0.7758620689655172,0.8461538461538461
deliver_lo,mappo,7,21008,192,158,1,33,0.8229166666666666,0.005208333333333333,5.266666666666667,5.3734177215189876,9.0,1.1083333333333334,6,23,11.702510442727286,0.18745996546922822,0.025277777777777777,0.7003984889515622,0.050864097775862475,0.3438339734740664,0.055227427154441164,0.0020833333333333333,0.8,0.8392857142857143,0.8431372549019608
deliver_lo,mappo,7,21009,192,149,1,42,0.7760416666666666,0.005208333333333333,4.966666666666667,5.97986577181208,10.0,1.2597222222222222,8,38,9.860966983588309,0.2100677139742057,0.028919753086419753,0.7022259591468794,0.08142925973808327,0.3290554597907539,0.05533389156251427,0.0020833333333333333,0.7830188679245284,0.7755102040816326,0.7567567567567568
deliver_lo,mappo,7,21010,192,154,0,38,0.8020833333333334,0.0,5.133333333333334,5.818181818181818,11.0,1.2152777777777777,10,30,11.028382587740525,0.20097297745381698,0.02780864197530864,0.685197184203491,0.06632966434437022,0.339054412363236,0.05490529478500646,0.0,0.7604166666666666,0.8421052631578947,0.8461538461538461
deliver_lo,mappo,7,21011,192,147,3,42,0.765625,0.015625,4.9,5.687074829931973,10.0,1.2333333333333334,9,25,10.055810511061217,0.20353079120228187,0.028333333333333332,0.6986468061890144,0.05502185722773958,0.32996159069688474,0.05625950721294042,0.0060185185185185185,0.8061224489795918,0.7272727272727273,0.717948717948718
deliver_lo,mappo,7,21012,192,146,0,46,0.7604166666666666,0.0,4.866666666666666,5.924657534246576,10.0,1.2791666666666666,10,31,10.540251904376703,0.19360611998097074,0.02947530864197531,0.7016873463545689,0.06998593454475807,0.3291952165481577,0.05696414511465906,0.0,0.8058252427184466,0.72,0.6923076923076923
deliver_lo,mappo,7,21013,192,151,1,40,0.7864583333333334,0.005208333333333333,5.033333333333333,5.894039735099338,10.0,1.2402777777777778,8,22,11.879175836557616,0.20011970322088057,0.028425925925925927,0.7242165011368589,0.050627468936292455,0.35587706411235825,0.05929568032452426,0.0022222222222222222,0.7884615384615384,0.8275862068965517,0.7
deliver_lo,mappo,7,21014,192,152,1,39,0.7916666666666666,0.005208333333333333,5.066666666666666,6.1118421052631575,10.449999999999989,1.2916666666666667,8,38,9.854303796514744,0.2108185451225088,0.029537037037037035,0.6741515276027629,0.08061187722952429,0.3280324822236588,0.05435801605172978,0.0020833333333333333,0.7425742574257426,0.8852459016393442,0.7666666666666667
deliver_lo,mappo,7,21015,192,149,2,41,0.7760416666666666,0.010416666666666666,4.966666666666667,6.489932885906041,12.0,1.3875,10,26,10.723926040706484,0.19303708620503077,0.03172839506172839,0.7027551912356763,0.05671185568244392,0.3354276986629928,0.05728231123478105,0.003812636165577342,0.8070175438596491,0.725,0.7368421052631579
deliver_lo,mappo,7,21016,192,148,4,40,0.7708333333333334,0.020833333333333332,4.933333333333334,5.837837837837838,10.0,1.273611111111111,8,37,9.511701484020255,0.1986311031539402,0.029166666666666667,0.6901351886747491,0.07915317454017143,0.3229567529993227,0.05498425846197889,0.008274886877828054,0.7666666666666667,0.673469387755102,0.8679245283018868
deliver_lo,mappo,7,21017,192,145,1,46,0.7552083333333334,0.005208333333333333,4.833333333333333,6.206896551724138,10.0,1.3333333333333333,10,29,9.705842706550413,0.2080753881055588,0.03067901234567901,0.7028266848706264,0.06212343484402308,0.3247982355335297,0.05614222282537782,0.002564102564102564,0.7391304347826086,0.7368421052631579,0.813953488372093
deliver_lo,mappo,7,21018,192,150,1,41,0.78125,0.005208333333333333,5.0,6.08,10.0,1.323611111111111,11,31,11.108231549042445,0.1940364870558892,0.030308641975308644,0.7075985856741133,0.06811627642509994,0.34170593023534207,0.0570905625213013,0.0023809523809523807,0.7788461538461539,0.7547169811320755,0.8285714285714286
deliver_lo,mappo,7,21019,192,162,1,29,0.84375,0.005208333333333333,5.4,5.555555555555555,9.0,1.1625,7,32,11.48425933776046,0.1850387048708291,0.026358024691358027,0.6740718414486403,0.06621919303033853,0.3396848739495798,0.05340511487852674,0.0022222222222222222,0.8712871287128713,0.7758620689655172,0.8787878787878788
deliver_lo,mappo,7,21020,192,155,0,37,0.8072916666666666,0.0,5.166666666666667,5.2387096774193544,10.0,1.0791666666666666,7,22,12.0560807939293,0.18374683221364468,0.024753086419753084,0.6706962566032846,0.0475269433009371,0.3437969417922979,0.056002081169891166,0.0,0.8426966292134831,0.7647058823529411,0.8
deliver_lo,mappo,42,21001,192,155,0,37,0.8072916666666666,0.0,5.166666666666667,5.380645161290323,9.0,1.1388888888888888,10,25,11.964991337952124,0.19040904445186646,0.026080246913580248,0.709215436845992,0.054986628295451825,0.3488181943329003,0.05611232740976046,0.0,0.8214285714285714,0.855072463768116,0.6923076923076923
deliver_lo,mappo,42,21002,192,151,1,40,0.7864583333333334,0.005208333333333333,5.033333333333333,5.768211920529802,9.5,1.226388888888889,11,23,11.462088275381669,0.18882921686708923,0.02811728395061728,0.7091809992084797,0.051361721067603415,0.34222161280984814,0.05693461611688886,0.0020833333333333333,0.8247422680412371,0.6896551724137931,0.8378378378378378
deliver_lo,mappo,42,21003,192,158,0,34,0.8229166666666666,0.0,5.266666666666667,5.3734177215189876,9.0,1.1416666666666666,9,24,13.683517231694267,0.17433280680901558,0.026049382716049382,0.7321561772913161,0.0546965500100175,0.3706589295637283,0.058733773579908784,0.0,0.7837837837837838,0.8695652173913043,0.8857142857142857
deliver_lo,mappo,42,21004,192,147,3,42,0.765625,0.015625,4.9,6.258503401360544,10.699999999999989,1.3402777777777777,9,38,8.956429124093445,0.22245941721243845,0.030709876543209873,0.6975908841318635,0.08303544494720967,0.32516336876630997,0.055354641571813516,0.006425070028011204,0.7831325301204819,0.7164179104477612,0.8095238095238095
deliver_lo,mappo,42,21005,192,148,4,40,0.7708333333333334,0.020833333333333332,4.933333333333334,5.391891891891892,11.0,1.1680555555555556,10,21,11.04589714223153,0.18596414069316486,0.026820987654320987,0.7051679902104234,0.04872645328527681,0.34001992288756994,0.05747555460004472,0.009206349206349208,0.7659574468085106,0.7627118644067796,0.7948717948717948
deliver_lo,mappo,42,21006,192,149,1,42,0.7760416666666666,0.005208333333333333,4.966666666666667,5.758389261744966,10.599999999999994,1.2402777777777778,10,23,11.874008921359719,0.19672456063202998,0.028487654320987658,0.7259907783652959,0.05511752136752136,0.354653540903541,0.05925073785125924,0.0022222222222222222,0.7920792079207921,0.6808510638297872,0.8409090909090909
deliver_lo,mappo,42,21007,192,158,1,33,0.8229166666666666,0.005208333333333333,5.266666666666667,5.582278481012659,11.0,1.1958333333333333,11,25,12.223510325604606,0.19203665496804728,0.02722222222222222,0.6896526898068233,0.05716405455569541,0.35607137186858545,0.057179821507995096,0.0023809523809523807,0.8210526315789474,0.8103448275862069,0.8461538461538461
deliver_lo,mappo,42,21008,192,160,1,31,0.8333333333333334,0.005208333333333333,5.333333333333333,5.31875,9.0,1.101388888888889,7,16,12.04322347653293,0.1914324301358674,0.025061728395061725,0.7025464307899864,0.03296257391845627,0.35001555361849485,0.05499449209380547,0.0023809523809523807,0.8,0.8571428571428571,0.8627450980392157
deliver_lo,mappo,42,21009,192,148,0,44,0.7708333333333334,0.0,4.933333333333334,6.128378378378378,11.0,1.3166666666666667,10,38,9.965697857664606,0.2066338794744037,0.03024691358024691,0.6963646652512641,0.08040543792865774,0.32714579896081447,0.055527048833494616,0.0,0.7924528301886793,0.7755102040816326,0.7027027027027027
deliver_lo,mappo,42,21010,192,145,1,46,0.7552083333333334,0.005208333333333333,4.833333333333333,6.075862068965518,11.0,1.2986111111111112,10,21,9.97723392403498,0.2072916868881518,0.029907407407407403,0.698629892047716,0.049302848567554444,0.32698195051136236,0.05686360393960172,0.0023809523809523807,0.7083333333333334,0.8070175438596491,0.7948717948717948
deliver_lo,mappo,42,21011,192,149,2,41,0.7760416666666666,0.010416666666666666,4.966666666666667,5.590604026845638,10.0,1.2041666666666666,10,31,10.182066190407934,0.20341176919870824,0.027654320987654316,0.6902069728745008,0.07044869747269127,0.3312323969173815,0.0558501588510296,0.004415954415954416,0.7959183673469388,0.7818181818181819,0.717948717948718
deliver_lo,mappo,42,21012,192,151,1,40,0.7864583333333334,0.005208333333333333,5.033333333333333,5.443708609271523,10.0,1.176388888888889,12,32,11.701706727091418,0.17919187706524228,0.02700617283950617,0.7033621351494154,0.07037689434748258,0.3432543273719743,0.05687800564060728,0.0027777777777777775,0.8446601941747572,0.74,0.6923076923076923
deliver_lo,mappo,42,21013,192,153,0,39,0.796875,0.0,5.1,5.633986928104576,10.0,1.1777777777777778,9,27,12.132814810951661,0.19309695510476738,0.02700617283950617,0.7173426419535045,0.0626472138972139,0.3546067821067822,0.05820803497343089,0.0,0.7884615384615384,0.8620689655172413,0.7
deliver_lo,mappo,42,21014,192,151,1,40,0.7864583333333334,0.005208333333333333,5.033333333333333,5.76158940397351,9.5,1.2138888888888888,8,20,10.405833084781564,0.20081325711839967,0.02783950617283951,0.6841930718318577,0.04391233078926578,0.3283918128654971,0.05469220840565177,0.0020833333333333333,0.7524752475247525,0.8524590163934426,0.7666666666666667
deliver_lo,mappo,42,21015,192,147,2,43,0.765625,0.010416666666666666,4.9,6.217687074829932,11.0,1.336111111111111,9,25,11.134686872557781,0.18710315411368508,0.030648148148148147,0.7071995709994155,0.05559457971222677,0.3391282736870973,0.05796635359442608,0.00392156862745098,0.7982456140350878,0.75,0.6842105263157895
deliver_lo,mappo,42,21016,192,147,3,42,0.765625,0.015625,4.9,5.802721088435374,11.0,1.2916666666666667,10,25,9.906124778958638,0.19782337923999052,0.02962962962962963,0.6980827859159123,0.05602171106041075,0.32486080125012023,0.0562583026952489,0.005675954592363261,0.7555555555555555,0.673469387755102,0.8679245283018868
deliver_lo,mappo,42,21017,192,146,2,44,0.7604166666666666,0.010416666666666666,4.866666666666666,5.794520547945205,10.75,1.2666666666666666,10,25,10.385793950816522,0.1952883888932199,0.0291358024691358,0.7119454856002229,0.05680878761761114,0.3312755871579401,0.056808961461134753,0.0047619047619047615,0.7717391304347826,0.6842105263157895,0.8372093023255814
deliver_lo,mappo,42,21018,192,154,2,36,0.8020833333333334,0.010416666666666666,5.133333333333334,5.48051948051948,10.0,1.1847222222222222,11,32,11.71786785924249,0.18216197336313344,0.027067901234567895,0.7032174204168266,0.07211331968684911,0.34754542842778136,0.05678150961229246,0.005128205128205128,0.8076923076923077,0.7735849056603774,0.8285714285714286
deliver_lo,mappo,42,21019,192,162,0,30,0.84375,0.0,5.4,5.382716049382716,9.0,1.1166666666666667,7,28,11.761171870112243,0.187482782041187,0.025370370370370376,0.6791988977810423,0.05748118167235814,0.3422913415560475,0.053484163249609896,0.0,0.8514851485148515,0.8103448275862069,0.8787878787878788
deliver_lo,mappo,42,21020,192,157,0,35,0.8177083333333334,0.0,5.233333333333333,4.802547770700637,8.0,0.9986111111111111,7,18,13.252959478291045,0.1750917334417777,0.022901234567901232,0.6882241857468918,0.041323439632263155,0.35901169908522856,0.05758254630181646,0.0,0.8314606741573034,0.8088235294117647,0.8
deliver_lo,mappo,123,21001,192,155,1,36,0.8072916666666666,0.005208333333333333,5.166666666666667,5.2709677419354835,10.0,1.1194444444444445,8,38,11.812519713696933,0.18832755805195361,0.025617283950617287,0.7059633934356969,0.08313022761552175,0.3502880289644995,0.05653425598441308,0.002564102564102564,0.8214285714285714,0.8260869565217391,0.7435897435897436
deliver_lo,mappo,123,21002,192,149,1,42,0.7760416666666666,0.005208333333333333,4.966666666666667,6.026845637583893,11.0,1.2847222222222223,9,39,10.374381580552862,0.19658792786156437,0.0294753086419753,0.6992724326668236,0.08261069254103309,0.331394314892767,0.05596449121833456,0.0023809523809523807,0.8144329896907216,0.6724137931034483,0.8378378378378378
deliver_lo,mappo,123,21003,192,154,0,38,0.8020833333333334,0.0,5.133333333333334,5.701298701298701,10.0,1.2041666666666666,8,44,12.480769789996463,0.18098256291650203,0.027561728395061724,0.7250633133581332,0.10180911680911682,0.3588843563843564,0.05842952771976025,0.0,0.7927927927927928,0.8260869565217391,0.8
deliver_lo,mappo,123,21004,192,149,2,41,0.7760416666666666,0.010416666666666666,4.966666666666667,6.295302013422819,11.0,1.3555555555555556,10,51,8.768111542586036,0.22916234501142937,0.031018518518518515,0.6997315966973306,0.11019931994390199,0.32591594937570173,0.05483095219660301,0.004044117647058824,0.8192771084337349,0.7014925373134329,0.8095238095238095
deliver_lo,mappo,123,21005,192,148,2,42,0.7708333333333334,0.010416666666666666,4.933333333333334,5.6824324324324325,11.0,1.2194444444444446,9,46,10.538387115843692,0.1923793662100605,0.028024691358024694,0.7016989672471752,0.10307294829353654,0.33605634289457825,0.057257000573186535,0.0047619047619047615,0.776595744680851,0.7457627118644068,0.7948717948717948
deliver_lo,mappo,123,21006,192,152,1,39,0.7916666666666666,0.005208333333333333,5.066666666666666,5.552631578947368,10.449999999999989,1.1777777777777778,9,43,11.862169208767881,0.18884384976452473,0.027006172839506168,0.7207340056571611,0.09671416002298354,0.3537609857462799,0.058068661494101684,0.0022222222222222222,0.8118811881188119,0.7021276595744681,0.8409090909090909
deliver_lo,mappo,123,21007,192,157,3,32,0.8177083333333334,0.015625,5.233333333333333,5.6687898089171975,10.0,1.2125,9,40,11.406437180837756,0.18970104672830035,0.02756172839506173,0.684664521292652,0.08945845949715919,0.34789084797211733,0.056164445134380306,0.0059210526315789476,0.8421052631578947,0.7413793103448276,0.8717948717948718
deliver_lo,mappo,123,21008,192,157,1,34,0.8177083333333334,0.005208333333333333,5.233333333333333,5.292993630573249,9.0,1.101388888888889,7,32,11.596541112392464,0.19135779734319963,0.025154320987654324,0.7033489442538943,0.06715045847398789,0.34604011729011735,0.05520719151737658,0.0023809523809523807,0.788235294117647,0.8392857142857143,0.8431372549019608
deliver_lo,mappo,123,21009,192,153,0,39,0.796875,0.0,5.1,6.228758169934641,10.0,1.3152777777777778,8,55,9.607268521447919,0.21089811771473688,0.03006172839506173,0.6891180635464277,0.11371584283735987,0.3261327246311767,0.05420689861188297,0.0,0.8301886792452831,0.7755102040816326,0.7297297297297297
deliver_lo,mappo,123,21010,192,147,1,44,0.765625,0.005208333333333333,4.9,5.891156462585034,10.699999999999989,1.261111111111111,9,37,9.864779476475201,0.20572731867499047,0.029012345679012345,0.6896275110227387,0.082565184643358,0.3264890213845323,0.0557241030407857,0.0020833333333333333,0.7291666666666666,0.8070175438596491,0.7948717948717948
deliver_lo,mappo,123,21011,192,152,0,40,0.7916666666666666,0.0,5.066666666666666,5.4605263157894735,10.0,1.1527777777777777,9,42,10.719733697416999,0.20163119055491524,0.026481481481481477,0.6943334398511152,0.09500835894411747,0.3370896840517583,0.05603520008914726,0.0,0.7857142857142857,0.8363636363636363,0.7435897435897436
deliver_lo,mappo,123,21012,192,149,1,42,0.7760416666666666,0.005208333333333333,4.966666666666667,5.791946308724833,11.0,1.25,9,45,11.046826307465306,0.1853581931514741,0.0287037037037037,0.6939524378459533,0.09963754511742128,0.33761453945664477,0.056539227048922246,0.0018518518518518517,0.8446601941747572,0.7,0.6923076923076923
deliver_lo,mappo,123,21013,192,152,0,40,0.7916666666666666,0.0,5.066666666666666,5.684210526315789,10.0,1.1888888888888889,8,36,11.99561030167858,0.19058630056760142,0.027283950617283947,0.7199802877295632,0.08056013431013431,0.35308663558663567,0.05796077754240018,0.0,0.7884615384615384,0.8448275862068966,0.7
deliver_lo,mappo,123,21014,192,152,1,39,0.7916666666666666,0.005208333333333333,5.066666666666666,5.967105263157895,10.0,1.2597222222222222,9,39,10.332951340939896,0.20393764935349035,0.02882716049382716,0.6872162412190691,0.08575253178194354,0.33336598314539495,0.05507178071827959,0.00196078431372549,0.7623762376237624,0.8524590163934426,0.7666666666666667
deliver_lo,mappo,123,21015,192,148,2,42,0.7708333333333334,0.010416666666666666,4.933333333333334,6.297297297297297,11.0,1.3402777777777777,9,42,10.315926844612038,0.18697227238881373,0.030709876543209873,0.6979443914930723,0.09075700028099408,0.32831946691079816,0.05613254242482947,0.003837719298245614,0.8157894736842105,0.725,0.6842105263157895
deliver_lo,mappo,123,21016,192,146,3,43,0.7604166666666666,0.015625,4.866666666666666,6.075342465753424,11.0,1.3097222222222222,10,46,9.245194692258007,0.20849020121406156,0.03006172839506173,0.6938880272886666,0.10246965452847806,0.32435547610857207,0.0561547824387071,0.00625,0.7555555555555555,0.6530612244897959,0.8679245283018868
deliver_lo,mappo,123,21017,192,147,1,44,0.765625,0.005208333333333333,4.9,5.891156462585034,11.0,1.2625,9,42,10.134014360566779,0.195341772047927,0.029043209876543217,0.7034181773796127,0.0921429768488592,0.3277591634944576,0.056091904845564124,0.0023809523809523807,0.7717391304347826,0.7017543859649122,0.8372093023255814
deliver_lo,mappo,123,21018,192,154,0,38,0.8020833333333334,0.0,5.133333333333334,5.662337662337662,10.0,1.211111111111111,9,43,11.538216003105166,0.18493035304556601,0.027716049382716046,0.7049982432736746,0.09409071320836028,0.3433224700136465,0.056165804030091575,0.0,0.8173076923076923,0.7924528301886793,0.7714285714285715
deliver_lo,mappo,123,21019,192,161,2,29,0.8385416666666666,0.010416666666666666,5.366666666666666,5.260869565217392,9.0,1.113888888888889,7,34,11.415583735053339,0.17811164504167223,0.025277777777777788,0.6749741200032922,0.07083450046685341,0.33786127271421396,0.05314798345612284,0.004945054945054945,0.8712871287128713,0.7413793103448276,0.9090909090909091
deliver_lo,mappo,123,21020,192,158,0,34,0.8229166666666666,0.0,5.266666666666667,4.9113924050632916,9.0,1.0166666666666666,6,30,12.60883379221738,0.17976666288667478,0.023271604938271604,0.6786802188824702,0.06700438722497545,0.3527810082647544,0.05614710618395238,0.0,0.8426966292134831,0.7794117647058824,0.8571428571428571
deliver_lo,global_dijkstra,-1,21001,192,139,5,48,0.7239583333333334,0.026041666666666668,4.633333333333334,6.273381294964029,13.0,1.413888888888889,13,37,9.072319012658287,0.2065747507973443,0.03253086419753086,0.7461799473889712,0.08635268326444798,0.32779488757429937,0.05891005046003987,0.0114000814000814,0.7142857142857143,0.6956521739130435,0.7948717948717948
deliver_lo,global_dijkstra,-1,21002,192,131,8,53,0.6822916666666666,0.041666666666666664,4.366666666666666,7.061068702290076,15.0,1.5763888888888888,14,46,7.5280366596343,0.21647759473355638,0.03629629629629629,0.7501516704674638,0.10744133589721824,0.3172542190924544,0.06103676414841579,0.01772607022607022,0.7525773195876289,0.5344827586206896,0.7297297297297297
deliver_lo,global_dijkstra,-1,21003,192,150,3,39,0.78125,0.015625,5.0,5.486666666666666,12.0,1.2375,16,38,12.612537195239117,0.17359935920192876,0.028333333333333325,0.748092331498883,0.09101107226107226,0.3644343156843158,0.06078013294724524,0.006547619047619048,0.8018018018018018,0.7391304347826086,0.7714285714285715
deliver_lo,global_dijkstra,-1,21004,192,141,4,47,0.734375,0.020833333333333332,4.7,6.24113475177305,11.0,1.3736111111111111,12,38,8.673716527375714,0.2254328061651133,0.03160493827160494,0.7497614346802198,0.08730260480260481,0.32873880748880757,0.05786390106898297,0.009706959706959705,0.7469879518072289,0.6716417910447762,0.8095238095238095
deliver_lo,global_dijkstra,-1,21005,192,129,7,56,0.671875,0.036458333333333336,4.3,6.883720930232558,14.0,1.5652777777777778,13,42,7.799730999355202,0.21998667031208272,0.03614197530864197,0.754577443915554,0.10087732528908999,0.32280484221660694,0.06194591516522109,0.017445299798240974,0.6914893617021277,0.6440677966101694,0.6666666666666666
deliver_lo,global_dijkstra,-1,21006,192,133,3,56,0.6927083333333334,0.015625,4.433333333333334,6.2180451127819545,13.399999999999991,1.4472222222222222,18,34,9.83274855454533,0.20374708449370751,0.03351851851851852,0.7638869896074855,0.08980824730824731,0.3378989066489067,0.06382913671015102,0.008372183372183373,0.7326732673267327,0.574468085106383,0.7272727272727273
deliver_lo,global_dijkstra,-1,21007,192,143,3,46,0.7447916666666666,0.015625,4.766666666666667,6.559440559440559,15.0,1.461111111111111,15,33,10.247319804760915,0.21240573318645914,0.03351851851851851,0.736347611450173,0.07900863025863027,0.34585747585747584,0.06034924245905139,0.007722832722832722,0.7052631578947368,0.7413793103448276,0.8461538461538461
deliver_lo,global_dijkstra,-1,21008,192,144,1,47,0.75,0.005208333333333333,4.8,6.555555555555555,11.849999999999994,1.4055555555555554,12,46,9.806045178491258,0.21951785544392843,0.03231481481481482,0.7367924653562448,0.10400048480930835,0.3385208092561035,0.058799506581205696,0.0022222222222222222,0.7294117647058823,0.75,0.7843137254901961
deliver_lo,global_dijkstra,-1,21009,192,139,1,52,0.7239583333333334,0.005208333333333333,4.633333333333334,6.611510791366906,11.0,1.4430555555555555,10,45,9.061320968089667,0.21486578929390174,0.03330246913580247,0.7457204297233344,0.10036953242835596,0.3240875546022605,0.05810696207650359,0.0020833333333333333,0.7264150943396226,0.7142857142857143,0.7297297297297297
deliver_lo,global_dijkstra,-1,21010,192,133,7,52,0.6927083333333334,0.036458333333333336,4.433333333333334,6.7293233082706765,13.399999999999991,1.5138888888888888,14,40,7.895705019338634,0.21250654529364893,0.03487654320987654,0.7309105356294734,0.09305210040504158,0.3159341801988861,0.059380889501278136,0.015315425315425315,0.6875,0.6666666666666666,0.7435897435897436
deliver_lo,global_dijkstra,-1,21011,192,137,7,48,0.7135416666666666,0.036458333333333336,4.566666666666666,6.109489051094891,12.199999999999989,1.4416666666666667,12,33,9.053209518684165,0.1953589456195797,0.03314814814814814,0.7326014207838749,0.07533595489477843,0.3247249156072685,0.05937769950912119,0.015766806722689077,0.7653061224489796,0.6363636363636364,0.6923076923076923
deliver_lo,global_dijkstra,-1,21012,192,134,5,53,0.6979166666666666,0.026041666666666668,4.466666666666667,6.350746268656716,12.349999999999994,1.4597222222222221,13,49,8.488745180699697,0.20317156132143177,0.03370370370370371,0.7446153414313478,0.1126914751914752,0.32013708513708516,0.060149774516892,0.012083333333333333,0.7766990291262136,0.64,0.5641025641025641
deliver_lo,global_dijkstra,-1,21013,192,135,6,51,0.703125,0.03125,4.5,6.4,14.0,1.4402777777777778,13,31,8.972000178027077,0.20536091697208458,0.03320987654320988,0.7642157716615026,0.07669709919709919,0.32979710104710114,0.061250935684562184,0.015356310356310358,0.7115384615384616,0.6896551724137931,0.7
deliver_lo,global_dijkstra,-1,21014,192,145,2,45,0.7552083333333334,0.010416666666666666,4.833333333333333,6.537931034482758,12.0,1.413888888888889,10,39,9.014038021152846,0.22033256186060374,0.03243827160493827,0.7240240065890136,0.08685954296248415,0.32586333601039486,0.05677440062599383,0.0047619047619047615,0.7326732673267327,0.8032786885245902,0.7333333333333333
deliver_lo,global_dijkstra,-1,21015,192,137,6,49,0.7135416666666666,0.03125,4.566666666666666,6.197080291970803,13.0,1.4277777777777778,13,43,9.696047830687663,0.1815478605425072,0.03287037037037037,0.7379413670327077,0.10083529817275946,0.3311705279584538,0.060243723684072444,0.015654868007809183,0.7543859649122807,0.65,0.6578947368421053
deliver_lo,global_dijkstra,-1,21016,192,137,4,51,0.7135416666666666,0.020833333333333332,4.566666666666666,6.547445255474453,12.0,1.4569444444444444,11,33,8.128742765304874,0.22504703884787886,0.03358024691358024,0.7340239122909923,0.07448514448514448,0.317928180207592,0.058200903659621724,0.009433760683760683,0.6777777777777778,0.6530612244897959,0.8301886792452831
deliver_lo,global_dijkstra,-1,21017,192,134,5,53,0.6979166666666666,0.026041666666666668,4.466666666666667,6.440298507462686,14.349999999999994,1.4958333333333333,16,40,8.698384842938342,0.21160038132341277,0.03450617283950617,0.7395392957532965,0.09655372405372403,0.3261360861360861,0.05997653001438131,0.011929181929181928,0.7282608695652174,0.631578947368421,0.7209302325581395
deliver_lo,global_dijkstra,-1,21018,192,144,1,47,0.75,0.005208333333333333,4.8,6.361111111111111,12.0,1.4013888888888888,17,38,10.921719285204606,0.20132609792752068,0.03222222222222222,0.7481181107330136,0.08916493637081872,0.34746877849819024,0.060033683085915376,0.002564102564102564,0.75,0.7358490566037735,0.7714285714285715
deliver_lo,global_dijkstra,-1,21019,192,147,3,42,0.765625,0.015625,4.9,6.238095238095238,13.699999999999989,1.4,12,39,9.307322293322944,0.1960895800633057,0.03203703703703703,0.7160378515078692,0.0846612619406737,0.31927107392664666,0.055101444387761433,0.006266339869281046,0.8118811881188119,0.6724137931034483,0.7878787878787878
deliver_lo,global_dijkstra,-1,21020,192,146,4,42,0.7604166666666666,0.020833333333333332,4.866666666666666,5.712328767123288,11.0,1.261111111111111,12,29,10.7213503643475,0.18909485510223029,0.02895061728395061,0.724308576356904,0.0641525602593714,0.33975946081209246,0.05851861551100965,0.009385997988939165,0.797752808988764,0.6617647058823529,0.8571428571428571
deliver_hi,mappo,7,21001,192,155,0,37,0.8072916666666666,0.0,5.166666666666667,5.258064516129032,9.0,1.1,9,33,12.10547531383544,0.1904055778119609,0.025216049382716047,0.7088428910861766,0.07658238476349931,0.3530350617734518,0.05775096372937853,0.0,0.8333333333333334,0.8115942028985508,0.7435897435897436
deliver_hi,mappo,7,21002,192,148,2,42,0.7708333333333334,0.010416666666666666,4.933333333333334,6.1891891891891895,11.0,1.3333333333333333,12,31,10.601668603241679,0.20073296591446468,0.03055555555555555,0.70033273912273,0.06832783229842053,0.3384574494133318,0.0572112322583655,0.004464285714285714,0.845360824742268,0.6206896551724138,0.8108108108108109
deliver_hi,mappo,7,21003,192,159,1,32,0.828125,0.005208333333333333,5.3,5.50314465408805,11.099999999999994,1.1569444444444446,13,30,13.602136213259556,0.17434432672784467,0.02632716049382716,0.726875054819547,0.07112757068639422,0.3730337690631809,0.05899478497792072,0.0022222222222222222,0.8108108108108109,0.8260869565217391,0.8857142857142857
deliver_hi,mappo,7,21004,192,148,2,42,0.7708333333333334,0.010416666666666666,4.933333333333334,6.25,11.0,1.3402777777777777,11,36,9.673292057654246,0.22556904157789148,0.030709876543209873,0.7068247800542836,0.08213319088319089,0.3378548983696043,0.05703208838747318,0.005158730158730159,0.7951807228915663,0.7014925373134329,0.8333333333333334
deliver_hi,mappo,7,21005,192,150,2,40,0.78125,0.010416666666666666,5.0,5.386666666666667,10.0,1.1652777777777779,12,28,11.763911047362884,0.1851756942415402,0.02675925925925926,0.7071318942121568,0.06248135579017932,0.34942333809980874,0.058126346148776646,0.005555555555555555,0.776595744680851,0.7457627118644068,0.8461538461538461
deliver_hi,mappo,7,21006,192,145,1,46,0.7552083333333334,0.005208333333333333,4.833333333333333,6.172413793103448,12.0,1.3375,15,24,11.469166331350245,0.1994409226136992,0.030771604938271604,0.720541124758741,0.06229642089936207,0.35127641149699973,0.061201198400394646,0.0027777777777777775,0.7722772277227723,0.6595744680851063,0.8181818181818182
deliver_hi,mappo,7,21007,192,153,5,34,0.796875,0.026041666666666668,5.1,5.4640522875816995,11.0,1.2138888888888888,15,22,11.57309205153798,0.18737259263948633,0.02765432098765432,0.6927634131503867,0.05229827090121207,0.35219084020554614,0.05838996894031799,0.011770451770451771,0.8105263157894737,0.7586206896551724,0.8205128205128205
deliver_hi,mappo,7,21008,192,159,1,32,0.828125,0.005208333333333333,5.3,5.522012578616352,10.0,1.1444444444444444,7,22,12.024482809389067,0.1913314634769366,0.026049382716049386,0.6978066186625943,0.04626631939325437,0.350853891264108,0.055201268205607536,0.0020833333333333333,0.8235294117647058,0.8392857142857143,0.8235294117647058
deliver_hi,mappo,7,21009,192,151,0,41,0.7864583333333334,0.0,5.033333333333333,6.218543046357616,11.0,1.3277777777777777,12,33,10.547711595874981,0.20845356409695387,0.030401234567901232,0.7007163322804,0.07321769733534439,0.33735033757092586,0.05620564166301756,0.0,0.8018867924528302,0.7959183673469388,0.7297297297297297
deliver_hi,mappo,7,21010,192,152,2,38,0.7916666666666666,0.010416666666666666,5.066666666666666,5.8881578947368425,10.0,1.2444444444444445,9,28,11.34046825291234,0.19586102509771716,0.028456790123456793,0.6843495887977614,0.061993319860966914,0.3457367033837623,0.05664384955327668,0.004166666666666667,0.7604166666666666,0.7894736842105263,0.8717948717948718
deliver_hi,mappo,7,21011,192,146,0,46,0.7604166666666666,0.0,4.866666666666666,5.815068493150685,12.0,1.2569444444444444,14,20,10.392790230202591,0.21288099709921354,0.02898148148148148,0.6925992112822311,0.049069680319680314,0.3336703796146521,0.05774378745993181,0.0,0.7448979591836735,0.8181818181818182,0.717948717948718
deliver_hi,mappo,7,21012,192,147,2,43,0.765625,0.010416666666666666,4.9,5.755102040816326,10.699999999999989,1.2583333333333333,12,31,11.426476290936959,0.1880120165067698,0.02891975308641975,0.7125550723507323,0.07530779405779404,0.34678089611913143,0.059194923896213676,0.004647435897435897,0.8349514563106796,0.7,0.6666666666666666
deliver_hi,mappo,7,21013,192,149,3,40,0.7760416666666666,0.015625,4.966666666666667,5.597315436241611,11.0,1.2138888888888888,11,25,12.102505950247677,0.18874266295209832,0.0278395061728395,0.7196632361820893,0.058347763347763336,0.3591705924794161,0.059884614867303294,0.007142857142857143,0.7692307692307693,0.7931034482758621,0.7666666666666667
deliver_hi,mappo,7,21014,192,153,1,38,0.796875,0.005208333333333333,5.1,5.96078431372549,11.0,1.2638888888888888,8,33,10.288841622675081,0.2043892115964213,0.02888888888888889,0.6715463722113001,0.0694886159592042,0.3305712533653711,0.05461769521069451,0.0020833333333333333,0.7722772277227723,0.8688524590163934,0.7333333333333333
deliver_hi,mappo,7,21015,192,145,4,43,0.7552083333333334,0.020833333333333332,4.833333333333333,6.558620689655172,12.0,1.4472222222222222,11,30,9.990025624954727,0.19371587672231824,0.03311728395061729,0.6961932061565703,0.06529203295844162,0.32916616450285185,0.05737694544039376,0.008353174603174604,0.7894736842105263,0.725,0.6842105263157895
deliver_hi,mappo,7,21016,192,150,2,40,0.78125,0.010416666666666666,5.0,5.593333333333334,11.0,1.211111111111111,13,34,10.738413464719027,0.19545009019901413,0.027777777777777776,0.693558753846034,0.07766959347841701,0.3372699549905433,0.056646749170336304,0.004183006535947712,0.7777777777777778,0.673469387755102,0.8867924528301887
deliver_hi,mappo,7,21017,192,148,2,42,0.7708333333333334,0.010416666666666666,4.933333333333334,6.263513513513513,11.0,1.3305555555555555,10,28,9.917508682590794,0.2065415866927808,0.030493827160493824,0.6966520958508783,0.05972978260129962,0.3289069377188573,0.056326644025082716,0.004524886877828055,0.782608695652174,0.7192982456140351,0.813953488372093
deliver_hi,mappo,7,21018,192,150,0,42,0.78125,0.0,5.0,5.74,10.549999999999983,1.2472222222222222,13,28,11.90243443494343,0.19092841127648477,0.028641975308641973,0.7091881698583095,0.06530893126481362,0.35021729904082843,0.058641888213506285,0.0,0.7788461538461539,0.7735849056603774,0.8
deliver_hi,mappo,7,21019,192,159,3,30,0.828125,0.015625,5.3,5.440251572327044,11.0,1.1736111111111112,9,24,11.080918524892574,0.18313069993196815,0.026635802469135803,0.6741028046582402,0.050305195177486196,0.33514850159587006,0.05371597302595917,0.006825396825396826,0.8712871287128713,0.7068965517241379,0.9090909090909091
deliver_hi,mappo,7,21020,192,157,0,35,0.8177083333333334,0.0,5.233333333333333,5.057324840764331,9.0,1.05,7,27,12.773836260055669,0.17905914732101733,0.024043209876543212,0.6742123815129408,0.060947363466713304,0.3547047598943884,0.05710551720032429,0.0,0.8426966292134831,0.7647058823529411,0.8571428571428571
deliver_hi,mappo,42,21001,192,154,1,37,0.8020833333333334,0.005208333333333333,5.133333333333334,5.396103896103896,9.349999999999994,1.1402777777777777,8,52,11.303297809249678,0.19402381063697177,0.026111111111111106,0.70313768026903,0.11387003519356463,0.34777014652014665,0.056350196789554614,0.002564102564102564,0.8214285714285714,0.8260869565217391,0.717948717948718
deliver_hi,mappo,42,21002,192,148,3,41,0.7708333333333334,0.015625,4.933333333333334,5.837837837837838,10.0,1.2458333333333333,8,72,9.369728676566304,0.1916607442144785,0.028580246913580246,0.6993537006320719,0.1541928387516623,0.3227465481141952,0.055551126358163276,0.0061574074074074074,0.8350515463917526,0.6206896551724138,0.8378378378378378
deliver_hi,mappo,42,21003,192,158,0,34,0.8229166666666666,0.0,5.266666666666667,5.6265822784810124,10.0,1.1861111111111111,8,62,12.51450292994131,0.17849076059893176,0.027037037037037037,0.7189114106006826,0.14128143771719623,0.3615803795447759,0.05742842592772435,0.0,0.8108108108108109,0.8260869565217391,0.8571428571428571
deliver_hi,mappo,42,21004,192,148,4,40,0.7708333333333334,0.020833333333333332,4.933333333333334,6.033783783783784,10.0,1.301388888888889,9,69,8.476092285608747,0.21860603812191742,0.029783950617283946,0.6979645249756585,0.14845300940889178,0.32356454547631025,0.05474506533435792,0.00859896095190213,0.8072289156626506,0.6865671641791045,0.8333333333333334
deliver_hi,mappo,42,21005,192,147,3,42,0.765625,0.015625,4.9,5.809523809523809,11.0,1.275,9,69,9.834576669734803,0.19704336979304657,0.029259259259259256,0.6987193498819569,0.1548359728506787,0.3338227377197966,0.057258888399743225,0.006405228758169934,0.776595744680851,0.7457627118644068,0.7692307692307693
deliver_hi,mappo,42,21006,192,146,1,45,0.7604166666666666,0.005208333333333333,4.866666666666666,5.910958904109589,11.0,1.2666666666666666,10,62,10.285219401843264,0.19889415749637981,0.029166666666666664,0.7122042837754062,0.13613302045964584,0.33661384481817935,0.057909509816155676,0.00196078431372549,0.7821782178217822,0.6808510638297872,0.7954545454545454
deliver_hi,mappo,42,21007,192,160,2,30,0.8333333333333334,0.010416666666666666,5.333333333333333,5.5875,10.0,1.1805555555555556,9,45,11.85930136890691,0.18969635003674915,0.026790123456790122,0.6863602295543391,0.09950877138570637,0.3544377147047426,0.05565824411164941,0.004166666666666667,0.8526315789473684,0.7758620689655172,0.8717948717948718
deliver_hi,mappo,42,21008,192,158,0,34,0.8229166666666666,0.0,5.266666666666667,5.436708860759493,10.0,1.1305555555555555,6,51,11.028709427253169,0.19461922729019598,0.02580246913580247,0.6934330491945245,0.10690033278268571,0.33950856877327473,0.05408915896616061,0.0,0.8117647058823529,0.8392857142857143,0.8235294117647058
deliver_hi,mappo,42,21009,192,146,2,44,0.7604166666666666,0.010416666666666666,4.866666666666666,6.486301369863014,11.0,1.386111111111111,8,83,8.349081046637078,0.21454051451624898,0.03179012345679012,0.6919246823616221,0.17525494385788504,0.31783091908091904,0.05517793986693891,0.003812636165577342,0.7924528301886793,0.7142857142857143,0.7297297297297297
deliver_hi,mappo,42,21010,192,144,3,45,0.75,0.015625,4.8,6.104166666666667,10.0,1.3166666666666667,8,67,8.714369067563059,0.203813459689871,0.030277777777777782,0.6871780918970259,0.14625732096707328,0.3181951863066415,0.055718940647493505,0.007167277167277167,0.7083333333333334,0.7719298245614035,0.8205128205128205
deliver_hi,mappo,42,21011,192,147,1,44,0.765625,0.005208333333333333,4.9,5.836734693877551,11.0,1.2597222222222222,9,74,9.293157733698562,0.20017955413076285,0.028981481481481476,0.6920275049117147,0.1600390682588825,0.32202665569151645,0.05539416800851236,0.0020833333333333333,0.7653061224489796,0.8181818181818182,0.6923076923076923
deliver_hi,mappo,42,21012,192,151,1,40,0.7864583333333334,0.005208333333333333,5.033333333333333,5.6092715231788075,10.5,1.1916666666666667,8,68,10.228942121961149,0.1879041062646007,0.027345679012345674,0.6810140341563639,0.14161305097837606,0.32838522746030485,0.05434387769449215,0.0020833333333333333,0.8155339805825242,0.78,0.717948717948718
deliver_hi,mappo,42,21013,192,150,2,40,0.78125,0.010416666666666666,5.0,5.68,10.0,1.198611111111111,9,55,11.06655640332373,0.19210637005752032,0.0275,0.7145601014075237,0.12468200644671233,0.34704327807268986,0.057739897850687776,0.004464285714285714,0.7884615384615384,0.8103448275862069,0.7
deliver_hi,mappo,42,21014,192,155,2,35,0.8072916666666666,0.010416666666666666,5.166666666666667,5.580645161290323,9.0,1.176388888888889,6,53,10.09559955594613,0.19226778591214405,0.026851851851851852,0.673243991900179,0.11260127127774186,0.3275210981828629,0.05355640755679953,0.004786324786324786,0.7821782178217822,0.8688524590163934,0.7666666666666667
deliver_hi,mappo,42,21015,192,149,3,40,0.7760416666666666,0.015625,4.966666666666667,5.87248322147651,10.0,1.2930555555555556,7,71,10.463611778210103,0.1796891626586753,0.029598765432098762,0.6971580883878066,0.15360691037548627,0.3346751462618337,0.05623823070785485,0.005567022130489622,0.8245614035087719,0.775,0.631578947368421
deliver_hi,mappo,42,21016,192,149,4,39,0.7760416666666666,0.020833333333333332,4.966666666666667,5.758389261744966,11.0,1.2444444444444445,8,63,9.46285988407896,0.1999456779455606,0.028487654320987658,0.6843562527924681,0.13396259628457768,0.3273900075099766,0.0556381953416859,0.007911793372319688,0.7777777777777778,0.6530612244897959,0.8867924528301887
deliver_hi,mappo,42,21017,192,152,0,40,0.7916666666666666,0.0,5.066666666666666,5.703947368421052,11.0,1.2166666666666666,9,62,10.65364178266234,0.19164646424351986,0.027901234567901226,0.6957352726594098,0.13293650793650794,0.3353769242739831,0.055041750414713736,0.0,0.7934782608695652,0.7543859649122807,0.8372093023255814
deliver_hi,mappo,42,21018,192,147,1,44,0.765625,0.005208333333333333,4.9,6.006802721088436,11.0,1.2944444444444445,10,75,9.963265435869374,0.19260560724663964,0.029753086419753084,0.7005192391481494,0.1639481433599081,0.33086980013450606,0.056192186755561244,0.0023809523809523807,0.7884615384615384,0.6981132075471698,0.8
deliver_hi,mappo,42,21019,192,162,0,30,0.84375,0.0,5.4,5.716049382716049,10.949999999999989,1.198611111111111,6,61,10.511387351549843,0.19490622908763366,0.02719135802469136,0.6691606406177352,0.12018178616475828,0.3315900248988485,0.05188734610590213,0.0,0.8613861386138614,0.7931034482758621,0.8787878787878788
deliver_hi,mappo,42,21020,192,157,1,34,0.8177083333333334,0.005208333333333333,5.233333333333333,5.076433121019108,9.0,1.0694444444444444,7,47,11.991559793112081,0.18170239635327878,0.024444444444444446,0.6728846105431057,0.10373483671471288,0.3493744542351354,0.055702017271137744,0.0020833333333333333,0.8314606741573034,0.7794117647058824,0.8571428571428571
deliver_hi,mappo,123,21001,192,155,0,37,0.8072916666666666,0.0,5.166666666666667,5.432258064516129,10.0,1.1444444444444444,9,24,12.20959203498889,0.19511526164023302,0.026203703703703705,0.707457408309466,0.05362120178296649,0.35512451600686906,0.05714425056705638,0.0,0.8214285714285714,0.8405797101449275,0.717948717948718
deliver_hi,mappo,123,21002,192,150,2,40,0.78125,0.010416666666666666,5.0,6.04,10.549999999999983,1.2833333333333334,11,37,10.613822551065146,0.19637742731329952,0.02938271604938271,0.7063108154592154,0.08192960634137104,0.3373652899388195,0.05669878803236963,0.004183006535947712,0.8350515463917526,0.6551724137931034,0.8378378378378378
deliver_hi,mappo,123,21003,192,156,0,36,0.8125,0.0,5.2,5.608974358974359,11.0,1.1736111111111112,10,24,13.004519457986367,0.1784048226325622,0.026820987654320987,0.724802504358571,0.05420036390624626,0.36124365558189087,0.05821393257777632,0.0,0.8018018018018018,0.8043478260869565,0.8571428571428571
deliver_hi,mappo,123,21004,192,147,1,44,0.765625,0.005208333333333333,4.9,6.136054421768708,11.0,1.3069444444444445,11,34,9.29510872433078,0.2236674096659436,0.030030864197530864,0.700074995874463,0.07424615145203381,0.32617882848146007,0.05527424138961714,0.0022222222222222222,0.7710843373493976,0.7164179104477612,0.8333333333333334
deliver_hi,mappo,123,21005,192,149,4,39,0.7760416666666666,0.020833333333333332,4.966666666666667,5.3624161073825505,10.0,1.1736111111111112,11,29,10.984418762522566,0.18493263997476764,0.026913580246913583,0.7004429323273935,0.0650296870885106,0.3407238159444042,0.05746922442300197,0.010019841269841269,0.7553191489361702,0.7457627118644068,0.8717948717948718
deliver_hi,mappo,123,21006,192,147,1,44,0.765625,0.005208333333333333,4.9,5.829931972789115,10.699999999999989,1.2527777777777778,11,28,11.665779258400011,0.1928004360948475,0.028827160493827164,0.7186901006709174,0.06685131861602449,0.35021520962697433,0.060252279159644,0.0022222222222222222,0.7920792079207921,0.6595744680851063,0.8181818181818182
deliver_hi,mappo,123,21007,192,158,2,32,0.8229166666666666,0.010416666666666666,5.266666666666667,5.3354430379746836,10.150000000000006,1.136111111111111,10,35,12.25459922467978,0.18444468063420819,0.025864197530864202,0.6902137914939651,0.07963367514838103,0.3561946853742519,0.05670428939724146,0.004074074074074074,0.8421052631578947,0.7758620689655172,0.8461538461538461
deliver_hi,mappo,123,21008,192,162,0,30,0.84375,0.0,5.4,5.061728395061729,8.0,1.0263888888888888,5,16,12.971009295057694,0.1833616132350882,0.0233641975308642,0.7039436730003347,0.03443851899734252,0.3586106540518306,0.05519289242456383,0.0,0.8117647058823529,0.8928571428571429,0.8431372549019608
deliver_hi,mappo,123,21009,192,150,0,42,0.78125,0.0,5.0,6.153333333333333,11.0,1.3083333333333333,11,43,10.012551163868899,0.2103522138593491,0.030000000000000002,0.6977976641181,0.09106433599080657,0.33081660441954563,0.055366559074741105,0.0,0.7830188679245284,0.7959183673469388,0.7567567567567568
deliver_hi,mappo,123,21010,192,151,1,40,0.7864583333333334,0.005208333333333333,5.033333333333333,5.814569536423841,9.0,1.2236111111111112,8,26,10.701279636669334,0.20396171792657378,0.028055555555555552,0.685958145183952,0.05497200297122898,0.33637519042704805,0.05600237703681216,0.0022222222222222222,0.7604166666666666,0.8245614035087719,0.7948717948717948
deliver_hi,mappo,123,21011,192,154,1,37,0.8020833333333334,0.005208333333333333,5.133333333333334,5.597402597402597,10.0,1.1972222222222222,11,28,10.632704678717307,0.20803701384033738,0.02737654320987654,0.6843214441875796,0.06129007630942616,0.33738986417778993,0.05561164309454391,0.0020833333333333333,0.7959183673469388,0.8363636363636363,0.7692307692307693
deliver_hi,mappo,123,21012,192,151,0,41,0.7864583333333334,0.0,5.033333333333333,5.655629139072848,9.5,1.2,9,35,11.387078739950768,0.1889968859997752,0.027561728395061727,0.6991317017253897,0.07952932144108615,0.34106917835633005,0.057037622043871555,0.0,0.8252427184466019,0.76,0.717948717948718
deliver_hi,mappo,123,21013,192,154,2,36,0.8020833333333334,0.010416666666666666,5.133333333333334,5.642857142857143,10.349999999999994,1.1861111111111111,10,25,12.255017236747225,0.19039696794575517,0.02709876543209876,0.7163580251281884,0.05696021571021571,0.35971436787613265,0.05824335247728181,0.005,0.8173076923076923,0.8103448275862069,0.7333333333333333
deliver_hi,mappo,123,21014,192,155,2,35,0.8072916666666666,0.010416666666666666,5.166666666666667,5.819354838709677,10.0,1.2402777777777778,8,30,10.323288871669847,0.19694438958300103,0.0282716049382716,0.6737798203294011,0.06387312234835454,0.3286473552533924,0.05382566120776307,0.004044117647058824,0.801980198019802,0.8360655737704918,0.7666666666666667
deliver_hi,mappo,123,21015,192,148,3,41,0.7708333333333334,0.015625,4.933333333333334,6.324324324324325,11.0,1.3833333333333333,10,37,10.434700192537527,0.18894964298529057,0.031635802469135804,0.6961012106187711,0.08066718684365742,0.3325263189969073,0.056806138927502685,0.005773420479302832,0.8157894736842105,0.725,0.6842105263157895
deliver_hi,mappo,123,21016,192,149,2,41,0.7760416666666666,0.010416666666666666,4.966666666666667,5.805369127516778,10.0,1.2708333333333333,9,25,10.218087867359372,0.2012835057706475,0.029135802469135805,0.6942570523144479,0.05743505949388302,0.3299108174533872,0.056256058245000636,0.004044117647058824,0.7666666666666667,0.673469387755102,0.8867924528301887
deliver_hi,mappo,123,21017,192,150,2,40,0.78125,0.010416666666666666,5.0,6.013333333333334,11.0,1.2791666666666666,10,28,10.0006312292688,0.20376873359169165,0.029290123456790117,0.6894586469859038,0.06107648615001556,0.32814605329311214,0.05525964235890787,0.004524886877828055,0.782608695652174,0.7192982456140351,0.8604651162790697
deliver_hi,mappo,123,21018,192,147,2,43,0.765625,0.010416666666666666,4.9,5.925170068027211,10.0,1.3180555555555555,10,36,10.595428577977987,0.19058617321136845,0.030246913580246913,0.6987401326982412,0.08041008283655345,0.33476531638296353,0.05719836363849995,0.004945054945054945,0.7788461538461539,0.7169811320754716,0.8
deliver_hi,mappo,123,21019,192,162,1,29,0.84375,0.005208333333333333,5.4,5.598765432098766,9.0,1.1791666666666667,7,32,11.182701164457406,0.18648470157397762,0.026728395061728395,0.6685251360846941,0.06552443199502023,0.3351358789129687,0.05245790268745566,0.0022222222222222222,0.8514851485148515,0.7931034482758621,0.9090909090909091
deliver_hi,mappo,123,21020,192,159,0,33,0.828125,0.0,5.3,4.9245283018867925,8.0,1.0319444444444446,7,20,13.175568475950595,0.1764039342450351,0.02358024691358025,0.6800874428599993,0.04636213932266564,0.3587251783304415,0.057154368694308705,0.0,0.8314606741573034,0.8088235294117647,0.8571428571428571
deliver_hi,global_dijkstra,-1,21001,192,139,5,48,0.7239583333333334,0.026041666666666668,4.633333333333334,6.273381294964029,13.0,1.413888888888889,13,37,9.072319012658287,0.2065747507973443,0.03253086419753086,0.7461799473889712,0.08635268326444798,0.32779488757429937,0.05891005046003987,0.0114000814000814,0.7142857142857143,0.6956521739130435,0.7948717948717948
deliver_hi,global_dijkstra,-1,21002,192,131,8,53,0.6822916666666666,0.041666666666666664,4.366666666666666,7.061068702290076,15.0,1.5763888888888888,14,46,7.5280366596343,0.21647759473355638,0.03629629629629629,0.7501516704674638,0.10744133589721824,0.3172542190924544,0.06103676414841579,0.01772607022607022,0.7525773195876289,0.5344827586206896,0.7297297297297297
deliver_hi,global_dijkstra,-1,21003,192,150,3,39,0.78125,0.015625,5.0,5.486666666666666,12.0,1.2375,16,38,12.612537195239117,0.17359935920192876,0.028333333333333325,0.748092331498883,0.09101107226107226,0.3644343156843158,0.06078013294724524,0.006547619047619048,0.8018018018018018,0.7391304347826086,0.7714285714285715
deliver_hi,global_dijkstra,-1,21004,192,141,4,47,0.734375,0.020833333333333332,4.7,6.24113475177305,11.0,1.3736111111111111,12,38,8.673716527375714,0.2254328061651133,0.03160493827160494,0.7497614346802198,0.08730260480260481,0.32873880748880757,0.05786390106898297,0.009706959706959705,0.7469879518072289,0.6716417910447762,0.8095238095238095
deliver_hi,global_dijkstra,-1,21005,192,129,7,56,0.671875,0.036458333333333336,4.3,6.883720930232558,14.0,1.5652777777777778,13,42,7.799730999355202,0.21998667031208272,0.03614197530864197,0.754577443915554,0.10087732528908999,0.32280484221660694,0.06194591516522109,0.017445299798240974,0.6914893617021277,0.6440677966101694,0.6666666666666666
deliver_hi,global_dijkstra,-1,21006,192,133,3,56,0.6927083333333334,0.015625,4.433333333333334,6.2180451127819545,13.399999999999991,1.4472222222222222,18,34,9.83274855454533,0.20374708449370751,0.03351851851851852,0.7638869896074855,0.08980824730824731,0.3378989066489067,0.06382913671015102,0.008372183372183373,0.7326732673267327,0.574468085106383,0.7272727272727273
deliver_hi,global_dijkstra,-1,21007,192,143,3,46,0.7447916666666666,0.015625,4.766666666666667,6.559440559440559,15.0,1.461111111111111,15,33,10.247319804760915,0.21240573318645914,0.03351851851851851,0.736347611450173,0.07900863025863027,0.34585747585747584,0.06034924245905139,0.007722832722832722,0.7052631578947368,0.7413793103448276,0.8461538461538461
deliver_hi,global_dijkstra,-1,21008,192,144,1,47,0.75,0.005208333333333333,4.8,6.555555555555555,11.849999999999994,1.4055555555555554,12,46,9.806045178491258,0.21951785544392843,0.03231481481481482,0.7367924653562448,0.10400048480930835,0.3385208092561035,0.058799506581205696,0.0022222222222222222,0.7294117647058823,0.75,0.7843137254901961
deliver_hi,global_dijkstra,-1,21009,192,139,1,52,0.7239583333333334,0.005208333333333333,4.633333333333334,6.611510791366906,11.0,1.4430555555555555,10,45,9.061320968089667,0.21486578929390174,0.03330246913580247,0.7457204297233344,0.10036953242835596,0.3240875546022605,0.05810696207650359,0.0020833333333333333,0.7264150943396226,0.7142857142857143,0.7297297297297297
deliver_hi,global_dijkstra,-1,21010,192,133,7,52,0.6927083333333334,0.036458333333333336,4.433333333333334,6.7293233082706765,13.399999999999991,1.5138888888888888,14,40,7.895705019338634,0.21250654529364893,0.03487654320987654,0.7309105356294734,0.09305210040504158,0.3159341801988861,0.059380889501278136,0.015315425315425315,0.6875,0.6666666666666666,0.7435897435897436
deliver_hi,global_dijkstra,-1,21011,192,137,7,48,0.7135416666666666,0.036458333333333336,4.566666666666666,6.109489051094891,12.199999999999989,1.4416666666666667,12,33,9.053209518684165,0.1953589456195797,0.03314814814814814,0.7326014207838749,0.07533595489477843,0.3247249156072685,0.05937769950912119,0.015766806722689077,0.7653061224489796,0.6363636363636364,0.6923076923076923
deliver_hi,global_dijkstra,-1,21012,192,134,5,53,0.6979166666666666,0.026041666666666668,4.466666666666667,6.350746268656716,12.349999999999994,1.4597222222222221,13,49,8.488745180699697,0.20317156132143177,0.03370370370370371,0.7446153414313478,0.1126914751914752,0.32013708513708516,0.060149774516892,0.012083333333333333,0.7766990291262136,0.64,0.5641025641025641
deliver_hi,global_dijkstra,-1,21013,192,135,6,51,0.703125,0.03125,4.5,6.4,14.0,1.4402777777777778,13,31,8.972000178027077,0.20536091697208458,0.03320987654320988,0.7642157716615026,0.07669709919709919,0.32979710104710114,0.061250935684562184,0.015356310356310358,0.7115384615384616,0.6896551724137931,0.7
deliver_hi,global_dijkstra,-1,21014,192,145,2,45,0.7552083333333334,0.010416666666666666,4.833333333333333,6.537931034482758,12.0,1.413888888888889,10,39,9.014038021152846,0.22033256186060374,0.03243827160493827,0.7240240065890136,0.08685954296248415,0.32586333601039486,0.05677440062599383,0.0047619047619047615,0.7326732673267327,0.8032786885245902,0.7333333333333333
deliver_hi,global_dijkstra,-1,21015,192,137,6,49,0.7135416666666666,0.03125,4.566666666666666,6.197080291970803,13.0,1.4277777777777778,13,43,9.696047830687663,0.1815478605425072,0.03287037037037037,0.7379413670327077,0.10083529817275946,0.3311705279584538,0.060243723684072444,0.015654868007809183,0.7543859649122807,0.65,0.6578947368421053
deliver_hi,global_dijkstra,-1,21016,192,137,4,51,0.7135416666666666,0.020833333333333332,4.566666666666666,6.547445255474453,12.0,1.4569444444444444,11,33,8.128742765304874,0.22504703884787886,0.03358024691358024,0.7340239122909923,0.07448514448514448,0.317928180207592,0.058200903659621724,0.009433760683760683,0.6777777777777778,0.6530612244897959,0.8301886792452831
deliver_hi,global_dijkstra,-1,21017,192,134,5,53,0.6979166666666666,0.026041666666666668,4.466666666666667,6.440298507462686,14.349999999999994,1.4958333333333333,16,40,8.698384842938342,0.21160038132341277,0.03450617283950617,0.7395392957532965,0.09655372405372403,0.3261360861360861,0.05997653001438131,0.011929181929181928,0.7282608695652174,0.631578947368421,0.7209302325581395
deliver_hi,global_dijkstra,-1,21018,192,144,1,47,0.75,0.005208333333333333,4.8,6.361111111111111,12.0,1.4013888888888888,17,38,10.921719285204606,0.20132609792752068,0.03222222222222222,0.7481181107330136,0.08916493637081872,0.34746877849819024,0.060033683085915376,0.002564102564102564,0.75,0.7358490566037735,0.7714285714285715
deliver_hi,global_dijkstra,-1,21019,192,147,3,42,0.765625,0.015625,4.9,6.238095238095238,13.699999999999989,1.4,12,39,9.307322293322944,0.1960895800633057,0.03203703703703703,0.7160378515078692,0.0846612619406737,0.31927107392664666,0.055101444387761433,0.006266339869281046,0.8118811881188119,0.6724137931034483,0.7878787878787878
deliver_hi,global_dijkstra,-1,21020,192,146,4,42,0.7604166666666666,0.020833333333333332,4.866666666666666,5.712328767123288,11.0,1.261111111111111,12,29,10.7213503643475,0.18909485510223029,0.02895061728395061,0.724308576356904,0.0641525602593714,0.33975946081209246,0.05851861551100965,0.009385997988939165,0.797752808988764,0.6617647058823529,0.8571428571428571
load_lo,mappo,7,21001,192,153,0,39,0.796875,0.0,5.1,5.281045751633987,10.0,1.136111111111111,11,25,12.154320707277721,0.19369662596856863,0.026080246913580244,0.7225479362262244,0.06052146039375141,0.3549482668174619,0.05832600858194267,0.0,0.7738095238095238,0.8405797101449275,0.7692307692307693
load_lo,mappo,7,21002,192,147,1,44,0.765625,0.005208333333333333,4.9,6.442176870748299,11.0,1.375,12,29,9.900679845045664,0.20827875963194947,0.03154320987654321,0.7076320085963098,0.06466069877834583,0.32852924580865756,0.05660495300642131,0.0020833333333333333,0.8144329896907216,0.6551724137931034,0.8108108108108109
load_lo,mappo,7,21003,192,153,1,38,0.796875,0.005208333333333333,5.1,5.7973856209150325,11.0,1.2402777777777778,10,15,13.1526587200105,0.18056088530776956,0.028364197530864197,0.7377048544853447,0.036181808387690736,0.36671082185788073,0.05978691161639661,0.0023809523809523807,0.7837837837837838,0.8043478260869565,0.8285714285714286
load_lo,mappo,7,21004,192,145,4,43,0.7552083333333334,0.020833333333333332,4.833333333333333,6.551724137931035,12.0,1.4236111111111112,10,26,8.724813350992273,0.23006665782018307,0.03259259259259259,0.712035769500682,0.05831564677152912,0.3272072208836914,0.05669145752380928,0.009455373058314235,0.7710843373493976,0.7014925373134329,0.8095238095238095
load_lo,mappo,7,21005,192,146,3,43,0.7604166666666666,0.015625,4.866666666666666,5.719178082191781,11.0,1.2597222222222222,10,27,10.54600111278846,0.19467124081698586,0.02895061728395062,0.7119873543599133,0.057771009520235526,0.33739232416477005,0.057834890359562574,0.008441558441558443,0.7553191489361702,0.7288135593220338,0.8205128205128205
load_lo,mappo,7,21006,192,150,2,40,0.78125,0.010416666666666666,5.0,5.593333333333334,11.0,1.1958333333333333,13,28,11.845756744449275,0.19310871959626413,0.027438271604938266,0.7323741917001969,0.06605380730380729,0.3553326657003127,0.05965922407987095,0.004166666666666667,0.8118811881188119,0.6595744680851063,0.8409090909090909
load_lo,mappo,7,21007,192,156,4,32,0.8125,0.020833333333333332,5.2,5.2243589743589745,10.25,1.1305555555555555,10,24,12.562289115153492,0.17736150286026184,0.02574074074074074,0.7062427871232527,0.055369532428355954,0.3616176470588236,0.05792423914060751,0.009523809523809523,0.8526315789473684,0.7241379310344828,0.8461538461538461
load_lo,mappo,7,21008,192,157,2,33,0.8177083333333334,0.010416666666666666,5.233333333333333,5.3949044585987265,10.0,1.1527777777777777,9,16,11.531309194327928,0.19006114512713174,0.02626543209876543,0.7145160453529147,0.03430098152621373,0.34382784326669774,0.05527408670557491,0.004183006535947712,0.8,0.8392857142857143,0.8235294117647058
load_lo,mappo,7,21009,192,148,3,41,0.7708333333333334,0.015625,4.933333333333334,6.371621621621622,11.650000000000006,1.3611111111111112,11,31,9.906356084637752,0.20671675185966093,0.03114197530864198,0.7133122626007139,0.06747085158849865,0.333589474251239,0.05660922979779955,0.007425213675213675,0.8018867924528302,0.6938775510204082,0.7837837837837838
load_lo,mappo,7,21010,192,145,1,46,0.7552083333333334,0.005208333333333333,4.833333333333333,6.124137931034483,11.0,1.3055555555555556,9,21,10.325992933178643,0.20739253418522857,0.030061728395061733,0.7117608337608609,0.04797077377959731,0.33367126337714564,0.058024021535147234,0.002564102564102564,0.7083333333333334,0.8070175438596491,0.7948717948717948
load_lo,mappo,7,21011,192,145,4,43,0.7552083333333334,0.020833333333333332,4.833333333333333,5.744827586206896,12.0,1.2791666666666666,13,26,9.715985456727173,0.2069208369317606,0.029382716049382716,0.7154077162064799,0.060666702578467284,0.33082264957264956,0.05772012440802328,0.008952991452991452,0.7755102040816326,0.7636363636363637,0.6923076923076923
load_lo,mappo,7,21012,192,148,1,43,0.7708333333333334,0.005208333333333333,4.933333333333334,5.756756756756757,12.300000000000011,1.273611111111111,12,30,11.059795431847533,0.1895955747401768,0.02925925925925926,0.7050024200105549,0.06611623169285709,0.33796329043620077,0.05778357895034326,0.0023809523809523807,0.8349514563106796,0.74,0.6410256410256411
load_lo,mappo,7,21013,192,151,2,39,0.7864583333333334,0.010416666666666666,5.033333333333333,5.728476821192053,10.0,1.2222222222222223,10,20,12.121186590946902,0.19313066061130676,0.027993827160493822,0.729887752573745,0.04742895992895992,0.3581616994116995,0.05950222875633788,0.004166666666666667,0.7884615384615384,0.7931034482758621,0.7666666666666667
load_lo,mappo,7,21014,192,152,1,39,0.7916666666666666,0.005208333333333333,5.066666666666666,5.578947368421052,11.0,1.1847222222222222,10,24,10.460094881816206,0.19944809054423482,0.027160493827160483,0.6864364949511417,0.05272040867629102,0.3298186737583022,0.05475096158190302,0.002564102564102564,0.7722772277227723,0.8524590163934426,0.7333333333333333
load_lo,mappo,7,21015,192,149,4,39,0.7760416666666666,0.020833333333333332,4.966666666666667,5.724832214765101,10.0,1.2513888888888889,11,32,10.854154312669298,0.17810586158224104,0.028641975308641977,0.7022937460844535,0.07049857549857548,0.33545700758936053,0.05665101790524587,0.009047619047619047,0.8070175438596491,0.725,0.7368421052631579
load_lo,mappo,7,21016,192,145,4,43,0.7552083333333334,0.020833333333333332,4.833333333333333,6.0344827586206895,11.0,1.3486111111111112,10,21,9.602211612790981,0.20618150016691025,0.030925925925925923,0.7104587369812752,0.04905638751226986,0.32724110584404703,0.057089550274689774,0.00846007206301324,0.7111111111111111,0.7142857142857143,0.8679245283018868
load_lo,mappo,7,21017,192,147,2,43,0.765625,0.010416666666666666,4.9,5.755102040816326,11.699999999999989,1.2583333333333333,11,22,11.111809227273667,0.1901137823048603,0.02891975308641975,0.7204966589795937,0.05153083028083028,0.3410193265340324,0.05783185174410709,0.005128205128205128,0.7608695652173914,0.7192982456140351,0.8372093023255814
load_lo,mappo,7,21018,192,147,2,43,0.765625,0.010416666666666666,4.9,5.877551020408164,11.0,1.2819444444444446,11,24,10.71384891110077,0.19684490598588675,0.02944444444444445,0.7135243596773128,0.05804493164787282,0.33830391400824844,0.05800186823595953,0.005158730158730159,0.7788461538461539,0.7547169811320755,0.7428571428571429
load_lo,mappo,7,21019,192,156,2,34,0.8125,0.010416666666666666,5.2,5.801282051282051,11.0,1.2513888888888889,10,26,10.658578368174052,0.19022032886947451,0.02848765432098765,0.6919787860930506,0.05647729649664634,0.3320374355320176,0.053950253332246796,0.004945054945054945,0.8514851485148515,0.7413793103448276,0.8181818181818182
load_lo,mappo,7,21020,192,148,2,42,0.7708333333333334,0.010416666666666666,4.933333333333334,5.344594594594595,10.0,1.1555555555555554,9,17,11.331616686800897,0.18510745173414495,0.026604938271604935,0.6942904038510636,0.03705241925830161,0.3375082297876416,0.05731643427057539,0.004166666666666667,0.7865168539325843,0.7352941176470589,0.8
load_lo,mappo,42,21001,192,153,0,39,0.796875,0.0,5.1,5.457516339869281,10.0,1.1555555555555554,9,12,12.048932416867725,0.19387785418322723,0.026512345679012343,0.7163083463862023,0.027578916181857357,0.3498001508295626,0.05734872495438734,0.0,0.8214285714285714,0.8115942028985508,0.717948717948718
load_lo,mappo,42,21002,192,150,1,41,0.78125,0.005208333333333333,5.0,5.92,10.0,1.2472222222222222,11,21,11.063074950318315,0.19506898933662212,0.02861111111111111,0.7109749561818948,0.046141880994822165,0.33875148544266204,0.05688151070143719,0.0023809523809523807,0.8247422680412371,0.6724137931034483,0.8378378378378378
load_lo,mappo,42,21003,192,156,1,35,0.8125,0.005208333333333333,5.2,5.833333333333333,10.0,1.2375,9,10,13.420635997126825,0.18174391601571374,0.028209876543209875,0.7328516548146193,0.023684371184371184,0.3702019304225187,0.059535658769539083,0.0023809523809523807,0.7927927927927928,0.8043478260869565,0.8857142857142857
load_lo,mappo,42,21004,192,148,2,42,0.7708333333333334,0.010416666666666666,4.933333333333334,6.168918918918919,11.650000000000006,1.3347222222222221,12,28,9.618783302641294,0.22438523332065202,0.030586419753086416,0.702400618586809,0.060981289951878175,0.33370681605975727,0.05606723169183837,0.004945054945054945,0.7831325301204819,0.7313432835820896,0.8095238095238095
load_lo,mappo,42,21005,192,146,2,44,0.7604166666666666,0.010416666666666666,4.866666666666666,5.5479452054794525,11.0,1.2319444444444445,12,25,11.255238772032067,0.19431878677045486,0.028364197530864197,0.7147997935026342,0.058452889702889706,0.3461929736929737,0.05919508454446362,0.005555555555555555,0.7340425531914894,0.7457627118644068,0.8461538461538461
load_lo,mappo,42,21006,192,148,1,43,0.7708333333333334,0.005208333333333333,4.933333333333334,5.601351351351352,11.0,1.1930555555555555,11,10,12.394229859466781,0.19322959024269953,0.027469135802469135,0.7250020497012745,0.023476800976800976,0.35800746638981934,0.060290289694723394,0.0022222222222222222,0.7920792079207921,0.6808510638297872,0.8181818181818182
load_lo,mappo,42,21007,192,154,1,37,0.8020833333333334,0.005208333333333333,5.133333333333334,5.720779220779221,11.0,1.2277777777777779,10,13,11.882611583822257,0.19156439256178406,0.02805555555555555,0.6915524708321757,0.02897040867629103,0.3477408784026432,0.05674633424601856,0.0023809523809523807,0.8105263157894737,0.7758620689655172,0.8205128205128205
load_lo,mappo,42,21008,192,160,1,31,0.8333333333333334,0.005208333333333333,5.333333333333333,5.49375,9.0,1.1347222222222222,7,13,11.992097067127414,0.1956627743017116,0.025802469135802468,0.7004175877041798,0.02775791603190984,0.3507982371372464,0.0551736933864781,0.0022222222222222222,0.8117647058823529,0.875,0.8235294117647058
load_lo,mappo,42,21009,192,149,2,41,0.7760416666666666,0.010416666666666666,4.966666666666667,6.154362416107382,10.0,1.3166666666666667,11,20,10.556714069884586,0.200913416616162,0.03015432098765432,0.7083094344362394,0.044144012305777004,0.33573020661255965,0.05666975711552214,0.004603174603174604,0.8018867924528302,0.7346938775510204,0.7567567567567568
load_lo,mappo,42,21010,192,149,2,41,0.7760416666666666,0.010416666666666666,4.966666666666667,5.906040268456376,10.0,1.2569444444444444,10,8,10.745559448545464,0.20010494214820088,0.028827160493827157,0.6924803895233396,0.017284269308263114,0.33414780194578964,0.0562761447170341,0.004305555555555555,0.75,0.7719298245614035,0.8461538461538461
load_lo,mappo,42,21011,192,148,4,40,0.7708333333333334,0.020833333333333332,4.933333333333334,5.837837837837838,11.0,1.2791666666666666,11,17,9.832752032504597,0.2080037951944428,0.029290123456790124,0.6895911406404439,0.03798953769542005,0.32966144149967685,0.05632903708318757,0.0089693313222725,0.8061224489795918,0.7454545454545455,0.717948717948718
load_lo,mappo,42,21012,192,149,0,43,0.7760416666666666,0.0,4.966666666666667,5.6375838926174495,10.599999999999994,1.2,10,20,11.198965347082888,0.18968226228683313,0.027623456790123457,0.6995053593281795,0.04486849880425732,0.3348629483691404,0.05721788422916374,0.0,0.7961165048543689,0.78,0.717948717948718
load_lo,mappo,42,21013,192,152,2,38,0.7916666666666666,0.010416666666666666,5.066666666666666,5.769736842105263,9.0,1.2180555555555554,10,16,12.172513845862175,0.1918407828422912,0.027870370370370372,0.7266640162999319,0.03629884004884005,0.35785545337015934,0.05897196433230604,0.005,0.7980769230769231,0.8103448275862069,0.7333333333333333
load_lo,mappo,42,21014,192,152,0,40,0.7916666666666666,0.0,5.066666666666666,5.934210526315789,10.449999999999989,1.2472222222222222,8,17,10.356932284131204,0.20940103533646306,0.028580246913580246,0.6761947641445278,0.03747881203763557,0.3290549289891395,0.05498310151265083,0.0,0.7524752475247525,0.8688524590163934,0.7666666666666667
load_lo,mappo,42,21015,192,150,2,40,0.78125,0.010416666666666666,5.0,6.24,11.0,1.3458333333333334,10,13,11.30590870762985,0.18851379568671958,0.0307716049382716,0.707484429781644,0.02898255883550001,0.3400944444558996,0.057788605711657844,0.003935185185185185,0.7982456140350878,0.775,0.7368421052631579
load_lo,mappo,42,21016,192,147,2,43,0.765625,0.010416666666666666,4.9,5.829931972789115,10.0,1.2722222222222221,10,19,9.9070120776322,0.20959829465733162,0.029228395061728397,0.6944158901473453,0.04168139594610183,0.32712440609499427,0.056309250270913845,0.003812636165577342,0.7333333333333333,0.7142857142857143,0.8679245283018868
load_lo,mappo,42,21017,192,149,1,42,0.7760416666666666,0.005208333333333333,4.966666666666667,5.87248322147651,10.0,1.2305555555555556,9,9,11.07001327882435,0.19479623745306102,0.028271604938271598,0.7083399955955092,0.019659197012138186,0.33580095600993437,0.056602042648287165,0.0023809523809523807,0.7717391304347826,0.7368421052631579,0.8372093023255814
load_lo,mappo,42,21018,192,150,0,42,0.78125,0.0,5.0,6.04,10.549999999999983,1.3069444444444445,12,19,11.624524309669354,0.19029630202532577,0.029969135802469137,0.713879818699424,0.043992350242350244,0.34389189786248614,0.058415894836135206,0.0,0.8076923076923077,0.7547169811320755,0.7428571428571429
load_lo,mappo,42,21019,192,162,0,30,0.84375,0.0,5.4,5.493827160493828,10.0,1.1375,8,13,11.63603645485776,0.19095337399993745,0.025833333333333333,0.6741608714846243,0.02663320883909119,0.3387707689913573,0.05310886571237696,0.0,0.8613861386138614,0.7758620689655172,0.9090909090909091
load_lo,mappo,42,21020,192,156,1,35,0.8125,0.005208333333333333,5.2,4.948717948717949,9.0,1.0430555555555556,9,19,12.866936776137244,0.17421204287512485,0.02388888888888889,0.6794044218553189,0.042625781081663434,0.35425689506571867,0.05660478538761885,0.0020833333333333333,0.8314606741573034,0.7794117647058824,0.8285714285714286
load_lo,mappo,123,21001,192,153,0,39,0.796875,0.0,5.1,5.398692810457517,9.400000000000006,1.1513888888888888,10,26,12.19621821878284,0.19463772523614548,0.02641975308641975,0.7217500345858613,0.060975783475783474,0.35624440374440375,0.058045123370219234,0.0,0.7857142857142857,0.8260869565217391,0.7692307692307693
load_lo,mappo,123,21002,192,148,2,42,0.7708333333333334,0.010416666666666666,4.933333333333334,5.986486486486487,11.0,1.2847222222222223,12,33,10.54901266806682,0.1933390284488942,0.029475308641975305,0.7072343200164386,0.07138796660855484,0.3342306930542226,0.057009806140390674,0.004603174603174604,0.8247422680412371,0.6724137931034483,0.7837837837837838
load_lo,mappo,123,21003,192,156,0,36,0.8125,0.0,5.2,5.608974358974359,10.0,1.1819444444444445,9,24,13.285202199658775,0.18133921770221886,0.02700617283950618,0.7345040323853119,0.05567675788264023,0.3681391865215395,0.05908388932236741,0.0,0.8108108108108109,0.782608695652174,0.8571428571428571
load_lo,mappo,123,21004,192,149,2,41,0.7760416666666666,0.010416666666666666,4.966666666666667,5.9865771812080535,11.0,1.2986111111111112,12,33,10.037036229488136,0.2178047345634378,0.029753086419753088,0.7153310062915443,0.07602753183635537,0.3392583886701534,0.05712982438259909,0.004945054945054945,0.7951807228915663,0.7164179104477612,0.8333333333333334
load_lo,mappo,123,21005,192,147,2,43,0.765625,0.010416666666666666,4.9,5.619047619047619,11.699999999999989,1.225,11,35,11.081389615053162,0.197827661172985,0.028179012345679006,0.7140312158709605,0.08207983193277311,0.34632823059293655,0.058804991212393874,0.004603174603174604,0.7446808510638298,0.7457627118644068,0.8461538461538461
load_lo,mappo,123,21006,192,147,1,44,0.765625,0.005208333333333333,4.9,5.673469387755102,11.0,1.2194444444444446,12,34,11.846581191648465,0.18670806938017528,0.028086419753086414,0.7286905131039906,0.08005404725992962,0.351547072208837,0.0598437208436221,0.0020833333333333333,0.7821782178217822,0.6382978723404256,0.8636363636363636
load_lo,mappo,123,21007,192,158,2,32,0.8229166666666666,0.010416666666666666,5.266666666666667,5.417721518987341,10.150000000000006,1.1722222222222223,11,28,12.327851562789911,0.18707268320644002,0.026666666666666665,0.7042992570812511,0.06211340946635064,0.35846512964160027,0.056934759600453924,0.004524886877828055,0.8526315789473684,0.7758620689655172,0.8205128205128205
load_lo,mappo,123,21008,192,157,1,34,0.8177083333333334,0.005208333333333333,5.233333333333333,5.280254777070064,9.0,1.1236111111111111,8,29,12.036280782477615,0.1855261938645055,0.025648148148148146,0.7106559602171433,0.06416017261605496,0.35074620912856214,0.055788111513496344,0.0023809523809523807,0.8117647058823529,0.8035714285714286,0.8431372549019608
load_lo,mappo,123,21009,192,149,2,41,0.7760416666666666,0.010416666666666666,4.966666666666667,6.093959731543624,11.0,1.3166666666666667,13,30,9.920182936930306,0.2067355796784349,0.03015432098765432,0.7102821613990992,0.06518677128971247,0.3299386506739449,0.05596456527779493,0.0043417366946778705,0.8018867924528302,0.7346938775510204,0.7567567567567568
load_lo,mappo,123,21010,192,144,3,45,0.75,0.015625,4.8,5.930555555555555,11.0,1.2847222222222223,9,29,10.204344159695069,0.19699430950206478,0.029567901234567907,0.7074810668381538,0.06524711872235092,0.3320097296064789,0.057776993209904655,0.006825396825396826,0.71875,0.7894736842105263,0.7692307692307693
load_lo,mappo,123,21011,192,145,3,44,0.7552083333333334,0.015625,4.833333333333333,5.772413793103448,11.0,1.2666666666666666,11,28,9.874423153321217,0.20672271586510854,0.029135802469135805,0.7030213422608913,0.0647111541422687,0.3304708226070456,0.057407060973126506,0.006388888888888888,0.7857142857142857,0.7818181818181819,0.6410256410256411
load_lo,mappo,123,21012,192,152,1,39,0.7916666666666666,0.005208333333333333,5.066666666666666,5.25,10.449999999999989,1.1416666666666666,10,31,12.573617651840934,0.17248515909923615,0.026203703703703705,0.7196829025459411,0.074372996284761,0.35566740449093387,0.05862602952818512,0.0030303030303030303,0.8349514563106796,0.74,0.7435897435897436
load_lo,mappo,123,21013,192,152,2,38,0.7916666666666666,0.010416666666666666,5.066666666666666,5.5855263157894735,10.0,1.1916666666666667,11,26,12.470257133229834,0.18593168566690368,0.027283950617283947,0.7261843473050278,0.06151803262097379,0.36192416243886844,0.05919550115330978,0.004786324786324786,0.7884615384615384,0.8275862068965517,0.7333333333333333
load_lo,mappo,123,21014,192,156,1,35,0.8125,0.005208333333333333,5.2,5.839743589743589,12.0,1.2361111111111112,10,28,10.71220082236977,0.2016510058892926,0.028179012345679013,0.674832471768341,0.05941128588187412,0.3349903935933349,0.05426137694514806,0.00196078431372549,0.7920792079207921,0.8688524590163934,0.7666666666666667
load_lo,mappo,123,21015,192,146,2,44,0.7604166666666666,0.010416666666666666,4.866666666666666,6.3493150684931505,12.0,1.3736111111111111,11,23,10.675379259936694,0.18990413531507155,0.03151234567901235,0.7157491639139485,0.05303211895317158,0.3339328827061026,0.0579586661209984,0.004464285714285714,0.7894736842105263,0.775,0.6578947368421053
load_lo,mappo,123,21016,192,148,2,42,0.7708333333333334,0.010416666666666666,4.933333333333334,5.621621621621622,12.0,1.2472222222222222,10,29,10.409287437430287,0.20149644121055563,0.028641975308641973,0.7016824735361717,0.06663758755864017,0.3343606770193458,0.05691171653386067,0.004074074074074074,0.7444444444444445,0.7346938775510204,0.8490566037735849
load_lo,mappo,123,21017,192,148,1,43,0.7708333333333334,0.005208333333333333,4.933333333333334,6.162162162162162,11.0,1.3319444444444444,10,34,10.620959317989158,0.20331098073514972,0.030555555555555558,0.7119708888368262,0.07831723287605641,0.3397574756398286,0.05738808246658766,0.002564102564102564,0.7608695652173914,0.7368421052631579,0.8372093023255814
load_lo,mappo,123,21018,192,151,2,39,0.7864583333333334,0.010416666666666666,5.033333333333333,5.556291390728477,10.0,1.2319444444444445,10,33,11.738938501907123,0.1805664703714687,0.028209876543209875,0.7141115382686948,0.07750195610489727,0.34871556275968046,0.05830848545494298,0.005128205128205128,0.7980769230769231,0.7547169811320755,0.8
load_lo,mappo,123,21019,192,156,2,34,0.8125,0.010416666666666666,5.2,5.506410256410256,10.0,1.1819444444444445,9,29,11.246747884535258,0.17894680294466447,0.026944444444444444,0.6916022141826024,0.06343156155849654,0.33581787149898606,0.05466683188045737,0.004464285714285714,0.8514851485148515,0.7068965517241379,0.8787878787878788
load_lo,mappo,123,21020,192,153,1,38,0.796875,0.005208333333333333,5.1,4.836601307189542,8.0,1.038888888888889,8,24,12.391185964752149,0.17467084124738377,0.02388888888888889,0.6945897897987254,0.05491615682792153,0.3484650317003258,0.05744799910844079,0.00196078431372549,0.797752808988764,0.7794117647058824,0.8285714285714286
load_lo,global_dijkstra,-1,21001,192,139,5,48,0.7239583333333334,0.026041666666666668,4.633333333333334,6.273381294964029,13.0,1.413888888888889,13,37,9.072319012658287,0.2065747507973443,0.03253086419753086,0.7461799473889712,0.08635268326444798,0.32779488757429937,0.05891005046003987,0.0114000814000814,0.7142857142857143,0.6956521739130435,0.7948717948717948
load_lo,global_dijkstra,-1,21002,192,131,8,53,0.6822916666666666,0.041666666666666664,4.366666666666666,7.061068702290076,15.0,1.5763888888888888,14,46,7.5280366596343,0.21647759473355638,0.03629629629629629,0.7501516704674638,0.10744133589721824,0.3172542190924544,0.06103676414841579,0.01772607022607022,0.7525773195876289,0.5344827586206896,0.7297297297297297
load_lo,global_dijkstra,-1,21003,192,150,3,39,0.78125,0.015625,5.0,5.486666666666666,12.0,1.2375,16,38,12.612537195239117,0.17359935920192876,0.028333333333333325,0.748092331498883,0.09101107226107226,0.3644343156843158,0.06078013294724524,0.006547619047619048,0.8018018018018018,0.7391304347826086,0.7714285714285715
load_lo,global_dijkstra,-1,21004,192,141,4,47,0.734375,0.020833333333333332,4.7,6.24113475177305,11.0,1.3736111111111111,12,38,8.673716527375714,0.2254328061651133,0.03160493827160494,0.7497614346802198,0.08730260480260481,0.32873880748880757,0.05786390106898297,0.009706959706959705,0.7469879518072289,0.6716417910447762,0.8095238095238095
load_lo,global_dijkstra,-1,21005,192,129,7,56,0.671875,0.036458333333333336,4.3,6.883720930232558,14.0,1.5652777777777778,13,42,7.799730999355202,0.21998667031208272,0.03614197530864197,0.754577443915554,0.10087732528908999,0.32280484221660694,0.06194591516522109,0.017445299798240974,0.6914893617021277,0.6440677966101694,0.6666666666666666
load_lo,global_dijkstra,-1,21006,192,133,3,56,0.6927083333333334,0.015625,4.433333333333334,6.2180451127819545,13.399999999999991,1.4472222222222222,18,34,9.83274855454533,0.20374708449370751,0.03351851851851852,0.7638869896074855,0.08980824730824731,0.3378989066489067,0.06382913671015102,0.008372183372183373,0.7326732673267327,0.574468085106383,0.7272727272727273
load_lo,global_dijkstra,-1,21007,192,143,3,46,0.7447916666666666,0.015625,4.766666666666667,6.559440559440559,15.0,1.461111111111111,15,33,10.247319804760915,0.21240573318645914,0.03351851851851851,0.736347611450173,0.07900863025863027,0.34585747585747584,0.06034924245905139,0.007722832722832722,0.7052631578947368,0.7413793103448276,0.8461538461538461
load_lo,global_dijkstra,-1,21008,192,144,1,47,0.75,0.005208333333333333,4.8,6.555555555555555,11.849999999999994,1.4055555555555554,12,46,9.806045178491258,0.21951785544392843,0.03231481481481482,0.7367924653562448,0.10400048480930835,0.3385208092561035,0.058799506581205696,0.0022222222222222222,0.7294117647058823,0.75,0.7843137254901961
load_lo,global_dijkstra,-1,21009,192,139,1,52,0.7239583333333334,0.005208333333333333,4.633333333333334,6.611510791366906,11.0,1.4430555555555555,10,45,9.061320968089667,0.21486578929390174,0.03330246913580247,0.7457204297233344,0.10036953242835596,0.3240875546022605,0.05810696207650359,0.0020833333333333333,0.7264150943396226,0.7142857142857143,0.7297297297297297
load_lo,global_dijkstra,-1,21010,192,133,7,52,0.6927083333333334,0.036458333333333336,4.433333333333334,6.7293233082706765,13.399999999999991,1.5138888888888888,14,40,7.895705019338634,0.21250654529364893,0.03487654320987654,0.7309105356294734,0.09305210040504158,0.3159341801988861,0.059380889501278136,0.015315425315425315,0.6875,0.6666666666666666,0.7435897435897436
load_lo,global_dijkstra,-1,21011,192,137,7,48,0.7135416666666666,0.036458333333333336,4.566666666666666,6.109489051094891,12.199999999999989,1.4416666666666667,12,33,9.053209518684165,0.1953589456195797,0.03314814814814814,0.7326014207838749,0.07533595489477843,0.3247249156072685,0.05937769950912119,0.015766806722689077,0.7653061224489796,0.6363636363636364,0.6923076923076923
load_lo,global_dijkstra,-1,21012,192,134,5,53,0.6979166666666666,0.026041666666666668,4.466666666666667,6.350746268656716,12.349999999999994,1.4597222222222221,13,49,8.488745180699697,0.20317156132143177,0.03370370370370371,0.7446153414313478,0.1126914751914752,0.32013708513708516,0.060149774516892,0.012083333333333333,0.7766990291262136,0.64,0.5641025641025641
load_lo,global_dijkstra,-1,21013,192,135,6,51,0.703125,0.03125,4.5,6.4,14.0,1.4402777777777778,13,31,8.972000178027077,0.20536091697208458,0.03320987654320988,0.7642157716615026,0.07669709919709919,0.32979710104710114,0.061250935684562184,0.015356310356310358,0.7115384615384616,0.6896551724137931,0.7
load_lo,global_dijkstra,-1,21014,192,145,2,45,0.7552083333333334,0.010416666666666666,4.833333333333333,6.537931034482758,12.0,1.413888888888889,10,39,9.014038021152846,0.22033256186060374,0.03243827160493827,0.7240240065890136,0.08685954296248415,0.32586333601039486,0.05677440062599383,0.0047619047619047615,0.7326732673267327,0.8032786885245902,0.7333333333333333
load_lo,global_dijkstra,-1,21015,192,137,6,49,0.7135416666666666,0.03125,4.566666666666666,6.197080291970803,13.0,1.4277777777777778,13,43,9.696047830687663,0.1815478605425072,0.03287037037037037,0.7379413670327077,0.10083529817275946,0.3311705279584538,0.060243723684072444,0.015654868007809183,0.7543859649122807,0.65,0.6578947368421053
load_lo,global_dijkstra,-1,21016,192,137,4,51,0.7135416666666666,0.020833333333333332,4.566666666666666,6.547445255474453,12.0,1.4569444444444444,11,33,8.128742765304874,0.22504703884787886,0.03358024691358024,0.7340239122909923,0.07448514448514448,0.317928180207592,0.058200903659621724,0.009433760683760683,0.6777777777777778,0.6530612244897959,0.8301886792452831
load_lo,global_dijkstra,-1,21017,192,134,5,53,0.6979166666666666,0.026041666666666668,4.466666666666667,6.440298507462686,14.349999999999994,1.4958333333333333,16,40,8.698384842938342,0.21160038132341277,0.03450617283950617,0.7395392957532965,0.09655372405372403,0.3261360861360861,0.05997653001438131,0.011929181929181928,0.7282608695652174,0.631578947368421,0.7209302325581395
load_lo,global_dijkstra,-1,21018,192,144,1,47,0.75,0.005208333333333333,4.8,6.361111111111111,12.0,1.4013888888888888,17,38,10.921719285204606,0.20132609792752068,0.03222222222222222,0.7481181107330136,0.08916493637081872,0.34746877849819024,0.060033683085915376,0.002564102564102564,0.75,0.7358490566037735,0.7714285714285715
load_lo,global_dijkstra,-1,21019,192,147,3,42,0.765625,0.015625,4.9,6.238095238095238,13.699999999999989,1.4,12,39,9.307322293322944,0.1960895800633057,0.03203703703703703,0.7160378515078692,0.0846612619406737,0.31927107392664666,0.055101444387761433,0.006266339869281046,0.8118811881188119,0.6724137931034483,0.7878787878787878
load_lo,global_dijkstra,-1,21020,192,146,4,42,0.7604166666666666,0.020833333333333332,4.866666666666666,5.712328767123288,11.0,1.261111111111111,12,29,10.7213503643475,0.18909485510223029,0.02895061728395061,0.724308576356904,0.0641525602593714,0.33975946081209246,0.05851861551100965,0.009385997988939165,0.797752808988764,0.6617647058823529,0.8571428571428571
load_hi,mappo,7,21001,192,155,0,37,0.8072916666666666,0.0,5.166666666666667,5.709677419354839,10.0,1.1930555555555555,8,36,11.723187954839961,0.19726203501380224,0.02728395061728395,0.7064160516428665,0.07933400062270032,0.3510231718745651,0.0567581112467534,0.0,0.8452380952380952,0.8115942028985508,0.717948717948718
load_hi,mappo,7,21002,192,148,1,43,0.7708333333333334,0.005208333333333333,4.933333333333334,5.986486486486487,10.0,1.2625,9,50,9.856629768184423,0.19984522037498637,0.029012345679012348,0.6952620633253339,0.11012664895017836,0.3262026862026863,0.05540710054755885,0.0018518518518518517,0.8144329896907216,0.6724137931034483,0.8108108108108109
load_hi,mappo,7,21003,192,158,0,34,0.8229166666666666,0.0,5.266666666666667,5.613924050632911,10.0,1.163888888888889,9,34,13.423952859451912,0.1741807710446044,0.026543209876543208,0.7231491068296276,0.07914973370855723,0.3684474893298423,0.05869686974107683,0.0,0.8288288288288288,0.782608695652174,0.8571428571428571
load_hi,mappo,7,21004,192,148,1,43,0.7708333333333334,0.005208333333333333,4.933333333333334,6.20945945945946,10.650000000000006,1.3166666666666667,11,54,8.536952410707116,0.23259884082641843,0.03021604938271605,0.6834433363858557,0.11824095967671819,0.3214887000684214,0.05481447206751837,0.0020833333333333333,0.7831325301204819,0.7164179104477612,0.8333333333333334
load_hi,mappo,7,21005,192,150,1,41,0.78125,0.005208333333333333,5.0,5.406666666666666,10.0,1.1444444444444444,9,44,11.49622513678105,0.18486779540731407,0.02632716049382716,0.7044966112732791,0.09976424447012683,0.3450419841596313,0.057825251742602446,0.0023809523809523807,0.776595744680851,0.7796610169491526,0.7948717948717948
load_hi,mappo,7,21006,192,152,0,40,0.7916666666666666,0.0,5.066666666666666,5.730263157894737,10.0,1.1888888888888889,8,37,12.102827978694704,0.19413076027691484,0.027283950617283947,0.714678955898557,0.08593302938891176,0.3569505412887767,0.058610610493496744,0.0,0.801980198019802,0.6808510638297872,0.8863636363636364
load_hi,mappo,7,21007,192,162,0,30,0.84375,0.0,5.4,5.425925925925926,9.0,1.1277777777777778,7,37,12.812499665288257,0.1886462138043792,0.025617283950617287,0.6765135124408784,0.08330379587732528,0.3630813222724988,0.05627170984296341,0.0,0.8526315789473684,0.8275862068965517,0.8461538461538461
load_hi,mappo,7,21008,192,161,0,31,0.8385416666666666,0.0,5.366666666666666,5.447204968944099,9.0,1.113888888888889,6,31,12.065363102276134,0.1898400807158493,0.0253395061728395,0.6878998279476628,0.06496517500387469,0.3497640843848274,0.05454695244121598,0.0,0.8117647058823529,0.8571428571428571,0.8627450980392157
load_hi,mappo,7,21009,192,149,0,43,0.7760416666666666,0.0,4.966666666666667,6.214765100671141,11.0,1.3041666666666667,8,64,9.262660079275587,0.20984007610333336,0.029938271604938272,0.687450293115682,0.13859402780455413,0.32222815554471895,0.05446446853822089,0.0,0.8113207547169812,0.7551020408163265,0.7027027027027027
load_hi,mappo,7,21010,192,151,0,41,0.7864583333333334,0.0,5.033333333333333,5.8344370860927155,11.0,1.2222222222222223,10,43,10.287077984338186,0.20012204582671525,0.028055555555555552,0.6782065549331093,0.09157455762331924,0.3285406720042944,0.05476687241514563,0.0,0.75,0.8070175438596491,0.8461538461538461
load_hi,mappo,7,21011,192,148,1,43,0.7708333333333334,0.005208333333333333,4.933333333333334,5.601351351351352,10.0,1.1916666666666667,8,52,9.56476148294787,0.21178118706942198,0.02743827160493827,0.6857663797996206,0.11457010424502684,0.32655070935256697,0.05544800828040282,0.0017543859649122805,0.7653061224489796,0.8181818181818182,0.717948717948718
load_hi,mappo,7,21012,192,149,0,43,0.7760416666666666,0.0,4.966666666666667,5.651006711409396,10.0,1.1930555555555555,9,50,10.558319833741681,0.19227377216861774,0.02746913580246914,0.6842474285682756,0.10984833092031235,0.3310951665866526,0.05602848863766215,0.0,0.7961165048543689,0.8,0.6923076923076923
load_hi,mappo,7,21013,192,152,0,40,0.7916666666666666,0.0,5.066666666666666,6.184210526315789,11.0,1.3027777777777778,9,42,11.325380024831027,0.206896594872748,0.02981481481481481,0.713939141952146,0.09495502046972634,0.35222643369702206,0.058068348859166535,0.0,0.7596153846153846,0.8793103448275862,0.7333333333333333
load_hi,mappo,7,21014,192,154,0,38,0.8020833333333334,0.0,5.133333333333334,5.824675324675325,10.0,1.2083333333333333,7,38,10.811574085653533,0.200178046478462,0.027654320987654323,0.6773022225406276,0.08212101079748138,0.3361673130790778,0.05492895620893261,0.0,0.7920792079207921,0.8360655737704918,0.7666666666666667
load_hi,mappo,7,21015,192,151,1,40,0.7864583333333334,0.005208333333333333,5.033333333333333,6.304635761589404,11.0,1.3388888888888888,8,46,10.894047282444122,0.18668821850491224,0.030617283950617285,0.6929363700955498,0.09991050315353721,0.33638662764823757,0.05671790646177797,0.0017543859649122805,0.8245614035087719,0.8,0.6578947368421053
load_hi,mappo,7,21016,192,147,1,44,0.765625,0.005208333333333333,4.9,5.687074829931973,9.0,1.2458333333333333,9,49,9.619225236042112,0.20400431257571808,0.028672839506172845,0.6866449751758956,0.10680911680911681,0.32367190443428834,0.055673959404369734,0.0020833333333333333,0.7222222222222222,0.7346938775510204,0.8679245283018868
load_hi,mappo,7,21017,192,150,0,42,0.78125,0.0,5.0,5.846666666666667,10.0,1.2277777777777779,9,40,10.686366295217582,0.19653950025016714,0.028209876543209875,0.6983071722704605,0.08765388206564677,0.3341337175896,0.05586330213703305,0.0,0.782608695652174,0.7368421052631579,0.8372093023255814
load_hi,mappo,7,21018,192,153,0,39,0.796875,0.0,5.1,5.627450980392157,10.0,1.2083333333333333,10,41,11.999285046449916,0.18634337356270014,0.027685185185185184,0.7015809902414231,0.09127052957935312,0.3513255943403003,0.057712938147419665,0.0,0.7980769230769231,0.7735849056603774,0.8285714285714286
load_hi,mappo,7,21019,192,164,0,28,0.8541666666666666,0.0,5.466666666666667,5.628048780487805,9.0,1.163888888888889,8,42,11.273691725073185,0.19053850061690722,0.026358024691358024,0.6642731078884121,0.0878264414177727,0.33833149679124913,0.05255749971002646,0.0,0.8811881188118812,0.7758620689655172,0.9090909090909091
load_hi,mappo,7,21020,192,160,1,31,0.8333333333333334,0.005208333333333333,5.333333333333333,5.225,9.0,1.0791666666666666,7,32,12.662335098904883,0.1798083251795041,0.0245679012345679,0.6677796268513073,0.07051463099450714,0.3558785519892332,0.056320285934091656,0.0018518518518518517,0.8651685393258427,0.7941176470588235,0.8285714285714286
load_hi,mappo,42,21001,192,154,0,38,0.8020833333333334,0.0,5.133333333333334,5.746753246753247,10.0,1.1916666666666667,7,63,10.924704152418146,0.19588350617357028,0.02728395061728395,0.6947977208050837,0.1390904438698556,0.3423712561947856,0.05577179787089355,0.0,0.8452380952380952,0.8115942028985508,0.6923076923076923
load_hi,mappo,42,21002,192,150,1,41,0.78125,0.005208333333333333,5.0,6.026666666666666,10.0,1.2791666666666666,9,60,10.311341132872888,0.19527509046755293,0.029320987654320986,0.6925054215126182,0.1323204464380935,0.33410648175354063,0.056106359369834664,0.0022222222222222222,0.845360824742268,0.6551724137931034,0.8108108108108109
load_hi,mappo,42,21003,192,158,1,33,0.8229166666666666,0.005208333333333333,5.266666666666667,5.5886075949367084,10.0,1.1777777777777778,9,57,12.689853035461775,0.17806632344248027,0.026820987654320984,0.7167383715858737,0.12953096739861444,0.3650403273197391,0.05815742586504926,0.0020833333333333333,0.8288288288288288,0.782608695652174,0.8571428571428571
load_hi,mappo,42,21004,192,149,0,43,0.7760416666666666,0.0,4.966666666666667,6.3624161073825505,10.599999999999994,1.3416666666666666,9,64,8.641043810631933,0.23027212699315935,0.030771604938271604,0.6803023122403751,0.13776978110182447,0.32196605925321103,0.05423726430511766,0.0,0.7951807228915663,0.7164179104477612,0.8333333333333334
load_hi,mappo,42,21005,192,152,1,39,0.7916666666666666,0.005208333333333333,5.066666666666666,5.5,9.449999999999989,1.1472222222222221,8,49,11.462238771450478,0.18944077122995895,0.02632716049382716,0.6940204679538412,0.11041308092778683,0.3476746646599589,0.05731985443383852,0.0027777777777777775,0.7872340425531915,0.7966101694915254,0.7948717948717948
load_hi,mappo,42,21006,192,152,0,40,0.7916666666666666,0.0,5.066666666666666,5.776315789473684,10.0,1.198611111111111,10,55,11.571009123692484,0.19725511039684263,0.0275,0.709355782643639,0.12665963393904572,0.35351767785591315,0.05812436139727848,0.0,0.7920792079207921,0.7021276595744681,0.8863636363636364
load_hi,mappo,42,21007,192,160,0,32,0.8333333333333334,0.0,5.333333333333333,5.28125,9.0,1.0972222222222223,8,47,12.872679860984256,0.18195339374304992,0.025,0.6815972292466861,0.10438316442186411,0.3628627674641607,0.05646456676754757,0.0,0.8315789473684211,0.8103448275862069,0.8717948717948718
load_hi,mappo,42,21008,192,159,1,32,0.828125,0.005208333333333333,5.3,5.283018867924528,9.0,1.0833333333333333,6,50,11.479351549489696,0.18551896748390356,0.024691358024691364,0.6896166775677898,0.10476774042950514,0.34372018504371443,0.0544138202476905,0.0020833333333333333,0.788235294117647,0.8571428571428571,0.8627450980392157
load_hi,mappo,42,21009,192,146,1,45,0.7604166666666666,0.005208333333333333,4.866666666666666,6.47945205479452,11.0,1.3736111111111111,8,72,8.302268515269725,0.22074725909663606,0.03154320987654321,0.6791465004418066,0.1496251548302632,0.3152205063311875,0.054327763675023115,0.0022222222222222222,0.7735849056603774,0.7551020408163265,0.7297297297297297
load_hi,mappo,42,21010,192,150,2,40,0.78125,0.010416666666666666,5.0,5.92,10.0,1.261111111111111,9,57,9.642484695078794,0.19502167576017,0.028888888888888884,0.6750572248530802,0.11976987466151552,0.3225380145310487,0.05456277159467358,0.004305555555555555,0.7604166666666666,0.8070175438596491,0.7948717948717948
load_hi,mappo,42,21011,192,146,1,45,0.7604166666666666,0.005208333333333333,4.866666666666666,6.239726027397261,11.0,1.3291666666666666,8,54,8.83715631958542,0.22195537738886592,0.030555555555555555,0.6731497785781715,0.11378215681234258,0.3202543721042173,0.05544067207873552,0.00196078431372549,0.7755102040816326,0.7818181818181819,0.6923076923076923
load_hi,mappo,42,21012,192,149,0,43,0.7760416666666666,0.0,4.966666666666667,5.76510067114094,9.599999999999994,1.2138888888888888,8,60,10.418002177375495,0.19220555888356466,0.0279320987654321,0.683040374765764,0.1307329787515546,0.33092362316046525,0.05578635952283056,0.0,0.8155339805825242,0.76,0.6923076923076923
load_hi,mappo,42,21013,192,154,0,38,0.8020833333333334,0.0,5.133333333333334,5.7727272727272725,10.0,1.2027777777777777,8,49,11.966050548833987,0.19302534678025118,0.027530864197530865,0.7104810644222256,0.11006273138626081,0.356392398451222,0.0580575441689377,0.0,0.7884615384615384,0.8448275862068966,0.7666666666666667
load_hi,mappo,42,21014,192,156,0,36,0.8125,0.0,5.2,5.596153846153846,9.0,1.1569444444444446,7,51,10.683262329294864,0.19631389298356522,0.026450617283950616,0.6707726745192151,0.10904449094077577,0.3339352560637391,0.05401215366846902,0.0,0.8118811881188119,0.8360655737704918,0.7666666666666667
load_hi,mappo,42,21015,192,149,1,42,0.7760416666666666,0.005208333333333333,4.966666666666667,6.268456375838926,11.0,1.3194444444444444,8,69,10.389685710232369,0.18829784760957852,0.03024691358024691,0.6852500358428825,0.1498795812031106,0.3334209853327501,0.056012467316170274,0.00196078431372549,0.8157894736842105,0.8,0.631578947368421
load_hi,mappo,42,21016,192,146,1,45,0.7604166666666666,0.005208333333333333,4.866666666666666,6.3561643835616435,10.0,1.3472222222222223,8,60,8.588017485692117,0.21756530533938798,0.030956790123456788,0.6757760449895626,0.12910361153008212,0.315845872537049,0.055287646412346916,0.0020833333333333333,0.7444444444444445,0.6938775510204082,0.8490566037735849
load_hi,mappo,42,21017,192,154,0,38,0.8020833333333334,0.0,5.133333333333334,6.071428571428571,10.0,1.2513888888888889,7,57,10.45999670499892,0.20478741639853854,0.028611111111111105,0.6860362716206979,0.12205499293734587,0.3374387105269459,0.05519933183627949,0.0,0.7934782608695652,0.7894736842105263,0.8372093023255814
load_hi,mappo,42,21018,192,154,0,38,0.8020833333333334,0.0,5.133333333333334,5.746753246753247,10.0,1.225,9,45,12.1098155604633,0.19033315883771912,0.028024691358024698,0.7038556277836457,0.10378588731529909,0.356683920654509,0.058116704613444994,0.0,0.8173076923076923,0.7735849056603774,0.8
load_hi,mappo,42,21019,192,162,0,30,0.84375,0.0,5.4,5.654320987654321,9.0,1.1708333333333334,6,55,10.66961522463259,0.19048775022724626,0.02657407407407408,0.655938980632501,0.11136272052680724,0.3302393253747743,0.052113582733451916,0.0,0.8514851485148515,0.7931034482758621,0.9090909090909091
load_hi,mappo,42,21020,192,160,0,32,0.8333333333333334,0.0,5.333333333333333,5.05625,8.0,1.0402777777777779,6,40,12.684878289064564,0.1772351213952309,0.02373456790123457,0.6693573512805548,0.08383092039825786,0.3541684572450826,0.05582943264087452,0.0,0.8539325842696629,0.8088235294117647,0.8285714285714286
load_hi,mappo,123,21001,192,150,2,40,0.78125,0.010416666666666666,5.0,5.7,9.0,1.2291666666666667,9,43,10.788503406931639,0.19605058922537694,0.02817901234567901,0.7094398956752759,0.09712840264310856,0.3419103282338577,0.05716597514781716,0.0047619047619047615,0.7857142857142857,0.7971014492753623,0.7435897435897436
load_hi,mappo,123,21002,192,151,1,40,0.7864583333333334,0.005208333333333333,5.033333333333333,5.8344370860927155,10.0,1.2305555555555556,10,32,11.209158952074686,0.1926839120373736,0.02820987654320987,0.7036680580134581,0.06898933310698017,0.34144317011964076,0.056645561421084636,0.0020833333333333333,0.8350515463917526,0.6896551724137931,0.8108108108108109
load_hi,mappo,123,21003,192,158,0,34,0.8229166666666666,0.0,5.266666666666667,5.462025316455696,9.0,1.1416666666666666,8,43,12.811039024898074,0.17667949906639252,0.026049382716049382,0.7212169926743653,0.09538332854509325,0.3607716466539996,0.05791288929042922,0.0,0.8018018018018018,0.8260869565217391,0.8857142857142857
load_hi,mappo,123,21004,192,147,2,43,0.765625,0.010416666666666666,4.9,6.27891156462585,11.0,1.35,11,46,9.140676638361986,0.2259226349847868,0.03095679012345679,0.6996020499637473,0.09986150960609166,0.3304694255119952,0.05629055744112218,0.005,0.7831325301204819,0.7014925373134329,0.8333333333333334
load_hi,mappo,123,21005,192,150,1,41,0.78125,0.005208333333333333,5.0,5.54,10.549999999999983,1.1972222222222222,11,41,11.315913554824457,0.19569841757749262,0.0275,0.6987334324428317,0.08945351217410043,0.34700470281352636,0.057942683207527726,0.0027777777777777775,0.7340425531914894,0.7966101694915254,0.8717948717948718
load_hi,mappo,123,21006,192,151,0,41,0.7864583333333334,0.0,5.033333333333333,5.602649006622516,10.0,1.1833333333333333,11,44,12.017233301430808,0.19217956166503375,0.027191358024691352,0.7211372017452891,0.10322934418522653,0.3565810659928308,0.05895451508273357,0.0,0.801980198019802,0.6808510638297872,0.8636363636363636
load_hi,mappo,123,21007,192,160,0,32,0.8333333333333334,0.0,5.333333333333333,5.53125,10.0,1.1625,7,38,12.451947608337377,0.18619539731747978,0.026450617283950626,0.6816698203664696,0.08565441223722958,0.35665871409292466,0.05598752279203594,0.0,0.8631578947368421,0.7931034482758621,0.8205128205128205
load_hi,mappo,123,21008,192,156,1,35,0.8125,0.005208333333333333,5.2,5.4423076923076925,10.0,1.1388888888888888,8,35,11.455247267145674,0.1891406733427194,0.026018518518518517,0.6987159047827904,0.07474895603765572,0.3433027434381924,0.055425970170733425,0.0022222222222222222,0.8,0.8035714285714286,0.8431372549019608
load_hi,mappo,123,21009,192,148,0,44,0.7708333333333334,0.0,4.933333333333334,6.324324324324325,11.0,1.3444444444444446,11,57,9.051624329431188,0.2187727283060255,0.0308641975308642,0.6890535683738754,0.12230306859176827,0.322025017323005,0.054991667785122475,0.0,0.7641509433962265,0.7755102040816326,0.7837837837837838
load_hi,mappo,123,21010,192,151,1,40,0.7864583333333334,0.005208333333333333,5.033333333333333,6.026490066225166,11.0,1.2875,11,35,10.67195965066028,0.20169121095853834,0.02947530864197531,0.6889719152418355,0.07675080423532436,0.33751301172740805,0.05608558189439623,0.0020833333333333333,0.7604166666666666,0.8245614035087719,0.7948717948717948
load_hi,mappo,123,21011,192,148,0,44,0.7708333333333334,0.0,4.933333333333334,5.851351351351352,11.0,1.2319444444444445,9,43,9.638155327153424,0.21435044718646992,0.028364197530864197,0.6877586148965544,0.0961740402413777,0.3259674009054815,0.05610482823423138,0.0,0.7857142857142857,0.7818181818181819,0.717948717948718
load_hi,mappo,123,21012,192,149,0,43,0.7760416666666666,0.0,4.966666666666667,5.885906040268456,10.0,1.25,10,42,9.925082779743843,0.20289159674352839,0.02873456790123457,0.6894560684751497,0.0925761519182572,0.32488245185613607,0.05588722758461589,0.0,0.8058252427184466,0.78,0.6923076923076923
load_hi,mappo,123,21013,192,152,0,40,0.7916666666666666,0.0,5.066666666666666,5.690789473684211,9.449999999999989,1.1958333333333333,10,41,12.141961274172909,0.19655810916167205,0.027438271604938266,0.7218778406416315,0.0923397435897436,0.3598949743067391,0.058934469133133695,0.0,0.7788461538461539,0.8620689655172413,0.7
load_hi,mappo,123,21014,192,154,0,38,0.8020833333333334,0.0,5.133333333333334,6.142857142857143,10.349999999999994,1.2958333333333334,9,41,10.02364446239632,0.21143256674040184,0.029598765432098766,0.6848156607437471,0.08993488466011686,0.3305813411734464,0.054610781745366405,0.0,0.7722772277227723,0.8688524590163934,0.7666666666666667
load_hi,mappo,123,21015,192,145,0,47,0.7552083333333334,0.0,4.833333333333333,6.606896551724138,12.0,1.4,9,45,9.885505389862194,0.19846797986463563,0.032191358024691356,0.6965689926749355,0.09855112809447174,0.32440631708046574,0.05707596661414865,0.0,0.7807017543859649,0.8,0.631578947368421
load_hi,mappo,123,21016,192,151,2,39,0.7864583333333334,0.010416666666666666,5.033333333333333,5.629139072847682,11.0,1.2152777777777777,11,37,10.373737155064287,0.20255582733181907,0.027839506172839503,0.6900281696305343,0.08220932862573728,0.3350681757183305,0.05607389510618084,0.004232804232804232,0.7444444444444445,0.7755102040816326,0.8679245283018868
load_hi,mappo,123,21017,192,150,2,40,0.78125,0.010416666666666666,5.0,5.953333333333333,11.0,1.275,9,48,10.102838725343974,0.19944430418346448,0.029197530864197532,0.6947755520799205,0.10728216500275325,0.3323872369460606,0.0559339257460091,0.0043417366946778705,0.8043478260869565,0.7192982456140351,0.813953488372093
load_hi,mappo,123,21018,192,150,1,41,0.78125,0.005208333333333333,5.0,5.84,10.0,1.275,11,36,11.460828406356761,0.18491374592948875,0.029228395061728394,0.7074563181202996,0.08143992445463032,0.34394593151946096,0.05772266049964205,0.0023809523809523807,0.7980769230769231,0.7169811320754716,0.8285714285714286
load_hi,mappo,123,21019,192,158,1,33,0.8229166666666666,0.005208333333333333,5.266666666666667,6.012658227848101,10.0,1.2625,8,40,10.0557052486946,0.19913477749955533,0.0287037037037037,0.65764755783655,0.08032372283146276,0.32426712119436585,0.05250159953112432,0.0020833333333333333,0.8514851485148515,0.7241379310344828,0.9090909090909091
load_hi,mappo,123,21020,192,158,1,33,0.8229166666666666,0.005208333333333333,5.266666666666667,4.962025316455696,8.0,1.0347222222222223,7,30,12.82058269027752,0.1748083601056765,0.023641975308641976,0.6831359187755176,0.06733735491088431,0.35622727132402066,0.05677214465687412,0.00196078431372549,0.8426966292134831,0.7941176470588235,0.8285714285714286
load_hi,global_dijkstra,-1,21001,192,139,5,48,0.7239583333333334,0.026041666666666668,4.633333333333334,6.273381294964029,13.0,1.413888888888889,13,37,9.072319012658287,0.2065747507973443,0.03253086419753086,0.7461799473889712,0.08635268326444798,0.32779488757429937,0.05891005046003987,0.0114000814000814,0.7142857142857143,0.6956521739130435,0.7948717948717948
load_hi,global_dijkstra,-1,21002,192,131,8,53,0.6822916666666666,0.041666666666666664,4.366666666666666,7.061068702290076,15.0,1.5763888888888888,14,46,7.5280366596343,0.21647759473355638,0.03629629629629629,0.7501516704674638,0.10744133589721824,0.3172542190924544,0.06103676414841579,0.01772607022607022,0.7525773195876289,0.5344827586206896,0.7297297297297297
load_hi,global_dijkstra,-1,21003,192,150,3,39,0.78125,0.015625,5.0,5.486666666666666,12.0,1.2375,16,38,12.612537195239117,0.17359935920192876,0.028333333333333325,0.748092331498883,0.09101107226107226,0.3644343156843158,0.06078013294724524,0.006547619047619048,0.8018018018018018,0.7391304347826086,0.7714285714285715
load_hi,global_dijkstra,-1,21004,192,141,4,47,0.734375,0.020833333333333332,4.7,6.24113475177305,11.0,1.3736111111111111,12,38,8.673716527375714,0.2254328061651133,0.03160493827160494,0.7497614346802198,0.08730260480260481,0.32873880748880757,0.05786390106898297,0.009706959706959705,0.7469879518072289,0.6716417910447762,0.8095238095238095
load_hi,global_dijkstra,-1,21005,192,129,7,56,0.671875,0.036458333333333336,4.3,6.883720930232558,14.0,1.5652777777777778,13,42,7.799730999355202,0.21998667031208272,0.03614197530864197,0.754577443915554,0.10087732528908999,0.32280484221660694,0.06194591516522109,0.017445299798240974,0.6914893617021277,0.6440677966101694,0.6666666666666666
load_hi,global_dijkstra,-1,21006,192,133,3,56,0.6927083333333334,0.015625,4.433333333333334,6.2180451127819545,13.399999999999991,1.4472222222222222,18,34,9.83274855454533,0.20374708449370751,0.03351851851851852,0.7638869896074855,0.08980824730824731,0.3378989066489067,0.06382913671015102,0.008372183372183373,0.7326732673267327,0.574468085106383,0.7272727272727273
load_hi,global_dijkstra,-1,21007,192,143,3,46,0.7447916666666666,0.015625,4.766666666666667,6.559440559440559,15.0,1.461111111111111,15,33,10.247319804760915,0.21240573318645914,0.03351851851851851,0.736347611450173,0.07900863025863027,0.34585747585747584,0.06034924245905139,0.007722832722832722,0.7052631578947368,0.7413793103448276,0.8461538461538461
load_hi,global_dijkstra,-1,21008,192,144,1,47,0.75,0.005208333333333333,4.8,6.555555555555555,11.849999999999994,1.4055555555555554,12,46,9.806045178491258,0.21951785544392843,0.03231481481481482,0.7367924653562448,0.10400048480930835,0.3385208092561035,0.058799506581205696,0.0022222222222222222,0.7294117647058823,0.75,0.7843137254901961
load_hi,global_dijkstra,-1,21009,192,139,1,52,0.7239583333333334,0.005208333333333333,4.633333333333334,6.611510791366906,11.0,1.4430555555555555,10,45,9.061320968089667,0.21486578929390174,0.03330246913580247,0.7457204297233344,0.10036953242835596,0.3240875546022605,0.05810696207650359,0.0020833333333333333,0.7264150943396226,0.7142857142857143,0.7297297297297297
load_hi,global_dijkstra,-1,21010,192,133,7,52,0.6927083333333334,0.036458333333333336,4.433333333333334,6.7293233082706765,13.399999999999991,1.5138888888888888,14,40,7.895705019338634,0.21250654529364893,0.03487654320987654,0.7309105356294734,0.09305210040504158,0.3159341801988861,0.059380889501278136,0.015315425315425315,0.6875,0.6666666666666666,0.7435897435897436
load_hi,global_dijkstra,-1,21011,192,137,7,48,0.7135416666666666,0.036458333333333336,4.566666666666666,6.109489051094891,12.199999999999989,1.4416666666666667,12,33,9.053209518684165,0.1953589456195797,0.03314814814814814,0.7326014207838749,0.07533595489477843,0.3247249156072685,0.05937769950912119,0.015766806722689077,0.7653061224489796,0.6363636363636364,0.6923076923076923
load_hi,global_dijkstra,-1,21012,192,134,5,53,0.6979166666666666,0.026041666666666668,4.466666666666667,6.350746268656716,12.349999999999994,1.4597222222222221,13,49,8.488745180699697,0.20317156132143177,0.03370370370370371,0.7446153414313478,0.1126914751914752,0.32013708513708516,0.060149774516892,0.012083333333333333,0.7766990291262136,0.64,0.5641025641025641
load_hi,global_dijkstra,-1,21013,192,135,6,51,0.703125,0.03125,4.5,6.4,14.0,1.4402777777777778,13,31,8.972000178027077,0.20536091697208458,0.03320987654320988,0.7642157716615026,0.07669709919709919,0.32979710104710114,0.061250935684562184,0.015356310356310358,0.7115384615384616,0.6896551724137931,0.7
load_hi,global_dijkstra,-1,21014,192,145,2,45,0.7552083333333334,0.010416666666666666,4.833333333333333,6.537931034482758,12.0,1.413888888888889,10,39,9.014038021152846,0.22033256186060374,0.03243827160493827,0.7240240065890136,0.08685954296248415,0.32586333601039486,0.05677440062599383,0.0047619047619047615,0.7326732673267327,0.8032786885245902,0.7333333333333333
load_hi,global_dijkstra,-1,21015,192,137,6,49,0.7135416666666666,0.03125,4.566666666666666,6.197080291970803,13.0,1.4277777777777778,13,43,9.696047830687663,0.1815478605425072,0.03287037037037037,0.7379413670327077,0.10083529817275946,0.3311705279584538,0.060243723684072444,0.015654868007809183,0.7543859649122807,0.65,0.6578947368421053
load_hi,global_dijkstra,-1,21016,192,137,4,51,0.7135416666666666,0.020833333333333332,4.566666666666666,6.547445255474453,12.0,1.4569444444444444,11,33,8.128742765304874,0.22504703884787886,0.03358024691358024,0.7340239122909923,0.07448514448514448,0.317928180207592,0.058200903659621724,0.009433760683760683,0.6777777777777778,0.6530612244897959,0.8301886792452831
load_hi,global_dijkstra,-1,21017,192,134,5,53,0.6979166666666666,0.026041666666666668,4.466666666666667,6.440298507462686,14.349999999999994,1.4958333333333333,16,40,8.698384842938342,0.21160038132341277,0.03450617283950617,0.7395392957532965,0.09655372405372403,0.3261360861360861,0.05997653001438131,0.011929181929181928,0.7282608695652174,0.631578947368421,0.7209302325581395
load_hi,global_dijkstra,-1,21018,192,144,1,47,0.75,0.005208333333333333,4.8,6.361111111111111,12.0,1.4013888888888888,17,38,10.921719285204606,0.20132609792752068,0.03222222222222222,0.7481181107330136,0.08916493637081872,0.34746877849819024,0.060033683085915376,0.002564102564102564,0.75,0.7358490566037735,0.7714285714285715
load_hi,global_dijkstra,-1,21019,192,147,3,42,0.765625,0.015625,4.9,6.238095238095238,13.699999999999989,1.4,12,39,9.307322293322944,0.1960895800633057,0.03203703703703703,0.7160378515078692,0.0846612619406737,0.31927107392664666,0.055101444387761433,0.006266339869281046,0.8118811881188119,0.6724137931034483,0.7878787878787878
load_hi,global_dijkstra,-1,21020,192,146,4,42,0.7604166666666666,0.020833333333333332,4.866666666666666,5.712328767123288,11.0,1.261111111111111,12,29,10.7213503643475,0.18909485510223029,0.02895061728395061,0.724308576356904,0.0641525602593714,0.33975946081209246,0.05851861551100965,0.009385997988939165,0.797752808988764,0.6617647058823529,0.8571428571428571
switch_lo,mappo,7,21001,192,153,0,39,0.796875,0.0,5.1,5.483660130718954,9.400000000000006,1.1611111111111112,9,49,11.343161710324352,0.19567776635159825,0.026635802469135803,0.7041792189477263,0.11041330530494621,0.3466387851914169,0.056851887560199425,0.0,0.7976190476190477,0.855072463768116,0.6923076923076923
switch_lo,mappo,7,21002,192,147,2,43,0.765625,0.010416666666666666,4.9,6.401360544217687,11.0,1.3652777777777778,9,48,9.835542663881535,0.20989100118163773,0.031296296296296294,0.7036893325685398,0.10735571073806369,0.3346840550517022,0.0569880059522203,0.004524886877828055,0.8041237113402062,0.6724137931034483,0.8108108108108109
switch_lo,mappo,7,21003,192,156,0,36,0.8125,0.0,5.2,5.410256410256411,9.0,1.125,7,43,13.359672166765552,0.17272735282179233,0.025740740740740745,0.7292344604123868,0.10127124509477452,0.3688798048356873,0.05939563637944021,0.0,0.8018018018018018,0.782608695652174,0.8857142857142857
switch_lo,mappo,7,21004,192,147,2,43,0.765625,0.010416666666666666,4.9,6.35374149659864,11.0,1.3597222222222223,10,60,8.678502787763485,0.22723538479391672,0.031172839506172844,0.6903070310876723,0.1306987585857555,0.32524941060544776,0.055379503940060505,0.004166666666666667,0.8072289156626506,0.6865671641791045,0.8095238095238095
switch_lo,mappo,7,21005,192,148,1,43,0.7708333333333334,0.005208333333333333,4.933333333333334,6.006756756756757,10.650000000000006,1.2861111111111112,9,51,10.499132376803285,0.20260270434305727,0.02953703703703704,0.6959800110040358,0.11390434513886527,0.3399459029102993,0.05753966937403196,0.0027777777777777775,0.7340425531914894,0.7966101694915254,0.8205128205128205
switch_lo,mappo,7,21006,192,151,0,41,0.7864583333333334,0.0,5.033333333333333,5.6092715231788075,11.0,1.1694444444444445,9,42,12.36554947954865,0.1920302215106746,0.02688271604938271,0.7207969772089146,0.0989067550096962,0.3617585437438379,0.059346617630426354,0.0,0.801980198019802,0.7021276595744681,0.8409090909090909
switch_lo,mappo,7,21007,192,158,0,34,0.8229166666666666,0.0,5.266666666666667,5.506329113924051,10.150000000000006,1.163888888888889,8,56,12.419390791505501,0.18742149968179994,0.026543209876543204,0.6816317468743985,0.12678927553927555,0.3609208384208385,0.05684886413164157,0.0,0.8210526315789474,0.8103448275862069,0.8461538461538461
switch_lo,mappo,7,21008,192,159,1,32,0.828125,0.005208333333333333,5.3,5.163522012578617,8.0,1.0708333333333333,5,51,11.494790325961398,0.18744102179958513,0.02441358024691358,0.6981623283698853,0.10785398954903602,0.34572888483492203,0.05494730949441197,0.0022222222222222222,0.8117647058823529,0.8571428571428571,0.8235294117647058
switch_lo,mappo,7,21009,192,149,1,42,0.7760416666666666,0.005208333333333333,4.966666666666667,6.167785234899329,10.0,1.3041666666666667,9,70,9.152063698168169,0.2088592521918017,0.0299074074074074,0.6876350080966702,0.14847924936547227,0.3228596224610157,0.05484357555152201,0.00196078431372549,0.8018867924528302,0.7755102040816326,0.7027027027027027
switch_lo,mappo,7,21010,192,152,0,40,0.7916666666666666,0.0,5.066666666666666,6.0131578947368425,10.0,1.2597222222222222,9,43,10.367141983996744,0.20861144753781488,0.028858024691358022,0.6842492183250423,0.0932093478417008,0.3349421820010055,0.05548305843707113,0.0,0.75,0.8421052631578947,0.8205128205128205
switch_lo,mappo,7,21011,192,148,2,42,0.7708333333333334,0.010416666666666666,4.933333333333334,5.493243243243243,10.650000000000006,1.175,9,54,9.717682547594658,0.20481309378392645,0.027037037037037033,0.689196865361715,0.11893871651224594,0.32853201537025073,0.056251128299406775,0.004183006535947712,0.7857142857142857,0.7818181818181819,0.717948717948718
switch_lo,mappo,7,21012,192,151,0,41,0.7864583333333334,0.0,5.033333333333333,5.47682119205298,10.0,1.1541666666666666,9,57,10.685258564263947,0.19179896436073127,0.026543209876543208,0.6890839506985489,0.1252700992677773,0.33438617754794225,0.05601122435043428,0.0,0.8252427184466019,0.78,0.6923076923076923
switch_lo,mappo,7,21013,192,153,1,38,0.796875,0.005208333333333333,5.1,5.875816993464053,10.0,1.2416666666666667,9,47,11.627702910197362,0.1988024230191997,0.028395061728395062,0.7137639925021546,0.10777858579329168,0.3561612243965186,0.058373185312243135,0.0022222222222222222,0.7980769230769231,0.8275862068965517,0.7333333333333333
switch_lo,mappo,7,21014,192,155,1,36,0.8072916666666666,0.005208333333333333,5.166666666666667,5.864516129032258,10.0,1.2430555555555556,8,52,10.608328696730386,0.20124824499200092,0.02836419753086419,0.678733032384729,0.11323990279872634,0.33885806459335865,0.05477619147460925,0.0020833333333333333,0.7821782178217822,0.8688524590163934,0.7666666666666667
switch_lo,mappo,7,21015,192,152,0,40,0.7916666666666666,0.0,5.066666666666666,5.809210526315789,10.449999999999989,1.2222222222222223,9,49,11.733552494892765,0.1801495629018606,0.028024691358024694,0.7045081687069537,0.1111719734513852,0.3460599449570039,0.057469458683291674,0.0,0.8157894736842105,0.8,0.7105263157894737
switch_lo,mappo,7,21016,192,148,2,42,0.7708333333333334,0.010416666666666666,4.933333333333334,5.898648648648648,10.650000000000006,1.2930555555555556,10,65,9.274481374396645,0.20430285674971208,0.029660493827160492,0.6855850189704752,0.1438299336828749,0.32435994833053655,0.056036659583442276,0.004305555555555555,0.7333333333333333,0.7346938775510204,0.8679245283018868
switch_lo,mappo,7,21017,192,150,0,42,0.78125,0.0,5.0,5.913333333333333,11.549999999999983,1.2555555555555555,9,51,10.427414155729121,0.1986742792635573,0.02882716049382716,0.6933337453690476,0.11036074348767848,0.3331462564782999,0.055705102059027796,0.0,0.7608695652173914,0.7543859649122807,0.8604651162790697
switch_lo,mappo,7,21018,192,152,0,40,0.7916666666666666,0.0,5.066666666666666,5.598684210526316,10.0,1.2125,11,56,11.31559448659252,0.1823450032578725,0.02780864197530864,0.6978643303120966,0.12427030213794918,0.3410399458928871,0.05660998602437866,0.0,0.7884615384615384,0.7735849056603774,0.8285714285714286
switch_lo,mappo,7,21019,192,159,1,32,0.828125,0.005208333333333333,5.3,5.849056603773585,11.0,1.2416666666666667,9,65,10.113714943831532,0.19402035795995012,0.028209876543209878,0.6620482134954018,0.1348367950419034,0.32845183912521375,0.052575024750327264,0.0023809523809523807,0.8613861386138614,0.7586206896551724,0.8484848484848485
switch_lo,mappo,7,21020,192,159,1,32,0.828125,0.005208333333333333,5.3,4.949685534591195,9.0,1.025,6,38,12.537063859279865,0.18007623098346986,0.023395061728395065,0.6691253643551551,0.08452477662229983,0.354909714898105,0.05603825323682748,0.0018518518518518517,0.8539325842696629,0.7941176470588235,0.8285714285714286
switch_lo,mappo,42,21001,192,157,0,35,0.8177083333333334,0.0,5.233333333333333,5.445859872611465,9.0,1.1333333333333333,7,51,11.889356203036773,0.19351589832752775,0.02589506172839506,0.7009290025909589,0.11308147734618323,0.3544443764296706,0.056357359862056686,0.0,0.8333333333333334,0.8260869565217391,0.7692307692307693
switch_lo,mappo,42,21002,192,150,0,42,0.78125,0.0,5.0,6.113333333333333,10.0,1.288888888888889,9,49,10.313582381348679,0.2042752384438902,0.029567901234567893,0.6988815211484626,0.1047837266219619,0.3340908737232267,0.056212111973809514,0.0,0.8350515463917526,0.6724137931034483,0.8108108108108109
switch_lo,mappo,42,21003,192,159,0,33,0.828125,0.0,5.3,5.572327044025157,9.099999999999994,1.1694444444444445,8,44,12.942704445103216,0.17734714581246797,0.026635802469135807,0.7201652082626117,0.10271127837304309,0.36422635371164785,0.05814661631208759,0.0,0.8108108108108109,0.8478260869565217,0.8571428571428571
switch_lo,mappo,42,21004,192,151,1,40,0.7864583333333334,0.005208333333333333,5.033333333333333,6.145695364238411,10.0,1.3,10,52,9.510902676200404,0.22614435741801173,0.029753086419753088,0.6949501830534932,0.11681784432171427,0.3350813071517406,0.05565206611389913,0.0023809523809523807,0.8072289156626506,0.7313432835820896,0.8333333333333334
switch_lo,mappo,42,21005,192,151,1,40,0.7864583333333334,0.005208333333333333,5.033333333333333,5.52317880794702,10.0,1.1611111111111112,8,54,11.174022163585148,0.19463080334410815,0.02666666666666667,0.6997097404881983,0.11926748904690082,0.3465450154420743,0.057058117674635984,0.002564102564102564,0.776595744680851,0.7796610169491526,0.8205128205128205
switch_lo,mappo,42,21006,192,149,0,43,0.7760416666666666,0.0,4.966666666666667,5.758389261744966,11.0,1.2125,9,53,11.559861593473578,0.19807054108575664,0.027901234567901237,0.7239615468897723,0.12578790490555197,0.3546064964447318,0.059390086968456955,0.0,0.7920792079207921,0.6808510638297872,0.8409090909090909
switch_lo,mappo,42,21007,192,159,1,32,0.828125,0.005208333333333333,5.3,5.6415094339622645,11.0,1.1847222222222222,9,54,12.046193391023388,0.19066611560151026,0.026944444444444444,0.6881883374173027,0.1205288012640954,0.35838621345974286,0.05641937622646587,0.0022222222222222222,0.8421052631578947,0.7931034482758621,0.8461538461538461
switch_lo,mappo,42,21008,192,159,1,32,0.828125,0.005208333333333333,5.3,5.10062893081761,8.099999999999994,1.0583333333333333,6,44,11.90023217430999,0.18312408856152124,0.024135802469135804,0.6989466082317066,0.09392825641277654,0.34849240342274407,0.054936546888954704,0.0018518518518518517,0.8117647058823529,0.8035714285714286,0.8823529411764706
switch_lo,mappo,42,21009,192,150,0,42,0.78125,0.0,5.0,6.153333333333333,10.0,1.2944444444444445,8,67,9.472921797804235,0.21324615002506128,0.02969135802469136,0.6905151401657289,0.14459277908194318,0.32810982017638374,0.05486274148183659,0.0,0.8018867924528302,0.7959183673469388,0.7027027027027027
switch_lo,mappo,42,21010,192,145,1,46,0.7552083333333334,0.005208333333333333,4.833333333333333,5.9655172413793105,9.0,1.2847222222222223,10,54,9.66163042364349,0.2030880770754887,0.02959876543209877,0.6917528296104166,0.11960961424196719,0.3257349268378681,0.056296423628992495,0.00196078431372549,0.7083333333333334,0.8245614035087719,0.7692307692307693
switch_lo,mappo,42,21011,192,149,0,43,0.7760416666666666,0.0,4.966666666666667,5.630872483221476,10.0,1.1861111111111111,7,50,10.518002233045822,0.19774449973486083,0.027314814814814813,0.6955793152633611,0.10964142067083245,0.33365187014567826,0.05621098609280365,0.0,0.7857142857142857,0.8181818181818182,0.6923076923076923
switch_lo,mappo,42,21012,192,150,0,42,0.78125,0.0,5.0,5.48,10.0,1.1666666666666667,9,57,11.189097173861757,0.18787157760878356,0.026851851851851852,0.699768489192484,0.1299664578341049,0.3419996207496208,0.057061361275151275,0.0,0.8252427184466019,0.76,0.6923076923076923
switch_lo,mappo,42,21013,192,153,0,39,0.796875,0.0,5.1,5.980392156862745,10.0,1.25,8,44,11.715446656528854,0.2026418917882537,0.028611111111111105,0.7145544242244359,0.09849311636076342,0.3565262596880245,0.05852784453348162,0.0,0.7884615384615384,0.8448275862068966,0.7333333333333333
switch_lo,mappo,42,21014,192,151,1,40,0.7864583333333334,0.005208333333333333,5.033333333333333,6.198675496688741,10.0,1.2958333333333334,8,45,9.979075273079932,0.20891299429545745,0.029660493827160496,0.6792001068202613,0.09440472095270856,0.330880162006323,0.05515470680227887,0.0020833333333333333,0.7623762376237624,0.8360655737704918,0.7666666666666667
switch_lo,mappo,42,21015,192,152,1,39,0.7916666666666666,0.005208333333333333,5.066666666666666,6.217105263157895,11.0,1.3041666666666667,8,59,10.87566331546559,0.19166820195123263,0.02981481481481481,0.6917322735265039,0.12733387642056374,0.3410131805758742,0.05640490492677153,0.0018518518518518517,0.8157894736842105,0.8,0.7105263157894737
switch_lo,mappo,42,21016,192,150,1,41,0.78125,0.005208333333333333,5.0,5.82,10.0,1.2458333333333333,8,57,9.536111501823491,0.21069160762452813,0.02858024691358025,0.6867440648448538,0.12466778591778592,0.32724080657904187,0.055258923130814416,0.00196078431372549,0.7555555555555555,0.7551020408163265,0.8490566037735849
switch_lo,mappo,42,21017,192,149,0,43,0.7760416666666666,0.0,4.966666666666667,5.946308724832215,10.0,1.2638888888888888,8,54,10.08054508713189,0.1997232048979343,0.02904320987654321,0.6967785222445754,0.11260067274773158,0.32835215710215715,0.055303850600784826,0.0,0.782608695652174,0.7368421052631579,0.813953488372093
switch_lo,mappo,42,21018,192,151,0,41,0.7864583333333334,0.0,5.033333333333333,5.768211920529802,10.0,1.2333333333333334,10,48,11.307900510115116,0.1888735267071951,0.02830246913580247,0.7075083269228837,0.1093903074050133,0.3434036905360436,0.05732967879121637,0.0,0.7980769230769231,0.7547169811320755,0.8
switch_lo,mappo,42,21019,192,163,0,29,0.8489583333333334,0.0,5.433333333333334,5.570552147239264,9.0,1.148611111111111,8,48,11.184945437651683,0.19067720880290426,0.02604938271604939,0.6676283597263026,0.09627777021739871,0.337816868087766,0.0526711659528862,0.0,0.8811881188118812,0.7758620689655172,0.8787878787878788
switch_lo,mappo,42,21020,192,161,1,30,0.8385416666666666,0.005208333333333333,5.366666666666666,4.732919254658385,8.0,0.9625,5,36,13.102376096516146,0.1719313767246916,0.021944444444444444,0.67272294999191,0.07838648279824752,0.3593600517129929,0.05616141075575586,0.00196078431372549,0.8651685393258427,0.7794117647058824,0.8857142857142857
switch_lo,mappo,123,21001,192,156,0,36,0.8125,0.0,5.2,5.391025641025641,9.0,1.1236111111111111,8,52,12.158526392346946,0.19125793162054475,0.025709876543209876,0.7133226391743677,0.12042835905065008,0.35914258170450136,0.05757181748091436,0.0,0.8452380952380952,0.8115942028985508,0.7435897435897436
switch_lo,mappo,123,21002,192,146,0,46,0.7604166666666666,0.0,4.866666666666666,6.123287671232877,10.0,1.2972222222222223,9,74,9.616277124248244,0.20299243788898755,0.029876543209876545,0.7039632978832684,0.1624535988893574,0.32799577171481203,0.056682505982620736,0.0,0.7938144329896907,0.6724137931034483,0.8108108108108109
switch_lo,mappo,123,21003,192,159,0,33,0.828125,0.0,5.3,5.553459119496855,11.0,1.1541666666666666,9,49,13.227851078801494,0.1773382674889046,0.0262962962962963,0.7267442161397563,0.11311110859098476,0.37022674679408435,0.05853176436671137,0.0,0.8108108108108109,0.8260869565217391,0.8857142857142857
switch_lo,mappo,123,21004,192,146,3,43,0.7604166666666666,0.015625,4.866666666666666,6.47945205479452,11.75,1.3847222222222222,9,66,8.541606238859927,0.22882251606106815,0.0317283950617284,0.7053673834700422,0.14764608141543129,0.3293215871389246,0.05634685558216236,0.007008547008547008,0.7951807228915663,0.6716417910447762,0.8333333333333334
switch_lo,mappo,123,21005,192,152,0,40,0.7916666666666666,0.0,5.066666666666666,5.5,9.449999999999989,1.1555555555555554,9,50,11.569473550333658,0.19519925142905672,0.026543209876543208,0.7096318695903056,0.11113514209102444,0.3505243721420192,0.057755912320565164,0.0,0.7659574468085106,0.8305084745762712,0.7948717948717948
switch_lo,mappo,123,21006,192,151,1,40,0.7864583333333334,0.005208333333333333,5.033333333333333,5.52317880794702,10.5,1.163888888888889,10,51,11.807768236403898,0.19073247575050953,0.026728395061728395,0.7243697837265224,0.12051306536600653,0.35664562561621393,0.05915988311680187,0.002564102564102564,0.801980198019802,0.6595744680851063,0.8863636363636364
switch_lo,mappo,123,21007,192,161,1,30,0.8385416666666666,0.005208333333333333,5.366666666666666,5.354037267080745,10.0,1.125,8,55,12.709579280343412,0.18081944459147511,0.025555555555555554,0.7002171171196226,0.12405246714070244,0.36469250520721114,0.05714704932835002,0.00196078431372549,0.8526315789473684,0.7931034482758621,0.8717948717948718
switch_lo,mappo,123,21008,192,159,1,32,0.828125,0.005208333333333333,5.3,5.289308176100629,8.0,1.0888888888888888,5,56,11.636410659670707,0.18801353761078776,0.02481481481481482,0.7018130164376263,0.11824484067131125,0.34977929205870384,0.05538125109941876,0.0022222222222222222,0.788235294117647,0.8571428571428571,0.8627450980392157
switch_lo,mappo,123,21009,192,151,0,41,0.7864583333333334,0.0,5.033333333333333,6.079470198675497,11.0,1.275,9,60,9.803795474806465,0.2103693277589211,0.029228395061728394,0.7047309204308886,0.13217963681198977,0.33151586703057295,0.055774883538062654,0.0,0.8113207547169812,0.7551020408163265,0.7567567567567568
switch_lo,mappo,123,21010,192,145,1,46,0.7552083333333334,0.005208333333333333,4.833333333333333,5.820689655172414,9.799999999999983,1.2486111111111111,10,52,9.809805842614118,0.20298611010691175,0.0287962962962963,0.6926527502788142,0.1169706096563682,0.32806166371181855,0.056853504714910595,0.0023809523809523807,0.7291666666666666,0.7894736842105263,0.7692307692307693
switch_lo,mappo,123,21011,192,152,1,39,0.7916666666666666,0.005208333333333333,5.066666666666666,5.407894736842105,9.0,1.1388888888888888,9,52,11.343615569806628,0.18700862019550873,0.026141975308641974,0.7011806078964089,0.11762620549385255,0.3447915238356415,0.05730359680228421,0.0020833333333333333,0.8163265306122449,0.8,0.717948717948718
switch_lo,mappo,123,21012,192,149,0,43,0.7760416666666666,0.0,4.966666666666667,5.583892617449664,9.0,1.1916666666666667,9,66,11.057530306594563,0.18813496363226873,0.02743827160493827,0.7104481292088788,0.1494365520100814,0.34270762733998045,0.058132068876850254,0.0,0.8155339805825242,0.76,0.6923076923076923
switch_lo,mappo,123,21013,192,152,0,40,0.7916666666666666,0.0,5.066666666666666,5.907894736842105,10.0,1.2347222222222223,8,54,11.852035286308935,0.19703802996563619,0.028302469135802463,0.7235877949421828,0.12706977662860017,0.3592285410667764,0.059364991623717674,0.0,0.7884615384615384,0.8620689655172413,0.6666666666666666
switch_lo,mappo,123,21014,192,156,2,34,0.8125,0.010416666666666666,5.2,5.589743589743589,10.0,1.1777777777777778,7,53,10.33599795842158,0.1998233085720334,0.026851851851851846,0.6750231450905747,0.11591560600848526,0.33529348289023214,0.05452363624364371,0.004305555555555555,0.7920792079207921,0.8360655737704918,0.8333333333333334
switch_lo,mappo,123,21015,192,153,2,37,0.796875,0.010416666666666666,5.1,6.071895424836601,11.0,1.2916666666666667,8,56,10.657063618704603,0.18493804118622775,0.029475308641975298,0.6916164669976155,0.12125837942014413,0.33529061624649864,0.05543797482208372,0.003935185185185185,0.8333333333333334,0.8,0.6842105263157895
switch_lo,mappo,123,21016,192,153,3,36,0.796875,0.015625,5.1,5.640522875816994,10.0,1.2166666666666666,10,55,10.214519918198357,0.19907203169674056,0.02777777777777778,0.692059713746493,0.11689595721329465,0.33585257922332235,0.0554980543927361,0.005895969498910675,0.7888888888888889,0.7142857142857143,0.8867924528301887
switch_lo,mappo,123,21017,192,152,2,38,0.7916666666666666,0.010416666666666666,5.066666666666666,5.901315789473684,10.0,1.2597222222222222,8,57,10.265703813240227,0.1946847752061878,0.0287962962962963,0.7004661196112141,0.1225698484522014,0.33446497402379755,0.05528855616229502,0.004464285714285714,0.8043478260869565,0.7192982456140351,0.8604651162790697
switch_lo,mappo,123,21018,192,151,0,41,0.7864583333333334,0.0,5.033333333333333,6.006622516556291,10.0,1.2833333333333334,10,61,11.224163365734276,0.1919392370033887,0.02941358024691358,0.710037603302202,0.13852990948966182,0.34706014559342735,0.05801668899973322,0.0,0.7980769230769231,0.7547169811320755,0.8
switch_lo,mappo,123,21019,192,161,1,30,0.8385416666666666,0.005208333333333333,5.366666666666666,5.732919254658385,11.0,1.2166666666666666,8,53,10.756115969727293,0.19618394062697259,0.027592592592592596,0.6728600427808396,0.10881969251938292,0.3375325962593765,0.05298467417384967,0.00196078431372549,0.8613861386138614,0.7413793103448276,0.9393939393939394
switch_lo,mappo,123,21020,192,159,1,32,0.828125,0.005208333333333333,5.3,5.012578616352202,8.0,1.0444444444444445,5,38,12.85755650004668,0.17481243401067026,0.02382716049382716,0.6802231716573374,0.08403246120351383,0.358567830804673,0.056808064622880045,0.0020833333333333333,0.8539325842696629,0.7794117647058824,0.8571428571428571
switch_lo,global_dijkstra,-1,21001,192,139,5,48,0.7239583333333334,0.026041666666666668,4.633333333333334,6.273381294964029,13.0,1.413888888888889,13,37,9.072319012658287,0.2065747507973443,0.03253086419753086,0.7461799473889712,0.08635268326444798,0.32779488757429937,0.05891005046003987,0.0114000814000814,0.7142857142857143,0.6956521739130435,0.7948717948717948
switch_lo,global_dijkstra,-1,21002,192,131,8,53,0.6822916666666666,0.041666666666666664,4.366666666666666,7.061068702290076,15.0,1.5763888888888888,14,46,7.5280366596343,0.21647759473355638,0.03629629629629629,0.7501516704674638,0.10744133589721824,0.3172542190924544,0.06103676414841579,0.01772607022607022,0.7525773195876289,0.5344827586206896,0.7297297297297297
switch_lo,global_dijkstra,-1,21003,192,150,3,39,0.78125,0.015625,5.0,5.486666666666666,12.0,1.2375,16,38,12.612537195239117,0.17359935920192876,0.028333333333333325,0.748092331498883,0.09101107226107226,0.3644343156843158,0.06078013294724524,0.006547619047619048,0.8018018018018018,0.7391304347826086,0.7714285714285715
switch_lo,global_dijkstra,-1,21004,192,141,4,47,0.734375,0.020833333333333332,4.7,6.24113475177305,11.0,1.3736111111111111,12,38,8.673716527375714,0.2254328061651133,0.03160493827160494,0.7497614346802198,0.08730260480260481,0.32873880748880757,0.05786390106898297,0.009706959706959705,0.7469879518072289,0.6716417910447762,0.8095238095238095
switch_lo,global_dijkstra,-1,21005,192,129,7,56,0.671875,0.036458333333333336,4.3,6.883720930232558,14.0,1.5652777777777778,13,42,7.799730999355202,0.21998667031208272,0.03614197530864197,0.754577443915554,0.10087732528908999,0.32280484221660694,0.06194591516522109,0.017445299798240974,0.6914893617021277,0.6440677966101694,0.6666666666666666
switch_lo,global_dijkstra,-1,21006,192,133,3,56,0.6927083333333334,0.015625,4.433333333333334,6.2180451127819545,13.399999999999991,1.4472222222222222,18,34,9.83274855454533,0.20374708449370751,0.03351851851851852,0.7638869896074855,0.08980824730824731,0.3378989066489067,0.06382913671015102,0.008372183372183373,0.7326732673267327,0.574468085106383,0.7272727272727273
switch_lo,global_dijkstra,-1,21007,192,143,3,46,0.7447916666666666,0.015625,4.766666666666667,6.559440559440559,15.0,1.461111111111111,15,33,10.247319804760915,0.21240573318645914,0.03351851851851851,0.736347611450173,0.07900863025863027,0.34585747585747584,0.06034924245905139,0.007722832722832722,0.7052631578947368,0.7413793103448276,0.8461538461538461
switch_lo,global_dijkstra,-1,21008,192,144,1,47,0.75,0.005208333333333333,4.8,6.555555555555555,11.849999999999994,1.4055555555555554,12,46,9.806045178491258,0.21951785544392843,0.03231481481481482,0.7367924653562448,0.10400048480930835,0.3385208092561035,0.058799506581205696,0.0022222222222222222,0.7294117647058823,0.75,0.7843137254901961
switch_lo,global_dijkstra,-1,21009,192,139,1,52,0.7239583333333334,0.005208333333333333,4.633333333333334,6.611510791366906,11.0,1.4430555555555555,10,45,9.061320968089667,0.21486578929390174,0.03330246913580247,0.7457204297233344,0.10036953242835596,0.3240875546022605,0.05810696207650359,0.0020833333333333333,0.7264150943396226,0.7142857142857143,0.7297297297297297
switch_lo,global_dijkstra,-1,21010,192,133,7,52,0.6927083333333334,0.036458333333333336,4.433333333333334,6.7293233082706765,13.399999999999991,1.5138888888888888,14,40,7.895705019338634,0.21250654529364893,0.03487654320987654,0.7309105356294734,0.09305210040504158,0.3159341801988861,0.059380889501278136,0.015315425315425315,0.6875,0.6666666666666666,0.7435897435897436
switch_lo,global_dijkstra,-1,21011,192,137,7,48,0.7135416666666666,0.036458333333333336,4.566666666666666,6.109489051094891,12.199999999999989,1.4416666666666667,12,33,9.053209518684165,0.1953589456195797,0.03314814814814814,0.7326014207838749,0.07533595489477843,0.3247249156072685,0.05937769950912119,0.015766806722689077,0.7653061224489796,0.6363636363636364,0.6923076923076923
switch_lo,global_dijkstra,-1,21012,192,134,5,53,0.6979166666666666,0.026041666666666668,4.466666666666667,6.350746268656716,12.349999999999994,1.4597222222222221,13,49,8.488745180699697,0.20317156132143177,0.03370370370370371,0.7446153414313478,0.1126914751914752,0.32013708513708516,0.060149774516892,0.012083333333333333,0.7766990291262136,0.64,0.5641025641025641
switch_lo,global_dijkstra,-1,21013,192,135,6,51,0.703125,0.03125,4.5,6.4,14.0,1.4402777777777778,13,31,8.972000178027077,0.20536091697208458,0.03320987654320988,0.7642157716615026,0.07669709919709919,0.32979710104710114,0.061250935684562184,0.015356310356310358,0.7115384615384616,0.6896551724137931,0.7
switch_lo,global_dijkstra,-1,21014,192,145,2,45,0.7552083333333334,0.010416666666666666,4.833333333333333,6.537931034482758,12.0,1.413888888888889,10,39,9.014038021152846,0.22033256186060374,0.03243827160493827,0.7240240065890136,0.08685954296248415,0.32586333601039486,0.05677440062599383,0.0047619047619047615,0.7326732673267327,0.8032786885245902,0.7333333333333333
switch_lo,global_dijkstra,-1,21015,192,137,6,49,0.7135416666666666,0.03125,4.566666666666666,6.197080291970803,13.0,1.4277777777777778,13,43,9.696047830687663,0.1815478605425072,0.03287037037037037,0.7379413670327077,0.10083529817275946,0.3311705279584538,0.060243723684072444,0.015654868007809183,0.7543859649122807,0.65,0.6578947368421053
switch_lo,global_dijkstra,-1,21016,192,137,4,51,0.7135416666666666,0.020833333333333332,4.566666666666666,6.547445255474453,12.0,1.4569444444444444,11,33,8.128742765304874,0.22504703884787886,0.03358024691358024,0.7340239122909923,0.07448514448514448,0.317928180207592,0.058200903659621724,0.009433760683760683,0.6777777777777778,0.6530612244897959,0.8301886792452831
switch_lo,global_dijkstra,-1,21017,192,134,5,53,0.6979166666666666,0.026041666666666668,4.466666666666667,6.440298507462686,14.349999999999994,1.4958333333333333,16,40,8.698384842938342,0.21160038132341277,0.03450617283950617,0.7395392957532965,0.09655372405372403,0.3261360861360861,0.05997653001438131,0.011929181929181928,0.7282608695652174,0.631578947368421,0.7209302325581395
switch_lo,global_dijkstra,-1,21018,192,144,1,47,0.75,0.005208333333333333,4.8,6.361111111111111,12.0,1.4013888888888888,17,38,10.921719285204606,0.20132609792752068,0.03222222222222222,0.7481181107330136,0.08916493637081872,0.34746877849819024,0.060033683085915376,0.002564102564102564,0.75,0.7358490566037735,0.7714285714285715
switch_lo,global_dijkstra,-1,21019,192,147,3,42,0.765625,0.015625,4.9,6.238095238095238,13.699999999999989,1.4,12,39,9.307322293322944,0.1960895800633057,0.03203703703703703,0.7160378515078692,0.0846612619406737,0.31927107392664666,0.055101444387761433,0.006266339869281046,0.8118811881188119,0.6724137931034483,0.7878787878787878
switch_lo,global_dijkstra,-1,21020,192,146,4,42,0.7604166666666666,0.020833333333333332,4.866666666666666,5.712328767123288,11.0,1.261111111111111,12,29,10.7213503643475,0.18909485510223029,0.02895061728395061,0.724308576356904,0.0641525602593714,0.33975946081209246,0.05851861551100965,0.009385997988939165,0.797752808988764,0.6617647058823529,0.8571428571428571
switch_hi,mappo,7,21001,192,153,1,38,0.796875,0.005208333333333333,5.1,5.522875816993464,10.0,1.1888888888888889,12,3,11.707271016022087,0.19937585294116056,0.027222222222222224,0.7182389768754472,0.006686507936507936,0.3473518981878115,0.057021547366576955,0.0022222222222222222,0.8214285714285714,0.8115942028985508,0.717948717948718
switch_hi,mappo,7,21002,192,146,2,44,0.7604166666666666,0.010416666666666666,4.866666666666666,5.924657534246576,11.75,1.2861111111111112,11,5,10.89398991482547,0.19566478191924683,0.029567901234567893,0.7177905125990283,0.011130952380952379,0.3353324208471268,0.05741891424801555,0.004232804232804232,0.7835051546391752,0.6896551724137931,0.8108108108108109
switch_hi,mappo,7,21003,192,162,0,30,0.84375,0.0,5.4,5.598765432098766,10.0,1.1708333333333334,11,4,14.022079388453294,0.17865670209971507,0.026574074074074073,0.7327721176314432,0.008683473389355741,0.37408630355998773,0.05840093038209286,0.0,0.8288288288288288,0.8478260869565217,0.8857142857142857
switch_hi,mappo,7,21004,192,143,5,44,0.7447916666666666,0.026041666666666668,4.766666666666667,6.3426573426573425,12.0,1.413888888888889,11,11,8.545368950620999,0.22191366288075728,0.032407407407407406,0.7055454481226828,0.024405270655270653,0.318133173872338,0.05566163227938586,0.011289682539682537,0.7831325301204819,0.6716417910447762,0.7857142857142857
switch_hi,mappo,7,21005,192,148,4,40,0.7708333333333334,0.020833333333333332,4.933333333333334,5.337837837837838,10.0,1.176388888888889,9,3,11.60552917488424,0.1837197022245793,0.02700617283950618,0.7189318875754993,0.007564102564102563,0.3451580282462636,0.058669128623096194,0.009433760683760683,0.7553191489361702,0.7457627118644068,0.8461538461538461
switch_hi,mappo,7,21006,192,150,0,42,0.78125,0.0,5.0,5.8133333333333335,11.0,1.2152777777777777,9,4,12.861369477901057,0.19369459602176337,0.02793209876543209,0.7369576010010525,0.009731379731379731,0.3632051282051283,0.060156293997309124,0.0,0.7920792079207921,0.6808510638297872,0.8636363636363636
switch_hi,mappo,7,21007,192,153,2,37,0.796875,0.010416666666666666,5.1,5.594771241830065,11.0,1.2152777777777777,10,5,12.172026142854527,0.190611130193227,0.02777777777777778,0.6977109661885198,0.011425070028011205,0.35263909837439245,0.057656400581750596,0.0044444444444444444,0.7894736842105263,0.7931034482758621,0.8205128205128205
switch_hi,mappo,7,21008,192,153,1,38,0.796875,0.005208333333333333,5.1,5.764705882352941,9.0,1.2125,9,2,11.157797078410336,0.20018669547425733,0.027746913580246908,0.7037731377254847,0.004166666666666667,0.33811644624725123,0.05583244641616117,0.002564102564102564,0.7764705882352941,0.8392857142857143,0.7843137254901961
switch_hi,mappo,7,21009,192,146,1,45,0.7604166666666666,0.005208333333333333,4.866666666666666,5.958904109589041,11.0,1.3083333333333333,15,6,10.008674243554784,0.2070962188569105,0.03009259259259259,0.7110068178936996,0.013433617036558213,0.32447565506389037,0.05609232453050166,0.0023809523809523807,0.7452830188679245,0.7959183673469388,0.7567567567567568
switch_hi,mappo,7,21010,192,146,1,45,0.7604166666666666,0.005208333333333333,4.866666666666666,5.787671232876712,10.0,1.2430555555555556,10,1,10.868614209136695,0.1999286784262195,0.028641975308641973,0.6932494968955728,0.0020833333333333333,0.33265977758624826,0.05686635076678169,0.0023809523809523807,0.71875,0.7894736842105263,0.8205128205128205
switch_hi,mappo,7,21011,192,145,1,46,0.7552083333333334,0.005208333333333333,4.833333333333333,5.496551724137931,10.799999999999983,1.2277777777777779,17,6,10.115874143311247,0.20318623036634983,0.028333333333333335,0.6973098593057185,0.012228446934329285,0.3226401458019105,0.05610470031880686,0.0022222222222222222,0.7448979591836735,0.8181818181818182,0.6923076923076923
switch_hi,mappo,7,21012,192,145,0,47,0.7552083333333334,0.0,4.833333333333333,6.103448275862069,11.0,1.3319444444444444,12,5,10.95200590125092,0.1995852454698694,0.030679012345679012,0.7093619514393492,0.011904761904761902,0.3341425323042971,0.057725983622634966,0.0,0.7961165048543689,0.74,0.6666666666666666
switch_hi,mappo,7,21013,192,148,3,41,0.7708333333333334,0.015625,4.933333333333334,5.831081081081081,10.0,1.2625,13,3,12.182920725322923,0.1930599397671237,0.028950617283950614,0.7354551335413814,0.006984126984126983,0.3586701941849001,0.060234819570116276,0.007028388278388279,0.7596153846153846,0.8275862068965517,0.7
switch_hi,mappo,7,21014,192,147,0,45,0.765625,0.0,4.9,5.959183673469388,11.0,1.2652777777777777,10,4,10.480719545550732,0.20932553380714675,0.029135802469135805,0.6886403292787641,0.009706959706959705,0.3292229064365288,0.0564889403630918,0.0,0.7128712871287128,0.8524590163934426,0.7666666666666667
switch_hi,mappo,7,21015,192,145,3,44,0.7552083333333334,0.015625,4.833333333333333,6.241379310344827,11.799999999999983,1.3472222222222223,10,3,10.929089854012068,0.18588927673157765,0.030925925925925926,0.7136228444199698,0.006666666666666667,0.33277136777910776,0.05794222135895462,0.006059941520467836,0.7894736842105263,0.75,0.6578947368421053
switch_hi,mappo,7,21016,192,143,5,44,0.7447916666666666,0.026041666666666668,4.766666666666667,5.846153846153846,11.0,1.3277777777777777,13,7,9.6254598997834,0.1983924227764361,0.030493827160493828,0.7082397232537374,0.016217050922933275,0.3232299293986601,0.057849860733082695,0.011485671191553545,0.7444444444444445,0.6122448979591837,0.8679245283018868
switch_hi,mappo,7,21017,192,147,2,43,0.765625,0.010416666666666666,4.9,6.108843537414966,11.699999999999989,1.3097222222222222,11,3,10.469770655791292,0.20333498575660594,0.03006172839506173,0.7118295033827892,0.006547619047619048,0.3315700639230051,0.056598189213978856,0.004305555555555555,0.7717391304347826,0.7192982456140351,0.813953488372093
switch_hi,mappo,7,21018,192,152,1,39,0.7916666666666666,0.005208333333333333,5.066666666666666,6.118421052631579,11.0,1.3138888888888889,11,2,12.05674484035847,0.19532966017579262,0.03003086419753086,0.7146113967090125,0.005,0.35213852052087347,0.05808150396507938,0.0023809523809523807,0.7788461538461539,0.8113207547169812,0.8
switch_hi,mappo,7,21019,192,157,2,33,0.8177083333333334,0.010416666666666666,5.233333333333333,5.808917197452229,11.0,1.2444444444444445,11,5,10.595176064822386,0.1984572549104769,0.028302469135802467,0.6824608351873316,0.010537160208212841,0.32959289248762935,0.05354154495335213,0.004603174603174604,0.8712871287128713,0.7241379310344828,0.8181818181818182
switch_hi,mappo,7,21020,192,160,0,32,0.8333333333333334,0.0,5.333333333333333,4.9625,9.0,1.0138888888888888,6,2,13.89564587046203,0.17257738649429621,0.023148148148148143,0.690316015682043,0.00486111111111111,0.3650132873662285,0.057386502471482054,0.0,0.8651685393258427,0.7941176470588235,0.8285714285714286
switch_hi,mappo,42,21001,192,150,1,41,0.78125,0.005208333333333333,5.0,5.386666666666667,10.0,1.1680555555555556,11,1,12.064571886821467,0.18909023313709633,0.026851851851851852,0.7179555644047688,0.00196078431372549,0.34790457636045885,0.05769123443530373,0.002564102564102564,0.7976190476190477,0.782608695652174,0.7435897435897436
switch_hi,mappo,42,21002,192,143,1,48,0.7447916666666666,0.005208333333333333,4.766666666666667,6.363636363636363,12.0,1.3875,12,10,10.208317084430318,0.2077900294328276,0.03194444444444444,0.7163258862484495,0.021988052796876323,0.3297968099438689,0.057739329007902476,0.0020833333333333333,0.7731958762886598,0.6896551724137931,0.7567567567567568
switch_hi,mappo,42,21003,192,154,0,38,0.8020833333333334,0.0,5.133333333333334,5.805194805194805,10.0,1.2361111111111112,8,3,13.59217281544816,0.18448683935211402,0.0282716049382716,0.7412810261466023,0.0072420634920634915,0.3708892496392497,0.060254334810895406,0.0,0.7747747747747747,0.8260869565217391,0.8571428571428571
switch_hi,mappo,42,21004,192,146,2,44,0.7604166666666666,0.010416666666666666,4.866666666666666,6.239726027397261,11.0,1.35,13,12,9.94799410217453,0.22105500963723665,0.030987654320987656,0.7176391483066727,0.026825396825396825,0.33475819387584094,0.057361078497414515,0.004603174603174604,0.7590361445783133,0.7164179104477612,0.8333333333333334
switch_hi,mappo,42,21005,192,143,2,47,0.7447916666666666,0.010416666666666666,4.766666666666667,5.531468531468532,10.0,1.238888888888889,14,6,10.819988598006974,0.19481137460820497,0.02861111111111111,0.7167842934403221,0.01437881562881563,0.3354791237028079,0.059162927172820616,0.006060606060606061,0.6808510638297872,0.7457627118644068,0.8974358974358975
switch_hi,mappo,42,21006,192,146,2,44,0.7604166666666666,0.010416666666666666,4.866666666666666,5.773972602739726,12.0,1.2597222222222222,14,7,11.71623033728467,0.1950594522375029,0.028981481481481483,0.7267361741089016,0.016269841269841268,0.35014743426508144,0.06008984627144382,0.004786324786324786,0.7524752475247525,0.7021276595744681,0.8409090909090909
switch_hi,mappo,42,21007,192,153,1,38,0.796875,0.005208333333333333,5.1,5.705882352941177,11.0,1.2305555555555556,13,8,12.26379478127876,0.19341472581201744,0.028148148148148148,0.7057977749089489,0.017746449456975774,0.3551124254142829,0.05813824184225866,0.0027777777777777775,0.7789473684210526,0.7931034482758621,0.8461538461538461
switch_hi,mappo,42,21008,192,154,1,37,0.8020833333333334,0.005208333333333333,5.133333333333334,5.590909090909091,10.0,1.1819444444444445,10,4,11.640988558660817,0.19820817596872095,0.02703703703703703,0.7121016103628316,0.008538359788359788,0.34558454617278145,0.05618597035991906,0.0023809523809523807,0.7764705882352941,0.8571428571428571,0.7843137254901961
switch_hi,mappo,42,21009,192,140,2,50,0.7291666666666666,0.010416666666666666,4.666666666666667,6.414285714285715,12.0,1.4166666666666667,16,4,9.443428402910246,0.21410272227468943,0.03265432098765432,0.7213947457152862,0.008786181139122317,0.32167776667776665,0.057682233383367844,0.0043417366946778705,0.7264150943396226,0.7142857142857143,0.7567567567567568
switch_hi,mappo,42,21010,192,144,3,45,0.75,0.015625,4.8,5.909722222222222,10.849999999999994,1.2652777777777777,8,2,10.281762792156131,0.19789913045880078,0.029135802469135805,0.7018510806932813,0.004647435897435897,0.3279665803466113,0.05774986788831258,0.007555189908131085,0.71875,0.7543859649122807,0.8205128205128205
switch_hi,mappo,42,21011,192,144,3,45,0.75,0.015625,4.8,5.777777777777778,10.0,1.2847222222222223,14,8,9.71449149044098,0.21019020093306068,0.029567901234567897,0.6967987105517235,0.017551952404893583,0.32502603333485686,0.05739361736609851,0.006730769230769231,0.7755102040816326,0.7818181818181819,0.6410256410256411
switch_hi,mappo,42,21012,192,144,2,46,0.75,0.010416666666666666,4.8,5.972222222222222,11.0,1.3069444444444445,11,10,10.571773822817798,0.19700275298861974,0.030092592592592594,0.7094888906536948,0.021128802398152242,0.3323508148198551,0.05801282015012992,0.005128205128205128,0.7961165048543689,0.72,0.6666666666666666
switch_hi,mappo,42,21013,192,148,2,42,0.7708333333333334,0.010416666666666666,4.933333333333334,5.804054054054054,11.650000000000006,1.2597222222222222,13,1,12.234750450958954,0.19307172592590477,0.02891975308641975,0.7310399912588281,0.0023809523809523807,0.35644998519998516,0.059923655760196856,0.004647435897435897,0.75,0.8275862068965517,0.7333333333333333
switch_hi,mappo,42,21014,192,148,0,44,0.7708333333333334,0.0,4.933333333333334,5.831081081081081,10.0,1.2333333333333334,10,5,10.46822836399408,0.20685860812974086,0.028395061728395066,0.6897463392436933,0.01177045177045177,0.32771170006464134,0.05579072871896457,0.0,0.7227722772277227,0.8524590163934426,0.7666666666666667
switch_hi,mappo,42,21015,192,146,3,43,0.7604166666666666,0.015625,4.866666666666666,6.02054794520548,11.0,1.2944444444444445,12,8,10.997065592633268,0.18338816845000525,0.02972222222222222,0.7132643837648117,0.018726088726088726,0.3342661754310362,0.057576414565605825,0.006984126984126983,0.8070175438596491,0.7,0.6842105263157895
switch_hi,mappo,42,21016,192,139,4,49,0.7239583333333334,0.020833333333333332,4.633333333333334,6.107913669064748,12.0,1.4305555555555556,13,6,9.222100895452266,0.20732140651655948,0.0329320987654321,0.707481554462236,0.013373015873015873,0.31895839712403184,0.05751629244631722,0.008835978835978834,0.6777777777777778,0.6326530612244898,0.8867924528301887
switch_hi,mappo,42,21017,192,148,1,43,0.7708333333333334,0.005208333333333333,4.933333333333334,5.864864864864865,11.0,1.3041666666666667,12,2,11.306803750994431,0.19499751887560918,0.029938271604938272,0.712548870575965,0.004415954415954416,0.33942292729057433,0.05737976986115469,0.002564102564102564,0.7717391304347826,0.7543859649122807,0.7906976744186046
switch_hi,mappo,42,21018,192,145,2,45,0.7552083333333334,0.010416666666666666,4.833333333333333,5.958620689655173,11.0,1.3569444444444445,13,3,11.76422734058974,0.1899635653224613,0.03117283950617284,0.7211208704005597,0.007722832722832723,0.34810717060717067,0.059911298255183015,0.0047619047619047615,0.75,0.7358490566037735,0.8
switch_hi,mappo,42,21019,192,148,1,43,0.7708333333333334,0.005208333333333333,4.933333333333334,6.22972972972973,12.650000000000006,1.3708333333333333,10,8,10.239514107459827,0.19552463578754659,0.03141975308641976,0.6867405142339257,0.01680166511048864,0.32171975942873776,0.05505990612524211,0.00196078431372549,0.8118811881188119,0.6724137931034483,0.8181818181818182
switch_hi,mappo,42,21020,192,156,1,35,0.8125,0.005208333333333333,5.2,4.987179487179487,9.0,1.0375,7,5,12.801205232604215,0.1764521576166373,0.02376543209876543,0.6903367741797107,0.011706349206349205,0.35145876726759084,0.05667539189780126,0.0018518518518518517,0.8314606741573034,0.7794117647058824,0.8285714285714286
switch_hi,mappo,123,21001,192,154,1,37,0.8020833333333334,0.005208333333333333,5.133333333333334,5.422077922077922,10.0,1.1541666666666666,11,5,12.3642857910759,0.19385356723264582,0.02641975308641975,0.7178815500069501,0.011655982905982906,0.3554471916971917,0.05721233780729258,0.00196078431372549,0.7976190476190477,0.8260869565217391,0.7692307692307693
switch_hi,mappo,123,21002,192,148,2,42,0.7708333333333334,0.010416666666666666,4.933333333333334,6.202702702702703,11.0,1.3347222222222221,12,10,10.582689150763258,0.19959813271375026,0.030586419753086416,0.7143021122051878,0.022086445689386867,0.3332484155278273,0.05677609007448983,0.004074074074074074,0.8350515463917526,0.6379310344827587,0.8108108108108109
switch_hi,mappo,123,21003,192,160,0,32,0.8333333333333334,0.0,5.333333333333333,5.55,9.049999999999983,1.1569444444444446,7,6,14.032486768023904,0.17977060562684632,0.026327160493827162,0.7359796773011029,0.014058547661488837,0.37545230368759785,0.05913037156749311,0.0,0.8108108108108109,0.8478260869565217,0.8857142857142857
switch_hi,mappo,123,21004,192,148,3,41,0.7708333333333334,0.015625,4.933333333333334,6.074324324324325,12.0,1.323611111111111,10,11,9.973688613984308,0.21912939557328037,0.030308641975308644,0.7099474194761858,0.02516788766788767,0.33543306910953974,0.056718891182124774,0.006666666666666667,0.8072289156626506,0.7014925373134329,0.8095238095238095
switch_hi,mappo,123,21005,192,145,3,44,0.7552083333333334,0.015625,4.833333333333333,5.393103448275862,10.0,1.1944444444444444,13,10,11.33834518595466,0.190577784215529,0.027530864197530862,0.7204634165613281,0.02524558774558775,0.3451416802152096,0.05973919453126438,0.008333333333333333,0.7446808510638298,0.7288135593220338,0.8205128205128205
switch_hi,mappo,123,21006,192,150,0,42,0.78125,0.0,5.0,5.64,11.0,1.1902777777777778,11,7,12.516488148983894,0.1944571138065584,0.027376543209876543,0.7314281589388362,0.016556776556776554,0.35800366300366304,0.05978534794830835,0.0,0.7722772277227723,0.723404255319149,0.8636363636363636
switch_hi,mappo,123,21007,192,153,3,36,0.796875,0.015625,5.1,5.673202614379085,10.400000000000006,1.2430555555555556,14,14,11.959214658171247,0.19014628509689885,0.02836419753086419,0.7017506674602315,0.03319226525108878,0.3540525487584312,0.057963519762288446,0.007008547008547008,0.8,0.7586206896551724,0.8461538461538461
switch_hi,mappo,123,21008,192,160,1,31,0.8333333333333334,0.005208333333333333,5.333333333333333,5.325,9.0,1.113888888888889,6,1,12.318545598299092,0.18717462688728345,0.025339506172839508,0.7118253478384226,0.00196078431372549,0.34979738942974237,0.05511224332928271,0.0022222222222222222,0.8117647058823529,0.8392857142857143,0.8627450980392157
switch_hi,mappo,123,21009,192,141,3,48,0.734375,0.015625,4.7,6.432624113475177,11.0,1.4027777777777777,11,8,9.209058248714266,0.21463465911756419,0.032283950617283945,0.7259441303821235,0.017631497043261748,0.3220671050082815,0.057682548530165516,0.007407407407407407,0.7641509433962265,0.6938775510204082,0.7027027027027027
switch_hi,mappo,123,21010,192,149,2,41,0.7760416666666666,0.010416666666666666,4.966666666666667,6.067114093959732,11.0,1.2944444444444445,10,11,10.665786934202611,0.20669413059483724,0.029660493827160496,0.7010712462193944,0.023747312056135582,0.3381063843563844,0.05685202660727226,0.00486111111111111,0.7395833333333334,0.7894736842105263,0.8461538461538461
switch_hi,mappo,123,21011,192,148,3,41,0.7708333333333334,0.015625,4.933333333333334,5.621621621621622,12.0,1.2444444444444445,15,8,10.63109168174546,0.19464380606877257,0.02854938271604938,0.7024050463144129,0.017488512949039265,0.33281749339411887,0.0570919026597329,0.007167277167277167,0.7959183673469388,0.7818181818181819,0.6923076923076923
switch_hi,mappo,123,21012,192,146,2,44,0.7604166666666666,0.010416666666666666,4.866666666666666,5.821917808219178,11.0,1.273611111111111,12,9,10.664014129283807,0.196417253882831,0.029290123456790124,0.7090265100163265,0.020285468888410062,0.33237709157600803,0.05794474692288889,0.0043417366946778705,0.8058252427184466,0.72,0.6923076923076923
switch_hi,mappo,123,21013,192,147,2,43,0.765625,0.010416666666666666,4.9,5.850340136054422,10.0,1.2694444444444444,11,13,11.658355758346971,0.19194661003853142,0.029166666666666667,0.7302342824916742,0.031199184802125978,0.3487470535999948,0.06005706673633084,0.004166666666666667,0.7403846153846154,0.7931034482758621,0.8
switch_hi,mappo,123,21014,192,148,2,42,0.7708333333333334,0.010416666666666666,4.933333333333334,5.97972972972973,11.0,1.2777777777777777,11,13,10.015100682933173,0.20551642226857242,0.029320987654320986,0.6820251913899606,0.0273937908496732,0.32530982905982914,0.05517367876481269,0.004305555555555555,0.7425742574257426,0.8360655737704918,0.7333333333333333
switch_hi,mappo,123,21015,192,150,2,40,0.78125,0.010416666666666666,5.0,6.0,11.549999999999983,1.3069444444444445,12,13,11.51241503415596,0.18565162680402772,0.029907407407407396,0.707800898401395,0.02878375709258062,0.3421045376192436,0.057364023335679755,0.004305555555555555,0.7982456140350878,0.8,0.7105263157894737
switch_hi,mappo,123,21016,192,140,3,49,0.7291666666666666,0.015625,4.666666666666667,6.014285714285714,11.049999999999983,1.3888888888888888,14,10,9.423899776828959,0.21191200319306108,0.032006172839506165,0.7172263203076424,0.02265172735760971,0.3235791795350619,0.05813069390945803,0.006722689075630252,0.6777777777777778,0.6530612244897959,0.8867924528301887
switch_hi,mappo,123,21017,192,147,2,43,0.765625,0.010416666666666666,4.9,6.034013605442177,10.699999999999989,1.2930555555555556,12,10,10.510074735336252,0.1977500239035194,0.029691358024691365,0.7085086545595004,0.021897759103641456,0.33071478630302165,0.056767471055282334,0.0043417366946778705,0.7934782608695652,0.6842105263157895,0.813953488372093
switch_hi,mappo,123,21018,192,147,2,43,0.765625,0.010416666666666666,4.9,5.877551020408164,11.0,1.3180555555555555,13,13,11.247137576924999,0.18944616152962687,0.030246913580246917,0.7229245054788694,0.02845816220816221,0.34156986531986533,0.0592360867512621,0.005341880341880341,0.7692307692307693,0.7169811320754716,0.8285714285714286
switch_hi,mappo,123,21019,192,159,1,32,0.828125,0.005208333333333333,5.3,5.80503144654088,10.0,1.2166666666666666,8,15,11.083111141415829,0.19686183300828772,0.027654320987654323,0.6793324321588384,0.030918902648778814,0.3359033361432742,0.05345752067852375,0.00196078431372549,0.8415841584158416,0.7931034482758621,0.8484848484848485
switch_hi,mappo,123,21020,192,153,2,37,0.796875,0.010416666666666666,5.1,5.313725490196078,9.0,1.1277777777777778,7,4,12.404223288451957,0.18517082507910582,0.025833333333333333,0.6908696745121045,0.008647292250233425,0.3519806255835668,0.05744988610921046,0.004044117647058824,0.8089887640449438,0.7352941176470589,0.8857142857142857
switch_hi,global_dijkstra,-1,21001,192,139,5,48,0.7239583333333334,0.026041666666666668,4.633333333333334,6.273381294964029,13.0,1.413888888888889,13,37,9.072319012658287,0.2065747507973443,0.03253086419753086,0.7461799473889712,0.08635268326444798,0.32779488757429937,0.05891005046003987,0.0114000814000814,0.7142857142857143,0.6956521739130435,0.7948717948717948
switch_hi,global_dijkstra,-1,21002,192,131,8,53,0.6822916666666666,0.041666666666666664,4.366666666666666,7.061068702290076,15.0,1.5763888888888888,14,46,7.5280366596343,0.21647759473355638,0.03629629629629629,0.7501516704674638,0.10744133589721824,0.3172542190924544,0.06103676414841579,0.01772607022607022,0.7525773195876289,0.5344827586206896,0.7297297297297297
switch_hi,global_dijkstra,-1,21003,192,150,3,39,0.78125,0.015625,5.0,5.486666666666666,12.0,1.2375,16,38,12.612537195239117,0.17359935920192876,0.028333333333333325,0.748092331498883,0.09101107226107226,0.3644343156843158,0.06078013294724524,0.006547619047619048,0.8018018018018018,0.7391304347826086,0.7714285714285715
switch_hi,global_dijkstra,-1,21004,192,141,4,47,0.734375,0.020833333333333332,4.7,6.24113475177305,11.0,1.3736111111111111,12,38,8.673716527375714,0.2254328061651133,0.03160493827160494,0.7497614346802198,0.08730260480260481,0.32873880748880757,0.05786390106898297,0.009706959706959705,0.7469879518072289,0.6716417910447762,0.8095238095238095
switch_hi,global_dijkstra,-1,21005,192,129,7,56,0.671875,0.036458333333333336,4.3,6.883720930232558,14.0,1.5652777777777778,13,42,7.799730999355202,0.21998667031208272,0.03614197530864197,0.754577443915554,0.10087732528908999,0.32280484221660694,0.06194591516522109,0.017445299798240974,0.6914893617021277,0.6440677966101694,0.6666666666666666
switch_hi,global_dijkstra,-1,21006,192,133,3,56,0.6927083333333334,0.015625,4.433333333333334,6.2180451127819545,13.399999999999991,1.4472222222222222,18,34,9.83274855454533,0.20374708449370751,0.03351851851851852,0.7638869896074855,0.08980824730824731,0.3378989066489067,0.06382913671015102,0.008372183372183373,0.7326732673267327,0.574468085106383,0.7272727272727273
switch_hi,global_dijkstra,-1,21007,192,143,3,46,0.7447916666666666,0.015625,4.766666666666667,6.559440559440559,15.0,1.461111111111111,15,33,10.247319804760915,0.21240573318645914,0.03351851851851851,0.736347611450173,0.07900863025863027,0.34585747585747584,0.06034924245905139,0.007722832722832722,0.7052631578947368,0.7413793103448276,0.8461538461538461
switch_hi,global_dijkstra,-1,21008,192,144,1,47,0.75,0.005208333333333333,4.8,6.555555555555555,11.849999999999994,1.4055555555555554,12,46,9.806045178491258,0.21951785544392843,0.03231481481481482,0.7367924653562448,0.10400048480930835,0.3385208092561035,0.058799506581205696,0.0022222222222222222,0.7294117647058823,0.75,0.7843137254901961
switch_hi,global_dijkstra,-1,21009,192,139,1,52,0.7239583333333334,0.005208333333333333,4.633333333333334,6.611510791366906,11.0,1.4430555555555555,10,45,9.061320968089667,0.21486578929390174,0.03330246913580247,0.7457204297233344,0.10036953242835596,0.3240875546022605,0.05810696207650359,0.0020833333333333333,0.7264150943396226,0.7142857142857143,0.7297297297297297
switch_hi,global_dijkstra,-1,21010,192,133,7,52,0.6927083333333334,0.036458333333333336,4.433333333333334,6.7293233082706765,13.399999999999991,1.5138888888888888,14,40,7.895705019338634,0.21250654529364893,0.03487654320987654,0.7309105356294734,0.09305210040504158,0.3159341801988861,0.059380889501278136,0.015315425315425315,0.6875,0.6666666666666666,0.7435897435897436
switch_hi,global_dijkstra,-1,21011,192,137,7,48,0.7135416666666666,0.036458333333333336,4.566666666666666,6.109489051094891,12.199999999999989,1.4416666666666667,12,33,9.053209518684165,0.1953589456195797,0.03314814814814814,0.7326014207838749,0.07533595489477843,0.3247249156072685,0.05937769950912119,0.015766806722689077,0.7653061224489796,0.6363636363636364,0.6923076923076923
switch_hi,global_dijkstra,-1,21012,192,134,5,53,0.6979166666666666,0.026041666666666668,4.466666666666667,6.350746268656716,12.349999999999994,1.4597222222222221,13,49,8.488745180699697,0.20317156132143177,0.03370370370370371,0.7446153414313478,0.1126914751914752,0.32013708513708516,0.060149774516892,0.012083333333333333,0.7766990291262136,0.64,0.5641025641025641
switch_hi,global_dijkstra,-1,21013,192,135,6,51,0.703125,0.03125,4.5,6.4,14.0,1.4402777777777778,13,31,8.972000178027077,0.20536091697208458,0.03320987654320988,0.7642157716615026,0.07669709919709919,0.32979710104710114,0.061250935684562184,0.015356310356310358,0.7115384615384616,0.6896551724137931,0.7
switch_hi,global_dijkstra,-1,21014,192,145,2,45,0.7552083333333334,0.010416666666666666,4.833333333333333,6.537931034482758,12.0,1.413888888888889,10,39,9.014038021152846,0.22033256186060374,0.03243827160493827,0.7240240065890136,0.08685954296248415,0.32586333601039486,0.05677440062599383,0.0047619047619047615,0.7326732673267327,0.8032786885245902,0.7333333333333333
switch_hi,global_dijkstra,-1,21015,192,137,6,49,0.7135416666666666,0.03125,4.566666666666666,6.197080291970803,13.0,1.4277777777777778,13,43,9.696047830687663,0.1815478605425072,0.03287037037037037,0.7379413670327077,0.10083529817275946,0.3311705279584538,0.060243723684072444,0.015654868007809183,0.7543859649122807,0.65,0.6578947368421053
switch_hi,global_dijkstra,-1,21016,192,137,4,51,0.7135416666666666,0.020833333333333332,4.566666666666666,6.547445255474453,12.0,1.4569444444444444,11,33,8.128742765304874,0.22504703884787886,0.03358024691358024,0.7340239122909923,0.07448514448514448,0.317928180207592,0.058200903659621724,0.009433760683760683,0.6777777777777778,0.6530612244897959,0.8301886792452831
switch_hi,global_dijkstra,-1,21017,192,134,5,53,0.6979166666666666,0.026041666666666668,4.466666666666667,6.440298507462686,14.349999999999994,1.4958333333333333,16,40,8.698384842938342,0.21160038132341277,0.03450617283950617,0.7395392957532965,0.09655372405372403,0.3261360861360861,0.05997653001438131,0.011929181929181928,0.7282608695652174,0.631578947368421,0.7209302325581395
switch_hi,global_dijkstra,-1,21018,192,144,1,47,0.75,0.005208333333333333,4.8,6.361111111111111,12.0,1.4013888888888888,17,38,10.921719285204606,0.20132609792752068,0.03222222222222222,0.7481181107330136,0.08916493637081872,0.34746877849819024,0.060033683085915376,0.002564102564102564,0.75,0.7358490566037735,0.7714285714285715
switch_hi,global_dijkstra,-1,21019,192,147,3,42,0.765625,0.015625,4.9,6.238095238095238,13.699999999999989,1.4,12,39,9.307322293322944,0.1960895800633057,0.03203703703703703,0.7160378515078692,0.0846612619406737,0.31927107392664666,0.055101444387761433,0.006266339869281046,0.8118811881188119,0.6724137931034483,0.7878787878787878
switch_hi,global_dijkstra,-1,21020,192,146,4,42,0.7604166666666666,0.020833333333333332,4.866666666666666,5.712328767123288,11.0,1.261111111111111,12,29,10.7213503643475,0.18909485510223029,0.02895061728395061,0.724308576356904,0.0641525602593714,0.33975946081209246,0.05851861551100965,0.009385997988939165,0.797752808988764,0.6617647058823529,0.8571428571428571
