scenario,policy,policy_seed,workload_seed,generated,delivered,dropped,backlog,delivery_ratio,drop_rate,throughput_packets_per_slot,average_delay_slots,p95_delay_slots,mean_queue_packets,max_queue_packets,routing_switches,episode_reward,global_delay_cost,global_queue_cost,global_load_imbalance,global_switch_cost,global_throughput_reward,global_control_overhead_ratio,global_drop_cost,class_0_delivery_ratio,class_1_delivery_ratio,class_2_delivery_ratio
medium_load,mappo,7,11001,192,85,18,89,0.4427083333333333,0.09375,2.8333333333333335,5.4941176470588236,11.0,1.8777777777777778,14,73,-9.815083324525004,0.22628115252211428,0.04410493827160495,0.6811349560720058,0.11966415043006776,0.1819866819054126,0.0506217419074215,0.03000761125475084,0.5,0.4166666666666667,0.36363636363636365
medium_load,mappo,7,11002,192,85,24,83,0.4427083333333333,0.125,2.8333333333333335,5.788235294117647,12.0,2.0180555555555557,18,25,-10.452019032058718,0.2279358816438642,0.04703703703703704,0.6820397097521311,0.04476744445784693,0.17606624440754207,0.050500081290142475,0.039972130023449175,0.4659090909090909,0.45714285714285713,0.35294117647058826
medium_load,mappo,7,11003,192,83,28,81,0.4322916666666667,0.14583333333333334,2.7666666666666666,6.542168674698795,13.899999999999991,2.0416666666666665,18,31,-11.266833377540507,0.214394452445856,0.04750000000000001,0.6845813963746586,0.053665847253308564,0.16904973065576778,0.05094650068793136,0.05157380187178949,0.5,0.373134328358209,0.3548387096774194
medium_load,mappo,7,11004,192,89,22,81,0.4635416666666667,0.11458333333333333,2.966666666666667,5.674157303370786,12.0,1.9805555555555556,17,22,-8.443998149295993,0.17592240038411863,0.046141975308641975,0.6784172754071348,0.038547491853454977,0.17951095567783545,0.049938997425180855,0.03787024994219771,0.5420560747663551,0.32608695652173914,0.41025641025641024
medium_load,mappo,7,11005,192,96,19,77,0.5,0.09895833333333333,3.2,6.447916666666667,12.0,1.9083333333333334,18,50,-8.278353557361774,0.20962541440381793,0.044413580246913574,0.6947940191879237,0.08443974054268172,0.2040520536108771,0.05199620088263742,0.0347041847041847,0.47706422018348627,0.44680851063829785,0.6388888888888888
medium_load,mappo,7,11006,192,109,14,69,0.5677083333333334,0.07291666666666667,3.6333333333333333,5.761467889908257,12.0,1.6777777777777778,14,32,-4.465879611426679,0.1799199957300347,0.03904320987654321,0.6780003187406806,0.05311883716110395,0.23275527519100006,0.05194546578014809,0.0242000835421888,0.5585585585585585,0.5102040816326531,0.6875
medium_load,mappo,7,11007,192,96,23,73,0.5,0.11979166666666667,3.2,5.854166666666667,11.0,1.8319444444444444,10,36,-7.92293565896115,0.19316722036778325,0.04259259259259259,0.6801399596775978,0.058911654022032266,0.19917990076036246,0.05033485870822666,0.03916528293177236,0.5168539325842697,0.4166666666666667,0.5813953488372093
medium_load,mappo,7,11008,192,91,17,84,0.4739583333333333,0.08854166666666667,3.033333333333333,6.4945054945054945,13.0,2.0083333333333333,18,31,-9.009732949087935,0.2261099712503521,0.046851851851851846,0.6963375617804489,0.05651004820946939,0.19800633538350595,0.05352158357557978,0.0339613503908833,0.5,0.4666666666666667,0.4117647058823529
medium_load,mappo,7,11009,192,94,18,80,0.4895833333333333,0.09375,3.1333333333333333,6.329787234042553,13.0,1.9652777777777777,16,30,-9.558133431542528,0.2439740928165008,0.0457716049382716,0.7136638195655156,0.05441736801509314,0.19898207795704093,0.05315742079138742,0.031473050700066445,0.4631578947368421,0.4067796610169492,0.6842105263157895
medium_load,mappo,7,11010,192,85,24,83,0.4427083333333333,0.125,2.8333333333333335,6.294117647058823,13.599999999999994,2.0,13,29,-9.89742192308297,0.22147855300785144,0.046635802469135804,0.6929880446042038,0.050560539192589266,0.18527581560913775,0.05182884623632486,0.039944742786814404,0.39285714285714285,0.4696969696969697,0.5
medium_load,mappo,7,11011,192,84,24,84,0.4375,0.125,2.8,6.75,13.0,2.0555555555555554,21,38,-11.401381524838914,0.2451636293139653,0.04790123456790123,0.6833881659582993,0.069088941530892,0.17514219412052232,0.05072080304297556,0.04313093525554826,0.4634146341463415,0.4090909090909091,0.4318181818181818
medium_load,mappo,7,11012,192,98,17,77,0.5104166666666666,0.08854166666666667,3.2666666666666666,6.0,14.149999999999991,1.8291666666666666,14,47,-8.063737776634781,0.2062281823042227,0.04265432098765432,0.7042419594031917,0.07823204029086382,0.20296291671291675,0.05056247045177067,0.03077090937385055,0.5168539325842697,0.5423728813559322,0.45454545454545453
medium_load,mappo,7,11013,192,96,22,74,0.5,0.11458333333333333,3.2,6.03125,13.0,1.8333333333333333,19,25,-7.983521975168793,0.20114940421473598,0.04265432098765432,0.6944610233634182,0.042423968790067865,0.20836858317121473,0.05306429971471619,0.04327998454933439,0.5625,0.38095238095238093,0.5454545454545454
medium_load,mappo,7,11014,192,98,14,80,0.5104166666666666,0.07291666666666667,3.2666666666666666,6.295918367346939,13.0,1.8902777777777777,21,22,-7.339208332856154,0.2029185092545856,0.044104938271604936,0.6926547206985668,0.03980951152390781,0.2028078458922112,0.05155027894112722,0.026304609563123495,0.5208333333333334,0.3888888888888889,0.6428571428571429
medium_load,mappo,7,11015,192,84,23,85,0.4375,0.11979166666666667,2.8,6.226190476190476,12.0,2.0833333333333335,19,33,-10.483232099849653,0.20073292277082544,0.04854938271604938,0.6851182784470192,0.05936634887873278,0.16767797762379805,0.05016923977960391,0.04288763166085148,0.5,0.3898305084745763,0.37777777777777777
medium_load,mappo,7,11016,192,91,17,84,0.4739583333333333,0.08854166666666667,3.033333333333333,6.087912087912088,15.0,1.9722222222222223,18,29,-8.280846410736576,0.21250861347917646,0.04604938271604938,0.7191448922927876,0.05143086474355824,0.20664907647105793,0.05510310475038528,0.032304658705587505,0.49056603773584906,0.39215686274509803,0.5428571428571428
medium_load,mappo,7,11017,192,85,22,85,0.4427083333333333,0.11458333333333333,2.8333333333333335,7.305882352941176,13.799999999999997,2.0527777777777776,13,64,-11.294556254062615,0.23078564323205636,0.04787037037037037,0.6696407928170611,0.1094129345101885,0.1661852539818955,0.048471547864611754,0.03911181940358142,0.46236559139784944,0.34375,0.5714285714285714
medium_load,mappo,7,11018,192,74,27,91,0.3854166666666667,0.140625,2.466666666666667,6.716216216216216,14.349999999999994,2.272222222222222,26,35,-13.40410762064311,0.25348490887247827,0.052932098765432097,0.7094544212468742,0.059838358522569045,0.16007230629134656,0.052421393598877215,0.04959029518240044,0.32558139534883723,0.4084507042253521,0.4857142857142857
medium_load,mappo,7,11019,192,96,24,72,0.5,0.125,3.2,5.5625,12.0,1.8972222222222221,15,27,-8.64742512301427,0.18766412854864079,0.04401234567901235,0.6898948873817051,0.04620216427878967,0.18983849598400682,0.04964599189907645,0.04294900762006026,0.5306122448979592,0.4666666666666667,0.47058823529411764
medium_load,mappo,7,11020,192,75,24,93,0.390625,0.125,2.5,6.506666666666667,15.0,2.238888888888889,19,26,-11.214215757804476,0.2049687629749938,0.052253086419753084,0.7091669064258237,0.046908384866555554,0.16386749787830013,0.053489296400949016,0.04272844787315107,0.3786407766990291,0.3673469387755102,0.45
medium_load,mappo,42,11001,192,32,49,111,0.16666666666666666,0.2552083333333333,1.0666666666666667,10.34375,19.9,3.0194444444444444,12,331,-25.0405666701716,0.3409556338526138,0.07015432098765433,0.5756618157803213,0.5043244185892928,0.05021320181217206,0.04185248198493125,0.07257591442374052,0.23863636363636365,0.1,0.11363636363636363
medium_load,mappo,42,11002,192,28,56,108,0.14583333333333334,0.2916666666666667,0.9333333333333333,9.321428571428571,17.599999999999994,2.9569444444444444,12,274,-25.62904350057027,0.3295887486053434,0.06867283950617284,0.5983246649319824,0.44394840954202913,0.04705734399485241,0.04438996056362636,0.08574905368383628,0.1590909090909091,0.08571428571428572,0.23529411764705882
medium_load,mappo,42,11003,192,38,48,106,0.19791666666666666,0.25,1.2666666666666666,9.473684210526315,20.299999999999997,2.8958333333333335,16,333,-23.64815522636027,0.3245736094783312,0.06725308641975308,0.5674561882920252,0.5130901938705816,0.060368378773278476,0.042085902914344255,0.07003889829976787,0.2127659574468085,0.1791044776119403,0.1935483870967742
medium_load,mappo,42,11004,192,44,41,107,0.22916666666666666,0.21354166666666666,1.4666666666666666,8.727272727272727,17.85,2.9347222222222222,13,325,-20.377409280453215,0.254838045770038,0.06814814814814814,0.5769605668414388,0.5021234203757087,0.07108262521019958,0.042097322318652264,0.05947048120961164,0.29906542056074764,0.10869565217391304,0.1794871794871795
medium_load,mappo,42,11005,192,31,46,115,0.16145833333333334,0.23958333333333334,1.0333333333333334,9.129032258064516,17.0,3.1013888888888888,13,344,-24.704042043820063,0.3318617210037001,0.07209876543209877,0.5720815489458211,0.5335954348107734,0.050900035001865664,0.042337688576993604,0.06936688724446162,0.1926605504587156,0.0851063829787234,0.16666666666666666
medium_load,mappo,42,11006,192,37,37,118,0.19270833333333334,0.19270833333333334,1.2333333333333334,8.864864864864865,20.199999999999996,2.936111111111111,13,296,-22.04597396794666,0.30199894054837995,0.0685185185185185,0.5973001200781584,0.46541346463694705,0.06532683817580844,0.04372328334563636,0.05630031930947262,0.21621621621621623,0.10204081632653061,0.25
medium_load,mappo,42,11007,192,39,50,103,0.203125,0.2604166666666667,1.3,8.820512820512821,18.1,2.8097222222222222,13,329,-22.70242597120246,0.2824247549766406,0.06524691358024691,0.5818432770287323,0.525392399935407,0.06589708812871418,0.044096738224059434,0.0767548152330761,0.25842696629213485,0.06666666666666667,0.27906976744186046
medium_load,mappo,42,11008,192,37,41,114,0.19270833333333334,0.21354166666666666,1.2333333333333334,9.621621621621621,21.0,2.9125,14,360,-23.30940526169209,0.31927495651471954,0.06787037037037039,0.5744632467506311,0.5679238608243184,0.061805448132679255,0.0425505765988177,0.06097418282200891,0.23469387755102042,0.11666666666666667,0.20588235294117646
medium_load,mappo,42,11009,192,35,51,106,0.18229166666666666,0.265625,1.1666666666666667,8.457142857142857,17.299999999999997,2.890277777777778,11,311,-23.116502849297916,0.27564380458436344,0.06712962962962964,0.5950137488130794,0.5055012766905349,0.060067715733013886,0.04426833366725466,0.07915202752159274,0.23157894736842105,0.1016949152542373,0.18421052631578946
medium_load,mappo,42,11010,192,28,59,105,0.14583333333333334,0.3072916666666667,0.9333333333333333,9.035714285714286,18.65,2.9166666666666665,13,320,-25.546332854563538,0.30891844175697064,0.06768518518518518,0.5958261222254867,0.5140901378811932,0.046528010783630655,0.04285803808920963,0.08825848382484537,0.16666666666666666,0.09090909090909091,0.19047619047619047
medium_load,mappo,42,11011,192,28,57,107,0.14583333333333334,0.296875,0.9333333333333333,10.071428571428571,25.65,3.0347222222222223,11,336,-26.913266292731905,0.35053908973094217,0.07037037037037036,0.5898012994336077,0.5356299828121407,0.044633072353828844,0.04323641940585103,0.08659467344249952,0.1951219512195122,0.09090909090909091,0.13636363636363635
medium_load,mappo,42,11012,192,47,40,105,0.24479166666666666,0.20833333333333334,1.5666666666666667,8.02127659574468,17.39999999999999,2.7430555555555554,10,327,-20.432432647093,0.2700479307124339,0.06382716049382715,0.5722311868593936,0.5053357467602319,0.07559349900883085,0.04229612994070943,0.059873035685392664,0.2696629213483146,0.1864406779661017,0.2727272727272727
medium_load,mappo,42,11013,192,41,46,105,0.21354166666666666,0.23958333333333334,1.3666666666666667,7.585365853658536,19.0,2.8125,10,298,-22.033309632490578,0.2832905489787426,0.06537037037037037,0.6023986895805691,0.4812579480165965,0.07157043662528922,0.044581426465249735,0.07004430267588162,0.2604166666666667,0.14285714285714285,0.21212121212121213
medium_load,mappo,42,11014,192,37,40,115,0.19270833333333334,0.20833333333333334,1.2333333333333334,10.216216216216216,19.199999999999996,2.9347222222222222,12,327,-23.75384947629778,0.3387247355416091,0.06839506172839507,0.5751532475552705,0.5143380599187235,0.05953893551147555,0.042671477685159886,0.06136034255599472,0.21875,0.09259259259259259,0.2619047619047619
medium_load,mappo,42,11015,192,33,47,112,0.171875,0.24479166666666666,1.1,9.454545454545455,21.4,2.966666666666667,11,329,-24.788335371180896,0.33779370425504573,0.06901234567901235,0.5805698918489225,0.514347854550439,0.05271736670074265,0.04270358783265324,0.07064206134572266,0.2159090909090909,0.1016949152542373,0.17777777777777778
medium_load,mappo,42,11016,192,36,43,113,0.1875,0.22395833333333334,1.2,7.472222222222222,18.75,2.959722222222222,13,358,-23.290127637292624,0.2970877523166661,0.06888888888888887,0.5886402175125871,0.5753682363064514,0.06157403406831325,0.044133558444510605,0.06673984037828432,0.2169811320754717,0.09803921568627451,0.22857142857142856
medium_load,mappo,42,11017,192,39,44,109,0.203125,0.22916666666666666,1.3,9.64102564102564,20.1,2.9097222222222223,12,279,-23.374422893035465,0.328891376298768,0.06765432098765432,0.6018560613052722,0.44169059081513656,0.06656905218690116,0.04361855244284853,0.06782134849640568,0.20430107526881722,0.140625,0.3142857142857143
medium_load,mappo,42,11018,192,31,58,103,0.16145833333333334,0.3020833333333333,1.0333333333333334,9.161290322580646,26.5,2.8958333333333335,13,341,-25.823482910351522,0.3188138098494163,0.06716049382716051,0.5984981656313609,0.5537090167874931,0.053120356109991315,0.04442273759066885,0.090024055527488,0.20930232558139536,0.07042253521126761,0.22857142857142856
medium_load,mappo,42,11019,192,26,51,115,0.13541666666666666,0.265625,0.8666666666666667,10.038461538461538,19.75,2.977777777777778,13,312,-27.425593643392986,0.3773012573849888,0.06935185185185185,0.5957478625244643,0.5106191591122269,0.04334910683409808,0.04345388594141043,0.08187938895133672,0.16326530612244897,0.06666666666666667,0.17647058823529413
medium_load,mappo,42,11020,192,30,47,115,0.15625,0.24479166666666666,1.0,6.933333333333334,18.19999999999999,2.9611111111111112,13,316,-23.03844503552855,0.27327810529652796,0.06898148148148148,0.5879536177965113,0.5131672420025496,0.05242101069214408,0.04332241720247254,0.07169219986725707,0.14563106796116504,0.08163265306122448,0.275
medium_load,mappo,1024,11001,192,50,40,102,0.2604166666666667,0.20833333333333334,1.6666666666666667,6.58,13.549999999999997,2.7111111111111112,12,149,-19.185405266460272,0.2705100161388486,0.0630246913580247,0.6113036038641394,0.24439244278253563,0.08542373461878107,0.043272620425958204,0.06528682818156502,0.29545454545454547,0.31666666666666665,0.11363636363636363
medium_load,mappo,1024,11002,192,51,43,98,0.265625,0.22395833333333334,1.7,7.176470588235294,18.0,2.629166666666667,15,138,-19.62436224379681,0.29934648373332123,0.06108024691358025,0.6025967871909759,0.21526730198354915,0.08640186461982799,0.042448775745159255,0.06507086226765861,0.3068181818181818,0.2714285714285714,0.14705882352941177
medium_load,mappo,1024,11003,192,44,46,102,0.22916666666666666,0.23958333333333334,1.4666666666666666,9.5,25.250000000000007,2.9125,14,160,-22.75518596825332,0.34006531416954494,0.06750000000000002,0.6206927722064122,0.2543452069360671,0.06960279761767177,0.04200925156594147,0.06911506368028106,0.23404255319148937,0.29850746268656714,0.06451612903225806
medium_load,mappo,1024,11004,192,38,39,115,0.19791666666666666,0.203125,1.2666666666666666,8.105263157894736,16.749999999999993,3.191666666666667,15,159,-20.315884519601543,0.26318899701209886,0.07410493827160494,0.6200357768933838,0.25043191256577985,0.06471122910482177,0.04289210086834875,0.05987609009348138,0.22429906542056074,0.1956521739130435,0.1282051282051282
medium_load,mappo,1024,11005,192,43,37,112,0.22395833333333334,0.19270833333333334,1.4333333333333333,6.953488372093023,18.499999999999993,2.75,14,205,-19.647789441237702,0.2788872782433611,0.06419753086419752,0.591399475301677,0.31601002396196903,0.07552674934708184,0.0428907347815274,0.05627184727299143,0.23853211009174313,0.23404255319148937,0.16666666666666666
medium_load,mappo,1024,11006,192,65,30,97,0.3385416666666667,0.15625,2.1666666666666665,7.969230769230769,18.0,2.529166666666667,11,149,-15.871647303321941,0.2503610360186078,0.058827160493827156,0.6113109469963018,0.2353343751341463,0.1081745561837095,0.04274531598600936,0.045492188970449834,0.35135135135135137,0.32653061224489793,0.3125
medium_load,mappo,1024,11007,192,59,35,98,0.3072916666666667,0.18229166666666666,1.9666666666666666,7.338983050847458,16.0,2.5819444444444444,11,154,-17.60803906516186,0.2722357819580138,0.06003086419753087,0.6058057562879567,0.2394167814133489,0.09758118963715276,0.041960501827574756,0.05342712842712842,0.3258426966292135,0.35,0.20930232558139536
medium_load,mappo,1024,11008,192,55,35,102,0.2864583333333333,0.18229166666666666,1.8333333333333333,6.381818181818182,17.0,2.547222222222222,12,172,-17.56378187089081,0.261327754599952,0.05938271604938271,0.6170976023137532,0.268572608168617,0.09791294793633602,0.043497631665999785,0.052919139086187145,0.32653061224489793,0.31666666666666665,0.11764705882352941
medium_load,mappo,1024,11009,192,54,40,98,0.28125,0.20833333333333334,1.8,6.388888888888889,12.349999999999994,2.5972222222222223,13,145,-17.835247931612408,0.23828731850447477,0.060370370370370366,0.6234927610846797,0.23623617398789024,0.09249761150790899,0.04342746443000463,0.06479175540960438,0.3157894736842105,0.3220338983050847,0.13157894736842105
medium_load,mappo,1024,11010,192,48,39,105,0.25,0.203125,1.6,6.583333333333333,17.249999999999993,2.7333333333333334,13,159,-19.37060701242988,0.2817539602069294,0.0636111111111111,0.6022673356012775,0.24552975867553875,0.07899812530987656,0.04222940287018188,0.058288871057749776,0.16666666666666666,0.4090909090909091,0.16666666666666666
medium_load,mappo,1024,11011,192,49,47,96,0.2552083333333333,0.24479166666666666,1.6333333333333333,8.673469387755102,19.599999999999994,2.7597222222222224,11,142,-20.230225006678673,0.28880649881358994,0.06391975308641974,0.5987894469547886,0.22148282237796305,0.07984713165020071,0.042317353639156445,0.07308488612836439,0.35365853658536583,0.22727272727272727,0.11363636363636363
medium_load,mappo,1024,11012,192,53,37,102,0.2760416666666667,0.19270833333333334,1.7666666666666666,8.716981132075471,23.4,2.727777777777778,13,181,-19.676001834179292,0.29286207073888704,0.06339506172839507,0.6205046331947771,0.2877183736680304,0.08874991183915668,0.04314087364781072,0.05883917633345549,0.25842696629213485,0.3559322033898305,0.20454545454545456
medium_load,mappo,1024,11013,192,48,42,102,0.25,0.21875,1.6,7.520833333333333,15.649999999999999,2.709722222222222,14,128,-19.552558241423192,0.27073983180402034,0.06299382716049381,0.6302198229267281,0.20812238202263775,0.08265955907361208,0.044078317022993384,0.06739697321269537,0.3125,0.19047619047619047,0.18181818181818182
medium_load,mappo,1024,11014,192,46,29,117,0.23958333333333334,0.15104166666666666,1.5333333333333334,8.130434782608695,15.5,2.827777777777778,13,184,-20.222287474820558,0.3157905682014717,0.06608024691358026,0.6088073704734762,0.28595538858124675,0.07376072207307906,0.04153547644294469,0.04359730848861284,0.22916666666666666,0.35185185185185186,0.11904761904761904
medium_load,mappo,1024,11015,192,53,35,104,0.2760416666666667,0.18229166666666666,1.7666666666666666,8.377358490566039,17.0,2.8319444444444444,14,153,-19.665736512136647,0.2950937816580055,0.06577160493827161,0.6194259646959032,0.24505471645059748,0.0844457597661259,0.043182435169802295,0.05683141758656633,0.25,0.3559322033898305,0.2222222222222222
medium_load,mappo,1024,11016,192,59,35,98,0.3072916666666667,0.18229166666666666,1.9666666666666666,7.305084745762712,16.0,2.6152777777777776,11,177,-17.525431760823416,0.24185038329450848,0.06077160493827161,0.6307224879498955,0.2839556505287088,0.0966558818456786,0.043263226871105016,0.05527322918627266,0.3584905660377358,0.2549019607843137,0.22857142857142856
medium_load,mappo,1024,11017,192,45,40,107,0.234375,0.20833333333333334,1.5,8.466666666666667,21.599999999999994,2.8583333333333334,12,144,-20.845456440869043,0.31251378854278716,0.0664506172839506,0.6064890812037078,0.2310238466558294,0.07353192780706579,0.042516383681767494,0.06126858648597777,0.22580645161290322,0.265625,0.2
medium_load,mappo,1024,11018,192,48,43,101,0.25,0.22395833333333334,1.6,7.666666666666667,18.0,2.7847222222222223,12,151,-20.411204394230847,0.2983048975430525,0.06462962962962962,0.6245668595553995,0.2392609057584155,0.08281412604336283,0.043542886498328874,0.06575161553422423,0.19767441860465115,0.3380281690140845,0.2
medium_load,mappo,1024,11019,192,41,41,110,0.21354166666666666,0.21354166666666666,1.3666666666666667,8.21951219512195,20.0,2.8513888888888888,11,156,-22.087431408164743,0.3314765230448541,0.06638888888888889,0.6103406664280594,0.24761931178407143,0.0684163224266199,0.04214324479525409,0.06479210212619822,0.1836734693877551,0.31666666666666665,0.11764705882352941
medium_load,mappo,1024,11020,192,32,43,117,0.16666666666666666,0.22395833333333334,1.0666666666666667,8.5625,19.799999999999997,3.0458333333333334,14,176,-23.407278021548077,0.33693904139336883,0.07092592592592593,0.6146612363643732,0.26697837896687004,0.053193452611611174,0.041147028100509936,0.06405436351088525,0.17475728155339806,0.16326530612244897,0.15
medium_load,delay_only,-1,11001,192,34,45,113,0.17708333333333334,0.234375,1.1333333333333333,8.588235294117647,19.0,3.0055555555555555,12,166,-23.511203487232283,0.3322420754103061,0.0699074074074074,0.6442330462463054,0.2469501363751936,0.05482476365485518,0.04048469067131775,0.06481664470794905,0.18181818181818182,0.2,0.13636363636363635
medium_load,delay_only,-1,11002,192,35,49,108,0.18229166666666666,0.2552083333333333,1.1666666666666667,9.342857142857143,22.09999999999998,2.8555555555555556,9,173,-23.027532816227453,0.3127811531772914,0.06641975308641976,0.6385210305982933,0.2609401401483108,0.05723391554627253,0.04092932861499219,0.07029691323169583,0.19318181818181818,0.12857142857142856,0.2647058823529412
medium_load,delay_only,-1,11003,192,21,60,111,0.109375,0.3125,0.7,9.571428571428571,20.0,3.0861111111111112,14,172,-27.041751278780108,0.34942980553208525,0.07163580246913583,0.6412311031734038,0.26242388173738285,0.031249021763895903,0.04038115844288844,0.09000643076730033,0.13829787234042554,0.07462686567164178,0.0967741935483871
medium_load,delay_only,-1,11004,192,31,42,119,0.16145833333333334,0.21875,1.0333333333333334,11.64516129032258,20.5,3.3055555555555554,15,157,-24.01804582187757,0.34496063612639166,0.07675925925925926,0.6310378965331064,0.23800348542440344,0.048321256038647335,0.040481505754328406,0.061854100006273914,0.18691588785046728,0.043478260869565216,0.23076923076923078
medium_load,delay_only,-1,11005,192,35,39,118,0.18229166666666666,0.203125,1.1666666666666667,10.6,21.599999999999994,3.0347222222222223,11,208,-23.064762929501708,0.330729046812564,0.07070987654320988,0.6325589168587792,0.31133684303761033,0.05672873730418486,0.04076372492784676,0.05618137900746597,0.1834862385321101,0.1702127659574468,0.19444444444444445
medium_load,delay_only,-1,11006,192,43,34,115,0.22395833333333334,0.17708333333333334,1.4333333333333333,7.930232558139535,18.9,2.8194444444444446,15,163,-19.10702295299182,0.2503424718022434,0.06583333333333333,0.6451725624162374,0.2454002791279006,0.07094459698679648,0.041411477278101745,0.04998666792145053,0.22522522522522523,0.22448979591836735,0.21875
medium_load,delay_only,-1,11007,192,35,55,102,0.18229166666666666,0.2864583333333333,1.1666666666666667,10.942857142857143,20.299999999999997,2.951388888888889,10,164,-24.02490940475793,0.31544521814077275,0.0683641975308642,0.6489885868877813,0.25235474225748816,0.05636674030266707,0.0420598031588625,0.08212799786026331,0.2696629213483146,0.03333333333333333,0.20930232558139536
medium_load,delay_only,-1,11008,192,37,43,112,0.19270833333333334,0.22395833333333334,1.2333333333333334,10.216216216216216,20.199999999999996,2.852777777777778,10,213,-22.871509573819175,0.3145784266126601,0.06648148148148149,0.6330337438643687,0.32091377158310797,0.057454230657891986,0.04035915067246026,0.06239648033126293,0.2755102040816326,0.08333333333333333,0.14705882352941177
medium_load,delay_only,-1,11009,192,40,46,106,0.20833333333333334,0.23958333333333334,1.3333333333333333,10.9,24.049999999999997,2.986111111111111,12,170,-23.342933426649935,0.32958841675283523,0.06925925925925927,0.6512839746047903,0.25689942907334207,0.06193675190814778,0.04068337411635757,0.06794262500784239,0.24210526315789474,0.11864406779661017,0.2631578947368421
medium_load,delay_only,-1,11010,192,30,53,109,0.15625,0.2760416666666667,1.0,9.9,18.0,2.8847222222222224,13,162,-24.98270838454944,0.34017656997173834,0.06709876543209876,0.6543361309178763,0.24708020560002658,0.048436987730465994,0.04122219603727684,0.07753450655624568,0.15476190476190477,0.12121212121212122,0.21428571428571427
medium_load,delay_only,-1,11011,192,33,47,112,0.171875,0.24479166666666666,1.1,8.93939393939394,19.4,2.9166666666666665,11,169,-22.59156839756198,0.29267774993253215,0.06790123456790123,0.6455216567245976,0.2517426939108861,0.05441695180825616,0.04093782423967215,0.06884214818997429,0.2073170731707317,0.15151515151515152,0.13636363636363635
medium_load,delay_only,-1,11012,192,36,46,110,0.1875,0.23958333333333334,1.2,11.86111111111111,26.0,2.9611111111111112,11,174,-23.98183450712885,0.3411331863869948,0.06882716049382716,0.6527806026686459,0.2626253586865715,0.058515038864009106,0.04164746135575704,0.06857476365485518,0.21348314606741572,0.13559322033898305,0.20454545454545456
medium_load,delay_only,-1,11013,192,37,46,109,0.19270833333333334,0.23958333333333334,1.2333333333333334,8.08108108108108,17.199999999999996,2.9194444444444443,13,142,-21.39533371384008,0.2769450984055409,0.06787037037037037,0.6486381009814907,0.2136057839449951,0.06263151158628343,0.04184244590397888,0.06798748353096179,0.20833333333333334,0.1746031746031746,0.18181818181818182
medium_load,delay_only,-1,11014,192,36,39,117,0.1875,0.203125,1.2,10.277777777777779,21.0,2.952777777777778,9,163,-22.939363738245923,0.33125891686203396,0.06885802469135803,0.6404626077390964,0.2428033993571078,0.05501393888861919,0.04039434648706787,0.057748290356986,0.19791666666666666,0.12962962962962962,0.23809523809523808
medium_load,delay_only,-1,11015,192,37,47,108,0.19270833333333334,0.24479166666666666,1.2333333333333334,10.08108108108108,22.0,2.9569444444444444,14,185,-23.77056054402054,0.33209190629090773,0.06867283950617284,0.6383076719002175,0.2802327293860475,0.05805171277997365,0.04059127022435202,0.07108287847418282,0.25,0.11864406779661017,0.17777777777777778
medium_load,delay_only,-1,11016,192,43,38,111,0.22395833333333334,0.19791666666666666,1.4333333333333333,11.162790697674419,22.799999999999997,3.0430555555555556,10,207,-22.602803138560613,0.33438020899819815,0.07067901234567903,0.6370241400754127,0.30770552864374373,0.06621594588985893,0.040830847988047834,0.05539949181253529,0.25471698113207547,0.1568627450980392,0.22857142857142856
medium_load,delay_only,-1,11017,192,31,54,107,0.16145833333333334,0.28125,1.0333333333333334,10.806451612903226,19.0,3.0180555555555557,10,186,-25.63417252845564,0.3511155599708712,0.07,0.6376780266567776,0.2833387679783561,0.04736827383566514,0.04045073676109372,0.08127078235773887,0.1827956989247312,0.09375,0.22857142857142856
medium_load,delay_only,-1,11018,192,32,55,105,0.16666666666666666,0.2864583333333333,1.0666666666666667,10.40625,24.45,2.9569444444444444,12,179,-25.360131145081162,0.34515249681514454,0.06858024691358025,0.6436171360757398,0.2736670480549199,0.05127280244321568,0.041783959703816,0.08357312087861286,0.1744186046511628,0.14084507042253522,0.2
medium_load,delay_only,-1,11019,192,38,51,103,0.19791666666666666,0.265625,1.2666666666666666,9.210526315789474,20.04999999999999,2.763888888888889,11,175,-22.210080862501208,0.27937366458798,0.0642283950617284,0.6388392577860268,0.2657986369084767,0.05977747525802445,0.0408174966313368,0.07623674634544199,0.23469387755102042,0.13333333333333333,0.20588235294117646
medium_load,delay_only,-1,11020,192,37,43,112,0.19270833333333334,0.22395833333333334,1.2333333333333334,9.675675675675675,20.99999999999998,2.9722222222222223,11,168,-22.116158267792454,0.30519794470587824,0.0691358024691358,0.6461954672572374,0.24913751042334967,0.06104527623406342,0.04165655707513554,0.06084917497960975,0.22330097087378642,0.12244897959183673,0.2
medium_load,full_heuristic,-1,11001,192,60,31,101,0.3125,0.16145833333333334,2.0,7.816666666666666,21.049999999999997,2.4972222222222222,10,76,-16.271934358946876,0.2599806164756237,0.05824074074074074,0.6227893467049623,0.11667968229753127,0.0978888646737617,0.041397442654547055,0.046365989083380396,0.3522727272727273,0.25,0.3181818181818182
medium_load,full_heuristic,-1,11002,192,55,36,101,0.2864583333333333,0.1875,1.8333333333333333,8.163636363636364,20.299999999999997,2.425,10,88,-18.742901034514606,0.318151370396158,0.0566358024691358,0.6202149931095112,0.13889201208995264,0.09335968210110086,0.04189145162249516,0.05297383775644645,0.3409090909090909,0.21428571428571427,0.29411764705882354
medium_load,full_heuristic,-1,11003,192,61,40,91,0.3177083333333333,0.20833333333333334,2.033333333333333,10.163934426229508,23.0,2.5972222222222223,9,83,-19.26449666657476,0.3195413759314005,0.06015432098765431,0.6312281478692031,0.1248464735037625,0.09428414580588494,0.040494383288720695,0.05921027040592257,0.3829787234042553,0.23880597014925373,0.2903225806451613
medium_load,full_heuristic,-1,11004,192,55,30,107,0.2864583333333333,0.15625,1.8333333333333333,8.381818181818181,19.0,2.7333333333333334,13,78,-16.37417565737466,0.23594527227435477,0.06367283950617285,0.6429311058248355,0.11967232076937284,0.08936364296776195,0.04127281735887791,0.044061149249936434,0.3644859813084112,0.15217391304347827,0.23076923076923078
medium_load,full_heuristic,-1,11005,192,67,23,102,0.3489583333333333,0.11979166666666667,2.2333333333333334,9.134328358208956,19.0,2.5722222222222224,11,82,-16.104423361466097,0.29653035383818155,0.059938271604938274,0.6347981308444297,0.12201173530457417,0.11046658466095806,0.041548406728584855,0.03365502854633289,0.3394495412844037,0.3617021276595745,0.3611111111111111
medium_load,full_heuristic,-1,11006,192,74,19,99,0.3854166666666667,0.09895833333333333,2.466666666666667,7.405405405405405,16.049999999999983,2.323611111111111,11,78,-13.018519528927252,0.24896471621955713,0.05432098765432099,0.6495826273178381,0.12170863175725878,0.1345558192187954,0.045111948047597564,0.028498274121843914,0.36036036036036034,0.4489795918367347,0.375
medium_load,full_heuristic,-1,11007,192,72,32,88,0.375,0.16666666666666666,2.4,8.527777777777779,21.0,2.359722222222222,9,77,-15.005312119824108,0.25379894467175385,0.05478395061728395,0.621082358526823,0.12004334232595101,0.11732550661898489,0.04232531280643108,0.04920979986197376,0.43820224719101125,0.2833333333333333,0.37209302325581395
medium_load,full_heuristic,-1,11008,192,65,24,103,0.3385416666666667,0.125,2.1666666666666665,8.246153846153845,20.0,2.4625,10,96,-15.876513314811026,0.27747675402218974,0.057530864197530854,0.6490050611267139,0.14937819260103555,0.11220081044922879,0.04296060127266951,0.035721528400556535,0.37755102040816324,0.3333333333333333,0.23529411764705882
medium_load,full_heuristic,-1,11009,192,67,31,94,0.3489583333333333,0.16145833333333334,2.2333333333333334,7.432835820895522,16.0,2.2888888888888888,10,85,-14.874941244726626,0.23037618771966042,0.05339506172839505,0.6550015505783517,0.13629621957189594,0.11590298856754638,0.04362695780181188,0.0477111999366004,0.4,0.23728813559322035,0.39473684210526316
medium_load,full_heuristic,-1,11010,192,59,35,98,0.3072916666666667,0.18229166666666666,1.9666666666666666,8.220338983050848,18.399999999999977,2.4916666666666667,10,79,-17.507466010047047,0.2800800504476338,0.05802469135802469,0.6511847714383722,0.12867170809104445,0.1023741057865772,0.043690776249162025,0.05306740170584563,0.2857142857142857,0.30303030303030304,0.35714285714285715
medium_load,full_heuristic,-1,11011,192,67,27,98,0.3489583333333333,0.140625,2.2333333333333334,8.552238805970148,20.0,2.4430555555555555,13,74,-15.861873799645657,0.28357263129387184,0.05694444444444444,0.6343067971187556,0.11383502447508367,0.1127591673356581,0.04250881813490704,0.04047399460442938,0.3902439024390244,0.3181818181818182,0.3181818181818182
medium_load,full_heuristic,-1,11012,192,65,29,98,0.3385416666666667,0.15104166666666666,2.1666666666666665,7.7846153846153845,18.0,2.4180555555555556,13,69,-16.4413655557638,0.2808344930025924,0.05638888888888889,0.6459051328180409,0.10661851433590566,0.10795952555543348,0.042480604474380644,0.04474731789949181,0.3595505617977528,0.3559322033898305,0.2727272727272727
medium_load,full_heuristic,-1,11013,192,71,26,95,0.3697916666666667,0.13541666666666666,2.3666666666666667,7.873239436619718,20.0,2.379166666666667,11,59,-14.242021948918643,0.2553725657389232,0.055432098765432106,0.6483755547638154,0.08879416096235318,0.12489649617543683,0.044003203510970305,0.039230941319042006,0.40625,0.30158730158730157,0.3939393939393939
medium_load,full_heuristic,-1,11014,192,65,25,102,0.3385416666666667,0.13020833333333334,2.1666666666666665,9.092307692307692,20.0,2.5388888888888888,10,83,-16.40423111233983,0.28532018809420534,0.059197530864197524,0.6328576117301564,0.12901978006837342,0.10291050192584719,0.04179242437026784,0.03676924524750611,0.3333333333333333,0.2962962962962963,0.40476190476190477
medium_load,full_heuristic,-1,11015,192,85,17,90,0.4427083333333333,0.08854166666666667,2.8333333333333335,7.858823529411764,17.599999999999994,2.1944444444444446,9,54,-12.727881209226457,0.2668683549566077,0.05117283950617283,0.6582111327863821,0.08695694016228409,0.14438295612545177,0.043576639392004506,0.027183687149362205,0.4431818181818182,0.4067796610169492,0.4888888888888889
medium_load,full_heuristic,-1,11016,192,66,26,100,0.34375,0.13541666666666666,2.2,8.93939393939394,20.0,2.4805555555555556,10,97,-15.791880523089725,0.2664233800264148,0.057839506172839505,0.6482512694622836,0.1497231992443326,0.11058987030080043,0.04240912472843243,0.03828479301019346,0.4056603773584906,0.19607843137254902,0.37142857142857144
medium_load,full_heuristic,-1,11017,192,65,31,96,0.3385416666666667,0.16145833333333334,2.1666666666666665,9.892307692307693,20.0,2.536111111111111,11,86,-17.798062561323444,0.3071211949462965,0.05895061728395061,0.6420268424908393,0.13122210720036806,0.10281069384044213,0.041640846447425765,0.04659326181065312,0.3548387096774194,0.25,0.45714285714285713
medium_load,full_heuristic,-1,11018,192,59,34,99,0.3072916666666667,0.17708333333333334,1.9666666666666666,7.627118644067797,17.0,2.4875,10,85,-17.989343785024182,0.29383810213654227,0.05796296296296296,0.6385150887074216,0.13345316244057664,0.09840085776584634,0.042678375602893975,0.053011010728402023,0.26744186046511625,0.3380281690140845,0.34285714285714286
medium_load,full_heuristic,-1,11019,192,58,42,92,0.3020833333333333,0.21875,1.9333333333333333,7.931034482758621,16.749999999999993,2.433333333333333,8,77,-17.66474124701611,0.2514758592438365,0.0565432098765432,0.6438683051724495,0.12052982698291621,0.09311799481135866,0.041664403515865575,0.06407185618856098,0.3877551020408163,0.21666666666666667,0.20588235294117646
medium_load,full_heuristic,-1,11020,192,63,28,101,0.328125,0.14583333333333334,2.1,7.222222222222222,16.0,2.4166666666666665,10,85,-15.146573327286966,0.24928193500184548,0.05645061728395061,0.6404975455290047,0.13349669463513855,0.11222764586036897,0.043583962712581546,0.041796066252587985,0.3300970873786408,0.30612244897959184,0.35
medium_load,random,-1,11001,192,45,42,105,0.234375,0.21875,1.5,9.6,19.799999999999997,2.9027777777777777,14,209,-20.67666222058044,0.3165678110987483,0.06737654320987653,0.539096146736978,0.318539170169605,0.0717268440094527,0.04204902701548272,0.0623729531338227,0.29545454545454547,0.2,0.1590909090909091
medium_load,random,-1,11002,192,33,46,113,0.171875,0.23958333333333334,1.1,8.090909090909092,20.799999999999997,2.8944444444444444,17,210,-22.833586485632885,0.3350428704981168,0.06743827160493826,0.5451095334961068,0.327257756545514,0.0540884669402976,0.041920285882536275,0.06905232448710709,0.1590909090909091,0.2,0.14705882352941177
medium_load,random,-1,11003,192,37,54,101,0.19270833333333334,0.28125,1.2333333333333334,10.216216216216216,19.199999999999996,2.841666666666667,12,245,-24.316329713704885,0.3531702721416328,0.06589506172839506,0.5581299364477507,0.3779729992914808,0.05676686792415693,0.041680317547747134,0.07968206913859088,0.26595744680851063,0.08955223880597014,0.1935483870967742
medium_load,random,-1,11004,192,29,36,127,0.15104166666666666,0.1875,0.9666666666666667,7.482758620689655,17.799999999999994,3.1958333333333333,12,201,-22.206995489286314,0.32347064594954417,0.07456790123456788,0.5686134970246486,0.311022043551489,0.05032859166827399,0.04282349311479488,0.05348594642072902,0.1588785046728972,0.15217391304347827,0.1282051282051282
medium_load,random,-1,11005,192,30,50,112,0.15625,0.2604166666666667,1.0,10.5,22.549999999999997,3.15,12,282,-24.240453680951017,0.33645635526269424,0.07308641975308643,0.538777630327326,0.4331011486818123,0.04675226851714265,0.04159689298551014,0.07321271723445637,0.1834862385321101,0.06382978723404255,0.19444444444444445
medium_load,random,-1,11006,192,32,40,120,0.16666666666666666,0.20833333333333334,1.0666666666666667,7.34375,14.899999999999999,3.022222222222222,12,224,-22.50253755247521,0.33037372251784813,0.07049382716049384,0.5400764244554856,0.3400695980146444,0.049594575643169,0.04114969736688167,0.060168925277620924,0.16216216216216217,0.20408163265306123,0.125
medium_load,random,-1,11007,192,35,47,110,0.18229166666666666,0.24479166666666666,1.1666666666666667,9.657142857142857,20.0,2.9055555555555554,11,259,-23.78535511450058,0.34863153941433744,0.06759259259259259,0.5520823843485115,0.39550962661374556,0.05484578128456847,0.04167894155660713,0.07026005395570613,0.2247191011235955,0.15,0.13953488372093023
medium_load,random,-1,11008,192,24,45,123,0.125,0.234375,0.8,13.833333333333334,27.699999999999996,3.1569444444444446,15,256,-26.652947999825155,0.41169158350641183,0.07358024691358024,0.5515314488638112,0.399537314960656,0.038777262655981186,0.04194303730480922,0.06778142655717027,0.17346938775510204,0.06666666666666667,0.08823529411764706
medium_load,random,-1,11009,192,41,44,107,0.21354166666666666,0.22916666666666666,1.3666666666666667,9.170731707317072,20.0,2.873611111111111,11,256,-22.286318198291756,0.3353899498354194,0.06679012345679011,0.5367465539208562,0.3942766212302826,0.0645014476793653,0.04134916709843341,0.06584730105897155,0.24210526315789474,0.1864406779661017,0.18421052631578946
medium_load,random,-1,11010,192,34,57,101,0.17708333333333334,0.296875,1.1333333333333333,9.970588235294118,22.699999999999996,2.904166666666667,11,257,-24.5116012819408,0.3418387805197816,0.06728395061728394,0.5515198265944223,0.4051342249430821,0.05639310045084712,0.04240110881740453,0.08657338339260535,0.2619047619047619,0.12121212121212122,0.09523809523809523
medium_load,random,-1,11011,192,30,53,109,0.15625,0.2760416666666667,1.0,10.466666666666667,21.099999999999994,3.0236111111111112,14,246,-25.080163547347617,0.37509525794852466,0.07018518518518518,0.5302879422924508,0.37193404707420724,0.047157676419690146,0.041212460301748306,0.07771268586485977,0.2073170731707317,0.10606060606060606,0.13636363636363635
medium_load,random,-1,11012,192,32,51,109,0.16666666666666666,0.265625,1.0666666666666667,9.40625,17.9,2.9916666666666667,13,261,-24.117366037632678,0.33664190565298174,0.0694753086419753,0.5469738667725448,0.3960967636482511,0.04863530697626806,0.04084855224518022,0.07608476064997802,0.20224719101123595,0.1016949152542373,0.18181818181818182
medium_load,random,-1,11013,192,31,51,110,0.16145833333333334,0.265625,1.0333333333333334,9.258064516129032,19.0,2.951388888888889,15,244,-24.430374227523846,0.3482809030872118,0.06861111111111112,0.5504009874861197,0.3826885835581488,0.05093617332747767,0.041773329363436744,0.07856640943597465,0.1875,0.06349206349206349,0.2727272727272727
medium_load,random,-1,11014,192,46,38,108,0.23958333333333334,0.19791666666666666,1.5333333333333334,10.065217391304348,20.0,2.7930555555555556,14,233,-20.949618412973205,0.3315580318609622,0.06503086419753086,0.5437106305407945,0.3619514312768788,0.07321254690180522,0.042142646867232,0.05635155906895037,0.3020833333333333,0.1111111111111111,0.2619047619047619
medium_load,random,-1,11015,192,31,49,112,0.16145833333333334,0.2552083333333333,1.0333333333333334,8.387096774193548,20.5,2.908333333333333,15,236,-22.689531707173717,0.31069968314982127,0.06771604938271605,0.5410450200407169,0.36379049694267085,0.050976103204364076,0.04127400839945237,0.07299469853817679,0.19318181818181818,0.0847457627118644,0.2
medium_load,random,-1,11016,192,36,38,118,0.1875,0.19791666666666666,1.2,10.555555555555555,20.5,3.026388888888889,12,258,-22.750574496990012,0.34255252017488574,0.07052469135802468,0.5487670301825077,0.39783206781776576,0.05708560762908589,0.04127419419060596,0.05773703857799967,0.22641509433962265,0.0784313725490196,0.22857142857142856
medium_load,random,-1,11017,192,24,56,112,0.125,0.2916666666666667,0.8,9.416666666666666,17.849999999999998,3.0652777777777778,12,237,-24.562131203130825,0.34018453608901145,0.0712037037037037,0.5328977711337686,0.35159091321848757,0.04055992920123354,0.04085290401056866,0.08092885375494069,0.17204301075268819,0.03125,0.17142857142857143
medium_load,random,-1,11018,192,27,54,111,0.140625,0.28125,0.9,9.88888888888889,18.0,3.0277777777777777,16,262,-26.754939976677445,0.3977237578320807,0.07033950617283952,0.5402703341241162,0.4055378647541118,0.043354235390848664,0.04211088649122067,0.0845453059526286,0.1511627906976744,0.11267605633802817,0.17142857142857143
medium_load,random,-1,11019,192,27,54,111,0.140625,0.28125,0.9,9.0,16.0,3.022222222222222,13,214,-25.316328340642478,0.3658488620902951,0.07021604938271604,0.5494912560269083,0.32560502919703355,0.04229506864114482,0.04108743760518667,0.08123533471359558,0.16326530612244897,0.11666666666666667,0.11764705882352941
medium_load,random,-1,11020,192,32,44,116,0.16666666666666666,0.22916666666666666,1.0666666666666667,10.21875,19.349999999999998,3.047222222222222,11,259,-23.009630653422278,0.3204799051229251,0.07092592592592592,0.5562163087050291,0.40378683167786683,0.05262916453184322,0.04227549850839519,0.06596615055425123,0.1941747572815534,0.08163265306122448,0.2
medium_load,global_dijkstra,-1,11001,192,136,3,53,0.7083333333333334,0.015625,4.533333333333333,6.029411764705882,13.0,1.3763888888888889,13,38,1.0261944075239602,0.19944377235307398,0.031851851851851846,0.7399859122747057,0.0924847374847375,0.3338177100677101,0.061248935268768435,0.006944444444444444,0.7613636363636364,0.6666666666666666,0.6590909090909091
medium_load,global_dijkstra,-1,11002,192,139,4,49,0.7239583333333334,0.020833333333333332,4.633333333333334,5.928057553956834,12.0,1.323611111111111,14,43,-0.38151757173208967,0.2208622541490479,0.03055555555555555,0.7128705321470473,0.09756415754867767,0.3167905850026594,0.0574875442476495,0.009647435897435896,0.7613636363636364,0.6714285714285714,0.7352941176470589
medium_load,global_dijkstra,-1,11003,192,144,4,44,0.75,0.020833333333333332,4.8,6.423611111111111,12.0,1.4027777777777777,9,38,0.5633997713463742,0.210431109335426,0.03216049382716049,0.7297236236958204,0.0847593310828605,0.33047083363259844,0.05726953963809009,0.009230769230769232,0.776595744680851,0.7313432835820896,0.7096774193548387
medium_load,global_dijkstra,-1,11004,192,145,3,44,0.7552083333333334,0.015625,4.833333333333333,5.86896551724138,10.799999999999983,1.3222222222222222,13,35,2.264632413076705,0.1854057821489407,0.03037037037037037,0.7139935916822383,0.08215956157132627,0.3387797741474213,0.058457764964260577,0.006547619047619048,0.822429906542056,0.6739130434782609,0.6666666666666666
medium_load,global_dijkstra,-1,11005,192,132,4,56,0.6875,0.020833333333333332,4.4,6.7727272727272725,13.0,1.5138888888888888,15,48,-1.365079623685618,0.2150422239905591,0.035,0.7317143828746548,0.10853225478225477,0.30434472934472934,0.05768786110514826,0.00890873015873016,0.6513761467889908,0.6595744680851063,0.8333333333333334
medium_load,global_dijkstra,-1,11006,192,146,1,45,0.7604166666666666,0.005208333333333333,4.866666666666666,5.712328767123288,11.0,1.2819444444444446,10,34,3.2747373674635156,0.1832160353053222,0.02950617283950617,0.725913703521591,0.0809959240106299,0.35278988984871346,0.060004128643497814,0.0022222222222222222,0.7927927927927928,0.7142857142857143,0.71875
medium_load,global_dijkstra,-1,11007,192,137,6,49,0.7135416666666666,0.03125,4.566666666666666,6.248175182481752,13.0,1.4736111111111112,15,42,-0.14546080255054408,0.20601701706511683,0.033888888888888885,0.7413857808723919,0.09777472527472526,0.32577894327894336,0.05967124245376966,0.013531746031746032,0.7528089887640449,0.6666666666666666,0.6976744186046512
medium_load,global_dijkstra,-1,11008,192,133,6,53,0.6927083333333334,0.03125,4.433333333333334,7.157894736842105,14.0,1.5972222222222223,14,39,-0.70200034219947,0.22094415719047678,0.03675925925925926,0.7588178765667016,0.09714786575080694,0.3299468206085854,0.062137539967183165,0.013944911297852473,0.7448979591836735,0.6,0.7058823529411765
medium_load,global_dijkstra,-1,11009,192,153,4,35,0.796875,0.020833333333333332,5.1,5.7973856209150325,12.0,1.2625,12,45,2.583688187227477,0.18937300211356742,0.02876543209876543,0.7411856729748243,0.10095465536642008,0.35748021586256884,0.05888157017392703,0.00989010989010989,0.8105263157894737,0.7627118644067796,0.8157894736842105
medium_load,global_dijkstra,-1,11010,192,136,10,46,0.7083333333333334,0.052083333333333336,4.533333333333333,6.389705882352941,12.0,1.4541666666666666,12,39,-1.35402550968161,0.2124527166481819,0.033364197530864205,0.7465327932818738,0.08263527723280044,0.3169422391906912,0.058650804340759435,0.022108027421494914,0.7619047619047619,0.6515151515151515,0.6904761904761905
medium_load,global_dijkstra,-1,11011,192,145,1,46,0.7552083333333334,0.005208333333333333,4.833333333333333,6.3310344827586205,12.0,1.3916666666666666,11,42,1.9042993797675583,0.21087010598990505,0.03197530864197531,0.7423752247291573,0.09923349254231607,0.35071108357873076,0.06016412944237637,0.0022222222222222222,0.7682926829268293,0.7727272727272727,0.7045454545454546
medium_load,global_dijkstra,-1,11012,192,148,2,42,0.7708333333333334,0.010416666666666666,4.933333333333334,5.797297297297297,11.0,1.2722222222222221,11,33,2.664764792063877,0.19312671950168622,0.029197530864197525,0.7508491157615905,0.08055580040874159,0.35638761021113957,0.060391553077856,0.004945054945054945,0.7865168539325843,0.7627118644067796,0.75
medium_load,global_dijkstra,-1,11013,192,143,5,44,0.7447916666666666,0.026041666666666668,4.766666666666667,6.3426573426573425,13.900000000000006,1.4,13,27,1.8301282024802137,0.20003517809137636,0.03209876543209877,0.7554088011811065,0.06549404299404299,0.35481647981647996,0.06149748128996893,0.01298076923076923,0.7916666666666666,0.6666666666666666,0.7575757575757576
medium_load,global_dijkstra,-1,11014,192,138,4,50,0.71875,0.020833333333333332,4.6,6.202898550724638,12.150000000000006,1.4041666666666666,17,34,0.9027146727716835,0.18784715494280427,0.032376543209876534,0.7367885477306008,0.07910804537739521,0.3254918649461993,0.05984523904079752,0.008472222222222221,0.7395833333333334,0.6296296296296297,0.7857142857142857
medium_load,global_dijkstra,-1,11015,192,136,7,49,0.7083333333333334,0.036458333333333336,4.533333333333333,6.286764705882353,12.25,1.426388888888889,11,52,-0.6447348459120447,0.19678025664405158,0.032839506172839504,0.7372471993447808,0.11790662553820448,0.31624187946556376,0.05821308702348939,0.016448412698412698,0.75,0.6101694915254238,0.7555555555555555
medium_load,global_dijkstra,-1,11016,192,136,3,53,0.7083333333333334,0.015625,4.533333333333333,6.455882352941177,13.25,1.4625,12,43,-0.38566478259941694,0.19686098191158938,0.03376543209876544,0.7538477293933405,0.09597195288371758,0.3133543417366947,0.05760914845126878,0.006905839258780435,0.7547169811320755,0.5686274509803921,0.7714285714285715
medium_load,global_dijkstra,-1,11017,192,131,10,51,0.6822916666666666,0.052083333333333336,4.366666666666666,6.625954198473282,14.0,1.5319444444444446,12,40,-2.152849403652859,0.21403353181403703,0.03524691358024691,0.7319820115959933,0.09213962980603847,0.3027007800421114,0.0583533183627916,0.022338940299466613,0.7096774193548387,0.59375,0.7714285714285715
medium_load,global_dijkstra,-1,11018,192,134,12,46,0.6979166666666666,0.0625,4.466666666666667,7.059701492537314,15.0,1.6069444444444445,15,48,-2.652932240255199,0.22452785642158415,0.03675925925925926,0.7504960115335315,0.10667176906340993,0.31132247697263177,0.058365326573076144,0.02736093627734494,0.7558139534883721,0.6197183098591549,0.7142857142857143
medium_load,global_dijkstra,-1,11019,192,141,3,48,0.734375,0.015625,4.7,6.191489361702128,11.0,1.3555555555555556,11,42,-0.009213438106607574,0.2066807106564405,0.031234567901234567,0.7348596338334489,0.09631847183317772,0.3196451016303958,0.057897761578915,0.007722832722832723,0.7346938775510204,0.7666666666666667,0.6764705882352942
medium_load,global_dijkstra,-1,11020,192,137,4,51,0.7135416666666666,0.020833333333333332,4.566666666666666,5.9489051094890515,15.0,1.3708333333333333,17,32,0.9459835756437283,0.18926177647417938,0.03166666666666666,0.7434473137924278,0.07199801832154774,0.3278934219375397,0.05963325374007408,0.008786181139122317,0.7087378640776699,0.6530612244897959,0.8
medium_load,q_routing,7,11001,192,73,30,89,0.3802083333333333,0.15625,2.433333333333333,8.287671232876713,19.39999999999999,2.376388888888889,15,142,-14.803706160651883,0.23713806370350834,0.05518518518518519,0.6474920995712069,0.24336748548435852,0.13237318265956036,0.04607766209266185,0.04994485619872617,0.4772727272727273,0.26666666666666666,0.3409090909090909
medium_load,q_routing,7,11002,192,74,33,85,0.3854166666666667,0.171875,2.466666666666667,9.337837837837839,23.349999999999994,2.4194444444444443,13,99,-14.893930479307047,0.24969320365539643,0.056018518518518516,0.645848951979268,0.1723499866146925,0.13603281006918777,0.04781448451376466,0.05592301460722513,0.4431818181818182,0.2857142857142857,0.4411764705882353
medium_load,q_routing,7,11003,192,82,34,76,0.4270833333333333,0.17708333333333334,2.7333333333333334,8.865853658536585,18.950000000000003,2.2319444444444443,14,114,-14.43483234126809,0.24806942433874665,0.05157407407407407,0.6548586121597831,0.20388035038576835,0.14989061706553966,0.047178990839815936,0.05934517666715809,0.5425531914893617,0.2835820895522388,0.3870967741935484
medium_load,q_routing,7,11004,192,92,17,83,0.4791666666666667,0.08854166666666667,3.066666666666667,8.706521739130435,20.0,2.3055555555555554,12,96,-10.7460756951734,0.22806098546940656,0.05342592592592594,0.6781448488759534,0.17975342768686423,0.17579678362573103,0.04880512678630151,0.029545370779890907,0.5794392523364486,0.30434782608695654,0.41025641025641024
medium_load,q_routing,7,11005,192,80,27,85,0.4166666666666667,0.140625,2.6666666666666665,7.7125,18.099999999999994,2.375,13,119,-14.113841288721344,0.24892117458097265,0.05503086419753087,0.6649854206497996,0.20321169642764067,0.14495666714319963,0.04651611732251353,0.04482109164771703,0.42201834862385323,0.3404255319148936,0.5
medium_load,q_routing,7,11006,192,90,19,83,0.46875,0.09895833333333333,3.0,7.288888888888889,16.549999999999997,2.0680555555555555,11,106,-10.9834575278738,0.23121452748704943,0.04814814814814815,0.671162959079809,0.19542712805483703,0.17400904751136945,0.048285599215507166,0.03245241743693756,0.4864864864864865,0.3877551020408163,0.53125
medium_load,q_routing,7,11007,192,81,33,78,0.421875,0.171875,2.7,8.580246913580247,18.0,2.2847222222222223,14,90,-14.447694147819188,0.24695453969025852,0.052808641975308636,0.6742751055225237,0.1660712740705001,0.1519378782265779,0.04900974685807582,0.060505662924393584,0.5280898876404494,0.21666666666666667,0.4883720930232558
medium_load,q_routing,7,11008,192,93,19,80,0.484375,0.09895833333333333,3.1,7.978494623655914,16.39999999999999,2.136111111111111,12,128,-11.405305216919892,0.23342697581703983,0.0495679012345679,0.6701271563363415,0.2372319073828362,0.17337264172016498,0.04859951703173367,0.0332354579258604,0.5714285714285714,0.35,0.47058823529411764
medium_load,q_routing,7,11009,192,71,32,89,0.3697916666666667,0.16666666666666666,2.3666666666666667,8.225352112676056,18.5,2.390277777777778,14,125,-15.645108271418371,0.250677611421578,0.05549382716049384,0.6633274825552278,0.22810976628129004,0.13415330173558063,0.04882375746079266,0.056284734544258024,0.4421052631578947,0.2542372881355932,0.3684210526315789
medium_load,q_routing,7,11010,192,74,34,84,0.3854166666666667,0.17708333333333334,2.466666666666667,7.162162162162162,15.349999999999994,2.216666666666667,14,111,-14.87143275120875,0.2461293248137561,0.051481481481481475,0.6585667659850307,0.20340189265498862,0.14180399894796178,0.04843656117290272,0.05860024764823525,0.44047619047619047,0.3333333333333333,0.35714285714285715
medium_load,q_routing,7,11011,192,83,29,80,0.4322916666666667,0.15104166666666666,2.7666666666666666,7.903614457831325,18.0,2.238888888888889,14,110,-14.08983073216625,0.26711282043300766,0.05185185185185186,0.6642554783420797,0.19819824281898588,0.15841652098618042,0.04860718676732446,0.05063582902592191,0.5,0.42424242424242425,0.3181818181818182
medium_load,q_routing,7,11012,192,92,26,74,0.4791666666666667,0.13541666666666666,3.066666666666667,7.836956521739131,18.0,2.1041666666666665,13,129,-12.356868903686173,0.2378086650694238,0.048672839506172835,0.6601387311139253,0.23295591362541826,0.1703364006421282,0.04779240551986806,0.04719085294936689,0.550561797752809,0.3559322033898305,0.5
medium_load,q_routing,7,11013,192,72,30,90,0.375,0.15625,2.4,8.61111111111111,21.80000000000001,2.5930555555555554,16,108,-15.406696786373043,0.2541334137078527,0.06003086419753086,0.6708487274157905,0.18391201477114788,0.1316651524430162,0.047902897089374646,0.04886585149743044,0.4166666666666667,0.2857142857142857,0.42424242424242425
medium_load,q_routing,7,11014,192,80,25,87,0.4166666666666667,0.13020833333333334,2.6666666666666665,7.675,18.0,2.2305555555555556,13,107,-13.705718363467243,0.25198735820678647,0.05188271604938272,0.662853553337683,0.19605866184039558,0.15143021709972176,0.048262133464424276,0.04537972977601461,0.4166666666666667,0.3148148148148148,0.5476190476190477
medium_load,q_routing,7,11015,192,83,28,81,0.4322916666666667,0.14583333333333334,2.7666666666666666,8.602409638554217,19.89999999999999,2.3,14,109,-13.999049577134455,0.2535359938537175,0.053240740740740734,0.6775494439280825,0.20581411006720607,0.15911897427764302,0.04996896766315765,0.05190495363482981,0.48863636363636365,0.2542372881355932,0.5555555555555556
medium_load,q_routing,7,11016,192,74,26,92,0.3854166666666667,0.13541666666666666,2.466666666666667,7.648648648648648,18.0,2.5097222222222224,18,135,-14.970231571813496,0.24547694073257403,0.05824074074074074,0.6839164467357043,0.2520429388579543,0.14107423851231898,0.04901539500308486,0.045909156060084846,0.4056603773584906,0.35294117647058826,0.37142857142857144
medium_load,q_routing,7,11017,192,69,30,93,0.359375,0.15625,2.3,8.333333333333334,18.599999999999994,2.4472222222222224,13,109,-15.835380406994467,0.2615187381681899,0.056882716049382706,0.6511667948710239,0.19214848805019083,0.12473121592316636,0.04659802547693579,0.05080531840593759,0.3655913978494624,0.296875,0.45714285714285713
medium_load,q_routing,7,11018,192,72,41,79,0.375,0.21354166666666666,2.4,7.833333333333333,18.450000000000003,2.4277777777777776,13,122,-17.352356826872235,0.2697842670674826,0.05601851851851851,0.6721162450379684,0.22437455976542664,0.13389261552574247,0.048374088803261085,0.07291380002293316,0.4186046511627907,0.323943661971831,0.37142857142857144
medium_load,q_routing,7,11019,192,74,32,86,0.3854166666666667,0.16666666666666666,2.466666666666667,8.945945945945946,19.69999999999999,2.376388888888889,15,86,-15.63111976644805,0.27068570649466933,0.055092592592592596,0.6749508790894161,0.16152907621560875,0.14262645349719652,0.0493641359311884,0.05840639179648467,0.41836734693877553,0.3,0.4411764705882353
medium_load,q_routing,7,11020,192,87,22,83,0.453125,0.11458333333333333,2.9,8.655172413793103,21.400000000000006,2.2777777777777777,17,110,-12.520084783202952,0.24161753032034997,0.052808641975308636,0.6745594772120191,0.20034618030748064,0.16274175729671084,0.04884016862374006,0.03836111930152178,0.4854368932038835,0.3469387755102041,0.5
medium_load,q_routing,42,11001,192,84,28,80,0.4375,0.14583333333333334,2.8,7.083333333333333,20.0,2.301388888888889,12,148,-12.908261304808942,0.2291897957613381,0.05324074074074074,0.6530959248136994,0.2592184933516203,0.15795812374759743,0.0478925155746867,0.045614161666793246,0.5113636363636364,0.38333333333333336,0.36363636363636365
medium_load,q_routing,42,11002,192,67,39,86,0.3489583333333333,0.203125,2.2333333333333334,7.388059701492537,20.699999999999996,2.4805555555555556,16,96,-15.802127715411585,0.22738261008126462,0.0574074074074074,0.6629420416835153,0.17312438020642357,0.1276049207357257,0.04980465309493967,0.068781266892722,0.375,0.32857142857142857,0.3235294117647059
medium_load,q_routing,42,11003,192,88,32,72,0.4583333333333333,0.16666666666666666,2.933333333333333,8.988636363636363,20.299999999999983,2.2069444444444444,13,105,-13.66142532003632,0.2534968421887228,0.05089506172839506,0.6549040097832282,0.1837035394098929,0.15821555684659738,0.04661452365611621,0.05437245049188111,0.5851063829787234,0.29850746268656714,0.41935483870967744
medium_load,q_routing,42,11004,192,86,22,84,0.4479166666666667,0.11458333333333333,2.8666666666666667,8.290697674418604,19.0,2.423611111111111,13,96,-12.049731723487708,0.22748232128576568,0.056080246913580246,0.6630016981062533,0.1767316544251529,0.15889687138913147,0.04834528668505529,0.037711619735613544,0.5327102803738317,0.2826086956521739,0.41025641025641024
medium_load,q_routing,42,11005,192,78,29,85,0.40625,0.15104166666666666,2.6,7.333333333333333,18.14999999999999,2.3333333333333335,14,127,-13.105050696514951,0.21451697117808394,0.054104938271604945,0.6578737319530394,0.22163474858773688,0.14777898829133854,0.04822824363321623,0.04825271897354277,0.44036697247706424,0.2765957446808511,0.4722222222222222
medium_load,q_routing,42,11006,192,87,20,85,0.453125,0.10416666666666667,2.9,6.873563218390805,15.400000000000006,2.109722222222222,12,120,-11.480617612467281,0.23197284148007585,0.0491358024691358,0.6537737080311422,0.21492479063888403,0.16582797485863177,0.04826566714692874,0.034181670576373765,0.46846846846846846,0.3877551020408163,0.5
medium_load,q_routing,42,11007,192,80,30,82,0.4166666666666667,0.15625,2.6666666666666665,7.875,19.14999999999999,2.2888888888888888,13,104,-13.95153196517331,0.2410637166907155,0.05302469135802469,0.6749991267508096,0.19849546995831827,0.1551601132212587,0.05003114413706003,0.05484302519519238,0.4606741573033708,0.3,0.4883720930232558
medium_load,q_routing,42,11008,192,93,21,78,0.484375,0.109375,3.1,7.602150537634409,18.999999999999957,2.1638888888888888,13,134,-11.38765775110539,0.23097754912639573,0.05012345679012345,0.6718411145376539,0.25264794487704706,0.1791967515342128,0.05001229985391971,0.03772720199190787,0.5612244897959183,0.4,0.4117647058823529
medium_load,q_routing,42,11009,192,82,32,78,0.4270833333333333,0.16666666666666666,2.7333333333333334,7.0,17.950000000000003,2.2333333333333334,13,134,-13.032819102935841,0.20659320129698644,0.051666666666666666,0.6768574307610379,0.25665689401757513,0.1632042822445299,0.05095403536585303,0.059026917784657726,0.5157894736842106,0.3389830508474576,0.34210526315789475
medium_load,q_routing,42,11010,192,78,35,79,0.40625,0.18229166666666666,2.6,6.628205128205129,16.599999999999966,2.2055555555555557,15,104,-13.91711121739487,0.21962251566044697,0.05108024691358024,0.6758911188116394,0.20093799289232728,0.15278090975072398,0.049838568390316945,0.06293089936665788,0.4642857142857143,0.3484848484848485,0.38095238095238093
medium_load,q_routing,42,11011,192,85,25,82,0.4427083333333333,0.13020833333333334,2.8333333333333335,8.011764705882353,19.0,2.2597222222222224,13,99,-12.986733190616157,0.24788023085671193,0.05237654320987654,0.6781520435398217,0.18441778465772274,0.16360405060482455,0.05006773226929159,0.044675695105261676,0.5121951219512195,0.3939393939393939,0.38636363636363635
medium_load,q_routing,42,11012,192,93,23,76,0.484375,0.11979166666666667,3.1,7.78494623655914,17.39999999999999,2.098611111111111,14,128,-11.829238039258714,0.2414476410636103,0.04861111111111112,0.6565349436962212,0.22549473989489469,0.17193406496038077,0.04763989772147253,0.039854562505491305,0.550561797752809,0.3728813559322034,0.5
medium_load,q_routing,42,11013,192,87,28,77,0.453125,0.14583333333333334,2.9,7.0,17.400000000000006,2.297222222222222,15,107,-11.552375176146516,0.19647166217315082,0.05305555555555554,0.6776010308102618,0.1989696305872776,0.16765823243377423,0.05010623689880059,0.04893723278785198,0.5520833333333334,0.31746031746031744,0.42424242424242425
medium_load,q_routing,42,11014,192,84,22,86,0.4375,0.11458333333333333,2.8,7.5476190476190474,16.849999999999994,2.1902777777777778,13,104,-11.800618363689669,0.21749177078700307,0.05095679012345679,0.6782770033983094,0.1981200487392438,0.16419522442355258,0.049492610311498965,0.03988770946975282,0.4270833333333333,0.2777777777777778,0.6666666666666666
medium_load,q_routing,42,11015,192,76,33,83,0.3958333333333333,0.171875,2.533333333333333,7.75,19.0,2.386111111111111,17,119,-15.474150391859265,0.25382842997946625,0.05521604938271605,0.6731499715501151,0.2254903724872765,0.1457406147344228,0.05059944616985891,0.06127598407784167,0.5,0.2542372881355932,0.37777777777777777
medium_load,q_routing,42,11016,192,85,21,86,0.4427083333333333,0.109375,2.8333333333333335,7.894117647058824,17.799999999999997,2.338888888888889,20,127,-12.326872491609532,0.22627245416272448,0.05425925925925926,0.6767348470747624,0.2392470286278336,0.16167080153535265,0.04890682285053186,0.036724989836444934,0.4811320754716981,0.3333333333333333,0.4857142857142857
medium_load,q_routing,42,11017,192,68,30,94,0.3541666666666667,0.15625,2.2666666666666666,8.161764705882353,20.65,2.4458333333333333,15,103,-16.25392747508352,0.2716023523436617,0.05688271604938271,0.6708191021908648,0.1860105725314704,0.12833305225333091,0.048453223882970055,0.05194908691812716,0.34408602150537637,0.296875,0.4857142857142857
medium_load,q_routing,42,11018,192,81,37,74,0.421875,0.19270833333333334,2.7,8.037037037037036,22.0,2.3444444444444446,12,114,-15.652816510566858,0.2618499116371012,0.05401234567901235,0.6814980313179256,0.21685172584553392,0.1553274211168948,0.04985592439989484,0.06912532556882402,0.46511627906976744,0.36619718309859156,0.42857142857142855
medium_load,q_routing,42,11019,192,78,35,79,0.40625,0.18229166666666666,2.6,7.833333333333333,19.0,2.2777777777777777,19,100,-14.791053479193135,0.24036891184542972,0.05268518518518519,0.6781883549428481,0.1941116727842734,0.15283511537768504,0.05048643348811583,0.06661156567890313,0.45918367346938777,0.3,0.4411764705882353
medium_load,q_routing,42,11020,192,86,23,83,0.4479166666666667,0.11979166666666667,2.8666666666666667,7.523255813953488,17.75,2.2111111111111112,16,112,-12.370001256410568,0.23564467254860466,0.05132716049382716,0.6753684549004398,0.21050859615101103,0.16520708665832506,0.049213106249884106,0.04066694514062936,0.47572815533980584,0.3469387755102041,0.5
medium_load,q_routing,1024,11001,192,71,34,87,0.3697916666666667,0.17708333333333334,2.3666666666666667,8.507042253521126,23.5,2.452777777777778,13,151,-14.648534344544057,0.20776083946045337,0.05682098765432098,0.6497428997600933,0.2670001514080461,0.13080358123701777,0.04723085683465025,0.05683972259823653,0.48863636363636365,0.26666666666666666,0.2727272727272727
medium_load,q_routing,1024,11002,192,70,37,85,0.3645833333333333,0.19270833333333334,2.3333333333333335,9.228571428571428,23.0,2.5083333333333333,13,113,-16.68911632638184,0.2690273732570496,0.057993827160493824,0.648135102071972,0.19878817422413467,0.1265956373285758,0.04835751480431794,0.0627058899282617,0.42045454545454547,0.2857142857142857,0.38235294117647056
medium_load,q_routing,1024,11003,192,76,37,79,0.3958333333333333,0.19270833333333334,2.533333333333333,9.828947368421053,19.0,2.3513888888888888,13,134,-16.372894723474857,0.26850003289424984,0.054320987654320994,0.6706148815921793,0.2456556218978819,0.14173175995544415,0.047723755427485526,0.06402945681196456,0.5106382978723404,0.22388059701492538,0.41935483870967744
medium_load,q_routing,1024,11004,192,79,23,90,0.4114583333333333,0.11979166666666667,2.6333333333333333,8.860759493670885,19.099999999999994,2.5541666666666667,14,109,-13.872982903607978,0.24762299014639613,0.05916666666666667,0.6738989137264496,0.20326965289039592,0.14720762281520797,0.048432394377372935,0.039722529362622244,0.5046728971962616,0.2608695652173913,0.3333333333333333
medium_load,q_routing,1024,11005,192,68,32,92,0.3541666666666667,0.16666666666666666,2.2666666666666666,8.029411764705882,19.0,2.540277777777778,14,128,-16.12081391019595,0.24975423769221314,0.05891975308641975,0.6558539084237622,0.22361368024546113,0.1251796282505328,0.046796746639296845,0.05675015754400598,0.3853211009174312,0.2553191489361702,0.3888888888888889
medium_load,q_routing,1024,11006,192,82,23,87,0.4270833333333333,0.11979166666666667,2.7333333333333334,6.878048780487805,16.950000000000003,2.202777777777778,14,126,-12.314606513620511,0.22774358632907515,0.05126543209876544,0.6551753020514711,0.2285239423185311,0.159273100144348,0.048617283502696465,0.041061492114123695,0.43243243243243246,0.3673469387755102,0.5
medium_load,q_routing,1024,11007,192,73,34,85,0.3802083333333333,0.17708333333333334,2.433333333333333,7.958904109589041,19.0,2.3513888888888888,13,102,-15.572958751178604,0.24894602168894148,0.05450617283950618,0.6826983112503229,0.19024745149358152,0.14090379663909078,0.049779678119847966,0.06198932231052975,0.43820224719101125,0.25,0.4418604651162791
medium_load,q_routing,1024,11008,192,78,25,89,0.40625,0.13020833333333334,2.6,7.987179487179487,17.599999999999966,2.334722222222222,13,150,-13.933806518191657,0.2365443235894697,0.054259259259259264,0.660896844467303,0.2736707410236822,0.1463287787204196,0.04870276591129118,0.043556598343750044,0.46938775510204084,0.31666666666666665,0.38235294117647056
medium_load,q_routing,1024,11009,192,78,31,83,0.40625,0.16145833333333334,2.6,8.307692307692308,19.14999999999999,2.2819444444444446,14,135,-14.332975821893156,0.2388773791402595,0.05290123456790125,0.6601012227432305,0.2505636375721515,0.14920107297816282,0.0489832026931727,0.054953990368077056,0.5157894736842106,0.23728813559322035,0.39473684210526316
medium_load,q_routing,1024,11010,192,71,36,85,0.3697916666666667,0.1875,2.3666666666666667,7.816901408450704,18.5,2.2875,14,126,-15.586445182488182,0.2356443850302288,0.053086419753086415,0.6685553593915271,0.2313438219635218,0.1354348517565303,0.049041708392209636,0.06342687025114,0.44047619047619047,0.2878787878787879,0.35714285714285715
medium_load,q_routing,1024,11011,192,73,33,86,0.3802083333333333,0.171875,2.433333333333333,7.7534246575342465,19.39999999999999,2.3444444444444446,16,113,-14.447547019193605,0.229732570137299,0.05438271604938273,0.6607591923567099,0.2019216231251835,0.13980894292039803,0.047927971970853335,0.05620366275165036,0.45121951219512196,0.3333333333333333,0.3181818181818182
medium_load,q_routing,1024,11012,192,81,30,81,0.421875,0.15625,2.7,7.691358024691358,17.0,2.2472222222222222,14,114,-13.67915409913516,0.23204418392884424,0.0520679012345679,0.6562634147309466,0.20386383181661819,0.1477800524781949,0.0476616456274176,0.05208138252642897,0.48314606741573035,0.3220338983050847,0.4318181818181818
medium_load,q_routing,1024,11013,192,78,26,88,0.40625,0.13541666666666666,2.6,7.9743589743589745,19.0,2.4805555555555556,15,126,-14.541341121710397,0.2553022929670504,0.05746913580246915,0.6784299907733119,0.22200591871223854,0.1463310537009891,0.048646226032521105,0.043807537392138274,0.4270833333333333,0.3492063492063492,0.45454545454545453
medium_load,q_routing,1024,11014,192,82,23,87,0.4270833333333333,0.11979166666666667,2.7333333333333334,8.609756097560975,19.0,2.298611111111111,14,114,-13.432576633498238,0.2539505824812594,0.05339506172839505,0.6680386386993344,0.21355320963293103,0.15605887361692317,0.04871828025269458,0.040800940259144595,0.4375,0.3333333333333333,0.5238095238095238
medium_load,q_routing,1024,11015,192,75,29,88,0.390625,0.15104166666666666,2.5,9.173333333333334,20.89999999999999,2.4208333333333334,14,124,-15.331096118145595,0.26557273507087453,0.05614197530864198,0.670236283501841,0.234844098826297,0.14651808345306794,0.05031757872922354,0.05323383473538272,0.4659090909090909,0.23728813559322035,0.4444444444444444
medium_load,q_routing,1024,11016,192,79,22,91,0.4114583333333333,0.11458333333333333,2.6333333333333333,8.341772151898734,19.099999999999994,2.4763888888888888,20,126,-13.866673077843291,0.24715855234532036,0.05746913580246913,0.6698385766581646,0.22612221011988817,0.14499679142094005,0.04719040578668313,0.03710969342548289,0.4339622641509434,0.35294117647058826,0.42857142857142855
medium_load,q_routing,1024,11017,192,69,29,94,0.359375,0.15104166666666666,2.3,9.391304347826088,20.19999999999999,2.4875,17,104,-15.828908884486228,0.2650036727597588,0.05780864197530864,0.6669261469664579,0.191411062028911,0.1294608584794007,0.048289805516805624,0.04936358016382247,0.3978494623655914,0.25,0.45714285714285713
medium_load,q_routing,1024,11018,192,65,43,84,0.3385416666666667,0.22395833333333334,2.1666666666666665,8.36923076923077,19.0,2.5597222222222222,14,134,-18.64659165086408,0.2699259427277221,0.059104938271604936,0.672723090291398,0.24424232186229092,0.12028321137067266,0.04821909859041015,0.07743883252397184,0.38372093023255816,0.29577464788732394,0.3142857142857143
medium_load,q_routing,1024,11019,192,65,37,90,0.3385416666666667,0.19270833333333334,2.1666666666666665,7.6461538461538465,18.0,2.3958333333333335,16,124,-17.044780056539466,0.24912863794213008,0.05564814814814815,0.675880543968059,0.23925570430601387,0.12772209716095165,0.05010897349291634,0.0695770314423565,0.3877551020408163,0.23333333333333334,0.38235294117647056
medium_load,q_routing,1024,11020,192,82,23,87,0.4270833333333333,0.11979166666666667,2.7333333333333334,9.134146341463415,19.0,2.3430555555555554,14,129,-13.270959319574493,0.24374515403821181,0.05438271604938272,0.6582194905445168,0.23568361591968404,0.1533476745705848,0.04884735685635386,0.040339064387052,0.4563106796116505,0.2857142857142857,0.525
frequent_break,mappo,7,11001,192,69,49,74,0.359375,0.2552083333333333,2.3,7.6231884057971016,17.599999999999994,1.9736111111111112,13,33,-18.086924075018622,0.259298960160225,0.04577160493827161,0.752468344880482,0.06654476972975425,0.14135363389620356,0.05481475715178361,0.09733194537374104,0.4318181818181818,0.3,0.29545454545454547
frequent_break,mappo,7,11002,192,62,50,80,0.3229166666666667,0.2604166666666667,2.066666666666667,8.32258064516129,17.0,2.265277777777778,23,8,-17.69857927066601,0.24417033425029508,0.05243827160493826,0.7246034644957373,0.01635405916752666,0.129349930828259,0.053617145081163345,0.09579864694415775,0.4431818181818182,0.11428571428571428,0.4411764705882353
frequent_break,mappo,7,11003,192,47,67,78,0.24479166666666666,0.3489583333333333,1.5666666666666667,8.297872340425531,17.0,2.111111111111111,18,17,-23.813764929315003,0.274274486690875,0.04895061728395062,0.7663875740255178,0.03685107376283847,0.10385737628384688,0.060723603651399755,0.14571778711484593,0.2978723404255319,0.1791044776119403,0.22580645161290322
frequent_break,mappo,7,11004,192,77,40,75,0.4010416666666667,0.20833333333333334,2.566666666666667,6.337662337662338,15.400000000000006,1.7513888888888889,32,11,-14.371374872472883,0.22086608298976376,0.04086419753086419,0.7704802002012342,0.025188985850750557,0.17700259163494456,0.0616993440370961,0.09152286983169336,0.4485981308411215,0.34782608695652173,0.3333333333333333
frequent_break,mappo,7,11005,192,78,47,67,0.40625,0.24479166666666666,2.6,7.564102564102564,17.0,1.8444444444444446,18,4,-14.939366001418588,0.21640486698679082,0.042685185185185194,0.7654025360832925,0.007995642701525054,0.1703519057195528,0.05805612530161549,0.09901182695300341,0.4036697247706422,0.2553191489361702,0.6111111111111112
frequent_break,mappo,7,11006,192,64,37,91,0.3333333333333333,0.19270833333333334,2.1333333333333333,7.578125,17.0,2.3777777777777778,23,27,-17.077837191648737,0.25801242968058063,0.05527777777777778,0.736674717653657,0.05642855095254475,0.13696387619375236,0.055267271491507605,0.07790227201991907,0.3783783783783784,0.22448979591836735,0.34375
frequent_break,mappo,7,11007,192,51,58,83,0.265625,0.3020833333333333,1.7,9.705882352941176,21.5,2.3291666666666666,26,13,-22.392622062174393,0.2927322506754591,0.05395061728395061,0.7592244741755645,0.02955388565682683,0.11702213908096261,0.060171616668189216,0.12651604658957602,0.3707865168539326,0.16666666666666666,0.18604651162790697
frequent_break,mappo,7,11008,192,73,32,87,0.3802083333333333,0.16666666666666666,2.433333333333333,6.383561643835616,16.39999999999999,2.3625,24,11,-12.927987663315653,0.19093860226216136,0.05481481481481481,0.752137587989532,0.023938003001470493,0.1629915277361098,0.05642030080934477,0.06781354939636673,0.41836734693877553,0.3333333333333333,0.35294117647058826
frequent_break,mappo,7,11009,192,52,60,80,0.2708333333333333,0.3125,1.7333333333333334,5.961538461538462,10.449999999999996,2.3680555555555554,17,26,-20.270685850631722,0.22975500771323684,0.054722222222222235,0.7317452583889801,0.051821306345300154,0.10336996652012129,0.05285672052023414,0.11368705669402264,0.28421052631578947,0.2711864406779661,0.23684210526315788
frequent_break,mappo,7,11010,192,65,44,83,0.3385416666666667,0.22916666666666666,2.1666666666666665,9.8,21.0,2.238888888888889,20,14,-19.253411043172925,0.3062909447596845,0.051944444444444446,0.7545551298378428,0.028788904450669155,0.14405409405409406,0.05746337564578427,0.09663018626253919,0.38095238095238093,0.3484848484848485,0.23809523809523808
frequent_break,mappo,7,11011,192,55,54,83,0.2864583333333333,0.28125,1.8333333333333333,8.945454545454545,17.0,2.223611111111111,21,15,-20.8073724638712,0.26534033030179693,0.05160493827160494,0.7578225187742073,0.03078635345276212,0.11394569411210277,0.05589237699046567,0.11209421082873093,0.4024390243902439,0.18181818181818182,0.22727272727272727
frequent_break,mappo,7,11012,192,61,69,62,0.3177083333333333,0.359375,2.033333333333333,6.508196721311475,16.0,1.8069444444444445,16,30,-19.52266609900918,0.21205388271388767,0.041697530864197536,0.7231696646778757,0.05704244270807738,0.11702702425999639,0.05287635325414861,0.13055836077120908,0.38202247191011235,0.2542372881355932,0.2727272727272727
frequent_break,mappo,7,11013,192,66,57,69,0.34375,0.296875,2.2,6.151515151515151,13.75,1.9680555555555554,18,8,-17.559930204879187,0.19611857275098638,0.045493827160493834,0.7766709412201984,0.017400793650793653,0.15576872201872202,0.06352780860704683,0.13309320309320308,0.4166666666666667,0.2698412698412698,0.2727272727272727
frequent_break,mappo,7,11014,192,58,34,100,0.3020833333333333,0.17708333333333334,1.9333333333333333,8.948275862068966,20.15,2.5680555555555555,20,15,-17.66815285888367,0.27476323195508745,0.05978395061728394,0.7210456209153744,0.032644385771320755,0.12071465485552171,0.05309503513633205,0.06770807738299998,0.3333333333333333,0.3148148148148148,0.21428571428571427
frequent_break,mappo,7,11015,192,73,34,85,0.3802083333333333,0.17708333333333334,2.433333333333333,6.383561643835616,14.399999999999991,2.2069444444444444,14,3,-14.065350347381932,0.20633155904146383,0.05129629629629629,0.7306894646401294,0.006034858387799564,0.14857978751554604,0.0536086032177387,0.07336171310629515,0.45454545454545453,0.3220338983050847,0.3111111111111111
frequent_break,mappo,7,11016,192,59,69,64,0.3072916666666667,0.359375,1.9666666666666666,7.9491525423728815,21.0,1.9944444444444445,20,9,-21.320013832128293,0.22652334733634347,0.045925925925925926,0.7811519035283373,0.021425070028011205,0.12854608082549257,0.06218783890994155,0.15170772582537284,0.330188679245283,0.17647058823529413,0.42857142857142855
frequent_break,mappo,7,11017,192,61,42,89,0.3177083333333333,0.21875,2.033333333333333,8.491803278688524,16.0,2.484722222222222,18,15,-18.02570443046447,0.2556703130478843,0.0575925925925926,0.7406221340730902,0.03622252747252747,0.13870546936723407,0.0570951576023239,0.09662913883502118,0.40860215053763443,0.125,0.42857142857142855
frequent_break,mappo,7,11018,192,65,41,86,0.3385416666666667,0.21354166666666666,2.1666666666666665,8.461538461538462,17.799999999999997,2.484722222222222,17,22,-18.27090475598606,0.27933530558903363,0.0575,0.7550599552204442,0.046386464842347194,0.1382213184419067,0.05364143929940398,0.08398303765950825,0.4418604651162791,0.23943661971830985,0.2857142857142857
frequent_break,mappo,7,11019,192,63,42,87,0.328125,0.21875,2.1,8.063492063492063,17.9,2.3666666666666667,17,8,-17.15503573432764,0.25110269201124397,0.05490740740740741,0.7416775126663223,0.016838235294117647,0.14118261640320465,0.057015862505166666,0.08963157485216308,0.40816326530612246,0.21666666666666667,0.29411764705882354
frequent_break,mappo,7,11020,192,55,41,96,0.2864583333333333,0.21354166666666666,1.8333333333333333,9.090909090909092,22.0,2.6458333333333335,22,30,-18.452171497714623,0.25598431858452597,0.061388888888888875,0.7229245444675122,0.06433656485127073,0.11324913505254061,0.052588545092405334,0.0784433919766737,0.32038834951456313,0.24489795918367346,0.25
frequent_break,mappo,42,11001,192,33,64,95,0.171875,0.3333333333333333,1.1,6.424242424242424,15.599999999999994,2.611111111111111,17,178,-25.142705547643452,0.2696432017755605,0.060586419753086415,0.684276514123598,0.32708054859370644,0.061784240011794195,0.05031430175471962,0.1154802652054974,0.20454545454545456,0.15,0.13636363636363635
frequent_break,mappo,42,11002,192,23,69,100,0.11979166666666667,0.359375,0.7666666666666667,8.956521739130435,24.9,2.7777777777777777,18,159,-29.253563564999798,0.36851271693269827,0.06444444444444444,0.6710945373538775,0.28899764335438716,0.043162436449049726,0.05071860346847794,0.12147836410758743,0.13636363636363635,0.1,0.11764705882352941
frequent_break,mappo,42,11003,192,25,86,81,0.13020833333333334,0.4479166666666667,0.8333333333333334,6.84,14.0,2.234722222222222,12,154,-29.267691915194426,0.31743307409560023,0.05179012345679012,0.6881240680464575,0.27520034489074735,0.045689353359632,0.05207426431828387,0.15189686746575293,0.13829787234042554,0.14925373134328357,0.06451612903225806
frequent_break,mappo,42,11004,192,43,76,73,0.22395833333333334,0.3958333333333333,1.4333333333333333,7.023255813953488,15.899999999999999,2.1041666666666665,13,157,-23.024293457369836,0.2045980689102511,0.04864197530864198,0.6912354911800488,0.2854240506368989,0.08049252247007664,0.05359962864064564,0.13844366289025734,0.2616822429906542,0.15217391304347827,0.20512820512820512
frequent_break,mappo,42,11005,192,41,72,79,0.21354166666666666,0.375,1.3666666666666667,6.951219512195122,16.0,2.1083333333333334,16,153,-23.863918047240418,0.25633075377844217,0.04891975308641975,0.6802619037191587,0.2717153102602019,0.07609942588657757,0.0512661839231753,0.1262977990648269,0.21100917431192662,0.14893617021276595,0.3055555555555556
frequent_break,mappo,42,11006,192,30,49,113,0.15625,0.2552083333333333,1.0,7.9,18.0,2.9375,16,205,-24.4295347920526,0.2966952718573396,0.06839506172839507,0.649679298111904,0.35416499831562415,0.05326191295231543,0.04635039137920937,0.08456132160466526,0.1891891891891892,0.061224489795918366,0.1875
frequent_break,mappo,42,11007,192,26,94,72,0.13541666666666666,0.4895833333333333,0.8666666666666667,8.615384615384615,14.5,2.0388888888888888,15,151,-31.558010130241918,0.33360216844222734,0.047160493827160505,0.7162077479322251,0.2851949969248731,0.048653824102740516,0.056599089192592135,0.1785539867196214,0.15730337078651685,0.08333333333333333,0.16279069767441862
frequent_break,mappo,42,11008,192,40,51,101,0.20833333333333334,0.265625,1.3333333333333333,8.225,20.14999999999999,2.5680555555555555,18,203,-23.383409965336412,0.30490108335884103,0.059814814814814814,0.6509055978347279,0.34570513113116424,0.07408182841821286,0.04814847482965834,0.08772452392185869,0.19387755102040816,0.2,0.2647058823529412
frequent_break,mappo,42,11009,192,22,82,88,0.11458333333333333,0.4270833333333333,0.7333333333333333,10.772727272727273,22.0,2.5305555555555554,18,202,-32.250389640563625,0.3899463590038928,0.05858024691358025,0.6886735797040441,0.360780067312575,0.03875792422232051,0.05157372089373632,0.14703405226238045,0.1368421052631579,0.1016949152542373,0.07894736842105263
frequent_break,mappo,42,11010,192,26,84,82,0.13541666666666666,0.4375,0.8666666666666667,7.423076923076923,18.0,2.2694444444444444,15,146,-29.88397095719848,0.34185187859668076,0.05259259259259259,0.6956691244796541,0.262341258672528,0.04693336132964616,0.0519395833259004,0.15028818146078207,0.13095238095238096,0.15151515151515152,0.11904761904761904
frequent_break,mappo,42,11011,192,37,63,92,0.19270833333333334,0.328125,1.2333333333333334,6.54054054054054,20.0,2.5319444444444446,14,188,-24.349377373640277,0.27822652938806364,0.05873456790123457,0.6543334525091472,0.32841169881030563,0.06512343693458243,0.04782926460213426,0.1095233050689707,0.18292682926829268,0.22727272727272727,0.1590909090909091
frequent_break,mappo,42,11012,192,34,80,78,0.17708333333333334,0.4166666666666667,1.1333333333333333,9.852941176470589,19.0,2.2305555555555556,16,143,-29.28484725806679,0.3640571834425496,0.051604938271604936,0.6947538455037777,0.2589076039772634,0.061641911150425076,0.05233027881354823,0.14485639604060657,0.21348314606741572,0.15254237288135594,0.13636363636363635
frequent_break,mappo,42,11013,192,37,62,93,0.19270833333333334,0.3229166666666667,1.2333333333333334,8.54054054054054,17.199999999999996,2.6069444444444443,18,186,-25.021967619943474,0.2909260779098639,0.060432098765432096,0.6797054932274065,0.3348919214986318,0.06945477709948028,0.05229625609485087,0.11082131404264262,0.22916666666666666,0.1111111111111111,0.24242424242424243
frequent_break,mappo,42,11014,192,21,62,109,0.109375,0.3229166666666667,0.7,7.714285714285714,16.0,2.761111111111111,18,204,-29.17357092585174,0.3673306947399572,0.06435185185185185,0.6696117635966181,0.3592233089408012,0.039169051193045,0.049977493998989576,0.1101649986866705,0.0625,0.12962962962962962,0.19047619047619047
frequent_break,mappo,42,11015,192,29,59,104,0.15104166666666666,0.3072916666666667,0.9666666666666667,8.586206896551724,17.799999999999994,2.8569444444444443,19,201,-23.93904635563,0.26997344245595545,0.06632716049382717,0.6345523939949007,0.3169588386865275,0.04770419147017612,0.04367074772093109,0.09265319221840963,0.20454545454545456,0.0847457627118644,0.13333333333333333
frequent_break,mappo,42,11016,192,38,83,71,0.19791666666666666,0.4322916666666667,1.2666666666666666,10.105263157894736,23.15,2.0805555555555557,19,158,-28.061883385885253,0.29739173068747504,0.048055555555555546,0.712636413097668,0.3013554790296276,0.07411536634446853,0.05809049112409357,0.16269615947634522,0.22641509433962265,0.0784313725490196,0.2857142857142857
frequent_break,mappo,42,11017,192,37,53,102,0.19270833333333334,0.2760416666666667,1.2333333333333334,10.35135135135135,22.199999999999996,2.811111111111111,19,183,-26.155449629241346,0.3678348197391382,0.06524691358024691,0.6511530380676264,0.32212311825314927,0.0638833194096352,0.04722914898425796,0.09242927580388878,0.20430107526881722,0.125,0.2857142857142857
frequent_break,mappo,42,11018,192,26,66,100,0.13541666666666666,0.34375,0.8666666666666667,8.461538461538462,20.5,2.859722222222222,15,227,-27.532619074475438,0.32935305386852043,0.06626543209876544,0.6473696846091116,0.3897210104137348,0.04465653885158529,0.04646442448012052,0.10921308023475204,0.13953488372093023,0.1267605633802817,0.14285714285714285
frequent_break,mappo,42,11019,192,31,59,102,0.16145833333333334,0.3072916666666667,1.0333333333333334,8.935483870967742,19.0,2.841666666666667,15,179,-27.48079418924012,0.36970887030442146,0.06592592592592593,0.6617117505843415,0.31944985114271013,0.054694687307925954,0.04875425527642889,0.1016724827485024,0.1326530612244898,0.18333333333333332,0.20588235294117646
frequent_break,mappo,42,11020,192,34,54,104,0.17708333333333334,0.28125,1.1333333333333333,7.147058823529412,17.349999999999998,2.8541666666666665,17,240,-23.934286940133465,0.2897449726178954,0.06626543209876544,0.6288828095119829,0.39312455186512946,0.05716333549167712,0.044116021353249255,0.08595050004660988,0.18446601941747573,0.14285714285714285,0.2
frequent_break,mappo,1024,11001,192,30,69,93,0.15625,0.359375,1.0,7.2,16.549999999999997,2.4875,12,217,-26.62033707892698,0.30587945854063936,0.05777777777777778,0.6481337009862149,0.36713438411446214,0.051418918722055076,0.047691589642370094,0.11790891984928865,0.17045454545454544,0.15,0.13636363636363635
frequent_break,mappo,1024,11002,192,21,71,100,0.109375,0.3697916666666667,0.7,7.571428571428571,21.0,2.6180555555555554,19,227,-29.69469828609672,0.3760033344300081,0.06089506172839505,0.6347672498878233,0.38714255461563307,0.0373353288799513,0.04682120786958244,0.12014014674820299,0.11363636363636363,0.12857142857142856,0.058823529411764705
frequent_break,mappo,1024,11003,192,17,92,83,0.08854166666666667,0.4791666666666667,0.5666666666666667,8.117647058823529,17.799999999999994,2.283333333333333,14,201,-33.15859106590633,0.3953191268222289,0.052932098765432097,0.6713055169423082,0.35091461528381035,0.03168445245844627,0.052097598243125605,0.15997251329681672,0.0851063829787234,0.1044776119402985,0.06451612903225806
frequent_break,mappo,1024,11004,192,33,81,78,0.171875,0.421875,1.1,9.030303030303031,20.4,2.248611111111111,16,210,-27.395739382740903,0.3263742002511949,0.05200617283950616,0.6507515765608771,0.34305010562043814,0.058558234514621645,0.049671901948974875,0.131687821832525,0.18691588785046728,0.17391304347826086,0.1282051282051282
frequent_break,mappo,1024,11005,192,29,79,84,0.15104166666666666,0.4114583333333333,0.9666666666666667,7.620689655172414,16.599999999999998,2.1666666666666665,12,203,-27.997724171930205,0.3215030174014448,0.05037037037037038,0.6602283455336966,0.3437474794253971,0.052787114360340906,0.05046167110665454,0.13656127582901037,0.13761467889908258,0.14893617021276595,0.19444444444444445
frequent_break,mappo,1024,11006,192,21,60,111,0.109375,0.3125,0.7,8.238095238095237,23.0,2.9347222222222222,14,263,-27.34258615811547,0.3371950553891345,0.06827160493827161,0.6148068020219486,0.4219641949075588,0.03458874458874459,0.044046833710561256,0.09629188253902216,0.13513513513513514,0.061224489795918366,0.09375
frequent_break,mappo,1024,11007,192,21,85,86,0.109375,0.4427083333333333,0.7,7.380952380952381,15.0,2.325,18,196,-31.242958906757774,0.35864673893591825,0.053950617283950626,0.6709930511793996,0.3512829664029354,0.03829324127311744,0.05287815833690767,0.15258513931888545,0.11235955056179775,0.1,0.11627906976744186
frequent_break,mappo,1024,11008,192,34,47,111,0.17708333333333334,0.24479166666666666,1.1333333333333333,9.588235294117647,26.349999999999998,2.8555555555555556,18,294,-24.374756646767967,0.3200630698943819,0.06651234567901235,0.6095399629590549,0.4713159462158318,0.056578077825217406,0.044482718495532626,0.07444682743309745,0.15306122448979592,0.16666666666666666,0.2647058823529412
frequent_break,mappo,1024,11009,192,23,75,94,0.11979166666666667,0.390625,0.7666666666666667,9.869565217391305,24.999999999999986,2.6694444444444443,18,204,-31.12343228928782,0.3952903198771773,0.061851851851851845,0.6704498791738549,0.36300575785869904,0.04213737429294704,0.05072245309812377,0.13202617686750812,0.10526315789473684,0.13559322033898305,0.13157894736842105
frequent_break,mappo,1024,11010,192,22,83,87,0.11458333333333333,0.4322916666666667,0.7333333333333333,7.454545454545454,15.849999999999998,2.4194444444444443,13,207,-29.35403145166069,0.3355258767608139,0.056080246913580246,0.6500089303821498,0.3528125134052918,0.03898533240638504,0.04954005771006335,0.13776366596665426,0.11904761904761904,0.12121212121212122,0.09523809523809523
frequent_break,mappo,1024,11011,192,28,75,89,0.14583333333333334,0.390625,0.9333333333333333,7.535714285714286,16.299999999999997,2.640277777777778,14,233,-27.88640001312517,0.31804265526268216,0.06104938271604938,0.6364328992349559,0.39446205382737887,0.04729033479420477,0.04746607688733565,0.12769485359268642,0.14634146341463414,0.18181818181818182,0.09090909090909091
frequent_break,mappo,1024,11012,192,26,80,86,0.13541666666666666,0.4166666666666667,0.8666666666666667,8.846153846153847,18.5,2.452777777777778,15,195,-29.15781177191631,0.33845709793762446,0.05679012345679013,0.6664383545828767,0.33591259331197415,0.04533354846048345,0.048937637574637496,0.13670474978524513,0.20224719101123595,0.0847457627118644,0.06818181818181818
frequent_break,mappo,1024,11013,192,31,69,92,0.16145833333333334,0.359375,1.0333333333333334,7.580645161290323,17.0,2.5972222222222223,13,244,-26.832743365655592,0.31310262927942223,0.06018518518518519,0.6449558028262461,0.41493240264693354,0.05490747895210137,0.04792932180547335,0.11636582260438096,0.19791666666666666,0.15873015873015872,0.06060606060606061
frequent_break,mappo,1024,11014,192,20,61,111,0.10416666666666667,0.3177083333333333,0.6666666666666666,6.8,16.1,2.738888888888889,13,246,-29.026667036156294,0.3835752967952693,0.06391975308641977,0.6229085542457464,0.4117434901350973,0.033816894936325545,0.04692851828347489,0.10099121575094112,0.041666666666666664,0.16666666666666666,0.16666666666666666
frequent_break,mappo,1024,11015,192,27,52,113,0.140625,0.2708333333333333,0.9,8.148148148148149,18.099999999999998,2.9277777777777776,17,249,-25.311297279424483,0.3284908203646697,0.06817901234567901,0.6095587805990902,0.3969435065938633,0.04631545101224735,0.04423222403301829,0.08235773353790582,0.17045454545454544,0.13559322033898305,0.08888888888888889
frequent_break,mappo,1024,11016,192,23,85,84,0.11979166666666667,0.4427083333333333,0.7666666666666667,6.130434782608695,11.899999999999999,2.25,15,211,-30.20334993254268,0.31195149970485175,0.05222222222222221,0.6928576400748371,0.38485167166281725,0.04233107277998919,0.05388019041471592,0.15446201287532554,0.09433962264150944,0.13725490196078433,0.17142857142857143
frequent_break,mappo,1024,11017,192,27,59,106,0.140625,0.3072916666666667,0.9,10.592592592592593,25.799999999999997,2.904166666666667,17,229,-26.598791344794925,0.3462330723526899,0.06743827160493826,0.6035354271005761,0.38163881927039817,0.04549094656932185,0.04551338587252037,0.09738888283510708,0.13978494623655913,0.109375,0.2
frequent_break,mappo,1024,11018,192,22,64,106,0.11458333333333333,0.3333333333333333,0.7333333333333333,9.227272727272727,18.0,3.0180555555555557,15,297,-29.710583205142164,0.406385031221675,0.06996913580246913,0.5942641606816986,0.48204741004646773,0.0367625161365907,0.04410132203228468,0.10178288568044927,0.10465116279069768,0.11267605633802817,0.14285714285714285
frequent_break,mappo,1024,11019,192,21,66,105,0.109375,0.34375,0.7,8.333333333333334,17.0,2.8208333333333333,15,245,-28.227511264667182,0.3538802257346147,0.06555555555555556,0.6158123639184627,0.3976195013663044,0.036665339018280195,0.04511795642120546,0.10799058606923055,0.12244897959183673,0.1,0.08823529411764706
frequent_break,mappo,1024,11020,192,27,50,115,0.140625,0.2604166666666667,0.9,8.11111111111111,19.7,3.0277777777777777,16,253,-24.48407575664986,0.30536839652870285,0.07046296296296296,0.6242508273644554,0.40710352191742694,0.046967576664373,0.04420109768040965,0.07518300857545708,0.1553398058252427,0.08163265306122448,0.175
frequent_break,delay_only,-1,11001,192,41,60,91,0.21354166666666666,0.3125,1.3666666666666667,7.682926829268292,19.0,2.6152777777777776,16,137,-21.691536956743292,0.22348066575042028,0.06055555555555557,0.6887773649426076,0.228666437335168,0.0711033600042888,0.046328610835446885,0.09928900534163691,0.26136363636363635,0.15,0.20454545454545456
frequent_break,delay_only,-1,11002,192,23,67,102,0.11979166666666667,0.3489583333333333,0.7666666666666667,7.6521739130434785,16.9,2.588888888888889,13,111,-26.893893341994463,0.3040201998692015,0.06030864197530864,0.6984420007332354,0.19732860586390674,0.04346233969736459,0.049742775535166726,0.1187298391260903,0.14772727272727273,0.08571428571428572,0.11764705882352941
frequent_break,delay_only,-1,11003,192,16,98,78,0.08333333333333333,0.5104166666666666,0.5333333333333333,8.75,13.5,2.1458333333333335,18,107,-32.829574426130165,0.35506086120932606,0.049722222222222216,0.7191254132900081,0.19169744213474865,0.028708863662424033,0.05390581075711944,0.17680272986387538,0.09574468085106383,0.04477611940298507,0.12903225806451613
frequent_break,delay_only,-1,11004,192,34,84,74,0.17708333333333334,0.4375,1.1333333333333333,7.617647058823529,16.699999999999996,1.988888888888889,24,126,-27.234157884673994,0.288924563408141,0.0461111111111111,0.7056539415731471,0.22345390505607224,0.0620878064144318,0.05327072243200841,0.15166129965665573,0.19626168224299065,0.13043478260869565,0.1794871794871795
frequent_break,delay_only,-1,11005,192,31,71,90,0.16145833333333334,0.3697916666666667,1.0333333333333334,7.225806451612903,16.5,2.3097222222222222,15,116,-25.984631605447262,0.28114577912641636,0.05373456790123457,0.7127985614678117,0.20450541661067975,0.057836870731607565,0.05184706124702525,0.1276048123416544,0.13761467889908258,0.10638297872340426,0.3055555555555556
frequent_break,delay_only,-1,11006,192,26,46,120,0.13541666666666666,0.23958333333333334,0.8666666666666667,7.5,13.75,3.0722222222222224,15,146,-25.72074197242042,0.3501620597321701,0.07160493827160494,0.6719544351701318,0.24636482025026918,0.04547342807404727,0.04474328250150798,0.07556720083035871,0.14414414414414414,0.12244897959183673,0.125
frequent_break,delay_only,-1,11007,192,22,102,68,0.11458333333333333,0.53125,0.7333333333333333,9.318181818181818,20.9,1.9013888888888888,15,88,-32.319299037727,0.3358354692024356,0.04398148148148149,0.7402152440619484,0.16299147819271656,0.041511716697475214,0.05649319852523685,0.19047875470476092,0.16853932584269662,0.08333333333333333,0.046511627906976744
frequent_break,delay_only,-1,11008,192,29,60,103,0.15104166666666666,0.3125,0.9666666666666667,4.9655172413793105,13.399999999999991,2.626388888888889,13,137,-24.69094162306761,0.270799358009126,0.06117283950617283,0.6922000848932334,0.23734037488513193,0.05431416560337007,0.04878603488990569,0.10673768405781463,0.15306122448979592,0.11666666666666667,0.20588235294117646
frequent_break,delay_only,-1,11009,192,24,80,88,0.125,0.4166666666666667,0.8,9.791666666666666,18.699999999999996,2.522222222222222,14,129,-30.75203613102211,0.37131585403712625,0.058395061728395065,0.717236431817289,0.23329971258780655,0.04482573120781494,0.05171842993764166,0.14311871430494394,0.11578947368421053,0.1016949152542373,0.18421052631578946
frequent_break,delay_only,-1,11010,192,35,86,71,0.18229166666666666,0.4479166666666667,1.1666666666666667,8.114285714285714,17.299999999999997,2.047222222222222,13,125,-28.32030773928251,0.33384567740935844,0.04731481481481481,0.7080153335404933,0.21491647456430737,0.06125160643736495,0.04971124382360593,0.1464269277620671,0.21428571428571427,0.13636363636363635,0.19047619047619047
frequent_break,delay_only,-1,11011,192,29,70,93,0.15104166666666666,0.3645833333333333,0.9666666666666667,7.103448275862069,18.599999999999998,2.498611111111111,18,125,-27.89113424489107,0.33229554448927257,0.05802469135802469,0.7039812077699377,0.2244279612429767,0.050894556653070584,0.04971090446047295,0.12546550199026982,0.13414634146341464,0.19696969696969696,0.11363636363636363
frequent_break,delay_only,-1,11012,192,35,72,85,0.18229166666666666,0.375,1.1666666666666667,7.628571428571429,18.299999999999997,2.3513888888888888,20,113,-26.390808292098637,0.3084789031245613,0.05450617283950618,0.7011651373309975,0.19866852961280207,0.0633594961110441,0.05101101234926077,0.12945569236977905,0.19101123595505617,0.2033898305084746,0.13636363636363635
frequent_break,delay_only,-1,11013,192,28,66,98,0.14583333333333334,0.34375,0.9333333333333333,9.464285714285714,22.89999999999999,2.6555555555555554,15,136,-26.77952597519189,0.32929536286280425,0.061666666666666675,0.6833656909236507,0.22894486014825224,0.051386569463699634,0.047716350644747635,0.11227592800752041,0.19791666666666666,0.07936507936507936,0.12121212121212122
frequent_break,delay_only,-1,11014,192,12,69,111,0.0625,0.359375,0.4,4.416666666666667,8.799999999999997,2.870833333333333,20,141,-29.663373801524767,0.3404377257496513,0.06685185185185186,0.6909923503202625,0.24186704506363946,0.02237165068047421,0.04778947515425098,0.12047734457951176,0.03125,0.09259259259259259,0.09523809523809523
frequent_break,delay_only,-1,11015,192,43,51,98,0.22395833333333334,0.265625,1.4333333333333333,8.209302325581396,16.799999999999997,2.6375,14,160,-21.904559157983346,0.2717376872040091,0.061265432098765435,0.6633107423023413,0.2503769841269841,0.06768217893217893,0.042814467624123595,0.0793770410875674,0.2840909090909091,0.1694915254237288,0.17777777777777778
frequent_break,delay_only,-1,11016,192,31,98,63,0.16145833333333334,0.5104166666666666,1.0333333333333334,8.290322580645162,18.0,1.8097222222222222,16,104,-30.068451343414996,0.31213164484282224,0.04179012345679012,0.7396079515068661,0.18578730322538373,0.05672784903435058,0.0562352736157777,0.17879435107376282,0.16981132075471697,0.11764705882352941,0.2
frequent_break,delay_only,-1,11017,192,31,63,98,0.16145833333333334,0.328125,1.0333333333333334,9.0,21.5,2.7805555555555554,18,129,-26.053802674757293,0.32504571854582726,0.06444444444444444,0.6657536834603562,0.22023108871406086,0.05179516676420701,0.04551074332649086,0.10698750738998415,0.20430107526881722,0.125,0.11428571428571428
frequent_break,delay_only,-1,11018,192,18,63,111,0.09375,0.328125,0.6,8.88888888888889,24.0,3.111111111111111,18,125,-28.11271901779266,0.3576484142638136,0.07219135802469136,0.6737375736097384,0.20758542226034488,0.03184105311040296,0.04436065657420662,0.10127465127465127,0.05813953488372093,0.11267605633802817,0.14285714285714285
frequent_break,delay_only,-1,11019,192,44,51,97,0.22916666666666666,0.265625,1.4666666666666666,8.022727272727273,14.850000000000001,2.629166666666667,14,113,-22.60852708655952,0.29528692686418284,0.061049382716049386,0.6972209258335732,0.19064308182880663,0.07642252765755256,0.04562663032789212,0.08551722475736476,0.2653061224489796,0.2,0.17647058823529413
frequent_break,delay_only,-1,11020,192,18,56,118,0.09375,0.2916666666666667,0.6,4.888888888888889,12.599999999999994,3.0652777777777778,18,142,-26.769487520176664,0.32273641547306764,0.07138888888888889,0.6903173591643436,0.23728394068951345,0.03380939723044986,0.045564284398956,0.09145781119465331,0.06796116504854369,0.12244897959183673,0.125
frequent_break,full_heuristic,-1,11001,192,63,46,83,0.328125,0.23958333333333334,2.1,6.809523809523809,14.899999999999999,2.1666666666666665,12,69,-17.752343858563098,0.24362419167129185,0.05033950617283951,0.689233081846776,0.1185732769981996,0.10998490730688873,0.04679931532002101,0.07740384271731021,0.36363636363636365,0.2833333333333333,0.3181818181818182
frequent_break,full_heuristic,-1,11002,192,52,54,86,0.2708333333333333,0.28125,1.7333333333333334,6.653846153846154,14.349999999999987,2.088888888888889,12,63,-19.611244330223098,0.25437329021871036,0.04870370370370371,0.6773406561786237,0.10766794437073074,0.09370587043961655,0.04807249895285777,0.09138623258979295,0.3522727272727273,0.18571428571428572,0.23529411764705882
frequent_break,full_heuristic,-1,11003,192,42,89,61,0.21875,0.4635416666666667,1.4,8.095238095238095,15.899999999999991,1.9180555555555556,12,72,-26.22695264548484,0.2863223699654297,0.04413580246913581,0.7125087128902388,0.13469738666333092,0.07899193170091004,0.054559741583639076,0.16096739918721342,0.24468085106382978,0.19402985074626866,0.1935483870967742
frequent_break,full_heuristic,-1,11004,192,66,68,58,0.34375,0.3541666666666667,2.2,6.5,13.75,1.5805555555555555,14,42,-19.19797657504398,0.22369979651610658,0.03654320987654321,0.7259413074611802,0.07952537830246809,0.12810369469425192,0.05513746742224137,0.12940805066966057,0.4205607476635514,0.21739130434782608,0.28205128205128205
frequent_break,full_heuristic,-1,11005,192,49,68,75,0.2552083333333333,0.3541666666666667,1.6333333333333333,7.530612244897959,15.599999999999994,1.9597222222222221,11,66,-22.13203978301406,0.25629489112231735,0.045493827160493834,0.705460907708403,0.11241374785357824,0.08857487669323046,0.05142043537362569,0.12091960650363531,0.25688073394495414,0.14893617021276595,0.3888888888888889
frequent_break,full_heuristic,-1,11006,192,58,35,99,0.3020833333333333,0.18229166666666666,1.9333333333333333,7.896551724137931,18.0,2.4944444444444445,14,59,-17.899869488110987,0.2690077844526273,0.05811728395061728,0.6908130439710121,0.09958696317442446,0.10309189677997724,0.04583660927688119,0.0587184613345604,0.3333333333333333,0.24489795918367346,0.28125
frequent_break,full_heuristic,-1,11007,192,71,73,48,0.3697916666666667,0.3802083333333333,2.3666666666666667,8.295774647887324,16.0,1.5680555555555555,13,23,-20.30130550984177,0.26648541776650564,0.035956790123456796,0.7208485732350627,0.043642623716153135,0.13756124379576393,0.05689612513495745,0.1408696987566956,0.5056179775280899,0.31666666666666665,0.16279069767441862
frequent_break,full_heuristic,-1,11008,192,60,39,93,0.3125,0.203125,2.0,7.066666666666666,18.049999999999997,2.2069444444444444,15,78,-17.458104178542325,0.25285822079624826,0.0515432098765432,0.6835777435281725,0.13387896335752708,0.11052894206245935,0.048120927386116,0.06776257210232174,0.3163265306122449,0.3333333333333333,0.2647058823529412
frequent_break,full_heuristic,-1,11009,192,41,65,86,0.21354166666666666,0.3385416666666667,1.3666666666666667,8.634146341463415,16.0,2.2680555555555557,14,73,-24.693177635763917,0.3203244481262718,0.05268518518518519,0.696640877068668,0.12860154694520018,0.07398412160022066,0.05100398721972605,0.11473021073640269,0.15789473684210525,0.2542372881355932,0.2894736842105263
frequent_break,full_heuristic,-1,11010,192,54,76,62,0.28125,0.3958333333333333,1.8,7.444444444444445,14.349999999999994,1.7569444444444444,10,89,-22.681855383090372,0.2689848659042585,0.04058641975308642,0.7020221006770068,0.15450383981343735,0.09597543094447118,0.050197005859511264,0.12981359369904263,0.2976190476190476,0.2878787878787879,0.23809523809523808
frequent_break,full_heuristic,-1,11011,192,50,54,88,0.2604166666666667,0.28125,1.6666666666666667,8.36,18.099999999999994,2.411111111111111,16,84,-21.872505499949675,0.29339500374385197,0.055925925925925934,0.7052291837052329,0.15040809651877762,0.0932947844209454,0.04955233455251063,0.09494294820533211,0.2804878048780488,0.2727272727272727,0.20454545454545456
frequent_break,full_heuristic,-1,11012,192,45,72,75,0.234375,0.375,1.5,7.133333333333334,16.799999999999997,2.0555555555555554,15,48,-23.6420690897958,0.2791651618981962,0.04762345679012345,0.7093044611532091,0.0849877032152574,0.08196849819140838,0.05136769831345852,0.12897774883069,0.21348314606741572,0.2542372881355932,0.25
frequent_break,full_heuristic,-1,11013,192,63,50,79,0.328125,0.2604166666666667,2.1,8.793650793650794,19.599999999999994,2.1694444444444443,17,72,-18.484186414480437,0.2560380546490088,0.05027777777777778,0.6927728381043102,0.1197244722941317,0.11260240719606045,0.048278929758641835,0.08496243909169605,0.3645833333333333,0.25396825396825395,0.36363636363636365
frequent_break,full_heuristic,-1,11014,192,19,70,103,0.09895833333333333,0.3645833333333333,0.6333333333333333,5.947368421052632,13.099999999999998,2.6347222222222224,19,88,-28.035457158940105,0.34853422020150643,0.06135802469135802,0.6769395691740416,0.14830430318349286,0.0346766984305684,0.04737358186020113,0.11668999606407064,0.041666666666666664,0.14814814814814814,0.16666666666666666
frequent_break,full_heuristic,-1,11015,192,74,32,86,0.3854166666666667,0.16666666666666666,2.466666666666667,6.608108108108108,11.349999999999994,2.1416666666666666,9,42,-14.181671920926364,0.21349330043785525,0.04987654320987655,0.6774986260515928,0.06688859280392462,0.12136679533704706,0.04416790081655261,0.052758815682156644,0.4431818181818182,0.3220338983050847,0.35555555555555557
frequent_break,full_heuristic,-1,11016,192,54,80,58,0.28125,0.4166666666666667,1.8,7.37037037037037,12.349999999999994,1.601388888888889,13,55,-23.130099090374667,0.24999530824342373,0.03700617283950618,0.7307910320690119,0.10355578488705422,0.10418122512162757,0.0568051374583457,0.15398915999148197,0.29245283018867924,0.2549019607843137,0.2857142857142857
frequent_break,full_heuristic,-1,11017,192,56,52,84,0.2916666666666667,0.2708333333333333,1.8666666666666667,8.517857142857142,17.25,2.326388888888889,11,73,-19.588176169872014,0.2630263001633912,0.05391975308641974,0.6747616720407357,0.1262445589612772,0.10100038048180464,0.04756118658830929,0.09069599876101425,0.3225806451612903,0.234375,0.3142857142857143
frequent_break,full_heuristic,-1,11018,192,44,44,104,0.22916666666666666,0.22916666666666666,1.4666666666666666,8.431818181818182,21.250000000000007,2.713888888888889,20,56,-21.394509341558287,0.32942699604380427,0.06314814814814815,0.6528685641555874,0.09068119710265356,0.07725774387017488,0.044594158815638794,0.06934517359170744,0.1744186046511628,0.30985915492957744,0.2
frequent_break,full_heuristic,-1,11019,192,80,34,78,0.4166666666666667,0.17708333333333334,2.6666666666666665,8.4125,19.049999999999997,2.158333333333333,11,32,-15.020407706478506,0.2687071357274467,0.05000000000000001,0.6992586147313179,0.05723487554756904,0.14560850570138495,0.04758652820449359,0.058677598631159,0.47959183673469385,0.4,0.2647058823529412
frequent_break,full_heuristic,-1,11020,192,46,45,101,0.23958333333333334,0.234375,1.5333333333333334,6.673913043478261,14.0,2.513888888888889,14,82,-19.012921797517976,0.24160568378217237,0.05861111111111111,0.6670076421141785,0.14106135865575223,0.08556057193929047,0.04692699681938476,0.07499091932730376,0.23300970873786409,0.16326530612244897,0.35
frequent_break,random,-1,11001,192,28,71,93,0.14583333333333334,0.3697916666666667,0.9333333333333333,7.142857142857143,16.599999999999994,2.5680555555555555,18,160,-27.725205973163863,0.35863012367619673,0.0595679012345679,0.6407604160274619,0.26604990568377296,0.046676358220980645,0.04665724780758816,0.11649294514283072,0.14772727272727273,0.1,0.20454545454545456
frequent_break,random,-1,11002,192,19,74,99,0.09895833333333333,0.3854166666666667,0.6333333333333333,7.2105263157894735,14.299999999999994,2.748611111111111,14,180,-28.241641792206188,0.34677167639504475,0.06376543209876544,0.6125161578651733,0.2938740577709483,0.031773392249903214,0.04535933204732304,0.11879099923722349,0.125,0.04285714285714286,0.14705882352941177
frequent_break,random,-1,11003,192,22,90,80,0.11458333333333333,0.46875,0.7333333333333333,8.363636363636363,18.749999999999996,2.2958333333333334,14,138,-30.69359635717619,0.3570332598043177,0.05311728395061728,0.6688467885324947,0.2446880123660309,0.039286233632208865,0.05142869345912729,0.15683069639338987,0.1276595744680851,0.1044776119402985,0.0967741935483871
frequent_break,random,-1,11004,192,40,78,74,0.20833333333333334,0.40625,1.3333333333333333,6.8,16.049999999999997,1.9902777777777778,15,153,-25.36574628191094,0.28373216115795724,0.04614197530864196,0.6655881579213149,0.2670203918888129,0.07140480062306688,0.05193645651960732,0.13814846645728998,0.27102803738317754,0.17391304347826086,0.07692307692307693
frequent_break,random,-1,11005,192,40,62,90,0.20833333333333334,0.3229166666666667,1.3333333333333333,8.075,16.049999999999997,2.325,20,145,-23.916360898069254,0.29685016366774153,0.05407407407407407,0.6631310244706553,0.25422265119902754,0.07309072090570273,0.049914033210395115,0.10794130151193686,0.2018348623853211,0.14893617021276595,0.3055555555555556
frequent_break,random,-1,11006,192,24,57,111,0.125,0.296875,0.8,6.416666666666667,15.849999999999998,2.8305555555555557,17,189,-25.022230211999936,0.3063095067384999,0.0659567901234568,0.6190346163371482,0.31090468815869277,0.04189374952532847,0.04513464091433072,0.09128759536082189,0.18018018018018017,0.02040816326530612,0.09375
frequent_break,random,-1,11007,192,32,81,79,0.16666666666666666,0.421875,1.0666666666666667,10.125,20.0,2.154166666666667,15,146,-27.829932933072886,0.31917201616629204,0.049938271604938266,0.6645482179533795,0.26024731317300975,0.0581738064710201,0.05316649461300035,0.14762459476081763,0.2247191011235955,0.05,0.20930232558139536
frequent_break,random,-1,11008,192,40,46,106,0.20833333333333334,0.23958333333333334,1.3333333333333333,6.95,18.049999999999997,2.688888888888889,15,192,-20.79991230750292,0.2606745276342931,0.0626543209876543,0.6118244568725424,0.3076558504847979,0.06787475925633821,0.0440712634739111,0.07321570972886762,0.1836734693877551,0.23333333333333334,0.23529411764705882
frequent_break,random,-1,11009,192,22,80,90,0.11458333333333333,0.4166666666666667,0.7333333333333333,8.727272727272727,16.0,2.5069444444444446,16,136,-30.63320568469366,0.3778497816246069,0.058117283950617285,0.6734997803279821,0.24355586679116087,0.03929750847707504,0.050930335223339916,0.14240208364047374,0.11578947368421053,0.0847457627118644,0.15789473684210525
frequent_break,random,-1,11010,192,29,79,84,0.15104166666666666,0.4114583333333333,0.9666666666666667,8.689655172413794,17.99999999999999,2.3541666666666665,15,130,-27.920215406102102,0.3426002707696701,0.054537037037037044,0.6562934823068368,0.22777297063674776,0.054189379305478375,0.049512222097586454,0.13708507379560012,0.21428571428571427,0.12121212121212122,0.07142857142857142
frequent_break,random,-1,11011,192,25,79,88,0.13020833333333334,0.4114583333333333,0.8333333333333334,6.6,21.99999999999997,2.584722222222222,15,166,-28.641894387045344,0.34238331771327485,0.059783950617283955,0.6467540127686431,0.28235652075822354,0.04282637483488878,0.0482645953833666,0.13274865714494197,0.12195121951219512,0.18181818181818182,0.06818181818181818
frequent_break,random,-1,11012,192,34,81,77,0.17708333333333334,0.421875,1.1333333333333333,9.441176470588236,20.349999999999998,2.2888888888888888,17,120,-27.499272199661664,0.3309885622352377,0.05287037037037037,0.6805023487833203,0.20451174542118813,0.058850695514782184,0.049231330249603765,0.13749114132628065,0.21348314606741572,0.1864406779661017,0.09090909090909091
frequent_break,random,-1,11013,192,34,64,94,0.17708333333333334,0.3333333333333333,1.1333333333333333,10.264705882352942,24.349999999999998,2.5791666666666666,13,176,-25.969793443069214,0.33573617502342745,0.05984567901234568,0.6399175454454098,0.29374108855802217,0.057852671102099025,0.047208023867429796,0.10716230629274105,0.21875,0.1111111111111111,0.18181818181818182
frequent_break,random,-1,11014,192,17,64,111,0.08854166666666667,0.3333333333333333,0.5666666666666667,10.588235294117647,21.199999999999992,2.8125,18,171,-29.870481739292774,0.40831467405353206,0.06555555555555555,0.6457498655415335,0.2794112483290031,0.027863891447987555,0.04556302115589648,0.10366895224446712,0.08333333333333333,0.05555555555555555,0.14285714285714285
frequent_break,random,-1,11015,192,32,53,107,0.16666666666666666,0.2760416666666667,1.0666666666666667,7.8125,16.799999999999997,2.7194444444444446,12,174,-23.898465920423767,0.3153657147904249,0.0633641975308642,0.6184518145978805,0.28198729124930494,0.05349681846249352,0.043563397701589485,0.08378619473585149,0.17045454545454544,0.1694915254237288,0.15555555555555556
frequent_break,random,-1,11016,192,36,75,81,0.1875,0.390625,1.2,8.63888888888889,20.5,2.1458333333333335,18,174,-27.27181849832679,0.31196864502833843,0.04981481481481482,0.6833208513204472,0.32464437236883054,0.06717568021360591,0.05425665207471905,0.13978825740822645,0.16981132075471697,0.17647058823529413,0.2571428571428571
frequent_break,random,-1,11017,192,25,61,106,0.13020833333333334,0.3177083333333333,0.8333333333333334,9.04,21.399999999999977,2.9166666666666665,16,183,-26.171619771584837,0.33539793490116326,0.06771604938271604,0.6135269788893073,0.29998781126069457,0.04278989772410825,0.045431796190641,0.09854605772225908,0.15053763440860216,0.109375,0.11428571428571428
frequent_break,random,-1,11018,192,29,65,98,0.15104166666666666,0.3385416666666667,0.9666666666666667,10.827586206896552,21.199999999999985,2.8583333333333334,15,227,-27.62902099316987,0.3775311167231307,0.06617283950617284,0.6019095351514238,0.3691475909412375,0.04918340278348355,0.043355874448351955,0.10487245523454973,0.19767441860465115,0.07042253521126761,0.2
frequent_break,random,-1,11019,192,32,58,102,0.16666666666666666,0.3020833333333333,1.0666666666666667,8.84375,19.45,2.6180555555555554,14,181,-24.752664161668015,0.3313890444810035,0.06095679012345679,0.605096863822229,0.2896055310458326,0.05285398849690814,0.043635779318626965,0.09290459487541866,0.1836734693877551,0.16666666666666666,0.11764705882352941
frequent_break,random,-1,11020,192,38,48,106,0.19791666666666666,0.25,1.2666666666666666,7.842105263157895,17.15,2.8361111111111112,17,182,-22.31356783367353,0.2929945352578605,0.06592592592592592,0.6190392179655775,0.29527287333048535,0.06281830250533978,0.0438087062028832,0.0753659345993442,0.17475728155339806,0.1836734693877551,0.275
frequent_break,global_dijkstra,-1,11001,192,81,46,65,0.421875,0.23958333333333334,2.7,8.012345679012345,18.0,1.9791666666666667,11,89,-15.811754465098561,0.2458325155566183,0.04561728395061728,0.7115551011801345,0.16318254787295036,0.15832347333895322,0.05157148429109219,0.08390393876848985,0.45454545454545453,0.35,0.45454545454545453
frequent_break,global_dijkstra,-1,11002,192,93,28,71,0.484375,0.14583333333333334,3.1,6.860215053763441,15.0,1.7430555555555556,14,59,-12.19046387290946,0.252418665904082,0.04055555555555555,0.7131367035900135,0.11222828312611594,0.1860671900339083,0.05185446713306067,0.054710305174701455,0.5113636363636364,0.44285714285714284,0.5
frequent_break,global_dijkstra,-1,11003,192,81,48,63,0.421875,0.25,2.7,7.888888888888889,12.0,1.8166666666666667,14,35,-15.901218215243759,0.2491533312348752,0.041944444444444444,0.7441617132646978,0.07298571182859108,0.17160662780631825,0.058015267972574495,0.09903272510083655,0.4148936170212766,0.4626865671641791,0.3548387096774194
frequent_break,global_dijkstra,-1,11004,192,95,44,53,0.4947916666666667,0.22916666666666666,3.1666666666666665,6.252631578947368,14.299999999999997,1.4958333333333333,22,18,-11.241158372896725,0.19232103244743395,0.034506172839506175,0.7479189112013531,0.035983893557422965,0.21154896574014223,0.06016595576526006,0.09535220498455795,0.5514018691588785,0.41304347826086957,0.4358974358974359
frequent_break,global_dijkstra,-1,11005,192,89,41,62,0.4635416666666667,0.21354166666666666,2.966666666666667,6.52808988764045,15.599999999999994,1.6125,25,22,-12.312967849331738,0.20388837560573458,0.03737654320987654,0.7425864228657154,0.04651649548708372,0.19159445946210651,0.057820096469379835,0.08672652510887806,0.46788990825688076,0.2978723404255319,0.6666666666666666
frequent_break,global_dijkstra,-1,11006,192,82,27,83,0.4270833333333333,0.140625,2.7333333333333334,8.268292682926829,20.750000000000014,2.1458333333333335,17,61,-14.010076813564382,0.2574263272043969,0.049876543209876556,0.7215448965410858,0.12620875498197479,0.16401658211642725,0.05243867187928367,0.0532250482289182,0.4864864864864865,0.32653061224489793,0.375
frequent_break,global_dijkstra,-1,11007,192,89,44,59,0.4635416666666667,0.22916666666666666,2.966666666666667,7.48314606741573,17.0,1.648611111111111,16,44,-13.281259183061987,0.22431721451577483,0.03808641975308642,0.7391180887657871,0.09039354135716364,0.1921532227375881,0.05816298875396745,0.0893873415313044,0.5280898876404494,0.4166666666666667,0.3953488372093023
frequent_break,global_dijkstra,-1,11008,192,102,28,62,0.53125,0.14583333333333334,3.4,6.921568627450981,19.899999999999977,1.8222222222222222,10,64,-9.170346251838792,0.20103151018603402,0.042037037037037026,0.7060297959508444,0.1319478938673985,0.2099261837806729,0.05341521712241455,0.05306171883958262,0.5918367346938775,0.4166666666666667,0.5588235294117647
frequent_break,global_dijkstra,-1,11009,192,57,53,82,0.296875,0.2760416666666667,1.9,7.0,14.199999999999996,2.265277777777778,21,81,-20.328769938788472,0.262021011765371,0.052500000000000005,0.7125960059567614,0.1554561332773407,0.110599498970242,0.05258783261134455,0.10107781895320593,0.2736842105263158,0.3050847457627119,0.34210526315789475
frequent_break,global_dijkstra,-1,11010,192,76,55,61,0.3958333333333333,0.2864583333333333,2.533333333333333,7.973684210526316,17.25,1.8458333333333334,19,67,-17.87647366910348,0.2666810462219988,0.04253086419753087,0.7280576403030831,0.12488453568561927,0.151959519525309,0.05335660234620768,0.10237718479204547,0.44047619047619047,0.4090909090909091,0.2857142857142857
frequent_break,global_dijkstra,-1,11011,192,67,47,78,0.3489583333333333,0.24479166666666666,2.2333333333333334,8.134328358208956,20.699999999999996,2.3097222222222222,17,52,-18.31017739564302,0.2541035920144354,0.0533641975308642,0.7345526603404053,0.10865924237441264,0.13922601879258228,0.05456096264940217,0.09876602957872309,0.35365853658536583,0.3787878787878788,0.29545454545454547
frequent_break,global_dijkstra,-1,11012,192,55,75,62,0.2864583333333333,0.390625,1.8333333333333333,6.381818181818182,14.0,1.9277777777777778,15,50,-21.25260935880417,0.21902208709093857,0.044382716049382716,0.7171444364611884,0.09371146411781087,0.10393940324667877,0.05347464149485836,0.13955444165970482,0.3146067415730337,0.23728813559322035,0.29545454545454547
frequent_break,global_dijkstra,-1,11013,192,99,41,52,0.515625,0.21354166666666666,3.3,6.9393939393939394,15.0,1.5027777777777778,9,60,-11.626312400236433,0.21690708807671116,0.034629629629629635,0.7352146751748091,0.12262021475256768,0.21179172679172678,0.05752059600817849,0.08431648416942535,0.53125,0.4444444444444444,0.6060606060606061
frequent_break,global_dijkstra,-1,11014,192,56,44,92,0.2916666666666667,0.22916666666666666,1.8666666666666667,8.392857142857142,17.25,2.486111111111111,15,102,-19.528641469785907,0.26472512785306007,0.05771604938271605,0.708129943494748,0.19904173125922353,0.11383800882639888,0.05291322466246162,0.08428406274381506,0.2916666666666667,0.2222222222222222,0.38095238095238093
frequent_break,global_dijkstra,-1,11015,192,96,26,70,0.5,0.13541666666666666,3.2,7.822916666666667,17.0,1.9111111111111112,14,58,-11.5751873205236,0.2435377226735437,0.04425925925925926,0.7009825701065213,0.10767967341109755,0.1845450506092921,0.05045376412194742,0.04945597617037245,0.5113636363636364,0.423728813559322,0.5777777777777777
frequent_break,global_dijkstra,-1,11016,192,77,56,59,0.4010416666666667,0.2916666666666667,2.566666666666667,6.415584415584416,12.200000000000003,1.5166666666666666,12,47,-16.91372970600876,0.21252368419242554,0.03515432098765432,0.770223873514439,0.10344708396178984,0.16583339318633436,0.06101862662826617,0.1214537096890038,0.41509433962264153,0.3137254901960784,0.4857142857142857
frequent_break,global_dijkstra,-1,11017,192,101,24,67,0.5260416666666666,0.125,3.3666666666666667,7.069306930693069,16.0,1.7583333333333333,14,35,-8.84299803514327,0.22829494466967182,0.04077160493827161,0.7138480644076479,0.07403883483217848,0.2229122122001379,0.056702795446988384,0.051138359118235284,0.5591397849462365,0.421875,0.6285714285714286
frequent_break,global_dijkstra,-1,11018,192,101,25,66,0.5260416666666666,0.13020833333333334,3.3666666666666667,8.178217821782178,17.0,2.0125,24,33,-10.093121990383528,0.24478082735859108,0.0463888888888889,0.7334989806464038,0.07137644891514862,0.22041865599141142,0.05533436723083972,0.05441227818162804,0.5813953488372093,0.4647887323943662,0.5142857142857142
frequent_break,global_dijkstra,-1,11019,192,122,15,55,0.6354166666666666,0.078125,4.066666666666666,6.721311475409836,13.0,1.5680555555555555,17,28,-4.336248601799204,0.21717315524036887,0.03617283950617283,0.7355823281058994,0.06450447700447699,0.27748380976322146,0.0575622133773234,0.03347476597476597,0.6428571428571429,0.65,0.5882352941176471
frequent_break,global_dijkstra,-1,11020,192,89,21,82,0.4635416666666667,0.109375,2.966666666666667,8.696629213483146,20.0,2.225,22,50,-11.709718230034568,0.2444447974937118,0.05160493827160493,0.7216049077568945,0.10370251752604694,0.1835143396908103,0.05287108476666901,0.042396903205726734,0.44660194174757284,0.3877551020408163,0.6
frequent_break,q_routing,7,11001,192,44,66,82,0.22916666666666666,0.34375,1.4666666666666666,4.909090909090909,10.850000000000001,2.3041666666666667,19,120,-21.40402723353384,0.21591067734429317,0.0533641975308642,0.6755391222076417,0.20149941661938567,0.0743753750835794,0.046573252710938935,0.11044475977525513,0.29545454545454547,0.2,0.13636363636363635
frequent_break,q_routing,7,11002,192,52,59,81,0.2708333333333333,0.3072916666666667,1.7333333333333334,6.730769230769231,20.449999999999996,2.3208333333333333,19,83,-19.84416810454928,0.22941564477730278,0.053703703703703705,0.6853456424280348,0.1522794731927859,0.10167870027003152,0.05111943639235951,0.1071052017298147,0.23863636363636365,0.32857142857142857,0.23529411764705882
frequent_break,q_routing,7,11003,192,57,92,43,0.296875,0.4791666666666667,1.9,6.421052631578948,12.199999999999996,1.5361111111111112,6,64,-22.97080159839026,0.22349212395262288,0.035092592592592585,0.7281807369241587,0.11574499416991675,0.10824031260563767,0.056728259885664906,0.16884781025647902,0.32978723404255317,0.2835820895522388,0.22580645161290322
frequent_break,q_routing,7,11004,192,60,75,57,0.3125,0.390625,2.0,5.266666666666667,12.199999999999989,1.6805555555555556,12,49,-19.393449991519038,0.17450511723339848,0.038734567901234564,0.7276279893571903,0.09413752928071814,0.1219267059050341,0.058780690208738,0.148144701875352,0.32710280373831774,0.3695652173913043,0.20512820512820512
frequent_break,q_routing,7,11005,192,62,71,59,0.3229166666666667,0.3697916666666667,2.066666666666667,5.370967741935484,10.949999999999996,1.613888888888889,9,53,-17.88470828782424,0.16238954019796434,0.037314814814814815,0.7081192960785202,0.09874958260407177,0.12165542217786801,0.05506784063582986,0.13395502330486853,0.3302752293577982,0.19148936170212766,0.4722222222222222
frequent_break,q_routing,7,11006,192,56,41,95,0.2916666666666667,0.21354166666666666,1.8666666666666667,7.982142857142857,18.25,2.45,11,125,-18.989591892631857,0.26970901948039017,0.057006172839506174,0.6580959363862761,0.2039032501103439,0.09569162943590863,0.04493748413856523,0.06736666545591029,0.36036036036036034,0.20408163265306123,0.1875
frequent_break,q_routing,7,11007,192,43,96,53,0.22395833333333334,0.5,1.4333333333333333,5.837209302325581,13.0,1.5611111111111111,13,54,-25.95782246600921,0.23323450366580542,0.03595679012345679,0.7287489722046308,0.1053254097410444,0.08387786491114664,0.06069700529436342,0.18975363717236782,0.25842696629213485,0.18333333333333332,0.20930232558139536
frequent_break,q_routing,7,11008,192,65,36,91,0.3385416666666667,0.1875,2.1666666666666665,6.953846153846154,15.599999999999994,2.325,14,98,-15.560129265448115,0.20862975240208212,0.054104938271604945,0.6755364572664603,0.1700184507614848,0.11541336630345918,0.04711354689914997,0.0605503658135237,0.3469387755102041,0.3333333333333333,0.3235294117647059
frequent_break,q_routing,7,11009,192,20,88,84,0.10416666666666667,0.4583333333333333,0.6666666666666666,8.05,17.150000000000002,2.3680555555555554,16,110,-31.9868782196108,0.3837609346886489,0.05484567901234568,0.7007640964373306,0.1957988014450863,0.03534920002025265,0.052502848182677885,0.1572490514015282,0.08421052631578947,0.15254237288135594,0.07894736842105263
frequent_break,q_routing,7,11010,192,57,68,67,0.296875,0.3541666666666667,1.9,7.754385964912281,17.0,1.9416666666666667,12,69,-21.637119230781405,0.27233454740542573,0.044845679012345686,0.7187665703761711,0.12140349388027408,0.10643670971844342,0.05048421996054254,0.11859361527705183,0.3333333333333333,0.3181818181818182,0.19047619047619047
frequent_break,q_routing,7,11011,192,46,59,87,0.23958333333333334,0.3072916666666667,1.5333333333333334,7.304347826086956,19.75,2.5305555555555554,17,84,-23.14365406296777,0.28232360881746094,0.058549382716049383,0.7184404794904834,0.1601986379347061,0.08938502301505397,0.05201176899642377,0.11230046112012056,0.25609756097560976,0.24242424242424243,0.20454545454545456
frequent_break,q_routing,7,11012,192,53,78,61,0.2760416666666667,0.40625,1.7666666666666666,6.622641509433962,19.4,1.9361111111111111,20,56,-21.876487273118276,0.21959863219528647,0.04453703703703704,0.7118752882687052,0.10863773925306434,0.10009682554574194,0.05389532283921339,0.1455634537174785,0.29213483146067415,0.288135593220339,0.22727272727272727
frequent_break,q_routing,7,11013,192,63,51,78,0.328125,0.265625,2.1,8.555555555555555,19.0,2.3041666666666667,15,66,-18.756333427579705,0.25017594187636694,0.05324074074074072,0.7107699382395896,0.12460331149185636,0.12207407960116938,0.052125695680873316,0.09553626899989127,0.4166666666666667,0.20634920634920634,0.30303030303030304
frequent_break,q_routing,7,11014,192,36,65,91,0.1875,0.3385416666666667,1.2,6.361111111111111,18.0,2.2527777777777778,13,101,-23.441798544740823,0.27375530184487534,0.052500000000000005,0.6822217804680145,0.16733598791665152,0.06725448475162434,0.048505256693587115,0.1103591694981855,0.14583333333333334,0.16666666666666666,0.30952380952380953
frequent_break,q_routing,7,11015,192,55,48,89,0.2864583333333333,0.25,1.8333333333333333,6.945454545454545,16.299999999999997,2.3930555555555557,12,91,-18.423117249220862,0.2322111004729166,0.05555555555555556,0.6591721550559624,0.15309193085273312,0.09444378022803786,0.04632221823367789,0.08074961916209053,0.3409090909090909,0.2033898305084746,0.28888888888888886
frequent_break,q_routing,7,11016,192,47,92,53,0.24479166666666666,0.4791666666666667,1.5666666666666667,7.340425531914893,17.699999999999996,1.5986111111111112,16,73,-25.803601612734692,0.2489514832216301,0.03679012345679012,0.7363341732578923,0.13984565171097676,0.09075477941964012,0.05975637071286624,0.18056708828380652,0.3018867924528302,0.1568627450980392,0.2
frequent_break,q_routing,7,11017,192,62,49,81,0.3229166666666667,0.2552083333333333,2.066666666666667,8.225806451612904,20.949999999999996,2.341666666666667,17,79,-17.978876682365744,0.24740805165821306,0.05416666666666666,0.6534021466536738,0.13083032708032707,0.10678472399060632,0.04636591832851165,0.08231011091305208,0.3118279569892473,0.25,0.4857142857142857
frequent_break,q_routing,7,11018,192,58,47,87,0.3020833333333333,0.24479166666666666,1.9333333333333333,6.9655172413793105,16.15,2.498611111111111,19,82,-18.362601555895026,0.23767783068998835,0.05783950617283952,0.6861138353875365,0.1510186302059367,0.1087297026732011,0.04803457847307325,0.0837662933328568,0.3488372093023256,0.2676056338028169,0.2571428571428571
frequent_break,q_routing,7,11019,192,64,42,86,0.3333333333333333,0.21875,2.1333333333333333,7.375,18.0,2.3305555555555557,15,65,-16.849863788245337,0.23576685622850935,0.05407407407407408,0.6928182277004581,0.12461738654076115,0.12581467652288086,0.051143295077159756,0.07890922158337017,0.336734693877551,0.31666666666666665,0.35294117647058826
frequent_break,q_routing,7,11020,192,51,41,100,0.265625,0.21354166666666666,1.7,7.0588235294117645,20.5,2.5597222222222222,18,102,-17.994699912699982,0.2248908574143366,0.05959876543209876,0.6738044397366587,0.18151995277920704,0.0952057298429623,0.04710381497243429,0.06987416421391383,0.2912621359223301,0.24489795918367346,0.225
frequent_break,q_routing,42,11001,192,42,62,88,0.21875,0.3229166666666667,1.4,4.285714285714286,9.899999999999991,2.3944444444444444,18,130,-20.384109460611008,0.18870607788915814,0.05555555555555556,0.6695232155004336,0.21774320493747737,0.0718696157357148,0.04640977291527372,0.1035538992311438,0.23863636363636365,0.25,0.13636363636363635
frequent_break,q_routing,42,11002,192,48,61,83,0.25,0.3177083333333333,1.6,6.291666666666667,18.949999999999996,2.2888888888888888,16,67,-21.022655667193828,0.23816529782342252,0.05305555555555555,0.6962492766822808,0.12289434779759857,0.08973024567451811,0.04983539723807407,0.1109594451815814,0.23863636363636365,0.2571428571428571,0.2647058823529412
frequent_break,q_routing,42,11003,192,63,86,43,0.328125,0.4479166666666667,2.1,7.0,12.899999999999999,1.5027777777777778,7,67,-21.877046685476305,0.23270591541525817,0.034351851851851856,0.7218907177813425,0.12373392631906563,0.12125051190066669,0.05648172026826143,0.16010410011958,0.3617021276595745,0.31343283582089554,0.25806451612903225
frequent_break,q_routing,42,11004,192,63,68,61,0.328125,0.3541666666666667,2.1,6.190476190476191,14.0,1.8347222222222221,12,67,-19.02035464487727,0.20586991623182452,0.04228395061728396,0.7083756255708553,0.12603150418552894,0.12154089145575213,0.05504418705195615,0.1262489976770162,0.34579439252336447,0.3695652173913043,0.23076923076923078
frequent_break,q_routing,42,11005,192,67,65,60,0.3489583333333333,0.3385416666666667,2.2333333333333334,5.776119402985074,10.699999999999996,1.6736111111111112,9,58,-17.700907723198533,0.19253611746782884,0.03867283950617284,0.7087414470764429,0.11004514176340802,0.13147488505073646,0.05475353130006729,0.12382526672387353,0.3577981651376147,0.23404255319148937,0.4722222222222222
frequent_break,q_routing,42,11006,192,61,41,90,0.3177083333333333,0.21354166666666666,2.033333333333333,8.918032786885245,20.0,2.401388888888889,12,104,-19.315301344036378,0.29268408712616695,0.0557716049382716,0.6797984422375188,0.17323265732338283,0.10298399378474084,0.04459597692481381,0.06675232217566314,0.3963963963963964,0.1836734693877551,0.25
frequent_break,q_routing,42,11007,192,49,94,49,0.2552083333333333,0.4895833333333333,1.6333333333333333,6.0,13.0,1.5055555555555555,10,52,-24.689981235468544,0.23076707812769334,0.03459876543209876,0.7344422768721139,0.09912166036005043,0.0971768268710993,0.05949506000639031,0.18295598063786925,0.2696629213483146,0.23333333333333334,0.2558139534883721
frequent_break,q_routing,42,11008,192,69,36,87,0.359375,0.1875,2.3,6.550724637681159,19.599999999999994,2.2583333333333333,14,72,-15.20080747031275,0.22134828374827634,0.052500000000000005,0.6819900213370933,0.12577779676463888,0.12472820308346622,0.04778777079108779,0.06093617883091567,0.37755102040816324,0.3333333333333333,0.35294117647058826
frequent_break,q_routing,42,11009,192,18,88,86,0.09375,0.4583333333333333,0.6,7.277777777777778,13.449999999999996,2.3333333333333335,13,120,-31.808599689703502,0.3675557550387343,0.05413580246913579,0.702065460792377,0.21393464865601083,0.03237842079947343,0.05285272889458077,0.1575370839457527,0.06315789473684211,0.15254237288135594,0.07894736842105263
frequent_break,q_routing,42,11010,192,55,71,66,0.2864583333333333,0.3697916666666667,1.8333333333333333,8.036363636363637,17.0,1.9680555555555554,13,68,-22.018146418750344,0.27045806467297884,0.04540123456790123,0.7093533867658137,0.11876836699592115,0.09977209437735753,0.049998162825140254,0.12163658366057747,0.32142857142857145,0.30303030303030304,0.19047619047619047
frequent_break,q_routing,42,11011,192,49,58,85,0.2552083333333333,0.3020833333333333,1.6333333333333333,7.244897959183674,19.0,2.459722222222222,16,82,-22.25819790496434,0.2695653255568023,0.05691358024691358,0.715630358433241,0.16018272806198502,0.09526526692548364,0.052356229666015025,0.1111434632332465,0.2804878048780488,0.25757575757575757,0.20454545454545456
frequent_break,q_routing,42,11012,192,47,78,67,0.24479166666666666,0.40625,1.5666666666666667,6.361702127659575,17.699999999999996,1.9222222222222223,18,58,-22.72138451069278,0.2187583249966608,0.04441358024691358,0.7158800787448931,0.11458777663112028,0.08992176110210166,0.05463448236623762,0.14830638688223827,0.25842696629213485,0.2542372881355932,0.20454545454545456
frequent_break,q_routing,42,11013,192,60,50,82,0.3125,0.2604166666666667,2.0,7.083333333333333,18.0,2.2736111111111112,14,83,-17.78051744142068,0.21494241326356878,0.05268518518518517,0.7086050765390076,0.14958912862163637,0.11585959018621556,0.050797738666524456,0.08900619790712667,0.3645833333333333,0.23809523809523808,0.30303030303030304
frequent_break,q_routing,42,11014,192,32,69,91,0.16666666666666666,0.359375,1.0666666666666667,6.15625,14.0,2.301388888888889,14,87,-24.41388958120525,0.28205259360485446,0.05358024691358025,0.6824014961226631,0.14505028094727246,0.059452501160167065,0.04900997718268144,0.11633636429453498,0.125,0.18518518518518517,0.23809523809523808
frequent_break,q_routing,42,11015,192,62,45,85,0.3229166666666667,0.234375,2.066666666666667,7.274193548387097,16.949999999999996,2.2736111111111112,13,93,-17.877014246161686,0.25133443252037796,0.052777777777777785,0.6553847885381304,0.15292911851886817,0.10427377490070987,0.045677385912477844,0.07402270668339453,0.375,0.3050847457627119,0.24444444444444444
frequent_break,q_routing,42,11016,192,47,89,56,0.24479166666666666,0.4635416666666667,1.5666666666666667,7.702127659574468,17.699999999999996,1.675,16,81,-25.19399755680456,0.24777207282274283,0.038580246913580245,0.7285471821999668,0.1541648647763199,0.0898882213704195,0.057743259738024764,0.170029600459167,0.29245283018867924,0.17647058823529413,0.2
frequent_break,q_routing,42,11017,192,65,50,77,0.3385416666666667,0.2604166666666667,2.1666666666666665,7.969230769230769,14.799999999999997,2.236111111111111,17,86,-17.944887303298707,0.2563854812669079,0.05169753086419753,0.6540541706228713,0.14335245001081587,0.11423460154110308,0.04642258139326391,0.08427438689048597,0.3333333333333333,0.28125,0.45714285714285713
frequent_break,q_routing,42,11018,192,62,46,84,0.3229166666666667,0.23958333333333334,2.066666666666667,8.129032258064516,19.949999999999996,2.4944444444444445,17,81,-17.62044725301207,0.2345340867660293,0.05765432098765432,0.6767780566031871,0.1428947163660786,0.11288738594853147,0.0468505074703799,0.08040622389306598,0.38372093023255816,0.2676056338028169,0.2857142857142857
frequent_break,q_routing,42,11019,192,63,47,82,0.328125,0.24479166666666666,2.1,8.238095238095237,20.0,2.397222222222222,15,73,-17.484333292783084,0.23355248899950173,0.055432098765432106,0.6870009024378805,0.14084824460598455,0.12176382226304826,0.05108053279164711,0.08583121642719165,0.35714285714285715,0.3,0.29411764705882354
frequent_break,q_routing,42,11020,192,54,42,96,0.28125,0.21875,1.8,7.185185185185185,20.69999999999999,2.515277777777778,20,99,-17.93645312186307,0.2339202672881666,0.05848765432098766,0.6717011226208726,0.17230546013440753,0.1000226698253014,0.04654256677866772,0.07112540480961532,0.32038834951456313,0.2653061224489796,0.2
frequent_break,q_routing,1024,11001,192,48,65,79,0.25,0.3385416666666667,1.6,4.3125,9.0,2.283333333333333,16,113,-20.097252260107723,0.18258407758546522,0.05280864197530864,0.6911100660779642,0.1984143122958912,0.08580192496988162,0.04870128081882531,0.11328662193213276,0.2840909090909091,0.25,0.18181818181818182
frequent_break,q_routing,1024,11002,192,47,61,84,0.24479166666666666,0.3177083333333333,1.5666666666666667,6.76595744680851,19.799999999999983,2.404166666666667,16,90,-21.276256276229187,0.24864584718068755,0.05564814814814815,0.6825788210574851,0.15612347863121856,0.08594542483087374,0.04951495166099859,0.10523471254121408,0.25,0.24285714285714285,0.23529411764705882
frequent_break,q_routing,1024,11003,192,60,87,45,0.3125,0.453125,2.0,7.55,15.049999999999997,1.6402777777777777,6,70,-22.294583557066005,0.23542624599182774,0.03746913580246914,0.7210178240560965,0.12838017131360782,0.11508747272679162,0.05611072225717442,0.15806507876941317,0.3404255319148936,0.29850746268656714,0.25806451612903225
frequent_break,q_routing,1024,11004,192,58,74,60,0.3020833333333333,0.3854166666666667,1.9333333333333333,5.741379310344827,12.149999999999999,1.7986111111111112,12,53,-20.295231656021024,0.19880745568919628,0.04145061728395062,0.7268402408178964,0.10097394177889533,0.11583212166803498,0.05787812814557615,0.14340064705389785,0.3364485981308411,0.34782608695652173,0.15384615384615385
frequent_break,q_routing,1024,11005,192,65,70,57,0.3385416666666667,0.3645833333333333,2.1666666666666665,5.230769230769231,10.799999999999997,1.5819444444444444,11,60,-18.58439965395607,0.19427030684742322,0.03654320987654321,0.7151707716609237,0.11164421706604367,0.12591355053042358,0.054946813834511485,0.13119665207513503,0.3119266055045872,0.2765957446808511,0.5
frequent_break,q_routing,1024,11006,192,52,42,98,0.2708333333333333,0.21875,1.7333333333333334,8.038461538461538,18.89999999999999,2.5236111111111112,11,148,-19.538940276462505,0.26422058091209943,0.058734567901234574,0.6615887704941353,0.2455025412610552,0.08971116889073545,0.045120310540715865,0.06755259360522518,0.32432432432432434,0.22448979591836735,0.15625
frequent_break,q_routing,1024,11007,192,45,94,53,0.234375,0.4895833333333333,1.5,5.911111111111111,12.0,1.5777777777777777,12,50,-25.328665126930215,0.2266857435345013,0.03632716049382715,0.7318087493381099,0.09764496239341439,0.08974152323997524,0.06049656931794134,0.18827069401759808,0.2808988764044944,0.18333333333333332,0.20930232558139536
frequent_break,q_routing,1024,11008,192,77,33,82,0.4010416666666667,0.171875,2.566666666666667,6.64935064935065,20.200000000000003,2.165277777777778,14,94,-13.940667651172284,0.21320782368117128,0.050277777777777775,0.6794859556128178,0.16366227511738346,0.13875111128981096,0.047274324768247125,0.055779116537630465,0.41836734693877553,0.4,0.35294117647058826
frequent_break,q_routing,1024,11009,192,13,90,89,0.06770833333333333,0.46875,0.43333333333333335,7.153846153846154,13.599999999999994,2.3916666666666666,13,115,-33.503340922599726,0.38397509135018815,0.0555246913580247,0.7147112360341907,0.2122060099343381,0.024652562779497764,0.054434757782221684,0.1662240080467635,0.05263157894736842,0.1016949152542373,0.05263157894736842
frequent_break,q_routing,1024,11010,192,53,68,71,0.2760416666666667,0.3541666666666667,1.7666666666666666,7.867924528301887,16.799999999999997,2.0319444444444446,14,80,-21.910837091061495,0.272144375802227,0.04697530864197531,0.7060350404872577,0.1398753616972758,0.10160695565931802,0.050922709150330765,0.11888283073671418,0.2857142857142857,0.2878787878787879,0.23809523809523808
frequent_break,q_routing,1024,11011,192,48,60,84,0.25,0.3125,1.6,7.291666666666667,19.65,2.511111111111111,16,78,-22.653595290306406,0.2641030556865249,0.05802469135802469,0.7253358727343449,0.1553965592084787,0.09583834995986697,0.053378444096478656,0.11859432076924334,0.2682926829268293,0.22727272727272727,0.25
frequent_break,q_routing,1024,11012,192,50,80,62,0.2604166666666667,0.4166666666666667,1.6666666666666667,5.98,14.0,1.8833333333333333,18,58,-22.656785402856947,0.22476613900930625,0.04339506172839505,0.7129221749632099,0.11066143708945565,0.09346896653398201,0.05420965879015848,0.14933379199633068,0.24719101123595505,0.3050847457627119,0.22727272727272727
frequent_break,q_routing,1024,11013,192,59,51,82,0.3072916666666667,0.265625,1.9666666666666666,7.694915254237288,18.0,2.3652777777777776,14,72,-18.876614241064427,0.2324241053647068,0.05472222222222222,0.716268194903574,0.13566993149036494,0.11566862102465818,0.05217428001181337,0.09693516092896899,0.40625,0.20634920634920634,0.21212121212121213
frequent_break,q_routing,1024,11014,192,31,72,89,0.16145833333333334,0.375,1.0333333333333334,7.032258064516129,16.0,2.2694444444444444,12,107,-25.632581385547475,0.3049674774290821,0.05280864197530865,0.6737490624330226,0.171519148710729,0.0536896796238565,0.04788970485441956,0.11930850815626694,0.13541666666666666,0.14814814814814814,0.23809523809523808
frequent_break,q_routing,1024,11015,192,64,46,82,0.3333333333333333,0.23958333333333334,2.1333333333333333,7.578125,17.69999999999999,2.308333333333333,13,101,-16.986442476129476,0.22368359844456467,0.05345679012345679,0.650769558851359,0.16685804645691574,0.1076011149900637,0.04542689130465714,0.07583443539679238,0.3977272727272727,0.2711864406779661,0.28888888888888886
frequent_break,q_routing,1024,11016,192,47,90,55,0.24479166666666666,0.46875,1.5666666666666667,7.617021276595745,17.0,1.6166666666666667,20,76,-25.590174815041475,0.24597469983034148,0.037253086419753084,0.7411902189278815,0.1469149682733274,0.09168743866499283,0.0596872603057214,0.17732835319135629,0.3018867924528302,0.1568627450980392,0.2
frequent_break,q_routing,1024,11017,192,65,50,77,0.3385416666666667,0.2604166666666667,2.1666666666666665,7.815384615384615,20.799999999999997,2.2416666666666667,15,76,-17.567898223380094,0.24415367537595742,0.051820987654320985,0.6566689412323811,0.12840674175039501,0.11541447759327016,0.047231430876285854,0.08603806753961553,0.3333333333333333,0.25,0.5142857142857142
frequent_break,q_routing,1024,11018,192,55,52,85,0.2864583333333333,0.2708333333333333,1.8333333333333333,7.5636363636363635,17.89999999999999,2.598611111111111,18,82,-19.393684079429274,0.248862659740175,0.05999999999999999,0.6713417743987878,0.14900213620801858,0.09984644469164593,0.04742447660027296,0.08953630176153397,0.3372093023255814,0.28169014084507044,0.17142857142857143
frequent_break,q_routing,1024,11019,192,59,47,86,0.3072916666666667,0.24479166666666666,1.9666666666666666,6.915254237288136,16.099999999999994,2.338888888888889,15,78,-17.466822440822643,0.21909028874558586,0.05425925925925927,0.6818518869328339,0.14866824581220867,0.11461695640101213,0.05052784464553996,0.08662562712485314,0.336734693877551,0.2833333333333333,0.2647058823529412
frequent_break,q_routing,1024,11020,192,50,43,99,0.2604166666666667,0.22395833333333334,1.6666666666666667,6.18,15.549999999999997,2.5180555555555557,22,118,-18.184874633858854,0.21970492986165072,0.05864197530864197,0.6632135662258724,0.20279212588810117,0.09086815374741072,0.04609621332908642,0.07225272777904355,0.2524271844660194,0.24489795918367346,0.3
