schema_version,study_name,evaluation_role,spec_sha256,training_freeze_sha256,method,replicate_kind,environment_variant,source_model_sha256,decision_forced_switch_cost,scenario,policy,policy_seed,workload_seed,generated,delivered,dropped,backlog,delivery_ratio,drop_rate,throughput_packets_per_slot,average_delay_slots,p95_delay_slots,mean_queue_packets,max_queue_packets,routing_switches,episode_reward,global_delay_cost,global_queue_cost,global_load_imbalance,global_switch_cost,global_throughput_reward,global_control_overhead_ratio,global_drop_cost,class_0_delivery_ratio,class_1_delivery_ratio,class_2_delivery_ratio,avoidable_routing_switches,forced_routing_switches,switch_opportunities,avoidable_switch_rate,decision_avoidable_switches,decision_switch_opportunities,decision_forced_switches,decision_avoidable_switch_rate
1,ICC-AVOIDABLE-SWITCH-CLASSICAL-BASELINES-FORMAL-v1,classical_independent_gate_descriptive,80c657cb44bdb7ed3ba89fee0e67335da2f7a22236d9ae429265b8f0a7fc03c3,df7cf104d30360df898ef8239b64789c16e0baa9e87c78c52c08a676ecb62eba,q_routing,independently_trained_model,qos_only,18aeb9ba97473bde5d752b219f14ee689448d57f0bb8554bb0c89178abd1db0d,0,medium_load,q_routing,179055553,77011,192,154,0,38,0.8020833333333334,0.0,5.133333333333334,5.824675324675325,10.0,1.2208333333333334,10,50,11.794313329891834,0.20379846998322623,0.027932098765432102,0.6928280110004811,0.0,0.34709689003806654,0.05623052317451874,0.0,0.782608695652174,0.8088235294117647,0.84375,48,2,217,0.22119815668202766,48,217,2,0.22119815668202766
1,ICC-AVOIDABLE-SWITCH-CLASSICAL-BASELINES-FORMAL-v1,classical_independent_gate_descriptive,80c657cb44bdb7ed3ba89fee0e67335da2f7a22236d9ae429265b8f0a7fc03c3,df7cf104d30360df898ef8239b64789c16e0baa9e87c78c52c08a676ecb62eba,q_routing,independently_trained_model,qos_only,18aeb9ba97473bde5d752b219f14ee689448d57f0bb8554bb0c89178abd1db0d,0,medium_load,q_routing,179055553,77012,192,148,0,44,0.7708333333333334,0.0,4.933333333333334,5.952702702702703,10.0,1.25,10,54,10.848812728639913,0.21375975666016936,0.028765432098765434,0.6993431582977627,0.0,0.3370172501790149,0.05700991234407972,0.0,0.7666666666666667,0.7307692307692307,0.82,53,1,243,0.21810699588477367,53,243,1,0.21810699588477367
1,ICC-AVOIDABLE-SWITCH-CLASSICAL-BASELINES-FORMAL-v1,classical_independent_gate_descriptive,80c657cb44bdb7ed3ba89fee0e67335da2f7a22236d9ae429265b8f0a7fc03c3,df7cf104d30360df898ef8239b64789c16e0baa9e87c78c52c08a676ecb62eba,q_routing,independently_trained_model,qos_only,18aeb9ba97473bde5d752b219f14ee689448d57f0bb8554bb0c89178abd1db0d,0,medium_load,q_routing,179055553,77013,192,158,1,33,0.8229166666666666,0.005208333333333333,5.266666666666667,5.253164556962025,10.0,1.1,9,46,14.218450522929361,0.17548966666183768,0.0250925925925926,0.7038975797817904,0.0,0.3752909139364248,0.05918073632541909,0.0023809523809523807,0.8383838383838383,0.7142857142857143,0.9090909090909091,44,2,196,0.22448979591836735,44,196,2,0.22448979591836735
1,ICC-AVOIDABLE-SWITCH-CLASSICAL-BASELINES-FORMAL-v1,classical_independent_gate_descriptive,80c657cb44bdb7ed3ba89fee0e67335da2f7a22236d9ae429265b8f0a7fc03c3,df7cf104d30360df898ef8239b64789c16e0baa9e87c78c52c08a676ecb62eba,q_routing,independently_trained_model,qos_only,18aeb9ba97473bde5d752b219f14ee689448d57f0bb8554bb0c89178abd1db0d,0,medium_load,q_routing,179055553,77014,192,143,1,48,0.7447916666666666,0.005208333333333333,4.766666666666667,6.160839160839161,11.0,1.3416666666666666,11,64,10.202401059217602,0.20509574151025814,0.03092592592592592,0.7072910998400436,0.0,0.3252602707749767,0.057082473410300136,0.0020833333333333333,0.7525773195876289,0.7272727272727273,0.75,60,4,224,0.26785714285714285,60,224,4,0.26785714285714285
1,ICC-AVOIDABLE-SWITCH-CLASSICAL-BASELINES-FORMAL-v1,classical_independent_gate_descriptive,80c657cb44bdb7ed3ba89fee0e67335da2f7a22236d9ae429265b8f0a7fc03c3,df7cf104d30360df898ef8239b64789c16e0baa9e87c78c52c08a676ecb62eba,q_routing,independently_trained_model,qos_only,18aeb9ba97473bde5d752b219f14ee689448d57f0bb8554bb0c89178abd1db0d,0,medium_load,q_routing,179055553,77015,192,157,0,35,0.8177083333333334,0.0,5.233333333333333,5.414012738853503,9.199999999999989,1.1152777777777778,8,56,13.055788674957737,0.1801730510657288,0.02549382716049382,0.7088328859689755,0.0,0.3561756353668119,0.0570691351067759,0.0,0.8111111111111111,0.7719298245614035,0.8888888888888888,53,3,214,0.24766355140186916,53,214,3,0.24766355140186916
1,ICC-AVOIDABLE-SWITCH-CLASSICAL-BASELINES-FORMAL-v1,classical_independent_gate_descriptive,80c657cb44bdb7ed3ba89fee0e67335da2f7a22236d9ae429265b8f0a7fc03c3,df7cf104d30360df898ef8239b64789c16e0baa9e87c78c52c08a676ecb62eba,q_routing,independently_trained_model,qos_only,18aeb9ba97473bde5d752b219f14ee689448d57f0bb8554bb0c89178abd1db0d,0,medium_load,q_routing,179055553,77016,192,162,0,30,0.84375,0.0,5.4,5.290123456790123,9.0,1.0916666666666666,8,42,14.71793872511636,0.1810773346735085,0.02481481481481482,0.714255665286015,0.0,0.3844263688381336,0.05900027118426488,0.0,0.8387096774193549,0.8253968253968254,0.8888888888888888,41,1,205,0.2,41,205,1,0.2
1,ICC-AVOIDABLE-SWITCH-CLASSICAL-BASELINES-FORMAL-v1,classical_independent_gate_descriptive,80c657cb44bdb7ed3ba89fee0e67335da2f7a22236d9ae429265b8f0a7fc03c3,df7cf104d30360df898ef8239b64789c16e0baa9e87c78c52c08a676ecb62eba,q_routing,independently_trained_model,qos_only,18aeb9ba97473bde5d752b219f14ee689448d57f0bb8554bb0c89178abd1db0d,0,medium_load,q_routing,179055553,77017,192,155,1,36,0.8072916666666666,0.005208333333333333,5.166666666666667,5.490322580645161,11.0,1.1611111111111112,10,53,12.284082619462989,0.19081059250609744,0.026543209876543204,0.6880378069863213,0.0,0.35037482941894715,0.05669392321258834,0.0023809523809523807,0.8,0.7758620689655172,0.8636363636363636,51,2,211,0.24170616113744076,51,211,2,0.24170616113744076
1,ICC-AVOIDABLE-SWITCH-CLASSICAL-BASELINES-FORMAL-v1,classical_independent_gate_descriptive,80c657cb44bdb7ed3ba89fee0e67335da2f7a22236d9ae429265b8f0a7fc03c3,df7cf104d30360df898ef8239b64789c16e0baa9e87c78c52c08a676ecb62eba,q_routing,independently_trained_model,qos_only,18aeb9ba97473bde5d752b219f14ee689448d57f0bb8554bb0c89178abd1db0d,0,medium_load,q_routing,179055553,77018,192,155,0,37,0.8072916666666666,0.0,5.166666666666667,5.6,10.299999999999983,1.1916666666666667,8,56,12.23053122544636,0.1952570933990727,0.027253086419753082,0.6956933797781703,0.0,0.34999392219980463,0.056745697053715974,0.0,0.7745098039215687,0.8620689655172413,0.8125,54,2,223,0.242152466367713,54,223,2,0.242152466367713
1,ICC-AVOIDABLE-SWITCH-CLASSICAL-BASELINES-FORMAL-v1,classical_independent_gate_descriptive,80c657cb44bdb7ed3ba89fee0e67335da2f7a22236d9ae429265b8f0a7fc03c3,df7cf104d30360df898ef8239b64789c16e0baa9e87c78c52c08a676ecb62eba,q_routing,independently_trained_model,qos_only,18aeb9ba97473bde5d752b219f14ee689448d57f0bb8554bb0c89178abd1db0d,0,medium_load,q_routing,179055553,77019,192,152,1,39,0.7916666666666666,0.005208333333333333,5.066666666666666,5.934210526315789,10.0,1.2486111111111111,8,69,11.277311035389774,0.20425092280781817,0.028580246913580243,0.6912147188722874,0.0,0.34113140127846014,0.05671398040238852,0.0022222222222222222,0.8,0.8032786885245902,0.75,68,1,226,0.3008849557522124,68,226,1,0.3008849557522124
1,ICC-AVOIDABLE-SWITCH-CLASSICAL-BASELINES-FORMAL-v1,classical_independent_gate_descriptive,80c657cb44bdb7ed3ba89fee0e67335da2f7a22236d9ae429265b8f0a7fc03c3,df7cf104d30360df898ef8239b64789c16e0baa9e87c78c52c08a676ecb62eba,q_routing,independently_trained_model,qos_only,18aeb9ba97473bde5d752b219f14ee689448d57f0bb8554bb0c89178abd1db0d,0,medium_load,q_routing,179055553,77020,192,151,0,41,0.7864583333333334,0.0,5.033333333333333,5.675496688741722,11.0,1.1958333333333333,8,62,11.068549264010484,0.1962221011192352,0.02746913580246913,0.6815808133077752,0.0,0.33041609806315697,0.05525062900642992,0.0,0.7777777777777778,0.7719298245614035,0.8333333333333334,60,2,211,0.2843601895734597,60,211,2,0.2843601895734597
1,ICC-AVOIDABLE-SWITCH-CLASSICAL-BASELINES-FORMAL-v1,classical_independent_gate_descriptive,80c657cb44bdb7ed3ba89fee0e67335da2f7a22236d9ae429265b8f0a7fc03c3,df7cf104d30360df898ef8239b64789c16e0baa9e87c78c52c08a676ecb62eba,q_routing,independently_trained_model,qos_only,4bfa5f08073720963144a29e0fb1bb3c91c217f302a9a1ea0da847f91182d2ca,0,medium_load,q_routing,626669596,77011,192,151,1,40,0.7864583333333334,0.005208333333333333,5.033333333333333,5.814569536423841,10.0,1.2222222222222223,10,47,11.156080429339783,0.20539009446219542,0.028024691358024687,0.6900635989125055,0.0,0.3392177512030453,0.05583280654898826,0.0020833333333333333,0.7717391304347826,0.7794117647058824,0.84375,46,1,217,0.2119815668202765,46,217,1,0.2119815668202765
1,ICC-AVOIDABLE-SWITCH-CLASSICAL-BASELINES-FORMAL-v1,classical_independent_gate_descriptive,80c657cb44bdb7ed3ba89fee0e67335da2f7a22236d9ae429265b8f0a7fc03c3,df7cf104d30360df898ef8239b64789c16e0baa9e87c78c52c08a676ecb62eba,q_routing,independently_trained_model,qos_only,4bfa5f08073720963144a29e0fb1bb3c91c217f302a9a1ea0da847f91182d2ca,0,medium_load,q_routing,626669596,77012,192,149,0,43,0.7760416666666666,0.0,4.966666666666667,5.74496644295302,9.0,1.225,9,69,10.76625839310537,0.20742658433441835,0.02817901234567901,0.7065588301597873,0.0,0.33256811271517156,0.056352684332238265,0.0,0.7777777777777778,0.75,0.8,69,0,249,0.27710843373493976,69,249,0,0.27710843373493976
1,ICC-AVOIDABLE-SWITCH-CLASSICAL-BASELINES-FORMAL-v1,classical_independent_gate_descriptive,80c657cb44bdb7ed3ba89fee0e67335da2f7a22236d9ae429265b8f0a7fc03c3,df7cf104d30360df898ef8239b64789c16e0baa9e87c78c52c08a676ecb62eba,q_routing,independently_trained_model,qos_only,4bfa5f08073720963144a29e0fb1bb3c91c217f302a9a1ea0da847f91182d2ca,0,medium_load,q_routing,626669596,77013,192,155,2,35,0.8072916666666666,0.010416666666666666,5.166666666666667,5.52258064516129,11.0,1.176388888888889,8,53,13.194163615076368,0.1761423522207375,0.02685185185185185,0.698142813027458,0.0,0.3615622698594835,0.058809708781231526,0.005,0.8181818181818182,0.7346938775510204,0.8636363636363636,50,3,191,0.2617801047120419,50,191,3,0.2617801047120419
1,ICC-AVOIDABLE-SWITCH-CLASSICAL-BASELINES-FORMAL-v1,classical_independent_gate_descriptive,80c657cb44bdb7ed3ba89fee0e67335da2f7a22236d9ae429265b8f0a7fc03c3,df7cf104d30360df898ef8239b64789c16e0baa9e87c78c52c08a676ecb62eba,q_routing,independently_trained_model,qos_only,4bfa5f08073720963144a29e0fb1bb3c91c217f302a9a1ea0da847f91182d2ca,0,medium_load,q_routing,626669596,77014,192,145,1,46,0.7552083333333334,0.005208333333333333,4.833333333333333,6.124137931034483,10.0,1.3097222222222222,11,61,10.54410872936684,0.19941786547894175,0.030154320987654325,0.7026747847742846,0.0,0.3276934748258279,0.05663413481822811,0.0022222222222222222,0.7938144329896907,0.7090909090909091,0.725,57,4,228,0.25,57,228,4,0.25
1,ICC-AVOIDABLE-SWITCH-CLASSICAL-BASELINES-FORMAL-v1,classical_independent_gate_descriptive,80c657cb44bdb7ed3ba89fee0e67335da2f7a22236d9ae429265b8f0a7fc03c3,df7cf104d30360df898ef8239b64789c16e0baa9e87c78c52c08a676ecb62eba,q_routing,independently_trained_model,qos_only,4bfa5f08073720963144a29e0fb1bb3c91c217f302a9a1ea0da847f91182d2ca,0,medium_load,q_routing,626669596,77015,192,156,0,36,0.8125,0.0,5.2,5.596153846153846,9.25,1.1597222222222223,8,54,12.99808600814556,0.1864054443629925,0.026512345679012346,0.7053338116116231,0.0,0.3585889056477292,0.05759575623241579,0.0,0.8,0.7719298245614035,0.8888888888888888,51,3,214,0.2383177570093458,51,214,3,0.2383177570093458
1,ICC-AVOIDABLE-SWITCH-CLASSICAL-BASELINES-FORMAL-v1,classical_independent_gate_descriptive,80c657cb44bdb7ed3ba89fee0e67335da2f7a22236d9ae429265b8f0a7fc03c3,df7cf104d30360df898ef8239b64789c16e0baa9e87c78c52c08a676ecb62eba,q_routing,independently_trained_model,qos_only,4bfa5f08073720963144a29e0fb1bb3c91c217f302a9a1ea0da847f91182d2ca,0,medium_load,q_routing,626669596,77016,192,162,0,30,0.84375,0.0,5.4,5.506172839506172,9.0,1.1402777777777777,8,44,14.43961318163052,0.18560294011507197,0.025895061728395067,0.7140379994713054,0.0,0.38246058679882217,0.058779447650415616,0.0,0.8494623655913979,0.8253968253968254,0.8611111111111112,43,1,203,0.21182266009852216,43,203,1,0.21182266009852216
1,ICC-AVOIDABLE-SWITCH-CLASSICAL-BASELINES-FORMAL-v1,classical_independent_gate_descriptive,80c657cb44bdb7ed3ba89fee0e67335da2f7a22236d9ae429265b8f0a7fc03c3,df7cf104d30360df898ef8239b64789c16e0baa9e87c78c52c08a676ecb62eba,q_routing,independently_trained_model,qos_only,4bfa5f08073720963144a29e0fb1bb3c91c217f302a9a1ea0da847f91182d2ca,0,medium_load,q_routing,626669596,77017,192,155,1,36,0.8072916666666666,0.005208333333333333,5.166666666666667,5.658064516129032,10.299999999999983,1.2152777777777777,10,55,11.730727667659613,0.19736511942182272,0.02774691358024691,0.6791848383139254,0.0,0.3441419773037421,0.056118982347509436,0.0020833333333333333,0.7777777777777778,0.7931034482758621,0.8863636363636364,52,3,212,0.24528301886792453,52,212,3,0.24528301886792453
1,ICC-AVOIDABLE-SWITCH-CLASSICAL-BASELINES-FORMAL-v1,classical_independent_gate_descriptive,80c657cb44bdb7ed3ba89fee0e67335da2f7a22236d9ae429265b8f0a7fc03c3,df7cf104d30360df898ef8239b64789c16e0baa9e87c78c52c08a676ecb62eba,q_routing,independently_trained_model,qos_only,4bfa5f08073720963144a29e0fb1bb3c91c217f302a9a1ea0da847f91182d2ca,0,medium_load,q_routing,626669596,77018,192,156,0,36,0.8125,0.0,5.2,5.32051282051282,10.25,1.125,7,57,12.482417442004968,0.19056577654891135,0.025740740740740734,0.6924439312464912,0.0,0.3510551784816491,0.056270132969795536,0.0,0.7941176470588235,0.8448275862068966,0.8125,54,3,225,0.24,54,225,3,0.24
1,ICC-AVOIDABLE-SWITCH-CLASSICAL-BASELINES-FORMAL-v1,classical_independent_gate_descriptive,80c657cb44bdb7ed3ba89fee0e67335da2f7a22236d9ae429265b8f0a7fc03c3,df7cf104d30360df898ef8239b64789c16e0baa9e87c78c52c08a676ecb62eba,q_routing,independently_trained_model,qos_only,4bfa5f08073720963144a29e0fb1bb3c91c217f302a9a1ea0da847f91182d2ca,0,medium_load,q_routing,626669596,77019,192,153,0,39,0.796875,0.0,5.1,5.69281045751634,10.0,1.1972222222222222,9,79,11.822476445836745,0.19515098623259822,0.027438271604938273,0.694133129563132,0.0,0.34312262399336707,0.056477833193139496,0.0,0.7894736842105263,0.8360655737704918,0.75,76,3,227,0.33480176211453744,76,227,3,0.33480176211453744
1,ICC-AVOIDABLE-SWITCH-CLASSICAL-BASELINES-FORMAL-v1,classical_independent_gate_descriptive,80c657cb44bdb7ed3ba89fee0e67335da2f7a22236d9ae429265b8f0a7fc03c3,df7cf104d30360df898ef8239b64789c16e0baa9e87c78c52c08a676ecb62eba,q_routing,independently_trained_model,qos_only,4bfa5f08073720963144a29e0fb1bb3c91c217f302a9a1ea0da847f91182d2ca,0,medium_load,q_routing,626669596,77020,192,149,1,42,0.7760416666666666,0.005208333333333333,4.966666666666667,5.590604026845638,9.599999999999994,1.1958333333333333,9,59,11.167329553650186,0.19752429481270548,0.027499999999999993,0.6840698815104773,0.0,0.33510469922234637,0.055893525814887116,0.0022222222222222222,0.7373737373737373,0.8070175438596491,0.8333333333333334,57,2,206,0.2766990291262136,57,206,2,0.2766990291262136
1,ICC-AVOIDABLE-SWITCH-CLASSICAL-BASELINES-FORMAL-v1,classical_independent_gate_descriptive,80c657cb44bdb7ed3ba89fee0e67335da2f7a22236d9ae429265b8f0a7fc03c3,df7cf104d30360df898ef8239b64789c16e0baa9e87c78c52c08a676ecb62eba,q_routing,independently_trained_model,qos_only,f4bbaf3327d3e6b4404c479fc95b51eb2994ee8b317c3f70e5438bb90457c6eb,0,medium_load,q_routing,746965870,77011,192,153,0,39,0.796875,0.0,5.1,5.745098039215686,9.0,1.2055555555555555,10,49,11.705518058302834,0.20169918914530927,0.027623456790123457,0.6916122012712776,0.0,0.3443862374009434,0.0562936482058964,0.0,0.7717391304347826,0.8088235294117647,0.84375,47,2,219,0.2146118721461187,47,219,2,0.2146118721461187
1,ICC-AVOIDABLE-SWITCH-CLASSICAL-BASELINES-FORMAL-v1,classical_independent_gate_descriptive,80c657cb44bdb7ed3ba89fee0e67335da2f7a22236d9ae429265b8f0a7fc03c3,df7cf104d30360df898ef8239b64789c16e0baa9e87c78c52c08a676ecb62eba,q_routing,independently_trained_model,qos_only,f4bbaf3327d3e6b4404c479fc95b51eb2994ee8b317c3f70e5438bb90457c6eb,0,medium_load,q_routing,746965870,77012,192,149,0,43,0.7760416666666666,0.0,4.966666666666667,5.778523489932886,10.0,1.2138888888888888,11,66,11.171048625032405,0.20982320311601468,0.0279320987654321,0.7068819808355606,0.0,0.34048411283705415,0.05742857961111462,0.0,0.7444444444444445,0.7692307692307693,0.84,65,1,248,0.2620967741935484,65,248,1,0.2620967741935484
1,ICC-AVOIDABLE-SWITCH-CLASSICAL-BASELINES-FORMAL-v1,classical_independent_gate_descriptive,80c657cb44bdb7ed3ba89fee0e67335da2f7a22236d9ae429265b8f0a7fc03c3,df7cf104d30360df898ef8239b64789c16e0baa9e87c78c52c08a676ecb62eba,q_routing,independently_trained_model,qos_only,f4bbaf3327d3e6b4404c479fc95b51eb2994ee8b317c3f70e5438bb90457c6eb,0,medium_load,q_routing,746965870,77013,192,157,0,35,0.8177083333333334,0.0,5.233333333333333,5.522292993630574,11.0,1.1680555555555556,9,38,13.867562467522204,0.17627043655498906,0.026666666666666665,0.704446432177626,0.0,0.3680805500542343,0.05860604751643403,0.0,0.8383838383838383,0.7142857142857143,0.8863636363636364,35,3,199,0.17587939698492464,35,199,3,0.17587939698492464
1,ICC-AVOIDABLE-SWITCH-CLASSICAL-BASELINES-FORMAL-v1,classical_independent_gate_descriptive,80c657cb44bdb7ed3ba89fee0e67335da2f7a22236d9ae429265b8f0a7fc03c3,df7cf104d30360df898ef8239b64789c16e0baa9e87c78c52c08a676ecb62eba,q_routing,independently_trained_model,qos_only,f4bbaf3327d3e6b4404c479fc95b51eb2994ee8b317c3f70e5438bb90457c6eb,0,medium_load,q_routing,746965870,77014,192,140,2,50,0.7291666666666666,0.010416666666666666,4.666666666666667,6.3,11.0,1.3736111111111111,12,69,9.81079656969354,0.20509388999601855,0.03169753086419753,0.7112325928043941,0.0,0.32231702937585294,0.057759222043615006,0.005128205128205128,0.7628865979381443,0.6727272727272727,0.725,67,2,224,0.29910714285714285,67,224,2,0.29910714285714285
1,ICC-AVOIDABLE-SWITCH-CLASSICAL-BASELINES-FORMAL-v1,classical_independent_gate_descriptive,80c657cb44bdb7ed3ba89fee0e67335da2f7a22236d9ae429265b8f0a7fc03c3,df7cf104d30360df898ef8239b64789c16e0baa9e87c78c52c08a676ecb62eba,q_routing,independently_trained_model,qos_only,f4bbaf3327d3e6b4404c479fc95b51eb2994ee8b317c3f70e5438bb90457c6eb,0,medium_load,q_routing,746965870,77015,192,156,0,36,0.8125,0.0,5.2,5.666666666666667,11.0,1.1777777777777778,9,47,12.851020261150564,0.1928589939094413,0.026913580246913576,0.7052516582893978,0.0,0.359515582456759,0.05748798939253742,0.0,0.7888888888888889,0.7719298245614035,0.9111111111111111,47,0,219,0.2146118721461187,47,219,0,0.2146118721461187
1,ICC-AVOIDABLE-SWITCH-CLASSICAL-BASELINES-FORMAL-v1,classical_independent_gate_descriptive,80c657cb44bdb7ed3ba89fee0e67335da2f7a22236d9ae429265b8f0a7fc03c3,df7cf104d30360df898ef8239b64789c16e0baa9e87c78c52c08a676ecb62eba,q_routing,independently_trained_model,qos_only,f4bbaf3327d3e6b4404c479fc95b51eb2994ee8b317c3f70e5438bb90457c6eb,0,medium_load,q_routing,746965870,77016,192,162,0,30,0.84375,0.0,5.4,5.290123456790123,9.0,1.0944444444444446,8,42,14.598121811746855,0.18365204544580724,0.02487654320987654,0.7100008964751613,0.0,0.38352345639110347,0.05889482729420574,0.0,0.8494623655913979,0.8253968253968254,0.8611111111111112,41,1,202,0.20297029702970298,41,202,1,0.20297029702970298
1,ICC-AVOIDABLE-SWITCH-CLASSICAL-BASELINES-FORMAL-v1,classical_independent_gate_descriptive,80c657cb44bdb7ed3ba89fee0e67335da2f7a22236d9ae429265b8f0a7fc03c3,df7cf104d30360df898ef8239b64789c16e0baa9e87c78c52c08a676ecb62eba,q_routing,independently_trained_model,qos_only,f4bbaf3327d3e6b4404c479fc95b51eb2994ee8b317c3f70e5438bb90457c6eb,0,medium_load,q_routing,746965870,77017,192,155,1,36,0.8072916666666666,0.005208333333333333,5.166666666666667,5.290322580645161,9.299999999999983,1.1319444444444444,10,56,12.315400015507336,0.18704435359970717,0.02589506172839506,0.6884257805916573,0.0,0.3484633041250689,0.056436266916375356,0.0020833333333333333,0.7777777777777778,0.8103448275862069,0.8636363636363636,53,3,207,0.2560386473429952,53,207,3,0.2560386473429952
1,ICC-AVOIDABLE-SWITCH-CLASSICAL-BASELINES-FORMAL-v1,classical_independent_gate_descriptive,80c657cb44bdb7ed3ba89fee0e67335da2f7a22236d9ae429265b8f0a7fc03c3,df7cf104d30360df898ef8239b64789c16e0baa9e87c78c52c08a676ecb62eba,q_routing,independently_trained_model,qos_only,f4bbaf3327d3e6b4404c479fc95b51eb2994ee8b317c3f70e5438bb90457c6eb,0,medium_load,q_routing,746965870,77018,192,159,0,33,0.828125,0.0,5.3,5.144654088050315,9.0,1.0722222222222222,8,68,12.690218975342095,0.185876515936827,0.02447530864197531,0.692451278790124,0.0,0.35163931112460534,0.05569432341720903,0.0,0.8235294117647058,0.8448275862068966,0.8125,63,5,223,0.2825112107623318,63,223,5,0.2825112107623318
1,ICC-AVOIDABLE-SWITCH-CLASSICAL-BASELINES-FORMAL-v1,classical_independent_gate_descriptive,80c657cb44bdb7ed3ba89fee0e67335da2f7a22236d9ae429265b8f0a7fc03c3,df7cf104d30360df898ef8239b64789c16e0baa9e87c78c52c08a676ecb62eba,q_routing,independently_trained_model,qos_only,f4bbaf3327d3e6b4404c479fc95b51eb2994ee8b317c3f70e5438bb90457c6eb,0,medium_load,q_routing,746965870,77019,192,150,0,42,0.78125,0.0,5.0,5.866666666666666,10.0,1.2347222222222223,10,65,11.288434748188108,0.2040237345068688,0.02836419753086419,0.6977334190903598,0.0,0.33924312887548186,0.057166650374306606,0.0,0.7789473684210526,0.8032786885245902,0.75,64,1,217,0.29493087557603687,64,217,1,0.29493087557603687
1,ICC-AVOIDABLE-SWITCH-CLASSICAL-BASELINES-FORMAL-v1,classical_independent_gate_descriptive,80c657cb44bdb7ed3ba89fee0e67335da2f7a22236d9ae429265b8f0a7fc03c3,df7cf104d30360df898ef8239b64789c16e0baa9e87c78c52c08a676ecb62eba,q_routing,independently_trained_model,qos_only,f4bbaf3327d3e6b4404c479fc95b51eb2994ee8b317c3f70e5438bb90457c6eb,0,medium_load,q_routing,746965870,77020,192,149,1,42,0.7760416666666666,0.005208333333333333,4.966666666666667,5.583892617449664,9.599999999999994,1.1916666666666667,8,57,11.13912175582455,0.18922293246780456,0.027407407407407405,0.6845019568354982,0.0,0.3308264728620766,0.05621627991182816,0.002564102564102564,0.7474747474747475,0.7894736842105263,0.8333333333333334,56,1,209,0.2679425837320574,56,209,1,0.2679425837320574
1,ICC-AVOIDABLE-SWITCH-CLASSICAL-BASELINES-FORMAL-v1,classical_independent_gate_descriptive,80c657cb44bdb7ed3ba89fee0e67335da2f7a22236d9ae429265b8f0a7fc03c3,df7cf104d30360df898ef8239b64789c16e0baa9e87c78c52c08a676ecb62eba,q_routing,independently_trained_model,qos_only,dfab4fe60f0c5b8062d0b0e5fd55c53b2e387b9867d5509430ec62e1c2b2f876,0,medium_load,q_routing,183895110,77011,192,152,0,40,0.7916666666666666,0.0,5.066666666666666,5.927631578947368,10.0,1.2541666666666667,10,57,11.716764837636882,0.20617172252572877,0.028734567901234565,0.6931164647932442,0.0,0.3473670664847136,0.057042817221568926,0.0,0.75,0.8088235294117647,0.875,53,4,211,0.25118483412322273,53,211,4,0.25118483412322273
1,ICC-AVOIDABLE-SWITCH-CLASSICAL-BASELINES-FORMAL-v1,classical_independent_gate_descriptive,80c657cb44bdb7ed3ba89fee0e67335da2f7a22236d9ae429265b8f0a7fc03c3,df7cf104d30360df898ef8239b64789c16e0baa9e87c78c52c08a676ecb62eba,q_routing,independently_trained_model,qos_only,dfab4fe60f0c5b8062d0b0e5fd55c53b2e387b9867d5509430ec62e1c2b2f876,0,medium_load,q_routing,183895110,77012,192,152,0,40,0.7916666666666666,0.0,5.066666666666666,5.651315789473684,9.449999999999989,1.198611111111111,10,74,11.559216920957219,0.20613465223904875,0.0275,0.7082506906924585,0.0,0.34499255904054676,0.057181660742247314,0.0,0.7777777777777778,0.7884615384615384,0.82,73,1,247,0.29554655870445345,73,247,1,0.29554655870445345
1,ICC-AVOIDABLE-SWITCH-CLASSICAL-BASELINES-FORMAL-v1,classical_independent_gate_descriptive,80c657cb44bdb7ed3ba89fee0e67335da2f7a22236d9ae429265b8f0a7fc03c3,df7cf104d30360df898ef8239b64789c16e0baa9e87c78c52c08a676ecb62eba,q_routing,independently_trained_model,qos_only,dfab4fe60f0c5b8062d0b0e5fd55c53b2e387b9867d5509430ec62e1c2b2f876,0,medium_load,q_routing,183895110,77013,192,158,0,34,0.8229166666666666,0.0,5.266666666666667,5.468354430379747,11.0,1.1430555555555555,8,46,14.057254791585246,0.18551280150986432,0.026080246913580248,0.7065051943888712,0.0,0.375763172013172,0.05923665827220055,0.0,0.8080808080808081,0.7959183673469388,0.8863636363636364,44,2,196,0.22448979591836735,44,196,2,0.22448979591836735
1,ICC-AVOIDABLE-SWITCH-CLASSICAL-BASELINES-FORMAL-v1,classical_independent_gate_descriptive,80c657cb44bdb7ed3ba89fee0e67335da2f7a22236d9ae429265b8f0a7fc03c3,df7cf104d30360df898ef8239b64789c16e0baa9e87c78c52c08a676ecb62eba,q_routing,independently_trained_model,qos_only,dfab4fe60f0c5b8062d0b0e5fd55c53b2e387b9867d5509430ec62e1c2b2f876,0,medium_load,q_routing,183895110,77014,192,142,0,50,0.7395833333333334,0.0,4.733333333333333,6.316901408450704,11.0,1.3583333333333334,12,63,10.175214603195105,0.20727480910511184,0.031358024691358025,0.7079562416574372,0.0,0.3240154181330652,0.05700163135684861,0.0,0.7422680412371134,0.7272727272727273,0.75,61,2,231,0.26406926406926406,61,231,2,0.26406926406926406
1,ICC-AVOIDABLE-SWITCH-CLASSICAL-BASELINES-FORMAL-v1,classical_independent_gate_descriptive,80c657cb44bdb7ed3ba89fee0e67335da2f7a22236d9ae429265b8f0a7fc03c3,df7cf104d30360df898ef8239b64789c16e0baa9e87c78c52c08a676ecb62eba,q_routing,independently_trained_model,qos_only,dfab4fe60f0c5b8062d0b0e5fd55c53b2e387b9867d5509430ec62e1c2b2f876,0,medium_load,q_routing,183895110,77015,192,157,0,35,0.8177083333333334,0.0,5.233333333333333,5.6369426751592355,10.0,1.1625,9,50,13.148120538632682,0.1884951193091434,0.026543209876543215,0.7078187955591844,0.0,0.3622635044693868,0.05744757551387861,0.0,0.8111111111111111,0.7719298245614035,0.8888888888888888,48,2,220,0.21818181818181817,48,220,2,0.21818181818181817
1,ICC-AVOIDABLE-SWITCH-CLASSICAL-BASELINES-FORMAL-v1,classical_independent_gate_descriptive,80c657cb44bdb7ed3ba89fee0e67335da2f7a22236d9ae429265b8f0a7fc03c3,df7cf104d30360df898ef8239b64789c16e0baa9e87c78c52c08a676ecb62eba,q_routing,independently_trained_model,qos_only,dfab4fe60f0c5b8062d0b0e5fd55c53b2e387b9867d5509430ec62e1c2b2f876,0,medium_load,q_routing,183895110,77016,192,162,0,30,0.84375,0.0,5.4,5.438271604938271,9.0,1.1388888888888888,8,49,13.972844919536438,0.1877465411940367,0.025864197530864205,0.7086516033448265,0.0,0.3754332238968462,0.05801890922600495,0.0,0.8387096774193549,0.8253968253968254,0.8888888888888888,48,1,205,0.23414634146341465,48,205,1,0.23414634146341465
1,ICC-AVOIDABLE-SWITCH-CLASSICAL-BASELINES-FORMAL-v1,classical_independent_gate_descriptive,80c657cb44bdb7ed3ba89fee0e67335da2f7a22236d9ae429265b8f0a7fc03c3,df7cf104d30360df898ef8239b64789c16e0baa9e87c78c52c08a676ecb62eba,q_routing,independently_trained_model,qos_only,dfab4fe60f0c5b8062d0b0e5fd55c53b2e387b9867d5509430ec62e1c2b2f876,0,medium_load,q_routing,183895110,77017,192,157,1,34,0.8177083333333334,0.005208333333333333,5.233333333333333,5.356687898089172,10.0,1.1402777777777777,10,60,12.252721888377007,0.18711979111517738,0.026018518518518514,0.6856068864584657,0.0,0.3472351803969451,0.05629434644700264,0.00196078431372549,0.7888888888888889,0.8103448275862069,0.8863636363636364,56,4,211,0.26540284360189575,56,211,4,0.26540284360189575
1,ICC-AVOIDABLE-SWITCH-CLASSICAL-BASELINES-FORMAL-v1,classical_independent_gate_descriptive,80c657cb44bdb7ed3ba89fee0e67335da2f7a22236d9ae429265b8f0a7fc03c3,df7cf104d30360df898ef8239b64789c16e0baa9e87c78c52c08a676ecb62eba,q_routing,independently_trained_model,qos_only,dfab4fe60f0c5b8062d0b0e5fd55c53b2e387b9867d5509430ec62e1c2b2f876,0,medium_load,q_routing,183895110,77018,192,159,0,33,0.828125,0.0,5.3,5.226415094339623,9.0,1.0791666666666666,7,72,12.901530072915364,0.18803511321041358,0.02462962962962963,0.6929192876424929,0.0,0.35636250459779883,0.05643261086718695,0.0,0.8137254901960784,0.8620689655172413,0.8125,69,3,221,0.31221719457013575,69,221,3,0.31221719457013575
1,ICC-AVOIDABLE-SWITCH-CLASSICAL-BASELINES-FORMAL-v1,classical_independent_gate_descriptive,80c657cb44bdb7ed3ba89fee0e67335da2f7a22236d9ae429265b8f0a7fc03c3,df7cf104d30360df898ef8239b64789c16e0baa9e87c78c52c08a676ecb62eba,q_routing,independently_trained_model,qos_only,dfab4fe60f0c5b8062d0b0e5fd55c53b2e387b9867d5509430ec62e1c2b2f876,0,medium_load,q_routing,183895110,77019,192,152,2,38,0.7916666666666666,0.010416666666666666,5.066666666666666,5.822368421052632,10.0,1.2347222222222223,10,64,11.405620849966775,0.20222731051087034,0.02824074074074074,0.6958945542874531,0.0,0.34490025497378446,0.05679980225991789,0.0047619047619047615,0.8105263157894737,0.7868852459016393,0.75,63,1,221,0.2850678733031674,63,221,1,0.2850678733031674
1,ICC-AVOIDABLE-SWITCH-CLASSICAL-BASELINES-FORMAL-v1,classical_independent_gate_descriptive,80c657cb44bdb7ed3ba89fee0e67335da2f7a22236d9ae429265b8f0a7fc03c3,df7cf104d30360df898ef8239b64789c16e0baa9e87c78c52c08a676ecb62eba,q_routing,independently_trained_model,qos_only,dfab4fe60f0c5b8062d0b0e5fd55c53b2e387b9867d5509430ec62e1c2b2f876,0,medium_load,q_routing,183895110,77020,192,151,1,40,0.7864583333333334,0.005208333333333333,5.033333333333333,5.543046357615894,10.0,1.1680555555555556,8,68,11.165720838706036,0.1884415258420581,0.026820987654320987,0.6753222813392515,0.0,0.3299530531960873,0.05522962907295242,0.0023809523809523807,0.7777777777777778,0.7719298245614035,0.8333333333333334,67,1,211,0.3175355450236967,67,211,1,0.3175355450236967
1,ICC-AVOIDABLE-SWITCH-CLASSICAL-BASELINES-FORMAL-v1,classical_independent_gate_descriptive,80c657cb44bdb7ed3ba89fee0e67335da2f7a22236d9ae429265b8f0a7fc03c3,df7cf104d30360df898ef8239b64789c16e0baa9e87c78c52c08a676ecb62eba,q_routing,independently_trained_model,qos_only,53ecf96040fcfe7d014a90896471a07063f6d2219406e1edf9b7fae7ca19a264,0,medium_load,q_routing,310818925,77011,192,155,0,37,0.8072916666666666,0.0,5.166666666666667,5.735483870967742,10.0,1.198611111111111,9,59,12.051124737649468,0.19785336207654106,0.027407407407407405,0.6907782869882165,0.0,0.3480915209088584,0.056217671947790926,0.0,0.8152173913043478,0.7794117647058824,0.84375,58,1,213,0.27230046948356806,58,213,1,0.27230046948356806
1,ICC-AVOIDABLE-SWITCH-CLASSICAL-BASELINES-FORMAL-v1,classical_independent_gate_descriptive,80c657cb44bdb7ed3ba89fee0e67335da2f7a22236d9ae429265b8f0a7fc03c3,df7cf104d30360df898ef8239b64789c16e0baa9e87c78c52c08a676ecb62eba,q_routing,independently_trained_model,qos_only,53ecf96040fcfe7d014a90896471a07063f6d2219406e1edf9b7fae7ca19a264,0,medium_load,q_routing,310818925,77012,192,150,0,42,0.78125,0.0,5.0,5.78,9.0,1.2222222222222223,10,64,11.4603451403894,0.2066112162061721,0.028086419753086418,0.7118511573979549,0.0,0.34401230577701175,0.057476391259400204,0.0,0.7555555555555555,0.7692307692307693,0.84,63,1,245,0.2571428571428571,63,245,1,0.2571428571428571
1,ICC-AVOIDABLE-SWITCH-CLASSICAL-BASELINES-FORMAL-v1,classical_independent_gate_descriptive,80c657cb44bdb7ed3ba89fee0e67335da2f7a22236d9ae429265b8f0a7fc03c3,df7cf104d30360df898ef8239b64789c16e0baa9e87c78c52c08a676ecb62eba,q_routing,independently_trained_model,qos_only,53ecf96040fcfe7d014a90896471a07063f6d2219406e1edf9b7fae7ca19a264,0,medium_load,q_routing,310818925,77013,192,157,0,35,0.8177083333333334,0.0,5.233333333333333,5.547770700636943,10.199999999999989,1.1597222222222223,10,45,13.90784027614605,0.1803243656547455,0.026481481481481488,0.7017683515990076,0.0,0.3705915929329242,0.05902123994481833,0.0,0.8282828282828283,0.7346938775510204,0.8863636363636364,42,3,194,0.21649484536082475,42,194,3,0.21649484536082475
1,ICC-AVOIDABLE-SWITCH-CLASSICAL-BASELINES-FORMAL-v1,classical_independent_gate_descriptive,80c657cb44bdb7ed3ba89fee0e67335da2f7a22236d9ae429265b8f0a7fc03c3,df7cf104d30360df898ef8239b64789c16e0baa9e87c78c52c08a676ecb62eba,q_routing,independently_trained_model,qos_only,53ecf96040fcfe7d014a90896471a07063f6d2219406e1edf9b7fae7ca19a264,0,medium_load,q_routing,310818925,77014,192,142,2,48,0.7395833333333334,0.010416666666666666,4.733333333333333,6.112676056338028,10.0,1.3263888888888888,10,50,10.255221146580492,0.20007620591350284,0.030586419753086416,0.7036379737931074,0.0,0.3262401242548302,0.05730404528361124,0.005,0.7731958762886598,0.6909090909090909,0.725,49,1,230,0.21304347826086956,49,230,1,0.21304347826086956
1,ICC-AVOIDABLE-SWITCH-CLASSICAL-BASELINES-FORMAL-v1,classical_independent_gate_descriptive,80c657cb44bdb7ed3ba89fee0e67335da2f7a22236d9ae429265b8f0a7fc03c3,df7cf104d30360df898ef8239b64789c16e0baa9e87c78c52c08a676ecb62eba,q_routing,independently_trained_model,qos_only,53ecf96040fcfe7d014a90896471a07063f6d2219406e1edf9b7fae7ca19a264,0,medium_load,q_routing,310818925,77015,192,155,0,37,0.8072916666666666,0.0,5.166666666666667,5.838709677419355,10.299999999999983,1.2138888888888888,8,52,12.74642666763586,0.19231949798294284,0.027746913580246908,0.7067041928294304,0.0,0.35792765226975753,0.05786967488236237,0.0,0.7888888888888889,0.7719298245614035,0.8888888888888888,52,0,216,0.24074074074074073,52,216,0,0.24074074074074073
1,ICC-AVOIDABLE-SWITCH-CLASSICAL-BASELINES-FORMAL-v1,classical_independent_gate_descriptive,80c657cb44bdb7ed3ba89fee0e67335da2f7a22236d9ae429265b8f0a7fc03c3,df7cf104d30360df898ef8239b64789c16e0baa9e87c78c52c08a676ecb62eba,q_routing,independently_trained_model,qos_only,53ecf96040fcfe7d014a90896471a07063f6d2219406e1edf9b7fae7ca19a264,0,medium_load,q_routing,310818925,77016,192,165,0,27,0.859375,0.0,5.5,5.296969696969697,9.0,1.1,9,44,14.893593211829192,0.18289067461268976,0.02490740740740741,0.7130735900300859,0.0,0.3882174279968398,0.0585778939108234,0.0,0.8602150537634409,0.8253968253968254,0.9166666666666666,43,1,207,0.20772946859903382,43,207,1,0.20772946859903382
1,ICC-AVOIDABLE-SWITCH-CLASSICAL-BASELINES-FORMAL-v1,classical_independent_gate_descriptive,80c657cb44bdb7ed3ba89fee0e67335da2f7a22236d9ae429265b8f0a7fc03c3,df7cf104d30360df898ef8239b64789c16e0baa9e87c78c52c08a676ecb62eba,q_routing,independently_trained_model,qos_only,53ecf96040fcfe7d014a90896471a07063f6d2219406e1edf9b7fae7ca19a264,0,medium_load,q_routing,310818925,77017,192,157,2,33,0.8177083333333334,0.010416666666666666,5.233333333333333,5.464968152866242,10.0,1.1583333333333334,9,58,12.224104146213149,0.19051519033199577,0.02638888888888889,0.6858121111879467,0.0,0.3508006835212718,0.055903829402037926,0.004166666666666667,0.8,0.7758620689655172,0.9090909090909091,56,2,214,0.2616822429906542,56,214,2,0.2616822429906542
1,ICC-AVOIDABLE-SWITCH-CLASSICAL-BASELINES-FORMAL-v1,classical_independent_gate_descriptive,80c657cb44bdb7ed3ba89fee0e67335da2f7a22236d9ae429265b8f0a7fc03c3,df7cf104d30360df898ef8239b64789c16e0baa9e87c78c52c08a676ecb62eba,q_routing,independently_trained_model,qos_only,53ecf96040fcfe7d014a90896471a07063f6d2219406e1edf9b7fae7ca19a264,0,medium_load,q_routing,310818925,77018,192,158,0,34,0.8229166666666666,0.0,5.266666666666667,5.113924050632911,9.0,1.0666666666666667,7,64,12.659898420429048,0.18474514517686458,0.024382716049382712,0.6898228234949209,0.0,0.35040502525796646,0.055798361357685025,0.0,0.803921568627451,0.8620689655172413,0.8125,62,2,226,0.2743362831858407,62,226,2,0.2743362831858407
1,ICC-AVOIDABLE-SWITCH-CLASSICAL-BASELINES-FORMAL-v1,classical_independent_gate_descriptive,80c657cb44bdb7ed3ba89fee0e67335da2f7a22236d9ae429265b8f0a7fc03c3,df7cf104d30360df898ef8239b64789c16e0baa9e87c78c52c08a676ecb62eba,q_routing,independently_trained_model,qos_only,53ecf96040fcfe7d014a90896471a07063f6d2219406e1edf9b7fae7ca19a264,0,medium_load,q_routing,310818925,77019,192,149,3,40,0.7760416666666666,0.015625,4.966666666666667,6.181208053691275,11.0,1.323611111111111,11,61,10.58909738946155,0.20745957833436127,0.030277777777777775,0.6911940690207684,0.0,0.3359312213414381,0.056539788837682264,0.006218671679197995,0.8,0.7704918032786885,0.7222222222222222,60,1,224,0.26785714285714285,60,224,1,0.26785714285714285
1,ICC-AVOIDABLE-SWITCH-CLASSICAL-BASELINES-FORMAL-v1,classical_independent_gate_descriptive,80c657cb44bdb7ed3ba89fee0e67335da2f7a22236d9ae429265b8f0a7fc03c3,df7cf104d30360df898ef8239b64789c16e0baa9e87c78c52c08a676ecb62eba,q_routing,independently_trained_model,qos_only,53ecf96040fcfe7d014a90896471a07063f6d2219406e1edf9b7fae7ca19a264,0,medium_load,q_routing,310818925,77020,192,148,2,42,0.7708333333333334,0.010416666666666666,4.933333333333334,5.621621621621622,10.0,1.2222222222222223,10,60,10.915709020499218,0.1835404071437672,0.028086419753086418,0.6785475912136023,0.0,0.32641112427877134,0.0557716961616279,0.0047619047619047615,0.7878787878787878,0.7192982456140351,0.8055555555555556,58,2,205,0.28292682926829266,58,205,2,0.28292682926829266
1,ICC-AVOIDABLE-SWITCH-CLASSICAL-BASELINES-FORMAL-v1,classical_independent_gate_descriptive,80c657cb44bdb7ed3ba89fee0e67335da2f7a22236d9ae429265b8f0a7fc03c3,df7cf104d30360df898ef8239b64789c16e0baa9e87c78c52c08a676ecb62eba,q_routing,independently_trained_model,qos_only,707540b64c3c83690388587f82320008244bf31230b97199f73f47e6b61869ac,0,medium_load,q_routing,2136406109,77011,192,151,0,41,0.7864583333333334,0.0,5.033333333333333,6.139072847682119,11.0,1.2902777777777779,10,52,11.171331734766092,0.21037752004887372,0.029567901234567897,0.689920790322216,0.0,0.34053338001867417,0.05665115476395541,0.0,0.7608695652173914,0.7941176470588235,0.84375,51,1,215,0.2372093023255814,51,215,1,0.2372093023255814
1,ICC-AVOIDABLE-SWITCH-CLASSICAL-BASELINES-FORMAL-v1,classical_independent_gate_descriptive,80c657cb44bdb7ed3ba89fee0e67335da2f7a22236d9ae429265b8f0a7fc03c3,df7cf104d30360df898ef8239b64789c16e0baa9e87c78c52c08a676ecb62eba,q_routing,independently_trained_model,qos_only,707540b64c3c83690388587f82320008244bf31230b97199f73f47e6b61869ac,0,medium_load,q_routing,2136406109,77012,192,149,0,43,0.7760416666666666,0.0,4.966666666666667,5.919463087248322,10.0,1.238888888888889,9,58,10.683639826330994,0.21291277848291396,0.028487654320987647,0.6943774726273608,0.0,0.3334638727285786,0.05665768710350618,0.0,0.7666666666666667,0.7307692307692307,0.84,56,2,243,0.23045267489711935,56,243,2,0.23045267489711935
1,ICC-AVOIDABLE-SWITCH-CLASSICAL-BASELINES-FORMAL-v1,classical_independent_gate_descriptive,80c657cb44bdb7ed3ba89fee0e67335da2f7a22236d9ae429265b8f0a7fc03c3,df7cf104d30360df898ef8239b64789c16e0baa9e87c78c52c08a676ecb62eba,q_routing,independently_trained_model,qos_only,707540b64c3c83690388587f82320008244bf31230b97199f73f47e6b61869ac,0,medium_load,q_routing,2136406109,77013,192,157,0,35,0.8177083333333334,0.0,5.233333333333333,5.535031847133758,10.0,1.1680555555555556,9,46,13.885124712642273,0.18188460721820104,0.02666666666666667,0.7005876572093608,0.0,0.3710185956973883,0.05922994700896925,0.0,0.8282828282828283,0.7346938775510204,0.8863636363636364,43,3,192,0.22395833333333334,43,192,3,0.22395833333333334
1,ICC-AVOIDABLE-SWITCH-CLASSICAL-BASELINES-FORMAL-v1,classical_independent_gate_descriptive,80c657cb44bdb7ed3ba89fee0e67335da2f7a22236d9ae429265b8f0a7fc03c3,df7cf104d30360df898ef8239b64789c16e0baa9e87c78c52c08a676ecb62eba,q_routing,independently_trained_model,qos_only,707540b64c3c83690388587f82320008244bf31230b97199f73f47e6b61869ac,0,medium_load,q_routing,2136406109,77014,192,143,1,48,0.7447916666666666,0.005208333333333333,4.766666666666667,6.454545454545454,12.0,1.3916666666666666,11,57,10.293669799890532,0.20722518504156995,0.03203703703703704,0.7095129536853341,0.0,0.3285617323852618,0.05750583623328446,0.0022222222222222222,0.7628865979381443,0.7090909090909091,0.75,56,1,227,0.24669603524229075,56,227,1,0.24669603524229075
1,ICC-AVOIDABLE-SWITCH-CLASSICAL-BASELINES-FORMAL-v1,classical_independent_gate_descriptive,80c657cb44bdb7ed3ba89fee0e67335da2f7a22236d9ae429265b8f0a7fc03c3,df7cf104d30360df898ef8239b64789c16e0baa9e87c78c52c08a676ecb62eba,q_routing,independently_trained_model,qos_only,707540b64c3c83690388587f82320008244bf31230b97199f73f47e6b61869ac,0,medium_load,q_routing,2136406109,77015,192,156,1,35,0.8125,0.005208333333333333,5.2,5.544871794871795,9.0,1.1527777777777777,7,54,12.996626032035419,0.18370950970281993,0.026327160493827162,0.7107263938567263,0.0,0.35999195249195254,0.05790954637631591,0.002564102564102564,0.8111111111111111,0.7543859649122807,0.8888888888888888,52,2,217,0.23963133640552994,52,217,2,0.23963133640552994
1,ICC-AVOIDABLE-SWITCH-CLASSICAL-BASELINES-FORMAL-v1,classical_independent_gate_descriptive,80c657cb44bdb7ed3ba89fee0e67335da2f7a22236d9ae429265b8f0a7fc03c3,df7cf104d30360df898ef8239b64789c16e0baa9e87c78c52c08a676ecb62eba,q_routing,independently_trained_model,qos_only,707540b64c3c83690388587f82320008244bf31230b97199f73f47e6b61869ac,0,medium_load,q_routing,2136406109,77016,192,163,0,29,0.8489583333333334,0.0,5.433333333333334,5.190184049079755,8.0,1.0708333333333333,8,40,14.7449873630511,0.17920654197115207,0.024320987654320995,0.7136272672521291,0.0,0.3837072051042639,0.058887726203360226,0.0,0.8494623655913979,0.8412698412698413,0.8611111111111112,40,0,204,0.19607843137254902,40,204,0,0.19607843137254902
1,ICC-AVOIDABLE-SWITCH-CLASSICAL-BASELINES-FORMAL-v1,classical_independent_gate_descriptive,80c657cb44bdb7ed3ba89fee0e67335da2f7a22236d9ae429265b8f0a7fc03c3,df7cf104d30360df898ef8239b64789c16e0baa9e87c78c52c08a676ecb62eba,q_routing,independently_trained_model,qos_only,707540b64c3c83690388587f82320008244bf31230b97199f73f47e6b61869ac,0,medium_load,q_routing,2136406109,77017,192,154,1,37,0.8020833333333334,0.005208333333333333,5.133333333333334,5.623376623376624,10.0,1.1902777777777778,10,52,12.217523217116455,0.1956642986940258,0.027222222222222217,0.6876206371826143,0.0,0.3519565565153801,0.05696294174908535,0.0023809523809523807,0.7888888888888889,0.7586206896551724,0.8863636363636364,51,1,211,0.24170616113744076,51,211,1,0.24170616113744076
1,ICC-AVOIDABLE-SWITCH-CLASSICAL-BASELINES-FORMAL-v1,classical_independent_gate_descriptive,80c657cb44bdb7ed3ba89fee0e67335da2f7a22236d9ae429265b8f0a7fc03c3,df7cf104d30360df898ef8239b64789c16e0baa9e87c78c52c08a676ecb62eba,q_routing,independently_trained_model,qos_only,707540b64c3c83690388587f82320008244bf31230b97199f73f47e6b61869ac,0,medium_load,q_routing,2136406109,77018,192,159,0,33,0.828125,0.0,5.3,5.238993710691824,9.0,1.0916666666666666,8,62,12.99693151070774,0.1867250559851151,0.02490740740740741,0.6863392664541579,0.0,0.35705324903854324,0.0559053916370491,0.0,0.8137254901960784,0.8620689655172413,0.8125,59,3,224,0.26339285714285715,59,224,3,0.26339285714285715
1,ICC-AVOIDABLE-SWITCH-CLASSICAL-BASELINES-FORMAL-v1,classical_independent_gate_descriptive,80c657cb44bdb7ed3ba89fee0e67335da2f7a22236d9ae429265b8f0a7fc03c3,df7cf104d30360df898ef8239b64789c16e0baa9e87c78c52c08a676ecb62eba,q_routing,independently_trained_model,qos_only,707540b64c3c83690388587f82320008244bf31230b97199f73f47e6b61869ac,0,medium_load,q_routing,2136406109,77019,192,153,3,36,0.796875,0.015625,5.1,5.745098039215686,10.0,1.2152777777777777,9,61,11.849610119918223,0.19690433192373782,0.02774691358024691,0.7018582136160155,0.0,0.35185785619609156,0.05750548054895741,0.006845238095238095,0.8315789473684211,0.7704918032786885,0.75,60,1,220,0.2727272727272727,60,220,1,0.2727272727272727
1,ICC-AVOIDABLE-SWITCH-CLASSICAL-BASELINES-FORMAL-v1,classical_independent_gate_descriptive,80c657cb44bdb7ed3ba89fee0e67335da2f7a22236d9ae429265b8f0a7fc03c3,df7cf104d30360df898ef8239b64789c16e0baa9e87c78c52c08a676ecb62eba,q_routing,independently_trained_model,qos_only,707540b64c3c83690388587f82320008244bf31230b97199f73f47e6b61869ac,0,medium_load,q_routing,2136406109,77020,192,148,1,43,0.7708333333333334,0.005208333333333333,4.933333333333334,5.864864864864865,10.0,1.2569444444444444,10,66,10.650762747375431,0.19951827757365237,0.028888888888888888,0.6787554031708237,0.0,0.3283454345219052,0.05604959573894381,0.0027777777777777775,0.7474747474747475,0.7719298245614035,0.8333333333333334,63,3,206,0.3058252427184466,63,206,3,0.3058252427184466
1,ICC-AVOIDABLE-SWITCH-CLASSICAL-BASELINES-FORMAL-v1,classical_independent_gate_descriptive,80c657cb44bdb7ed3ba89fee0e67335da2f7a22236d9ae429265b8f0a7fc03c3,df7cf104d30360df898ef8239b64789c16e0baa9e87c78c52c08a676ecb62eba,q_routing,independently_trained_model,qos_only,8a7eed671ab76f2fa42f017dfb854848d0e634508dd1f0b839bc99357b364b7d,0,medium_load,q_routing,985998595,77011,192,149,0,43,0.7760416666666666,0.0,4.966666666666667,6.2885906040268456,11.0,1.3263888888888888,10,56,10.813730789555272,0.21574047109773925,0.0304320987654321,0.6948145690046659,0.0,0.3378561836340475,0.056870672723674166,0.0,0.7391304347826086,0.7941176470588235,0.84375,54,2,215,0.25116279069767444,54,215,2,0.25116279069767444
1,ICC-AVOIDABLE-SWITCH-CLASSICAL-BASELINES-FORMAL-v1,classical_independent_gate_descriptive,80c657cb44bdb7ed3ba89fee0e67335da2f7a22236d9ae429265b8f0a7fc03c3,df7cf104d30360df898ef8239b64789c16e0baa9e87c78c52c08a676ecb62eba,q_routing,independently_trained_model,qos_only,8a7eed671ab76f2fa42f017dfb854848d0e634508dd1f0b839bc99357b364b7d,0,medium_load,q_routing,985998595,77012,192,152,0,40,0.7916666666666666,0.0,5.066666666666666,5.605263157894737,10.0,1.176388888888889,9,65,11.452298772509353,0.20287785340209716,0.02700617283950617,0.7053573086183501,0.0,0.3411934661199368,0.05625117287357784,0.0,0.7666666666666667,0.7884615384615384,0.84,63,2,249,0.25301204819277107,63,249,2,0.25301204819277107
1,ICC-AVOIDABLE-SWITCH-CLASSICAL-BASELINES-FORMAL-v1,classical_independent_gate_descriptive,80c657cb44bdb7ed3ba89fee0e67335da2f7a22236d9ae429265b8f0a7fc03c3,df7cf104d30360df898ef8239b64789c16e0baa9e87c78c52c08a676ecb62eba,q_routing,independently_trained_model,qos_only,8a7eed671ab76f2fa42f017dfb854848d0e634508dd1f0b839bc99357b364b7d,0,medium_load,q_routing,985998595,77013,192,158,1,33,0.8229166666666666,0.005208333333333333,5.266666666666667,5.386075949367089,10.0,1.1347222222222222,8,44,13.875355105905072,0.17965106825117047,0.0258641975308642,0.7017813125120848,0.0,0.37184107559107565,0.05887852029673647,0.0023809523809523807,0.8282828282828283,0.7551020408163265,0.8863636363636364,41,3,193,0.21243523316062177,41,193,3,0.21243523316062177
1,ICC-AVOIDABLE-SWITCH-CLASSICAL-BASELINES-FORMAL-v1,classical_independent_gate_descriptive,80c657cb44bdb7ed3ba89fee0e67335da2f7a22236d9ae429265b8f0a7fc03c3,df7cf104d30360df898ef8239b64789c16e0baa9e87c78c52c08a676ecb62eba,q_routing,independently_trained_model,qos_only,8a7eed671ab76f2fa42f017dfb854848d0e634508dd1f0b839bc99357b364b7d,0,medium_load,q_routing,985998595,77014,192,141,1,50,0.734375,0.005208333333333333,4.7,6.446808510638298,11.0,1.3916666666666666,13,69,9.54040798177216,0.21021891101063325,0.03209876543209876,0.7012999017364244,0.0,0.3169325200942848,0.0565686059954285,0.0020833333333333333,0.7628865979381443,0.6909090909090909,0.725,65,4,226,0.28761061946902655,65,226,4,0.28761061946902655
1,ICC-AVOIDABLE-SWITCH-CLASSICAL-BASELINES-FORMAL-v1,classical_independent_gate_descriptive,80c657cb44bdb7ed3ba89fee0e67335da2f7a22236d9ae429265b8f0a7fc03c3,df7cf104d30360df898ef8239b64789c16e0baa9e87c78c52c08a676ecb62eba,q_routing,independently_trained_model,qos_only,8a7eed671ab76f2fa42f017dfb854848d0e634508dd1f0b839bc99357b364b7d,0,medium_load,q_routing,985998595,77015,192,156,0,36,0.8125,0.0,5.2,5.67948717948718,10.0,1.1736111111111112,8,45,13.04424289904083,0.1882193387098581,0.026820987654320984,0.7107267472843681,0.0,0.36069261892791304,0.05828337659380028,0.0,0.8111111111111111,0.7719298245614035,0.8666666666666667,44,1,217,0.20276497695852536,44,217,1,0.20276497695852536
1,ICC-AVOIDABLE-SWITCH-CLASSICAL-BASELINES-FORMAL-v1,classical_independent_gate_descriptive,80c657cb44bdb7ed3ba89fee0e67335da2f7a22236d9ae429265b8f0a7fc03c3,df7cf104d30360df898ef8239b64789c16e0baa9e87c78c52c08a676ecb62eba,q_routing,independently_trained_model,qos_only,8a7eed671ab76f2fa42f017dfb854848d0e634508dd1f0b839bc99357b364b7d,0,medium_load,q_routing,985998595,77016,192,161,0,31,0.8385416666666666,0.0,5.366666666666666,5.372670807453416,9.0,1.1222222222222222,8,45,14.627376355715413,0.1854054989184034,0.02552469135802469,0.717344624990272,0.0,0.38557086976204624,0.06002813163061745,0.0,0.8279569892473119,0.8412698412698413,0.8611111111111112,44,1,198,0.2222222222222222,44,198,1,0.2222222222222222
1,ICC-AVOIDABLE-SWITCH-CLASSICAL-BASELINES-FORMAL-v1,classical_independent_gate_descriptive,80c657cb44bdb7ed3ba89fee0e67335da2f7a22236d9ae429265b8f0a7fc03c3,df7cf104d30360df898ef8239b64789c16e0baa9e87c78c52c08a676ecb62eba,q_routing,independently_trained_model,qos_only,8a7eed671ab76f2fa42f017dfb854848d0e634508dd1f0b839bc99357b364b7d,0,medium_load,q_routing,985998595,77017,192,154,1,37,0.8020833333333334,0.005208333333333333,5.133333333333334,5.5064935064935066,10.0,1.1652777777777779,10,52,11.77718207552956,0.19429819299824685,0.02666666666666666,0.6840076910818524,0.0,0.3433283628136569,0.05607249892118711,0.0022222222222222222,0.7777777777777778,0.7586206896551724,0.9090909090909091,48,4,207,0.2318840579710145,48,207,4,0.2318840579710145
1,ICC-AVOIDABLE-SWITCH-CLASSICAL-BASELINES-FORMAL-v1,classical_independent_gate_descriptive,80c657cb44bdb7ed3ba89fee0e67335da2f7a22236d9ae429265b8f0a7fc03c3,df7cf104d30360df898ef8239b64789c16e0baa9e87c78c52c08a676ecb62eba,q_routing,independently_trained_model,qos_only,8a7eed671ab76f2fa42f017dfb854848d0e634508dd1f0b839bc99357b364b7d,0,medium_load,q_routing,985998595,77018,192,159,0,33,0.828125,0.0,5.3,5.320754716981132,9.0,1.1069444444444445,7,59,12.842099715584343,0.1871795463947768,0.025246913580246912,0.6903486100100236,0.0,0.3550515869865716,0.05621245193688256,0.0,0.803921568627451,0.8793103448275862,0.8125,57,2,230,0.24782608695652175,57,230,2,0.24782608695652175
1,ICC-AVOIDABLE-SWITCH-CLASSICAL-BASELINES-FORMAL-v1,classical_independent_gate_descriptive,80c657cb44bdb7ed3ba89fee0e67335da2f7a22236d9ae429265b8f0a7fc03c3,df7cf104d30360df898ef8239b64789c16e0baa9e87c78c52c08a676ecb62eba,q_routing,independently_trained_model,qos_only,8a7eed671ab76f2fa42f017dfb854848d0e634508dd1f0b839bc99357b364b7d,0,medium_load,q_routing,985998595,77019,192,153,0,39,0.796875,0.0,5.1,5.673202614379085,9.0,1.1861111111111111,9,56,11.90569676023652,0.1981524357657997,0.027191358024691355,0.6954504114630794,0.0,0.34598811319399564,0.056691043815798356,0.0,0.8,0.819672131147541,0.75,55,1,228,0.2412280701754386,55,228,1,0.2412280701754386
1,ICC-AVOIDABLE-SWITCH-CLASSICAL-BASELINES-FORMAL-v1,classical_independent_gate_descriptive,80c657cb44bdb7ed3ba89fee0e67335da2f7a22236d9ae429265b8f0a7fc03c3,df7cf104d30360df898ef8239b64789c16e0baa9e87c78c52c08a676ecb62eba,q_routing,independently_trained_model,qos_only,8a7eed671ab76f2fa42f017dfb854848d0e634508dd1f0b839bc99357b364b7d,0,medium_load,q_routing,985998595,77020,192,148,1,43,0.7708333333333334,0.005208333333333333,4.933333333333334,5.79054054054054,10.0,1.2277777777777779,10,57,10.86495155344339,0.19302030850613464,0.02824074074074074,0.6793456792609885,0.0,0.3280176166282977,0.05560807688418274,0.0023809523809523807,0.7575757575757576,0.7368421052631579,0.8611111111111112,53,4,205,0.25853658536585367,53,205,4,0.25853658536585367
1,ICC-AVOIDABLE-SWITCH-CLASSICAL-BASELINES-FORMAL-v1,classical_independent_gate_descriptive,80c657cb44bdb7ed3ba89fee0e67335da2f7a22236d9ae429265b8f0a7fc03c3,df7cf104d30360df898ef8239b64789c16e0baa9e87c78c52c08a676ecb62eba,q_routing,independently_trained_model,qos_only,ae56b40570bdb1be309c1c7c6b9f961cd8f7b7b59d743b9375335775b55de106,0,medium_load,q_routing,515636025,77011,192,153,0,39,0.796875,0.0,5.1,5.901960784313726,10.0,1.2402777777777778,9,47,11.584283268337277,0.2079788719207581,0.028395061728395062,0.6938347545486907,0.0,0.34593505350858295,0.056489346475800395,0.0,0.782608695652174,0.7794117647058824,0.875,45,2,216,0.20833333333333334,45,216,2,0.20833333333333334
1,ICC-AVOIDABLE-SWITCH-CLASSICAL-BASELINES-FORMAL-v1,classical_independent_gate_descriptive,80c657cb44bdb7ed3ba89fee0e67335da2f7a22236d9ae429265b8f0a7fc03c3,df7cf104d30360df898ef8239b64789c16e0baa9e87c78c52c08a676ecb62eba,q_routing,independently_trained_model,qos_only,ae56b40570bdb1be309c1c7c6b9f961cd8f7b7b59d743b9375335775b55de106,0,medium_load,q_routing,515636025,77012,192,151,1,40,0.7864583333333334,0.005208333333333333,5.033333333333333,5.741721854304636,9.0,1.2097222222222221,9,62,11.083307409336534,0.20709273944466272,0.027746913580246908,0.6993507615234595,0.0,0.33912004117886485,0.05649586957854435,0.00196078431372549,0.7888888888888889,0.7307692307692307,0.84,60,2,248,0.24193548387096775,60,248,2,0.24193548387096775
1,ICC-AVOIDABLE-SWITCH-CLASSICAL-BASELINES-FORMAL-v1,classical_independent_gate_descriptive,80c657cb44bdb7ed3ba89fee0e67335da2f7a22236d9ae429265b8f0a7fc03c3,df7cf104d30360df898ef8239b64789c16e0baa9e87c78c52c08a676ecb62eba,q_routing,independently_trained_model,qos_only,ae56b40570bdb1be309c1c7c6b9f961cd8f7b7b59d743b9375335775b55de106,0,medium_load,q_routing,515636025,77013,192,157,0,35,0.8177083333333334,0.0,5.233333333333333,5.687898089171974,11.0,1.1958333333333333,10,47,13.75539936905668,0.18403860935503327,0.02728395061728395,0.7041711792209331,0.0,0.37034465262406446,0.05893105175285609,0.0,0.8282828282828283,0.7551020408163265,0.8636363636363636,46,1,193,0.23834196891191708,46,193,1,0.23834196891191708
1,ICC-AVOIDABLE-SWITCH-CLASSICAL-BASELINES-FORMAL-v1,classical_independent_gate_descriptive,80c657cb44bdb7ed3ba89fee0e67335da2f7a22236d9ae429265b8f0a7fc03c3,df7cf104d30360df898ef8239b64789c16e0baa9e87c78c52c08a676ecb62eba,q_routing,independently_trained_model,qos_only,ae56b40570bdb1be309c1c7c6b9f961cd8f7b7b59d743b9375335775b55de106,0,medium_load,q_routing,515636025,77014,192,146,0,46,0.7604166666666666,0.0,4.866666666666666,5.917808219178082,10.0,1.2819444444444446,12,54,10.645277922124116,0.20004060789408037,0.029537037037037042,0.7017455944423612,0.0,0.32718403600756546,0.05680677643047501,0.0,0.7525773195876289,0.7818181818181819,0.75,54,0,238,0.226890756302521,54,238,0,0.226890756302521
1,ICC-AVOIDABLE-SWITCH-CLASSICAL-BASELINES-FORMAL-v1,classical_independent_gate_descriptive,80c657cb44bdb7ed3ba89fee0e67335da2f7a22236d9ae429265b8f0a7fc03c3,df7cf104d30360df898ef8239b64789c16e0baa9e87c78c52c08a676ecb62eba,q_routing,independently_trained_model,qos_only,ae56b40570bdb1be309c1c7c6b9f961cd8f7b7b59d743b9375335775b55de106,0,medium_load,q_routing,515636025,77015,192,158,0,34,0.8229166666666666,0.0,5.266666666666667,5.493670886075949,9.0,1.1319444444444444,7,51,13.27653412183075,0.18760202207122792,0.02583333333333333,0.7083894132554381,0.0,0.36370418796889387,0.05749608479990918,0.0,0.8111111111111111,0.7894736842105263,0.8888888888888888,49,2,219,0.2237442922374429,49,219,2,0.2237442922374429
1,ICC-AVOIDABLE-SWITCH-CLASSICAL-BASELINES-FORMAL-v1,classical_independent_gate_descriptive,80c657cb44bdb7ed3ba89fee0e67335da2f7a22236d9ae429265b8f0a7fc03c3,df7cf104d30360df898ef8239b64789c16e0baa9e87c78c52c08a676ecb62eba,q_routing,independently_trained_model,qos_only,ae56b40570bdb1be309c1c7c6b9f961cd8f7b7b59d743b9375335775b55de106,0,medium_load,q_routing,515636025,77016,192,162,0,30,0.84375,0.0,5.4,5.1234567901234565,8.0,1.0486111111111112,7,43,14.698297863810337,0.1776698176811685,0.023858024691358025,0.7136678030559236,0.0,0.3819834686011157,0.05900657335372905,0.0,0.8387096774193549,0.8253968253968254,0.8888888888888888,43,0,205,0.2097560975609756,43,205,0,0.2097560975609756
1,ICC-AVOIDABLE-SWITCH-CLASSICAL-BASELINES-FORMAL-v1,classical_independent_gate_descriptive,80c657cb44bdb7ed3ba89fee0e67335da2f7a22236d9ae429265b8f0a7fc03c3,df7cf104d30360df898ef8239b64789c16e0baa9e87c78c52c08a676ecb62eba,q_routing,independently_trained_model,qos_only,ae56b40570bdb1be309c1c7c6b9f961cd8f7b7b59d743b9375335775b55de106,0,medium_load,q_routing,515636025,77017,192,156,1,35,0.8125,0.005208333333333333,5.2,5.346153846153846,10.0,1.136111111111111,10,50,12.451114901326845,0.18717918411661102,0.02595679012345679,0.6863459448636817,0.0,0.3511789245612775,0.056132699150437,0.002564102564102564,0.7555555555555555,0.8103448275862069,0.9318181818181818,47,3,216,0.2175925925925926,47,216,3,0.2175925925925926
1,ICC-AVOIDABLE-SWITCH-CLASSICAL-BASELINES-FORMAL-v1,classical_independent_gate_descriptive,80c657cb44bdb7ed3ba89fee0e67335da2f7a22236d9ae429265b8f0a7fc03c3,df7cf104d30360df898ef8239b64789c16e0baa9e87c78c52c08a676ecb62eba,q_routing,independently_trained_model,qos_only,ae56b40570bdb1be309c1c7c6b9f961cd8f7b7b59d743b9375335775b55de106,0,medium_load,q_routing,515636025,77018,192,161,0,31,0.8385416666666666,0.0,5.366666666666666,5.273291925465839,9.0,1.0847222222222221,7,63,13.19527158928522,0.18608802872928532,0.024691358024691357,0.690888815918166,0.0,0.36018517143904144,0.05597959827720618,0.0,0.8235294117647058,0.8793103448275862,0.8125,61,2,229,0.2663755458515284,61,229,2,0.2663755458515284
1,ICC-AVOIDABLE-SWITCH-CLASSICAL-BASELINES-FORMAL-v1,classical_independent_gate_descriptive,80c657cb44bdb7ed3ba89fee0e67335da2f7a22236d9ae429265b8f0a7fc03c3,df7cf104d30360df898ef8239b64789c16e0baa9e87c78c52c08a676ecb62eba,q_routing,independently_trained_model,qos_only,ae56b40570bdb1be309c1c7c6b9f961cd8f7b7b59d743b9375335775b55de106,0,medium_load,q_routing,515636025,77019,192,154,0,38,0.8020833333333334,0.0,5.133333333333334,5.811688311688312,10.0,1.2097222222222221,9,67,11.82753558925037,0.20558303474858555,0.027685185185185184,0.6960871221422645,0.0,0.3486559441590403,0.057208068987743686,0.0,0.8,0.819672131147541,0.7777777777777778,66,1,224,0.29464285714285715,66,224,1,0.29464285714285715
1,ICC-AVOIDABLE-SWITCH-CLASSICAL-BASELINES-FORMAL-v1,classical_independent_gate_descriptive,80c657cb44bdb7ed3ba89fee0e67335da2f7a22236d9ae429265b8f0a7fc03c3,df7cf104d30360df898ef8239b64789c16e0baa9e87c78c52c08a676ecb62eba,q_routing,independently_trained_model,qos_only,ae56b40570bdb1be309c1c7c6b9f961cd8f7b7b59d743b9375335775b55de106,0,medium_load,q_routing,515636025,77020,192,149,0,43,0.7760416666666666,0.0,4.966666666666667,5.7114093959731544,9.599999999999994,1.2069444444444444,9,67,11.151534834757513,0.19797138746187806,0.02777777777777778,0.6814402168630249,0.0,0.3328162251691663,0.05576991142679571,0.0,0.7474747474747475,0.7719298245614035,0.8611111111111112,67,0,216,0.3101851851851852,67,216,0,0.3101851851851852
1,ICC-AVOIDABLE-SWITCH-CLASSICAL-BASELINES-FORMAL-v1,classical_independent_gate_descriptive,80c657cb44bdb7ed3ba89fee0e67335da2f7a22236d9ae429265b8f0a7fc03c3,df7cf104d30360df898ef8239b64789c16e0baa9e87c78c52c08a676ecb62eba,ospf_ecmp,stochastic_routing_replicate,qos_only,,0,medium_load,ospf_ecmp,179055553,77011,192,145,4,43,0.7552083333333334,0.020833333333333332,4.833333333333333,6.310344827586207,12.0,1.3666666666666667,11,38,10.103572440723314,0.20771067336858012,0.031327160493827166,0.7405445528709971,0.0,0.333214824391295,0.057800066707009365,0.008518518518518517,0.7608695652173914,0.7058823529411765,0.84375,37,1,206,0.1796116504854369,37,206,1,0.1796116504854369
1,ICC-AVOIDABLE-SWITCH-CLASSICAL-BASELINES-FORMAL-v1,classical_independent_gate_descriptive,80c657cb44bdb7ed3ba89fee0e67335da2f7a22236d9ae429265b8f0a7fc03c3,df7cf104d30360df898ef8239b64789c16e0baa9e87c78c52c08a676ecb62eba,ospf_ecmp,stochastic_routing_replicate,qos_only,,0,medium_load,ospf_ecmp,179055553,77012,192,140,2,50,0.7291666666666666,0.010416666666666666,4.666666666666667,6.35,13.049999999999983,1.4055555555555554,12,50,10.209113121264444,0.21599250746836401,0.032407407407407406,0.7608280887734092,0.0,0.33679101127630545,0.059821377772933414,0.004647435897435897,0.7333333333333333,0.7115384615384616,0.74,50,0,229,0.2183406113537118,50,229,0,0.2183406113537118
1,ICC-AVOIDABLE-SWITCH-CLASSICAL-BASELINES-FORMAL-v1,classical_independent_gate_descriptive,80c657cb44bdb7ed3ba89fee0e67335da2f7a22236d9ae429265b8f0a7fc03c3,df7cf104d30360df898ef8239b64789c16e0baa9e87c78c52c08a676ecb62eba,ospf_ecmp,stochastic_routing_replicate,qos_only,,0,medium_load,ospf_ecmp,179055553,77013,192,146,4,42,0.7604166666666666,0.020833333333333332,4.866666666666666,6.280821917808219,12.0,1.3611111111111112,11,29,12.102783399821087,0.19536905854311637,0.031172839506172837,0.7480763423015094,0.0,0.3614818596436244,0.061991983582302505,0.009111721611721612,0.7878787878787878,0.6122448979591837,0.8636363636363636,29,0,187,0.15508021390374332,29,187,0,0.15508021390374332
1,ICC-AVOIDABLE-SWITCH-CLASSICAL-BASELINES-FORMAL-v1,classical_independent_gate_descriptive,80c657cb44bdb7ed3ba89fee0e67335da2f7a22236d9ae429265b8f0a7fc03c3,df7cf104d30360df898ef8239b64789c16e0baa9e87c78c52c08a676ecb62eba,ospf_ecmp,stochastic_routing_replicate,qos_only,,0,medium_load,ospf_ecmp,179055553,77014,192,139,3,50,0.7239583333333334,0.015625,4.633333333333334,6.35251798561151,12.0,1.4083333333333334,10,45,9.731424532077675,0.19958189646511518,0.032469135802469136,0.7447788489011022,0.0,0.3212412913883502,0.05811773082792906,0.006127450980392158,0.7319587628865979,0.7090909090909091,0.725,45,0,220,0.20454545454545456,45,220,0,0.20454545454545456
1,ICC-AVOIDABLE-SWITCH-CLASSICAL-BASELINES-FORMAL-v1,classical_independent_gate_descriptive,80c657cb44bdb7ed3ba89fee0e67335da2f7a22236d9ae429265b8f0a7fc03c3,df7cf104d30360df898ef8239b64789c16e0baa9e87c78c52c08a676ecb62eba,ospf_ecmp,stochastic_routing_replicate,qos_only,,0,medium_load,ospf_ecmp,179055553,77015,192,148,3,41,0.7708333333333334,0.015625,4.933333333333334,6.27027027027027,12.0,1.363888888888889,11,45,11.344484438485475,0.20218986829466762,0.031203703703703702,0.7480067744564287,0.0,0.3503262097379745,0.058974148378114676,0.007326007326007326,0.7333333333333333,0.7368421052631579,0.8888888888888888,44,1,208,0.21153846153846154,44,208,1,0.21153846153846154
1,ICC-AVOIDABLE-SWITCH-CLASSICAL-BASELINES-FORMAL-v1,classical_independent_gate_descriptive,80c657cb44bdb7ed3ba89fee0e67335da2f7a22236d9ae429265b8f0a7fc03c3,df7cf104d30360df898ef8239b64789c16e0baa9e87c78c52c08a676ecb62eba,ospf_ecmp,stochastic_routing_replicate,qos_only,,0,medium_load,ospf_ecmp,179055553,77016,192,148,0,44,0.7708333333333334,0.0,4.933333333333334,5.581081081081081,10.0,1.2347222222222223,12,32,13.332610436188762,0.1876818733423181,0.028425925925925924,0.7585762759817046,0.0,0.36847171347171354,0.06242837389238883,0.0,0.7526881720430108,0.7619047619047619,0.8333333333333334,32,0,185,0.17297297297297298,32,185,0,0.17297297297297298
1,ICC-AVOIDABLE-SWITCH-CLASSICAL-BASELINES-FORMAL-v1,classical_independent_gate_descriptive,80c657cb44bdb7ed3ba89fee0e67335da2f7a22236d9ae429265b8f0a7fc03c3,df7cf104d30360df898ef8239b64789c16e0baa9e87c78c52c08a676ecb62eba,ospf_ecmp,stochastic_routing_replicate,qos_only,,0,medium_load,ospf_ecmp,179055553,77017,192,142,3,47,0.7395833333333334,0.015625,4.733333333333333,5.950704225352113,11.0,1.3277777777777777,11,39,10.459268185263054,0.2057034286234731,0.03058641975308642,0.7367216106749711,0.0,0.3360841935841936,0.05942072593529763,0.006869658119658119,0.7222222222222222,0.6724137931034483,0.8636363636363636,39,0,201,0.19402985074626866,39,201,0,0.19402985074626866
1,ICC-AVOIDABLE-SWITCH-CLASSICAL-BASELINES-FORMAL-v1,classical_independent_gate_descriptive,80c657cb44bdb7ed3ba89fee0e67335da2f7a22236d9ae429265b8f0a7fc03c3,df7cf104d30360df898ef8239b64789c16e0baa9e87c78c52c08a676ecb62eba,ospf_ecmp,stochastic_routing_replicate,qos_only,,0,medium_load,ospf_ecmp,179055553,77018,192,142,4,46,0.7395833333333334,0.020833333333333332,4.733333333333333,5.788732394366197,11.0,1.2916666666666667,15,39,10.695258801558284,0.19872799626361534,0.029753086419753084,0.732522458813507,0.0,0.33885045510045514,0.05946812738772707,0.009731379731379731,0.7058823529411765,0.7758620689655172,0.78125,38,1,208,0.18269230769230768,38,208,1,0.18269230769230768
1,ICC-AVOIDABLE-SWITCH-CLASSICAL-BASELINES-FORMAL-v1,classical_independent_gate_descriptive,80c657cb44bdb7ed3ba89fee0e67335da2f7a22236d9ae429265b8f0a7fc03c3,df7cf104d30360df898ef8239b64789c16e0baa9e87c78c52c08a676ecb62eba,ospf_ecmp,stochastic_routing_replicate,qos_only,,0,medium_load,ospf_ecmp,179055553,77019,192,144,5,43,0.75,0.026041666666666668,4.8,6.520833333333333,12.0,1.4347222222222222,11,39,10.350943345608089,0.2157558017301019,0.032839506172839504,0.7318908671342311,0.0,0.3437198340874812,0.05975576811644876,0.010608076563958917,0.7894736842105263,0.7213114754098361,0.6944444444444444,39,0,211,0.1848341232227488,39,211,0,0.1848341232227488
1,ICC-AVOIDABLE-SWITCH-CLASSICAL-BASELINES-FORMAL-v1,classical_independent_gate_descriptive,80c657cb44bdb7ed3ba89fee0e67335da2f7a22236d9ae429265b8f0a7fc03c3,df7cf104d30360df898ef8239b64789c16e0baa9e87c78c52c08a676ecb62eba,ospf_ecmp,stochastic_routing_replicate,qos_only,,0,medium_load,ospf_ecmp,179055553,77020,192,147,4,41,0.765625,0.020833333333333332,4.9,5.836734693877551,10.0,1.2875,11,44,11.233295810592917,0.1877720058338802,0.029506172839506174,0.7347007017359407,0.0,0.343142486598369,0.059158441523071,0.01053946053946054,0.7777777777777778,0.7192982456140351,0.8055555555555556,44,0,198,0.2222222222222222,44,198,0,0.2222222222222222
1,ICC-AVOIDABLE-SWITCH-CLASSICAL-BASELINES-FORMAL-v1,classical_independent_gate_descriptive,80c657cb44bdb7ed3ba89fee0e67335da2f7a22236d9ae429265b8f0a7fc03c3,df7cf104d30360df898ef8239b64789c16e0baa9e87c78c52c08a676ecb62eba,ospf_ecmp,stochastic_routing_replicate,qos_only,,0,medium_load,ospf_ecmp,626669596,77011,192,146,4,42,0.7604166666666666,0.020833333333333332,4.866666666666666,6.301369863013699,12.0,1.3597222222222223,10,39,10.199264693440124,0.20715352749014615,0.031141975308641975,0.7408362145816823,0.0,0.3343244092508799,0.05763340265934916,0.00837962962962963,0.7717391304347826,0.7058823529411765,0.84375,37,2,208,0.1778846153846154,37,208,2,0.1778846153846154
1,ICC-AVOIDABLE-SWITCH-CLASSICAL-BASELINES-FORMAL-v1,classical_independent_gate_descriptive,80c657cb44bdb7ed3ba89fee0e67335da2f7a22236d9ae429265b8f0a7fc03c3,df7cf104d30360df898ef8239b64789c16e0baa9e87c78c52c08a676ecb62eba,ospf_ecmp,stochastic_routing_replicate,qos_only,,0,medium_load,ospf_ecmp,626669596,77012,192,141,2,49,0.734375,0.010416666666666666,4.7,6.163120567375887,13.0,1.3777777777777778,12,52,10.244468951186006,0.21423440146407396,0.03175925925925926,0.7599916259522655,0.0,0.3359539697774992,0.059527608835148585,0.004415954415954416,0.7222222222222222,0.7307692307692307,0.76,52,0,233,0.22317596566523606,52,233,0,0.22317596566523606
1,ICC-AVOIDABLE-SWITCH-CLASSICAL-BASELINES-FORMAL-v1,classical_independent_gate_descriptive,80c657cb44bdb7ed3ba89fee0e67335da2f7a22236d9ae429265b8f0a7fc03c3,df7cf104d30360df898ef8239b64789c16e0baa9e87c78c52c08a676ecb62eba,ospf_ecmp,stochastic_routing_replicate,qos_only,,0,medium_load,ospf_ecmp,626669596,77013,192,145,4,43,0.7552083333333334,0.020833333333333332,4.833333333333333,6.275862068965517,12.0,1.3611111111111112,11,30,12.024154356475501,0.19515776816851885,0.031203703703703702,0.7470576264655068,0.0,0.36062868504044976,0.062118116730976905,0.009706959706959705,0.7878787878787878,0.6122448979591837,0.8409090909090909,30,0,187,0.16042780748663102,30,187,0,0.16042780748663102
1,ICC-AVOIDABLE-SWITCH-CLASSICAL-BASELINES-FORMAL-v1,classical_independent_gate_descriptive,80c657cb44bdb7ed3ba89fee0e67335da2f7a22236d9ae429265b8f0a7fc03c3,df7cf104d30360df898ef8239b64789c16e0baa9e87c78c52c08a676ecb62eba,ospf_ecmp,stochastic_routing_replicate,qos_only,,0,medium_load,ospf_ecmp,626669596,77014,192,138,3,51,0.71875,0.015625,4.6,6.355072463768116,12.0,1.4097222222222223,10,45,9.614052000966511,0.20041177614435662,0.03253086419753086,0.7429651821007915,0.0,0.3196341485312074,0.0581200935695285,0.006127450980392158,0.7216494845360825,0.7090909090909091,0.725,45,0,218,0.20642201834862386,45,218,0,0.20642201834862386
1,ICC-AVOIDABLE-SWITCH-CLASSICAL-BASELINES-FORMAL-v1,classical_independent_gate_descriptive,80c657cb44bdb7ed3ba89fee0e67335da2f7a22236d9ae429265b8f0a7fc03c3,df7cf104d30360df898ef8239b64789c16e0baa9e87c78c52c08a676ecb62eba,ospf_ecmp,stochastic_routing_replicate,qos_only,,0,medium_load,ospf_ecmp,626669596,77015,192,148,3,41,0.7708333333333334,0.015625,4.933333333333334,6.27027027027027,12.0,1.363888888888889,11,45,11.344484438485475,0.20218986829466762,0.031203703703703702,0.7480067744564287,0.0,0.3503262097379745,0.058974148378114676,0.007326007326007326,0.7333333333333333,0.7368421052631579,0.8888888888888888,44,1,208,0.21153846153846154,44,208,1,0.21153846153846154
1,ICC-AVOIDABLE-SWITCH-CLASSICAL-BASELINES-FORMAL-v1,classical_independent_gate_descriptive,80c657cb44bdb7ed3ba89fee0e67335da2f7a22236d9ae429265b8f0a7fc03c3,df7cf104d30360df898ef8239b64789c16e0baa9e87c78c52c08a676ecb62eba,ospf_ecmp,stochastic_routing_replicate,qos_only,,0,medium_load,ospf_ecmp,626669596,77016,192,148,0,44,0.7708333333333334,0.0,4.933333333333334,5.581081081081081,10.0,1.2347222222222223,12,32,13.332610436188762,0.1876818733423181,0.028425925925925924,0.7585762759817046,0.0,0.36847171347171354,0.06242837389238883,0.0,0.7526881720430108,0.7619047619047619,0.8333333333333334,32,0,185,0.17297297297297298,32,185,0,0.17297297297297298
1,ICC-AVOIDABLE-SWITCH-CLASSICAL-BASELINES-FORMAL-v1,classical_independent_gate_descriptive,80c657cb44bdb7ed3ba89fee0e67335da2f7a22236d9ae429265b8f0a7fc03c3,df7cf104d30360df898ef8239b64789c16e0baa9e87c78c52c08a676ecb62eba,ospf_ecmp,stochastic_routing_replicate,qos_only,,0,medium_load,ospf_ecmp,626669596,77017,192,143,3,46,0.7447916666666666,0.015625,4.766666666666667,6.041958041958042,11.900000000000006,1.3416666666666666,11,39,10.881863139393795,0.20264634486153368,0.030864197530864192,0.7381847213603195,0.0,0.3419421428244958,0.059822452965140355,0.007008547008547008,0.7222222222222222,0.6724137931034483,0.8863636363636364,39,0,203,0.1921182266009852,39,203,0,0.1921182266009852
1,ICC-AVOIDABLE-SWITCH-CLASSICAL-BASELINES-FORMAL-v1,classical_independent_gate_descriptive,80c657cb44bdb7ed3ba89fee0e67335da2f7a22236d9ae429265b8f0a7fc03c3,df7cf104d30360df898ef8239b64789c16e0baa9e87c78c52c08a676ecb62eba,ospf_ecmp,stochastic_routing_replicate,qos_only,,0,medium_load,ospf_ecmp,626669596,77018,192,145,4,43,0.7552083333333334,0.020833333333333332,4.833333333333333,5.682758620689655,11.0,1.2638888888888888,13,39,10.984316892111872,0.19526551519770033,0.029043209876543206,0.7289802644727722,0.0,0.3412654012654013,0.05892337484402225,0.009548229548229547,0.7352941176470589,0.7758620689655172,0.78125,38,1,211,0.18009478672985782,38,211,1,0.18009478672985782
1,ICC-AVOIDABLE-SWITCH-CLASSICAL-BASELINES-FORMAL-v1,classical_independent_gate_descriptive,80c657cb44bdb7ed3ba89fee0e67335da2f7a22236d9ae429265b8f0a7fc03c3,df7cf104d30360df898ef8239b64789c16e0baa9e87c78c52c08a676ecb62eba,ospf_ecmp,stochastic_routing_replicate,qos_only,,0,medium_load,ospf_ecmp,626669596,77019,192,144,5,43,0.75,0.026041666666666668,4.8,6.513888888888889,12.0,1.4333333333333333,11,37,10.253004318542803,0.21416934749869773,0.032808641975308646,0.7331010318878397,0.0,0.3413320503026386,0.059547725915371504,0.010608076563958917,0.7894736842105263,0.7213114754098361,0.6944444444444444,37,0,212,0.17452830188679244,37,212,0,0.17452830188679244
1,ICC-AVOIDABLE-SWITCH-CLASSICAL-BASELINES-FORMAL-v1,classical_independent_gate_descriptive,80c657cb44bdb7ed3ba89fee0e67335da2f7a22236d9ae429265b8f0a7fc03c3,df7cf104d30360df898ef8239b64789c16e0baa9e87c78c52c08a676ecb62eba,ospf_ecmp,stochastic_routing_replicate,qos_only,,0,medium_load,ospf_ecmp,626669596,77020,192,143,6,43,0.7447916666666666,0.03125,4.766666666666667,5.965034965034965,11.0,1.3319444444444444,11,43,10.674888524857433,0.18865180327607695,0.030555555555555555,0.7349998036980447,0.0,0.3393639367168779,0.05967917514071735,0.015167055167055165,0.7575757575757576,0.6842105263157895,0.8055555555555556,43,0,193,0.22279792746113988,43,193,0,0.22279792746113988
1,ICC-AVOIDABLE-SWITCH-CLASSICAL-BASELINES-FORMAL-v1,classical_independent_gate_descriptive,80c657cb44bdb7ed3ba89fee0e67335da2f7a22236d9ae429265b8f0a7fc03c3,df7cf104d30360df898ef8239b64789c16e0baa9e87c78c52c08a676ecb62eba,ospf_ecmp,stochastic_routing_replicate,qos_only,,0,medium_load,ospf_ecmp,746965870,77011,192,145,4,43,0.7552083333333334,0.020833333333333332,4.833333333333333,6.310344827586207,12.0,1.3666666666666667,11,37,10.10257007063301,0.20771067336858012,0.031327160493827166,0.7408786762344312,0.0,0.333214824391295,0.057800066707009365,0.008518518518518517,0.7608695652173914,0.7058823529411765,0.84375,36,1,206,0.17475728155339806,36,206,1,0.17475728155339806
1,ICC-AVOIDABLE-SWITCH-CLASSICAL-BASELINES-FORMAL-v1,classical_independent_gate_descriptive,80c657cb44bdb7ed3ba89fee0e67335da2f7a22236d9ae429265b8f0a7fc03c3,df7cf104d30360df898ef8239b64789c16e0baa9e87c78c52c08a676ecb62eba,ospf_ecmp,stochastic_routing_replicate,qos_only,,0,medium_load,ospf_ecmp,746965870,77012,192,140,2,50,0.7291666666666666,0.010416666666666666,4.666666666666667,6.292857142857143,14.0,1.4069444444444446,12,50,10.382599002570641,0.21092722688991514,0.03243827160493828,0.764398165143233,0.0,0.33710979108037936,0.05983379221639478,0.004415954415954416,0.7222222222222222,0.7115384615384616,0.76,50,0,230,0.21739130434782608,50,230,0,0.21739130434782608
1,ICC-AVOIDABLE-SWITCH-CLASSICAL-BASELINES-FORMAL-v1,classical_independent_gate_descriptive,80c657cb44bdb7ed3ba89fee0e67335da2f7a22236d9ae429265b8f0a7fc03c3,df7cf104d30360df898ef8239b64789c16e0baa9e87c78c52c08a676ecb62eba,ospf_ecmp,stochastic_routing_replicate,qos_only,,0,medium_load,ospf_ecmp,746965870,77013,192,145,4,43,0.7552083333333334,0.020833333333333332,4.833333333333333,6.275862068965517,12.0,1.3611111111111112,11,32,12.039382443083928,0.19513589458355765,0.031203703703703702,0.7477987851836244,0.0,0.36059205500381974,0.06213627060960017,0.00938949938949939,0.7878787878787878,0.6122448979591837,0.8409090909090909,32,0,187,0.1711229946524064,32,187,0,0.1711229946524064
1,ICC-AVOIDABLE-SWITCH-CLASSICAL-BASELINES-FORMAL-v1,classical_independent_gate_descriptive,80c657cb44bdb7ed3ba89fee0e67335da2f7a22236d9ae429265b8f0a7fc03c3,df7cf104d30360df898ef8239b64789c16e0baa9e87c78c52c08a676ecb62eba,ospf_ecmp,stochastic_routing_replicate,qos_only,,0,medium_load,ospf_ecmp,746965870,77014,192,139,3,50,0.7239583333333334,0.015625,4.633333333333334,6.359712230215828,12.0,1.4097222222222223,10,45,9.761405645267775,0.1996602946736311,0.0325,0.7432756956212057,0.0,0.32171748186454074,0.0581200935695285,0.006127450980392158,0.7319587628865979,0.7090909090909091,0.725,45,0,219,0.2054794520547945,45,219,0,0.2054794520547945
1,ICC-AVOIDABLE-SWITCH-CLASSICAL-BASELINES-FORMAL-v1,classical_independent_gate_descriptive,80c657cb44bdb7ed3ba89fee0e67335da2f7a22236d9ae429265b8f0a7fc03c3,df7cf104d30360df898ef8239b64789c16e0baa9e87c78c52c08a676ecb62eba,ospf_ecmp,stochastic_routing_replicate,qos_only,,0,medium_load,ospf_ecmp,746965870,77015,192,148,3,41,0.7708333333333334,0.015625,4.933333333333334,6.283783783783784,12.0,1.3666666666666667,11,45,11.28520828710139,0.20209686943004365,0.031265432098765436,0.7489663519031179,0.0,0.3493724412842061,0.05913408046983101,0.007326007326007326,0.7333333333333333,0.7368421052631579,0.8888888888888888,44,1,208,0.21153846153846154,44,208,1,0.21153846153846154
1,ICC-AVOIDABLE-SWITCH-CLASSICAL-BASELINES-FORMAL-v1,classical_independent_gate_descriptive,80c657cb44bdb7ed3ba89fee0e67335da2f7a22236d9ae429265b8f0a7fc03c3,df7cf104d30360df898ef8239b64789c16e0baa9e87c78c52c08a676ecb62eba,ospf_ecmp,stochastic_routing_replicate,qos_only,,0,medium_load,ospf_ecmp,746965870,77016,192,150,0,42,0.78125,0.0,5.0,5.56,10.0,1.2291666666666667,12,34,13.577230905724536,0.1875140664727531,0.02824074074074074,0.7559766335604411,0.0,0.37225126725126734,0.06223848556993485,0.0,0.7526881720430108,0.7936507936507936,0.8333333333333334,34,0,184,0.18478260869565216,34,184,0,0.18478260869565216
1,ICC-AVOIDABLE-SWITCH-CLASSICAL-BASELINES-FORMAL-v1,classical_independent_gate_descriptive,80c657cb44bdb7ed3ba89fee0e67335da2f7a22236d9ae429265b8f0a7fc03c3,df7cf104d30360df898ef8239b64789c16e0baa9e87c78c52c08a676ecb62eba,ospf_ecmp,stochastic_routing_replicate,qos_only,,0,medium_load,ospf_ecmp,746965870,77017,192,143,3,46,0.7447916666666666,0.015625,4.766666666666667,5.986013986013986,11.0,1.3305555555555555,11,38,10.791857842491764,0.20430344407609496,0.030617283950617285,0.7389969641854726,0.0,0.34121017871017867,0.05977700998402054,0.007008547008547008,0.7222222222222222,0.6724137931034483,0.8863636363636364,38,0,202,0.18811881188118812,38,202,0,0.18811881188118812
1,ICC-AVOIDABLE-SWITCH-CLASSICAL-BASELINES-FORMAL-v1,classical_independent_gate_descriptive,80c657cb44bdb7ed3ba89fee0e67335da2f7a22236d9ae429265b8f0a7fc03c3,df7cf104d30360df898ef8239b64789c16e0baa9e87c78c52c08a676ecb62eba,ospf_ecmp,stochastic_routing_replicate,qos_only,,0,medium_load,ospf_ecmp,746965870,77018,192,146,4,42,0.7604166666666666,0.020833333333333332,4.866666666666666,5.671232876712328,11.0,1.2638888888888888,13,39,11.107400359277875,0.19487053381719086,0.029012345679012345,0.7281644003902283,0.0,0.3425520313020313,0.05865295466805019,0.009047619047619049,0.7450980392156863,0.7758620689655172,0.78125,38,1,213,0.1784037558685446,38,213,1,0.1784037558685446
1,ICC-AVOIDABLE-SWITCH-CLASSICAL-BASELINES-FORMAL-v1,classical_independent_gate_descriptive,80c657cb44bdb7ed3ba89fee0e67335da2f7a22236d9ae429265b8f0a7fc03c3,df7cf104d30360df898ef8239b64789c16e0baa9e87c78c52c08a676ecb62eba,ospf_ecmp,stochastic_routing_replicate,qos_only,,0,medium_load,ospf_ecmp,746965870,77019,192,145,4,43,0.7552083333333334,0.020833333333333332,4.833333333333333,6.558620689655172,12.0,1.4347222222222222,11,36,10.358769691246389,0.21682786762270478,0.03283950617283951,0.7337140225143656,0.0,0.34238247047070575,0.05952256626201103,0.008524743230625582,0.7894736842105263,0.7377049180327869,0.6944444444444444,36,0,212,0.16981132075471697,36,212,0,0.16981132075471697
1,ICC-AVOIDABLE-SWITCH-CLASSICAL-BASELINES-FORMAL-v1,classical_independent_gate_descriptive,80c657cb44bdb7ed3ba89fee0e67335da2f7a22236d9ae429265b8f0a7fc03c3,df7cf104d30360df898ef8239b64789c16e0baa9e87c78c52c08a676ecb62eba,ospf_ecmp,stochastic_routing_replicate,qos_only,,0,medium_load,ospf_ecmp,746965870,77020,192,142,5,45,0.7395833333333334,0.026041666666666668,4.733333333333333,6.0,11.0,1.3388888888888888,12,46,10.5327678550885,0.19127063340158343,0.030771604938271604,0.7339941432246762,0.0,0.3364132055308526,0.05980228584164447,0.013233294483294486,0.7575757575757576,0.6842105263157895,0.7777777777777778,46,0,195,0.2358974358974359,46,195,0,0.2358974358974359
1,ICC-AVOIDABLE-SWITCH-CLASSICAL-BASELINES-FORMAL-v1,classical_independent_gate_descriptive,80c657cb44bdb7ed3ba89fee0e67335da2f7a22236d9ae429265b8f0a7fc03c3,df7cf104d30360df898ef8239b64789c16e0baa9e87c78c52c08a676ecb62eba,ospf_ecmp,stochastic_routing_replicate,qos_only,,0,medium_load,ospf_ecmp,183895110,77011,192,146,4,42,0.7604166666666666,0.020833333333333332,4.866666666666666,6.301369863013699,12.0,1.3597222222222223,11,39,10.217163876777365,0.20715352749014615,0.031141975308641975,0.7404253756914911,0.0,0.33474107591754654,0.05763340265934916,0.008518518518518517,0.7717391304347826,0.7058823529411765,0.84375,37,2,208,0.1778846153846154,37,208,2,0.1778846153846154
1,ICC-AVOIDABLE-SWITCH-CLASSICAL-BASELINES-FORMAL-v1,classical_independent_gate_descriptive,80c657cb44bdb7ed3ba89fee0e67335da2f7a22236d9ae429265b8f0a7fc03c3,df7cf104d30360df898ef8239b64789c16e0baa9e87c78c52c08a676ecb62eba,ospf_ecmp,stochastic_routing_replicate,qos_only,,0,medium_load,ospf_ecmp,183895110,77012,192,140,2,50,0.7291666666666666,0.010416666666666666,4.666666666666667,6.3,14.0,1.4083333333333334,12,49,10.351385529570248,0.21230515531261956,0.032469135802469136,0.7643833799061656,0.0,0.33741061226355346,0.06006464507231112,0.004524886877828055,0.7222222222222222,0.7115384615384616,0.76,49,0,229,0.21397379912663755,49,229,0,0.21397379912663755
1,ICC-AVOIDABLE-SWITCH-CLASSICAL-BASELINES-FORMAL-v1,classical_independent_gate_descriptive,80c657cb44bdb7ed3ba89fee0e67335da2f7a22236d9ae429265b8f0a7fc03c3,df7cf104d30360df898ef8239b64789c16e0baa9e87c78c52c08a676ecb62eba,ospf_ecmp,stochastic_routing_replicate,qos_only,,0,medium_load,ospf_ecmp,183895110,77013,192,146,3,43,0.7604166666666666,0.015625,4.866666666666666,6.383561643835616,12.0,1.375,11,28,12.105081952782461,0.1951762700605131,0.031512345679012344,0.7498784366431148,0.0,0.35908807695572403,0.062041937887601456,0.006547619047619048,0.7777777777777778,0.6326530612244898,0.8636363636363636,28,0,187,0.1497326203208556,28,187,0,0.1497326203208556
1,ICC-AVOIDABLE-SWITCH-CLASSICAL-BASELINES-FORMAL-v1,classical_independent_gate_descriptive,80c657cb44bdb7ed3ba89fee0e67335da2f7a22236d9ae429265b8f0a7fc03c3,df7cf104d30360df898ef8239b64789c16e0baa9e87c78c52c08a676ecb62eba,ospf_ecmp,stochastic_routing_replicate,qos_only,,0,medium_load,ospf_ecmp,183895110,77014,192,139,3,50,0.7239583333333334,0.015625,4.633333333333334,6.35251798561151,12.0,1.4083333333333334,10,45,9.776255342203868,0.19958189646511518,0.032469135802469136,0.7463907095773953,0.0,0.3220746247216836,0.058228933442906215,0.006127450980392158,0.7319587628865979,0.7090909090909091,0.725,45,0,219,0.2054794520547945,45,219,0,0.2054794520547945
1,ICC-AVOIDABLE-SWITCH-CLASSICAL-BASELINES-FORMAL-v1,classical_independent_gate_descriptive,80c657cb44bdb7ed3ba89fee0e67335da2f7a22236d9ae429265b8f0a7fc03c3,df7cf104d30360df898ef8239b64789c16e0baa9e87c78c52c08a676ecb62eba,ospf_ecmp,stochastic_routing_replicate,qos_only,,0,medium_load,ospf_ecmp,183895110,77015,192,147,4,41,0.765625,0.020833333333333332,4.9,6.285714285714286,12.0,1.375,11,46,11.205746714536495,0.2017664817970579,0.03145061728395062,0.7519693178993037,0.0,0.3515355559473207,0.05977092550721345,0.010722610722610722,0.7333333333333333,0.7192982456140351,0.8888888888888888,45,1,206,0.21844660194174756,45,206,1,0.21844660194174756
1,ICC-AVOIDABLE-SWITCH-CLASSICAL-BASELINES-FORMAL-v1,classical_independent_gate_descriptive,80c657cb44bdb7ed3ba89fee0e67335da2f7a22236d9ae429265b8f0a7fc03c3,df7cf104d30360df898ef8239b64789c16e0baa9e87c78c52c08a676ecb62eba,ospf_ecmp,stochastic_routing_replicate,qos_only,,0,medium_load,ospf_ecmp,183895110,77016,192,150,0,42,0.78125,0.0,5.0,5.406666666666666,10.0,1.1972222222222222,12,35,13.732802068107588,0.18337242526907685,0.027530864197530862,0.7551403616010258,0.0,0.3724466274466275,0.06222033169131159,0.0,0.7526881720430108,0.7936507936507936,0.8333333333333334,35,0,184,0.19021739130434784,35,184,0,0.19021739130434784
1,ICC-AVOIDABLE-SWITCH-CLASSICAL-BASELINES-FORMAL-v1,classical_independent_gate_descriptive,80c657cb44bdb7ed3ba89fee0e67335da2f7a22236d9ae429265b8f0a7fc03c3,df7cf104d30360df898ef8239b64789c16e0baa9e87c78c52c08a676ecb62eba,ospf_ecmp,stochastic_routing_replicate,qos_only,,0,medium_load,ospf_ecmp,183895110,77017,192,142,3,47,0.7395833333333334,0.015625,4.733333333333333,5.950704225352113,11.0,1.3277777777777777,11,39,10.476578171772168,0.20571002365058208,0.03058641975308642,0.7363852732476259,0.0,0.33636169386169384,0.059471123138521674,0.006869658119658119,0.7222222222222222,0.6724137931034483,0.8636363636363636,39,0,201,0.19402985074626866,39,201,0,0.19402985074626866
1,ICC-AVOIDABLE-SWITCH-CLASSICAL-BASELINES-FORMAL-v1,classical_independent_gate_descriptive,80c657cb44bdb7ed3ba89fee0e67335da2f7a22236d9ae429265b8f0a7fc03c3,df7cf104d30360df898ef8239b64789c16e0baa9e87c78c52c08a676ecb62eba,ospf_ecmp,stochastic_routing_replicate,qos_only,,0,medium_load,ospf_ecmp,183895110,77018,192,146,4,42,0.7604166666666666,0.020833333333333332,4.866666666666666,5.671232876712328,11.0,1.2638888888888888,13,39,11.107400359277875,0.19487053381719086,0.029012345679012345,0.7281644003902283,0.0,0.3425520313020313,0.05865295466805019,0.009047619047619049,0.7450980392156863,0.7758620689655172,0.78125,38,1,213,0.1784037558685446,38,213,1,0.1784037558685446
1,ICC-AVOIDABLE-SWITCH-CLASSICAL-BASELINES-FORMAL-v1,classical_independent_gate_descriptive,80c657cb44bdb7ed3ba89fee0e67335da2f7a22236d9ae429265b8f0a7fc03c3,df7cf104d30360df898ef8239b64789c16e0baa9e87c78c52c08a676ecb62eba,ospf_ecmp,stochastic_routing_replicate,qos_only,,0,medium_load,ospf_ecmp,183895110,77019,192,144,5,43,0.75,0.026041666666666668,4.8,6.527777777777778,12.0,1.4361111111111111,11,37,10.298765558381017,0.21392941131612309,0.03287037037037037,0.7342605475650716,0.0,0.34206465103523936,0.05969201294266916,0.010608076563958917,0.7894736842105263,0.7213114754098361,0.6944444444444444,37,0,211,0.17535545023696683,37,211,0,0.17535545023696683
1,ICC-AVOIDABLE-SWITCH-CLASSICAL-BASELINES-FORMAL-v1,classical_independent_gate_descriptive,80c657cb44bdb7ed3ba89fee0e67335da2f7a22236d9ae429265b8f0a7fc03c3,df7cf104d30360df898ef8239b64789c16e0baa9e87c78c52c08a676ecb62eba,ospf_ecmp,stochastic_routing_replicate,qos_only,,0,medium_load,ospf_ecmp,183895110,77020,192,147,4,41,0.765625,0.020833333333333332,4.9,5.8231292517006805,10.0,1.2847222222222223,11,45,11.376039003136142,0.18787362016006767,0.029444444444444447,0.734737466379029,0.0,0.34586088747853455,0.05932570814023064,0.010842490842490842,0.7777777777777778,0.7192982456140351,0.8055555555555556,45,0,197,0.22842639593908629,45,197,0,0.22842639593908629
1,ICC-AVOIDABLE-SWITCH-CLASSICAL-BASELINES-FORMAL-v1,classical_independent_gate_descriptive,80c657cb44bdb7ed3ba89fee0e67335da2f7a22236d9ae429265b8f0a7fc03c3,df7cf104d30360df898ef8239b64789c16e0baa9e87c78c52c08a676ecb62eba,ospf_ecmp,stochastic_routing_replicate,qos_only,,0,medium_load,ospf_ecmp,310818925,77011,192,145,4,43,0.7552083333333334,0.020833333333333332,4.833333333333333,6.310344827586207,12.0,1.3666666666666667,11,37,10.10257007063301,0.20771067336858012,0.031327160493827166,0.7408786762344312,0.0,0.333214824391295,0.057800066707009365,0.008518518518518517,0.7608695652173914,0.7058823529411765,0.84375,36,1,206,0.17475728155339806,36,206,1,0.17475728155339806
1,ICC-AVOIDABLE-SWITCH-CLASSICAL-BASELINES-FORMAL-v1,classical_independent_gate_descriptive,80c657cb44bdb7ed3ba89fee0e67335da2f7a22236d9ae429265b8f0a7fc03c3,df7cf104d30360df898ef8239b64789c16e0baa9e87c78c52c08a676ecb62eba,ospf_ecmp,stochastic_routing_replicate,qos_only,,0,medium_load,ospf_ecmp,310818925,77012,192,140,2,50,0.7291666666666666,0.010416666666666666,4.666666666666667,6.35,13.0,1.4055555555555554,12,47,10.232312037656534,0.21393806991526787,0.032407407407407406,0.7629752380003904,0.0,0.3361324786324787,0.05976595946183872,0.004524886877828055,0.7333333333333333,0.7115384615384616,0.74,47,0,230,0.20434782608695654,47,230,0,0.20434782608695654
1,ICC-AVOIDABLE-SWITCH-CLASSICAL-BASELINES-FORMAL-v1,classical_independent_gate_descriptive,80c657cb44bdb7ed3ba89fee0e67335da2f7a22236d9ae429265b8f0a7fc03c3,df7cf104d30360df898ef8239b64789c16e0baa9e87c78c52c08a676ecb62eba,ospf_ecmp,stochastic_routing_replicate,qos_only,,0,medium_load,ospf_ecmp,310818925,77013,192,145,3,44,0.7552083333333334,0.015625,4.833333333333333,6.379310344827586,12.0,1.375,11,30,12.031182895044614,0.1951015987871089,0.03154320987654321,0.7476873196963826,0.0,0.358323424941072,0.06216807103627586,0.007142857142857143,0.7777777777777778,0.6326530612244898,0.8409090909090909,30,0,187,0.16042780748663102,30,187,0,0.16042780748663102
1,ICC-AVOIDABLE-SWITCH-CLASSICAL-BASELINES-FORMAL-v1,classical_independent_gate_descriptive,80c657cb44bdb7ed3ba89fee0e67335da2f7a22236d9ae429265b8f0a7fc03c3,df7cf104d30360df898ef8239b64789c16e0baa9e87c78c52c08a676ecb62eba,ospf_ecmp,stochastic_routing_replicate,qos_only,,0,medium_load,ospf_ecmp,310818925,77014,192,139,3,50,0.7239583333333334,0.015625,4.633333333333334,6.359712230215828,12.0,1.4097222222222223,10,46,9.759503393495592,0.1996602946736311,0.0325,0.7439097795452666,0.0,0.32171748186454074,0.0581200935695285,0.006127450980392158,0.7319587628865979,0.7090909090909091,0.725,46,0,219,0.2100456621004566,46,219,0,0.2100456621004566
1,ICC-AVOIDABLE-SWITCH-CLASSICAL-BASELINES-FORMAL-v1,classical_independent_gate_descriptive,80c657cb44bdb7ed3ba89fee0e67335da2f7a22236d9ae429265b8f0a7fc03c3,df7cf104d30360df898ef8239b64789c16e0baa9e87c78c52c08a676ecb62eba,ospf_ecmp,stochastic_routing_replicate,qos_only,,0,medium_load,ospf_ecmp,310818925,77015,192,147,4,41,0.765625,0.020833333333333332,4.9,6.299319727891157,12.0,1.3777777777777778,11,45,11.145222455261425,0.2018515789513384,0.031512345679012344,0.7512439403938769,0.0,0.3503694997812646,0.05966813774291027,0.01053946053946054,0.7333333333333333,0.7192982456140351,0.8888888888888888,44,1,207,0.21256038647342995,44,207,1,0.21256038647342995
1,ICC-AVOIDABLE-SWITCH-CLASSICAL-BASELINES-FORMAL-v1,classical_independent_gate_descriptive,80c657cb44bdb7ed3ba89fee0e67335da2f7a22236d9ae429265b8f0a7fc03c3,df7cf104d30360df898ef8239b64789c16e0baa9e87c78c52c08a676ecb62eba,ospf_ecmp,stochastic_routing_replicate,qos_only,,0,medium_load,ospf_ecmp,310818925,77016,192,148,0,44,0.7708333333333334,0.0,4.933333333333334,5.425675675675675,10.0,1.2027777777777777,12,35,13.532595008579884,0.18340090285670885,0.027716049382716046,0.757330822099459,0.0,0.3693264143264144,0.06259503794004903,0.0,0.7526881720430108,0.7619047619047619,0.8333333333333334,35,0,184,0.19021739130434784,35,184,0,0.19021739130434784
1,ICC-AVOIDABLE-SWITCH-CLASSICAL-BASELINES-FORMAL-v1,classical_independent_gate_descriptive,80c657cb44bdb7ed3ba89fee0e67335da2f7a22236d9ae429265b8f0a7fc03c3,df7cf104d30360df898ef8239b64789c16e0baa9e87c78c52c08a676ecb62eba,ospf_ecmp,stochastic_routing_replicate,qos_only,,0,medium_load,ospf_ecmp,310818925,77017,192,143,3,46,0.7447916666666666,0.015625,4.766666666666667,5.986013986013986,11.0,1.3305555555555555,11,38,10.791857842491764,0.20430344407609496,0.030617283950617285,0.7389969641854726,0.0,0.34121017871017867,0.05977700998402054,0.007008547008547008,0.7222222222222222,0.6724137931034483,0.8863636363636364,38,0,202,0.18811881188118812,38,202,0,0.18811881188118812
1,ICC-AVOIDABLE-SWITCH-CLASSICAL-BASELINES-FORMAL-v1,classical_independent_gate_descriptive,80c657cb44bdb7ed3ba89fee0e67335da2f7a22236d9ae429265b8f0a7fc03c3,df7cf104d30360df898ef8239b64789c16e0baa9e87c78c52c08a676ecb62eba,ospf_ecmp,stochastic_routing_replicate,qos_only,,0,medium_load,ospf_ecmp,310818925,77018,192,143,4,45,0.7447916666666666,0.020833333333333332,4.766666666666667,5.804195804195804,11.0,1.2916666666666667,15,41,10.79152138767817,0.19794286699424207,0.029722222222222216,0.7312386300052004,0.0,0.33960248085248085,0.0591291561299077,0.009365079365079364,0.7156862745098039,0.7758620689655172,0.78125,40,1,210,0.19047619047619047,40,210,1,0.19047619047619047
1,ICC-AVOIDABLE-SWITCH-CLASSICAL-BASELINES-FORMAL-v1,classical_independent_gate_descriptive,80c657cb44bdb7ed3ba89fee0e67335da2f7a22236d9ae429265b8f0a7fc03c3,df7cf104d30360df898ef8239b64789c16e0baa9e87c78c52c08a676ecb62eba,ospf_ecmp,stochastic_routing_replicate,qos_only,,0,medium_load,ospf_ecmp,310818925,77019,192,144,5,43,0.75,0.026041666666666668,4.8,6.520833333333333,12.0,1.4347222222222222,11,39,10.308625140954529,0.2157558017301019,0.032839506172839504,0.7314892077273669,0.0,0.34298723335488046,0.05961148108915108,0.010608076563958917,0.7894736842105263,0.7213114754098361,0.6944444444444444,39,0,212,0.18396226415094338,39,212,0,0.18396226415094338
1,ICC-AVOIDABLE-SWITCH-CLASSICAL-BASELINES-FORMAL-v1,classical_independent_gate_descriptive,80c657cb44bdb7ed3ba89fee0e67335da2f7a22236d9ae429265b8f0a7fc03c3,df7cf104d30360df898ef8239b64789c16e0baa9e87c78c52c08a676ecb62eba,ospf_ecmp,stochastic_routing_replicate,qos_only,,0,medium_load,ospf_ecmp,310818925,77020,192,147,4,41,0.765625,0.020833333333333332,4.9,5.836734693877551,10.0,1.2875,11,43,11.272361805763207,0.1877665914669318,0.029506172839506174,0.7355105332892387,0.0,0.34383693104281343,0.05926964413804815,0.01053946053946054,0.7777777777777778,0.7192982456140351,0.8055555555555556,43,0,197,0.2182741116751269,43,197,0,0.2182741116751269
1,ICC-AVOIDABLE-SWITCH-CLASSICAL-BASELINES-FORMAL-v1,classical_independent_gate_descriptive,80c657cb44bdb7ed3ba89fee0e67335da2f7a22236d9ae429265b8f0a7fc03c3,df7cf104d30360df898ef8239b64789c16e0baa9e87c78c52c08a676ecb62eba,ospf_ecmp,stochastic_routing_replicate,qos_only,,0,medium_load,ospf_ecmp,2136406109,77011,192,146,4,42,0.7604166666666666,0.020833333333333332,4.866666666666666,6.301369863013699,12.0,1.3597222222222223,10,39,10.199264693440124,0.20715352749014615,0.031141975308641975,0.7408362145816823,0.0,0.3343244092508799,0.05763340265934916,0.00837962962962963,0.7717391304347826,0.7058823529411765,0.84375,37,2,208,0.1778846153846154,37,208,2,0.1778846153846154
1,ICC-AVOIDABLE-SWITCH-CLASSICAL-BASELINES-FORMAL-v1,classical_independent_gate_descriptive,80c657cb44bdb7ed3ba89fee0e67335da2f7a22236d9ae429265b8f0a7fc03c3,df7cf104d30360df898ef8239b64789c16e0baa9e87c78c52c08a676ecb62eba,ospf_ecmp,stochastic_routing_replicate,qos_only,,0,medium_load,ospf_ecmp,2136406109,77012,192,140,2,50,0.7291666666666666,0.010416666666666666,4.666666666666667,6.1571428571428575,14.049999999999983,1.3805555555555555,12,49,10.350456265553989,0.212359449317579,0.031851851851851846,0.7640103400940654,0.0,0.3371515984015984,0.05996249387274089,0.004524886877828055,0.7222222222222222,0.7307692307692307,0.74,49,0,232,0.21120689655172414,49,232,0,0.21120689655172414
1,ICC-AVOIDABLE-SWITCH-CLASSICAL-BASELINES-FORMAL-v1,classical_independent_gate_descriptive,80c657cb44bdb7ed3ba89fee0e67335da2f7a22236d9ae429265b8f0a7fc03c3,df7cf104d30360df898ef8239b64789c16e0baa9e87c78c52c08a676ecb62eba,ospf_ecmp,stochastic_routing_replicate,qos_only,,0,medium_load,ospf_ecmp,2136406109,77013,192,145,4,43,0.7552083333333334,0.020833333333333332,4.833333333333333,6.275862068965517,12.0,1.3611111111111112,11,30,12.024000580949009,0.19516706041044,0.031203703703703702,0.7470159625551247,0.0,0.36062868504044976,0.062118116730976905,0.009706959706959705,0.7878787878787878,0.6122448979591837,0.8409090909090909,30,0,187,0.16042780748663102,30,187,0,0.16042780748663102
1,ICC-AVOIDABLE-SWITCH-CLASSICAL-BASELINES-FORMAL-v1,classical_independent_gate_descriptive,80c657cb44bdb7ed3ba89fee0e67335da2f7a22236d9ae429265b8f0a7fc03c3,df7cf104d30360df898ef8239b64789c16e0baa9e87c78c52c08a676ecb62eba,ospf_ecmp,stochastic_routing_replicate,qos_only,,0,medium_load,ospf_ecmp,2136406109,77014,192,139,3,50,0.7239583333333334,0.015625,4.633333333333334,6.35251798561151,12.0,1.4083333333333334,10,46,9.729522557346407,0.19958189646511518,0.032469135802469136,0.7454128404781926,0.0,0.3212412913883502,0.05811773082792906,0.006127450980392158,0.7319587628865979,0.7090909090909091,0.725,46,0,220,0.20909090909090908,46,220,0,0.20909090909090908
1,ICC-AVOIDABLE-SWITCH-CLASSICAL-BASELINES-FORMAL-v1,classical_independent_gate_descriptive,80c657cb44bdb7ed3ba89fee0e67335da2f7a22236d9ae429265b8f0a7fc03c3,df7cf104d30360df898ef8239b64789c16e0baa9e87c78c52c08a676ecb62eba,ospf_ecmp,stochastic_routing_replicate,qos_only,,0,medium_load,ospf_ecmp,2136406109,77015,192,148,3,41,0.7708333333333334,0.015625,4.933333333333334,6.27027027027027,12.0,1.363888888888889,11,46,11.364417227651973,0.20218986829466762,0.031203703703703702,0.7485442316996404,0.0,0.35087566028742506,0.059118435405412346,0.007509157509157509,0.7333333333333333,0.7368421052631579,0.8888888888888888,45,1,207,0.21739130434782608,45,207,1,0.21739130434782608
1,ICC-AVOIDABLE-SWITCH-CLASSICAL-BASELINES-FORMAL-v1,classical_independent_gate_descriptive,80c657cb44bdb7ed3ba89fee0e67335da2f7a22236d9ae429265b8f0a7fc03c3,df7cf104d30360df898ef8239b64789c16e0baa9e87c78c52c08a676ecb62eba,ospf_ecmp,stochastic_routing_replicate,qos_only,,0,medium_load,ospf_ecmp,2136406109,77016,192,148,0,44,0.7708333333333334,0.0,4.933333333333334,5.425675675675675,10.0,1.2027777777777777,12,33,13.480481187701978,0.18340090285670885,0.027716049382716046,0.7577747426790721,0.0,0.36847171347171354,0.06242837389238883,0.0,0.7526881720430108,0.7619047619047619,0.8333333333333334,33,0,185,0.1783783783783784,33,185,0,0.1783783783783784
1,ICC-AVOIDABLE-SWITCH-CLASSICAL-BASELINES-FORMAL-v1,classical_independent_gate_descriptive,80c657cb44bdb7ed3ba89fee0e67335da2f7a22236d9ae429265b8f0a7fc03c3,df7cf104d30360df898ef8239b64789c16e0baa9e87c78c52c08a676ecb62eba,ospf_ecmp,stochastic_routing_replicate,qos_only,,0,medium_load,ospf_ecmp,2136406109,77017,192,143,3,46,0.7447916666666666,0.015625,4.766666666666667,5.986013986013986,11.0,1.3305555555555555,11,38,10.774547846733462,0.204296849048986,0.030617283950617285,0.73933330469588,0.0,0.34093267843267844,0.05972661278079649,0.007008547008547008,0.7222222222222222,0.6724137931034483,0.8863636363636364,38,0,202,0.18811881188118812,38,202,0,0.18811881188118812
1,ICC-AVOIDABLE-SWITCH-CLASSICAL-BASELINES-FORMAL-v1,classical_independent_gate_descriptive,80c657cb44bdb7ed3ba89fee0e67335da2f7a22236d9ae429265b8f0a7fc03c3,df7cf104d30360df898ef8239b64789c16e0baa9e87c78c52c08a676ecb62eba,ospf_ecmp,stochastic_routing_replicate,qos_only,,0,medium_load,ospf_ecmp,2136406109,77018,192,146,4,42,0.7604166666666666,0.020833333333333332,4.866666666666666,5.698630136986301,11.0,1.2638888888888888,13,41,11.049060545618541,0.19539796633849096,0.02901234567901234,0.7277100872565734,0.0,0.3420013320013321,0.05860255746482614,0.009230769230769232,0.7450980392156863,0.7758620689655172,0.78125,40,1,213,0.18779342723004694,40,213,1,0.18779342723004694
1,ICC-AVOIDABLE-SWITCH-CLASSICAL-BASELINES-FORMAL-v1,classical_independent_gate_descriptive,80c657cb44bdb7ed3ba89fee0e67335da2f7a22236d9ae429265b8f0a7fc03c3,df7cf104d30360df898ef8239b64789c16e0baa9e87c78c52c08a676ecb62eba,ospf_ecmp,stochastic_routing_replicate,qos_only,,0,medium_load,ospf_ecmp,2136406109,77019,192,144,5,43,0.75,0.026041666666666668,4.8,6.513888888888889,12.0,1.4333333333333333,11,36,10.292774568625688,0.21411748910896403,0.032808641975308646,0.7348705933822652,0.0,0.3420646510352393,0.05969201294266916,0.010608076563958917,0.7894736842105263,0.7213114754098361,0.6944444444444444,36,0,211,0.17061611374407584,36,211,0,0.17061611374407584
1,ICC-AVOIDABLE-SWITCH-CLASSICAL-BASELINES-FORMAL-v1,classical_independent_gate_descriptive,80c657cb44bdb7ed3ba89fee0e67335da2f7a22236d9ae429265b8f0a7fc03c3,df7cf104d30360df898ef8239b64789c16e0baa9e87c78c52c08a676ecb62eba,ospf_ecmp,stochastic_routing_replicate,qos_only,,0,medium_load,ospf_ecmp,2136406109,77020,192,146,5,41,0.7604166666666666,0.026041666666666668,4.866666666666666,5.883561643835616,10.0,1.3055555555555556,11,45,11.085668992757435,0.1888834598411479,0.029907407407407407,0.7347916313960716,0.0,0.3436834353010824,0.059494716244699285,0.012803275156216331,0.7777777777777778,0.7017543859649122,0.8055555555555556,45,0,197,0.22842639593908629,45,197,0,0.22842639593908629
1,ICC-AVOIDABLE-SWITCH-CLASSICAL-BASELINES-FORMAL-v1,classical_independent_gate_descriptive,80c657cb44bdb7ed3ba89fee0e67335da2f7a22236d9ae429265b8f0a7fc03c3,df7cf104d30360df898ef8239b64789c16e0baa9e87c78c52c08a676ecb62eba,ospf_ecmp,stochastic_routing_replicate,qos_only,,0,medium_load,ospf_ecmp,985998595,77011,192,146,4,42,0.7604166666666666,0.020833333333333332,4.866666666666666,6.301369863013699,12.0,1.3597222222222223,11,39,10.217163876777365,0.20715352749014615,0.031141975308641975,0.7404253756914911,0.0,0.33474107591754654,0.05763340265934916,0.008518518518518517,0.7717391304347826,0.7058823529411765,0.84375,37,2,208,0.1778846153846154,37,208,2,0.1778846153846154
1,ICC-AVOIDABLE-SWITCH-CLASSICAL-BASELINES-FORMAL-v1,classical_independent_gate_descriptive,80c657cb44bdb7ed3ba89fee0e67335da2f7a22236d9ae429265b8f0a7fc03c3,df7cf104d30360df898ef8239b64789c16e0baa9e87c78c52c08a676ecb62eba,ospf_ecmp,stochastic_routing_replicate,qos_only,,0,medium_load,ospf_ecmp,985998595,77012,192,141,2,49,0.734375,0.010416666666666666,4.7,6.163120567375887,14.0,1.3763888888888889,13,48,10.383088731116642,0.21330446719855586,0.03172839506172839,0.7634426623087215,0.0,0.3379731406937289,0.05979965372850308,0.004415954415954416,0.7222222222222222,0.7307692307692307,0.76,48,0,231,0.2077922077922078,48,231,0,0.2077922077922078
1,ICC-AVOIDABLE-SWITCH-CLASSICAL-BASELINES-FORMAL-v1,classical_independent_gate_descriptive,80c657cb44bdb7ed3ba89fee0e67335da2f7a22236d9ae429265b8f0a7fc03c3,df7cf104d30360df898ef8239b64789c16e0baa9e87c78c52c08a676ecb62eba,ospf_ecmp,stochastic_routing_replicate,qos_only,,0,medium_load,ospf_ecmp,985998595,77013,192,145,4,43,0.7552083333333334,0.020833333333333332,4.833333333333333,6.275862068965517,12.0,1.3611111111111112,11,29,12.034435784635669,0.19515776816851885,0.031203703703703702,0.7460543323088296,0.0,0.3607507851625499,0.06213627060960017,0.009706959706959705,0.7878787878787878,0.6122448979591837,0.8409090909090909,29,0,187,0.15508021390374332,29,187,0,0.15508021390374332
1,ICC-AVOIDABLE-SWITCH-CLASSICAL-BASELINES-FORMAL-v1,classical_independent_gate_descriptive,80c657cb44bdb7ed3ba89fee0e67335da2f7a22236d9ae429265b8f0a7fc03c3,df7cf104d30360df898ef8239b64789c16e0baa9e87c78c52c08a676ecb62eba,ospf_ecmp,stochastic_routing_replicate,qos_only,,0,medium_load,ospf_ecmp,985998595,77014,192,139,3,50,0.7239583333333334,0.015625,4.633333333333334,6.359712230215828,12.0,1.4097222222222223,10,46,9.759503393495592,0.1996602946736311,0.0325,0.7439097795452666,0.0,0.32171748186454074,0.0581200935695285,0.006127450980392158,0.7319587628865979,0.7090909090909091,0.725,46,0,219,0.2100456621004566,46,219,0,0.2100456621004566
1,ICC-AVOIDABLE-SWITCH-CLASSICAL-BASELINES-FORMAL-v1,classical_independent_gate_descriptive,80c657cb44bdb7ed3ba89fee0e67335da2f7a22236d9ae429265b8f0a7fc03c3,df7cf104d30360df898ef8239b64789c16e0baa9e87c78c52c08a676ecb62eba,ospf_ecmp,stochastic_routing_replicate,qos_only,,0,medium_load,ospf_ecmp,985998595,77015,192,147,4,41,0.765625,0.020833333333333332,4.9,6.299319727891157,12.0,1.3777777777777778,11,45,11.17494073951056,0.20202843740065468,0.031512345679012344,0.7497745573247776,0.0,0.3508745502863151,0.0595638516701449,0.01053946053946054,0.7333333333333333,0.7192982456140351,0.8888888888888888,44,1,207,0.21256038647342995,44,207,1,0.21256038647342995
1,ICC-AVOIDABLE-SWITCH-CLASSICAL-BASELINES-FORMAL-v1,classical_independent_gate_descriptive,80c657cb44bdb7ed3ba89fee0e67335da2f7a22236d9ae429265b8f0a7fc03c3,df7cf104d30360df898ef8239b64789c16e0baa9e87c78c52c08a676ecb62eba,ospf_ecmp,stochastic_routing_replicate,qos_only,,0,medium_load,ospf_ecmp,985998595,77016,192,148,0,44,0.7708333333333334,0.0,4.933333333333334,5.581081081081081,10.0,1.2347222222222223,12,32,13.332610436188762,0.1876818733423181,0.028425925925925924,0.7585762759817046,0.0,0.36847171347171354,0.06242837389238883,0.0,0.7526881720430108,0.7619047619047619,0.8333333333333334,32,0,185,0.17297297297297298,32,185,0,0.17297297297297298
1,ICC-AVOIDABLE-SWITCH-CLASSICAL-BASELINES-FORMAL-v1,classical_independent_gate_descriptive,80c657cb44bdb7ed3ba89fee0e67335da2f7a22236d9ae429265b8f0a7fc03c3,df7cf104d30360df898ef8239b64789c16e0baa9e87c78c52c08a676ecb62eba,ospf_ecmp,stochastic_routing_replicate,qos_only,,0,medium_load,ospf_ecmp,985998595,77017,192,142,3,47,0.7395833333333334,0.015625,4.733333333333333,6.007042253521127,11.949999999999989,1.3388888888888888,11,40,10.673145973536714,0.20225280715694485,0.03083333333333333,0.7355864572750787,0.0,0.3381181890005419,0.059696319816465955,0.007008547008547008,0.7222222222222222,0.6724137931034483,0.8636363636363636,40,0,202,0.19801980198019803,40,202,0,0.19801980198019803
1,ICC-AVOIDABLE-SWITCH-CLASSICAL-BASELINES-FORMAL-v1,classical_independent_gate_descriptive,80c657cb44bdb7ed3ba89fee0e67335da2f7a22236d9ae429265b8f0a7fc03c3,df7cf104d30360df898ef8239b64789c16e0baa9e87c78c52c08a676ecb62eba,ospf_ecmp,stochastic_routing_replicate,qos_only,,0,medium_load,ospf_ecmp,985998595,77018,192,147,4,41,0.765625,0.020833333333333332,4.9,5.687074829931973,11.0,1.2638888888888888,13,41,11.160558979777996,0.1951534020353881,0.028981481481481483,0.7268558471541637,0.0,0.343208596958597,0.05834706782255133,0.00876984126984127,0.7549019607843137,0.7758620689655172,0.78125,40,1,215,0.18604651162790697,40,215,1,0.18604651162790697
1,ICC-AVOIDABLE-SWITCH-CLASSICAL-BASELINES-FORMAL-v1,classical_independent_gate_descriptive,80c657cb44bdb7ed3ba89fee0e67335da2f7a22236d9ae429265b8f0a7fc03c3,df7cf104d30360df898ef8239b64789c16e0baa9e87c78c52c08a676ecb62eba,ospf_ecmp,stochastic_routing_replicate,qos_only,,0,medium_load,ospf_ecmp,985998595,77019,192,144,5,43,0.75,0.026041666666666668,4.8,6.506944444444445,12.0,1.4319444444444445,11,38,10.278492271787638,0.21607260482291754,0.032777777777777774,0.7321661639868575,0.0,0.3426514580191051,0.05958910406878855,0.010608076563958917,0.7894736842105263,0.7213114754098361,0.6944444444444444,38,0,212,0.1792452830188679,38,212,0,0.1792452830188679
1,ICC-AVOIDABLE-SWITCH-CLASSICAL-BASELINES-FORMAL-v1,classical_independent_gate_descriptive,80c657cb44bdb7ed3ba89fee0e67335da2f7a22236d9ae429265b8f0a7fc03c3,df7cf104d30360df898ef8239b64789c16e0baa9e87c78c52c08a676ecb62eba,ospf_ecmp,stochastic_routing_replicate,qos_only,,0,medium_load,ospf_ecmp,985998595,77020,192,146,5,41,0.7604166666666666,0.026041666666666668,4.866666666666666,5.890410958904109,10.0,1.3069444444444445,11,45,10.982776409927357,0.18932660897749073,0.02993827160493827,0.7346166399009654,0.0,0.34188320938320943,0.05934491810930302,0.012500244853186031,0.7777777777777778,0.7017543859649122,0.8055555555555556,45,0,197,0.22842639593908629,45,197,0,0.22842639593908629
1,ICC-AVOIDABLE-SWITCH-CLASSICAL-BASELINES-FORMAL-v1,classical_independent_gate_descriptive,80c657cb44bdb7ed3ba89fee0e67335da2f7a22236d9ae429265b8f0a7fc03c3,df7cf104d30360df898ef8239b64789c16e0baa9e87c78c52c08a676ecb62eba,ospf_ecmp,stochastic_routing_replicate,qos_only,,0,medium_load,ospf_ecmp,515636025,77011,192,146,4,42,0.7604166666666666,0.020833333333333332,4.866666666666666,6.301369863013699,12.0,1.3597222222222223,10,39,10.199264693440124,0.20715352749014615,0.031141975308641975,0.7408362145816823,0.0,0.3343244092508799,0.05763340265934916,0.00837962962962963,0.7717391304347826,0.7058823529411765,0.84375,37,2,208,0.1778846153846154,37,208,2,0.1778846153846154
1,ICC-AVOIDABLE-SWITCH-CLASSICAL-BASELINES-FORMAL-v1,classical_independent_gate_descriptive,80c657cb44bdb7ed3ba89fee0e67335da2f7a22236d9ae429265b8f0a7fc03c3,df7cf104d30360df898ef8239b64789c16e0baa9e87c78c52c08a676ecb62eba,ospf_ecmp,stochastic_routing_replicate,qos_only,,0,medium_load,ospf_ecmp,515636025,77012,192,141,2,49,0.734375,0.010416666666666666,4.7,6.347517730496454,13.0,1.4041666666666666,12,50,10.314307930127931,0.21460030156452567,0.032345679012345675,0.7625686184742662,0.0,0.3377775084392732,0.05961272163463586,0.004524886877828055,0.7333333333333333,0.7115384615384616,0.76,50,0,229,0.2183406113537118,50,229,0,0.2183406113537118
1,ICC-AVOIDABLE-SWITCH-CLASSICAL-BASELINES-FORMAL-v1,classical_independent_gate_descriptive,80c657cb44bdb7ed3ba89fee0e67335da2f7a22236d9ae429265b8f0a7fc03c3,df7cf104d30360df898ef8239b64789c16e0baa9e87c78c52c08a676ecb62eba,ospf_ecmp,stochastic_routing_replicate,qos_only,,0,medium_load,ospf_ecmp,515636025,77013,192,145,3,44,0.7552083333333334,0.015625,4.833333333333333,6.379310344827586,12.0,1.375,11,31,12.020991558945063,0.1950890174440689,0.03154320987654321,0.7494826895719429,0.0,0.3579204945381416,0.06218622491489911,0.006825396825396826,0.7777777777777778,0.6326530612244898,0.8409090909090909,31,0,187,0.1657754010695187,31,187,0,0.1657754010695187
1,ICC-AVOIDABLE-SWITCH-CLASSICAL-BASELINES-FORMAL-v1,classical_independent_gate_descriptive,80c657cb44bdb7ed3ba89fee0e67335da2f7a22236d9ae429265b8f0a7fc03c3,df7cf104d30360df898ef8239b64789c16e0baa9e87c78c52c08a676ecb62eba,ospf_ecmp,stochastic_routing_replicate,qos_only,,0,medium_load,ospf_ecmp,515636025,77014,192,138,3,51,0.71875,0.015625,4.6,6.369565217391305,12.0,1.4152777777777779,10,46,9.708321566238382,0.1981500919704528,0.03265432098765432,0.7445250188054182,0.0,0.3202064928535517,0.05821314230588239,0.006127450980392158,0.7319587628865979,0.6909090909090909,0.725,46,0,218,0.21100917431192662,46,218,0,0.21100917431192662
1,ICC-AVOIDABLE-SWITCH-CLASSICAL-BASELINES-FORMAL-v1,classical_independent_gate_descriptive,80c657cb44bdb7ed3ba89fee0e67335da2f7a22236d9ae429265b8f0a7fc03c3,df7cf104d30360df898ef8239b64789c16e0baa9e87c78c52c08a676ecb62eba,ospf_ecmp,stochastic_routing_replicate,qos_only,,0,medium_load,ospf_ecmp,515636025,77015,192,147,4,41,0.765625,0.020833333333333332,4.9,6.285714285714286,12.0,1.375,11,45,11.163536556154293,0.2017664817970579,0.03145061728395062,0.7515316430686536,0.0,0.3506198050315698,0.05962663847991578,0.01053946053946054,0.7333333333333333,0.7192982456140351,0.8888888888888888,44,1,207,0.21256038647342995,44,207,1,0.21256038647342995
1,ICC-AVOIDABLE-SWITCH-CLASSICAL-BASELINES-FORMAL-v1,classical_independent_gate_descriptive,80c657cb44bdb7ed3ba89fee0e67335da2f7a22236d9ae429265b8f0a7fc03c3,df7cf104d30360df898ef8239b64789c16e0baa9e87c78c52c08a676ecb62eba,ospf_ecmp,stochastic_routing_replicate,qos_only,,0,medium_load,ospf_ecmp,515636025,77016,192,150,0,42,0.78125,0.0,5.0,5.406666666666666,10.0,1.1972222222222222,12,33,13.680602144031006,0.18337242526907685,0.027530864197530862,0.7556129832468624,0.0,0.37159192659192664,0.06205366764365139,0.0,0.7526881720430108,0.7936507936507936,0.8333333333333334,33,0,185,0.1783783783783784,33,185,0,0.1783783783783784
1,ICC-AVOIDABLE-SWITCH-CLASSICAL-BASELINES-FORMAL-v1,classical_independent_gate_descriptive,80c657cb44bdb7ed3ba89fee0e67335da2f7a22236d9ae429265b8f0a7fc03c3,df7cf104d30360df898ef8239b64789c16e0baa9e87c78c52c08a676ecb62eba,ospf_ecmp,stochastic_routing_replicate,qos_only,,0,medium_load,ospf_ecmp,515636025,77017,192,142,3,47,0.7395833333333334,0.015625,4.733333333333333,6.007042253521127,11.949999999999989,1.3388888888888888,11,40,10.673145973536714,0.20225280715694485,0.03083333333333333,0.7355864572750787,0.0,0.3381181890005419,0.059696319816465955,0.007008547008547008,0.7222222222222222,0.6724137931034483,0.8636363636363636,40,0,202,0.19801980198019803,40,202,0,0.19801980198019803
1,ICC-AVOIDABLE-SWITCH-CLASSICAL-BASELINES-FORMAL-v1,classical_independent_gate_descriptive,80c657cb44bdb7ed3ba89fee0e67335da2f7a22236d9ae429265b8f0a7fc03c3,df7cf104d30360df898ef8239b64789c16e0baa9e87c78c52c08a676ecb62eba,ospf_ecmp,stochastic_routing_replicate,qos_only,,0,medium_load,ospf_ecmp,515636025,77018,192,143,4,45,0.7447916666666666,0.020833333333333332,4.766666666666667,5.7622377622377625,11.0,1.2902777777777779,15,39,10.905748441032909,0.19688142008415938,0.029691358024691354,0.7326008858924038,0.0,0.3414145576645577,0.05946812738772707,0.009731379731379731,0.7058823529411765,0.7931034482758621,0.78125,38,1,207,0.18357487922705315,38,207,1,0.18357487922705315
1,ICC-AVOIDABLE-SWITCH-CLASSICAL-BASELINES-FORMAL-v1,classical_independent_gate_descriptive,80c657cb44bdb7ed3ba89fee0e67335da2f7a22236d9ae429265b8f0a7fc03c3,df7cf104d30360df898ef8239b64789c16e0baa9e87c78c52c08a676ecb62eba,ospf_ecmp,stochastic_routing_replicate,qos_only,,0,medium_load,ospf_ecmp,515636025,77019,192,144,5,43,0.75,0.026041666666666668,4.8,6.506944444444445,12.0,1.4319444444444445,11,38,10.321157740797899,0.21607260482291754,0.032777777777777774,0.732452068608154,0.0,0.34338405875170586,0.05973339109608622,0.010608076563958917,0.7894736842105263,0.7213114754098361,0.6944444444444444,38,0,211,0.18009478672985782,38,211,0,0.18009478672985782
1,ICC-AVOIDABLE-SWITCH-CLASSICAL-BASELINES-FORMAL-v1,classical_independent_gate_descriptive,80c657cb44bdb7ed3ba89fee0e67335da2f7a22236d9ae429265b8f0a7fc03c3,df7cf104d30360df898ef8239b64789c16e0baa9e87c78c52c08a676ecb62eba,ospf_ecmp,stochastic_routing_replicate,qos_only,,0,medium_load,ospf_ecmp,515636025,77020,192,142,5,45,0.7395833333333334,0.026041666666666668,4.733333333333333,6.0,11.0,1.3388888888888888,12,43,10.571229703812778,0.19146814274064433,0.030771604938271604,0.7357538976443307,0.0,0.33724653886418593,0.05991348845662162,0.013233294483294486,0.7575757575757576,0.6842105263157895,0.7777777777777778,43,0,194,0.22164948453608246,43,194,0,0.22164948453608246
1,ICC-AVOIDABLE-SWITCH-CLASSICAL-BASELINES-FORMAL-v1,classical_independent_gate_descriptive,80c657cb44bdb7ed3ba89fee0e67335da2f7a22236d9ae429265b8f0a7fc03c3,df7cf104d30360df898ef8239b64789c16e0baa9e87c78c52c08a676ecb62eba,global_dijkstra,deterministic_workload_reference,qos_only,,0,medium_load,global_dijkstra,-1,77011,192,145,4,43,0.7552083333333334,0.020833333333333332,4.833333333333333,6.310344827586207,12.0,1.3666666666666667,10,38,10.085625979423153,0.20771067336858012,0.031327160493827166,0.7409711510821617,0.0,0.3327981577246284,0.057800066707009365,0.00837962962962963,0.7608695652173914,0.7058823529411765,0.84375,37,1,206,0.1796116504854369,37,206,1,0.1796116504854369
1,ICC-AVOIDABLE-SWITCH-CLASSICAL-BASELINES-FORMAL-v1,classical_independent_gate_descriptive,80c657cb44bdb7ed3ba89fee0e67335da2f7a22236d9ae429265b8f0a7fc03c3,df7cf104d30360df898ef8239b64789c16e0baa9e87c78c52c08a676ecb62eba,global_dijkstra,deterministic_workload_reference,qos_only,,0,medium_load,global_dijkstra,-1,77012,192,141,2,49,0.734375,0.010416666666666666,4.7,6.3546099290780145,13.0,1.4055555555555554,12,47,10.378781192381476,0.21416404555044183,0.03237654320987655,0.7642828197921477,0.0,0.33862382987382994,0.05962815738810597,0.004415954415954416,0.7333333333333333,0.7115384615384616,0.76,47,0,229,0.2052401746724891,47,229,0,0.2052401746724891
1,ICC-AVOIDABLE-SWITCH-CLASSICAL-BASELINES-FORMAL-v1,classical_independent_gate_descriptive,80c657cb44bdb7ed3ba89fee0e67335da2f7a22236d9ae429265b8f0a7fc03c3,df7cf104d30360df898ef8239b64789c16e0baa9e87c78c52c08a676ecb62eba,global_dijkstra,deterministic_workload_reference,qos_only,,0,medium_load,global_dijkstra,-1,77013,192,145,3,44,0.7552083333333334,0.015625,4.833333333333333,6.379310344827586,12.0,1.375,11,28,12.030810688706168,0.1951015987871089,0.03154320987654321,0.7478113884758651,0.0,0.358323424941072,0.06216807103627586,0.007142857142857143,0.7777777777777778,0.6326530612244898,0.8409090909090909,28,0,187,0.1497326203208556,28,187,0,0.1497326203208556
1,ICC-AVOIDABLE-SWITCH-CLASSICAL-BASELINES-FORMAL-v1,classical_independent_gate_descriptive,80c657cb44bdb7ed3ba89fee0e67335da2f7a22236d9ae429265b8f0a7fc03c3,df7cf104d30360df898ef8239b64789c16e0baa9e87c78c52c08a676ecb62eba,global_dijkstra,deterministic_workload_reference,qos_only,,0,medium_load,global_dijkstra,-1,77014,192,137,3,52,0.7135416666666666,0.015625,4.566666666666666,6.357664233576642,12.0,1.413888888888889,10,45,9.532328390613728,0.19882317523266238,0.03265432098765432,0.7452704646093304,0.0,0.3176469690440279,0.05821077956428296,0.006127450980392158,0.7216494845360825,0.6909090909090909,0.725,45,0,218,0.20642201834862386,45,218,0,0.20642201834862386
1,ICC-AVOIDABLE-SWITCH-CLASSICAL-BASELINES-FORMAL-v1,classical_independent_gate_descriptive,80c657cb44bdb7ed3ba89fee0e67335da2f7a22236d9ae429265b8f0a7fc03c3,df7cf104d30360df898ef8239b64789c16e0baa9e87c78c52c08a676ecb62eba,global_dijkstra,deterministic_workload_reference,qos_only,,0,medium_load,global_dijkstra,-1,77015,192,147,4,41,0.765625,0.020833333333333332,4.9,6.299319727891157,12.0,1.3777777777777778,11,45,11.145222455261425,0.2018515789513384,0.031512345679012344,0.7512439403938769,0.0,0.3503694997812646,0.05966813774291027,0.01053946053946054,0.7333333333333333,0.7192982456140351,0.8888888888888888,44,1,207,0.21256038647342995,44,207,1,0.21256038647342995
1,ICC-AVOIDABLE-SWITCH-CLASSICAL-BASELINES-FORMAL-v1,classical_independent_gate_descriptive,80c657cb44bdb7ed3ba89fee0e67335da2f7a22236d9ae429265b8f0a7fc03c3,df7cf104d30360df898ef8239b64789c16e0baa9e87c78c52c08a676ecb62eba,global_dijkstra,deterministic_workload_reference,qos_only,,0,medium_load,global_dijkstra,-1,77016,192,148,0,44,0.7708333333333334,0.0,4.933333333333334,5.425675675675675,10.0,1.2027777777777777,12,33,13.480481187701978,0.18340090285670885,0.027716049382716046,0.7577747426790721,0.0,0.36847171347171354,0.06242837389238883,0.0,0.7526881720430108,0.7619047619047619,0.8333333333333334,33,0,185,0.1783783783783784,33,185,0,0.1783783783783784
1,ICC-AVOIDABLE-SWITCH-CLASSICAL-BASELINES-FORMAL-v1,classical_independent_gate_descriptive,80c657cb44bdb7ed3ba89fee0e67335da2f7a22236d9ae429265b8f0a7fc03c3,df7cf104d30360df898ef8239b64789c16e0baa9e87c78c52c08a676ecb62eba,global_dijkstra,deterministic_workload_reference,qos_only,,0,medium_load,global_dijkstra,-1,77017,192,142,3,47,0.7395833333333334,0.015625,4.733333333333333,6.007042253521127,11.949999999999989,1.3388888888888888,11,40,10.603914815614532,0.20224621212983593,0.03083333333333333,0.7355475210407948,0.0,0.33694935783171076,0.05950163558594425,0.007008547008547008,0.7222222222222222,0.6724137931034483,0.8636363636363636,40,0,202,0.19801980198019803,40,202,0,0.19801980198019803
1,ICC-AVOIDABLE-SWITCH-CLASSICAL-BASELINES-FORMAL-v1,classical_independent_gate_descriptive,80c657cb44bdb7ed3ba89fee0e67335da2f7a22236d9ae429265b8f0a7fc03c3,df7cf104d30360df898ef8239b64789c16e0baa9e87c78c52c08a676ecb62eba,global_dijkstra,deterministic_workload_reference,qos_only,,0,medium_load,global_dijkstra,-1,77018,192,142,4,46,0.7395833333333334,0.020833333333333332,4.733333333333333,5.788732394366197,11.0,1.2916666666666667,15,39,10.695258801558284,0.19872799626361534,0.029753086419753084,0.732522458813507,0.0,0.33885045510045514,0.05946812738772707,0.009731379731379731,0.7058823529411765,0.7758620689655172,0.78125,38,1,208,0.18269230769230768,38,208,1,0.18269230769230768
1,ICC-AVOIDABLE-SWITCH-CLASSICAL-BASELINES-FORMAL-v1,classical_independent_gate_descriptive,80c657cb44bdb7ed3ba89fee0e67335da2f7a22236d9ae429265b8f0a7fc03c3,df7cf104d30360df898ef8239b64789c16e0baa9e87c78c52c08a676ecb62eba,global_dijkstra,deterministic_workload_reference,qos_only,,0,medium_load,global_dijkstra,-1,77019,192,144,5,43,0.75,0.026041666666666668,4.8,6.527777777777778,12.0,1.4361111111111111,11,38,10.302005753420216,0.21398126970585676,0.03287037037037037,0.7326618986546679,0.0,0.34206465103523936,0.059692012942669175,0.010608076563958917,0.7894736842105263,0.7213114754098361,0.6944444444444444,38,0,211,0.18009478672985782,38,211,0,0.18009478672985782
1,ICC-AVOIDABLE-SWITCH-CLASSICAL-BASELINES-FORMAL-v1,classical_independent_gate_descriptive,80c657cb44bdb7ed3ba89fee0e67335da2f7a22236d9ae429265b8f0a7fc03c3,df7cf104d30360df898ef8239b64789c16e0baa9e87c78c52c08a676ecb62eba,global_dijkstra,deterministic_workload_reference,qos_only,,0,medium_load,global_dijkstra,-1,77020,192,143,5,44,0.7447916666666666,0.026041666666666668,4.766666666666667,5.951048951048951,10.900000000000006,1.3305555555555555,12,47,10.6005185856274,0.19094828138409656,0.030555555555555555,0.7340888734469757,0.0,0.337060902060902,0.05965945424026232,0.013001813001813,0.7676767676767676,0.6842105263157895,0.7777777777777778,47,0,195,0.24102564102564103,47,195,0,0.24102564102564103
1,ICC-AVOIDABLE-SWITCH-CLASSICAL-BASELINES-FORMAL-v1,classical_independent_gate_descriptive,80c657cb44bdb7ed3ba89fee0e67335da2f7a22236d9ae429265b8f0a7fc03c3,df7cf104d30360df898ef8239b64789c16e0baa9e87c78c52c08a676ecb62eba,q_routing,independently_trained_model,qos_only,c605a570a7affc9dd85cbfe01f512a3e9e96d752e747396284c9d755bb241a28,0,hotspot_high_load,q_routing,179055553,77011,500,158,79,263,0.316,0.158,5.266666666666667,10.417721518987342,21.0,6.665277777777778,30,182,-6.827171871557058,0.27411065785151284,0.15561728395061727,0.5898641411254417,0.0,0.23078064066622417,0.03708534874831847,0.11391712152581716,0.3373493975903614,0.22435897435897437,0.4105263157894737,180,2,453,0.3973509933774834,180,453,2,0.3973509933774834
1,ICC-AVOIDABLE-SWITCH-CLASSICAL-BASELINES-FORMAL-v1,classical_independent_gate_descriptive,80c657cb44bdb7ed3ba89fee0e67335da2f7a22236d9ae429265b8f0a7fc03c3,df7cf104d30360df898ef8239b64789c16e0baa9e87c78c52c08a676ecb62eba,q_routing,independently_trained_model,qos_only,c605a570a7affc9dd85cbfe01f512a3e9e96d752e747396284c9d755bb241a28,0,hotspot_high_load,q_routing,179055553,77012,500,149,88,263,0.298,0.176,4.966666666666667,11.416107382550335,22.0,6.748611111111111,28,189,-8.826693985608996,0.2840794746842793,0.15746913580246913,0.5835258421626819,0.0,0.21458184327749547,0.036619288094479154,0.12565876152832672,0.34156378600823045,0.22023809523809523,0.3258426966292135,186,3,454,0.40969162995594716,186,454,3,0.40969162995594716
1,ICC-AVOIDABLE-SWITCH-CLASSICAL-BASELINES-FORMAL-v1,classical_independent_gate_descriptive,80c657cb44bdb7ed3ba89fee0e67335da2f7a22236d9ae429265b8f0a7fc03c3,df7cf104d30360df898ef8239b64789c16e0baa9e87c78c52c08a676ecb62eba,q_routing,independently_trained_model,qos_only,c605a570a7affc9dd85cbfe01f512a3e9e96d752e747396284c9d755bb241a28,0,hotspot_high_load,q_routing,179055553,77013,500,161,87,252,0.322,0.174,5.366666666666666,10.540372670807454,20.0,6.55,27,173,-7.257009957384845,0.27963100448143596,0.15271604938271605,0.583870497984485,0.0,0.2339459815546772,0.03674743352945621,0.1229633289415898,0.4009009009009009,0.21739130434782608,0.3162393162393162,170,3,456,0.37280701754385964,170,456,3,0.37280701754385964
1,ICC-AVOIDABLE-SWITCH-CLASSICAL-BASELINES-FORMAL-v1,classical_independent_gate_descriptive,80c657cb44bdb7ed3ba89fee0e67335da2f7a22236d9ae429265b8f0a7fc03c3,df7cf104d30360df898ef8239b64789c16e0baa9e87c78c52c08a676ecb62eba,q_routing,independently_trained_model,qos_only,c605a570a7affc9dd85cbfe01f512a3e9e96d752e747396284c9d755bb241a28,0,hotspot_high_load,q_routing,179055553,77014,500,158,76,266,0.316,0.152,5.266666666666667,10.430379746835444,21.150000000000006,6.729166666666667,31,179,-6.145986950711789,0.2578232489116559,0.15712962962962962,0.573112206593182,0.0,0.22863589309241486,0.03666994358998956,0.10881642512077296,0.3745019920318725,0.2108843537414966,0.3235294117647059,175,4,458,0.38209606986899564,175,458,4,0.38209606986899564
1,ICC-AVOIDABLE-SWITCH-CLASSICAL-BASELINES-FORMAL-v1,classical_independent_gate_descriptive,80c657cb44bdb7ed3ba89fee0e67335da2f7a22236d9ae429265b8f0a7fc03c3,df7cf104d30360df898ef8239b64789c16e0baa9e87c78c52c08a676ecb62eba,q_routing,independently_trained_model,qos_only,c605a570a7affc9dd85cbfe01f512a3e9e96d752e747396284c9d755bb241a28,0,hotspot_high_load,q_routing,179055553,77015,500,167,63,270,0.334,0.126,5.566666666666666,10.161676646706587,20.0,6.588888888888889,29,185,-4.568125787935829,0.26397608471764117,0.1541358024691358,0.5702839838257422,0.0,0.2377711901624945,0.03636258896513467,0.08993192797540624,0.3719298245614035,0.24812030075187969,0.34146341463414637,177,8,438,0.4041095890410959,177,438,8,0.4041095890410959
1,ICC-AVOIDABLE-SWITCH-CLASSICAL-BASELINES-FORMAL-v1,classical_independent_gate_descriptive,80c657cb44bdb7ed3ba89fee0e67335da2f7a22236d9ae429265b8f0a7fc03c3,df7cf104d30360df898ef8239b64789c16e0baa9e87c78c52c08a676ecb62eba,q_routing,independently_trained_model,qos_only,c605a570a7affc9dd85cbfe01f512a3e9e96d752e747396284c9d755bb241a28,0,hotspot_high_load,q_routing,179055553,77016,500,158,79,263,0.316,0.158,5.266666666666667,10.80379746835443,22.0,6.7652777777777775,31,192,-6.730865995969366,0.26855988329253605,0.1578395061728395,0.5888666001133449,0.0,0.2294579333709769,0.036894120601681395,0.11293525315264444,0.3937007874015748,0.2127659574468085,0.26666666666666666,188,4,462,0.4069264069264069,188,462,4,0.4069264069264069
1,ICC-AVOIDABLE-SWITCH-CLASSICAL-BASELINES-FORMAL-v1,classical_independent_gate_descriptive,80c657cb44bdb7ed3ba89fee0e67335da2f7a22236d9ae429265b8f0a7fc03c3,df7cf104d30360df898ef8239b64789c16e0baa9e87c78c52c08a676ecb62eba,q_routing,independently_trained_model,qos_only,c605a570a7affc9dd85cbfe01f512a3e9e96d752e747396284c9d755bb241a28,0,hotspot_high_load,q_routing,179055553,77017,500,157,77,266,0.314,0.154,5.233333333333333,10.821656050955413,21.19999999999999,6.801388888888889,30,200,-6.537439794153665,0.26467925302501427,0.15873456790123455,0.5737066777395269,0.0,0.2284675952067257,0.03688867105645602,0.11106170399648659,0.3779527559055118,0.21678321678321677,0.2912621359223301,194,6,459,0.4226579520697168,194,459,6,0.4226579520697168
1,ICC-AVOIDABLE-SWITCH-CLASSICAL-BASELINES-FORMAL-v1,classical_independent_gate_descriptive,80c657cb44bdb7ed3ba89fee0e67335da2f7a22236d9ae429265b8f0a7fc03c3,df7cf104d30360df898ef8239b64789c16e0baa9e87c78c52c08a676ecb62eba,q_routing,independently_trained_model,qos_only,c605a570a7affc9dd85cbfe01f512a3e9e96d752e747396284c9d755bb241a28,0,hotspot_high_load,q_routing,179055553,77018,500,164,71,265,0.328,0.142,5.466666666666667,10.158536585365853,20.0,6.529166666666667,27,190,-5.53987960133905,0.2728524768578308,0.1526543209876543,0.5745599675623217,0.0,0.23624741200828164,0.036385904686059,0.10054347826086957,0.3603238866396761,0.26666666666666666,0.33980582524271846,185,5,463,0.39956803455723544,185,463,5,0.39956803455723544
1,ICC-AVOIDABLE-SWITCH-CLASSICAL-BASELINES-FORMAL-v1,classical_independent_gate_descriptive,80c657cb44bdb7ed3ba89fee0e67335da2f7a22236d9ae429265b8f0a7fc03c3,df7cf104d30360df898ef8239b64789c16e0baa9e87c78c52c08a676ecb62eba,q_routing,independently_trained_model,qos_only,c605a570a7affc9dd85cbfe01f512a3e9e96d752e747396284c9d755bb241a28,0,hotspot_high_load,q_routing,179055553,77019,500,156,75,269,0.312,0.15,5.2,10.743589743589743,19.25,6.726388888888889,29,189,-6.650266646919662,0.27148833112137766,0.15716049382716052,0.5916152493097245,0.0,0.2258683104335278,0.036720449840717075,0.10668093983311375,0.3582089552238806,0.21481481481481482,0.31958762886597936,184,5,453,0.40618101545253865,184,453,5,0.40618101545253865
1,ICC-AVOIDABLE-SWITCH-CLASSICAL-BASELINES-FORMAL-v1,classical_independent_gate_descriptive,80c657cb44bdb7ed3ba89fee0e67335da2f7a22236d9ae429265b8f0a7fc03c3,df7cf104d30360df898ef8239b64789c16e0baa9e87c78c52c08a676ecb62eba,q_routing,independently_trained_model,qos_only,c605a570a7affc9dd85cbfe01f512a3e9e96d752e747396284c9d755bb241a28,0,hotspot_high_load,q_routing,179055553,77020,500,162,78,260,0.324,0.156,5.4,10.154320987654321,20.0,6.511111111111111,28,188,-6.159234459027809,0.2673897257650546,0.15209876543209877,0.5947372991037972,0.0,0.2355124223602484,0.03687362462698311,0.11205141476880609,0.3941908713692946,0.19858156028368795,0.3305084745762712,182,6,471,0.386411889596603,182,471,6,0.386411889596603
1,ICC-AVOIDABLE-SWITCH-CLASSICAL-BASELINES-FORMAL-v1,classical_independent_gate_descriptive,80c657cb44bdb7ed3ba89fee0e67335da2f7a22236d9ae429265b8f0a7fc03c3,df7cf104d30360df898ef8239b64789c16e0baa9e87c78c52c08a676ecb62eba,q_routing,independently_trained_model,qos_only,bf7dc992d7d53d5101ce5bf5eff3204b115dea70285112534a67abb052c42b87,0,hotspot_high_load,q_routing,626669596,77011,500,163,73,264,0.326,0.146,5.433333333333334,10.533742331288343,20.0,6.641666666666667,30,195,-6.080065112964154,0.2817206645758066,0.15512345679012346,0.585690970623837,0.0,0.23655012861534605,0.03673057377785103,0.10385375494071147,0.3333333333333333,0.25,0.43157894736842106,188,7,451,0.41685144124168516,188,451,7,0.41685144124168516
1,ICC-AVOIDABLE-SWITCH-CLASSICAL-BASELINES-FORMAL-v1,classical_independent_gate_descriptive,80c657cb44bdb7ed3ba89fee0e67335da2f7a22236d9ae429265b8f0a7fc03c3,df7cf104d30360df898ef8239b64789c16e0baa9e87c78c52c08a676ecb62eba,q_routing,independently_trained_model,qos_only,bf7dc992d7d53d5101ce5bf5eff3204b115dea70285112534a67abb052c42b87,0,hotspot_high_load,q_routing,626669596,77012,500,149,89,262,0.298,0.178,4.966666666666667,11.409395973154362,20.599999999999994,6.7652777777777775,28,192,-9.013848995886578,0.2885873166835907,0.15780864197530864,0.5769890163049314,0.0,0.21470026350461133,0.03661922470092316,0.12683355292050943,0.345679012345679,0.2261904761904762,0.30337078651685395,189,3,450,0.42,189,450,3,0.42
1,ICC-AVOIDABLE-SWITCH-CLASSICAL-BASELINES-FORMAL-v1,classical_independent_gate_descriptive,80c657cb44bdb7ed3ba89fee0e67335da2f7a22236d9ae429265b8f0a7fc03c3,df7cf104d30360df898ef8239b64789c16e0baa9e87c78c52c08a676ecb62eba,q_routing,independently_trained_model,qos_only,bf7dc992d7d53d5101ce5bf5eff3204b115dea70285112534a67abb052c42b87,0,hotspot_high_load,q_routing,626669596,77013,500,161,87,252,0.322,0.174,5.366666666666666,10.68944099378882,20.0,6.615277777777778,26,177,-7.233089622744741,0.27853326935256667,0.15416666666666665,0.584599956107798,0.0,0.23404856013551667,0.03682468555963339,0.12259552042160739,0.40540540540540543,0.21739130434782608,0.3076923076923077,170,7,449,0.37861915367483295,170,449,7,0.37861915367483295
1,ICC-AVOIDABLE-SWITCH-CLASSICAL-BASELINES-FORMAL-v1,classical_independent_gate_descriptive,80c657cb44bdb7ed3ba89fee0e67335da2f7a22236d9ae429265b8f0a7fc03c3,df7cf104d30360df898ef8239b64789c16e0baa9e87c78c52c08a676ecb62eba,q_routing,independently_trained_model,qos_only,bf7dc992d7d53d5101ce5bf5eff3204b115dea70285112534a67abb052c42b87,0,hotspot_high_load,q_routing,626669596,77014,500,160,73,267,0.32,0.146,5.333333333333333,10.775,22.0,6.776388888888889,30,192,-6.154782022039905,0.26905719911780596,0.1582098765432099,0.5658805963588371,0.0,0.23002086078173034,0.036445279664322316,0.10467171717171717,0.3745019920318725,0.22448979591836735,0.3235294117647059,185,7,450,0.4111111111111111,185,450,7,0.4111111111111111
1,ICC-AVOIDABLE-SWITCH-CLASSICAL-BASELINES-FORMAL-v1,classical_independent_gate_descriptive,80c657cb44bdb7ed3ba89fee0e67335da2f7a22236d9ae429265b8f0a7fc03c3,df7cf104d30360df898ef8239b64789c16e0baa9e87c78c52c08a676ecb62eba,q_routing,independently_trained_model,qos_only,bf7dc992d7d53d5101ce5bf5eff3204b115dea70285112534a67abb052c42b87,0,hotspot_high_load,q_routing,626669596,77015,500,165,65,270,0.33,0.13,5.5,9.963636363636363,20.0,6.533333333333333,29,185,-4.781103964824144,0.26113919758983767,0.15290123456790122,0.5647487083207056,0.0,0.23495388669301714,0.03616015917689288,0.09286341677646023,0.37543859649122807,0.24060150375939848,0.3170731707317073,176,9,431,0.40835266821345706,176,431,9,0.40835266821345706
1,ICC-AVOIDABLE-SWITCH-CLASSICAL-BASELINES-FORMAL-v1,classical_independent_gate_descriptive,80c657cb44bdb7ed3ba89fee0e67335da2f7a22236d9ae429265b8f0a7fc03c3,df7cf104d30360df898ef8239b64789c16e0baa9e87c78c52c08a676ecb62eba,q_routing,independently_trained_model,qos_only,bf7dc992d7d53d5101ce5bf5eff3204b115dea70285112534a67abb052c42b87,0,hotspot_high_load,q_routing,626669596,77016,500,154,82,264,0.308,0.164,5.133333333333334,10.785714285714286,21.349999999999994,6.752777777777778,29,216,-7.204460870051191,0.26576585617775417,0.1575925925925926,0.5801135360509558,0.0,0.22448193111236592,0.03694425425854196,0.11778342430516343,0.39763779527559057,0.19148936170212766,0.24761904761904763,207,9,452,0.4579646017699115,207,452,9,0.4579646017699115
1,ICC-AVOIDABLE-SWITCH-CLASSICAL-BASELINES-FORMAL-v1,classical_independent_gate_descriptive,80c657cb44bdb7ed3ba89fee0e67335da2f7a22236d9ae429265b8f0a7fc03c3,df7cf104d30360df898ef8239b64789c16e0baa9e87c78c52c08a676ecb62eba,q_routing,independently_trained_model,qos_only,bf7dc992d7d53d5101ce5bf5eff3204b115dea70285112534a67abb052c42b87,0,hotspot_high_load,q_routing,626669596,77017,500,153,81,266,0.306,0.162,5.1,11.326797385620916,23.0,6.888888888888889,31,205,-7.410437605761945,0.26934439531261295,0.160679012345679,0.5768064473706881,0.0,0.22359323044105653,0.03707457454496715,0.11746267018006148,0.37401574803149606,0.1888111888111888,0.30097087378640774,198,7,458,0.43231441048034935,198,458,7,0.43231441048034935
1,ICC-AVOIDABLE-SWITCH-CLASSICAL-BASELINES-FORMAL-v1,classical_independent_gate_descriptive,80c657cb44bdb7ed3ba89fee0e67335da2f7a22236d9ae429265b8f0a7fc03c3,df7cf104d30360df898ef8239b64789c16e0baa9e87c78c52c08a676ecb62eba,q_routing,independently_trained_model,qos_only,bf7dc992d7d53d5101ce5bf5eff3204b115dea70285112534a67abb052c42b87,0,hotspot_high_load,q_routing,626669596,77018,500,159,71,270,0.318,0.142,5.3,10.062893081761006,21.19999999999999,6.581944444444445,30,180,-5.9397643055605265,0.2746666525031444,0.15398148148148147,0.5754329478534417,0.0,0.23071966807664746,0.03674028357725745,0.10018115942028986,0.3522267206477733,0.26,0.32038834951456313,170,10,447,0.38031319910514544,170,447,10,0.38031319910514544
1,ICC-AVOIDABLE-SWITCH-CLASSICAL-BASELINES-FORMAL-v1,classical_independent_gate_descriptive,80c657cb44bdb7ed3ba89fee0e67335da2f7a22236d9ae429265b8f0a7fc03c3,df7cf104d30360df898ef8239b64789c16e0baa9e87c78c52c08a676ecb62eba,q_routing,independently_trained_model,qos_only,bf7dc992d7d53d5101ce5bf5eff3204b115dea70285112534a67abb052c42b87,0,hotspot_high_load,q_routing,626669596,77019,500,152,76,272,0.304,0.152,5.066666666666666,10.513157894736842,19.44999999999999,6.680555555555555,29,188,-6.715915475928822,0.2601759456283105,0.15623456790123455,0.5876829527730509,0.0,0.21936853002070394,0.03660230525387628,0.10750439174352217,0.3582089552238806,0.1925925925925926,0.30927835051546393,182,6,457,0.3982494529540481,182,457,6,0.3982494529540481
1,ICC-AVOIDABLE-SWITCH-CLASSICAL-BASELINES-FORMAL-v1,classical_independent_gate_descriptive,80c657cb44bdb7ed3ba89fee0e67335da2f7a22236d9ae429265b8f0a7fc03c3,df7cf104d30360df898ef8239b64789c16e0baa9e87c78c52c08a676ecb62eba,q_routing,independently_trained_model,qos_only,bf7dc992d7d53d5101ce5bf5eff3204b115dea70285112534a67abb052c42b87,0,hotspot_high_load,q_routing,626669596,77020,500,163,79,258,0.326,0.158,5.433333333333334,10.085889570552148,20.0,6.477777777777778,26,195,-5.709197917685213,0.25385273143843307,0.1512962962962963,0.5891237102392879,0.0,0.23685990338164248,0.03676174928492058,0.11327404479578393,0.4066390041493776,0.18439716312056736,0.3305084745762712,189,6,473,0.39957716701902746,189,473,6,0.39957716701902746
1,ICC-AVOIDABLE-SWITCH-CLASSICAL-BASELINES-FORMAL-v1,classical_independent_gate_descriptive,80c657cb44bdb7ed3ba89fee0e67335da2f7a22236d9ae429265b8f0a7fc03c3,df7cf104d30360df898ef8239b64789c16e0baa9e87c78c52c08a676ecb62eba,q_routing,independently_trained_model,qos_only,fc41a39fb3df20dabefa49deb7826056a39b8e6d231d8f2bc4bf07a0bf25a50a,0,hotspot_high_load,q_routing,746965870,77011,500,162,72,266,0.324,0.144,5.4,10.481481481481481,20.0,6.6819444444444445,33,195,-6.022215942014583,0.2809832006818796,0.15608024691358022,0.5868511175898011,0.0,0.23704796411318146,0.03694375654246819,0.10330478700043917,0.3253012048192771,0.25,0.4421052631578947,191,4,450,0.42444444444444446,191,450,4,0.42444444444444446
1,ICC-AVOIDABLE-SWITCH-CLASSICAL-BASELINES-FORMAL-v1,classical_independent_gate_descriptive,80c657cb44bdb7ed3ba89fee0e67335da2f7a22236d9ae429265b8f0a7fc03c3,df7cf104d30360df898ef8239b64789c16e0baa9e87c78c52c08a676ecb62eba,q_routing,independently_trained_model,qos_only,fc41a39fb3df20dabefa49deb7826056a39b8e6d231d8f2bc4bf07a0bf25a50a,0,hotspot_high_load,q_routing,746965870,77012,500,147,92,261,0.294,0.184,4.9,11.326530612244898,20.0,6.745833333333334,29,191,-9.294831726644848,0.2823399103018067,0.15734567901234567,0.5799601062788621,0.0,0.21034145805884932,0.036372187995363035,0.1303304787000439,0.3497942386831276,0.20833333333333334,0.30337078651685395,188,3,458,0.4104803493449782,188,458,3,0.4104803493449782
1,ICC-AVOIDABLE-SWITCH-CLASSICAL-BASELINES-FORMAL-v1,classical_independent_gate_descriptive,80c657cb44bdb7ed3ba89fee0e67335da2f7a22236d9ae429265b8f0a7fc03c3,df7cf104d30360df898ef8239b64789c16e0baa9e87c78c52c08a676ecb62eba,q_routing,independently_trained_model,qos_only,fc41a39fb3df20dabefa49deb7826056a39b8e6d231d8f2bc4bf07a0bf25a50a,0,hotspot_high_load,q_routing,746965870,77013,500,159,89,252,0.318,0.178,5.3,10.672955974842766,21.0,6.565277777777778,27,178,-7.531313921929317,0.27942443788746746,0.15305555555555556,0.5830605667994148,0.0,0.23184453227931492,0.03690553598790015,0.1254336846728151,0.40540540540540543,0.20496894409937888,0.3076923076923077,173,5,445,0.3887640449438202,173,445,5,0.3887640449438202
1,ICC-AVOIDABLE-SWITCH-CLASSICAL-BASELINES-FORMAL-v1,classical_independent_gate_descriptive,80c657cb44bdb7ed3ba89fee0e67335da2f7a22236d9ae429265b8f0a7fc03c3,df7cf104d30360df898ef8239b64789c16e0baa9e87c78c52c08a676ecb62eba,q_routing,independently_trained_model,qos_only,fc41a39fb3df20dabefa49deb7826056a39b8e6d231d8f2bc4bf07a0bf25a50a,0,hotspot_high_load,q_routing,746965870,77014,500,162,73,265,0.324,0.146,5.4,10.574074074074074,21.94999999999999,6.738888888888889,30,183,-5.786714323812636,0.2650476087307846,0.1573148148148148,0.57201531399953,0.0,0.23352876592007027,0.036564156491097594,0.10409530083443126,0.3784860557768924,0.22448979591836735,0.3333333333333333,176,7,454,0.3876651982378855,176,454,7,0.3876651982378855
1,ICC-AVOIDABLE-SWITCH-CLASSICAL-BASELINES-FORMAL-v1,classical_independent_gate_descriptive,80c657cb44bdb7ed3ba89fee0e67335da2f7a22236d9ae429265b8f0a7fc03c3,df7cf104d30360df898ef8239b64789c16e0baa9e87c78c52c08a676ecb62eba,q_routing,independently_trained_model,qos_only,fc41a39fb3df20dabefa49deb7826056a39b8e6d231d8f2bc4bf07a0bf25a50a,0,hotspot_high_load,q_routing,746965870,77015,500,169,65,266,0.338,0.13,5.633333333333334,10.171597633136095,21.599999999999994,6.468055555555556,28,189,-4.457580580150338,0.2643103752821127,0.15132716049382716,0.5625263440647493,0.0,0.24108036890645587,0.03614772690795296,0.0927536231884058,0.38596491228070173,0.24060150375939848,0.32926829268292684,182,7,436,0.41743119266055045,182,436,7,0.41743119266055045
1,ICC-AVOIDABLE-SWITCH-CLASSICAL-BASELINES-FORMAL-v1,classical_independent_gate_descriptive,80c657cb44bdb7ed3ba89fee0e67335da2f7a22236d9ae429265b8f0a7fc03c3,df7cf104d30360df898ef8239b64789c16e0baa9e87c78c52c08a676ecb62eba,q_routing,independently_trained_model,qos_only,fc41a39fb3df20dabefa49deb7826056a39b8e6d231d8f2bc4bf07a0bf25a50a,0,hotspot_high_load,q_routing,746965870,77016,500,154,81,265,0.308,0.162,5.133333333333334,10.785714285714286,21.349999999999994,6.772222222222222,31,187,-7.391734480579217,0.2723987559916004,0.15805555555555553,0.5899197855434849,0.0,0.22409629145327084,0.036912723854210586,0.1165286404416839,0.3937007874015748,0.19858156028368795,0.24761904761904763,185,2,465,0.3978494623655914,185,465,2,0.3978494623655914
1,ICC-AVOIDABLE-SWITCH-CLASSICAL-BASELINES-FORMAL-v1,classical_independent_gate_descriptive,80c657cb44bdb7ed3ba89fee0e67335da2f7a22236d9ae429265b8f0a7fc03c3,df7cf104d30360df898ef8239b64789c16e0baa9e87c78c52c08a676ecb62eba,q_routing,independently_trained_model,qos_only,fc41a39fb3df20dabefa49deb7826056a39b8e6d231d8f2bc4bf07a0bf25a50a,0,hotspot_high_load,q_routing,746965870,77017,500,154,78,268,0.308,0.156,5.133333333333334,11.318181818181818,22.0,6.888888888888889,29,193,-7.191652808064245,0.2722122146836268,0.16074074074074074,0.5754067721694177,0.0,0.22435864859777904,0.03705468322230967,0.11319405232448711,0.37401574803149606,0.1958041958041958,0.30097087378640774,187,6,460,0.40652173913043477,187,460,6,0.40652173913043477
1,ICC-AVOIDABLE-SWITCH-CLASSICAL-BASELINES-FORMAL-v1,classical_independent_gate_descriptive,80c657cb44bdb7ed3ba89fee0e67335da2f7a22236d9ae429265b8f0a7fc03c3,df7cf104d30360df898ef8239b64789c16e0baa9e87c78c52c08a676ecb62eba,q_routing,independently_trained_model,qos_only,fc41a39fb3df20dabefa49deb7826056a39b8e6d231d8f2bc4bf07a0bf25a50a,0,hotspot_high_load,q_routing,746965870,77018,500,165,73,262,0.33,0.146,5.5,10.236363636363636,19.799999999999983,6.497222222222222,26,181,-5.371068266211579,0.26712164899050944,0.15185185185185188,0.5685625719980983,0.0,0.23774844720496893,0.03638333003160802,0.10271739130434783,0.38461538461538464,0.24,0.3300970873786408,177,4,458,0.3864628820960699,177,458,4,0.3864628820960699
1,ICC-AVOIDABLE-SWITCH-CLASSICAL-BASELINES-FORMAL-v1,classical_independent_gate_descriptive,80c657cb44bdb7ed3ba89fee0e67335da2f7a22236d9ae429265b8f0a7fc03c3,df7cf104d30360df898ef8239b64789c16e0baa9e87c78c52c08a676ecb62eba,q_routing,independently_trained_model,qos_only,fc41a39fb3df20dabefa49deb7826056a39b8e6d231d8f2bc4bf07a0bf25a50a,0,hotspot_high_load,q_routing,746965870,77019,500,154,75,271,0.308,0.15,5.133333333333334,10.668831168831169,20.0,6.736111111111111,28,189,-6.779231911447226,0.27159029229193987,0.15743827160493826,0.5886274128105533,0.0,0.22372341426689252,0.03666674417657993,0.10667545015371101,0.35447761194029853,0.2222222222222222,0.29896907216494845,183,6,457,0.40043763676148797,183,457,6,0.40043763676148797
1,ICC-AVOIDABLE-SWITCH-CLASSICAL-BASELINES-FORMAL-v1,classical_independent_gate_descriptive,80c657cb44bdb7ed3ba89fee0e67335da2f7a22236d9ae429265b8f0a7fc03c3,df7cf104d30360df898ef8239b64789c16e0baa9e87c78c52c08a676ecb62eba,q_routing,independently_trained_model,qos_only,fc41a39fb3df20dabefa49deb7826056a39b8e6d231d8f2bc4bf07a0bf25a50a,0,hotspot_high_load,q_routing,746965870,77020,500,159,77,264,0.318,0.154,5.3,10.144654088050315,20.0,6.493055555555555,27,205,-6.3465866193391145,0.266783152101714,0.151820987654321,0.59120975239202,0.0,0.23076949620427883,0.036734304153481015,0.11102876592007029,0.3941908713692946,0.19148936170212766,0.3135593220338983,196,9,470,0.41702127659574467,196,470,9,0.41702127659574467
1,ICC-AVOIDABLE-SWITCH-CLASSICAL-BASELINES-FORMAL-v1,classical_independent_gate_descriptive,80c657cb44bdb7ed3ba89fee0e67335da2f7a22236d9ae429265b8f0a7fc03c3,df7cf104d30360df898ef8239b64789c16e0baa9e87c78c52c08a676ecb62eba,q_routing,independently_trained_model,qos_only,6316b9cd5c439009aa831a7290794cc0d2b9d3e8e7ea764217e4f69e1dbeea59,0,hotspot_high_load,q_routing,183895110,77011,500,162,74,264,0.324,0.148,5.4,10.746913580246913,22.0,6.697222222222222,31,189,-6.232839783027763,0.28110327404883273,0.156358024691358,0.5886113820248048,0.0,0.23575098814229248,0.03694244645493669,0.10525911286780852,0.3373493975903614,0.24358974358974358,0.42105263157894735,184,5,452,0.40707964601769914,184,452,5,0.40707964601769914
1,ICC-AVOIDABLE-SWITCH-CLASSICAL-BASELINES-FORMAL-v1,classical_independent_gate_descriptive,80c657cb44bdb7ed3ba89fee0e67335da2f7a22236d9ae429265b8f0a7fc03c3,df7cf104d30360df898ef8239b64789c16e0baa9e87c78c52c08a676ecb62eba,q_routing,independently_trained_model,qos_only,6316b9cd5c439009aa831a7290794cc0d2b9d3e8e7ea764217e4f69e1dbeea59,0,hotspot_high_load,q_routing,183895110,77012,500,150,86,264,0.3,0.172,5.0,11.293333333333333,21.0,6.748611111111111,28,195,-8.84289960325665,0.2919202908505951,0.1575,0.5762820498221676,0.0,0.21407569483656438,0.03635427826781435,0.12186539306104524,0.3374485596707819,0.23214285714285715,0.3258426966292135,190,5,456,0.4166666666666667,190,456,5,0.4166666666666667
1,ICC-AVOIDABLE-SWITCH-CLASSICAL-BASELINES-FORMAL-v1,classical_independent_gate_descriptive,80c657cb44bdb7ed3ba89fee0e67335da2f7a22236d9ae429265b8f0a7fc03c3,df7cf104d30360df898ef8239b64789c16e0baa9e87c78c52c08a676ecb62eba,q_routing,independently_trained_model,qos_only,6316b9cd5c439009aa831a7290794cc0d2b9d3e8e7ea764217e4f69e1dbeea59,0,hotspot_high_load,q_routing,183895110,77013,500,160,87,253,0.32,0.174,5.333333333333333,10.70625,21.0,6.579166666666667,27,188,-7.366580913590123,0.27926913107500606,0.15339506172839504,0.5865319783658021,0.0,0.2320211431080996,0.036667499691039315,0.12264492753623188,0.4009009009009009,0.20496894409937888,0.3247863247863248,183,5,455,0.4021978021978022,183,455,5,0.4021978021978022
1,ICC-AVOIDABLE-SWITCH-CLASSICAL-BASELINES-FORMAL-v1,classical_independent_gate_descriptive,80c657cb44bdb7ed3ba89fee0e67335da2f7a22236d9ae429265b8f0a7fc03c3,df7cf104d30360df898ef8239b64789c16e0baa9e87c78c52c08a676ecb62eba,q_routing,independently_trained_model,qos_only,6316b9cd5c439009aa831a7290794cc0d2b9d3e8e7ea764217e4f69e1dbeea59,0,hotspot_high_load,q_routing,183895110,77014,500,160,75,265,0.32,0.15,5.333333333333333,10.7375,23.0,6.733333333333333,28,192,-6.260775597819037,0.2649687479381878,0.15719135802469136,0.5695146406752352,0.0,0.22920603551038335,0.0364297456037252,0.10789415898111551,0.38645418326693226,0.20408163265306123,0.3235294117647059,181,11,452,0.4004424778761062,181,452,11,0.4004424778761062
1,ICC-AVOIDABLE-SWITCH-CLASSICAL-BASELINES-FORMAL-v1,classical_independent_gate_descriptive,80c657cb44bdb7ed3ba89fee0e67335da2f7a22236d9ae429265b8f0a7fc03c3,df7cf104d30360df898ef8239b64789c16e0baa9e87c78c52c08a676ecb62eba,q_routing,independently_trained_model,qos_only,6316b9cd5c439009aa831a7290794cc0d2b9d3e8e7ea764217e4f69e1dbeea59,0,hotspot_high_load,q_routing,183895110,77015,500,165,65,270,0.33,0.13,5.5,10.030303030303031,21.799999999999983,6.513888888888889,27,170,-4.805492161630019,0.2625534102167299,0.15246913580246912,0.5616945981277358,0.0,0.23404573687182378,0.036062309824535906,0.0919850680720246,0.3719298245614035,0.23308270676691728,0.34146341463414637,165,5,445,0.3707865168539326,165,445,5,0.3707865168539326
1,ICC-AVOIDABLE-SWITCH-CLASSICAL-BASELINES-FORMAL-v1,classical_independent_gate_descriptive,80c657cb44bdb7ed3ba89fee0e67335da2f7a22236d9ae429265b8f0a7fc03c3,df7cf104d30360df898ef8239b64789c16e0baa9e87c78c52c08a676ecb62eba,q_routing,independently_trained_model,qos_only,6316b9cd5c439009aa831a7290794cc0d2b9d3e8e7ea764217e4f69e1dbeea59,0,hotspot_high_load,q_routing,183895110,77016,500,153,83,264,0.306,0.166,5.1,10.777777777777779,22.0,6.770833333333333,31,204,-7.195965991756026,0.2606060206204781,0.15799382716049384,0.5849053074582824,0.0,0.22266719994980866,0.03685043622782532,0.11801163812033376,0.4015748031496063,0.19148936170212766,0.22857142857142856,198,6,461,0.42950108459869846,198,461,6,0.42950108459869846
1,ICC-AVOIDABLE-SWITCH-CLASSICAL-BASELINES-FORMAL-v1,classical_independent_gate_descriptive,80c657cb44bdb7ed3ba89fee0e67335da2f7a22236d9ae429265b8f0a7fc03c3,df7cf104d30360df898ef8239b64789c16e0baa9e87c78c52c08a676ecb62eba,q_routing,independently_trained_model,qos_only,6316b9cd5c439009aa831a7290794cc0d2b9d3e8e7ea764217e4f69e1dbeea59,0,hotspot_high_load,q_routing,183895110,77017,500,153,80,267,0.306,0.16,5.1,11.183006535947712,22.400000000000006,6.888888888888889,30,196,-7.316869014018485,0.27048223050174974,0.16070987654320987,0.5755863501155718,0.0,0.22365785181002576,0.03705086514439017,0.11544874207917684,0.3700787401574803,0.1958041958041958,0.30097087378640774,190,6,463,0.4103671706263499,190,463,6,0.4103671706263499
1,ICC-AVOIDABLE-SWITCH-CLASSICAL-BASELINES-FORMAL-v1,classical_independent_gate_descriptive,80c657cb44bdb7ed3ba89fee0e67335da2f7a22236d9ae429265b8f0a7fc03c3,df7cf104d30360df898ef8239b64789c16e0baa9e87c78c52c08a676ecb62eba,q_routing,independently_trained_model,qos_only,6316b9cd5c439009aa831a7290794cc0d2b9d3e8e7ea764217e4f69e1dbeea59,0,hotspot_high_load,q_routing,183895110,77018,500,165,69,266,0.33,0.138,5.5,10.236363636363636,20.0,6.581944444444445,28,196,-5.395495403614941,0.2783826227975494,0.153858024691358,0.5733393219601645,0.0,0.23865832235397455,0.03655567692686299,0.09735397452788758,0.3562753036437247,0.2733333333333333,0.34951456310679613,189,7,455,0.4153846153846154,189,455,7,0.4153846153846154
1,ICC-AVOIDABLE-SWITCH-CLASSICAL-BASELINES-FORMAL-v1,classical_independent_gate_descriptive,80c657cb44bdb7ed3ba89fee0e67335da2f7a22236d9ae429265b8f0a7fc03c3,df7cf104d30360df898ef8239b64789c16e0baa9e87c78c52c08a676ecb62eba,q_routing,independently_trained_model,qos_only,6316b9cd5c439009aa831a7290794cc0d2b9d3e8e7ea764217e4f69e1dbeea59,0,hotspot_high_load,q_routing,183895110,77019,500,148,76,276,0.296,0.152,4.933333333333334,10.655405405405405,20.0,6.775,30,201,-7.3866762094763,0.26831802733373294,0.1584567901234568,0.5866129259909036,0.0,0.21359574000878348,0.03661363163514992,0.10800395256916998,0.33955223880597013,0.2,0.30927835051546393,192,9,453,0.423841059602649,192,453,9,0.423841059602649
1,ICC-AVOIDABLE-SWITCH-CLASSICAL-BASELINES-FORMAL-v1,classical_independent_gate_descriptive,80c657cb44bdb7ed3ba89fee0e67335da2f7a22236d9ae429265b8f0a7fc03c3,df7cf104d30360df898ef8239b64789c16e0baa9e87c78c52c08a676ecb62eba,q_routing,independently_trained_model,qos_only,6316b9cd5c439009aa831a7290794cc0d2b9d3e8e7ea764217e4f69e1dbeea59,0,hotspot_high_load,q_routing,183895110,77020,500,159,77,264,0.318,0.154,5.3,10.320754716981131,20.099999999999994,6.544444444444444,29,210,-6.500359550642117,0.27084567522331593,0.15296296296296294,0.5902745939689411,0.0,0.23033267457180495,0.03676629852016784,0.11071193299454168,0.3900414937759336,0.19148936170212766,0.3220338983050847,198,12,468,0.4230769230769231,198,468,12,0.4230769230769231
1,ICC-AVOIDABLE-SWITCH-CLASSICAL-BASELINES-FORMAL-v1,classical_independent_gate_descriptive,80c657cb44bdb7ed3ba89fee0e67335da2f7a22236d9ae429265b8f0a7fc03c3,df7cf104d30360df898ef8239b64789c16e0baa9e87c78c52c08a676ecb62eba,q_routing,independently_trained_model,qos_only,6eb6611887e3da6a3feecfcf411e068c745a727ae9afb40babdfcc14000b742f,0,hotspot_high_load,q_routing,310818925,77011,500,158,76,266,0.316,0.152,5.266666666666667,10.582278481012658,20.0,6.697222222222222,31,175,-6.498048632096415,0.27566434303862103,0.1564197530864197,0.5915449980230664,0.0,0.2334149438154015,0.0374695561723392,0.10986495388669301,0.3293172690763052,0.22435897435897437,0.43157894736842106,170,5,448,0.3794642857142857,170,448,5,0.3794642857142857
1,ICC-AVOIDABLE-SWITCH-CLASSICAL-BASELINES-FORMAL-v1,classical_independent_gate_descriptive,80c657cb44bdb7ed3ba89fee0e67335da2f7a22236d9ae429265b8f0a7fc03c3,df7cf104d30360df898ef8239b64789c16e0baa9e87c78c52c08a676ecb62eba,q_routing,independently_trained_model,qos_only,6eb6611887e3da6a3feecfcf411e068c745a727ae9afb40babdfcc14000b742f,0,hotspot_high_load,q_routing,310818925,77012,500,148,89,263,0.296,0.178,4.933333333333334,11.344594594594595,23.0,6.747222222222222,28,187,-9.138810682509027,0.2889956834598741,0.1574382716049383,0.5820869375964459,0.0,0.2136844829464967,0.03669716142459904,0.12758563899868247,0.34156378600823045,0.22023809523809523,0.3146067415730337,181,6,455,0.3978021978021978,181,455,6,0.3978021978021978
1,ICC-AVOIDABLE-SWITCH-CLASSICAL-BASELINES-FORMAL-v1,classical_independent_gate_descriptive,80c657cb44bdb7ed3ba89fee0e67335da2f7a22236d9ae429265b8f0a7fc03c3,df7cf104d30360df898ef8239b64789c16e0baa9e87c78c52c08a676ecb62eba,q_routing,independently_trained_model,qos_only,6eb6611887e3da6a3feecfcf411e068c745a727ae9afb40babdfcc14000b742f,0,hotspot_high_load,q_routing,310818925,77013,500,159,90,251,0.318,0.18,5.3,10.440251572327044,20.099999999999994,6.529166666666667,28,180,-7.343562585641261,0.2693749748347667,0.15222222222222223,0.5852138028221691,0.0,0.23147531212748604,0.03681146718213251,0.1271903820816864,0.4099099099099099,0.19875776397515527,0.3076923076923077,176,4,452,0.3893805309734513,176,452,4,0.3893805309734513
1,ICC-AVOIDABLE-SWITCH-CLASSICAL-BASELINES-FORMAL-v1,classical_independent_gate_descriptive,80c657cb44bdb7ed3ba89fee0e67335da2f7a22236d9ae429265b8f0a7fc03c3,df7cf104d30360df898ef8239b64789c16e0baa9e87c78c52c08a676ecb62eba,q_routing,independently_trained_model,qos_only,6eb6611887e3da6a3feecfcf411e068c745a727ae9afb40babdfcc14000b742f,0,hotspot_high_load,q_routing,310818925,77014,500,160,76,264,0.32,0.152,5.333333333333333,10.7,22.0,6.725,29,176,-6.028135948396409,0.26122023022445756,0.15697530864197531,0.5758400204539225,0.0,0.23128976096367398,0.036739704923973444,0.10772946859903382,0.38247011952191234,0.20408163265306123,0.3333333333333333,171,5,453,0.37748344370860926,171,453,5,0.37748344370860926
1,ICC-AVOIDABLE-SWITCH-CLASSICAL-BASELINES-FORMAL-v1,classical_independent_gate_descriptive,80c657cb44bdb7ed3ba89fee0e67335da2f7a22236d9ae429265b8f0a7fc03c3,df7cf104d30360df898ef8239b64789c16e0baa9e87c78c52c08a676ecb62eba,q_routing,independently_trained_model,qos_only,6eb6611887e3da6a3feecfcf411e068c745a727ae9afb40babdfcc14000b742f,0,hotspot_high_load,q_routing,310818925,77015,500,166,66,268,0.332,0.132,5.533333333333333,10.018072289156626,20.0,6.548611111111111,29,164,-4.766520364833189,0.26378317666057494,0.15317901234567902,0.56953962928966,0.0,0.23822181441746662,0.03641494428506095,0.09420289855072463,0.3719298245614035,0.24060150375939848,0.34146341463414637,162,2,434,0.37327188940092165,162,434,2,0.37327188940092165
1,ICC-AVOIDABLE-SWITCH-CLASSICAL-BASELINES-FORMAL-v1,classical_independent_gate_descriptive,80c657cb44bdb7ed3ba89fee0e67335da2f7a22236d9ae429265b8f0a7fc03c3,df7cf104d30360df898ef8239b64789c16e0baa9e87c78c52c08a676ecb62eba,q_routing,independently_trained_model,qos_only,6eb6611887e3da6a3feecfcf411e068c745a727ae9afb40babdfcc14000b742f,0,hotspot_high_load,q_routing,310818925,77016,500,152,85,263,0.304,0.17,5.066666666666666,10.796052631578947,22.0,6.754166666666666,29,189,-7.634916396475637,0.2666873476462834,0.15759259259259256,0.5875849868009833,0.0,0.22276052449965494,0.03715105727124673,0.12239161804379194,0.40551181102362205,0.19148936170212766,0.20952380952380953,183,6,452,0.40486725663716816,183,452,6,0.40486725663716816
1,ICC-AVOIDABLE-SWITCH-CLASSICAL-BASELINES-FORMAL-v1,classical_independent_gate_descriptive,80c657cb44bdb7ed3ba89fee0e67335da2f7a22236d9ae429265b8f0a7fc03c3,df7cf104d30360df898ef8239b64789c16e0baa9e87c78c52c08a676ecb62eba,q_routing,independently_trained_model,qos_only,6eb6611887e3da6a3feecfcf411e068c745a727ae9afb40babdfcc14000b742f,0,hotspot_high_load,q_routing,310818925,77017,500,155,78,267,0.31,0.156,5.166666666666667,11.245161290322581,21.0,6.858333333333333,28,190,-7.049561993149658,0.27265885221206065,0.16003086419753085,0.579846972729058,0.0,0.22624082439299828,0.03710972844217209,0.11254391743522178,0.37401574803149606,0.20279720279720279,0.30097087378640774,184,6,463,0.39740820734341253,184,463,6,0.39740820734341253
1,ICC-AVOIDABLE-SWITCH-CLASSICAL-BASELINES-FORMAL-v1,classical_independent_gate_descriptive,80c657cb44bdb7ed3ba89fee0e67335da2f7a22236d9ae429265b8f0a7fc03c3,df7cf104d30360df898ef8239b64789c16e0baa9e87c78c52c08a676ecb62eba,q_routing,independently_trained_model,qos_only,6eb6611887e3da6a3feecfcf411e068c745a727ae9afb40babdfcc14000b742f,0,hotspot_high_load,q_routing,310818925,77018,500,166,71,263,0.332,0.142,5.533333333333333,10.198795180722891,20.0,6.520833333333333,28,179,-5.402344156745282,0.27669271649155996,0.1524074074074074,0.5772650669976451,0.0,0.23966356107660453,0.03652996969628798,0.09970355731225296,0.3724696356275304,0.26666666666666666,0.3300970873786408,175,4,458,0.38209606986899564,175,458,4,0.38209606986899564
1,ICC-AVOIDABLE-SWITCH-CLASSICAL-BASELINES-FORMAL-v1,classical_independent_gate_descriptive,80c657cb44bdb7ed3ba89fee0e67335da2f7a22236d9ae429265b8f0a7fc03c3,df7cf104d30360df898ef8239b64789c16e0baa9e87c78c52c08a676ecb62eba,q_routing,independently_trained_model,qos_only,6eb6611887e3da6a3feecfcf411e068c745a727ae9afb40babdfcc14000b742f,0,hotspot_high_load,q_routing,310818925,77019,500,155,73,272,0.31,0.146,5.166666666666667,10.535483870967742,20.599999999999966,6.709722222222222,29,178,-6.4497761805782945,0.2686561969824188,0.1568827160493827,0.5954905946547353,0.0,0.22624725516029864,0.03696569002409363,0.1050395256916996,0.35074626865671643,0.21481481481481482,0.32989690721649484,169,9,449,0.37639198218262804,169,449,9,0.37639198218262804
1,ICC-AVOIDABLE-SWITCH-CLASSICAL-BASELINES-FORMAL-v1,classical_independent_gate_descriptive,80c657cb44bdb7ed3ba89fee0e67335da2f7a22236d9ae429265b8f0a7fc03c3,df7cf104d30360df898ef8239b64789c16e0baa9e87c78c52c08a676ecb62eba,q_routing,independently_trained_model,qos_only,6eb6611887e3da6a3feecfcf411e068c745a727ae9afb40babdfcc14000b742f,0,hotspot_high_load,q_routing,310818925,77020,500,163,76,261,0.326,0.152,5.433333333333334,10.220858895705522,19.900000000000006,6.497222222222222,28,185,-5.759824927226729,0.26149947109088334,0.15182098765432095,0.5928747890538595,0.0,0.23602625635234328,0.03672878478401877,0.10906502917372483,0.3983402489626556,0.19858156028368795,0.3305084745762712,176,9,464,0.3793103448275862,176,464,9,0.3793103448275862
1,ICC-AVOIDABLE-SWITCH-CLASSICAL-BASELINES-FORMAL-v1,classical_independent_gate_descriptive,80c657cb44bdb7ed3ba89fee0e67335da2f7a22236d9ae429265b8f0a7fc03c3,df7cf104d30360df898ef8239b64789c16e0baa9e87c78c52c08a676ecb62eba,q_routing,independently_trained_model,qos_only,7928b8bca1ae9dc22cbe3bea8df71beff1b859c84d4b4547b8b8aa1982659aac,0,hotspot_high_load,q_routing,2136406109,77011,500,159,75,266,0.318,0.15,5.3,10.81132075471698,20.0,6.7444444444444445,31,195,-6.61484301916361,0.28163450906544213,0.1574691358024691,0.5850982633680458,0.0,0.23178368351709316,0.036912825659493366,0.1071256038647343,0.3293172690763052,0.23076923076923078,0.43157894736842106,188,7,450,0.4177777777777778,188,450,7,0.4177777777777778
1,ICC-AVOIDABLE-SWITCH-CLASSICAL-BASELINES-FORMAL-v1,classical_independent_gate_descriptive,80c657cb44bdb7ed3ba89fee0e67335da2f7a22236d9ae429265b8f0a7fc03c3,df7cf104d30360df898ef8239b64789c16e0baa9e87c78c52c08a676ecb62eba,q_routing,independently_trained_model,qos_only,7928b8bca1ae9dc22cbe3bea8df71beff1b859c84d4b4547b8b8aa1982659aac,0,hotspot_high_load,q_routing,2136406109,77012,500,150,86,264,0.3,0.172,5.0,11.113333333333333,20.549999999999983,6.7125,27,180,-8.71059230698306,0.2878793204604364,0.15669753086419752,0.5808721767769497,0.0,0.2157905138339921,0.03661803485843955,0.12347386912604304,0.3374485596707819,0.23214285714285715,0.3258426966292135,178,2,454,0.3920704845814978,178,454,2,0.3920704845814978
1,ICC-AVOIDABLE-SWITCH-CLASSICAL-BASELINES-FORMAL-v1,classical_independent_gate_descriptive,80c657cb44bdb7ed3ba89fee0e67335da2f7a22236d9ae429265b8f0a7fc03c3,df7cf104d30360df898ef8239b64789c16e0baa9e87c78c52c08a676ecb62eba,q_routing,independently_trained_model,qos_only,7928b8bca1ae9dc22cbe3bea8df71beff1b859c84d4b4547b8b8aa1982659aac,0,hotspot_high_load,q_routing,2136406109,77013,500,165,84,251,0.33,0.168,5.5,10.406060606060606,21.0,6.491666666666666,27,184,-6.4983175911519675,0.27459046506389717,0.1513888888888889,0.5862609990392299,0.0,0.23925340360122968,0.03668505374048256,0.11856060606060606,0.4099099099099099,0.21739130434782608,0.3333333333333333,180,4,453,0.3973509933774834,180,453,4,0.3973509933774834
1,ICC-AVOIDABLE-SWITCH-CLASSICAL-BASELINES-FORMAL-v1,classical_independent_gate_descriptive,80c657cb44bdb7ed3ba89fee0e67335da2f7a22236d9ae429265b8f0a7fc03c3,df7cf104d30360df898ef8239b64789c16e0baa9e87c78c52c08a676ecb62eba,q_routing,independently_trained_model,qos_only,7928b8bca1ae9dc22cbe3bea8df71beff1b859c84d4b4547b8b8aa1982659aac,0,hotspot_high_load,q_routing,2136406109,77014,500,159,76,265,0.318,0.152,5.3,10.735849056603774,22.0,6.7875,29,181,-6.4313620274920735,0.2704447524129389,0.15839506172839507,0.5694866731688613,0.0,0.23012516469038208,0.036662787515995346,0.10842665788317961,0.3784860557768924,0.21768707482993196,0.3137254901960784,173,8,451,0.3835920177383592,173,451,8,0.3835920177383592
1,ICC-AVOIDABLE-SWITCH-CLASSICAL-BASELINES-FORMAL-v1,classical_independent_gate_descriptive,80c657cb44bdb7ed3ba89fee0e67335da2f7a22236d9ae429265b8f0a7fc03c3,df7cf104d30360df898ef8239b64789c16e0baa9e87c78c52c08a676ecb62eba,q_routing,independently_trained_model,qos_only,7928b8bca1ae9dc22cbe3bea8df71beff1b859c84d4b4547b8b8aa1982659aac,0,hotspot_high_load,q_routing,2136406109,77015,500,169,65,266,0.338,0.13,5.633333333333334,10.1301775147929,20.599999999999994,6.506944444444445,28,167,-4.511894608783603,0.2610251375956772,0.15219135802469133,0.5690492785591853,0.0,0.23896684233640758,0.03600906453936863,0.09252305665349143,0.3894736842105263,0.24060150375939848,0.3170731707317073,160,7,442,0.36199095022624433,160,442,7,0.36199095022624433
1,ICC-AVOIDABLE-SWITCH-CLASSICAL-BASELINES-FORMAL-v1,classical_independent_gate_descriptive,80c657cb44bdb7ed3ba89fee0e67335da2f7a22236d9ae429265b8f0a7fc03c3,df7cf104d30360df898ef8239b64789c16e0baa9e87c78c52c08a676ecb62eba,q_routing,independently_trained_model,qos_only,7928b8bca1ae9dc22cbe3bea8df71beff1b859c84d4b4547b8b8aa1982659aac,0,hotspot_high_load,q_routing,2136406109,77016,500,156,82,262,0.312,0.164,5.2,10.89102564102564,22.0,6.779166666666667,29,198,-7.11105209691114,0.2681825733950295,0.15811728395061728,0.5855884372229411,0.0,0.22738304093567255,0.03695463924469815,0.11743522178304786,0.40551181102362205,0.20567375886524822,0.22857142857142856,192,6,460,0.41739130434782606,192,460,6,0.41739130434782606
1,ICC-AVOIDABLE-SWITCH-CLASSICAL-BASELINES-FORMAL-v1,classical_independent_gate_descriptive,80c657cb44bdb7ed3ba89fee0e67335da2f7a22236d9ae429265b8f0a7fc03c3,df7cf104d30360df898ef8239b64789c16e0baa9e87c78c52c08a676ecb62eba,q_routing,independently_trained_model,qos_only,7928b8bca1ae9dc22cbe3bea8df71beff1b859c84d4b4547b8b8aa1982659aac,0,hotspot_high_load,q_routing,2136406109,77017,500,154,79,267,0.308,0.158,5.133333333333334,10.954545454545455,20.0,6.845833333333333,29,205,-7.242976997180041,0.2696912551041707,0.15975308641975308,0.573141156000241,0.0,0.22244855386159734,0.03667201166449626,0.11392731664470794,0.3700787401574803,0.2097902097902098,0.2912621359223301,200,5,464,0.43103448275862066,200,464,5,0.43103448275862066
1,ICC-AVOIDABLE-SWITCH-CLASSICAL-BASELINES-FORMAL-v1,classical_independent_gate_descriptive,80c657cb44bdb7ed3ba89fee0e67335da2f7a22236d9ae429265b8f0a7fc03c3,df7cf104d30360df898ef8239b64789c16e0baa9e87c78c52c08a676ecb62eba,q_routing,independently_trained_model,qos_only,7928b8bca1ae9dc22cbe3bea8df71beff1b859c84d4b4547b8b8aa1982659aac,0,hotspot_high_load,q_routing,2136406109,77018,500,164,70,266,0.328,0.14,5.466666666666667,10.109756097560975,20.0,6.531944444444444,29,185,-5.352143255015151,0.2727545710567779,0.15274691358024692,0.5728006225595138,0.0,0.23732908522954285,0.036634560211356235,0.09858366271409749,0.3603238866396761,0.26666666666666666,0.33980582524271846,178,7,456,0.39035087719298245,178,456,7,0.39035087719298245
1,ICC-AVOIDABLE-SWITCH-CLASSICAL-BASELINES-FORMAL-v1,classical_independent_gate_descriptive,80c657cb44bdb7ed3ba89fee0e67335da2f7a22236d9ae429265b8f0a7fc03c3,df7cf104d30360df898ef8239b64789c16e0baa9e87c78c52c08a676ecb62eba,q_routing,independently_trained_model,qos_only,7928b8bca1ae9dc22cbe3bea8df71beff1b859c84d4b4547b8b8aa1982659aac,0,hotspot_high_load,q_routing,2136406109,77019,500,154,73,273,0.308,0.146,5.133333333333334,10.525974025974026,20.0,6.697222222222222,30,194,-6.438391609853799,0.2642196259395217,0.1566358024691358,0.5919153229702369,0.0,0.2239328063241107,0.03679814714761325,0.10503952569169961,0.34701492537313433,0.2074074074074074,0.3402061855670103,189,5,453,0.41721854304635764,189,453,5,0.41721854304635764
1,ICC-AVOIDABLE-SWITCH-CLASSICAL-BASELINES-FORMAL-v1,classical_independent_gate_descriptive,80c657cb44bdb7ed3ba89fee0e67335da2f7a22236d9ae429265b8f0a7fc03c3,df7cf104d30360df898ef8239b64789c16e0baa9e87c78c52c08a676ecb62eba,q_routing,independently_trained_model,qos_only,7928b8bca1ae9dc22cbe3bea8df71beff1b859c84d4b4547b8b8aa1982659aac,0,hotspot_high_load,q_routing,2136406109,77020,500,162,80,258,0.324,0.16,5.4,10.11111111111111,20.0,6.480555555555555,27,211,-5.964283465413253,0.2562365851402795,0.151358024691358,0.5887239452469004,0.0,0.23503126227954602,0.03669108024156737,0.11450373298199387,0.4066390041493776,0.1773049645390071,0.3305084745762712,204,7,471,0.43312101910828027,204,471,7,0.43312101910828027
1,ICC-AVOIDABLE-SWITCH-CLASSICAL-BASELINES-FORMAL-v1,classical_independent_gate_descriptive,80c657cb44bdb7ed3ba89fee0e67335da2f7a22236d9ae429265b8f0a7fc03c3,df7cf104d30360df898ef8239b64789c16e0baa9e87c78c52c08a676ecb62eba,q_routing,independently_trained_model,qos_only,a564b5bb88d8f6107616797aa1d533619cb456d768107de2f9df3df363cc749f,0,hotspot_high_load,q_routing,985998595,77011,500,160,73,267,0.32,0.146,5.333333333333333,10.55,21.0,6.684722222222222,33,188,-6.261581611089277,0.2813026734977417,0.15617283950617283,0.5881507180597887,0.0,0.23437809774766297,0.037019547314523324,0.10435880544576198,0.3253012048192771,0.24358974358974358,0.43157894736842106,181,7,453,0.3995584988962472,181,453,7,0.3995584988962472
1,ICC-AVOIDABLE-SWITCH-CLASSICAL-BASELINES-FORMAL-v1,classical_independent_gate_descriptive,80c657cb44bdb7ed3ba89fee0e67335da2f7a22236d9ae429265b8f0a7fc03c3,df7cf104d30360df898ef8239b64789c16e0baa9e87c78c52c08a676ecb62eba,q_routing,independently_trained_model,qos_only,a564b5bb88d8f6107616797aa1d533619cb456d768107de2f9df3df363cc749f,0,hotspot_high_load,q_routing,985998595,77012,500,148,90,262,0.296,0.18,4.933333333333334,11.35135135135135,21.0,6.777777777777778,28,192,-9.332025473758073,0.2899954053530782,0.1580864197530864,0.5813575145082733,0.0,0.21228775165846106,0.036645973852236294,0.12868906455862977,0.345679012345679,0.2261904761904762,0.29213483146067415,184,8,452,0.40707964601769914,184,452,8,0.40707964601769914
1,ICC-AVOIDABLE-SWITCH-CLASSICAL-BASELINES-FORMAL-v1,classical_independent_gate_descriptive,80c657cb44bdb7ed3ba89fee0e67335da2f7a22236d9ae429265b8f0a7fc03c3,df7cf104d30360df898ef8239b64789c16e0baa9e87c78c52c08a676ecb62eba,q_routing,independently_trained_model,qos_only,a564b5bb88d8f6107616797aa1d533619cb456d768107de2f9df3df363cc749f,0,hotspot_high_load,q_routing,985998595,77013,500,159,87,254,0.318,0.174,5.3,10.534591194968554,21.0,6.538888888888889,30,173,-7.304134983442227,0.2763567925257054,0.15253086419753084,0.5803084305759453,0.0,0.2312714097496706,0.03685980148383299,0.12295783926218708,0.3963963963963964,0.20496894409937888,0.3247863247863248,169,4,446,0.3789237668161435,169,446,4,0.3789237668161435
1,ICC-AVOIDABLE-SWITCH-CLASSICAL-BASELINES-FORMAL-v1,classical_independent_gate_descriptive,80c657cb44bdb7ed3ba89fee0e67335da2f7a22236d9ae429265b8f0a7fc03c3,df7cf104d30360df898ef8239b64789c16e0baa9e87c78c52c08a676ecb62eba,q_routing,independently_trained_model,qos_only,a564b5bb88d8f6107616797aa1d533619cb456d768107de2f9df3df363cc749f,0,hotspot_high_load,q_routing,985998595,77014,500,161,78,261,0.322,0.156,5.366666666666666,10.608695652173912,21.0,6.722222222222222,30,204,-6.151494620436204,0.2602527127233166,0.15682098765432098,0.5787476179000485,0.0,0.23165913796348578,0.036485662709170426,0.11056763285024156,0.3944223107569721,0.2108843537414966,0.30392156862745096,199,5,460,0.4326086956521739,199,460,5,0.4326086956521739
1,ICC-AVOIDABLE-SWITCH-CLASSICAL-BASELINES-FORMAL-v1,classical_independent_gate_descriptive,80c657cb44bdb7ed3ba89fee0e67335da2f7a22236d9ae429265b8f0a7fc03c3,df7cf104d30360df898ef8239b64789c16e0baa9e87c78c52c08a676ecb62eba,q_routing,independently_trained_model,qos_only,a564b5bb88d8f6107616797aa1d533619cb456d768107de2f9df3df363cc749f,0,hotspot_high_load,q_routing,985998595,77015,500,168,66,266,0.336,0.132,5.6,10.083333333333334,20.0,6.506944444444445,29,177,-4.515802203896806,0.26066398788451633,0.15219135802469136,0.5655612558402143,0.0,0.23971892841458065,0.036176596970265,0.09368686868686868,0.3824561403508772,0.22556390977443608,0.35365853658536583,169,8,432,0.3912037037037037,169,432,8,0.3912037037037037
1,ICC-AVOIDABLE-SWITCH-CLASSICAL-BASELINES-FORMAL-v1,classical_independent_gate_descriptive,80c657cb44bdb7ed3ba89fee0e67335da2f7a22236d9ae429265b8f0a7fc03c3,df7cf104d30360df898ef8239b64789c16e0baa9e87c78c52c08a676ecb62eba,q_routing,independently_trained_model,qos_only,a564b5bb88d8f6107616797aa1d533619cb456d768107de2f9df3df363cc749f,0,hotspot_high_load,q_routing,985998595,77016,500,154,83,263,0.308,0.166,5.133333333333334,10.714285714285714,22.0,6.7444444444444445,32,187,-7.310006709326853,0.2660680003148601,0.15737654320987654,0.592306706843999,0.0,0.2251367714411193,0.036979277138072586,0.11952129995608256,0.4015748031496063,0.19858156028368795,0.22857142857142856,186,1,465,0.4,186,465,1,0.4
1,ICC-AVOIDABLE-SWITCH-CLASSICAL-BASELINES-FORMAL-v1,classical_independent_gate_descriptive,80c657cb44bdb7ed3ba89fee0e67335da2f7a22236d9ae429265b8f0a7fc03c3,df7cf104d30360df898ef8239b64789c16e0baa9e87c78c52c08a676ecb62eba,q_routing,independently_trained_model,qos_only,a564b5bb88d8f6107616797aa1d533619cb456d768107de2f9df3df363cc749f,0,hotspot_high_load,q_routing,985998595,77017,500,161,74,265,0.322,0.148,5.366666666666666,11.080745341614907,21.0,6.851388888888889,30,190,-6.2139256894151345,0.2729721208331744,0.1598148148148148,0.5754230319425833,0.0,0.2348630717108978,0.03699959065584066,0.10739538239538238,0.3779527559055118,0.22377622377622378,0.32038834951456313,186,4,463,0.4017278617710583,186,463,4,0.4017278617710583
1,ICC-AVOIDABLE-SWITCH-CLASSICAL-BASELINES-FORMAL-v1,classical_independent_gate_descriptive,80c657cb44bdb7ed3ba89fee0e67335da2f7a22236d9ae429265b8f0a7fc03c3,df7cf104d30360df898ef8239b64789c16e0baa9e87c78c52c08a676ecb62eba,q_routing,independently_trained_model,qos_only,a564b5bb88d8f6107616797aa1d533619cb456d768107de2f9df3df363cc749f,0,hotspot_high_load,q_routing,985998595,77018,500,164,69,267,0.328,0.138,5.466666666666667,10.140243902439025,22.0,6.533333333333333,28,189,-5.363427629345077,0.2758654440194037,0.15280864197530863,0.5734865152474969,0.0,0.2377275203819826,0.03671746644962961,0.0975516029863856,0.3603238866396761,0.26666666666666666,0.33980582524271846,183,6,455,0.4021978021978022,183,455,6,0.4021978021978022
1,ICC-AVOIDABLE-SWITCH-CLASSICAL-BASELINES-FORMAL-v1,classical_independent_gate_descriptive,80c657cb44bdb7ed3ba89fee0e67335da2f7a22236d9ae429265b8f0a7fc03c3,df7cf104d30360df898ef8239b64789c16e0baa9e87c78c52c08a676ecb62eba,q_routing,independently_trained_model,qos_only,a564b5bb88d8f6107616797aa1d533619cb456d768107de2f9df3df363cc749f,0,hotspot_high_load,q_routing,985998595,77019,500,154,73,273,0.308,0.146,5.133333333333334,10.603896103896103,20.349999999999994,6.711111111111111,30,183,-6.582710910598461,0.2711589096676696,0.15694444444444447,0.591413931028534,0.0,0.22509144237405104,0.03693630776183932,0.10502854633289413,0.34701492537313433,0.21481481481481482,0.32989690721649484,180,3,454,0.3964757709251101,180,454,3,0.3964757709251101
1,ICC-AVOIDABLE-SWITCH-CLASSICAL-BASELINES-FORMAL-v1,classical_independent_gate_descriptive,80c657cb44bdb7ed3ba89fee0e67335da2f7a22236d9ae429265b8f0a7fc03c3,df7cf104d30360df898ef8239b64789c16e0baa9e87c78c52c08a676ecb62eba,q_routing,independently_trained_model,qos_only,a564b5bb88d8f6107616797aa1d533619cb456d768107de2f9df3df363cc749f,0,hotspot_high_load,q_routing,985998595,77020,500,160,77,263,0.32,0.154,5.333333333333333,10.28125,21.0,6.540277777777778,32,195,-6.171139608771565,0.26608213291033495,0.1528395061728395,0.5913185592897647,0.0,0.23353315766359242,0.03684270965520888,0.11080055210489995,0.3941908713692946,0.19858156028368795,0.3135593220338983,188,7,470,0.4,188,470,7,0.4
1,ICC-AVOIDABLE-SWITCH-CLASSICAL-BASELINES-FORMAL-v1,classical_independent_gate_descriptive,80c657cb44bdb7ed3ba89fee0e67335da2f7a22236d9ae429265b8f0a7fc03c3,df7cf104d30360df898ef8239b64789c16e0baa9e87c78c52c08a676ecb62eba,q_routing,independently_trained_model,qos_only,ba80e1db0d38e6bf09bcc27d74dbb2ebbf0904f961fff004a467e846c7de833b,0,hotspot_high_load,q_routing,515636025,77011,500,157,78,265,0.314,0.156,5.233333333333333,10.605095541401274,20.19999999999999,6.704166666666667,31,198,-6.82975590047122,0.27586517507036934,0.15654320987654322,0.5886962048304889,0.0,0.22968410816236903,0.03704286706609521,0.11167654808959158,0.3293172690763052,0.21794871794871795,0.43157894736842106,193,5,455,0.42417582417582417,193,455,5,0.42417582417582417
1,ICC-AVOIDABLE-SWITCH-CLASSICAL-BASELINES-FORMAL-v1,classical_independent_gate_descriptive,80c657cb44bdb7ed3ba89fee0e67335da2f7a22236d9ae429265b8f0a7fc03c3,df7cf104d30360df898ef8239b64789c16e0baa9e87c78c52c08a676ecb62eba,q_routing,independently_trained_model,qos_only,ba80e1db0d38e6bf09bcc27d74dbb2ebbf0904f961fff004a467e846c7de833b,0,hotspot_high_load,q_routing,515636025,77012,500,147,91,262,0.294,0.182,4.9,11.36734693877551,21.0,6.7625,26,193,-9.183712840684898,0.2833603014341717,0.15774691358024692,0.581785110719927,0.0,0.21257787915110568,0.03680575121063797,0.1299313005834745,0.345679012345679,0.21428571428571427,0.30337078651685395,190,3,461,0.4121475054229935,190,461,3,0.4121475054229935
1,ICC-AVOIDABLE-SWITCH-CLASSICAL-BASELINES-FORMAL-v1,classical_independent_gate_descriptive,80c657cb44bdb7ed3ba89fee0e67335da2f7a22236d9ae429265b8f0a7fc03c3,df7cf104d30360df898ef8239b64789c16e0baa9e87c78c52c08a676ecb62eba,q_routing,independently_trained_model,qos_only,ba80e1db0d38e6bf09bcc27d74dbb2ebbf0904f961fff004a467e846c7de833b,0,hotspot_high_load,q_routing,515636025,77013,500,162,86,252,0.324,0.172,5.4,10.703703703703704,20.0,6.5680555555555555,26,190,-7.114971069255127,0.2800731104599622,0.15311728395061727,0.5822743246179203,0.0,0.2349047932743585,0.03668841480287126,0.12125603864734301,0.40540540540540543,0.20496894409937888,0.3333333333333333,184,6,452,0.40707964601769914,184,452,6,0.40707964601769914
1,ICC-AVOIDABLE-SWITCH-CLASSICAL-BASELINES-FORMAL-v1,classical_independent_gate_descriptive,80c657cb44bdb7ed3ba89fee0e67335da2f7a22236d9ae429265b8f0a7fc03c3,df7cf104d30360df898ef8239b64789c16e0baa9e87c78c52c08a676ecb62eba,q_routing,independently_trained_model,qos_only,ba80e1db0d38e6bf09bcc27d74dbb2ebbf0904f961fff004a467e846c7de833b,0,hotspot_high_load,q_routing,515636025,77014,500,160,73,267,0.32,0.146,5.333333333333333,10.93125,22.049999999999983,6.798611111111111,31,188,-6.480498690190744,0.2785049070777093,0.1587037037037037,0.5680487497456442,0.0,0.22982872200263504,0.03640672018350275,0.10488032498902063,0.3784860557768924,0.21768707482993196,0.3235294117647059,185,3,458,0.4039301310043668,185,458,3,0.4039301310043668
1,ICC-AVOIDABLE-SWITCH-CLASSICAL-BASELINES-FORMAL-v1,classical_independent_gate_descriptive,80c657cb44bdb7ed3ba89fee0e67335da2f7a22236d9ae429265b8f0a7fc03c3,df7cf104d30360df898ef8239b64789c16e0baa9e87c78c52c08a676ecb62eba,q_routing,independently_trained_model,qos_only,ba80e1db0d38e6bf09bcc27d74dbb2ebbf0904f961fff004a467e846c7de833b,0,hotspot_high_load,q_routing,515636025,77015,500,166,63,271,0.332,0.126,5.533333333333333,10.144578313253012,21.0,6.545833333333333,29,167,-4.625471596640117,0.26576136009167906,0.1532098765432099,0.5646332383742175,0.0,0.23620239663717923,0.03621559970586497,0.08908651734738693,0.3719298245614035,0.24812030075187969,0.32926829268292684,164,3,440,0.37272727272727274,164,440,3,0.37272727272727274
1,ICC-AVOIDABLE-SWITCH-CLASSICAL-BASELINES-FORMAL-v1,classical_independent_gate_descriptive,80c657cb44bdb7ed3ba89fee0e67335da2f7a22236d9ae429265b8f0a7fc03c3,df7cf104d30360df898ef8239b64789c16e0baa9e87c78c52c08a676ecb62eba,q_routing,independently_trained_model,qos_only,ba80e1db0d38e6bf09bcc27d74dbb2ebbf0904f961fff004a467e846c7de833b,0,hotspot_high_load,q_routing,515636025,77016,500,153,83,264,0.306,0.166,5.1,10.797385620915033,22.0,6.751388888888889,30,201,-7.4029722470008625,0.26569328370555845,0.15756172839506172,0.5834881754216011,0.0,0.22221176293830752,0.036801286705833415,0.11870882740447956,0.39763779527559057,0.19148936170212766,0.23809523809523808,194,7,463,0.4190064794816415,194,463,7,0.4190064794816415
1,ICC-AVOIDABLE-SWITCH-CLASSICAL-BASELINES-FORMAL-v1,classical_independent_gate_descriptive,80c657cb44bdb7ed3ba89fee0e67335da2f7a22236d9ae429265b8f0a7fc03c3,df7cf104d30360df898ef8239b64789c16e0baa9e87c78c52c08a676ecb62eba,q_routing,independently_trained_model,qos_only,ba80e1db0d38e6bf09bcc27d74dbb2ebbf0904f961fff004a467e846c7de833b,0,hotspot_high_load,q_routing,515636025,77017,500,157,74,269,0.314,0.148,5.233333333333333,11.012738853503185,21.19999999999999,6.866666666666666,30,213,-6.593010011837235,0.2743045725187116,0.1602777777777778,0.5802288906392137,0.0,0.22987530585356675,0.03716030436259202,0.10762594893029673,0.35826771653543305,0.23076923076923078,0.32038834951456313,207,6,455,0.45494505494505494,207,455,6,0.45494505494505494
1,ICC-AVOIDABLE-SWITCH-CLASSICAL-BASELINES-FORMAL-v1,classical_independent_gate_descriptive,80c657cb44bdb7ed3ba89fee0e67335da2f7a22236d9ae429265b8f0a7fc03c3,df7cf104d30360df898ef8239b64789c16e0baa9e87c78c52c08a676ecb62eba,q_routing,independently_trained_model,qos_only,ba80e1db0d38e6bf09bcc27d74dbb2ebbf0904f961fff004a467e846c7de833b,0,hotspot_high_load,q_routing,515636025,77018,500,163,72,265,0.326,0.144,5.433333333333334,10.07361963190184,20.900000000000006,6.5375,27,189,-5.550082513838182,0.2708449796453215,0.15283950617283948,0.5686530458604317,0.0,0.23576510446075666,0.036525194885120224,0.10144927536231883,0.3684210526315789,0.26666666666666666,0.3106796116504854,186,3,458,0.40611353711790393,186,458,3,0.40611353711790393
1,ICC-AVOIDABLE-SWITCH-CLASSICAL-BASELINES-FORMAL-v1,classical_independent_gate_descriptive,80c657cb44bdb7ed3ba89fee0e67335da2f7a22236d9ae429265b8f0a7fc03c3,df7cf104d30360df898ef8239b64789c16e0baa9e87c78c52c08a676ecb62eba,q_routing,independently_trained_model,qos_only,ba80e1db0d38e6bf09bcc27d74dbb2ebbf0904f961fff004a467e846c7de833b,0,hotspot_high_load,q_routing,515636025,77019,500,155,72,273,0.31,0.144,5.166666666666667,10.548387096774194,20.0,6.701388888888889,31,192,-6.175558486385112,0.2627047098001241,0.15672839506172842,0.5876084975108358,0.0,0.22565107597716297,0.03685272540222083,0.1033102766798419,0.34701492537313433,0.2074074074074074,0.35051546391752575,186,6,457,0.40700218818380746,186,457,6,0.40700218818380746
1,ICC-AVOIDABLE-SWITCH-CLASSICAL-BASELINES-FORMAL-v1,classical_independent_gate_descriptive,80c657cb44bdb7ed3ba89fee0e67335da2f7a22236d9ae429265b8f0a7fc03c3,df7cf104d30360df898ef8239b64789c16e0baa9e87c78c52c08a676ecb62eba,q_routing,independently_trained_model,qos_only,ba80e1db0d38e6bf09bcc27d74dbb2ebbf0904f961fff004a467e846c7de833b,0,hotspot_high_load,q_routing,515636025,77020,500,161,75,264,0.322,0.15,5.366666666666666,10.130434782608695,21.0,6.497222222222222,28,201,-5.954275781127473,0.2663086695507949,0.15191358024691357,0.5877951174388727,0.0,0.2334807704372922,0.036637026421133284,0.10757732605558695,0.3983402489626556,0.19858156028368795,0.3135593220338983,195,6,473,0.41226215644820297,195,473,6,0.41226215644820297
1,ICC-AVOIDABLE-SWITCH-CLASSICAL-BASELINES-FORMAL-v1,classical_independent_gate_descriptive,80c657cb44bdb7ed3ba89fee0e67335da2f7a22236d9ae429265b8f0a7fc03c3,df7cf104d30360df898ef8239b64789c16e0baa9e87c78c52c08a676ecb62eba,ospf_ecmp,stochastic_routing_replicate,qos_only,,0,hotspot_high_load,ospf_ecmp,179055553,77011,500,154,78,268,0.308,0.156,5.133333333333334,10.467532467532468,21.0,6.709722222222222,42,85,-7.028122649407719,0.27345355556930256,0.1567592592592592,0.6709230256427804,0.0,0.23058300395256917,0.03779249901029734,0.11285212372168892,0.321285140562249,0.21794871794871795,0.42105263157894735,85,0,457,0.18599562363238512,85,457,0,0.18599562363238512
1,ICC-AVOIDABLE-SWITCH-CLASSICAL-BASELINES-FORMAL-v1,classical_independent_gate_descriptive,80c657cb44bdb7ed3ba89fee0e67335da2f7a22236d9ae429265b8f0a7fc03c3,df7cf104d30360df898ef8239b64789c16e0baa9e87c78c52c08a676ecb62eba,ospf_ecmp,stochastic_routing_replicate,qos_only,,0,hotspot_high_load,ospf_ecmp,179055553,77012,500,145,91,264,0.29,0.182,4.833333333333333,10.613793103448275,22.0,6.6930555555555555,34,93,-9.357714711264183,0.27684047815043067,0.15626543209876542,0.6707218015660085,0.0,0.21246172909216388,0.03713419133013839,0.13210442938703806,0.3374485596707819,0.22023809523809523,0.29213483146067415,93,0,453,0.2052980132450331,93,453,0,0.2052980132450331
1,ICC-AVOIDABLE-SWITCH-CLASSICAL-BASELINES-FORMAL-v1,classical_independent_gate_descriptive,80c657cb44bdb7ed3ba89fee0e67335da2f7a22236d9ae429265b8f0a7fc03c3,df7cf104d30360df898ef8239b64789c16e0baa9e87c78c52c08a676ecb62eba,ospf_ecmp,stochastic_routing_replicate,qos_only,,0,hotspot_high_load,ospf_ecmp,179055553,77013,500,151,89,260,0.302,0.178,5.033333333333333,10.774834437086092,21.5,6.761111111111111,38,92,-8.58925795307257,0.28434717267503395,0.15765432098765433,0.6648456759861558,0.0,0.22443534726143424,0.03755496861031398,0.1272342995169082,0.35585585585585583,0.20496894409937888,0.3333333333333333,92,0,443,0.2076749435665914,92,443,0,0.2076749435665914
1,ICC-AVOIDABLE-SWITCH-CLASSICAL-BASELINES-FORMAL-v1,classical_independent_gate_descriptive,80c657cb44bdb7ed3ba89fee0e67335da2f7a22236d9ae429265b8f0a7fc03c3,df7cf104d30360df898ef8239b64789c16e0baa9e87c78c52c08a676ecb62eba,ospf_ecmp,stochastic_routing_replicate,qos_only,,0,hotspot_high_load,ospf_ecmp,179055553,77014,500,148,78,274,0.296,0.156,4.933333333333334,10.635135135135135,20.0,6.941666666666666,39,96,-7.676041859899669,0.27065124245542677,0.1620987654320988,0.6688279296863051,0.0,0.2195053097169802,0.03763569541424252,0.11195103205972773,0.3466135458167331,0.21768707482993196,0.28431372549019607,96,0,454,0.21145374449339208,96,454,0,0.21145374449339208
1,ICC-AVOIDABLE-SWITCH-CLASSICAL-BASELINES-FORMAL-v1,classical_independent_gate_descriptive,80c657cb44bdb7ed3ba89fee0e67335da2f7a22236d9ae429265b8f0a7fc03c3,df7cf104d30360df898ef8239b64789c16e0baa9e87c78c52c08a676ecb62eba,ospf_ecmp,stochastic_routing_replicate,qos_only,,0,hotspot_high_load,ospf_ecmp,179055553,77015,500,163,69,268,0.326,0.138,5.433333333333334,10.104294478527608,21.0,6.665277777777778,34,91,-5.333573198447704,0.2588680073772206,0.1557716049382716,0.6531799611046339,0.0,0.2369041345128301,0.03691062290995758,0.09954984628897673,0.37543859649122807,0.2556390977443609,0.2682926829268293,91,0,433,0.21016166281755197,91,433,0,0.21016166281755197
1,ICC-AVOIDABLE-SWITCH-CLASSICAL-BASELINES-FORMAL-v1,classical_independent_gate_descriptive,80c657cb44bdb7ed3ba89fee0e67335da2f7a22236d9ae429265b8f0a7fc03c3,df7cf104d30360df898ef8239b64789c16e0baa9e87c78c52c08a676ecb62eba,ospf_ecmp,stochastic_routing_replicate,qos_only,,0,hotspot_high_load,ospf_ecmp,179055553,77016,500,150,82,268,0.3,0.164,5.0,10.166666666666666,20.549999999999983,6.773611111111111,42,93,-7.313627888783234,0.2565701089593009,0.15817901234567902,0.6731148447659289,0.0,0.22231209611644392,0.037376596595520346,0.11712466277683668,0.38188976377952755,0.19858156028368795,0.23809523809523808,93,0,459,0.20261437908496732,93,459,0,0.20261437908496732
1,ICC-AVOIDABLE-SWITCH-CLASSICAL-BASELINES-FORMAL-v1,classical_independent_gate_descriptive,80c657cb44bdb7ed3ba89fee0e67335da2f7a22236d9ae429265b8f0a7fc03c3,df7cf104d30360df898ef8239b64789c16e0baa9e87c78c52c08a676ecb62eba,ospf_ecmp,stochastic_routing_replicate,qos_only,,0,hotspot_high_load,ospf_ecmp,179055553,77017,500,150,78,272,0.3,0.156,5.0,10.46,21.0,6.888888888888889,35,91,-7.32745630608226,0.2618485973103877,0.16086419753086417,0.6665934550612497,0.0,0.22161961227178623,0.03748220046022583,0.11327012359621055,0.35039370078740156,0.21678321678321677,0.2912621359223301,91,0,454,0.20044052863436124,91,454,0,0.20044052863436124
1,ICC-AVOIDABLE-SWITCH-CLASSICAL-BASELINES-FORMAL-v1,classical_independent_gate_descriptive,80c657cb44bdb7ed3ba89fee0e67335da2f7a22236d9ae429265b8f0a7fc03c3,df7cf104d30360df898ef8239b64789c16e0baa9e87c78c52c08a676ecb62eba,ospf_ecmp,stochastic_routing_replicate,qos_only,,0,hotspot_high_load,ospf_ecmp,179055553,77018,500,158,73,269,0.316,0.146,5.266666666666667,9.683544303797468,21.0,6.472222222222222,33,94,-6.067909587509984,0.26738439351701915,0.1515123456790123,0.666117390353368,0.0,0.23411327231121282,0.03744882339335768,0.10576965305226174,0.3481781376518219,0.24,0.34951456310679613,94,0,456,0.20614035087719298,94,456,0,0.20614035087719298
1,ICC-AVOIDABLE-SWITCH-CLASSICAL-BASELINES-FORMAL-v1,classical_independent_gate_descriptive,80c657cb44bdb7ed3ba89fee0e67335da2f7a22236d9ae429265b8f0a7fc03c3,df7cf104d30360df898ef8239b64789c16e0baa9e87c78c52c08a676ecb62eba,ospf_ecmp,stochastic_routing_replicate,qos_only,,0,hotspot_high_load,ospf_ecmp,179055553,77019,500,146,76,278,0.292,0.152,4.866666666666666,10.205479452054794,20.0,6.7875,35,89,-7.341576371286104,0.2601095117718801,0.15879629629629627,0.6838413895050678,0.0,0.22066832925528573,0.03812403153701614,0.11335638998682476,0.3283582089552239,0.2,0.31958762886597936,89,0,448,0.19866071428571427,89,448,0,0.19866071428571427
1,ICC-AVOIDABLE-SWITCH-CLASSICAL-BASELINES-FORMAL-v1,classical_independent_gate_descriptive,80c657cb44bdb7ed3ba89fee0e67335da2f7a22236d9ae429265b8f0a7fc03c3,df7cf104d30360df898ef8239b64789c16e0baa9e87c78c52c08a676ecb62eba,ospf_ecmp,stochastic_routing_replicate,qos_only,,0,hotspot_high_load,ospf_ecmp,179055553,77020,500,156,76,268,0.312,0.152,5.2,9.871794871794872,20.25,6.55,36,91,-6.414637475852839,0.263430330534075,0.1532098765432099,0.6741952130377814,0.0,0.23330510069640506,0.03771022316286773,0.11162133759959846,0.37344398340248963,0.2127659574468085,0.3050847457627119,89,2,469,0.18976545842217485,89,469,2,0.18976545842217485
1,ICC-AVOIDABLE-SWITCH-CLASSICAL-BASELINES-FORMAL-v1,classical_independent_gate_descriptive,80c657cb44bdb7ed3ba89fee0e67335da2f7a22236d9ae429265b8f0a7fc03c3,df7cf104d30360df898ef8239b64789c16e0baa9e87c78c52c08a676ecb62eba,ospf_ecmp,stochastic_routing_replicate,qos_only,,0,hotspot_high_load,ospf_ecmp,626669596,77011,500,155,78,267,0.31,0.156,5.166666666666667,10.451612903225806,21.0,6.709722222222222,42,82,-6.968668542365155,0.2728532751720077,0.15672839506172836,0.6718487910840507,0.0,0.2313463500648855,0.03779678257131358,0.11289055147750798,0.3253012048192771,0.21794871794871795,0.42105263157894735,82,0,455,0.18021978021978022,82,455,0,0.18021978021978022
1,ICC-AVOIDABLE-SWITCH-CLASSICAL-BASELINES-FORMAL-v1,classical_independent_gate_descriptive,80c657cb44bdb7ed3ba89fee0e67335da2f7a22236d9ae429265b8f0a7fc03c3,df7cf104d30360df898ef8239b64789c16e0baa9e87c78c52c08a676ecb62eba,ospf_ecmp,stochastic_routing_replicate,qos_only,,0,hotspot_high_load,ospf_ecmp,626669596,77012,500,146,91,263,0.292,0.182,4.866666666666666,10.67123287671233,21.75,6.727777777777778,34,91,-9.305497722247024,0.27904037003505117,0.1570061728395062,0.6692546833039834,0.0,0.21432822008908967,0.03718823703609567,0.1317750486228747,0.3374485596707819,0.2261904761904762,0.29213483146067415,91,0,452,0.2013274336283186,91,452,0,0.2013274336283186
1,ICC-AVOIDABLE-SWITCH-CLASSICAL-BASELINES-FORMAL-v1,classical_independent_gate_descriptive,80c657cb44bdb7ed3ba89fee0e67335da2f7a22236d9ae429265b8f0a7fc03c3,df7cf104d30360df898ef8239b64789c16e0baa9e87c78c52c08a676ecb62eba,ospf_ecmp,stochastic_routing_replicate,qos_only,,0,hotspot_high_load,ospf_ecmp,626669596,77013,500,154,86,260,0.308,0.172,5.133333333333334,10.87012987012987,21.349999999999994,6.775,40,98,-8.290942496540694,0.29132431563347905,0.15796296296296297,0.6638880186595812,0.0,0.22881799360060234,0.037600247979929044,0.12307861220904699,0.35585585585585583,0.21739130434782608,0.3418803418803419,98,0,439,0.22323462414578588,98,439,0,0.22323462414578588
1,ICC-AVOIDABLE-SWITCH-CLASSICAL-BASELINES-FORMAL-v1,classical_independent_gate_descriptive,80c657cb44bdb7ed3ba89fee0e67335da2f7a22236d9ae429265b8f0a7fc03c3,df7cf104d30360df898ef8239b64789c16e0baa9e87c78c52c08a676ecb62eba,ospf_ecmp,stochastic_routing_replicate,qos_only,,0,hotspot_high_load,ospf_ecmp,626669596,77014,500,148,78,274,0.296,0.156,4.933333333333334,10.702702702702704,20.650000000000006,6.944444444444445,39,96,-7.658728172002035,0.2700436069045798,0.16216049382716052,0.6674817025323226,0.0,0.21914299087640052,0.037585492148390985,0.11164909969257798,0.350597609561753,0.21768707482993196,0.27450980392156865,96,0,455,0.210989010989011,96,455,0,0.210989010989011
1,ICC-AVOIDABLE-SWITCH-CLASSICAL-BASELINES-FORMAL-v1,classical_independent_gate_descriptive,80c657cb44bdb7ed3ba89fee0e67335da2f7a22236d9ae429265b8f0a7fc03c3,df7cf104d30360df898ef8239b64789c16e0baa9e87c78c52c08a676ecb62eba,ospf_ecmp,stochastic_routing_replicate,qos_only,,0,hotspot_high_load,ospf_ecmp,626669596,77015,500,161,71,268,0.322,0.142,5.366666666666666,9.993788819875776,21.0,6.645833333333333,33,87,-5.61090645793577,0.2565540919294558,0.1553395061728395,0.6548848751901664,0.0,0.23411631846414455,0.03689554938262297,0.10262955643390424,0.37543859649122807,0.24060150375939848,0.2682926829268293,87,0,434,0.20046082949308755,87,434,0,0.20046082949308755
1,ICC-AVOIDABLE-SWITCH-CLASSICAL-BASELINES-FORMAL-v1,classical_independent_gate_descriptive,80c657cb44bdb7ed3ba89fee0e67335da2f7a22236d9ae429265b8f0a7fc03c3,df7cf104d30360df898ef8239b64789c16e0baa9e87c78c52c08a676ecb62eba,ospf_ecmp,stochastic_routing_replicate,qos_only,,0,hotspot_high_load,ospf_ecmp,626669596,77016,500,151,82,267,0.302,0.164,5.033333333333333,10.258278145695364,20.5,6.769444444444445,42,91,-7.2507195841388175,0.25728995427090595,0.15805555555555556,0.6722109563875127,0.0,0.22384528514963298,0.03743502763217744,0.1173411129932869,0.38976377952755903,0.20567375886524822,0.21904761904761905,91,0,456,0.19956140350877194,91,456,0,0.19956140350877194
1,ICC-AVOIDABLE-SWITCH-CLASSICAL-BASELINES-FORMAL-v1,classical_independent_gate_descriptive,80c657cb44bdb7ed3ba89fee0e67335da2f7a22236d9ae429265b8f0a7fc03c3,df7cf104d30360df898ef8239b64789c16e0baa9e87c78c52c08a676ecb62eba,ospf_ecmp,stochastic_routing_replicate,qos_only,,0,hotspot_high_load,ospf_ecmp,626669596,77017,500,149,78,273,0.298,0.156,4.966666666666667,10.516778523489933,21.599999999999994,6.904166666666667,34,91,-7.333895087673131,0.2600120376939788,0.16123456790123455,0.6670411739552586,0.0,0.22096163498337412,0.03758105394748515,0.11346226237530584,0.3464566929133858,0.21678321678321677,0.2912621359223301,91,0,451,0.2017738359201774,91,451,0,0.2017738359201774
1,ICC-AVOIDABLE-SWITCH-CLASSICAL-BASELINES-FORMAL-v1,classical_independent_gate_descriptive,80c657cb44bdb7ed3ba89fee0e67335da2f7a22236d9ae429265b8f0a7fc03c3,df7cf104d30360df898ef8239b64789c16e0baa9e87c78c52c08a676ecb62eba,ospf_ecmp,stochastic_routing_replicate,qos_only,,0,hotspot_high_load,ospf_ecmp,626669596,77018,500,160,72,268,0.32,0.144,5.333333333333333,9.68125,21.0,6.470833333333333,33,95,-5.821388942850688,0.2681811061291416,0.1514506172839506,0.6647991765652068,0.0,0.2367483184245198,0.03739423479680632,0.10399099692577952,0.3522267206477733,0.24666666666666667,0.34951456310679613,95,0,456,0.20833333333333334,95,456,0,0.20833333333333334
1,ICC-AVOIDABLE-SWITCH-CLASSICAL-BASELINES-FORMAL-v1,classical_independent_gate_descriptive,80c657cb44bdb7ed3ba89fee0e67335da2f7a22236d9ae429265b8f0a7fc03c3,df7cf104d30360df898ef8239b64789c16e0baa9e87c78c52c08a676ecb62eba,ospf_ecmp,stochastic_routing_replicate,qos_only,,0,hotspot_high_load,ospf_ecmp,626669596,77019,500,147,76,277,0.294,0.152,4.9,10.210884353741497,20.0,6.781944444444444,35,90,-7.180347946598585,0.2578964910034634,0.15864197530864196,0.6839215007607837,0.0,0.22206819750298004,0.038078711528612454,0.11323561703996486,0.332089552238806,0.2,0.31958762886597936,89,1,447,0.19910514541387025,89,447,1,0.19910514541387025
1,ICC-AVOIDABLE-SWITCH-CLASSICAL-BASELINES-FORMAL-v1,classical_independent_gate_descriptive,80c657cb44bdb7ed3ba89fee0e67335da2f7a22236d9ae429265b8f0a7fc03c3,df7cf104d30360df898ef8239b64789c16e0baa9e87c78c52c08a676ecb62eba,ospf_ecmp,stochastic_routing_replicate,qos_only,,0,hotspot_high_load,ospf_ecmp,626669596,77020,500,156,78,266,0.312,0.156,5.2,9.865384615384615,20.25,6.538888888888889,37,91,-6.42260054151937,0.25956997922001557,0.1529012345679012,0.6752958926653623,0.0,0.2339900558378819,0.03771153985812756,0.1144375431331953,0.3817427385892116,0.20567375886524822,0.2966101694915254,89,2,469,0.18976545842217485,89,469,2,0.18976545842217485
1,ICC-AVOIDABLE-SWITCH-CLASSICAL-BASELINES-FORMAL-v1,classical_independent_gate_descriptive,80c657cb44bdb7ed3ba89fee0e67335da2f7a22236d9ae429265b8f0a7fc03c3,df7cf104d30360df898ef8239b64789c16e0baa9e87c78c52c08a676ecb62eba,ospf_ecmp,stochastic_routing_replicate,qos_only,,0,hotspot_high_load,ospf_ecmp,746965870,77011,500,154,78,268,0.308,0.156,5.133333333333334,10.474025974025974,21.0,6.711111111111111,42,84,-7.089322979649635,0.2744230934499864,0.15679012345679014,0.6719376464697266,0.0,0.2301111721992729,0.0377990608109795,0.11285212372168892,0.321285140562249,0.21794871794871795,0.42105263157894735,84,0,457,0.1838074398249453,84,457,0,0.1838074398249453
1,ICC-AVOIDABLE-SWITCH-CLASSICAL-BASELINES-FORMAL-v1,classical_independent_gate_descriptive,80c657cb44bdb7ed3ba89fee0e67335da2f7a22236d9ae429265b8f0a7fc03c3,df7cf104d30360df898ef8239b64789c16e0baa9e87c78c52c08a676ecb62eba,ospf_ecmp,stochastic_routing_replicate,qos_only,,0,hotspot_high_load,ospf_ecmp,746965870,77012,500,146,91,263,0.292,0.182,4.866666666666666,10.73972602739726,22.0,6.726388888888889,34,88,-9.27678545298722,0.2779900490432086,0.15697530864197531,0.6691165273260679,0.0,0.214262343936257,0.03718823703609567,0.1317750486228747,0.34156378600823045,0.2261904761904762,0.2808988764044944,88,0,449,0.19599109131403117,88,449,0,0.19599109131403117
1,ICC-AVOIDABLE-SWITCH-CLASSICAL-BASELINES-FORMAL-v1,classical_independent_gate_descriptive,80c657cb44bdb7ed3ba89fee0e67335da2f7a22236d9ae429265b8f0a7fc03c3,df7cf104d30360df898ef8239b64789c16e0baa9e87c78c52c08a676ecb62eba,ospf_ecmp,stochastic_routing_replicate,qos_only,,0,hotspot_high_load,ospf_ecmp,746965870,77013,500,151,90,259,0.302,0.18,5.033333333333333,10.748344370860927,21.5,6.769444444444445,41,97,-8.593201006827591,0.28113629749167507,0.15780864197530864,0.6651541290978398,0.0,0.22392198381328815,0.037538444873008454,0.12831576635924463,0.36036036036036034,0.2111801242236025,0.3162393162393162,97,0,442,0.21945701357466063,97,442,0,0.21945701357466063
1,ICC-AVOIDABLE-SWITCH-CLASSICAL-BASELINES-FORMAL-v1,classical_independent_gate_descriptive,80c657cb44bdb7ed3ba89fee0e67335da2f7a22236d9ae429265b8f0a7fc03c3,df7cf104d30360df898ef8239b64789c16e0baa9e87c78c52c08a676ecb62eba,ospf_ecmp,stochastic_routing_replicate,qos_only,,0,hotspot_high_load,ospf_ecmp,746965870,77014,500,148,78,274,0.296,0.156,4.933333333333334,10.702702702702704,20.650000000000006,6.944444444444445,39,97,-7.6574239786783815,0.2700436069045798,0.16216049382716052,0.6670469714244383,0.0,0.21914299087640052,0.037585492148390985,0.11164909969257798,0.350597609561753,0.21768707482993196,0.27450980392156865,97,0,455,0.21318681318681318,97,455,0,0.21318681318681318
1,ICC-AVOIDABLE-SWITCH-CLASSICAL-BASELINES-FORMAL-v1,classical_independent_gate_descriptive,80c657cb44bdb7ed3ba89fee0e67335da2f7a22236d9ae429265b8f0a7fc03c3,df7cf104d30360df898ef8239b64789c16e0baa9e87c78c52c08a676ecb62eba,ospf_ecmp,stochastic_routing_replicate,qos_only,,0,hotspot_high_load,ospf_ecmp,746965870,77015,500,163,69,268,0.326,0.138,5.433333333333334,10.098159509202453,21.0,6.663888888888889,34,90,-5.343669928052423,0.25919850128954197,0.15574074074074076,0.653487512096573,0.0,0.23690413451283013,0.03691062290995758,0.09954984628897673,0.37543859649122807,0.2556390977443609,0.2682926829268293,90,0,433,0.20785219399538107,90,433,0,0.20785219399538107
1,ICC-AVOIDABLE-SWITCH-CLASSICAL-BASELINES-FORMAL-v1,classical_independent_gate_descriptive,80c657cb44bdb7ed3ba89fee0e67335da2f7a22236d9ae429265b8f0a7fc03c3,df7cf104d30360df898ef8239b64789c16e0baa9e87c78c52c08a676ecb62eba,ospf_ecmp,stochastic_routing_replicate,qos_only,,0,hotspot_high_load,ospf_ecmp,746965870,77016,500,151,83,266,0.302,0.166,5.033333333333333,10.172185430463577,21.0,6.730555555555555,42,92,-7.21638784603946,0.2540759562475133,0.1571604938271605,0.6716253898157668,0.0,0.22324534161490683,0.03726808347789202,0.1181716230629274,0.3937007874015748,0.19148936170212766,0.22857142857142856,92,0,459,0.20043572984749455,92,459,0,0.20043572984749455
1,ICC-AVOIDABLE-SWITCH-CLASSICAL-BASELINES-FORMAL-v1,classical_independent_gate_descriptive,80c657cb44bdb7ed3ba89fee0e67335da2f7a22236d9ae429265b8f0a7fc03c3,df7cf104d30360df898ef8239b64789c16e0baa9e87c78c52c08a676ecb62eba,ospf_ecmp,stochastic_routing_replicate,qos_only,,0,hotspot_high_load,ospf_ecmp,746965870,77017,500,152,78,270,0.304,0.156,5.066666666666666,10.44078947368421,21.0,6.886111111111111,35,94,-7.108647381446303,0.261438343568142,0.16074074074074077,0.6660704376419453,0.0,0.2245910973084886,0.03749394048495823,0.1128748666792145,0.35039370078740156,0.21678321678321677,0.3106796116504854,94,0,453,0.20750551876379691,94,453,0,0.20750551876379691
1,ICC-AVOIDABLE-SWITCH-CLASSICAL-BASELINES-FORMAL-v1,classical_independent_gate_descriptive,80c657cb44bdb7ed3ba89fee0e67335da2f7a22236d9ae429265b8f0a7fc03c3,df7cf104d30360df898ef8239b64789c16e0baa9e87c78c52c08a676ecb62eba,ospf_ecmp,stochastic_routing_replicate,qos_only,,0,hotspot_high_load,ospf_ecmp,746965870,77018,500,160,72,268,0.32,0.144,5.333333333333333,9.6625,21.0,6.469444444444444,33,95,-5.7640207970894695,0.2664256110912634,0.15141975308641972,0.6647958483271492,0.0,0.23681419457735242,0.03739423479680632,0.10399099692577952,0.3522267206477733,0.24666666666666667,0.34951456310679613,95,0,456,0.20833333333333334,95,456,0,0.20833333333333334
1,ICC-AVOIDABLE-SWITCH-CLASSICAL-BASELINES-FORMAL-v1,classical_independent_gate_descriptive,80c657cb44bdb7ed3ba89fee0e67335da2f7a22236d9ae429265b8f0a7fc03c3,df7cf104d30360df898ef8239b64789c16e0baa9e87c78c52c08a676ecb62eba,ospf_ecmp,stochastic_routing_replicate,qos_only,,0,hotspot_high_load,ospf_ecmp,746965870,77019,500,147,77,276,0.294,0.154,4.9,10.115646258503402,20.0,6.7375,35,90,-7.1027124233320516,0.2518958678720872,0.1576234567901235,0.684841545537915,0.0,0.22184468912729782,0.03807372535793732,0.11508014931927973,0.3358208955223881,0.1925925925925926,0.31958762886597936,89,1,450,0.19777777777777777,89,450,1,0.19777777777777777
1,ICC-AVOIDABLE-SWITCH-CLASSICAL-BASELINES-FORMAL-v1,classical_independent_gate_descriptive,80c657cb44bdb7ed3ba89fee0e67335da2f7a22236d9ae429265b8f0a7fc03c3,df7cf104d30360df898ef8239b64789c16e0baa9e87c78c52c08a676ecb62eba,ospf_ecmp,stochastic_routing_replicate,qos_only,,0,hotspot_high_load,ospf_ecmp,746965870,77020,500,157,75,268,0.314,0.15,5.233333333333333,9.92356687898089,21.0,6.552777777777778,36,90,-6.248354416252736,0.2648092463687039,0.1532716049382716,0.6739813052584885,0.0,0.23550912855260678,0.03776612845467892,0.11034773197816676,0.37344398340248963,0.2198581560283688,0.3050847457627119,88,2,467,0.18843683083511778,88,467,2,0.18843683083511778
1,ICC-AVOIDABLE-SWITCH-CLASSICAL-BASELINES-FORMAL-v1,classical_independent_gate_descriptive,80c657cb44bdb7ed3ba89fee0e67335da2f7a22236d9ae429265b8f0a7fc03c3,df7cf104d30360df898ef8239b64789c16e0baa9e87c78c52c08a676ecb62eba,ospf_ecmp,stochastic_routing_replicate,qos_only,,0,hotspot_high_load,ospf_ecmp,183895110,77011,500,155,79,266,0.31,0.158,5.166666666666667,10.380645161290323,21.0,6.708333333333333,43,83,-6.959909912327328,0.2698156069077778,0.15666666666666662,0.6709353433501735,0.0,0.23176983961880987,0.0378011679020134,0.11475704247443376,0.3293172690763052,0.21794871794871795,0.4105263157894737,83,0,454,0.1828193832599119,83,454,0,0.1828193832599119
1,ICC-AVOIDABLE-SWITCH-CLASSICAL-BASELINES-FORMAL-v1,classical_independent_gate_descriptive,80c657cb44bdb7ed3ba89fee0e67335da2f7a22236d9ae429265b8f0a7fc03c3,df7cf104d30360df898ef8239b64789c16e0baa9e87c78c52c08a676ecb62eba,ospf_ecmp,stochastic_routing_replicate,qos_only,,0,hotspot_high_load,ospf_ecmp,183895110,77012,500,144,91,265,0.288,0.182,4.8,10.305555555555555,19.849999999999994,6.688888888888889,34,92,-9.355974156021334,0.2732629900472058,0.15620370370370368,0.6715332618496909,0.0,0.21106813476378694,0.03712826275351833,0.13245498462889765,0.3292181069958848,0.2261904761904762,0.29213483146067415,92,0,454,0.2026431718061674,92,454,0,0.2026431718061674
1,ICC-AVOIDABLE-SWITCH-CLASSICAL-BASELINES-FORMAL-v1,classical_independent_gate_descriptive,80c657cb44bdb7ed3ba89fee0e67335da2f7a22236d9ae429265b8f0a7fc03c3,df7cf104d30360df898ef8239b64789c16e0baa9e87c78c52c08a676ecb62eba,ospf_ecmp,stochastic_routing_replicate,qos_only,,0,hotspot_high_load,ospf_ecmp,183895110,77013,500,151,90,259,0.302,0.18,5.033333333333333,10.549668874172186,21.5,6.716666666666667,41,96,-8.56397979026117,0.2779975384940813,0.1566358024691358,0.665590715658204,0.0,0.22261700859526945,0.037311130169108316,0.1285518225735617,0.36036036036036034,0.20496894409937888,0.3247863247863248,96,0,446,0.21524663677130046,96,446,0,0.21524663677130046
1,ICC-AVOIDABLE-SWITCH-CLASSICAL-BASELINES-FORMAL-v1,classical_independent_gate_descriptive,80c657cb44bdb7ed3ba89fee0e67335da2f7a22236d9ae429265b8f0a7fc03c3,df7cf104d30360df898ef8239b64789c16e0baa9e87c78c52c08a676ecb62eba,ospf_ecmp,stochastic_routing_replicate,qos_only,,0,hotspot_high_load,ospf_ecmp,183895110,77014,500,147,79,274,0.294,0.158,4.9,10.612244897959183,20.0,6.947222222222222,39,98,-7.850145039603786,0.2700713688508169,0.16222222222222224,0.6690239504861842,0.0,0.21860186533527493,0.03774985877802037,0.11417435221783048,0.3466135458167331,0.21768707482993196,0.27450980392156865,98,0,454,0.21585903083700442,98,454,0,0.21585903083700442
1,ICC-AVOIDABLE-SWITCH-CLASSICAL-BASELINES-FORMAL-v1,classical_independent_gate_descriptive,80c657cb44bdb7ed3ba89fee0e67335da2f7a22236d9ae429265b8f0a7fc03c3,df7cf104d30360df898ef8239b64789c16e0baa9e87c78c52c08a676ecb62eba,ospf_ecmp,stochastic_routing_replicate,qos_only,,0,hotspot_high_load,ospf_ecmp,183895110,77015,500,163,69,268,0.326,0.138,5.433333333333334,10.104294478527608,21.0,6.665277777777778,34,91,-5.33259255940939,0.2588680073772206,0.1557716049382716,0.652853081425196,0.0,0.2369041345128301,0.03691062290995758,0.09954984628897673,0.37543859649122807,0.2556390977443609,0.2682926829268293,91,0,433,0.21016166281755197,91,433,0,0.21016166281755197
1,ICC-AVOIDABLE-SWITCH-CLASSICAL-BASELINES-FORMAL-v1,classical_independent_gate_descriptive,80c657cb44bdb7ed3ba89fee0e67335da2f7a22236d9ae429265b8f0a7fc03c3,df7cf104d30360df898ef8239b64789c16e0baa9e87c78c52c08a676ecb62eba,ospf_ecmp,stochastic_routing_replicate,qos_only,,0,hotspot_high_load,ospf_ecmp,183895110,77016,500,152,82,266,0.304,0.164,5.066666666666666,10.31578947368421,20.44999999999999,6.770833333333333,42,90,-7.17441539424062,0.2566487374938922,0.15805555555555553,0.6739900505265337,0.0,0.22451894723633853,0.03732162024634576,0.11698036263253654,0.3937007874015748,0.20567375886524822,0.21904761904761905,90,0,458,0.1965065502183406,90,458,0,0.1965065502183406
1,ICC-AVOIDABLE-SWITCH-CLASSICAL-BASELINES-FORMAL-v1,classical_independent_gate_descriptive,80c657cb44bdb7ed3ba89fee0e67335da2f7a22236d9ae429265b8f0a7fc03c3,df7cf104d30360df898ef8239b64789c16e0baa9e87c78c52c08a676ecb62eba,ospf_ecmp,stochastic_routing_replicate,qos_only,,0,hotspot_high_load,ospf_ecmp,183895110,77017,500,151,77,272,0.302,0.154,5.033333333333333,10.417218543046358,21.5,6.905555555555556,35,90,-7.129534575702148,0.26217372094067,0.16123456790123455,0.6667702602974425,0.0,0.2239197879415271,0.03758105394748515,0.11194711086015434,0.3425196850393701,0.22377622377622378,0.3106796116504854,90,0,449,0.20044543429844097,90,449,0,0.20044543429844097
1,ICC-AVOIDABLE-SWITCH-CLASSICAL-BASELINES-FORMAL-v1,classical_independent_gate_descriptive,80c657cb44bdb7ed3ba89fee0e67335da2f7a22236d9ae429265b8f0a7fc03c3,df7cf104d30360df898ef8239b64789c16e0baa9e87c78c52c08a676ecb62eba,ospf_ecmp,stochastic_routing_replicate,qos_only,,0,hotspot_high_load,ospf_ecmp,183895110,77018,500,160,71,269,0.32,0.142,5.333333333333333,9.8375,21.049999999999983,6.5125,33,95,-5.7703930294560335,0.2682578272223688,0.1524074074074074,0.6644715352456825,0.0,0.23679772553914433,0.037444438062657855,0.10278326745718049,0.3481781376518219,0.25333333333333335,0.34951456310679613,95,0,453,0.2097130242825607,95,453,0,0.2097130242825607
1,ICC-AVOIDABLE-SWITCH-CLASSICAL-BASELINES-FORMAL-v1,classical_independent_gate_descriptive,80c657cb44bdb7ed3ba89fee0e67335da2f7a22236d9ae429265b8f0a7fc03c3,df7cf104d30360df898ef8239b64789c16e0baa9e87c78c52c08a676ecb62eba,ospf_ecmp,stochastic_routing_replicate,qos_only,,0,hotspot_high_load,ospf_ecmp,183895110,77019,500,146,76,278,0.292,0.152,4.866666666666666,10.184931506849315,20.0,6.784722222222222,35,90,-7.332258907831407,0.2596412337787489,0.15873456790123455,0.684559010805578,0.0,0.22087772131250388,0.0381439883217986,0.11363244243679026,0.3283582089552239,0.2,0.31958762886597936,89,1,447,0.19910514541387025,89,447,1,0.19910514541387025
1,ICC-AVOIDABLE-SWITCH-CLASSICAL-BASELINES-FORMAL-v1,classical_independent_gate_descriptive,80c657cb44bdb7ed3ba89fee0e67335da2f7a22236d9ae429265b8f0a7fc03c3,df7cf104d30360df898ef8239b64789c16e0baa9e87c78c52c08a676ecb62eba,ospf_ecmp,stochastic_routing_replicate,qos_only,,0,hotspot_high_load,ospf_ecmp,183895110,77020,500,157,76,267,0.314,0.152,5.233333333333333,9.898089171974522,20.19999999999999,6.540277777777778,37,89,-6.254300607224498,0.26266367439506266,0.15296296296296294,0.6747292360985024,0.0,0.23570565907522428,0.03776042642871926,0.11180249701988833,0.3775933609958506,0.2127659574468085,0.3050847457627119,87,2,467,0.18629550321199143,87,467,2,0.18629550321199143
1,ICC-AVOIDABLE-SWITCH-CLASSICAL-BASELINES-FORMAL-v1,classical_independent_gate_descriptive,80c657cb44bdb7ed3ba89fee0e67335da2f7a22236d9ae429265b8f0a7fc03c3,df7cf104d30360df898ef8239b64789c16e0baa9e87c78c52c08a676ecb62eba,ospf_ecmp,stochastic_routing_replicate,qos_only,,0,hotspot_high_load,ospf_ecmp,310818925,77011,500,155,78,267,0.31,0.156,5.166666666666667,10.451612903225806,21.0,6.709722222222222,42,82,-6.919611764370974,0.27210878934860905,0.15672839506172836,0.6711768573846528,0.0,0.23175779534475188,0.03779022077063142,0.11289055147750798,0.3253012048192771,0.21794871794871795,0.42105263157894735,82,0,455,0.18021978021978022,82,455,0,0.18021978021978022
1,ICC-AVOIDABLE-SWITCH-CLASSICAL-BASELINES-FORMAL-v1,classical_independent_gate_descriptive,80c657cb44bdb7ed3ba89fee0e67335da2f7a22236d9ae429265b8f0a7fc03c3,df7cf104d30360df898ef8239b64789c16e0baa9e87c78c52c08a676ecb62eba,ospf_ecmp,stochastic_routing_replicate,qos_only,,0,hotspot_high_load,ospf_ecmp,310818925,77012,500,144,91,265,0.288,0.182,4.8,10.402777777777779,20.0,6.690277777777778,34,92,-9.415505709811185,0.2751299294973715,0.15623456790123455,0.6724608050310704,0.0,0.21106813476378694,0.03712826275351833,0.13245498462889765,0.3292181069958848,0.2261904761904762,0.29213483146067415,92,0,454,0.2026431718061674,92,454,0,0.2026431718061674
1,ICC-AVOIDABLE-SWITCH-CLASSICAL-BASELINES-FORMAL-v1,classical_independent_gate_descriptive,80c657cb44bdb7ed3ba89fee0e67335da2f7a22236d9ae429265b8f0a7fc03c3,df7cf104d30360df898ef8239b64789c16e0baa9e87c78c52c08a676ecb62eba,ospf_ecmp,stochastic_routing_replicate,qos_only,,0,hotspot_high_load,ospf_ecmp,310818925,77013,500,154,87,259,0.308,0.174,5.133333333333334,10.792207792207792,21.349999999999994,6.743055555555555,39,94,-8.242925940360301,0.2869559857707256,0.15722222222222224,0.6640938494681822,0.0,0.2285207666729406,0.0374953938430875,0.12445652173913044,0.36036036036036034,0.2111801242236025,0.3418803418803419,94,0,440,0.21363636363636362,94,440,0,0.21363636363636362
1,ICC-AVOIDABLE-SWITCH-CLASSICAL-BASELINES-FORMAL-v1,classical_independent_gate_descriptive,80c657cb44bdb7ed3ba89fee0e67335da2f7a22236d9ae429265b8f0a7fc03c3,df7cf104d30360df898ef8239b64789c16e0baa9e87c78c52c08a676ecb62eba,ospf_ecmp,stochastic_routing_replicate,qos_only,,0,hotspot_high_load,ospf_ecmp,310818925,77014,500,147,79,274,0.294,0.158,4.9,10.646258503401361,20.69999999999999,6.95,39,98,-7.822128950691367,0.26915891353405047,0.16228395061728396,0.6683159801892143,0.0,0.21860186533527495,0.03774985877802037,0.11417435221783048,0.350597609561753,0.21768707482993196,0.2647058823529412,98,0,455,0.2153846153846154,98,455,0,0.2153846153846154
1,ICC-AVOIDABLE-SWITCH-CLASSICAL-BASELINES-FORMAL-v1,classical_independent_gate_descriptive,80c657cb44bdb7ed3ba89fee0e67335da2f7a22236d9ae429265b8f0a7fc03c3,df7cf104d30360df898ef8239b64789c16e0baa9e87c78c52c08a676ecb62eba,ospf_ecmp,stochastic_routing_replicate,qos_only,,0,hotspot_high_load,ospf_ecmp,310818925,77015,500,163,69,268,0.326,0.138,5.433333333333334,10.098159509202453,21.0,6.663888888888889,34,90,-5.344004597328323,0.25919850128954197,0.15574074074074076,0.653599068521873,0.0,0.23690413451283013,0.03691062290995758,0.09954984628897673,0.37543859649122807,0.2556390977443609,0.2682926829268293,90,0,433,0.20785219399538107,90,433,0,0.20785219399538107
1,ICC-AVOIDABLE-SWITCH-CLASSICAL-BASELINES-FORMAL-v1,classical_independent_gate_descriptive,80c657cb44bdb7ed3ba89fee0e67335da2f7a22236d9ae429265b8f0a7fc03c3,df7cf104d30360df898ef8239b64789c16e0baa9e87c78c52c08a676ecb62eba,ospf_ecmp,stochastic_routing_replicate,qos_only,,0,hotspot_high_load,ospf_ecmp,310818925,77016,500,149,84,267,0.298,0.168,4.966666666666667,10.046979865771812,20.599999999999994,6.729166666666667,42,91,-7.431711345550388,0.2524740728447924,0.15716049382716052,0.6738359818170743,0.0,0.22061578518100255,0.03732162024634576,0.11981852688374425,0.38976377952755903,0.19148936170212766,0.21904761904761905,91,0,459,0.19825708061002179,91,459,0,0.19825708061002179
1,ICC-AVOIDABLE-SWITCH-CLASSICAL-BASELINES-FORMAL-v1,classical_independent_gate_descriptive,80c657cb44bdb7ed3ba89fee0e67335da2f7a22236d9ae429265b8f0a7fc03c3,df7cf104d30360df898ef8239b64789c16e0baa9e87c78c52c08a676ecb62eba,ospf_ecmp,stochastic_routing_replicate,qos_only,,0,hotspot_high_load,ospf_ecmp,310818925,77017,500,153,78,269,0.306,0.156,5.1,10.477124183006536,21.0,6.881944444444445,35,92,-7.012382086131879,0.26019527627499406,0.1606172839506173,0.6660612983186347,0.0,0.2259188154840329,0.03748220046022583,0.11327012359621055,0.3543307086614173,0.21678321678321677,0.3106796116504854,92,0,454,0.2026431718061674,92,454,0,0.2026431718061674
1,ICC-AVOIDABLE-SWITCH-CLASSICAL-BASELINES-FORMAL-v1,classical_independent_gate_descriptive,80c657cb44bdb7ed3ba89fee0e67335da2f7a22236d9ae429265b8f0a7fc03c3,df7cf104d30360df898ef8239b64789c16e0baa9e87c78c52c08a676ecb62eba,ospf_ecmp,stochastic_routing_replicate,qos_only,,0,hotspot_high_load,ospf_ecmp,310818925,77018,500,162,71,267,0.324,0.142,5.4,9.814814814814815,20.0,6.495833333333334,33,95,-5.5434985258357745,0.267799154821773,0.15197530864197528,0.6619408408799183,0.0,0.23957515109689018,0.03748769866673934,0.10230566534914362,0.3522267206477733,0.26,0.34951456310679613,95,0,451,0.2106430155210643,95,451,0,0.2106430155210643
1,ICC-AVOIDABLE-SWITCH-CLASSICAL-BASELINES-FORMAL-v1,classical_independent_gate_descriptive,80c657cb44bdb7ed3ba89fee0e67335da2f7a22236d9ae429265b8f0a7fc03c3,df7cf104d30360df898ef8239b64789c16e0baa9e87c78c52c08a676ecb62eba,ospf_ecmp,stochastic_routing_replicate,qos_only,,0,hotspot_high_load,ospf_ecmp,310818925,77019,500,146,75,279,0.292,0.15,4.866666666666666,10.136986301369863,19.0,6.775,36,90,-7.282366178864941,0.2612886816192383,0.15854938271604938,0.6836533601427981,0.0,0.22050363887320404,0.0380738282711646,0.11172595520421606,0.3283582089552239,0.2,0.31958762886597936,90,0,451,0.19955654101995565,90,451,0,0.19955654101995565
1,ICC-AVOIDABLE-SWITCH-CLASSICAL-BASELINES-FORMAL-v1,classical_independent_gate_descriptive,80c657cb44bdb7ed3ba89fee0e67335da2f7a22236d9ae429265b8f0a7fc03c3,df7cf104d30360df898ef8239b64789c16e0baa9e87c78c52c08a676ecb62eba,ospf_ecmp,stochastic_routing_replicate,qos_only,,0,hotspot_high_load,ospf_ecmp,310818925,77020,500,157,75,268,0.314,0.15,5.233333333333333,9.92356687898089,21.0,6.552777777777778,36,94,-6.252794594025064,0.2648092463687039,0.1532716049382716,0.6741984300558295,0.0,0.23511387163561076,0.03771153985812756,0.1100183512140034,0.37344398340248963,0.2198581560283688,0.3050847457627119,92,2,468,0.19658119658119658,92,468,2,0.19658119658119658
1,ICC-AVOIDABLE-SWITCH-CLASSICAL-BASELINES-FORMAL-v1,classical_independent_gate_descriptive,80c657cb44bdb7ed3ba89fee0e67335da2f7a22236d9ae429265b8f0a7fc03c3,df7cf104d30360df898ef8239b64789c16e0baa9e87c78c52c08a676ecb62eba,ospf_ecmp,stochastic_routing_replicate,qos_only,,0,hotspot_high_load,ospf_ecmp,2136406109,77011,500,155,78,267,0.31,0.156,5.166666666666667,10.503225806451614,21.0,6.708333333333333,42,83,-6.980074085308315,0.2736568891165697,0.15669753086419752,0.6711448531492219,0.0,0.23182288725766984,0.037801536423365784,0.11320267896354852,0.3253012048192771,0.21794871794871795,0.42105263157894735,83,0,454,0.1828193832599119,83,454,0,0.1828193832599119
1,ICC-AVOIDABLE-SWITCH-CLASSICAL-BASELINES-FORMAL-v1,classical_independent_gate_descriptive,80c657cb44bdb7ed3ba89fee0e67335da2f7a22236d9ae429265b8f0a7fc03c3,df7cf104d30360df898ef8239b64789c16e0baa9e87c78c52c08a676ecb62eba,ospf_ecmp,stochastic_routing_replicate,qos_only,,0,hotspot_high_load,ospf_ecmp,2136406109,77012,500,146,91,263,0.292,0.182,4.866666666666666,10.60958904109589,22.0,6.6875,34,94,-9.253735214335645,0.2768319822739788,0.15611111111111112,0.6676293212337758,0.0,0.21357613401091663,0.037079602733587035,0.13170917247004202,0.34156378600823045,0.22023809523809523,0.29213483146067415,94,0,452,0.2079646017699115,94,452,0,0.2079646017699115
1,ICC-AVOIDABLE-SWITCH-CLASSICAL-BASELINES-FORMAL-v1,classical_independent_gate_descriptive,80c657cb44bdb7ed3ba89fee0e67335da2f7a22236d9ae429265b8f0a7fc03c3,df7cf104d30360df898ef8239b64789c16e0baa9e87c78c52c08a676ecb62eba,ospf_ecmp,stochastic_routing_replicate,qos_only,,0,hotspot_high_load,ospf_ecmp,2136406109,77013,500,149,91,260,0.298,0.182,4.966666666666667,10.778523489932885,21.0,6.777777777777778,41,96,-8.838657441684632,0.28138377748584614,0.1580246913580247,0.667302394816058,0.0,0.22139328063241107,0.03760269645422124,0.12955721814417467,0.36036036036036034,0.19875776397515527,0.3162393162393162,96,0,443,0.21670428893905191,96,443,0,0.21670428893905191
1,ICC-AVOIDABLE-SWITCH-CLASSICAL-BASELINES-FORMAL-v1,classical_independent_gate_descriptive,80c657cb44bdb7ed3ba89fee0e67335da2f7a22236d9ae429265b8f0a7fc03c3,df7cf104d30360df898ef8239b64789c16e0baa9e87c78c52c08a676ecb62eba,ospf_ecmp,stochastic_routing_replicate,qos_only,,0,hotspot_high_load,ospf_ecmp,2136406109,77014,500,148,78,274,0.296,0.156,4.933333333333334,10.695945945945946,20.650000000000006,6.9430555555555555,39,97,-7.673702490260004,0.2706025395224054,0.16212962962962965,0.6671307293536367,0.0,0.2191429908764005,0.037585492148390985,0.11164909969257798,0.350597609561753,0.21768707482993196,0.27450980392156865,97,0,455,0.21318681318681318,97,455,0,0.21318681318681318
1,ICC-AVOIDABLE-SWITCH-CLASSICAL-BASELINES-FORMAL-v1,classical_independent_gate_descriptive,80c657cb44bdb7ed3ba89fee0e67335da2f7a22236d9ae429265b8f0a7fc03c3,df7cf104d30360df898ef8239b64789c16e0baa9e87c78c52c08a676ecb62eba,ospf_ecmp,stochastic_routing_replicate,qos_only,,0,hotspot_high_load,ospf_ecmp,2136406109,77015,500,163,69,268,0.326,0.138,5.433333333333334,10.098159509202453,21.0,6.663888888888889,34,90,-5.343669928052423,0.25919850128954197,0.15574074074074076,0.653487512096573,0.0,0.23690413451283013,0.03691062290995758,0.09954984628897673,0.37543859649122807,0.2556390977443609,0.2682926829268293,90,0,433,0.20785219399538107,90,433,0,0.20785219399538107
1,ICC-AVOIDABLE-SWITCH-CLASSICAL-BASELINES-FORMAL-v1,classical_independent_gate_descriptive,80c657cb44bdb7ed3ba89fee0e67335da2f7a22236d9ae429265b8f0a7fc03c3,df7cf104d30360df898ef8239b64789c16e0baa9e87c78c52c08a676ecb62eba,ospf_ecmp,stochastic_routing_replicate,qos_only,,0,hotspot_high_load,ospf_ecmp,2136406109,77016,500,149,83,268,0.298,0.166,4.966666666666667,10.174496644295303,20.599999999999994,6.766666666666667,42,91,-7.533734273064955,0.257309225469334,0.1580246913580247,0.6737954614690065,0.0,0.22084086203651415,0.037373263092918135,0.11898017441495701,0.3858267716535433,0.19858156028368795,0.21904761904761905,91,0,459,0.19825708061002179,91,459,0,0.19825708061002179
1,ICC-AVOIDABLE-SWITCH-CLASSICAL-BASELINES-FORMAL-v1,classical_independent_gate_descriptive,80c657cb44bdb7ed3ba89fee0e67335da2f7a22236d9ae429265b8f0a7fc03c3,df7cf104d30360df898ef8239b64789c16e0baa9e87c78c52c08a676ecb62eba,ospf_ecmp,stochastic_routing_replicate,qos_only,,0,hotspot_high_load,ospf_ecmp,2136406109,77017,500,150,79,271,0.3,0.158,5.0,10.466666666666667,21.549999999999983,6.884722222222222,34,91,-7.344202110590126,0.2603601533827301,0.16074074074074074,0.6667032763358125,0.0,0.22206427630340675,0.03752645153661647,0.11477978543195935,0.35039370078740156,0.2097902097902098,0.30097087378640774,91,0,454,0.20044052863436124,91,454,0,0.20044052863436124
1,ICC-AVOIDABLE-SWITCH-CLASSICAL-BASELINES-FORMAL-v1,classical_independent_gate_descriptive,80c657cb44bdb7ed3ba89fee0e67335da2f7a22236d9ae429265b8f0a7fc03c3,df7cf104d30360df898ef8239b64789c16e0baa9e87c78c52c08a676ecb62eba,ospf_ecmp,stochastic_routing_replicate,qos_only,,0,hotspot_high_load,ospf_ecmp,2136406109,77018,500,158,73,269,0.316,0.146,5.266666666666667,9.810126582278482,21.150000000000006,6.5125,33,98,-6.0672346530052925,0.26786184072138575,0.1524074074074074,0.6656131871938219,0.0,0.2348869648869649,0.0376437456230914,0.1059508124725516,0.3481781376518219,0.24666666666666667,0.33980582524271846,98,0,454,0.21585903083700442,98,454,0,0.21585903083700442
1,ICC-AVOIDABLE-SWITCH-CLASSICAL-BASELINES-FORMAL-v1,classical_independent_gate_descriptive,80c657cb44bdb7ed3ba89fee0e67335da2f7a22236d9ae429265b8f0a7fc03c3,df7cf104d30360df898ef8239b64789c16e0baa9e87c78c52c08a676ecb62eba,ospf_ecmp,stochastic_routing_replicate,qos_only,,0,hotspot_high_load,ospf_ecmp,2136406109,77019,500,147,77,276,0.294,0.154,4.9,10.115646258503402,20.0,6.738888888888889,35,89,-7.126934544042765,0.25267831636360033,0.15765432098765433,0.6848334990828061,0.0,0.22184625760712715,0.038084413554572115,0.1150817177991091,0.3358208955223881,0.1925925925925926,0.31958762886597936,88,1,450,0.19555555555555557,88,450,1,0.19555555555555557
1,ICC-AVOIDABLE-SWITCH-CLASSICAL-BASELINES-FORMAL-v1,classical_independent_gate_descriptive,80c657cb44bdb7ed3ba89fee0e67335da2f7a22236d9ae429265b8f0a7fc03c3,df7cf104d30360df898ef8239b64789c16e0baa9e87c78c52c08a676ecb62eba,ospf_ecmp,stochastic_routing_replicate,qos_only,,0,hotspot_high_load,ospf_ecmp,2136406109,77020,500,156,76,268,0.312,0.152,5.2,9.884615384615385,20.25,6.552777777777778,36,92,-6.3978608448713725,0.263131083352405,0.1532716049382716,0.6748390146913833,0.0,0.23340391492565407,0.037705837832167896,0.1115335027291549,0.37344398340248963,0.2127659574468085,0.3050847457627119,90,2,469,0.19189765458422176,90,469,2,0.19189765458422176
1,ICC-AVOIDABLE-SWITCH-CLASSICAL-BASELINES-FORMAL-v1,classical_independent_gate_descriptive,80c657cb44bdb7ed3ba89fee0e67335da2f7a22236d9ae429265b8f0a7fc03c3,df7cf104d30360df898ef8239b64789c16e0baa9e87c78c52c08a676ecb62eba,ospf_ecmp,stochastic_routing_replicate,qos_only,,0,hotspot_high_load,ospf_ecmp,985998595,77011,500,155,79,266,0.31,0.158,5.166666666666667,10.393548387096773,21.0,6.711111111111111,43,81,-6.971139823795971,0.27106553548611617,0.1567283950617284,0.6703005737458871,0.0,0.23220026350461134,0.037794606101331236,0.11475704247443376,0.3293172690763052,0.21794871794871795,0.4105263157894737,81,0,454,0.17841409691629956,81,454,0,0.17841409691629956
1,ICC-AVOIDABLE-SWITCH-CLASSICAL-BASELINES-FORMAL-v1,classical_independent_gate_descriptive,80c657cb44bdb7ed3ba89fee0e67335da2f7a22236d9ae429265b8f0a7fc03c3,df7cf104d30360df898ef8239b64789c16e0baa9e87c78c52c08a676ecb62eba,ospf_ecmp,stochastic_routing_replicate,qos_only,,0,hotspot_high_load,ospf_ecmp,985998595,77012,500,145,91,264,0.29,0.182,4.833333333333333,10.448275862068966,20.0,6.6875,34,92,-9.321174474186204,0.27524844660360415,0.156141975308642,0.6709302484007392,0.0,0.21218802936194242,0.037073674156966975,0.1320597277119016,0.3333333333333333,0.2261904761904762,0.29213483146067415,92,0,453,0.20309050772626933,92,453,0,0.20309050772626933
1,ICC-AVOIDABLE-SWITCH-CLASSICAL-BASELINES-FORMAL-v1,classical_independent_gate_descriptive,80c657cb44bdb7ed3ba89fee0e67335da2f7a22236d9ae429265b8f0a7fc03c3,df7cf104d30360df898ef8239b64789c16e0baa9e87c78c52c08a676ecb62eba,ospf_ecmp,stochastic_routing_replicate,qos_only,,0,hotspot_high_load,ospf_ecmp,985998595,77013,500,151,89,260,0.302,0.178,5.033333333333333,10.721854304635762,21.5,6.770833333333333,41,99,-8.616996157766039,0.2846059036962689,0.15787037037037036,0.664300098317487,0.0,0.22402079804253716,0.037484764559480584,0.12709705753184014,0.35585585585585583,0.2111801242236025,0.3247863247863248,99,0,442,0.2239819004524887,99,442,0,0.2239819004524887
1,ICC-AVOIDABLE-SWITCH-CLASSICAL-BASELINES-FORMAL-v1,classical_independent_gate_descriptive,80c657cb44bdb7ed3ba89fee0e67335da2f7a22236d9ae429265b8f0a7fc03c3,df7cf104d30360df898ef8239b64789c16e0baa9e87c78c52c08a676ecb62eba,ospf_ecmp,stochastic_routing_replicate,qos_only,,0,hotspot_high_load,ospf_ecmp,985998595,77014,500,147,79,274,0.294,0.158,4.9,10.646258503401361,20.69999999999999,6.95,39,96,-7.820186409402809,0.26915891353405047,0.16228395061728396,0.6690518931021369,0.0,0.21903476576817538,0.037809433545246865,0.11453510257858085,0.350597609561753,0.21768707482993196,0.2647058823529412,96,0,455,0.210989010989011,96,455,0,0.210989010989011
1,ICC-AVOIDABLE-SWITCH-CLASSICAL-BASELINES-FORMAL-v1,classical_independent_gate_descriptive,80c657cb44bdb7ed3ba89fee0e67335da2f7a22236d9ae429265b8f0a7fc03c3,df7cf104d30360df898ef8239b64789c16e0baa9e87c78c52c08a676ecb62eba,ospf_ecmp,stochastic_routing_replicate,qos_only,,0,hotspot_high_load,ospf_ecmp,985998595,77015,500,163,69,268,0.326,0.138,5.433333333333334,10.098159509202453,21.0,6.663888888888889,34,90,-5.344566255710589,0.25919850128954197,0.15574074074074076,0.6537862879826288,0.0,0.23690413451283013,0.03691062290995758,0.09954984628897673,0.37543859649122807,0.2556390977443609,0.2682926829268293,90,0,433,0.20785219399538107,90,433,0,0.20785219399538107
1,ICC-AVOIDABLE-SWITCH-CLASSICAL-BASELINES-FORMAL-v1,classical_independent_gate_descriptive,80c657cb44bdb7ed3ba89fee0e67335da2f7a22236d9ae429265b8f0a7fc03c3,df7cf104d30360df898ef8239b64789c16e0baa9e87c78c52c08a676ecb62eba,ospf_ecmp,stochastic_routing_replicate,qos_only,,0,hotspot_high_load,ospf_ecmp,985998595,77016,500,151,83,266,0.302,0.166,5.033333333333333,10.23841059602649,20.0,6.768055555555556,42,90,-7.277710751896457,0.25504123758637215,0.15799382716049382,0.6734547236116035,0.0,0.22361079741514522,0.037380051283002855,0.11864608821130558,0.38976377952755903,0.19858156028368795,0.22857142857142856,90,0,459,0.19607843137254902,90,459,0,0.19607843137254902
1,ICC-AVOIDABLE-SWITCH-CLASSICAL-BASELINES-FORMAL-v1,classical_independent_gate_descriptive,80c657cb44bdb7ed3ba89fee0e67335da2f7a22236d9ae429265b8f0a7fc03c3,df7cf104d30360df898ef8239b64789c16e0baa9e87c78c52c08a676ecb62eba,ospf_ecmp,stochastic_routing_replicate,qos_only,,0,hotspot_high_load,ospf_ecmp,985998595,77017,500,152,77,271,0.304,0.154,5.066666666666666,10.381578947368421,21.0,6.8902777777777775,35,94,-7.153150341849925,0.26566278311643815,0.1608641975308642,0.6667680088069682,0.0,0.22453071083505866,0.03749394048495823,0.111359715164063,0.3464566929133858,0.22377622377622378,0.3106796116504854,94,0,454,0.20704845814977973,94,454,0,0.20704845814977973
1,ICC-AVOIDABLE-SWITCH-CLASSICAL-BASELINES-FORMAL-v1,classical_independent_gate_descriptive,80c657cb44bdb7ed3ba89fee0e67335da2f7a22236d9ae429265b8f0a7fc03c3,df7cf104d30360df898ef8239b64789c16e0baa9e87c78c52c08a676ecb62eba,ospf_ecmp,stochastic_routing_replicate,qos_only,,0,hotspot_high_load,ospf_ecmp,985998595,77018,500,160,71,269,0.32,0.142,5.333333333333333,9.81875,21.049999999999983,6.511111111111111,33,97,-5.77511864839325,0.26848086953566397,0.1523765432098765,0.665270961473982,0.0,0.23685811201257426,0.037444438062657855,0.10278326745718049,0.3481781376518219,0.25333333333333335,0.34951456310679613,97,0,454,0.21365638766519823,97,454,0,0.21365638766519823
1,ICC-AVOIDABLE-SWITCH-CLASSICAL-BASELINES-FORMAL-v1,classical_independent_gate_descriptive,80c657cb44bdb7ed3ba89fee0e67335da2f7a22236d9ae429265b8f0a7fc03c3,df7cf104d30360df898ef8239b64789c16e0baa9e87c78c52c08a676ecb62eba,ospf_ecmp,stochastic_routing_replicate,qos_only,,0,hotspot_high_load,ospf_ecmp,985998595,77019,500,147,77,276,0.294,0.154,4.9,10.170068027210885,20.0,6.748611111111111,35,86,-7.152870298073201,0.2527460708326458,0.15787037037037038,0.6849813091210326,0.0,0.2222007340485601,0.038184322159527155,0.1157357738879478,0.3358208955223881,0.1925925925925926,0.31958762886597936,86,0,450,0.19111111111111112,86,450,0,0.19111111111111112
1,ICC-AVOIDABLE-SWITCH-CLASSICAL-BASELINES-FORMAL-v1,classical_independent_gate_descriptive,80c657cb44bdb7ed3ba89fee0e67335da2f7a22236d9ae429265b8f0a7fc03c3,df7cf104d30360df898ef8239b64789c16e0baa9e87c78c52c08a676ecb62eba,ospf_ecmp,stochastic_routing_replicate,qos_only,,0,hotspot_high_load,ospf_ecmp,985998595,77020,500,156,76,268,0.312,0.152,5.2,9.871794871794872,20.25,6.55,36,93,-6.403427617275254,0.26347202245402596,0.1532098765432099,0.6739866647791061,0.0,0.23317052512704686,0.03766133659227602,0.1112919568354351,0.37344398340248963,0.2127659574468085,0.3050847457627119,91,2,470,0.19361702127659575,91,470,2,0.19361702127659575
1,ICC-AVOIDABLE-SWITCH-CLASSICAL-BASELINES-FORMAL-v1,classical_independent_gate_descriptive,80c657cb44bdb7ed3ba89fee0e67335da2f7a22236d9ae429265b8f0a7fc03c3,df7cf104d30360df898ef8239b64789c16e0baa9e87c78c52c08a676ecb62eba,ospf_ecmp,stochastic_routing_replicate,qos_only,,0,hotspot_high_load,ospf_ecmp,515636025,77011,500,154,78,268,0.308,0.156,5.133333333333334,10.474025974025974,21.0,6.711111111111111,42,84,-7.089785488228537,0.2744230934499864,0.15679012345679014,0.6720918159960267,0.0,0.2301111721992729,0.0377990608109795,0.11285212372168892,0.321285140562249,0.21794871794871795,0.42105263157894735,84,0,457,0.1838074398249453,84,457,0,0.1838074398249453
1,ICC-AVOIDABLE-SWITCH-CLASSICAL-BASELINES-FORMAL-v1,classical_independent_gate_descriptive,80c657cb44bdb7ed3ba89fee0e67335da2f7a22236d9ae429265b8f0a7fc03c3,df7cf104d30360df898ef8239b64789c16e0baa9e87c78c52c08a676ecb62eba,ospf_ecmp,stochastic_routing_replicate,qos_only,,0,hotspot_high_load,ospf_ecmp,515636025,77012,500,145,91,264,0.29,0.182,4.833333333333333,10.565517241379311,21.799999999999983,6.691666666666666,34,94,-9.398751605848474,0.27835446364907945,0.15623456790123455,0.6695078250211987,0.0,0.21246172909216388,0.03713419133013839,0.13210442938703806,0.3333333333333333,0.22023809523809523,0.30337078651685395,94,0,453,0.20750551876379691,94,453,0,0.20750551876379691
1,ICC-AVOIDABLE-SWITCH-CLASSICAL-BASELINES-FORMAL-v1,classical_independent_gate_descriptive,80c657cb44bdb7ed3ba89fee0e67335da2f7a22236d9ae429265b8f0a7fc03c3,df7cf104d30360df898ef8239b64789c16e0baa9e87c78c52c08a676ecb62eba,ospf_ecmp,stochastic_routing_replicate,qos_only,,0,hotspot_high_load,ospf_ecmp,515636025,77013,500,151,89,260,0.302,0.178,5.033333333333333,10.721854304635762,21.5,6.770833333333333,41,99,-8.618659298196006,0.2846059036962689,0.15787037037037036,0.6648544784608095,0.0,0.22402079804253716,0.037484764559480584,0.12709705753184014,0.35585585585585583,0.2111801242236025,0.3247863247863248,99,0,443,0.2234762979683973,99,443,0,0.2234762979683973
1,ICC-AVOIDABLE-SWITCH-CLASSICAL-BASELINES-FORMAL-v1,classical_independent_gate_descriptive,80c657cb44bdb7ed3ba89fee0e67335da2f7a22236d9ae429265b8f0a7fc03c3,df7cf104d30360df898ef8239b64789c16e0baa9e87c78c52c08a676ecb62eba,ospf_ecmp,stochastic_routing_replicate,qos_only,,0,hotspot_high_load,ospf_ecmp,515636025,77014,500,147,79,274,0.294,0.158,4.9,10.619047619047619,20.0,6.948611111111111,39,98,-7.853710429771537,0.2700769389915315,0.16225308641975308,0.6699097988880415,0.0,0.21860186533527495,0.03774985877802037,0.11417435221783048,0.3466135458167331,0.21768707482993196,0.27450980392156865,98,0,454,0.21585903083700442,98,454,0,0.21585903083700442
1,ICC-AVOIDABLE-SWITCH-CLASSICAL-BASELINES-FORMAL-v1,classical_independent_gate_descriptive,80c657cb44bdb7ed3ba89fee0e67335da2f7a22236d9ae429265b8f0a7fc03c3,df7cf104d30360df898ef8239b64789c16e0baa9e87c78c52c08a676ecb62eba,ospf_ecmp,stochastic_routing_replicate,qos_only,,0,hotspot_high_load,ospf_ecmp,515636025,77015,500,163,69,268,0.326,0.138,5.433333333333334,10.104294478527608,21.0,6.665277777777778,34,91,-5.33265477511126,0.2588680073772206,0.1557716049382716,0.6528738199924858,0.0,0.2369041345128301,0.03691062290995758,0.09954984628897673,0.37543859649122807,0.2556390977443609,0.2682926829268293,91,0,433,0.21016166281755197,91,433,0,0.21016166281755197
1,ICC-AVOIDABLE-SWITCH-CLASSICAL-BASELINES-FORMAL-v1,classical_independent_gate_descriptive,80c657cb44bdb7ed3ba89fee0e67335da2f7a22236d9ae429265b8f0a7fc03c3,df7cf104d30360df898ef8239b64789c16e0baa9e87c78c52c08a676ecb62eba,ospf_ecmp,stochastic_routing_replicate,qos_only,,0,hotspot_high_load,ospf_ecmp,515636025,77016,500,149,83,268,0.298,0.166,4.966666666666667,10.120805369127517,20.0,6.766666666666667,42,91,-7.457589729115738,0.255481679509513,0.15802469135802472,0.6725992418715226,0.0,0.22073028420854507,0.037376596595520346,0.11857393813915551,0.3858267716535433,0.19858156028368795,0.21904761904761905,91,0,456,0.19956140350877194,91,456,0,0.19956140350877194
1,ICC-AVOIDABLE-SWITCH-CLASSICAL-BASELINES-FORMAL-v1,classical_independent_gate_descriptive,80c657cb44bdb7ed3ba89fee0e67335da2f7a22236d9ae429265b8f0a7fc03c3,df7cf104d30360df898ef8239b64789c16e0baa9e87c78c52c08a676ecb62eba,ospf_ecmp,stochastic_routing_replicate,qos_only,,0,hotspot_high_load,ospf_ecmp,515636025,77017,500,152,77,271,0.304,0.154,5.066666666666666,10.381578947368421,21.0,6.8902777777777775,35,93,-7.152569149697652,0.26566278311643815,0.1608641975308642,0.6665742780895437,0.0,0.22453071083505866,0.03749394048495823,0.111359715164063,0.3464566929133858,0.22377622377622378,0.3106796116504854,93,0,453,0.2052980132450331,93,453,0,0.2052980132450331
1,ICC-AVOIDABLE-SWITCH-CLASSICAL-BASELINES-FORMAL-v1,classical_independent_gate_descriptive,80c657cb44bdb7ed3ba89fee0e67335da2f7a22236d9ae429265b8f0a7fc03c3,df7cf104d30360df898ef8239b64789c16e0baa9e87c78c52c08a676ecb62eba,ospf_ecmp,stochastic_routing_replicate,qos_only,,0,hotspot_high_load,ospf_ecmp,515636025,77018,500,158,73,269,0.316,0.146,5.266666666666667,9.683544303797468,21.0,6.472222222222222,33,94,-6.067763472133824,0.26738439351701915,0.1515123456790123,0.6660686852279812,0.0,0.23411327231121282,0.03744882339335768,0.10576965305226174,0.3481781376518219,0.24,0.34951456310679613,94,0,456,0.20614035087719298,94,456,0,0.20614035087719298
1,ICC-AVOIDABLE-SWITCH-CLASSICAL-BASELINES-FORMAL-v1,classical_independent_gate_descriptive,80c657cb44bdb7ed3ba89fee0e67335da2f7a22236d9ae429265b8f0a7fc03c3,df7cf104d30360df898ef8239b64789c16e0baa9e87c78c52c08a676ecb62eba,ospf_ecmp,stochastic_routing_replicate,qos_only,,0,hotspot_high_load,ospf_ecmp,515636025,77019,500,147,75,278,0.294,0.15,4.9,10.224489795918368,19.69999999999999,6.781944444444444,36,87,-7.278097570014537,0.263574029250731,0.15867283950617284,0.6843947554606947,0.0,0.22180390865173472,0.0380738282711646,0.11172595520421606,0.3283582089552239,0.2074074074074074,0.31958762886597936,87,0,452,0.19247787610619468,87,452,0,0.19247787610619468
1,ICC-AVOIDABLE-SWITCH-CLASSICAL-BASELINES-FORMAL-v1,classical_independent_gate_descriptive,80c657cb44bdb7ed3ba89fee0e67335da2f7a22236d9ae429265b8f0a7fc03c3,df7cf104d30360df898ef8239b64789c16e0baa9e87c78c52c08a676ecb62eba,ospf_ecmp,stochastic_routing_replicate,qos_only,,0,hotspot_high_load,ospf_ecmp,515636025,77020,500,156,78,266,0.312,0.156,5.2,9.865384615384615,20.25,6.538888888888889,37,90,-6.432886392050419,0.25952828730006466,0.1529012345679012,0.6752510268384099,0.0,0.23379525064307674,0.037705837832167896,0.1144375431331953,0.3817427385892116,0.20567375886524822,0.2966101694915254,88,2,469,0.18763326226012794,88,469,2,0.18763326226012794
1,ICC-AVOIDABLE-SWITCH-CLASSICAL-BASELINES-FORMAL-v1,classical_independent_gate_descriptive,80c657cb44bdb7ed3ba89fee0e67335da2f7a22236d9ae429265b8f0a7fc03c3,df7cf104d30360df898ef8239b64789c16e0baa9e87c78c52c08a676ecb62eba,global_dijkstra,deterministic_workload_reference,qos_only,,0,hotspot_high_load,global_dijkstra,-1,77011,500,154,78,268,0.308,0.156,5.133333333333334,10.474025974025974,21.0,6.711111111111111,42,84,-7.0897832870929305,0.2744230934499864,0.15679012345679014,0.6720910822841583,0.0,0.2301111721992729,0.0377990608109795,0.11285212372168892,0.321285140562249,0.21794871794871795,0.42105263157894735,84,0,457,0.1838074398249453,84,457,0,0.1838074398249453
1,ICC-AVOIDABLE-SWITCH-CLASSICAL-BASELINES-FORMAL-v1,classical_independent_gate_descriptive,80c657cb44bdb7ed3ba89fee0e67335da2f7a22236d9ae429265b8f0a7fc03c3,df7cf104d30360df898ef8239b64789c16e0baa9e87c78c52c08a676ecb62eba,global_dijkstra,deterministic_workload_reference,qos_only,,0,hotspot_high_load,global_dijkstra,-1,77012,500,144,91,265,0.288,0.182,4.8,10.618055555555555,21.849999999999994,6.729166666666667,34,92,-9.554177726629833,0.2811056644078,0.1570987654320988,0.6701482730239632,0.0,0.21129791705878664,0.03718823703609567,0.1317750486228747,0.3292181069958848,0.2261904761904762,0.29213483146067415,92,0,452,0.20353982300884957,92,452,0,0.20353982300884957
1,ICC-AVOIDABLE-SWITCH-CLASSICAL-BASELINES-FORMAL-v1,classical_independent_gate_descriptive,80c657cb44bdb7ed3ba89fee0e67335da2f7a22236d9ae429265b8f0a7fc03c3,df7cf104d30360df898ef8239b64789c16e0baa9e87c78c52c08a676ecb62eba,global_dijkstra,deterministic_workload_reference,qos_only,,0,hotspot_high_load,global_dijkstra,-1,77013,500,149,90,261,0.298,0.18,4.966666666666667,10.818791946308725,21.599999999999994,6.7875,41,96,-8.980565716266714,0.28700232742837145,0.1582716049382716,0.6658571182727329,0.0,0.2210568417090156,0.03749100851238767,0.12875572495137713,0.35135135135135137,0.19875776397515527,0.3333333333333333,96,0,445,0.2157303370786517,96,445,0,0.2157303370786517
1,ICC-AVOIDABLE-SWITCH-CLASSICAL-BASELINES-FORMAL-v1,classical_independent_gate_descriptive,80c657cb44bdb7ed3ba89fee0e67335da2f7a22236d9ae429265b8f0a7fc03c3,df7cf104d30360df898ef8239b64789c16e0baa9e87c78c52c08a676ecb62eba,global_dijkstra,deterministic_workload_reference,qos_only,,0,hotspot_high_load,global_dijkstra,-1,77014,500,148,78,274,0.296,0.156,4.933333333333334,10.702702702702704,20.650000000000006,6.944444444444445,39,96,-7.66055770091673,0.2700436069045798,0.16216049382716052,0.6680915455038875,0.0,0.21914299087640052,0.037585492148390985,0.11164909969257798,0.350597609561753,0.21768707482993196,0.27450980392156865,96,0,455,0.210989010989011,96,455,0,0.210989010989011
1,ICC-AVOIDABLE-SWITCH-CLASSICAL-BASELINES-FORMAL-v1,classical_independent_gate_descriptive,80c657cb44bdb7ed3ba89fee0e67335da2f7a22236d9ae429265b8f0a7fc03c3,df7cf104d30360df898ef8239b64789c16e0baa9e87c78c52c08a676ecb62eba,global_dijkstra,deterministic_workload_reference,qos_only,,0,hotspot_high_load,global_dijkstra,-1,77015,500,161,71,268,0.322,0.142,5.366666666666666,9.993788819875776,21.0,6.645833333333333,33,87,-5.61090645793577,0.2565540919294558,0.1553395061728395,0.6548848751901664,0.0,0.23411631846414455,0.03689554938262297,0.10262955643390424,0.37543859649122807,0.24060150375939848,0.2682926829268293,87,0,434,0.20046082949308755,87,434,0,0.20046082949308755
1,ICC-AVOIDABLE-SWITCH-CLASSICAL-BASELINES-FORMAL-v1,classical_independent_gate_descriptive,80c657cb44bdb7ed3ba89fee0e67335da2f7a22236d9ae429265b8f0a7fc03c3,df7cf104d30360df898ef8239b64789c16e0baa9e87c78c52c08a676ecb62eba,global_dijkstra,deterministic_workload_reference,qos_only,,0,hotspot_high_load,global_dijkstra,-1,77016,500,150,84,266,0.3,0.168,5.0,10.14,21.0,6.726388888888889,42,91,-7.408222868566685,0.2537193171234039,0.1570679012345679,0.6734022052678772,0.0,0.22197722567287784,0.03731828674374356,0.12022476315954575,0.3937007874015748,0.19148936170212766,0.21904761904761905,91,0,460,0.19782608695652174,91,460,0,0.19782608695652174
1,ICC-AVOIDABLE-SWITCH-CLASSICAL-BASELINES-FORMAL-v1,classical_independent_gate_descriptive,80c657cb44bdb7ed3ba89fee0e67335da2f7a22236d9ae429265b8f0a7fc03c3,df7cf104d30360df898ef8239b64789c16e0baa9e87c78c52c08a676ecb62eba,global_dijkstra,deterministic_workload_reference,qos_only,,0,hotspot_high_load,global_dijkstra,-1,77017,500,152,78,270,0.304,0.156,5.066666666666666,10.467105263157896,21.0,6.8875,35,96,-7.1197106318392525,0.2617934728470376,0.1607716049382716,0.6674029828467272,0.0,0.2246632473806387,0.03749394048495823,0.1128748666792145,0.35039370078740156,0.21678321678321677,0.3106796116504854,96,0,455,0.210989010989011,96,455,0,0.210989010989011
1,ICC-AVOIDABLE-SWITCH-CLASSICAL-BASELINES-FORMAL-v1,classical_independent_gate_descriptive,80c657cb44bdb7ed3ba89fee0e67335da2f7a22236d9ae429265b8f0a7fc03c3,df7cf104d30360df898ef8239b64789c16e0baa9e87c78c52c08a676ecb62eba,global_dijkstra,deterministic_workload_reference,qos_only,,0,hotspot_high_load,global_dijkstra,-1,77018,500,162,70,268,0.324,0.14,5.4,9.858024691358025,21.0,6.493055555555555,33,95,-5.490201787454355,0.26925656815900584,0.15194444444444447,0.664539583688838,0.0,0.2404758107389686,0.0374979748311116,0.10147123407992972,0.3522267206477733,0.25333333333333335,0.3592233009708738,95,0,453,0.2097130242825607,95,453,0,0.2097130242825607
1,ICC-AVOIDABLE-SWITCH-CLASSICAL-BASELINES-FORMAL-v1,classical_independent_gate_descriptive,80c657cb44bdb7ed3ba89fee0e67335da2f7a22236d9ae429265b8f0a7fc03c3,df7cf104d30360df898ef8239b64789c16e0baa9e87c78c52c08a676ecb62eba,global_dijkstra,deterministic_workload_reference,qos_only,,0,hotspot_high_load,global_dijkstra,-1,77019,500,147,76,277,0.294,0.152,4.9,10.210884353741497,20.0,6.784722222222222,35,92,-7.2285502532742525,0.2591995572772399,0.1587037037037037,0.6837039219214263,0.0,0.22193017127799736,0.038078711528612454,0.11323561703996486,0.332089552238806,0.2,0.31958762886597936,91,1,447,0.203579418344519,91,447,1,0.203579418344519
1,ICC-AVOIDABLE-SWITCH-CLASSICAL-BASELINES-FORMAL-v1,classical_independent_gate_descriptive,80c657cb44bdb7ed3ba89fee0e67335da2f7a22236d9ae429265b8f0a7fc03c3,df7cf104d30360df898ef8239b64789c16e0baa9e87c78c52c08a676ecb62eba,global_dijkstra,deterministic_workload_reference,qos_only,,0,hotspot_high_load,global_dijkstra,-1,77020,500,156,78,266,0.312,0.156,5.2,9.865384615384615,20.25,6.538888888888889,37,89,-6.428344328774545,0.25952828730006466,0.1529012345679012,0.6749999402065544,0.0,0.23419050756007279,0.03776042642871926,0.11476692389735868,0.3817427385892116,0.20567375886524822,0.2966101694915254,87,2,468,0.1858974358974359,87,468,2,0.1858974358974359
