scenario,policy,policy_seed,workload_seed,generated,delivered,dropped,backlog,delivery_ratio,drop_rate,throughput_packets_per_slot,average_delay_slots,p95_delay_slots,mean_queue_packets,max_queue_packets,routing_switches,episode_reward,global_delay_cost,global_queue_cost,global_load_imbalance,global_switch_cost,global_throughput_reward,global_control_overhead_ratio,global_drop_cost,class_0_delivery_ratio,class_1_delivery_ratio,class_2_delivery_ratio
tle_starlink_24,mappo_tle_trained,7,14001,192,71,35,86,0.3697916666666667,0.18229166666666666,2.3666666666666667,9.295774647887324,19.0,2.2152777777777777,18,28,-12.62381638411111,0.22623951394112465,0.05151234567901235,0.5732751195378718,0.05718698770556355,0.1439669986303113,0.03711176890078153,0.06974617602326581,0.3977272727272727,0.3220338983050847,0.37777777777777777
tle_starlink_24,mappo_tle_trained,7,14002,192,77,27,88,0.4010416666666667,0.140625,2.566666666666667,8.519480519480519,20.0,2.2291666666666665,14,39,-10.973229438545541,0.20939465469363044,0.05188271604938272,0.6148904775914994,0.08085695479271329,0.16207066339806275,0.037837313282179146,0.05580722639933166,0.4,0.37735849056603776,0.4411764705882353
tle_starlink_24,mappo_tle_trained,7,14003,192,83,26,83,0.4322916666666667,0.13541666666666666,2.7666666666666666,8.771084337349398,18.0,2.236111111111111,15,43,-10.192994385979558,0.22048124405379477,0.05188271604938273,0.6012023706878166,0.08429070914752028,0.17186604474530173,0.037489704896009765,0.05015142723347057,0.43820224719101125,0.47368421052631576,0.3695652173913043
tle_starlink_24,mappo_tle_trained,7,14004,192,72,40,80,0.375,0.20833333333333334,2.4,9.805555555555555,20.450000000000003,2.313888888888889,17,32,-13.55563099075051,0.22736749290603755,0.05351851851851852,0.5962342555616702,0.0635503783568799,0.14394897170825963,0.03687979553179187,0.07752740952431356,0.4519230769230769,0.2033898305084746,0.4482758620689655
tle_starlink_24,mappo_tle_trained,7,14005,192,71,34,87,0.3697916666666667,0.17708333333333334,2.3666666666666667,9.056338028169014,19.0,2.3222222222222224,18,38,-13.013313203287,0.2283206819672516,0.05391975308641974,0.6069996363376975,0.07885193911122702,0.14941244198984138,0.03740820715626629,0.06906723980640388,0.3473684210526316,0.359375,0.45454545454545453
tle_starlink_24,mappo_tle_trained,7,14006,192,82,34,76,0.4270833333333333,0.17708333333333334,2.7333333333333334,8.75609756097561,18.0,2.073611111111111,14,51,-10.877739627027067,0.21330472715000134,0.04805555555555555,0.5749591891080744,0.09964144429701705,0.16539927693565465,0.03660678627168548,0.06528607056857831,0.44660194174757284,0.3617021276595745,0.4523809523809524
tle_starlink_24,mappo_tle_trained,7,14007,192,75,34,83,0.390625,0.17708333333333334,2.5,8.426666666666666,17.299999999999997,2.15,19,34,-12.113787656420898,0.22910482834249848,0.04996913580246913,0.6129265237994372,0.07273238400173385,0.16458191103701933,0.03904829563575492,0.06948101935331037,0.42857142857142855,0.3387096774193548,0.38461538461538464
tle_starlink_24,mappo_tle_trained,7,14008,192,73,42,77,0.3802083333333333,0.21875,2.433333333333333,9.493150684931507,20.0,2.216666666666667,16,33,-14.069734570210317,0.22948614859720065,0.05126543209876543,0.6245143070500542,0.06850373482726423,0.1554337846249611,0.039532138450484026,0.08972455648926236,0.40425531914893614,0.2807017543859649,0.4634146341463415
tle_starlink_24,mappo_tle_trained,7,14009,192,75,38,79,0.390625,0.19791666666666666,2.5,9.066666666666666,19.0,2.161111111111111,19,45,-13.098060372831048,0.23323924501580615,0.05009259259259259,0.5965070800216044,0.0915387041006236,0.15706078135257703,0.03843553160186881,0.07850271102593084,0.41304347826086957,0.3220338983050847,0.43902439024390244
tle_starlink_24,mappo_tle_trained,7,14010,192,69,38,85,0.359375,0.19791666666666666,2.3,8.405797101449275,17.799999999999983,2.1805555555555554,15,51,-12.371666127656953,0.20291918086920815,0.05070987654320988,0.5687920121829501,0.10247741494258521,0.14447302897767295,0.03732562912405877,0.07461189739053517,0.4215686274509804,0.21428571428571427,0.4117647058823529
tle_starlink_24,mappo_tle_trained,7,14011,192,73,40,79,0.3802083333333333,0.20833333333333334,2.433333333333333,8.068493150684931,16.39999999999999,2.0194444444444444,13,39,-12.277207829266832,0.20140500588235716,0.046944444444444455,0.613200072163004,0.08163348762806967,0.16106745307209705,0.039500645090550075,0.08276890378283569,0.4270833333333333,0.3064516129032258,0.38235294117647056
tle_starlink_24,mappo_tle_trained,7,14012,192,68,36,88,0.3541666666666667,0.1875,2.2666666666666666,8.897058823529411,21.0,2.2888888888888888,19,44,-13.20791353573053,0.21394051234019945,0.05320987654320988,0.6153817799224652,0.09358985699542974,0.14844844955526068,0.03935735923073506,0.07515383638835652,0.45054945054945056,0.2807017543859649,0.25
tle_starlink_24,mappo_tle_trained,7,14013,192,78,30,84,0.40625,0.15625,2.6,9.884615384615385,20.0,2.3694444444444445,16,43,-11.730772652391124,0.23694817740639074,0.05487654320987654,0.6190997341542851,0.09637776095593435,0.17572188690222745,0.040144041476218265,0.0643901467469579,0.4606741573033708,0.35384615384615387,0.3684210526315789
tle_starlink_24,mappo_tle_trained,7,14014,192,74,37,81,0.3854166666666667,0.19270833333333334,2.466666666666667,8.91891891891892,19.349999999999994,2.2333333333333334,18,50,-12.660997770229661,0.21994197643353827,0.051759259259259255,0.5937343617163365,0.10232435034292621,0.1543597209464083,0.03714442071614306,0.07417841203057922,0.4673913043478261,0.288135593220339,0.34146341463414637
tle_starlink_24,mappo_tle_trained,7,14015,192,77,35,80,0.4010416666666667,0.18229166666666666,2.566666666666667,8.584415584415584,18.0,2.1944444444444446,16,34,-11.332837962382674,0.2012479476961195,0.05086419753086419,0.5869579859896887,0.06979995623571475,0.1583351287801752,0.036842468193403775,0.07068449309548379,0.4731182795698925,0.3018867924528302,0.3695652173913043
tle_starlink_24,mappo_tle_trained,7,14016,192,69,44,79,0.359375,0.22916666666666666,2.3,8.521739130434783,17.599999999999994,2.2263888888888888,19,50,-13.196005442823743,0.20337707281301007,0.05154320987654321,0.580903880758004,0.09953311036515372,0.14524256846238268,0.03777894683710259,0.08580194358445133,0.41414141414141414,0.2545454545454545,0.3684210526315789
tle_starlink_24,mappo_tle_trained,7,14017,192,69,38,85,0.359375,0.19791666666666666,2.3,9.971014492753623,19.0,2.3722222222222222,18,40,-13.392423968094594,0.20977778728201785,0.05496913580246913,0.6115578666152609,0.08496723048193637,0.14866336278100983,0.03862596945160725,0.08167639277933396,0.4563106796116505,0.1568627450980392,0.3684210526315789
tle_starlink_24,mappo_tle_trained,7,14018,192,66,43,83,0.34375,0.22395833333333334,2.2,9.242424242424242,19.5,2.311111111111111,16,55,-14.528054130590968,0.2393772393095647,0.05354938271604938,0.5758319230025777,0.11116496306124789,0.13817564014932435,0.03778975142065428,0.08223753829016986,0.3626373626373626,0.2711864406779661,0.40476190476190477
tle_starlink_24,mappo_tle_trained,7,14019,192,75,38,79,0.390625,0.19791666666666666,2.5,9.28,20.0,2.2472222222222222,15,42,-12.440552056491095,0.2200401510241379,0.05200617283950617,0.6094049170642861,0.08507074381300388,0.15841312568866747,0.03787164902885588,0.07218122921683294,0.4583333333333333,0.2641509433962264,0.3953488372093023
tle_starlink_24,mappo_tle_trained,7,14020,192,68,44,80,0.3541666666666667,0.22916666666666666,2.2666666666666666,9.308823529411764,17.65,2.2708333333333335,17,56,-14.345143539441244,0.22194593761695922,0.05256172839506171,0.5936708436885231,0.11418241745641125,0.14195759162864424,0.03814719074296228,0.087302344914574,0.3877551020408163,0.2033898305084746,0.5142857142857142
tle_starlink_24,mappo_tle_trained,7,14021,192,72,36,84,0.375,0.1875,2.4,9.01388888888889,18.450000000000003,2.201388888888889,19,35,-12.579436123351439,0.21502102039845902,0.05114197530864197,0.5909641362203374,0.07114827982475042,0.14826674686968802,0.038172466971199054,0.07319222988340636,0.4,0.35294117647058826,0.3333333333333333
tle_starlink_24,mappo_tle_trained,7,14022,192,66,36,90,0.34375,0.1875,2.2,9.666666666666666,19.75,2.3180555555555555,16,45,-13.939596966064473,0.22799088707909929,0.05391975308641975,0.6016619963555261,0.09014511045083802,0.1339442040873929,0.03662126025549986,0.06944640226760972,0.37254901960784315,0.23404255319148937,0.3953488372093023
tle_starlink_24,mappo_tle_trained,7,14023,192,67,40,85,0.3489583333333333,0.20833333333333334,2.2333333333333334,9.238805970149254,18.699999999999996,2.3069444444444445,22,64,-13.72125165088457,0.20760546315713732,0.05351851851851851,0.581826192832658,0.12544596786082854,0.13472455090489144,0.03712439534873583,0.07834457467197403,0.3611111111111111,0.3125,0.3611111111111111
tle_starlink_24,mappo_tle_trained,7,14024,192,68,38,86,0.3541666666666667,0.19791666666666666,2.2666666666666666,8.161764705882353,15.649999999999999,2.2125,15,30,-13.509803775274387,0.2141235425801603,0.05145061728395062,0.6366524820452067,0.06274709681443427,0.14987833774985476,0.03907283289339985,0.08000824396335232,0.3563218390804598,0.3333333333333333,0.38095238095238093
tle_starlink_24,mappo_tle_trained,7,14025,192,71,40,81,0.3697916666666667,0.20833333333333334,2.3666666666666667,9.056338028169014,19.0,2.1708333333333334,15,35,-13.216306983927876,0.2218642109499552,0.050370370370370364,0.6046562184149404,0.06908671250776514,0.15145631801978549,0.03799880758051916,0.08067518122858679,0.4536082474226804,0.2807017543859649,0.2894736842105263
tle_starlink_24,mappo_tle_trained,7,14026,192,70,40,82,0.3645833333333333,0.20833333333333334,2.3333333333333335,9.442857142857143,20.0,2.3097222222222222,20,35,-14.208308801267384,0.230593882202131,0.053487654320987656,0.6202244143365472,0.07100973902831488,0.14325791697695722,0.036855381012666756,0.07937121429768489,0.3548387096774194,0.288135593220339,0.5
tle_starlink_24,mappo_tle_trained,7,14027,192,78,36,78,0.40625,0.1875,2.6,9.025641025641026,19.0,2.202777777777778,17,29,-11.879454838566124,0.21285228301096468,0.050987654320987646,0.5963844278691297,0.05900821529691499,0.15814020731590395,0.037417663278797496,0.07244210639721475,0.46601941747572817,0.3157894736842105,0.375
tle_starlink_24,mappo_tle_trained,7,14028,192,66,39,87,0.34375,0.203125,2.2,9.575757575757576,19.5,2.311111111111111,18,45,-14.248365177491847,0.22914474841524585,0.05367283950617284,0.6050378321191993,0.09490342718283892,0.14089647824941942,0.03835890696578976,0.07965997510115157,0.3904761904761905,0.17543859649122806,0.5
tle_starlink_24,mappo_tle_trained,7,14029,192,73,39,80,0.3802083333333333,0.203125,2.433333333333333,9.301369863013699,22.39999999999999,2.261111111111111,16,41,-12.713576494478438,0.2148426956321043,0.052345679012345665,0.5950501251157239,0.08102240108819057,0.15162923018960173,0.037328086225538376,0.07643137664422496,0.5,0.21875,0.38636363636363635
tle_starlink_24,mappo_tle_trained,7,14030,192,80,32,80,0.4166666666666667,0.16666666666666666,2.6666666666666665,8.7,19.0,2.1930555555555555,16,29,-10.54649074776797,0.1952116776766405,0.05083333333333333,0.5934320722105247,0.058881865611741774,0.16192205312174354,0.03683960633181602,0.06366954181582664,0.5,0.2903225806451613,0.40625
tle_starlink_24,mappo_tle_trained,7,14031,192,72,33,87,0.375,0.171875,2.4,8.26388888888889,18.0,2.261111111111111,20,43,-12.068417573265195,0.20690947583079475,0.05256172839506172,0.6199524174290229,0.08773727619702854,0.15670342113453567,0.0384161987867322,0.06768164283257162,0.40625,0.3559322033898305,0.32432432432432434
tle_starlink_24,mappo_tle_trained,7,14032,192,67,37,88,0.3489583333333333,0.19270833333333334,2.2333333333333334,10.298507462686567,22.0,2.4430555555555555,18,48,-13.544182572662773,0.22783805999300896,0.05663580246913581,0.5820703504475186,0.09676622583356329,0.13996649162670835,0.037583057756194374,0.07205615377055005,0.37383177570093457,0.2727272727272727,0.4
tle_starlink_24,mappo_tle_trained,7,14033,192,76,36,80,0.3958333333333333,0.1875,2.533333333333333,9.421052631578947,21.0,2.2472222222222222,15,41,-12.160797254051555,0.20681392342320148,0.05203703703703703,0.612652197223093,0.08648756200226787,0.1594498012880366,0.03867572625440986,0.07416238717709306,0.4336283185840708,0.3541666666666667,0.3225806451612903
tle_starlink_24,mappo_tle_trained,7,14034,192,73,40,79,0.3802083333333333,0.20833333333333334,2.433333333333333,9.657534246575343,18.39999999999999,2.3194444444444446,22,51,-13.092659904377676,0.22056661565389848,0.05361111111111113,0.5697091282603018,0.09770787262273327,0.14316042588875405,0.035502304061266234,0.07567048749324293,0.45544554455445546,0.3,0.2903225806451613
tle_starlink_24,mappo_tle_trained,7,14035,192,73,36,83,0.3802083333333333,0.1875,2.433333333333333,9.150684931506849,18.0,2.245833333333333,21,51,-13.438101481648165,0.24227390910682287,0.05209876543209878,0.6051307992552762,0.1041224344397719,0.15320866339829184,0.038059586208763735,0.07160263813127592,0.3723404255319149,0.3709677419354839,0.4166666666666667
tle_starlink_24,mappo_tle_trained,7,14036,192,65,43,84,0.3385416666666667,0.22395833333333334,2.1666666666666665,9.384615384615385,19.799999999999997,2.2444444444444445,16,48,-14.202062291582969,0.21282550656083526,0.052098765432098765,0.594407253489905,0.09860548492901433,0.13488660848954964,0.03745919051326414,0.08400006583830114,0.4158415841584158,0.2,0.3333333333333333
tle_starlink_24,mappo_tle_trained,7,14037,192,68,44,80,0.3541666666666667,0.22916666666666666,2.2666666666666666,9.029411764705882,17.0,2.1930555555555555,13,44,-14.582067131050225,0.2419945014618411,0.05083333333333333,0.5763279979437198,0.09002747567763048,0.13879278616120722,0.03772902862154296,0.08552545579635362,0.345679012345679,0.29577464788732394,0.475
tle_starlink_24,mappo_tle_trained,7,14038,192,66,35,91,0.34375,0.18229166666666666,2.2,9.757575757575758,20.75,2.4319444444444445,17,44,-13.363881577334297,0.21153433498809776,0.05648148148148148,0.6017624397889219,0.089754550718173,0.13466834664590083,0.03690486783104134,0.06777863777089782,0.4318181818181818,0.25,0.3
tle_starlink_24,mappo_tle_trained,7,14039,192,71,39,82,0.3697916666666667,0.203125,2.3666666666666667,9.183098591549296,18.0,2.272222222222222,13,35,-13.863039857640793,0.24532955714272198,0.052654320987654324,0.5798805496195821,0.06944694251969794,0.14202798663324978,0.03621327967656341,0.07562664832014677,0.35294117647058826,0.3442622950819672,0.43478260869565216
tle_starlink_24,mappo_tle_trained,7,14040,192,69,44,79,0.359375,0.22916666666666666,2.3,8.492753623188406,16.0,2.1902777777777778,15,42,-14.565083031257025,0.22826932289612673,0.05074074074074074,0.603840193447777,0.09133774449950918,0.14574857518355971,0.03864602103428587,0.09204287742987433,0.3707865168539326,0.3125,0.41025641025641024
tle_starlink_24,mappo_tle_trained,7,14041,192,72,39,81,0.375,0.203125,2.4,9.097222222222221,18.900000000000006,2.220833333333333,14,53,-13.451914699364504,0.22982976326431326,0.05148148148148148,0.6011141512705008,0.11697237531989853,0.15613182969994113,0.039270877377672424,0.08088361457943502,0.4574468085106383,0.3275862068965517,0.25
tle_starlink_24,mappo_tle_trained,7,14042,192,72,33,87,0.375,0.171875,2.4,8.48611111111111,18.0,2.1319444444444446,18,51,-12.44856041668513,0.22389698398852118,0.04969135802469136,0.5713747735600191,0.10487775024539729,0.14667854748737102,0.03751626058878008,0.06712223778400249,0.41237113402061853,0.32653061224489793,0.34782608695652173
tle_starlink_24,mappo_tle_trained,7,14043,192,67,38,87,0.3489583333333333,0.19791666666666666,2.2333333333333334,9.761194029850746,16.699999999999996,2.3666666666666667,17,49,-13.802219036361222,0.2187442344405861,0.0549074074074074,0.5875204112907315,0.0948890404114862,0.13141507772699723,0.036122203083582965,0.07194186446508428,0.3883495145631068,0.26,0.358974358974359
tle_starlink_24,mappo_tle_trained,7,14044,192,77,32,83,0.4010416666666667,0.16666666666666666,2.566666666666667,8.272727272727273,18.200000000000003,2.1944444444444446,21,42,-11.695859885463063,0.22348328568856965,0.05095679012345679,0.6049771235901029,0.09441116617587207,0.16910214513155689,0.039733244189115925,0.06923672460437168,0.4418604651162791,0.3728813559322034,0.3617021276595745
tle_starlink_24,mappo_tle_trained,7,14045,192,71,41,80,0.3697916666666667,0.21354166666666666,2.3666666666666667,9.774647887323944,17.0,2.2736111111111112,16,32,-13.25703848811538,0.2220436079596463,0.05262345679012346,0.5869066019286379,0.06540901335792977,0.1469369691196317,0.037304684935913594,0.08068363782760066,0.45454545454545453,0.21428571428571427,0.3783783783783784
tle_starlink_24,mappo_tle_trained,7,14046,192,67,36,89,0.3489583333333333,0.1875,2.2333333333333334,8.865671641791044,17.0,2.2152777777777777,14,46,-13.539287413044681,0.2156604463064247,0.051604938271604936,0.5931448251987934,0.08853827788425311,0.13334920697923797,0.03630564553690495,0.07157648236982601,0.3958333333333333,0.2727272727272727,0.34146341463414637
tle_starlink_24,mappo_tle_trained,7,14047,192,78,32,82,0.40625,0.16666666666666666,2.6,8.948717948717949,20.14999999999999,2.129166666666667,16,61,-12.028776690891764,0.22424942388949357,0.049475308641975295,0.5839810137986997,0.11756026094648386,0.15525477761545875,0.03642489394987246,0.06424702948696756,0.39325842696629215,0.36923076923076925,0.5
tle_starlink_24,mappo_tle_trained,7,14048,192,74,31,87,0.3854166666666667,0.16145833333333334,2.466666666666667,8.162162162162161,17.349999999999994,2.2,16,43,-11.223633786443708,0.20094393188856216,0.0512037037037037,0.6044224082410975,0.08799230510917817,0.1598577735187642,0.03845587073666198,0.06413726309237146,0.39805825242718446,0.37209302325581395,0.3695652173913043
tle_starlink_24,mappo_tle_trained,7,14049,192,69,41,82,0.359375,0.21354166666666666,2.3,9.420289855072463,19.599999999999994,2.2805555555555554,14,40,-14.374334099531735,0.2262309882687127,0.0528395061728395,0.6240374399052692,0.08073257080610022,0.1434293674734851,0.037385833372576296,0.08279839713663244,0.47674418604651164,0.25396825396825395,0.27906976744186046
tle_starlink_24,mappo_tle_trained,7,14050,192,79,35,78,0.4114583333333333,0.18229166666666666,2.6333333333333333,8.721518987341772,18.19999999999999,2.1625,15,33,-11.433092983492605,0.21959513370527747,0.05009259259259258,0.6011849984586799,0.0665725919247591,0.16839626246359993,0.037327608192723655,0.07029331908201877,0.5,0.3,0.4
tle_starlink_24,mappo_tle_trained,42,14001,192,72,37,83,0.375,0.19270833333333334,2.4,9.916666666666666,20.900000000000006,2.2430555555555554,15,47,-12.703412366257256,0.22448489966486693,0.052037037037037034,0.5620707134673537,0.09319614395465786,0.14705885660607024,0.03739425880632827,0.0740181256938223,0.42045454545454547,0.3050847457627119,0.37777777777777777
tle_starlink_24,mappo_tle_trained,42,14002,192,75,32,85,0.390625,0.16666666666666666,2.5,7.36,15.299999999999997,2.1013888888888888,14,39,-11.14688038527352,0.19503310624535886,0.04895061728395062,0.5963877033319406,0.07863834422657949,0.15516300964830376,0.037634630647453184,0.065005057578587,0.3523809523809524,0.4528301886792453,0.4117647058823529
tle_starlink_24,mappo_tle_trained,42,14003,192,79,32,81,0.4114583333333333,0.16666666666666666,2.6333333333333333,9.367088607594937,21.0,2.2555555555555555,16,55,-11.763304820801341,0.23305810315290396,0.05225308641975308,0.5967850203691064,0.10960387551331822,0.16552467455718228,0.03763634139832263,0.062111009045993565,0.43820224719101125,0.42105263157894735,0.34782608695652173
tle_starlink_24,mappo_tle_trained,42,14004,192,73,40,79,0.3802083333333333,0.20833333333333334,2.433333333333333,9.753424657534246,19.0,2.3194444444444446,15,37,-12.85620221035305,0.21513313866327122,0.053611111111111096,0.5872250941337959,0.07356352167497678,0.1464019792270566,0.03647071155438112,0.07567484101152831,0.4423076923076923,0.22033898305084745,0.4827586206896552
tle_starlink_24,mappo_tle_trained,42,14005,192,67,39,86,0.3489583333333333,0.203125,2.2333333333333334,8.746268656716419,17.699999999999996,2.352777777777778,14,51,-14.572310443110156,0.24227216631600898,0.05456790123456789,0.5870712336899561,0.1005539379494488,0.13456078135257699,0.03678309125498139,0.07580702163906498,0.29473684210526313,0.359375,0.48484848484848486
tle_starlink_24,mappo_tle_trained,42,14006,192,85,30,77,0.4427083333333333,0.15625,2.8333333333333335,8.6,18.19999999999999,2.1,13,59,-10.040354889173692,0.20971450676139208,0.048672839506172835,0.5720333691736931,0.11706476157714547,0.1731060494373188,0.036828338669706646,0.05956267302242534,0.4563106796116505,0.40425531914893614,0.4523809523809524
tle_starlink_24,mappo_tle_trained,42,14007,192,76,32,84,0.3958333333333333,0.16666666666666666,2.533333333333333,8.223684210526315,15.25,2.126388888888889,14,33,-11.581294600212122,0.22328011479596618,0.04947530864197531,0.6204206609163488,0.06928760982166556,0.1694368090343322,0.039584657082233105,0.06701504578439564,0.4175824175824176,0.3709677419354839,0.38461538461538464
tle_starlink_24,mappo_tle_trained,42,14008,192,73,38,81,0.3802083333333333,0.19791666666666666,2.433333333333333,9.068493150684931,19.39999999999999,2.2402777777777776,16,38,-13.344615379016746,0.22709691959940256,0.051913580246913574,0.6138753392988675,0.07892873523678477,0.15656500476933916,0.039690122451306445,0.08131515471685752,0.40425531914893614,0.3333333333333333,0.3902439024390244
tle_starlink_24,mappo_tle_trained,42,14009,192,75,42,75,0.390625,0.21875,2.5,8.906666666666666,18.299999999999997,2.158333333333333,19,45,-13.146118985735168,0.22335216812326958,0.04990740740740741,0.58541794508607,0.09124006912706605,0.15589229641474225,0.03855350930891559,0.08594906383606074,0.391304347826087,0.3220338983050847,0.4878048780487805
tle_starlink_24,mappo_tle_trained,42,14010,192,68,37,87,0.3541666666666667,0.19270833333333334,2.2666666666666666,8.558823529411764,18.0,2.2055555555555557,16,49,-12.333954881438366,0.2080575037880221,0.05132716049382716,0.5592522502658691,0.09870252081939387,0.14280809317961018,0.037555036471403784,0.07225332530673087,0.4019607843137255,0.25,0.38235294117647056
tle_starlink_24,mappo_tle_trained,42,14011,192,72,39,81,0.375,0.203125,2.4,8.444444444444445,16.450000000000003,2.0680555555555555,17,31,-13.082010137705414,0.22334906237823643,0.04808641975308641,0.6072912393421469,0.06727537168713638,0.15462364432952666,0.03953338765024031,0.08122103114750172,0.4270833333333333,0.3064516129032258,0.35294117647058826
tle_starlink_24,mappo_tle_trained,42,14012,192,68,39,85,0.3541666666666667,0.203125,2.2666666666666666,8.867647058823529,17.0,2.2583333333333333,17,57,-13.281582209462806,0.2076814848935444,0.052438271604938275,0.6022335251883025,0.11707106260898832,0.14644834940887566,0.03891939211565481,0.07878054464741771,0.46153846153846156,0.24561403508771928,0.2727272727272727
tle_starlink_24,mappo_tle_trained,42,14013,192,73,33,86,0.3802083333333333,0.171875,2.433333333333333,9.89041095890411,20.0,2.3402777777777777,15,47,-12.825688739577064,0.23215903305347074,0.054290123456790136,0.6316864811695305,0.10232582776700423,0.16621642246642246,0.04039889180596568,0.07200818789054082,0.4606741573033708,0.27692307692307694,0.3684210526315789
tle_starlink_24,mappo_tle_trained,42,14014,192,73,36,83,0.3802083333333333,0.1875,2.433333333333333,8.863013698630137,19.0,2.2430555555555554,16,44,-12.551546917138953,0.2239605043087733,0.05203703703703704,0.5972907899069345,0.09396993300244076,0.15604549962135103,0.03807012960395879,0.07181968401395646,0.44565217391304346,0.3050847457627119,0.34146341463414637
tle_starlink_24,mappo_tle_trained,42,14015,192,76,34,82,0.3958333333333333,0.17708333333333334,2.533333333333333,8.368421052631579,16.25,2.198611111111111,14,33,-10.730094730161579,0.18625972449499376,0.05101851851851853,0.5763702315214385,0.06855509815262137,0.15689244478718165,0.036937597174164664,0.06939513974730693,0.4838709677419355,0.24528301886792453,0.391304347826087
tle_starlink_24,mappo_tle_trained,42,14016,192,74,44,74,0.3854166666666667,0.22916666666666666,2.466666666666667,8.513513513513514,17.349999999999994,2.140277777777778,19,50,-12.597830265829073,0.20560455854345103,0.049475308641975295,0.5696767931884018,0.10004342177716789,0.15426835534033675,0.037597886119043925,0.0873363555948695,0.4444444444444444,0.2909090909090909,0.3684210526315789
tle_starlink_24,mappo_tle_trained,42,14017,192,72,33,87,0.375,0.171875,2.4,10.402777777777779,19.0,2.4138888888888888,20,46,-13.030819062779704,0.23155644496876684,0.055956790123456786,0.6104219820744539,0.0953115348703584,0.1526003136297254,0.038019108247862296,0.06758208839091191,0.46601941747572817,0.17647058823529413,0.39473684210526316
tle_starlink_24,mappo_tle_trained,42,14018,192,67,44,81,0.3489583333333333,0.22916666666666666,2.2333333333333334,9.014925373134329,19.099999999999987,2.2944444444444443,13,66,-13.929636071246764,0.2249070477920741,0.053117283950617274,0.5557743567642742,0.1251075568451729,0.13629703257412237,0.03651321173065115,0.08147719082316604,0.3956043956043956,0.2711864406779661,0.35714285714285715
tle_starlink_24,mappo_tle_trained,42,14019,192,72,41,79,0.375,0.21354166666666666,2.4,9.0,18.0,2.188888888888889,14,45,-12.664882280637821,0.20894966092938955,0.05070987654320987,0.5809290428358793,0.09059304716038463,0.14804458513049845,0.03748627858983546,0.07820129603798334,0.4479166666666667,0.18867924528301888,0.4418604651162791
tle_starlink_24,mappo_tle_trained,42,14020,192,67,41,84,0.3489583333333333,0.21354166666666666,2.2333333333333334,9.194029850746269,19.0,2.3041666666666667,18,61,-14.208231127993312,0.22636667385069484,0.05342592592592592,0.5748843572400546,0.11992523887647727,0.1346497906405027,0.03688597842588285,0.07934202335905122,0.3877551020408163,0.23728813559322035,0.42857142857142855
tle_starlink_24,mappo_tle_trained,42,14021,192,68,37,87,0.3541666666666667,0.19270833333333334,2.2666666666666666,9.0,17.0,2.198611111111111,16,45,-12.69310195687625,0.20348541395974581,0.05117283950617283,0.5907202308934565,0.08787442462365064,0.14171734168251196,0.038376164545970044,0.07267088976841299,0.3904761904761905,0.29411764705882354,0.3333333333333333
tle_starlink_24,mappo_tle_trained,42,14022,192,66,40,86,0.34375,0.20833333333333334,2.2,9.636363636363637,19.0,2.290277777777778,14,60,-14.766689041648178,0.24009854688529664,0.05317901234567902,0.5931459982231723,0.11692327380794872,0.13492937188370624,0.037079955136495785,0.07788715283684325,0.3627450980392157,0.2553191489361702,0.3953488372093023
tle_starlink_24,mappo_tle_trained,42,14023,192,68,39,85,0.3541666666666667,0.203125,2.2666666666666666,9.779411764705882,20.0,2.376388888888889,22,59,-13.269503240729316,0.2101932832810131,0.05506172839506173,0.5781649103025709,0.11380978999787049,0.13714846198979325,0.036783714514833955,0.07342412403557914,0.3888888888888889,0.2708333333333333,0.3611111111111111
tle_starlink_24,mappo_tle_trained,42,14024,192,69,40,83,0.359375,0.20833333333333334,2.3,8.942028985507246,18.19999999999999,2.2291666666666665,15,47,-14.00875350849228,0.23263746981073158,0.051728395061728404,0.6060296183147792,0.10033900109751501,0.14815717020051386,0.03846145979284535,0.08116192473390617,0.367816091954023,0.3333333333333333,0.38095238095238093
tle_starlink_24,mappo_tle_trained,42,14025,192,69,40,83,0.359375,0.20833333333333334,2.3,8.971014492753623,20.0,2.2125,16,44,-13.690747498884436,0.23267947808791986,0.05135802469135802,0.5921402016527342,0.085880162006323,0.14633763424398094,0.03815801599053376,0.07910284289154257,0.4329896907216495,0.2807017543859649,0.2894736842105263
tle_starlink_24,mappo_tle_trained,42,14026,192,69,41,82,0.359375,0.21354166666666666,2.3,8.695652173913043,18.799999999999983,2.2194444444444446,16,55,-13.6308875792198,0.21359272083133518,0.05148148148148148,0.5903757303122114,0.10984438219732337,0.1411531279178338,0.03681773095796275,0.0805263772175537,0.3548387096774194,0.23728813559322035,0.55
tle_starlink_24,mappo_tle_trained,42,14027,192,74,36,82,0.3854166666666667,0.1875,2.466666666666667,9.472972972972974,18.0,2.3041666666666667,17,38,-12.898911874462671,0.2172652465151817,0.053364197530864195,0.6011197295781705,0.07655485968566464,0.14818397804465916,0.03773436939318198,0.0733654035163323,0.44660194174757284,0.2982456140350877,0.34375
tle_starlink_24,mappo_tle_trained,42,14028,192,66,42,84,0.34375,0.21875,2.2,9.712121212121213,17.5,2.327777777777778,18,39,-13.927315383446004,0.21672112306621244,0.053950617283950605,0.5833707446547689,0.07849477105282057,0.13673368942718786,0.03757499362522656,0.08334389108769913,0.4095238095238095,0.15789473684210525,0.4666666666666667
tle_starlink_24,mappo_tle_trained,42,14029,192,73,43,76,0.3802083333333333,0.22395833333333334,2.433333333333333,8.684931506849315,21.0,2.2222222222222223,12,41,-12.614188394182602,0.2033366051901759,0.051358024691358015,0.5904774429500674,0.08105936819172113,0.15314143645025996,0.03762086314167311,0.08356005650123297,0.5238095238095238,0.234375,0.3181818181818182
tle_starlink_24,mappo_tle_trained,42,14030,192,78,35,79,0.40625,0.18229166666666666,2.6,8.14102564102564,17.0,2.15,15,33,-10.914816022951213,0.19369650319805165,0.04984567901234568,0.5866753692142301,0.06777310924369748,0.15988738657856308,0.03721743996447876,0.06970743853096795,0.46938775510204084,0.2903225806451613,0.4375
tle_starlink_24,mappo_tle_trained,42,14031,192,73,34,85,0.3802083333333333,0.17708333333333334,2.433333333333333,8.26027397260274,17.39999999999999,2.220833333333333,21,47,-11.880303914429414,0.20107449505381605,0.05160493827160492,0.6103194553168986,0.10101534630946395,0.15676579741208224,0.038280342723379206,0.06899622422068243,0.40625,0.3728813559322034,0.32432432432432434
tle_starlink_24,mappo_tle_trained,42,14032,192,70,38,84,0.3645833333333333,0.19791666666666666,2.3333333333333335,10.4,22.0,2.459722222222222,18,54,-12.872132402937421,0.21429801128416706,0.05688271604938273,0.5737458218722975,0.10668076677364603,0.14464890372785114,0.03731726416081135,0.07331195636149196,0.411214953271028,0.2545454545454545,0.4
tle_starlink_24,mappo_tle_trained,42,14033,192,78,34,80,0.40625,0.17708333333333334,2.6,8.705128205128204,18.0,2.1930555555555555,15,34,-11.228053158741641,0.1979732819539622,0.05083333333333333,0.6098042179731037,0.070031512605042,0.1630220977279801,0.03870716529523074,0.06944677871148458,0.4336283185840708,0.375,0.3548387096774194
tle_starlink_24,mappo_tle_trained,42,14034,192,74,40,78,0.3854166666666667,0.20833333333333334,2.466666666666667,9.58108108108108,17.349999999999994,2.3361111111111112,22,37,-13.201170128922765,0.22501496057772047,0.05395061728395061,0.5762088939638317,0.07432963536291709,0.1473310727799892,0.03635136949975578,0.0799600922240241,0.45544554455445546,0.31666666666666665,0.2903225806451613
tle_starlink_24,mappo_tle_trained,42,14035,192,74,32,86,0.3854166666666667,0.16666666666666666,2.466666666666667,9.283783783783784,19.349999999999994,2.298611111111111,21,44,-13.020280398424996,0.25509852281777934,0.0533641975308642,0.6027704839951241,0.09044720587290246,0.1566552291590991,0.03805302345831502,0.06312496928596,0.35106382978723405,0.3870967741935484,0.4722222222222222
tle_starlink_24,mappo_tle_trained,42,14036,192,62,42,88,0.3229166666666667,0.21875,2.066666666666667,9.64516129032258,20.949999999999996,2.3291666666666666,15,60,-14.489914841929494,0.21927767629320946,0.05410493827160494,0.5679273303019108,0.11729960112700051,0.12413687404786476,0.03619677582306592,0.07883300981211197,0.39603960396039606,0.18181818181818182,0.3333333333333333
tle_starlink_24,mappo_tle_trained,42,14037,192,68,44,80,0.3541666666666667,0.22916666666666666,2.2666666666666666,9.426470588235293,17.65,2.234722222222222,14,49,-14.673810875706666,0.2477668242303925,0.051759259259259255,0.5776415722971218,0.09787075941487705,0.14109010270774977,0.03782416010148288,0.08497782446311858,0.35802469135802467,0.29577464788732394,0.45
tle_starlink_24,mappo_tle_trained,42,14038,192,67,35,90,0.3489583333333333,0.18229166666666666,2.2333333333333334,10.26865671641791,21.0,2.5236111111111112,15,36,-13.61622146757628,0.21697998803127796,0.05848765432098766,0.6024002742835148,0.07151995593559059,0.1324314462627156,0.03663276594525707,0.06789971251658558,0.42045454545454547,0.265625,0.325
tle_starlink_24,mappo_tle_trained,42,14039,192,74,37,81,0.3854166666666667,0.19270833333333334,2.466666666666667,9.391891891891891,19.0,2.3125,16,45,-13.1397784781016,0.24124556800555605,0.053518518518518514,0.574382014278978,0.08966423411469852,0.14711750782184219,0.035644687242515224,0.06973946303667665,0.4,0.3442622950819672,0.41304347826086957
tle_starlink_24,mappo_tle_trained,42,14040,192,70,43,79,0.3645833333333333,0.22395833333333334,2.3333333333333335,8.728571428571428,17.549999999999997,2.2194444444444446,16,53,-14.556499401113225,0.23455650856957627,0.05138888888888889,0.6014477091638579,0.1138047749464158,0.1508427696314693,0.03915734126920753,0.09191701129394626,0.38202247191011235,0.3125,0.41025641025641024
tle_starlink_24,mappo_tle_trained,42,14041,192,69,42,81,0.359375,0.21875,2.3,8.521739130434783,19.599999999999994,2.2125,16,41,-14.068597058849395,0.22685786660542792,0.05129629629629629,0.5961416102277504,0.08523905761134862,0.14626715246684288,0.03970959084765679,0.08725153043264497,0.4148936170212766,0.3620689655172414,0.225
tle_starlink_24,mappo_tle_trained,42,14042,192,67,35,90,0.3489583333333333,0.18229166666666666,2.2333333333333334,8.477611940298507,17.699999999999996,2.251388888888889,14,56,-12.753926688293062,0.2012970065367354,0.05243827160493827,0.5742530509122918,0.11329625124903762,0.13411763918342864,0.03660818968439563,0.0683359747407735,0.41237113402061853,0.2653061224489796,0.30434782608695654
tle_starlink_24,mappo_tle_trained,42,14043,192,64,33,95,0.3333333333333333,0.171875,2.1333333333333333,9.75,21.69999999999999,2.4375,17,54,-13.464690593989435,0.22323631653063827,0.056728395061728415,0.573578996721092,0.10512554324473829,0.1285311238755511,0.03650687702090941,0.0629004701295723,0.34951456310679613,0.26,0.38461538461538464
tle_starlink_24,mappo_tle_trained,42,14044,192,78,31,83,0.40625,0.16145833333333334,2.6,8.012820512820513,18.14999999999999,2.1638888888888888,20,46,-11.195583565093985,0.21477010311209463,0.05027777777777777,0.5899155543295577,0.10050228638463933,0.16713531566472745,0.038687583230534645,0.06676871603342191,0.46511627906976744,0.4067796610169492,0.2978723404255319
tle_starlink_24,mappo_tle_trained,42,14045,192,73,38,81,0.3802083333333333,0.19791666666666666,2.433333333333333,9.63013698630137,16.0,2.261111111111111,16,61,-12.479027912455958,0.21510141825521062,0.05237654320987654,0.5650199825055946,0.12488987362826373,0.1521052080301306,0.03774694037771458,0.0759563501513966,0.46464646464646464,0.25,0.35135135135135137
tle_starlink_24,mappo_tle_trained,42,14046,192,67,39,86,0.3489583333333333,0.203125,2.2333333333333334,9.194029850746269,16.699999999999996,2.2180555555555554,13,54,-13.887580449978985,0.21488898803899611,0.05157407407407408,0.5897525995089263,0.10632051943584452,0.13327256048618275,0.03652713216618754,0.07676155257424606,0.40625,0.21818181818181817,0.3902439024390244
tle_starlink_24,mappo_tle_trained,42,14047,192,73,35,84,0.3802083333333333,0.18229166666666666,2.433333333333333,9.054794520547945,18.0,2.254166666666667,15,61,-12.962968724010732,0.22898895148676107,0.05231481481481481,0.5697716445489025,0.11826357623571246,0.1437155915406689,0.03642096259947518,0.06825435171410404,0.3707865168539326,0.35384615384615387,0.4473684210526316
tle_starlink_24,mappo_tle_trained,42,14048,192,76,25,91,0.3958333333333333,0.13020833333333334,2.533333333333333,8.539473684210526,19.0,2.201388888888889,19,51,-10.689895314649862,0.213764782971328,0.051358024691358015,0.6005423398980555,0.10715219421101772,0.16461063718416657,0.03871407429803274,0.052563449622273155,0.3883495145631068,0.3953488372093023,0.41304347826086957
tle_starlink_24,mappo_tle_trained,42,14049,192,69,41,82,0.359375,0.21354166666666666,2.3,9.173913043478262,19.0,2.341666666666667,15,33,-14.070978374305447,0.22706345017023832,0.054197530864197534,0.612723564294437,0.06544195455960163,0.14169838875721225,0.03692973941063572,0.079432384064737,0.4883720930232558,0.2698412698412698,0.23255813953488372
tle_starlink_24,mappo_tle_trained,42,14050,192,79,36,77,0.4114583333333333,0.1875,2.6333333333333333,9.063291139240507,19.099999999999994,2.202777777777778,15,38,-12.309291717182695,0.23830192731521757,0.050956790123456795,0.5892457559937678,0.07774198568316214,0.16479779608649575,0.03697747759242634,0.07348446688616966,0.4878048780487805,0.2833333333333333,0.44
tle_starlink_24,mappo_tle_trained,1024,14001,192,76,36,80,0.3958333333333333,0.1875,2.533333333333333,9.657894736842104,21.0,2.1944444444444446,16,25,-12.007625719111585,0.2247955873692252,0.05086419753086421,0.5864079787603771,0.05266390744331921,0.15883650176219835,0.03820002241211128,0.07244173782873474,0.4431818181818182,0.3389830508474576,0.37777777777777777
tle_starlink_24,mappo_tle_trained,1024,14002,192,78,26,88,0.40625,0.13541666666666666,2.6,8.743589743589743,21.14999999999999,2.2444444444444445,14,41,-10.855589032235162,0.22300364090116032,0.05222222222222222,0.6082064957214209,0.08241844398578144,0.1647042852228611,0.038359974028110214,0.05102859272363916,0.3904761904761905,0.41509433962264153,0.4411764705882353
tle_starlink_24,mappo_tle_trained,1024,14003,192,82,29,81,0.4270833333333333,0.15104166666666666,2.7333333333333334,9.182926829268293,18.0,2.2819444444444446,14,47,-11.16031907872225,0.23286446560871488,0.052839506172839494,0.5952485125515191,0.09623844837080127,0.17131303609244786,0.037866676563149675,0.05942101199454142,0.4044943820224719,0.43859649122807015,0.45652173913043476
tle_starlink_24,mappo_tle_trained,1024,14004,192,71,37,84,0.3697916666666667,0.19270833333333334,2.3666666666666667,9.661971830985916,20.0,2.3652777777777776,14,49,-13.302006532659556,0.22910254468769894,0.05478395061728395,0.5840255676702132,0.09658824820976523,0.1425993544066299,0.03696347848047865,0.07032122003097237,0.41346153846153844,0.23728813559322035,0.4827586206896552
tle_starlink_24,mappo_tle_trained,1024,14005,192,66,33,93,0.34375,0.171875,2.2,9.136363636363637,19.0,2.4763888888888888,15,58,-14.182560488573516,0.25194862241044524,0.05753086419753086,0.5906924920258343,0.11624750192474649,0.1367851819090209,0.037168234675562996,0.06301824823496652,0.2736842105263158,0.390625,0.45454545454545453
tle_starlink_24,mappo_tle_trained,1024,14006,192,83,25,84,0.4322916666666667,0.13020833333333334,2.7666666666666666,9.08433734939759,18.89999999999999,2.2263888888888888,15,52,-9.672514478238421,0.21638495185289144,0.05169753086419751,0.5545770355287917,0.10124828001375992,0.1648294086374582,0.035827419347274805,0.04660603715170278,0.47572815533980584,0.3829787234042553,0.38095238095238093
tle_starlink_24,mappo_tle_trained,1024,14007,192,74,39,79,0.3854166666666667,0.203125,2.466666666666667,8.472972972972974,17.349999999999994,2.1708333333333334,16,26,-12.09730012878027,0.20779748848035776,0.05030864197530864,0.6092563707074973,0.055404012482185856,0.16075152845663682,0.03915220298385957,0.07853889216505315,0.45054945054945056,0.3225806451612903,0.3333333333333333
tle_starlink_24,mappo_tle_trained,1024,14008,192,75,33,84,0.390625,0.171875,2.5,9.093333333333334,19.0,2.2416666666666667,16,28,-12.611708044490975,0.2365348734578842,0.052037037037037034,0.6264439083098894,0.060078197945845,0.1657688716512246,0.03975579334891518,0.07227516764281469,0.40425531914893614,0.3508771929824561,0.4146341463414634
tle_starlink_24,mappo_tle_trained,1024,14009,192,73,38,81,0.3802083333333333,0.19791666666666666,2.433333333333333,9.506849315068493,18.799999999999983,2.2916666666666665,20,47,-13.26836956631044,0.23191128287114715,0.05305555555555554,0.5852745182430323,0.09634324925733595,0.1492381885686839,0.03714245009277606,0.07538974069159828,0.42391304347826086,0.3050847457627119,0.3902439024390244
tle_starlink_24,mappo_tle_trained,1024,14010,192,65,41,86,0.3385416666666667,0.21354166666666666,2.1666666666666665,8.615384615384615,18.799999999999997,2.2569444444444446,13,65,-13.244073817830248,0.20805783539684589,0.052438271604938275,0.5507429134504,0.12781585531198533,0.13508212619280732,0.03716901632076407,0.07848669877307649,0.4019607843137255,0.25,0.29411764705882354
tle_starlink_24,mappo_tle_trained,1024,14011,192,77,34,81,0.4010416666666667,0.17708333333333334,2.566666666666667,8.090909090909092,16.200000000000003,2.029166666666667,14,29,-11.228261864860531,0.20866171168129047,0.047222222222222214,0.6334162829443032,0.06464590964590963,0.17582633053221292,0.040206037510880005,0.07291531997414351,0.46875,0.3064516129032258,0.38235294117647056
tle_starlink_24,mappo_tle_trained,1024,14012,192,74,34,84,0.3854166666666667,0.17708333333333334,2.466666666666667,8.85135135135135,16.0,2.311111111111111,19,49,-12.521333554182883,0.2237413979143009,0.05358024691358025,0.6037555119538691,0.10320357675233839,0.15661549707602337,0.03859071619274264,0.06881282044981735,0.45054945054945056,0.3333333333333333,0.3181818181818182
tle_starlink_24,mappo_tle_trained,1024,14013,192,75,30,87,0.390625,0.15625,2.5,9.52,21.0,2.3847222222222224,17,40,-11.997548844356281,0.2343744604090468,0.05530864197530864,0.6196945913045353,0.08854655964950081,0.17062797768680124,0.03992892904758833,0.06550168785462902,0.43820224719101125,0.3384615384615385,0.3684210526315789
tle_starlink_24,mappo_tle_trained,1024,14014,192,74,38,80,0.3854166666666667,0.19791666666666666,2.466666666666667,8.608108108108109,18.0,2.2152777777777777,16,28,-12.550345262083225,0.222822978203341,0.05132716049382716,0.5950343797826043,0.056480048159614715,0.15491959536851177,0.03729037884404095,0.07587854440021623,0.42391304347826086,0.3220338983050847,0.3902439024390244
tle_starlink_24,mappo_tle_trained,1024,14015,192,80,34,78,0.4166666666666667,0.17708333333333334,2.6666666666666665,8.625,19.0,2.183333333333333,15,38,-10.99136044528226,0.2076622989138884,0.050555555555555555,0.6007881159955742,0.07873927056202598,0.16819575963538813,0.03779763758732665,0.06737089077646354,0.4838709677419355,0.2830188679245283,0.43478260869565216
tle_starlink_24,mappo_tle_trained,1024,14016,192,74,38,80,0.3854166666666667,0.19791666666666666,2.466666666666667,9.08108108108108,20.349999999999994,2.254166666666667,17,61,-12.247011041960144,0.2181341617909423,0.05219135802469135,0.5597527900528433,0.12219238865136699,0.15472431550217924,0.03704874400240732,0.07488766851769947,0.42424242424242425,0.3090909090909091,0.39473684210526316
tle_starlink_24,mappo_tle_trained,1024,14017,192,70,38,84,0.3645833333333333,0.19791666666666666,2.3333333333333335,10.142857142857142,19.0,2.3805555555555555,19,45,-13.147912361003144,0.20589513871992152,0.055123456790123454,0.6132750624117054,0.09608049630108453,0.1484792848763437,0.038231153908803224,0.07777583255524431,0.4854368932038835,0.11764705882352941,0.3684210526315789
tle_starlink_24,mappo_tle_trained,1024,14018,192,67,43,82,0.3489583333333333,0.22395833333333334,2.2333333333333334,9.17910447761194,18.699999999999996,2.308333333333333,14,51,-13.993989893065063,0.22737584516318646,0.053456790123456784,0.568618922251476,0.10083001621701311,0.1398952326196908,0.037401156242455554,0.08394996887643948,0.38461538461538464,0.2711864406779661,0.38095238095238093
tle_starlink_24,mappo_tle_trained,1024,14019,192,73,35,84,0.3802083333333333,0.18229166666666666,2.433333333333333,9.123287671232877,20.0,2.3194444444444446,13,45,-12.212053019467652,0.21701325669402027,0.05376543209876543,0.6125311569336968,0.0955770377713102,0.15639289531704392,0.03822134559546424,0.06531275083132668,0.4479166666666667,0.2641509433962264,0.37209302325581395
tle_starlink_24,mappo_tle_trained,1024,14020,192,60,42,90,0.3125,0.21875,2.0,8.866666666666667,17.049999999999997,2.341666666666667,17,53,-14.70461578104533,0.21656900394183634,0.05444444444444444,0.5821662515343203,0.10652819989894291,0.12445196387146851,0.0373457767918084,0.08140494209379658,0.35714285714285715,0.2033898305084746,0.37142857142857144
tle_starlink_24,mappo_tle_trained,1024,14021,192,71,34,87,0.3697916666666667,0.17708333333333334,2.3666666666666667,9.28169014084507,19.0,2.283333333333333,20,42,-12.568292371522867,0.2167050625506915,0.05305555555555555,0.5929208533815455,0.08728932216161317,0.14911850390178563,0.039020062425379344,0.07010514124678212,0.38095238095238093,0.35294117647058826,0.3611111111111111
tle_starlink_24,mappo_tle_trained,1024,14022,192,66,37,89,0.34375,0.19270833333333334,2.2,9.984848484848484,19.75,2.363888888888889,16,45,-14.21766343845924,0.23222505062660403,0.054907407407407405,0.6023125189425232,0.09147132537225415,0.13487212721345848,0.036485985122332004,0.07220813471587466,0.38235294117647056,0.19148936170212766,0.4186046511627907
tle_starlink_24,mappo_tle_trained,1024,14023,192,73,36,83,0.3802083333333333,0.1875,2.433333333333333,9.506849315068493,20.0,2.3958333333333335,22,40,-12.025911210340983,0.19918627784869897,0.055432098765432106,0.5941302709684282,0.07769792127377266,0.14906484411128373,0.0367428542671923,0.0695912166036005,0.42592592592592593,0.2916666666666667,0.3611111111111111
tle_starlink_24,mappo_tle_trained,1024,14024,192,67,36,89,0.3489583333333333,0.1875,2.2333333333333334,8.716417910447761,17.699999999999996,2.2805555555555554,17,38,-14.100710105244328,0.23830674707931448,0.05305555555555556,0.6222873740731879,0.0807014771720654,0.14560635500263983,0.03852866759585986,0.0746741697128694,0.3333333333333333,0.3492063492063492,0.38095238095238093
tle_starlink_24,mappo_tle_trained,1024,14025,192,72,40,80,0.375,0.20833333333333334,2.4,9.11111111111111,20.0,2.198611111111111,15,31,-12.960670837909328,0.22030492942515395,0.050956790123456795,0.60664069780963,0.062182943618702136,0.15143746418127224,0.0380544839957424,0.0771322710370698,0.4639175257731959,0.2807017543859649,0.2894736842105263
tle_starlink_24,mappo_tle_trained,1024,14026,192,72,37,83,0.375,0.19270833333333334,2.4,9.375,19.450000000000003,2.2847222222222223,16,28,-13.599027833228341,0.23509175365683108,0.052962962962962976,0.6145827406664625,0.05536149637542827,0.14799432908566035,0.037132218164758576,0.07487528524680227,0.3655913978494624,0.2711864406779661,0.55
tle_starlink_24,mappo_tle_trained,1024,14027,192,81,32,79,0.421875,0.16666666666666666,2.7,9.296296296296296,16.0,2.3027777777777776,17,28,-10.902263701542836,0.21064052149860366,0.05324074074074074,0.598257264911913,0.057604158397502055,0.16672934535937634,0.03716797640747419,0.06463405245138991,0.5048543689320388,0.2982456140350877,0.375
tle_starlink_24,mappo_tle_trained,1024,14028,192,65,44,83,0.3385416666666667,0.22916666666666666,2.1666666666666665,9.738461538461538,18.0,2.3152777777777778,20,38,-14.530990826355906,0.2223645758551732,0.05364197530864199,0.5907096280667518,0.07591736694677871,0.13636855304424964,0.03797768630974871,0.08874462740561812,0.4,0.14035087719298245,0.5
tle_starlink_24,mappo_tle_trained,1024,14029,192,70,42,80,0.3645833333333333,0.21875,2.3333333333333335,9.071428571428571,21.549999999999997,2.276388888888889,13,34,-13.281921806387126,0.2143638619562399,0.05268518518518519,0.5915238192117275,0.06907410715073255,0.14519101297739068,0.03718009130985507,0.08165300128148424,0.4880952380952381,0.203125,0.36363636363636365
tle_starlink_24,mappo_tle_trained,1024,14030,192,81,31,80,0.421875,0.16145833333333334,2.7,8.987654320987655,20.0,2.220833333333333,14,25,-10.596091682125536,0.20923836186124328,0.05145061728395062,0.5904537051336625,0.05167706061281913,0.16378633392178282,0.03691943946466104,0.060561329795075926,0.5,0.3064516129032258,0.40625
tle_starlink_24,mappo_tle_trained,1024,14031,192,76,33,83,0.3958333333333333,0.171875,2.533333333333333,8.144736842105264,20.0,2.2041666666666666,19,41,-11.24076920329545,0.19444398300428242,0.051172839506172844,0.6157539556075393,0.08518097972432338,0.16304025824536658,0.03812325372806756,0.06833253476829328,0.46875,0.3220338983050847,0.32432432432432434
tle_starlink_24,mappo_tle_trained,1024,14032,192,67,40,85,0.3489583333333333,0.20833333333333334,2.2333333333333334,9.791044776119403,21.699999999999996,2.470833333333333,17,56,-13.15077214728734,0.20722621721242748,0.05716049382716049,0.5807497869036743,0.11490546691011087,0.14480626528614143,0.03863395018446036,0.07889880401103312,0.3925233644859813,0.2545454545454545,0.36666666666666664
tle_starlink_24,mappo_tle_trained,1024,14033,192,79,29,84,0.4114583333333333,0.15104166666666666,2.6333333333333333,9.265822784810126,20.099999999999994,2.2694444444444444,15,34,-10.363239272378268,0.2060380304417087,0.052654320987654324,0.6160332447083293,0.0712032044036688,0.1732938445283647,0.03888574204566768,0.05886083673235376,0.46017699115044247,0.3333333333333333,0.3548387096774194
tle_starlink_24,mappo_tle_trained,1024,14034,192,75,37,80,0.390625,0.19270833333333334,2.5,9.626666666666667,18.19999999999999,2.3180555555555555,21,51,-11.799462925966356,0.19887242368527466,0.053611111111111116,0.5671571876059236,0.09705911019378512,0.1494339040159473,0.03605687754806019,0.07191291136337577,0.504950495049505,0.26666666666666666,0.25806451612903225
tle_starlink_24,mappo_tle_trained,1024,14035,192,73,31,88,0.3802083333333333,0.16145833333333334,2.433333333333333,9.493150684931507,18.39999999999999,2.3666666666666667,20,54,-12.805586044410878,0.24591737069015598,0.054938271604938284,0.5950361071203042,0.11039783258823507,0.1541225289445104,0.038306733496822766,0.06090082231723097,0.3617021276595745,0.4032258064516129,0.3888888888888889
tle_starlink_24,mappo_tle_trained,1024,14036,192,63,39,90,0.328125,0.203125,2.1,9.238095238095237,18.0,2.388888888888889,16,56,-13.897477150579856,0.20960776101408046,0.05549382716049382,0.5830867091941416,0.11250847707504055,0.1320617153744089,0.037200164232598386,0.07780238996183268,0.4158415841584158,0.2,0.2777777777777778
tle_starlink_24,mappo_tle_trained,1024,14037,192,68,43,81,0.3541666666666667,0.22395833333333334,2.2666666666666666,8.882352941176471,16.65,2.2625,15,49,-14.345994923956763,0.24211870527744975,0.052407407407407416,0.5705965885085418,0.09870922435550919,0.14145189834818314,0.03803465746450851,0.08410769570986289,0.32098765432098764,0.323943661971831,0.475
tle_starlink_24,mappo_tle_trained,1024,14038,192,66,36,90,0.34375,0.1875,2.2,9.545454545454545,20.5,2.4680555555555554,14,51,-13.959948444964692,0.23114366924737342,0.05725308641975308,0.5785994575922183,0.1021114437677905,0.13136187313431893,0.036678250182304736,0.06885969007486036,0.4431818181818182,0.265625,0.25
tle_starlink_24,mappo_tle_trained,1024,14039,192,70,39,83,0.3645833333333333,0.203125,2.3333333333333335,9.871428571428572,19.549999999999997,2.3555555555555556,14,49,-14.2097120481861,0.2529820938918845,0.05453703703703703,0.5722744287655738,0.09615300506167378,0.1402607621996167,0.035916692812101456,0.07430369223712877,0.36470588235294116,0.32786885245901637,0.41304347826086957
tle_starlink_24,mappo_tle_trained,1024,14040,192,73,45,74,0.3802083333333333,0.234375,2.433333333333333,8.657534246575343,16.0,2.2263888888888888,16,41,-13.767856365162057,0.22269804359769063,0.05138888888888889,0.6024967532090187,0.08708926823090908,0.15662676834116468,0.03883699563135367,0.09291149883255147,0.4157303370786517,0.28125,0.46153846153846156
tle_starlink_24,mappo_tle_trained,1024,14041,192,71,43,78,0.3697916666666667,0.22395833333333334,2.3666666666666667,8.591549295774648,19.0,2.183333333333333,15,50,-13.356047960866526,0.21202839624776965,0.05055555555555556,0.6015294423920162,0.10627528159261906,0.15498504935037444,0.04007208461955474,0.08833593536379915,0.44680851063829785,0.3275862068965517,0.25
tle_starlink_24,mappo_tle_trained,1024,14042,192,70,34,88,0.3645833333333333,0.17708333333333334,2.3333333333333335,9.842857142857143,20.549999999999997,2.3569444444444443,18,60,-12.713681837765442,0.22713704457725914,0.05472222222222222,0.5589618805612848,0.12421070272463462,0.1449730299227203,0.037610367681793086,0.06736825724441824,0.4329896907216495,0.2653061224489796,0.32608695652173914
tle_starlink_24,mappo_tle_trained,1024,14043,192,66,36,90,0.34375,0.1875,2.2,9.924242424242424,20.0,2.4180555555555556,16,53,-13.359318114135169,0.22344914889008213,0.05614197530864197,0.5684345542134185,0.10045191850919404,0.13094861808871097,0.035910480837898245,0.06547320097629697,0.3786407766990291,0.26,0.358974358974359
tle_starlink_24,mappo_tle_trained,1024,14044,192,76,33,83,0.3958333333333333,0.171875,2.533333333333333,8.302631578947368,19.25,2.198611111111111,19,38,-11.161684302738026,0.20272326082562944,0.05104938271604939,0.5930761488882672,0.08322763293351529,0.16466319141241745,0.03944837157291993,0.07034566053141905,0.4186046511627907,0.3898305084745763,0.3617021276595745
tle_starlink_24,mappo_tle_trained,1024,14045,192,70,42,80,0.3645833333333333,0.21875,2.3333333333333335,9.385714285714286,18.0,2.2805555555555554,16,33,-13.0910580845206,0.21339044732604545,0.05277777777777777,0.5879194407382781,0.06544652071354859,0.1482797711977279,0.03839744617626935,0.08321335326753283,0.4444444444444444,0.23214285714285715,0.35135135135135137
tle_starlink_24,mappo_tle_trained,1024,14046,192,72,33,87,0.375,0.171875,2.4,9.25,19.0,2.3430555555555554,16,38,-12.472937774330994,0.22013332169922822,0.05438271604938271,0.5902346298400173,0.07541905448639195,0.14604764960415118,0.03633641594505768,0.06519281486773747,0.4375,0.2727272727272727,0.36585365853658536
tle_starlink_24,mappo_tle_trained,1024,14047,192,79,35,78,0.4114583333333333,0.18229166666666666,2.6333333333333333,8.39240506329114,15.299999999999983,2.1166666666666667,17,45,-11.645921047318154,0.2119042660162504,0.04907407407407407,0.5953339153778642,0.0892224638393369,0.1598694243779383,0.03666805832513314,0.06879721771749635,0.4157303370786517,0.3230769230769231,0.5526315789473685
tle_starlink_24,mappo_tle_trained,1024,14048,192,77,24,91,0.4010416666666667,0.125,2.566666666666667,8.454545454545455,20.0,2.202777777777778,16,48,-10.2350645811994,0.21349314488922572,0.051388888888888894,0.5918547151359422,0.09691970940422952,0.1663824342152516,0.03808678352638993,0.05010472700101183,0.4077669902912621,0.37209302325581395,0.41304347826086957
tle_starlink_24,mappo_tle_trained,1024,14049,192,72,44,76,0.375,0.22916666666666666,2.4,8.875,20.0,2.227777777777778,15,43,-13.948222150058035,0.2193465791578221,0.051481481481481475,0.6167983558048634,0.08771748060447752,0.14924245001644382,0.03753786533509892,0.08659870673415564,0.47674418604651164,0.30158730158730157,0.27906976744186046
tle_starlink_24,mappo_tle_trained,1024,14050,192,80,38,74,0.4166666666666667,0.19791666666666666,2.6666666666666665,8.8625,19.049999999999997,2.1791666666666667,15,33,-12.233087849931755,0.2300873910091827,0.05033950617283949,0.595926732229459,0.06753831064589579,0.1646417687632858,0.03700388133742894,0.0757613600995954,0.47560975609756095,0.3,0.46
tle_starlink_24,global_dijkstra,-1,14001,192,75,25,92,0.390625,0.13020833333333334,2.5,8.573333333333334,19.299999999999997,2.4194444444444443,23,0,-9.807556547648193,0.19846366461640366,0.05623456790123457,0.6285860669382058,0.0,0.17143531577355106,0.03990951057354304,0.054026939835763364,0.4431818181818182,0.3389830508474576,0.35555555555555557
tle_starlink_24,global_dijkstra,-1,14002,192,70,25,97,0.3645833333333333,0.13020833333333334,2.3333333333333335,8.271428571428572,21.099999999999994,2.4583333333333335,27,0,-10.99463460174381,0.19442500943725213,0.05725308641975309,0.6883809418979415,0.0,0.1763595473154297,0.04409622287618065,0.06518967143967143,0.37142857142857144,0.33962264150943394,0.38235294117647056
tle_starlink_24,global_dijkstra,-1,14003,192,75,25,92,0.390625,0.13020833333333334,2.5,9.253333333333334,21.299999999999997,2.433333333333333,22,0,-10.692808192843254,0.21842687102428673,0.056543209876543224,0.680614636003663,0.0,0.18775460650460649,0.04344352220258278,0.06181152181152181,0.4606741573033708,0.3333333333333333,0.32608695652173914
tle_starlink_24,global_dijkstra,-1,14004,192,80,23,89,0.4166666666666667,0.11979166666666667,2.6666666666666665,8.8875,22.0,2.4180555555555556,22,0,-8.978839817868455,0.18764409926902922,0.05611111111111111,0.657910826615819,0.0,0.18666346997229347,0.04059532000707544,0.053536833536833535,0.4807692307692308,0.2542372881355932,0.5172413793103449
tle_starlink_24,global_dijkstra,-1,14005,192,69,26,97,0.359375,0.13541666666666666,2.3,9.27536231884058,19.599999999999994,2.495833333333333,29,0,-12.651765585471347,0.23791797377889232,0.058086419753086406,0.6858178548839876,0.0,0.16750457875457878,0.04206649769523576,0.06261599511599511,0.3157894736842105,0.375,0.45454545454545453
tle_starlink_24,global_dijkstra,-1,14006,192,86,19,87,0.4479166666666667,0.09895833333333333,2.8666666666666667,7.953488372093023,20.5,2.2597222222222224,28,0,-7.592784767423386,0.18618397268841907,0.052530864197530856,0.6452943800396972,0.0,0.19743193897605665,0.040469697950736516,0.046526939835763365,0.5145631067961165,0.3829787234042553,0.35714285714285715
tle_starlink_24,global_dijkstra,-1,14007,192,84,29,79,0.4375,0.15104166666666666,2.8,7.869047619047619,18.849999999999994,2.109722222222222,21,0,-9.439766244710926,0.20421408379549724,0.04895061728395063,0.6836484290315711,0.0,0.2071298227915875,0.04275691912628013,0.06972201817790054,0.4725274725274725,0.3709677419354839,0.46153846153846156
tle_starlink_24,global_dijkstra,-1,14008,192,82,20,90,0.4270833333333333,0.10416666666666667,2.7333333333333334,8.597560975609756,17.950000000000003,2.279166666666667,22,0,-9.27159534931352,0.2259496374379788,0.05305555555555555,0.6710094795425241,0.0,0.19741272616272618,0.041695081719168546,0.04790515040515041,0.44680851063829785,0.42105263157894735,0.3902439024390244
tle_starlink_24,global_dijkstra,-1,14009,192,78,29,85,0.40625,0.15104166666666666,2.6,9.08974358974359,21.14999999999999,2.311111111111111,19,0,-11.03848831047168,0.23595935252101566,0.053611111111111116,0.659539615490583,0.0,0.1919928709634592,0.042702880443515216,0.06952350753821342,0.41304347826086957,0.3389830508474576,0.4878048780487805
tle_starlink_24,global_dijkstra,-1,14010,192,78,21,93,0.40625,0.109375,2.6,8.743589743589743,19.14999999999999,2.3305555555555557,24,0,-8.902043829287246,0.20105421255309153,0.054290123456790115,0.6572844869096939,0.0,0.19030196111078468,0.04208007049736361,0.05000107735401852,0.43137254901960786,0.26785714285714285,0.5588235294117647
tle_starlink_24,global_dijkstra,-1,14011,192,84,27,81,0.4375,0.140625,2.8,8.107142857142858,17.849999999999994,2.091666666666667,18,0,-8.877086474962859,0.20641037800490275,0.0486111111111111,0.6743611447601215,0.0,0.21104034854034853,0.04290509092375473,0.0656066156066156,0.5416666666666666,0.3064516129032258,0.38235294117647056
tle_starlink_24,global_dijkstra,-1,14012,192,81,22,89,0.421875,0.11458333333333333,2.7,8.283950617283951,18.0,2.2083333333333335,23,0,-8.714014074840913,0.20205253107016227,0.05145061728395063,0.6573412763767499,0.0,0.19487411553588027,0.041334946158839814,0.05209910459910459,0.5164835164835165,0.3333333333333333,0.3409090909090909
tle_starlink_24,global_dijkstra,-1,14013,192,84,25,83,0.4375,0.13020833333333334,2.8,8.761904761904763,20.0,2.2805555555555554,21,0,-9.40251942134363,0.21913943363938213,0.052870370370370366,0.687476939852515,0.0,0.20930056055056057,0.042709752107127505,0.061286630036630034,0.5168539325842697,0.35384615384615387,0.39473684210526316
tle_starlink_24,global_dijkstra,-1,14014,192,76,27,89,0.3958333333333333,0.140625,2.533333333333333,8.539473684210526,21.25,2.3041666666666667,20,0,-11.170319254748259,0.22384984707724334,0.05358024691358025,0.6754047624274319,0.0,0.18424024504906858,0.042571184601386224,0.0660754604872252,0.45652173913043476,0.288135593220339,0.4146341463414634
tle_starlink_24,global_dijkstra,-1,14015,192,76,26,90,0.3958333333333333,0.13541666666666666,2.533333333333333,7.815789473684211,19.0,2.2930555555555556,24,0,-10.026834821581236,0.18061056962135985,0.05336419753086419,0.6736555059998928,0.0,0.17843605740664564,0.04178083143509303,0.06339608920491273,0.45161290322580644,0.3018867924528302,0.391304347826087
tle_starlink_24,global_dijkstra,-1,14016,192,78,28,86,0.40625,0.14583333333333334,2.6,8.512820512820513,18.299999999999983,2.3819444444444446,21,0,-9.817738925468335,0.18749602617211397,0.05521604938271605,0.6788546270979302,0.0,0.19426406926406928,0.042749789505728567,0.0702074722662958,0.48484848484848486,0.32727272727272727,0.3157894736842105
tle_starlink_24,global_dijkstra,-1,14017,192,80,22,90,0.4166666666666667,0.11458333333333333,2.6666666666666665,10.05,20.049999999999997,2.359722222222222,20,0,-9.887340452149532,0.22377012184532188,0.05484567901234568,0.6637948161550156,0.0,0.1871642246642247,0.04078508483511465,0.05014194139194139,0.5048543689320388,0.21568627450980393,0.4473684210526316
tle_starlink_24,global_dijkstra,-1,14018,192,76,30,86,0.3958333333333333,0.15625,2.533333333333333,8.881578947368421,20.0,2.4,28,0,-10.859280841889058,0.20587048061892718,0.05561728395061728,0.6548954052568858,0.0,0.17645417491005727,0.04054519310312263,0.06650892408245349,0.43956043956043955,0.288135593220339,0.4523809523809524
tle_starlink_24,global_dijkstra,-1,14019,192,74,30,88,0.3854166666666667,0.15625,2.466666666666667,8.783783783783784,20.0,2.3694444444444445,24,0,-11.055064553909544,0.20090329562253284,0.055000000000000014,0.6870446277815089,0.0,0.18144397269397275,0.042576389647941436,0.06935342435342434,0.4583333333333333,0.24528301886792453,0.3953488372093023
tle_starlink_24,global_dijkstra,-1,14020,192,76,30,86,0.3958333333333333,0.15625,2.533333333333333,9.157894736842104,18.25,2.4430555555555555,28,0,-11.687760317175684,0.2233625832146767,0.056574074074074075,0.6601939386386758,0.0,0.17266784413843242,0.04042796066493248,0.0660830454948102,0.3877551020408163,0.3220338983050847,0.5428571428571428
tle_starlink_24,global_dijkstra,-1,14021,192,75,22,95,0.390625,0.11458333333333333,2.5,9.533333333333333,21.599999999999994,2.5,21,0,-10.633185025789695,0.22702237423331137,0.058117283950617285,0.6519596453231963,0.0,0.17492727860374924,0.04093444483632535,0.05035229476405947,0.42857142857142855,0.37254901960784315,0.3055555555555556
tle_starlink_24,global_dijkstra,-1,14022,192,69,26,97,0.359375,0.13541666666666666,2.3,9.289855072463768,20.0,2.515277777777778,31,0,-11.83937788359441,0.21055877510688076,0.058518518518518504,0.6778745459118073,0.0,0.16306493343258052,0.04122693980822255,0.06017111972994325,0.3627450980392157,0.23404255319148937,0.4883720930232558
tle_starlink_24,global_dijkstra,-1,14023,192,78,26,88,0.40625,0.13541666666666666,2.6,8.35897435897436,20.299999999999983,2.386111111111111,20,0,-9.085844217092742,0.1805732803343347,0.05537037037037037,0.6604064570647182,0.0,0.18859503241856185,0.04192983379710066,0.060392875098757445,0.48148148148148145,0.3541666666666667,0.25
tle_starlink_24,global_dijkstra,-1,14024,192,79,26,87,0.4114583333333333,0.13541666666666666,2.6333333333333333,7.822784810126582,20.0,2.245833333333333,21,0,-9.785334626735672,0.20174213379013026,0.05222222222222221,0.6762379838800214,0.0,0.1963597513597514,0.043282946726474134,0.06646506271506271,0.4482758620689655,0.38095238095238093,0.38095238095238093
tle_starlink_24,global_dijkstra,-1,14025,192,68,35,89,0.3541666666666667,0.18229166666666666,2.2666666666666666,8.926470588235293,22.249999999999993,2.4430555555555555,20,0,-13.097482318360964,0.21327306547479397,0.05666666666666668,0.6732754916258928,0.0,0.16973738679621034,0.04353574545149289,0.08822989918578153,0.4536082474226804,0.24561403508771928,0.2631578947368421
tle_starlink_24,global_dijkstra,-1,14026,192,83,26,83,0.4322916666666667,0.13541666666666666,2.7666666666666666,8.385542168674698,19.89999999999999,2.3,24,0,-9.382132067942386,0.20235306879411163,0.05330246913580248,0.6542024817230135,0.0,0.1943493706729001,0.040608253767234266,0.062639683301448,0.44086021505376344,0.3728813559322034,0.5
tle_starlink_24,global_dijkstra,-1,14027,192,86,23,83,0.4479166666666667,0.11979166666666667,2.8666666666666667,8.674418604651162,17.5,2.2944444444444443,22,0,-8.863974416108766,0.20891442878670663,0.05317901234567902,0.6605761198530858,0.0,0.19878801209683564,0.04051292817559494,0.05362242332830568,0.5145631067961165,0.3508771929824561,0.40625
tle_starlink_24,global_dijkstra,-1,14028,192,71,27,94,0.3697916666666667,0.140625,2.3666666666666667,9.774647887323944,21.0,2.4722222222222223,26,0,-12.080472667018602,0.22447304144786345,0.05746913580246914,0.6648680131136272,0.0,0.16826973951973953,0.04114269901505351,0.06611263736263737,0.41904761904761906,0.24561403508771928,0.43333333333333335
tle_starlink_24,global_dijkstra,-1,14029,192,77,28,87,0.4010416666666667,0.14583333333333334,2.566666666666667,8.194805194805195,21.0,2.25,21,0,-10.492861665705146,0.2107777822250114,0.052314814814814814,0.658890585562021,0.0,0.18391000339529753,0.04101368021046946,0.0657028837175896,0.5119047619047619,0.296875,0.3409090909090909
tle_starlink_24,global_dijkstra,-1,14030,192,83,24,85,0.4322916666666667,0.125,2.7666666666666666,7.951807228915663,20.89999999999999,2.3333333333333335,21,1,-8.735356068737923,0.190213827217287,0.05410493827160494,0.6598314178452008,0.0027777777777777775,0.19433878342160077,0.04069015798327986,0.05590902217837202,0.4489795918367347,0.4032258064516129,0.4375
tle_starlink_24,global_dijkstra,-1,14031,192,72,27,93,0.375,0.140625,2.4,7.819444444444445,20.450000000000003,2.345833333333333,27,0,-10.900978140255258,0.18410739750014604,0.05462962962962963,0.7048616519350801,0.0,0.178464590964591,0.04274804487912446,0.06788919413919414,0.4375,0.288135593220339,0.35135135135135137
tle_starlink_24,global_dijkstra,-1,14032,192,72,23,97,0.375,0.11979166666666667,2.4,8.569444444444445,22.450000000000003,2.566666666666667,29,0,-9.762332519778852,0.1864024585542349,0.059660493827160495,0.6808640013315521,0.0,0.185233238983239,0.044454658081251326,0.058434620934620936,0.40186915887850466,0.3090909090909091,0.4
tle_starlink_24,global_dijkstra,-1,14033,192,83,23,86,0.4322916666666667,0.11979166666666667,2.7666666666666666,8.855421686746988,21.0,2.3777777777777778,25,0,-8.584205902225888,0.1950816780068729,0.05512345679012346,0.65515445699984,0.0,0.19503698915463627,0.041460455949038896,0.052655228758169935,0.4690265486725664,0.375,0.3870967741935484
tle_starlink_24,global_dijkstra,-1,14034,192,74,32,86,0.3854166666666667,0.16666666666666666,2.466666666666667,8.95945945945946,19.0,2.3555555555555556,19,0,-11.25546993324873,0.20308840826102248,0.054629629629629625,0.6544503368697498,0.0,0.17731640908111498,0.04200920068088681,0.07579847440141557,0.46534653465346537,0.31666666666666665,0.25806451612903225
tle_starlink_24,global_dijkstra,-1,14035,192,69,25,98,0.359375,0.13020833333333334,2.3,9.072463768115941,20.599999999999994,2.5347222222222223,23,0,-12.274749553998662,0.22806509556100762,0.05898148148148148,0.6981117868418137,0.0,0.17183618668912787,0.043193437667218317,0.06210258695552813,0.3191489361702128,0.3870967741935484,0.4166666666666667
tle_starlink_24,global_dijkstra,-1,14036,192,66,32,94,0.34375,0.16666666666666666,2.2,8.863636363636363,19.0,2.475,22,0,-12.772391379428553,0.2042196947437569,0.05753086419753087,0.6720769020433404,0.0,0.16137418137418136,0.04255971983263173,0.07897796647796647,0.46534653465346537,0.21818181818181817,0.19444444444444445
tle_starlink_24,global_dijkstra,-1,14037,192,74,28,90,0.3854166666666667,0.14583333333333334,2.466666666666667,9.202702702702704,19.0,2.334722222222222,17,0,-11.656759184279581,0.23938594288077292,0.05429012345679012,0.6466106712758799,0.0,0.17626929443105915,0.0414752052174646,0.06541316526610644,0.4074074074074074,0.30985915492957744,0.475
tle_starlink_24,global_dijkstra,-1,14038,192,76,21,95,0.3958333333333333,0.109375,2.533333333333333,9.144736842105264,23.25,2.488888888888889,24,0,-9.859646352039299,0.21292463418903865,0.057870370370370364,0.6498705959045336,0.0,0.18022287353169705,0.04140571223276475,0.05040191290191289,0.45454545454545453,0.3125,0.4
tle_starlink_24,global_dijkstra,-1,14039,192,69,30,93,0.359375,0.15625,2.3,10.130434782608695,22.599999999999994,2.5125,20,0,-13.672627426713452,0.2566774853735517,0.058333333333333334,0.6527730311298992,0.0,0.16411153933212758,0.041452513089126355,0.07505070365364483,0.35294117647058826,0.32786885245901637,0.41304347826086957
tle_starlink_24,global_dijkstra,-1,14040,192,72,32,88,0.375,0.16666666666666666,2.4,8.666666666666666,20.0,2.408333333333333,22,0,-11.80357131982505,0.21448535901318302,0.0558641975308642,0.6744319950601922,0.0,0.18191031191031193,0.04319070018938358,0.07828060828060829,0.4157303370786517,0.328125,0.358974358974359
tle_starlink_24,global_dijkstra,-1,14041,192,75,26,91,0.390625,0.13541666666666666,2.5,8.453333333333333,16.89999999999999,2.297222222222222,22,0,-10.769668466372831,0.21924869928044816,0.05348765432098766,0.6691781066924775,0.0,0.18411075036075036,0.042580646926092126,0.0631622544122544,0.4787234042553192,0.3448275862068966,0.25
tle_starlink_24,global_dijkstra,-1,14042,192,78,23,91,0.40625,0.11979166666666667,2.6,8.935897435897436,18.299999999999983,2.2888888888888888,29,0,-10.22268560624941,0.21567803622798173,0.053302469135802465,0.6559038649786717,0.0,0.1779934689493513,0.04059308306439162,0.0532059362206421,0.4639175257731959,0.24489795918367346,0.45652173913043476
tle_starlink_24,global_dijkstra,-1,14043,192,74,24,94,0.3854166666666667,0.125,2.466666666666667,9.864864864864865,22.349999999999994,2.4472222222222224,22,0,-11.045765799964899,0.21913337305865846,0.056913580246913585,0.6537039900207209,0.0,0.16525703871292105,0.03975932336173,0.05160705307764131,0.44660194174757284,0.2,0.46153846153846156
tle_starlink_24,global_dijkstra,-1,14044,192,75,26,91,0.390625,0.13541666666666666,2.5,8.586666666666666,21.299999999999997,2.401388888888889,25,0,-10.262422677489536,0.20209781378429958,0.05580246913580247,0.6710021314902411,0.0,0.18685273060273064,0.04314593052947691,0.06461538461538462,0.4883720930232558,0.3389830508474576,0.2765957446808511
tle_starlink_24,global_dijkstra,-1,14045,192,73,28,91,0.3802083333333333,0.14583333333333334,2.433333333333333,9.178082191780822,20.799999999999983,2.486111111111111,29,0,-11.415655646127629,0.21459470656041707,0.05768518518518519,0.6606525384594715,0.0,0.1749477211241917,0.04125008546074229,0.06761158231746466,0.43434343434343436,0.25,0.43243243243243246
tle_starlink_24,global_dijkstra,-1,14046,192,74,27,91,0.3854166666666667,0.140625,2.466666666666667,8.905405405405405,21.349999999999994,2.4555555555555557,23,0,-10.869568149546584,0.20112631026960337,0.05700617283950617,0.671510038689385,0.0,0.17535714285714288,0.041214372210854756,0.06321275946275945,0.4375,0.34545454545454546,0.3170731707317073
tle_starlink_24,global_dijkstra,-1,14047,192,85,18,89,0.4427083333333333,0.09375,2.8333333333333335,9.105882352941176,19.0,2.301388888888889,21,0,-8.497524804728432,0.22001597549345794,0.053518518518518514,0.6464310582461724,0.0,0.19526209629150806,0.040247568602303385,0.041851971557853904,0.42696629213483145,0.4307692307692308,0.5
tle_starlink_24,global_dijkstra,-1,14048,192,80,19,93,0.4166666666666667,0.09895833333333333,2.6666666666666665,8.125,20.0,2.2430555555555554,23,0,-8.834820029981305,0.19794388017607373,0.05234567901234567,0.6698698735882538,0.0,0.18904137529137535,0.04106772687431573,0.04685730935730935,0.4174757281553398,0.37209302325581395,0.45652173913043476
tle_starlink_24,global_dijkstra,-1,14049,192,72,31,89,0.375,0.16145833333333334,2.4,8.13888888888889,18.0,2.370833333333333,21,0,-11.717362724287769,0.2012505359978954,0.055061728395061724,0.6850830246867586,0.0,0.17731532356532356,0.04266630448238924,0.07655067155067156,0.4186046511627907,0.30158730158730157,0.3953488372093023
tle_starlink_24,global_dijkstra,-1,14050,192,80,28,84,0.4166666666666667,0.14583333333333334,2.6666666666666665,8.075,19.0,2.375,21,0,-9.597934746152436,0.1961274018162231,0.055000000000000014,0.6731537515589602,0.0,0.19807969807969808,0.04290261672759037,0.06754800754800754,0.5121951219512195,0.31666666666666665,0.38
tle_starlink_24,full_heuristic,-1,14001,192,19,77,96,0.09895833333333333,0.4010416666666667,0.6333333333333333,10.789473684210526,20.699999999999985,2.661111111111111,15,66,-21.166166777102593,0.1574108050084392,0.061728395061728385,0.5261376670268276,0.1223212480101025,0.03464553950235065,0.0358207203596378,0.1384606476827839,0.13636363636363635,0.1016949152542373,0.022222222222222223
tle_starlink_24,full_heuristic,-1,14002,192,23,62,107,0.11979166666666667,0.3229166666666667,0.7666666666666667,8.695652173913043,16.799999999999997,2.6166666666666667,16,35,-19.063803129443688,0.14535344051439172,0.061080246913580244,0.5666304032655076,0.06585191210578208,0.04419602370453764,0.03662342653591461,0.11474329348555352,0.1523809523809524,0.05660377358490566,0.11764705882352941
tle_starlink_24,full_heuristic,-1,14003,192,20,76,96,0.10416666666666667,0.3958333333333333,0.6666666666666666,7.5,16.0,2.736111111111111,13,68,-21.182283347323832,0.15367774214356444,0.06339506172839506,0.5431895292020373,0.1224393109184131,0.03654781077768694,0.03557861116288113,0.1375687268527826,0.0898876404494382,0.08771929824561403,0.15217391304347827
tle_starlink_24,full_heuristic,-1,14004,192,12,79,101,0.0625,0.4114583333333333,0.4,6.666666666666667,15.0,2.8875,14,64,-20.731304538316817,0.10179863920501724,0.06691358024691357,0.5509001148646693,0.11383569403306246,0.021013645224171536,0.03445368549227856,0.1380393534340903,0.07692307692307693,0.03389830508474576,0.06896551724137931
tle_starlink_24,full_heuristic,-1,14005,192,22,77,93,0.11458333333333333,0.4010416666666667,0.7333333333333333,7.363636363636363,20.549999999999994,2.623611111111111,13,74,-20.964061573140828,0.15841167412926774,0.06080246913580247,0.5619076374097731,0.12738163181274637,0.03959774287173669,0.03424802517554732,0.1305444705793003,0.07368421052631578,0.15625,0.15151515151515152
tle_starlink_24,full_heuristic,-1,14006,192,19,71,102,0.09895833333333333,0.3697916666666667,0.6333333333333333,7.631578947368421,13.099999999999977,2.7527777777777778,15,69,-19.165985339138395,0.1310633597283305,0.06395061728395061,0.506356049082398,0.12132956310352325,0.03145288286592634,0.03332318823878128,0.11938591708092985,0.10679611650485436,0.10638297872340426,0.07142857142857142
tle_starlink_24,full_heuristic,-1,14007,192,24,77,91,0.125,0.4010416666666667,0.8,6.583333333333333,10.849999999999998,2.5680555555555555,14,74,-20.31771693787779,0.1428211606616333,0.059506172839506176,0.5509849249800793,0.1337479337827635,0.043713219471733414,0.03479825982793351,0.13426784802171798,0.14285714285714285,0.11290322580645161,0.10256410256410256
tle_starlink_24,full_heuristic,-1,14008,192,21,80,91,0.109375,0.4166666666666667,0.7,6.333333333333333,13.0,2.6069444444444443,13,47,-20.13077638524893,0.11803056458083346,0.060370370370370366,0.5639565696490391,0.08334974264305264,0.03979315652017227,0.03578591722252821,0.1410292532980647,0.13829787234042554,0.05263157894736842,0.12195121951219512
tle_starlink_24,full_heuristic,-1,14009,192,21,82,89,0.109375,0.4270833333333333,0.7,10.857142857142858,22.0,2.725,13,71,-21.828550520884733,0.16638049140105782,0.0629320987654321,0.54156112570334,0.12331025685127853,0.038032171933100725,0.0347661898726229,0.14401864546988385,0.16304347826086957,0.05084745762711865,0.07317073170731707
tle_starlink_24,full_heuristic,-1,14010,192,22,77,93,0.11458333333333333,0.4010416666666667,0.7333333333333333,8.363636363636363,17.749999999999996,2.613888888888889,15,60,-20.506975236939123,0.14800746177180021,0.060586419753086415,0.5526573252182331,0.10429457668234757,0.03897113550364324,0.03456322555579228,0.132193807081578,0.13725490196078433,0.10714285714285714,0.058823529411764705
tle_starlink_24,full_heuristic,-1,14011,192,20,79,93,0.10416666666666667,0.4114583333333333,0.6666666666666666,8.85,16.350000000000005,2.5208333333333335,15,47,-20.606956121977106,0.14798794392067416,0.05851851851851853,0.5491669734524832,0.08374935221297448,0.03644525939030582,0.03432007670689456,0.13511046630241674,0.13541666666666666,0.0967741935483871,0.029411764705882353
tle_starlink_24,full_heuristic,-1,14012,192,21,74,97,0.109375,0.3854166666666667,0.7,7.761904761904762,18.0,2.6944444444444446,15,75,-20.68047814899618,0.1574090391093742,0.0625,0.5575205665648385,0.13031496038074986,0.04005933394091289,0.03491226171110504,0.12687219943798891,0.13186813186813187,0.08771929824561403,0.09090909090909091
tle_starlink_24,full_heuristic,-1,14013,192,25,71,96,0.13020833333333334,0.3697916666666667,0.8333333333333334,10.4,18.799999999999997,2.613888888888889,14,72,-20.363125940810352,0.17175468571935057,0.06067901234567901,0.5349765128852232,0.13162402254894515,0.04539838902068004,0.03482696697274672,0.12598699474473468,0.19101123595505617,0.07692307692307693,0.07894736842105263
tle_starlink_24,full_heuristic,-1,14014,192,18,77,97,0.09375,0.4010416666666667,0.6,8.444444444444445,14.649999999999984,2.7069444444444444,16,41,-21.030699805579733,0.15032901982570143,0.06277777777777778,0.5462553524524428,0.0753651820602285,0.03267855095254476,0.03553674029264254,0.13703740002114617,0.10869565217391304,0.0847457627118644,0.07317073170731707
tle_starlink_24,full_heuristic,-1,14015,192,16,74,102,0.08333333333333333,0.3854166666666667,0.5333333333333333,7.75,16.25,2.6444444444444444,17,57,-20.82203141537575,0.13036263250568628,0.0615432098765432,0.5705734707448505,0.10175188206248914,0.02960278555866791,0.03512041926610855,0.13226346542236972,0.06451612903225806,0.07547169811320754,0.13043478260869565
tle_starlink_24,full_heuristic,-1,14016,192,22,82,88,0.11458333333333333,0.4270833333333333,0.7333333333333333,6.136363636363637,11.0,2.640277777777778,15,75,-20.331469352210288,0.12030332792006322,0.061018518518518514,0.5441888723396392,0.13645498464383912,0.04199613295201531,0.036364033626872454,0.14478396589077702,0.16161616161616163,0.07272727272727272,0.05263157894736842
tle_starlink_24,full_heuristic,-1,14017,192,18,78,96,0.09375,0.40625,0.6,8.38888888888889,14.149999999999999,2.686111111111111,16,79,-20.95538790760958,0.13698132427331441,0.06228395061728395,0.5434879781378851,0.14239319847678983,0.031276994848976274,0.034920691117200774,0.13527186865422156,0.0970873786407767,0.0784313725490196,0.10526315789473684
tle_starlink_24,full_heuristic,-1,14018,192,21,87,84,0.109375,0.453125,0.7,9.238095238095237,21.0,2.526388888888889,11,66,-22.031581099724633,0.15599980908931013,0.0583641975308642,0.5622915933001515,0.1184860174798255,0.03899636712330211,0.03546755751774626,0.15064892394613758,0.12087912087912088,0.0847457627118644,0.11904761904761904
tle_starlink_24,full_heuristic,-1,14019,192,18,73,101,0.09375,0.3802083333333333,0.6,10.666666666666666,24.15,2.783333333333333,13,38,-21.43892428701201,0.1575630547903601,0.06459876543209878,0.5818546981403585,0.06795075925106885,0.0331641730016343,0.03566173284513884,0.13181670711469473,0.11458333333333333,0.03773584905660377,0.11627906976744186
tle_starlink_24,full_heuristic,-1,14020,192,13,87,92,0.06770833333333333,0.453125,0.43333333333333335,8.153846153846153,18.4,2.7055555555555557,13,80,-21.79637169214835,0.12832139840906714,0.06259259259259259,0.5428013025415678,0.1360712129661517,0.024121427248362234,0.03455568704635755,0.1471613212582724,0.08163265306122448,0.05084745762711865,0.05714285714285714
tle_starlink_24,full_heuristic,-1,14021,192,21,68,103,0.109375,0.3541666666666667,0.7,9.523809523809524,19.0,2.8666666666666667,14,53,-19.865169377012776,0.15831375920238344,0.06651234567901235,0.5383220009451463,0.09450414136946647,0.036293511556669454,0.03357647622922107,0.11590811178272478,0.0761904761904762,0.09803921568627451,0.2222222222222222
tle_starlink_24,full_heuristic,-1,14022,192,15,72,105,0.078125,0.375,0.5,5.0,12.899999999999986,2.6791666666666667,20,78,-19.987982948320305,0.10926837873768944,0.062407407407407404,0.553810491597371,0.13898244919630706,0.02861090114623565,0.03507013667522262,0.12804242330036514,0.06862745098039216,0.06382978723404255,0.11627906976744186
tle_starlink_24,full_heuristic,-1,14023,192,29,71,92,0.15104166666666666,0.3697916666666667,0.9666666666666667,7.9655172413793105,17.199999999999996,2.591666666666667,20,59,-19.80379323014031,0.17070194095725633,0.060061728395061735,0.5535992266298612,0.10421082558079461,0.05278357249332481,0.034793952175456215,0.12291054433469294,0.12037037037037036,0.1875,0.19444444444444445
tle_starlink_24,full_heuristic,-1,14024,192,19,78,95,0.09895833333333333,0.40625,0.6333333333333333,8.68421052631579,19.0,2.595833333333333,14,49,-21.259065496353035,0.13704759731740931,0.060246913580246905,0.5740816976013315,0.09201986509649046,0.035174278908799025,0.036337108152658164,0.14233020677293123,0.12643678160919541,0.09523809523809523,0.047619047619047616
tle_starlink_24,full_heuristic,-1,14025,192,17,77,98,0.08854166666666667,0.4010416666666667,0.5666666666666667,6.647058823529412,11.2,2.673611111111111,15,53,-21.09076801204332,0.11615273135876955,0.062067901234567895,0.5917446352375109,0.09966984454600553,0.03291836617688011,0.03673879624595011,0.1417875571281144,0.12371134020618557,0.05263157894736842,0.05263157894736842
tle_starlink_24,full_heuristic,-1,14026,192,16,82,94,0.08333333333333333,0.4270833333333333,0.5333333333333333,9.875,21.25,2.636111111111111,14,60,-21.734391125415097,0.15677753163866445,0.06111111111111111,0.5396921529659985,0.10292143758088029,0.027391026586073026,0.034060575639096195,0.13987945763100562,0.06451612903225806,0.05084745762711865,0.175
tle_starlink_24,full_heuristic,-1,14027,192,23,75,94,0.11979166666666667,0.390625,0.7666666666666667,10.347826086956522,17.9,2.6305555555555555,13,51,-20.782504226680036,0.15788092116955318,0.06098765432098764,0.5691939440251026,0.09166631833141456,0.04136516729059467,0.0351414270236672,0.13118252623148977,0.17475728155339806,0.03508771929824561,0.09375
tle_starlink_24,full_heuristic,-1,14028,192,19,71,102,0.09895833333333333,0.3697916666666667,0.6333333333333333,7.7894736842105265,14.299999999999994,2.661111111111111,14,61,-19.296743462775325,0.1331943318777484,0.061913580246913576,0.5221256483855442,0.10579500463939824,0.034501710256859,0.03402165900847545,0.12193950775472513,0.09523809523809523,0.08771929824561403,0.13333333333333333
tle_starlink_24,full_heuristic,-1,14029,192,22,81,89,0.11458333333333333,0.421875,0.7333333333333333,8.181818181818182,20.749999999999996,2.5972222222222223,13,61,-20.64422767266269,0.1461703960382129,0.06009259259259259,0.5423920634210995,0.10611609236996232,0.03914389360209793,0.03348710962713697,0.13820813918337135,0.15476190476190477,0.046875,0.13636363636363635
tle_starlink_24,full_heuristic,-1,14030,192,26,71,95,0.13541666666666666,0.3697916666666667,0.8666666666666667,12.576923076923077,25.0,2.7069444444444444,19,77,-21.39965657542185,0.18906640722254425,0.06271604938271605,0.5621669427286722,0.1349320195914623,0.04589391402084901,0.03511560475712659,0.12714451570101726,0.20408163265306123,0.06451612903225806,0.0625
tle_starlink_24,full_heuristic,-1,14031,192,17,76,99,0.08854166666666667,0.3958333333333333,0.5666666666666667,7.647058823529412,15.599999999999998,2.7819444444444446,20,64,-21.905808033538843,0.1581340982235723,0.06450617283950617,0.5684156165083961,0.1155725041212657,0.030349929711384817,0.03546604697072146,0.13514275513501517,0.041666666666666664,0.1016949152542373,0.1891891891891892
tle_starlink_24,full_heuristic,-1,14032,192,21,69,102,0.109375,0.359375,0.7,10.285714285714286,18.0,2.9402777777777778,14,101,-20.923783676152073,0.1537786430449281,0.06811728395061728,0.5522345773196329,0.18195097815840847,0.0369123045284036,0.03484064773806373,0.12351002282890827,0.1308411214953271,0.03636363636363636,0.16666666666666666
tle_starlink_24,full_heuristic,-1,14033,192,16,72,104,0.08333333333333333,0.375,0.5333333333333333,6.8125,11.5,2.6777777777777776,14,80,-20.914259949939364,0.13997832280512146,0.062345679012345674,0.5453771163717028,0.14604372450734676,0.029987100103199174,0.0362579433028345,0.1308691175525541,0.07964601769911504,0.125,0.03225806451612903
tle_starlink_24,full_heuristic,-1,14034,192,20,78,94,0.10416666666666667,0.40625,0.6666666666666666,8.6,17.200000000000003,2.6847222222222222,17,62,-22.019852569253082,0.17589717771768035,0.06219135802469135,0.5594743424596909,0.10978913415445922,0.03465724620523382,0.03442726676130317,0.13626079458896795,0.09900990099009901,0.13333333333333333,0.06451612903225806
tle_starlink_24,full_heuristic,-1,14035,192,11,78,103,0.057291666666666664,0.40625,0.36666666666666664,8.363636363636363,17.5,2.651388888888889,15,44,-21.846288813361287,0.15282384413000424,0.061728395061728385,0.5406125218692579,0.07784152151025217,0.020347628950570126,0.035003316777135224,0.1386617139597016,0.031914893617021274,0.08064516129032258,0.08333333333333333
tle_starlink_24,full_heuristic,-1,14036,192,21,71,100,0.109375,0.3697916666666667,0.7,10.80952380952381,25.0,2.7805555555555554,16,61,-20.562724474715544,0.16109541169136585,0.06450617283950617,0.5445839367077766,0.10845719281864794,0.03785431716546268,0.03458478341431544,0.125495274133045,0.1485148514851485,0.01818181818181818,0.1388888888888889
tle_starlink_24,full_heuristic,-1,14037,192,14,90,88,0.07291666666666667,0.46875,0.4666666666666667,6.5,11.399999999999999,2.5833333333333335,13,61,-22.125515322751912,0.1253515905302592,0.05975308641975309,0.5550748602147888,0.11239345908076556,0.025272346046339857,0.035420319654754416,0.15567482798132953,0.09876543209876543,0.07042253521126761,0.025
tle_starlink_24,full_heuristic,-1,14038,192,21,77,94,0.109375,0.4010416666666667,0.7,8.19047619047619,18.0,2.6694444444444443,16,99,-20.548673850193993,0.14915300720902233,0.06185185185185186,0.5192085478335859,0.16988585869592734,0.03620064241631748,0.03368628662894093,0.1308862584148625,0.10227272727272728,0.09375,0.15
tle_starlink_24,full_heuristic,-1,14039,192,19,76,97,0.09895833333333333,0.3958333333333333,0.6333333333333333,9.421052631578947,23.199999999999996,2.763888888888889,17,59,-20.654055642858026,0.15133846759273117,0.0640432098765432,0.533684310097108,0.10499918095893325,0.03530902419447311,0.03413929466493971,0.13262880680837338,0.15294117647058825,0.03278688524590164,0.08695652173913043
tle_starlink_24,full_heuristic,-1,14040,192,25,80,87,0.13020833333333334,0.4166666666666667,0.8333333333333334,7.08,15.0,2.488888888888889,15,54,-20.550435761778676,0.14545448775952907,0.05762345679012346,0.5590663703834661,0.0971939038773404,0.04635190918472653,0.034892161392761176,0.1418519542319852,0.15730337078651685,0.140625,0.05128205128205128
tle_starlink_24,full_heuristic,-1,14041,192,32,66,94,0.16666666666666666,0.34375,1.0666666666666667,10.90625,22.45,2.623611111111111,18,50,-20.623861498328193,0.21177912366019153,0.060833333333333336,0.5767216897310228,0.08845610758923453,0.05816340278801579,0.03408662249733035,0.11694116828017756,0.18085106382978725,0.15517241379310345,0.15
tle_starlink_24,full_heuristic,-1,14042,192,23,70,99,0.11979166666666667,0.3645833333333333,0.7666666666666667,8.652173913043478,17.0,2.613888888888889,14,52,-19.595304303057365,0.1610094985768063,0.0607716049382716,0.5231059572304481,0.08943428833521713,0.04128452730619913,0.03457947938739405,0.12161064898294001,0.13402061855670103,0.08163265306122448,0.13043478260869565
tle_starlink_24,full_heuristic,-1,14043,192,13,78,101,0.06770833333333333,0.40625,0.43333333333333335,9.076923076923077,17.799999999999997,2.8930555555555557,18,79,-20.840290544737485,0.12174835262242044,0.06703703703703703,0.5523230868661491,0.13378306878306878,0.02321115288220552,0.03391531197053225,0.12970549330843448,0.10679611650485436,0.0,0.05128205128205128
tle_starlink_24,full_heuristic,-1,14044,192,22,73,97,0.11458333333333333,0.3802083333333333,0.7333333333333333,8.318181818181818,16.699999999999996,2.673611111111111,16,51,-19.861828454298152,0.14205668882383807,0.062037037037037036,0.5251771394079368,0.09108171498264377,0.040261028387963374,0.035317428558731975,0.13328001562134686,0.13953488372093023,0.15254237288135594,0.02127659574468085
tle_starlink_24,full_heuristic,-1,14045,192,18,78,96,0.09375,0.40625,0.6,10.055555555555555,19.19999999999999,2.6166666666666667,18,65,-21.926342453312635,0.17048499850400162,0.06074074074074074,0.5408609067354097,0.11503125572398017,0.031627564901558713,0.03501411127598993,0.13905875242175553,0.09090909090909091,0.125,0.05405405405405406
tle_starlink_24,full_heuristic,-1,14046,192,14,76,102,0.07291666666666667,0.3958333333333333,0.4666666666666667,8.214285714285714,13.749999999999998,2.7527777777777778,16,75,-21.267903259230632,0.13638773047078717,0.06395061728395061,0.5241329011582717,0.13908204397368484,0.02582944288826642,0.03592115916780609,0.1397828974144764,0.052083333333333336,0.03636363636363636,0.17073170731707318
tle_starlink_24,full_heuristic,-1,14047,192,16,69,107,0.08333333333333333,0.359375,0.5333333333333333,8.875,18.25,2.775,20,46,-20.161483582796674,0.15830080280746667,0.06459876543209878,0.5159005529333391,0.08002399790325485,0.028439734213728023,0.03401620561652065,0.12079620471261336,0.06741573033707865,0.1076923076923077,0.07894736842105263
tle_starlink_24,full_heuristic,-1,14048,192,24,78,90,0.125,0.40625,0.8,7.625,15.699999999999996,2.3722222222222222,13,56,-21.00858682287647,0.15919418441189315,0.055123456790123454,0.5516005240934038,0.1000197481969928,0.04310415261266654,0.036431772619033104,0.14187709693127648,0.13592233009708737,0.09302325581395349,0.13043478260869565
tle_starlink_24,full_heuristic,-1,14049,192,16,75,101,0.08333333333333333,0.390625,0.5333333333333333,11.625,28.5,2.8958333333333335,18,58,-21.418109479382647,0.1514529422554101,0.06709876543209876,0.5548798996980882,0.10737797505212364,0.03006127687242238,0.03502531071023893,0.1332547529296755,0.10465116279069768,0.07936507936507936,0.046511627906976744
tle_starlink_24,full_heuristic,-1,14050,192,17,77,98,0.08854166666666667,0.4010416666666667,0.5666666666666667,7.117647058823529,12.0,2.8194444444444446,17,63,-21.17902981865567,0.13672348931796333,0.06530864197530864,0.5449818244252556,0.11525769036604952,0.03121749151547913,0.03489413412042004,0.1402001885283619,0.10975609756097561,0.06666666666666667,0.08
tle_oneweb_24,mappo_tle_trained,7,14001,192,54,56,82,0.28125,0.2916666666666667,1.8,7.962962962962963,15.349999999999994,2.126388888888889,21,72,-16.618310046344863,0.2167221105855655,0.04941358024691357,0.5361093707600048,0.12907675786545758,0.10139285250353361,0.03399930830121186,0.10160321532612554,0.23863636363636365,0.288135593220339,0.35555555555555557
tle_oneweb_24,mappo_tle_trained,7,14002,192,58,54,80,0.3020833333333333,0.28125,1.9333333333333333,8.362068965517242,19.15,2.129166666666667,18,104,-16.176020459004437,0.21433272935452793,0.04941358024691357,0.5368139861433896,0.1902828684330232,0.11249674431175977,0.03492437598901646,0.10018728634053711,0.3238095238095238,0.24528301886792453,0.3235294117647059
tle_oneweb_24,mappo_tle_trained,7,14003,192,64,55,73,0.3333333333333333,0.2864583333333333,2.1333333333333333,8.0625,17.849999999999994,2.061111111111111,18,77,-15.450888973070201,0.21637153706168516,0.04768518518518518,0.5418940139689384,0.13991725665016147,0.11922150708158245,0.03453296405350699,0.09828460333457642,0.2696629213483146,0.43859649122807015,0.32608695652173914
tle_oneweb_24,mappo_tle_trained,7,14004,192,61,59,72,0.3177083333333333,0.3072916666666667,2.033333333333333,8.37704918032787,20.0,2.0708333333333333,16,95,-15.441655099092328,0.18434930119598691,0.04787037037037037,0.5411931779674682,0.17744018394173194,0.11278274786788718,0.034112133226068785,0.10407294789260733,0.3942307692307692,0.1694915254237288,0.3448275862068966
tle_oneweb_24,mappo_tle_trained,7,14005,192,57,54,81,0.296875,0.28125,1.9,8.175438596491228,16.39999999999999,2.1694444444444443,20,82,-16.252792020279387,0.2071413199435467,0.050339506172839506,0.5588433346570552,0.15273598620734846,0.11117599963962192,0.03533349409496564,0.10159829721362228,0.28421052631578947,0.265625,0.3939393939393939
tle_oneweb_24,mappo_tle_trained,7,14006,192,53,57,82,0.2760416666666667,0.296875,1.7666666666666666,8.90566037735849,19.4,2.175,18,80,-17.085181146565994,0.22149298352048727,0.05049382716049382,0.5387027815754277,0.14511972332792764,0.10142152767539765,0.034308240113528135,0.1043274444280636,0.32038834951456313,0.19148936170212766,0.2619047619047619
tle_oneweb_24,mappo_tle_trained,7,14007,192,61,53,78,0.3177083333333333,0.2760416666666667,2.033333333333333,7.672131147540983,18.0,2.05,19,90,-15.602367976743055,0.19923684562345828,0.04759259259259259,0.5795847943609386,0.17811360194100131,0.1242955317529621,0.03632426447591942,0.101155766175116,0.3626373626373626,0.25806451612903225,0.3076923076923077
tle_oneweb_24,mappo_tle_trained,7,14008,192,66,57,69,0.34375,0.296875,2.2,7.348484848484849,16.75,1.8041666666666667,17,74,-15.391439744234676,0.20210800224874584,0.04185185185185185,0.5713977239949729,0.14135700771536683,0.1293310891608105,0.03660119971553088,0.10924515127688501,0.3829787234042553,0.3157894736842105,0.2926829268292683
tle_oneweb_24,mappo_tle_trained,7,14009,192,61,62,69,0.3177083333333333,0.3229166666666667,2.033333333333333,8.78688524590164,21.0,2.1222222222222222,20,92,-16.388385491195553,0.21736573890632177,0.04891975308641974,0.5295692206090614,0.16965699261751893,0.11435375053796108,0.03442305128979399,0.1081635810583179,0.32608695652173914,0.23728813559322035,0.4146341463414634
tle_oneweb_24,mappo_tle_trained,7,14010,192,65,55,72,0.3385416666666667,0.2864583333333333,2.1666666666666665,7.461538461538462,16.0,2.0083333333333333,19,71,-14.685148000815023,0.18779902760064748,0.046481481481481485,0.5584383370166525,0.13441803037004274,0.12452714711615638,0.03511234769832507,0.10198050272740675,0.3627450980392157,0.17857142857142858,0.5294117647058824
tle_oneweb_24,mappo_tle_trained,7,14011,192,57,60,75,0.296875,0.3125,1.9,7.824561403508772,17.0,1.9805555555555556,18,77,-17.286815629478966,0.21842922323525896,0.04595679012345679,0.5733365717080837,0.1483703917914444,0.1144391994314595,0.03626791335232402,0.11497088781531507,0.3333333333333333,0.25806451612903225,0.2647058823529412
tle_oneweb_24,mappo_tle_trained,7,14012,192,59,48,85,0.3072916666666667,0.25,1.9666666666666666,8.864406779661017,18.19999999999999,2.202777777777778,21,90,-15.604802752440959,0.21551276415890566,0.05120370370370371,0.554344568849643,0.16415326374691697,0.11397045335125829,0.0347164411524,0.08907534501961746,0.3626373626373626,0.24561403508771928,0.2727272727272727
tle_oneweb_24,mappo_tle_trained,7,14013,192,61,51,80,0.3177083333333333,0.265625,2.033333333333333,8.491803278688524,21.0,2.2,22,82,-15.836423052606861,0.21529570202178908,0.05098765432098765,0.5768796943973442,0.16529156000518233,0.12529178524147563,0.03642592559886081,0.09861888083250311,0.34831460674157305,0.26153846153846155,0.34210526315789475
tle_oneweb_24,mappo_tle_trained,7,14014,192,53,62,77,0.2760416666666667,0.3229166666666667,1.7666666666666666,7.735849056603773,17.0,2.061111111111111,22,94,-17.114306066245113,0.195229906457458,0.047808641975308645,0.5567466461864261,0.17137098496618625,0.10171257864369318,0.03416349060632166,0.11218066848871802,0.358695652173913,0.15254237288135594,0.2682926829268293
tle_oneweb_24,mappo_tle_trained,7,14015,192,61,54,77,0.3177083333333333,0.28125,2.033333333333333,7.327868852459017,15.0,2.0791666666666666,21,95,-14.95154120623668,0.18431175262282926,0.04820987654320987,0.541341324214038,0.18143429354729665,0.11877959716582008,0.03474942824685553,0.10131589185381754,0.3118279569892473,0.2830188679245283,0.3695652173913043
tle_oneweb_24,mappo_tle_trained,7,14016,192,62,55,75,0.3229166666666667,0.2864583333333333,2.066666666666667,8.548387096774194,20.949999999999996,2.109722222222222,22,102,-15.850767712771166,0.21280906046742112,0.048827160493827154,0.5399965788508803,0.18481494712144872,0.11423339961265659,0.0337437706152978,0.09730963910530475,0.37373737373737376,0.2545454545454545,0.2894736842105263
tle_oneweb_24,mappo_tle_trained,7,14017,192,59,54,79,0.3072916666666667,0.28125,1.9666666666666666,8.915254237288135,19.099999999999994,2.216666666666667,18,80,-15.249325423091168,0.1892243156205416,0.051327160493827156,0.5549502450703958,0.14261399004046063,0.10840909463200483,0.032875099353196074,0.09277878110308452,0.39805825242718446,0.13725490196078433,0.2894736842105263
tle_oneweb_24,mappo_tle_trained,7,14018,192,53,61,78,0.2760416666666667,0.3177083333333333,1.7666666666666666,8.60377358490566,22.4,2.2180555555555554,23,92,-17.267047999416288,0.2211415125908451,0.051327160493827156,0.5292723160715974,0.1597717202245066,0.09691616891307292,0.03313032657811483,0.10364691437446855,0.27472527472527475,0.22033898305084745,0.35714285714285715
tle_oneweb_24,mappo_tle_trained,7,14019,192,50,61,81,0.2604166666666667,0.3177083333333333,1.6666666666666667,8.64,19.0,2.158333333333333,17,90,-18.174074605338596,0.22596873179204754,0.050092592592592584,0.5471553302579885,0.16756933698110169,0.0942193063787491,0.03455447955753484,0.10882565662751423,0.28125,0.18867924528301888,0.3023255813953488
tle_oneweb_24,mappo_tle_trained,7,14020,192,53,66,73,0.2760416666666667,0.34375,1.7666666666666666,8.018867924528301,19.0,2.048611111111111,22,82,-17.82368107900824,0.2128628713075492,0.04740740740740741,0.5363923483259608,0.14981590749005616,0.09778887764568878,0.034407514883149776,0.11865577677110183,0.2755102040816326,0.1864406779661017,0.42857142857142855
tle_oneweb_24,mappo_tle_trained,7,14021,192,59,52,81,0.3072916666666667,0.2708333333333333,1.9666666666666666,8.779661016949152,17.299999999999983,2.123611111111111,22,80,-15.521484849520476,0.23846140657182602,0.04932098765432098,0.49437746385698256,0.1380508708348929,0.1085003630065213,0.0329105445849424,0.08918769854057239,0.29523809523809524,0.35294117647058826,0.2777777777777778
tle_oneweb_24,mappo_tle_trained,7,14022,192,52,61,79,0.2708333333333333,0.3177083333333333,1.7333333333333334,8.115384615384615,20.349999999999987,2.1333333333333333,18,98,-17.004306332812174,0.1989530349876416,0.049475308641975316,0.5359762627176715,0.1769907718999117,0.09817540913566626,0.03394478538164047,0.1089234915934337,0.27450980392156865,0.1702127659574468,0.37209302325581395
tle_oneweb_24,mappo_tle_trained,7,14023,192,60,54,78,0.3125,0.28125,2.0,7.9,20.0,2.125,20,99,-15.032510090543402,0.1895951194989425,0.04925925925925926,0.5329595558622684,0.18181192359984932,0.11265782921355674,0.03353924350629389,0.09560035710190508,0.3611111111111111,0.25,0.25
tle_oneweb_24,mappo_tle_trained,7,14024,192,54,62,76,0.28125,0.3229166666666667,1.8,8.0,16.349999999999994,2.1041666666666665,20,96,-17.337482466080115,0.19566951692701967,0.048734567901234566,0.5674839316290295,0.18259603414015177,0.10531276343195846,0.03537911646408932,0.11504267676481299,0.3103448275862069,0.23809523809523808,0.2857142857142857
tle_oneweb_24,mappo_tle_trained,7,14025,192,43,64,85,0.22395833333333334,0.3333333333333333,1.4333333333333333,8.325581395348838,18.799999999999997,2.2736111111111112,18,94,-19.127508000940566,0.23061172289575949,0.05277777777777778,0.5253296254708963,0.16809203825070693,0.07885305770367688,0.03302324758408162,0.11143511258836337,0.2268041237113402,0.21052631578947367,0.23684210526315788
tle_oneweb_24,mappo_tle_trained,7,14026,192,53,63,76,0.2760416666666667,0.328125,1.7666666666666666,7.811320754716981,18.799999999999997,2.084722222222222,19,112,-17.76878613430341,0.2258792525384872,0.04830246913580247,0.5197035836420169,0.19102107429893808,0.09515915557324224,0.03278355572977707,0.10837779609451435,0.23655913978494625,0.2711864406779661,0.375
tle_oneweb_24,mappo_tle_trained,7,14027,192,67,57,68,0.3489583333333333,0.296875,2.2333333333333334,7.985074626865671,18.0,1.9625,15,73,-15.127718409722855,0.2113171868051605,0.04533950617283951,0.5507371919526383,0.13370936396478192,0.12925359126597516,0.03532271680376275,0.1047664653314808,0.3883495145631068,0.2631578947368421,0.375
tle_oneweb_24,mappo_tle_trained,7,14028,192,48,59,85,0.25,0.3072916666666667,1.6,9.583333333333334,19.65,2.272222222222222,22,96,-18.13808108047012,0.22226206997414222,0.05274691358024692,0.5466824816413843,0.17267189624387766,0.09005389290219011,0.03382688090974751,0.10449628974396775,0.26666666666666666,0.19298245614035087,0.3
tle_oneweb_24,mappo_tle_trained,7,14029,192,58,62,72,0.3020833333333333,0.3229166666666667,1.9333333333333333,8.327586206896552,21.0,2.120833333333333,20,82,-17.208290047996016,0.2160292683023132,0.04898148148148148,0.5539056951311038,0.1552774753626147,0.11124480853970016,0.0351845990877129,0.11467901465579482,0.39285714285714285,0.234375,0.22727272727272727
tle_oneweb_24,mappo_tle_trained,7,14030,192,69,59,64,0.359375,0.3072916666666667,2.3,7.478260869565218,14.599999999999994,1.9347222222222222,16,74,-15.000686918632642,0.19237148623062852,0.044598765432098765,0.5555449836613675,0.14111838010057823,0.1328343465959565,0.03609989717316843,0.11401746716762196,0.3979591836734694,0.27419354838709675,0.40625
tle_oneweb_24,mappo_tle_trained,7,14031,192,59,57,76,0.3072916666666667,0.296875,1.9666666666666666,7.779661016949152,19.19999999999999,2.0430555555555556,20,83,-15.99576114728654,0.19926620883165455,0.04737654320987654,0.5594375573593322,0.15540894534315586,0.11813297727384414,0.03597891792425856,0.10894604492514708,0.3541666666666667,0.2542372881355932,0.2702702702702703
tle_oneweb_24,mappo_tle_trained,7,14032,192,51,60,81,0.265625,0.3125,1.7,8.450980392156863,21.5,2.3,24,91,-16.930471044059455,0.18700083336998935,0.05324074074074074,0.5491569859261991,0.16778502442976126,0.0970580621935111,0.03451661792487083,0.1086422867924416,0.3177570093457944,0.18181818181818182,0.23333333333333334
tle_oneweb_24,mappo_tle_trained,7,14033,192,62,52,78,0.3229166666666667,0.2708333333333333,2.066666666666667,8.725806451612904,19.89999999999999,2.1597222222222223,19,87,-14.961124027355424,0.19590296088556877,0.05003086419753087,0.539863992528795,0.16065230478156173,0.11682440280737492,0.03448371044635517,0.09545722967549591,0.336283185840708,0.2916666666666667,0.3225806451612903
tle_oneweb_24,mappo_tle_trained,7,14034,192,65,58,69,0.3385416666666667,0.3020833333333333,2.1666666666666665,8.0,19.19999999999999,2.0680555555555555,18,100,-15.173880911191858,0.19261578979277308,0.04771604938271604,0.5314235231750597,0.17985880204533453,0.11849685960754072,0.03325977082713166,0.10349581060494373,0.37623762376237624,0.3333333333333333,0.22580645161290322
tle_oneweb_24,mappo_tle_trained,7,14035,192,59,59,74,0.3072916666666667,0.3072916666666667,1.9666666666666666,8.05084745762712,20.0,2.1666666666666665,21,93,-16.644101378080574,0.20590887707120417,0.050061728395061726,0.5563236535336942,0.17231557672347148,0.10938645547778675,0.0338347989763712,0.10580480421424694,0.30851063829787234,0.25806451612903225,0.3888888888888889
tle_oneweb_24,mappo_tle_trained,7,14036,192,50,65,77,0.2604166666666667,0.3385416666666667,1.6666666666666667,9.1,19.549999999999997,2.1847222222222222,21,92,-17.768424205225575,0.19410497632036036,0.050555555555555555,0.5450715920049573,0.1708340257953261,0.09619825894206697,0.03524496117645441,0.11995040334049621,0.32673267326732675,0.10909090909090909,0.3055555555555556
tle_oneweb_24,mappo_tle_trained,7,14037,192,53,61,78,0.2760416666666667,0.3177083333333333,1.7666666666666666,7.830188679245283,18.4,2.0722222222222224,18,75,-17.048169340337015,0.21020326475531967,0.04808641975308643,0.5387075215928121,0.1375536471898701,0.10102914700824916,0.034282912065691125,0.11068271168116368,0.2716049382716049,0.19718309859154928,0.425
tle_oneweb_24,mappo_tle_trained,7,14038,192,52,56,84,0.2708333333333333,0.2916666666666667,1.7333333333333334,9.211538461538462,22.0,2.2625,21,99,-16.944638158437918,0.20892646777349586,0.0525,0.5411783443035361,0.1764958307248656,0.09595439294456658,0.033221599152882704,0.09829654592576924,0.3181818181818182,0.203125,0.275
tle_oneweb_24,mappo_tle_trained,7,14039,192,62,63,67,0.3229166666666667,0.328125,2.066666666666667,7.935483870967742,16.949999999999996,2.004166666666667,15,91,-16.08898931075675,0.20226827987113172,0.04623456790123458,0.5347256332141583,0.16129704832491215,0.11296662688303555,0.03360851736738792,0.10999694262852157,0.36470588235294116,0.22950819672131148,0.3695652173913043
tle_oneweb_24,mappo_tle_trained,7,14040,192,61,59,72,0.3177083333333333,0.3072916666666667,2.033333333333333,7.557377049180328,19.0,1.9708333333333334,16,101,-15.912127467451704,0.20198085324029408,0.04564814814814814,0.5521688190909528,0.198867668279433,0.12377283134249077,0.036262340264413044,0.1099831813067107,0.33707865168539325,0.28125,0.3333333333333333
tle_oneweb_24,mappo_tle_trained,7,14041,192,57,66,69,0.296875,0.34375,1.9,8.24561403508772,18.39999999999999,2.0944444444444446,18,77,-17.57167789944826,0.20115502102849295,0.04830246913580247,0.5720301473370796,0.14485020111181102,0.10801254473081097,0.03532736504748693,0.12171641968855589,0.39361702127659576,0.25862068965517243,0.125
tle_oneweb_24,mappo_tle_trained,7,14042,192,60,50,82,0.3125,0.2604166666666667,2.0,7.716666666666667,20.0,2.1194444444444445,15,85,-14.862862395150538,0.1935494140661173,0.04925925925925926,0.5445209764540953,0.15399886935103654,0.11233114909972496,0.03393457140490639,0.09034025199659874,0.32989690721649484,0.24489795918367346,0.34782608695652173
tle_oneweb_24,mappo_tle_trained,7,14043,192,56,63,73,0.2916666666666667,0.328125,1.8666666666666667,8.125,16.25,2.0055555555555555,17,75,-16.407862484815016,0.17672308162620645,0.04645061728395061,0.5602593990772893,0.13506179664848397,0.10241563877012791,0.034428796159148047,0.11364575654823332,0.3883495145631068,0.12,0.2564102564102564
tle_oneweb_24,mappo_tle_trained,7,14044,192,64,57,71,0.3333333333333333,0.296875,2.1333333333333333,7.890625,18.69999999999999,2.011111111111111,20,91,-15.457077155338121,0.20028014423931353,0.04651234567901233,0.544499711581766,0.17274825134732255,0.12242636820810193,0.035226720104313554,0.10613822137041952,0.37209302325581395,0.3220338983050847,0.2765957446808511
tle_oneweb_24,mappo_tle_trained,7,14045,192,53,54,85,0.2760416666666667,0.28125,1.7666666666666666,9.830188679245284,18.4,2.2708333333333335,22,89,-17.250383728162284,0.2280331952525222,0.052716049382716054,0.5406698009670069,0.17027909296872143,0.10306027764232098,0.03489350098713566,0.10152362114436418,0.3333333333333333,0.17857142857142858,0.2702702702702703
tle_oneweb_24,mappo_tle_trained,7,14046,192,56,56,80,0.2916666666666667,0.2916666666666667,1.8666666666666667,8.017857142857142,18.25,2.102777777777778,19,105,-15.719224729371948,0.18820114075839356,0.04882716049382716,0.5450827858216716,0.1936169105518951,0.11035880614053988,0.034946000021202274,0.10133476287501055,0.3229166666666667,0.23636363636363636,0.2926829268292683
tle_oneweb_24,mappo_tle_trained,7,14047,192,61,50,81,0.3177083333333333,0.2604166666666667,2.033333333333333,7.901639344262295,18.0,2.066666666666667,19,98,-15.3578742431945,0.20775654369267388,0.04805555555555554,0.541067497065248,0.18238029714809897,0.11507610939112486,0.034475294117438125,0.0927115173554802,0.29213483146067415,0.3076923076923077,0.39473684210526316
tle_oneweb_24,mappo_tle_trained,7,14048,192,56,57,79,0.2916666666666667,0.296875,1.8666666666666667,7.821428571428571,18.25,2.0861111111111112,21,115,-17.07803427109395,0.19936155442883283,0.048425925925925935,0.5696255030411096,0.21518886771982748,0.10732655230333249,0.03530242245178754,0.10721892558192868,0.2621359223300971,0.2558139534883721,0.391304347826087
tle_oneweb_24,mappo_tle_trained,7,14049,192,56,61,75,0.2916666666666667,0.3177083333333333,1.8666666666666667,8.535714285714286,18.0,2.1930555555555555,20,94,-17.103606523029576,0.20413759114221502,0.050679012345679016,0.556771144087093,0.17673319327731093,0.10864870194591557,0.03500203167444378,0.11275220322046947,0.43023255813953487,0.19047619047619047,0.16279069767441862
tle_oneweb_24,mappo_tle_trained,7,14050,192,55,64,73,0.2864583333333333,0.3333333333333333,1.8333333333333333,8.50909090909091,18.299999999999997,2.109722222222222,23,75,-17.61094996347336,0.22374614393461947,0.048765432098765424,0.5520967311439983,0.1328684865759169,0.1035084616392666,0.03385016586225941,0.1126415098203024,0.32926829268292684,0.18333333333333332,0.34
tle_oneweb_24,mappo_tle_trained,42,14001,192,59,56,77,0.3072916666666667,0.2916666666666667,1.9666666666666666,8.254237288135593,19.0,2.084722222222222,14,74,-15.864078530250735,0.21043817945149262,0.048333333333333325,0.5344322477415726,0.1317964267277768,0.10966297361572634,0.03419671154860228,0.101014319208558,0.32954545454545453,0.288135593220339,0.28888888888888886
tle_oneweb_24,mappo_tle_trained,42,14002,192,58,58,76,0.3020833333333333,0.3020833333333333,1.9333333333333333,8.155172413793103,18.0,2.088888888888889,13,90,-15.779613023097887,0.2032768373122317,0.04839506172839506,0.5283304729718703,0.15572769902457612,0.10834210905081815,0.033773618635718074,0.100995147011098,0.3523809523809524,0.22641509433962265,0.2647058823529412
tle_oneweb_24,mappo_tle_trained,42,14003,192,64,53,75,0.3333333333333333,0.2760416666666667,2.1333333333333333,7.609375,16.849999999999994,2.0166666666666666,13,72,-15.206285785264694,0.21067227955911863,0.04675925925925925,0.5443793651017648,0.1274658087583784,0.1174583420249055,0.03463820873696176,0.09628326237459364,0.2696629213483146,0.42105263157894735,0.34782608695652173
tle_oneweb_24,mappo_tle_trained,42,14004,192,60,55,77,0.3125,0.2864583333333333,2.0,8.316666666666666,19.049999999999997,2.0625,16,86,-15.519054458400431,0.20195716450201176,0.04783950617283949,0.53595551596108,0.15249021432070967,0.10966873511765152,0.03381472348935836,0.09727662144070813,0.36538461538461536,0.1694915254237288,0.41379310344827586
tle_oneweb_24,mappo_tle_trained,42,14005,192,56,57,79,0.2916666666666667,0.296875,1.8666666666666667,8.285714285714286,16.25,2.140277777777778,17,70,-16.499851040246774,0.20164972441005666,0.04962962962962963,0.5619442937905382,0.13031350844431341,0.10789284001745303,0.03571685893940775,0.10691037605898289,0.3263157894736842,0.25,0.2727272727272727
tle_oneweb_24,mappo_tle_trained,42,14006,192,55,54,83,0.2864583333333333,0.28125,1.8333333333333333,8.236363636363636,16.599999999999994,2.1305555555555555,17,65,-15.102382508818756,0.18687509106578923,0.04953703703703703,0.525730765900349,0.11618885858436942,0.10535871951119628,0.03424413975179063,0.09904894998935249,0.33980582524271846,0.19148936170212766,0.2619047619047619
tle_oneweb_24,mappo_tle_trained,42,14007,192,60,53,79,0.3125,0.2760416666666667,2.0,7.35,16.0,2.0180555555555557,17,105,-15.013488255853018,0.18337714808323521,0.04691358024691358,0.5570539919479909,0.1973101667567612,0.11927714972219615,0.03525216162771217,0.09829082510197058,0.3516483516483517,0.25806451612903225,0.3076923076923077
tle_oneweb_24,mappo_tle_trained,42,14008,192,68,56,68,0.3541666666666667,0.2916666666666667,2.2666666666666666,7.161764705882353,15.0,1.8222222222222222,14,74,-14.796194519344004,0.18987462666743168,0.042222222222222223,0.5778396747553618,0.14206613347093222,0.1349557513063705,0.03669776251922734,0.10923137091093746,0.40425531914893614,0.3157894736842105,0.2926829268292683
tle_oneweb_24,mappo_tle_trained,42,14009,192,64,67,61,0.3333333333333333,0.3489583333333333,2.1333333333333333,7.921875,17.0,1.95,15,78,-16.300261790918057,0.20459545915132804,0.04484567901234569,0.5429823185007944,0.13952368294473558,0.11733712437659807,0.03433782772130399,0.11735731373889267,0.34782608695652173,0.2711864406779661,0.3902439024390244
tle_oneweb_24,mappo_tle_trained,42,14010,192,67,53,72,0.3489583333333333,0.2760416666666667,2.2333333333333334,7.447761194029851,15.0,1.9361111111111111,16,76,-13.994897754134579,0.1845300442976652,0.044876543209876545,0.5409918104221578,0.13588288531786985,0.12569411038451286,0.034687950049368775,0.09815612821417773,0.39215686274509803,0.21428571428571427,0.4411764705882353
tle_oneweb_24,mappo_tle_trained,42,14011,192,58,59,75,0.3020833333333333,0.3072916666666667,1.9333333333333333,7.551724137931035,17.15,1.9166666666666667,16,82,-16.73541627593495,0.20908869030567442,0.044537037037037035,0.5738921685204759,0.15676876486087013,0.11632915244370352,0.036142755212213544,0.1119365406981506,0.34375,0.24193548387096775,0.29411764705882354
tle_oneweb_24,mappo_tle_trained,42,14012,192,62,45,85,0.3229166666666667,0.234375,2.066666666666667,8.82258064516129,18.949999999999996,2.1694444444444443,20,80,-14.654651743423502,0.21261813587638503,0.05046296296296296,0.5443929638379679,0.1442693790856397,0.1173336959028169,0.034340344424265284,0.08284144241389496,0.4175824175824176,0.24561403508771928,0.22727272727272727
tle_oneweb_24,mappo_tle_trained,42,14013,192,61,50,81,0.3177083333333333,0.2604166666666667,2.033333333333333,7.557377049180328,18.0,2.1597222222222223,18,86,-15.516498546490583,0.21459381967016075,0.05012345679012344,0.5682285511949103,0.1646073154857985,0.12240522119779085,0.035612797989652584,0.0933687285080474,0.33707865168539325,0.2923076923076923,0.3157894736842105
tle_oneweb_24,mappo_tle_trained,42,14014,192,53,62,77,0.2760416666666667,0.3229166666666667,1.7666666666666666,7.943396226415095,17.0,2.1013888888888888,18,80,-16.95307168914197,0.1937635843700311,0.04870370370370371,0.5507045881758609,0.14519007995788183,0.09991926359960415,0.034226089087715995,0.11220072525800079,0.358695652173913,0.1694915254237288,0.24390243902439024
tle_oneweb_24,mappo_tle_trained,42,14015,192,58,57,77,0.3020833333333333,0.296875,1.9333333333333333,7.568965517241379,16.15,2.1333333333333333,17,84,-15.264232422627705,0.18030402415328195,0.049413580246913585,0.5363921950744613,0.15641191325014855,0.11108474729604759,0.03410847118203917,0.10412651317837077,0.2903225806451613,0.2641509433962264,0.3695652173913043
tle_oneweb_24,mappo_tle_trained,42,14016,192,61,57,74,0.3177083333333333,0.296875,2.033333333333333,8.655737704918034,20.0,2.1444444444444444,20,106,-15.838362174797435,0.2055330933348755,0.0495679012345679,0.5303633405533714,0.18516510511344947,0.11105320685630957,0.033215948822838945,0.09966405951750548,0.3939393939393939,0.23636363636363636,0.23684210526315788
tle_oneweb_24,mappo_tle_trained,42,14017,192,64,53,75,0.3333333333333333,0.2760416666666667,2.1333333333333333,7.90625,17.849999999999994,2.0694444444444446,18,75,-14.701097082272213,0.18332017722387445,0.0479320987654321,0.5733292877984407,0.13471976509902206,0.11940857044572215,0.033697464404062925,0.09510475535243337,0.3883495145631068,0.21568627450980393,0.34210526315789475
tle_oneweb_24,mappo_tle_trained,42,14018,192,53,61,78,0.2760416666666667,0.3177083333333333,1.7666666666666666,9.075471698113208,20.4,2.254166666666667,17,84,-17.20429903233202,0.22671986510630437,0.052129629629629616,0.512181743234857,0.14824636849169087,0.09628418063941015,0.03289519893538492,0.1042958808352872,0.27472527472527475,0.23728813559322035,0.3333333333333333
tle_oneweb_24,mappo_tle_trained,42,14019,192,47,64,81,0.24479166666666666,0.3333333333333333,1.5666666666666667,8.595744680851064,18.099999999999987,2.2472222222222222,14,77,-18.057580796279193,0.2031987679078484,0.052067901234567913,0.5544763011008412,0.14083248035647417,0.09008035494490603,0.03459203571194892,0.11418156533868609,0.3020833333333333,0.1509433962264151,0.23255813953488372
tle_oneweb_24,mappo_tle_trained,42,14020,192,54,67,71,0.28125,0.3489583333333333,1.8,8.24074074074074,18.349999999999994,2.047222222222222,20,88,-16.858353333674923,0.17634531611239315,0.047314814814814816,0.5432412248811738,0.15848217786062718,0.10078612014808003,0.034449856302188664,0.12127907490574068,0.3163265306122449,0.15254237288135594,0.4
tle_oneweb_24,mappo_tle_trained,42,14021,192,58,48,86,0.3020833333333333,0.25,1.9333333333333333,8.827586206896552,21.15,2.1944444444444446,21,76,-16.075411179431764,0.2528887956112579,0.05104938271604939,0.5177446549133765,0.12789507352301804,0.10491462379670752,0.03280826871517579,0.0821079080454501,0.2857142857142857,0.35294117647058826,0.2777777777777778
tle_oneweb_24,mappo_tle_trained,42,14022,192,52,60,80,0.2708333333333333,0.3125,1.7333333333333334,8.326923076923077,17.89999999999999,2.1791666666666667,19,82,-16.798720689506574,0.19342240512219347,0.05052469135802468,0.5441154792938436,0.1507374459619042,0.09708202945432047,0.034104865249050965,0.10733177082635287,0.27450980392156865,0.1702127659574468,0.37209302325581395
tle_oneweb_24,mappo_tle_trained,42,14023,192,59,56,77,0.3072916666666667,0.2916666666666667,1.9666666666666666,7.864406779661017,18.19999999999999,2.1277777777777778,18,84,-15.01511985234062,0.17337690260939065,0.04929012345679012,0.5487996976234074,0.14974697773846382,0.10996490409029108,0.033936632462043786,0.09994094713908953,0.37962962962962965,0.20833333333333334,0.2222222222222222
tle_oneweb_24,mappo_tle_trained,42,14024,192,56,61,75,0.2916666666666667,0.3177083333333333,1.8666666666666667,7.946428571428571,16.0,2.088888888888889,16,95,-16.979646875030433,0.20623355858415152,0.0483641975308642,0.5580887353732197,0.17859969617137475,0.10681705061887455,0.034613452750542846,0.10823588080032419,0.3218390804597701,0.2698412698412698,0.2619047619047619
tle_oneweb_24,mappo_tle_trained,42,14025,192,50,62,80,0.2604166666666667,0.3229166666666667,1.6666666666666667,8.54,19.549999999999997,2.2527777777777778,15,87,-18.542996847500632,0.23956544145539196,0.052160493827160495,0.532805052434588,0.15251260392514263,0.09063548279492553,0.03339781376262639,0.1089160978054167,0.26804123711340205,0.2631578947368421,0.23684210526315788
tle_oneweb_24,mappo_tle_trained,42,14026,192,53,59,80,0.2760416666666667,0.3072916666666667,1.7666666666666666,7.433962264150943,18.4,2.0902777777777777,18,102,-16.895845813591905,0.20111330046633852,0.04854938271604937,0.5420202864861985,0.18279198255591442,0.09941235206715084,0.03383320879317197,0.10555744865729386,0.25806451612903225,0.2542372881355932,0.35
tle_oneweb_24,mappo_tle_trained,42,14027,192,65,58,69,0.3385416666666667,0.3020833333333333,2.1666666666666665,6.953846153846154,14.799999999999997,1.8847222222222222,15,60,-15.289377091953865,0.20103507387105843,0.04364197530864198,0.5554063409166301,0.1091081257064229,0.12131895538242285,0.034875964088302416,0.1066613838517863,0.34951456310679613,0.3157894736842105,0.34375
tle_oneweb_24,mappo_tle_trained,42,14028,192,50,60,82,0.2604166666666667,0.3125,1.6666666666666667,9.28,19.549999999999997,2.201388888888889,20,99,-18.012013238941698,0.22873897491922737,0.05108024691358025,0.5354687015237041,0.17353458507735667,0.09066012929453499,0.033330572376291785,0.10317160121104126,0.2761904761904762,0.19298245614035087,0.3333333333333333
tle_oneweb_24,mappo_tle_trained,42,14029,192,59,60,73,0.3072916666666667,0.3125,1.9666666666666666,8.169491525423728,19.099999999999994,2.075,17,76,-16.702569617613733,0.2169966188304076,0.04799382716049382,0.5511728546172755,0.14238684947663274,0.11233174061347434,0.03443418413657621,0.10925845281882432,0.38095238095238093,0.28125,0.20454545454545456
tle_oneweb_24,mappo_tle_trained,42,14030,192,65,55,72,0.3385416666666667,0.2864583333333333,2.1666666666666665,7.553846153846154,16.799999999999997,2.0027777777777778,17,73,-15.030462375939809,0.1965942904093937,0.04635802469135802,0.5472750803813312,0.1372485134404639,0.12353274935705276,0.03507685217806378,0.10490263649319374,0.37755102040816324,0.25806451612903225,0.375
tle_oneweb_24,mappo_tle_trained,42,14031,192,60,55,77,0.3125,0.2864583333333333,2.0,7.683333333333334,20.0,2.063888888888889,18,76,-15.55669840827691,0.19791053773780767,0.04787037037037036,0.5615594606879459,0.14120574572199956,0.1151353353675335,0.035022240681270016,0.10004867337684674,0.3541666666666667,0.3050847457627119,0.21621621621621623
tle_oneweb_24,mappo_tle_trained,42,14032,192,51,61,80,0.265625,0.3177083333333333,1.7,8.235294117647058,21.5,2.2777777777777777,20,105,-16.996646952097322,0.19287259788422395,0.05271604938271605,0.5257036881887237,0.18968356348387308,0.09406774698183368,0.03381641031054287,0.10773737857716185,0.308411214953271,0.18181818181818182,0.26666666666666666
tle_oneweb_24,mappo_tle_trained,42,14033,192,66,54,72,0.34375,0.28125,2.2,8.484848484848484,21.0,2.1180555555555554,17,82,-14.52438843465982,0.18893249498257184,0.04891975308641974,0.548060102178545,0.15286437275601364,0.12338915098203022,0.0344009022167506,0.09740663490276492,0.36283185840707965,0.2916666666666667,0.3548387096774194
tle_oneweb_24,mappo_tle_trained,42,14034,192,69,55,68,0.359375,0.2864583333333333,2.3,8.217391304347826,18.0,2.0861111111111112,11,80,-14.30323375500897,0.19885539623349777,0.048086419753086425,0.5330079084832435,0.14358661619884527,0.12695187638299094,0.03355463860530024,0.09738846894419652,0.39603960396039606,0.36666666666666664,0.22580645161290322
tle_oneweb_24,mappo_tle_trained,42,14035,192,62,58,72,0.3229166666666667,0.3020833333333333,2.066666666666667,8.048387096774194,20.949999999999996,2.1083333333333334,18,101,-15.938097957900162,0.20054448162717167,0.0487037037037037,0.5508685115267221,0.18867927737896778,0.11487545277792956,0.033777008550811956,0.10248279040074704,0.32978723404255317,0.27419354838709675,0.3888888888888889
tle_oneweb_24,mappo_tle_trained,42,14036,192,47,68,77,0.24479166666666666,0.3541666666666667,1.5666666666666667,8.893617021276595,20.0,2.1666666666666665,18,85,-18.09931509376227,0.200156608437967,0.05015432098765433,0.5295416501827955,0.1490298945780841,0.0856106664171343,0.034020550219261855,0.11813645585132325,0.33663366336633666,0.14545454545454545,0.1388888888888889
tle_oneweb_24,mappo_tle_trained,42,14037,192,51,60,81,0.265625,0.3125,1.7,7.607843137254902,19.0,2.0680555555555555,16,90,-17.053772324230803,0.20963037434418563,0.048086419753086425,0.5234292649983199,0.16273442557801152,0.0964191751175194,0.033802746247278866,0.10777806266162708,0.25925925925925924,0.19718309859154928,0.4
tle_oneweb_24,mappo_tle_trained,42,14038,192,53,57,82,0.2760416666666667,0.296875,1.7666666666666666,9.415094339622641,20.799999999999997,2.2333333333333334,18,95,-17.093599022365545,0.21672994591321162,0.05179012345679013,0.5426956636648638,0.1707901959295148,0.10060533649929934,0.03380917253978866,0.10197423706324633,0.3068181818181818,0.234375,0.275
tle_oneweb_24,mappo_tle_trained,42,14039,192,60,59,73,0.3125,0.3072916666666667,2.0,9.016666666666667,19.049999999999997,2.1444444444444444,14,89,-16.437506803490393,0.22787345153376687,0.049537037037037025,0.5187643366049103,0.15539797205431885,0.10874679786444492,0.03314540768272914,0.10206555226679065,0.36470588235294116,0.19672131147540983,0.3695652173913043
tle_oneweb_24,mappo_tle_trained,42,14040,192,61,59,72,0.3177083333333333,0.3072916666666667,2.033333333333333,6.950819672131147,18.0,1.9805555555555556,15,100,-15.963287851672884,0.20593247551261287,0.045864197530864195,0.5481254403709883,0.19563386060677085,0.12457454281757686,0.036138467149463456,0.11091575406590887,0.3258426966292135,0.328125,0.28205128205128205
tle_oneweb_24,mappo_tle_trained,42,14041,192,57,62,73,0.296875,0.3229166666666667,1.9,8.140350877192983,20.39999999999999,2.077777777777778,17,63,-16.672711841826825,0.19782858097580258,0.04805555555555555,0.5658506651383142,0.11938823775124083,0.10891659295297067,0.03554645056337742,0.11347979835208939,0.39361702127659576,0.25862068965517243,0.125
tle_oneweb_24,mappo_tle_trained,42,14042,192,63,50,79,0.328125,0.2604166666666667,2.1,7.396825396825397,18.9,2.036111111111111,17,82,-14.229575168168791,0.19007173693983118,0.04731481481481481,0.5431843840479679,0.14621818025455796,0.11755174291938998,0.03347197868079504,0.08865802168820744,0.3711340206185567,0.22448979591836735,0.34782608695652173
tle_oneweb_24,mappo_tle_trained,42,14043,192,57,58,77,0.296875,0.3020833333333333,1.9,8.75438596491228,19.199999999999996,2.0791666666666666,15,81,-16.194693942977022,0.19261255282381326,0.04820987654320987,0.5517954206260757,0.14580490548622196,0.10434970988140996,0.034060136816782785,0.10443869602252293,0.3786407766990291,0.14,0.28205128205128205
tle_oneweb_24,mappo_tle_trained,42,14044,192,63,58,71,0.328125,0.3020833333333333,2.1,8.015873015873016,17.0,2.0277777777777777,18,79,-15.67168388745521,0.20761366716142804,0.046882716049382704,0.5337897798107633,0.14510702690269256,0.11867834793918385,0.0351892719329979,0.10759554815669367,0.36046511627906974,0.3220338983050847,0.2765957446808511
tle_oneweb_24,mappo_tle_trained,42,14045,192,50,57,85,0.2604166666666667,0.296875,1.6666666666666667,9.9,19.549999999999997,2.311111111111111,16,85,-17.25212881125363,0.20989018072256121,0.053611111111111116,0.5365386040235537,0.15861620964175144,0.09695390436876507,0.034236854478823305,0.10639173505659573,0.3333333333333333,0.17857142857142858,0.1891891891891892
tle_oneweb_24,mappo_tle_trained,42,14046,192,52,58,82,0.2708333333333333,0.3020833333333333,1.7333333333333334,7.961538461538462,18.449999999999996,2.088888888888889,16,119,-16.87631528378042,0.1942885573307381,0.04858024691358024,0.5350930159414704,0.21378149212901537,0.09619074237882286,0.03360686402920185,0.10405453994463282,0.3020833333333333,0.23636363636363636,0.24390243902439024
tle_oneweb_24,mappo_tle_trained,42,14047,192,62,49,81,0.3229166666666667,0.2552083333333333,2.066666666666667,7.467741935483871,16.949999999999996,2.0430555555555556,17,92,-14.825832887155578,0.20558236465984256,0.04753086419753086,0.5283141195207757,0.16732823195385452,0.11470965528342024,0.03381313593466624,0.08950133218810025,0.29213483146067415,0.3076923076923077,0.42105263157894735
tle_oneweb_24,mappo_tle_trained,42,14048,192,56,60,76,0.2916666666666667,0.3125,1.8666666666666667,7.321428571428571,16.5,2.1069444444444443,18,101,-16.77007946685131,0.1932142674868337,0.0487962962962963,0.5628294141251444,0.1792304337389477,0.10435918699463591,0.034283046998037206,0.10739030992513963,0.2621359223300971,0.27906976744186046,0.3695652173913043
tle_oneweb_24,mappo_tle_trained,42,14049,192,57,61,74,0.296875,0.3177083333333333,1.9,7.7368421052631575,17.0,2.1347222222222224,18,94,-16.547762899721107,0.18851157699138643,0.04935185185185185,0.562285938261026,0.1777782989857293,0.11022451834371338,0.034944876930271554,0.11192747912562152,0.43023255813953487,0.1746031746031746,0.20930232558139536
tle_oneweb_24,mappo_tle_trained,42,14050,192,59,62,71,0.3072916666666667,0.3229166666666667,1.9666666666666666,9.152542372881356,19.099999999999994,2.138888888888889,19,70,-16.82861397928572,0.2195876464802246,0.04935185185185185,0.5597654800145453,0.12294844546005536,0.11215610198195337,0.03378868215160091,0.10917278899864039,0.36585365853658536,0.2,0.34
tle_oneweb_24,mappo_tle_trained,1024,14001,192,60,57,75,0.3125,0.296875,2.0,9.0,20.0,2.183333333333333,17,68,-15.866363213135564,0.22642177069806613,0.05046296296296295,0.5120569155609066,0.1164844151376659,0.10916342128803429,0.033379480673939206,0.0988750932017186,0.3181818181818182,0.2711864406779661,0.35555555555555557
tle_oneweb_24,mappo_tle_trained,1024,14002,192,59,58,75,0.3072916666666667,0.3020833333333333,1.9666666666666666,7.728813559322034,17.099999999999994,2.1013888888888888,14,90,-15.474188411503592,0.19592005743705393,0.048641975308641984,0.5338653442165161,0.16088306358817198,0.11391745666900464,0.03465194576049017,0.1031165383177767,0.3523809523809524,0.24528301886792453,0.2647058823529412
tle_oneweb_24,mappo_tle_trained,1024,14003,192,65,52,75,0.3385416666666667,0.2708333333333333,2.1666666666666665,8.153846153846153,17.599999999999994,2.0541666666666667,17,72,-14.641641660509281,0.20978655702509855,0.04759259259259258,0.5366917591978486,0.1261701434959949,0.12099400083920207,0.03417014863688923,0.0925925847171977,0.2808988764044944,0.40350877192982454,0.3695652173913043
tle_oneweb_24,mappo_tle_trained,1024,14004,192,58,58,76,0.3020833333333333,0.3020833333333333,1.9333333333333333,8.551724137931034,18.0,2.191666666666667,15,74,-15.84742197674771,0.1944394246902252,0.050679012345679016,0.5476639293704749,0.13506804898984195,0.10669074761331458,0.03379591429468125,0.10121054698605511,0.33653846153846156,0.1694915254237288,0.4482758620689655
tle_oneweb_24,mappo_tle_trained,1024,14005,192,52,60,80,0.2708333333333333,0.3125,1.7333333333333334,8.307692307692308,16.0,2.2875,17,82,-17.83736837070425,0.2123853355917557,0.052932098765432097,0.565607393433039,0.14987163722070843,0.09874695608828735,0.03566893484285328,0.11049846280883432,0.2736842105263158,0.25,0.30303030303030304
tle_oneweb_24,mappo_tle_trained,1024,14006,192,53,59,80,0.2760416666666667,0.3072916666666667,1.7666666666666666,8.30188679245283,18.4,2.216666666666667,17,66,-16.112026506566224,0.19646436599553543,0.05135802469135804,0.5318548107372344,0.11481219817284562,0.10217532910795799,0.03434607521422336,0.10577148508077973,0.30097087378640774,0.19148936170212766,0.30952380952380953
tle_oneweb_24,mappo_tle_trained,1024,14007,192,61,50,81,0.3177083333333333,0.2604166666666667,2.033333333333333,7.967213114754099,18.0,2.1430555555555557,20,82,-15.491566207220512,0.21490250493770235,0.04975308641975308,0.568168766394949,0.1579048929513326,0.12219533719920715,0.03540963220986307,0.09343245777843298,0.34065934065934067,0.25806451612903225,0.358974358974359
tle_oneweb_24,mappo_tle_trained,1024,14008,192,65,60,67,0.3385416666666667,0.3125,2.1666666666666665,7.153846153846154,14.799999999999997,1.875,14,63,-15.841504998559984,0.20323101454424924,0.0433641975308642,0.5817206703127374,0.11931687879830294,0.12826749188204295,0.03625831572162863,0.11415661766280961,0.39361702127659576,0.3157894736842105,0.24390243902439024
tle_oneweb_24,mappo_tle_trained,1024,14009,192,63,63,66,0.328125,0.328125,2.1,8.11111111111111,17.0,2.125,15,78,-15.944646470848806,0.19959035893810667,0.048888888888888885,0.5482220171858166,0.1371187717511247,0.11699458651084037,0.03391020135764197,0.11092506779426285,0.34782608695652173,0.2542372881355932,0.3902439024390244
tle_oneweb_24,mappo_tle_trained,1024,14010,192,61,58,73,0.3177083333333333,0.3020833333333333,2.033333333333333,7.524590163934426,14.0,2.0833333333333335,15,68,-14.550300969221919,0.1728846789260238,0.04817901234567901,0.5394970343191109,0.12131775517224433,0.11547913902403065,0.03425465420085934,0.10355144396940061,0.3431372549019608,0.16071428571428573,0.5
tle_oneweb_24,mappo_tle_trained,1024,14011,192,55,57,80,0.2864583333333333,0.296875,1.8333333333333333,8.290909090909091,18.299999999999997,2.2125,17,68,-17.281498390744975,0.22500196026458374,0.05126543209876543,0.571682444834348,0.12702634855111633,0.1084122810167702,0.03554804887194253,0.1060294527167592,0.3020833333333333,0.25806451612903225,0.29411764705882354
tle_oneweb_24,mappo_tle_trained,1024,14012,192,61,48,83,0.3177083333333333,0.25,2.033333333333333,9.180327868852459,19.0,2.2597222222222224,19,76,-14.85613605555364,0.21578556048132233,0.052407407407407416,0.5352120850189922,0.13329322079709077,0.11554278324015166,0.03405489190110691,0.08545421969957574,0.4175824175824176,0.24561403508771928,0.20454545454545456
tle_oneweb_24,mappo_tle_trained,1024,14013,192,62,51,79,0.3229166666666667,0.265625,2.066666666666667,8.112903225806452,19.89999999999999,2.263888888888889,18,89,-15.065267839967946,0.20231287212715182,0.05237654320987654,0.5635089435494686,0.17258246640986577,0.12396698445460057,0.03546388066916546,0.09303905187806115,0.34831460674157305,0.27692307692307694,0.34210526315789475
tle_oneweb_24,mappo_tle_trained,1024,14014,192,52,66,74,0.2708333333333333,0.34375,1.7333333333333334,8.038461538461538,18.799999999999983,2.125,16,71,-18.04732867687895,0.213485769901883,0.049135802469135806,0.5573829024842266,0.12611494155998798,0.09632901240486377,0.03388037096415491,0.11706937942232058,0.3695652173913043,0.1694915254237288,0.1951219512195122
tle_oneweb_24,mappo_tle_trained,1024,14015,192,61,55,76,0.3177083333333333,0.2864583333333333,2.033333333333333,8.180327868852459,17.0,2.2083333333333335,18,75,-15.332677324837816,0.20819648866925558,0.0510493827160494,0.5434495509958903,0.14058128604568232,0.11793971164714198,0.03430804812096185,0.09733041754713583,0.3118279569892473,0.2641509433962264,0.391304347826087
tle_oneweb_24,mappo_tle_trained,1024,14016,192,64,58,70,0.3333333333333333,0.3020833333333333,2.1333333333333333,8.890625,20.69999999999999,2.1444444444444444,17,94,-15.814219208937484,0.20917726945247456,0.04944444444444444,0.5550352696687576,0.16888274894466845,0.11848215595893614,0.03387931128180506,0.10034500572813267,0.40404040404040403,0.23636363636363636,0.2894736842105263
tle_oneweb_24,mappo_tle_trained,1024,14017,192,61,54,77,0.3177083333333333,0.28125,2.033333333333333,8.081967213114755,18.0,2.209722222222222,15,86,-15.148589797422826,0.18177855714141836,0.05111111111111111,0.5641198717094834,0.15775943125788328,0.11512099284158106,0.03401434908171142,0.09775713794289646,0.39805825242718446,0.1568627450980392,0.3157894736842105
tle_oneweb_24,mappo_tle_trained,1024,14018,192,53,62,77,0.2760416666666667,0.3229166666666667,1.7666666666666666,9.018867924528301,21.599999999999994,2.2708333333333335,18,81,-17.17793611270565,0.22095060810910702,0.05246913580246913,0.5207220495396219,0.1413597663945961,0.09612106059861478,0.03295631076958963,0.10499273287198983,0.2967032967032967,0.1864406779661017,0.35714285714285715
tle_oneweb_24,mappo_tle_trained,1024,14019,192,51,59,82,0.265625,0.3072916666666667,1.7,9.313725490196079,20.0,2.283333333333333,16,61,-17.087893789492476,0.21379883558705096,0.05290123456790123,0.5484022560240844,0.11071811659272957,0.09730371866981775,0.03417801890021755,0.10416076026370143,0.3125,0.1509433962264151,0.3023255813953488
tle_oneweb_24,mappo_tle_trained,1024,14020,192,50,68,74,0.2604166666666667,0.3541666666666667,1.6666666666666667,8.58,19.099999999999994,2.1555555555555554,21,94,-18.348897215194036,0.21484250362967888,0.049814814814814805,0.541051363976436,0.16534204409406322,0.09212512466096393,0.033556600783387146,0.11711802506408106,0.2857142857142857,0.15254237288135594,0.37142857142857144
tle_oneweb_24,mappo_tle_trained,1024,14021,192,56,54,82,0.2916666666666667,0.28125,1.8666666666666667,8.553571428571429,19.5,2.172222222222222,18,84,-16.444521933281976,0.2344233974346154,0.0504320987654321,0.518236655781486,0.14592791396196972,0.10396340730706055,0.033395017147429804,0.09483252843933959,0.2761904761904762,0.3333333333333333,0.2777777777777778
tle_oneweb_24,mappo_tle_trained,1024,14022,192,50,61,81,0.2604166666666667,0.3177083333333333,1.6666666666666667,8.16,17.0,2.234722222222222,19,89,-16.83444238456325,0.1913713452618659,0.05179012345679012,0.5418264277421604,0.16023731185108897,0.09643705752451882,0.033929385416145645,0.10743256786213443,0.27450980392156865,0.14893617021276595,0.3488372093023256
tle_oneweb_24,mappo_tle_trained,1024,14023,192,58,60,74,0.3020833333333333,0.3125,1.9333333333333333,7.620689655172414,18.15,2.15,19,73,-15.57813770068577,0.17960857077942802,0.04969135802469136,0.5627229084914711,0.13199577798649004,0.11164855941558725,0.03451132923138494,0.10599748777767351,0.35185185185185186,0.22916666666666666,0.25
tle_oneweb_24,mappo_tle_trained,1024,14024,192,52,65,75,0.2708333333333333,0.3385416666666667,1.7333333333333334,7.730769230769231,18.0,2.1458333333333335,16,73,-17.803192742238597,0.20311152066178498,0.04962962962962962,0.582319223854642,0.137589296525055,0.10293887442107254,0.03542041858156254,0.11714138473039401,0.3103448275862069,0.2222222222222222,0.2619047619047619
tle_oneweb_24,mappo_tle_trained,1024,14025,192,44,64,84,0.22916666666666666,0.3333333333333333,1.4666666666666666,7.909090909090909,16.85,2.275,17,79,-18.2436914659968,0.20623513948242278,0.05277777777777778,0.5364990962103292,0.1402270586597212,0.08066932035972284,0.03314459203522575,0.11069745442036463,0.24742268041237114,0.21052631578947367,0.21052631578947367
tle_oneweb_24,mappo_tle_trained,1024,14026,192,51,61,80,0.265625,0.3177083333333333,1.7,8.0,19.0,2.2569444444444446,17,120,-17.049362934737673,0.2027198535034795,0.05225308641975309,0.5224417242491552,0.20859450505348337,0.09543912700646445,0.032829251408408346,0.10422267046106054,0.23655913978494625,0.23728813559322035,0.375
tle_oneweb_24,mappo_tle_trained,1024,14027,192,62,60,70,0.3229166666666667,0.3125,2.066666666666667,8.14516129032258,19.949999999999996,2.061111111111111,15,61,-15.786720583926096,0.20645943695528307,0.047592592592592596,0.5414050826331084,0.11326002915786196,0.11758242860797037,0.03485993859352622,0.1100074123216538,0.39805825242718446,0.17543859649122806,0.34375
tle_oneweb_24,mappo_tle_trained,1024,14028,192,50,60,82,0.2604166666666667,0.3125,1.6666666666666667,9.52,20.0,2.2916666666666665,19,95,-17.869477000946304,0.22628537266431475,0.053086419753086415,0.5282329934013646,0.16366272372851323,0.08961756323598427,0.03281531424398124,0.10299963924963926,0.2857142857142857,0.15789473684210525,0.36666666666666664
tle_oneweb_24,mappo_tle_trained,1024,14029,192,60,56,76,0.3125,0.2916666666666667,2.0,8.166666666666666,20.049999999999997,2.202777777777778,16,67,-16.08831170298806,0.21070301814676815,0.05092592592592592,0.5647593831874197,0.12496189597582787,0.11579514511403054,0.03458651578021032,0.10279643286996228,0.39285714285714285,0.28125,0.20454545454545456
tle_oneweb_24,mappo_tle_trained,1024,14030,192,67,60,65,0.3489583333333333,0.3125,2.2333333333333334,7.417910447761194,15.699999999999996,1.9805555555555556,15,67,-14.85732666071152,0.1868520293788487,0.04564814814814814,0.5459315398262021,0.12209357134666733,0.125169223334858,0.03462761378787419,0.11068243761742212,0.37755102040816324,0.2903225806451613,0.375
tle_oneweb_24,mappo_tle_trained,1024,14031,192,59,59,74,0.3072916666666667,0.3072916666666667,1.9666666666666666,7.627118644067797,18.19999999999999,2.051388888888889,14,77,-16.115879103513144,0.2115286617300975,0.047499999999999994,0.5446883683533418,0.1395867491068729,0.11355042389098116,0.03449672011806816,0.10552847507955865,0.3229166666666667,0.3220338983050847,0.24324324324324326
tle_oneweb_24,mappo_tle_trained,1024,14032,192,54,61,77,0.28125,0.3177083333333333,1.8,8.38888888888889,21.349999999999994,2.2847222222222223,18,81,-16.627318185939167,0.19916760303329825,0.052777777777777785,0.5440769130918329,0.14360814910350514,0.10142564249762392,0.03409209688745592,0.10576805160783491,0.3177570093457944,0.21818181818181817,0.26666666666666666
tle_oneweb_24,mappo_tle_trained,1024,14033,192,62,61,69,0.3229166666666667,0.3177083333333333,2.066666666666667,8.161290322580646,15.949999999999996,2.1222222222222222,15,83,-15.494847577616733,0.18782025993711693,0.04891975308641976,0.5487338974383289,0.15188731819149778,0.11700543694351744,0.0345114640539018,0.1076770859859095,0.336283185840708,0.2708333333333333,0.3548387096774194
tle_oneweb_24,mappo_tle_trained,1024,14034,192,70,56,66,0.3645833333333333,0.2916666666666667,2.3333333333333335,8.214285714285714,18.549999999999997,2.011111111111111,14,82,-14.664150936674261,0.20286317032101053,0.04635802469135804,0.5500154899595046,0.14970165455459575,0.13059794937890915,0.03388568036123506,0.10085734798970093,0.42574257425742573,0.3333333333333333,0.22580645161290322
tle_oneweb_24,mappo_tle_trained,1024,14035,192,57,60,75,0.296875,0.3125,1.9,8.333333333333334,22.0,2.2916666666666665,17,84,-16.71377958001413,0.19923006887142544,0.052870370370370366,0.5718565559467665,0.15811136489929062,0.10833135560689738,0.03454740060719858,0.10562852051629142,0.2978723404255319,0.25806451612903225,0.3611111111111111
tle_oneweb_24,mappo_tle_trained,1024,14036,192,47,69,76,0.24479166666666666,0.359375,1.5666666666666667,8.595744680851064,19.0,2.245833333333333,18,79,-17.70428132407901,0.1889980689972365,0.05188271604938272,0.5200373377406161,0.13884740445885954,0.08543677412485459,0.03335854938572625,0.11969400625747371,0.33663366336633666,0.14545454545454545,0.1388888888888889
tle_oneweb_24,mappo_tle_trained,1024,14037,192,52,60,80,0.2708333333333333,0.3125,1.7333333333333334,7.673076923076923,16.0,2.1180555555555554,17,63,-16.777510301843453,0.20298799480057658,0.04916666666666667,0.5412130378677742,0.11518402339323729,0.09812799987487025,0.03384001777607025,0.10807884481023529,0.2839506172839506,0.18309859154929578,0.4
tle_oneweb_24,mappo_tle_trained,1024,14038,192,48,58,86,0.25,0.3020833333333333,1.6,8.6875,20.65,2.2944444444444443,16,95,-17.182382440281334,0.19721947837023138,0.053271604938271606,0.544567015536734,0.1704907001037032,0.0898333172675278,0.03370636489032835,0.10141183463938881,0.2840909090909091,0.1875,0.275
tle_oneweb_24,mappo_tle_trained,1024,14039,192,58,63,71,0.3020833333333333,0.328125,1.9333333333333333,8.275862068965518,18.15,2.1,14,74,-16.527267724569747,0.21132546622838125,0.04848765432098766,0.5316120692039326,0.13336713366899125,0.10841358589810604,0.033917602139200614,0.11087464235684048,0.32941176470588235,0.19672131147540983,0.391304347826087
tle_oneweb_24,mappo_tle_trained,1024,14040,192,60,62,70,0.3125,0.3229166666666667,2.0,7.383333333333334,20.0,2.0125,15,102,-16.207902990459953,0.19973321522579415,0.04651234567901234,0.5563865472402058,0.19970842524635093,0.1228034930898708,0.036165022542042485,0.11358793325124594,0.33707865168539325,0.28125,0.3076923076923077
tle_oneweb_24,mappo_tle_trained,1024,14041,192,58,66,68,0.3020833333333333,0.34375,1.9333333333333333,7.913793103448276,20.599999999999994,2.0722222222222224,18,62,-17.027325243109818,0.2022046785370279,0.04777777777777778,0.567676736456468,0.11601187512178225,0.11015055979452264,0.03529437867431062,0.11844077290671717,0.39361702127659576,0.25862068965517243,0.15
tle_oneweb_24,mappo_tle_trained,1024,14042,192,59,53,80,0.3072916666666667,0.2760416666666667,1.9666666666666666,8.254237288135593,23.0,2.2666666666666666,15,88,-15.640832529393036,0.21564743241284995,0.05246913580246913,0.5397641098288103,0.15299317627104003,0.11201833870177523,0.033434104122622016,0.09197546004047553,0.3402061855670103,0.22448979591836735,0.32608695652173914
tle_oneweb_24,mappo_tle_trained,1024,14043,192,53,58,81,0.2760416666666667,0.3020833333333333,1.7666666666666666,8.79245283018868,17.199999999999996,2.188888888888889,19,73,-16.474949555039313,0.18695449473115006,0.0507716049382716,0.550479298205079,0.13528095342336827,0.09803799643195925,0.03450589923427235,0.10596138481974395,0.34951456310679613,0.1,0.3076923076923077
tle_oneweb_24,mappo_tle_trained,1024,14044,192,61,58,73,0.3177083333333333,0.3020833333333333,2.033333333333333,8.262295081967213,20.0,2.0930555555555554,18,62,-16.09427530867925,0.22174232072684683,0.04839506172839505,0.5511752200515683,0.11455233449041498,0.11743318858643934,0.03524181278206826,0.10443079624194174,0.313953488372093,0.3389830508474576,0.2978723404255319
tle_oneweb_24,mappo_tle_trained,1024,14045,192,49,54,89,0.2552083333333333,0.28125,1.6333333333333333,9.795918367346939,19.599999999999994,2.423611111111111,16,67,-17.267218220897778,0.22050481675819403,0.05623456790123458,0.5464293089521054,0.12447415515913968,0.09593696250429994,0.03469436891812723,0.1001882361131587,0.32323232323232326,0.17857142857142858,0.1891891891891892
tle_oneweb_24,mappo_tle_trained,1024,14046,192,55,57,80,0.2864583333333333,0.296875,1.8333333333333333,8.054545454545455,17.0,2.201388888888889,16,90,-16.38891910635602,0.20240911281686844,0.05101851851851851,0.5437971941462171,0.16657273754796975,0.10404559936680681,0.03400195322791188,0.10127561737081855,0.3020833333333333,0.2545454545454545,0.2926829268292683
tle_oneweb_24,mappo_tle_trained,1024,14047,192,58,54,80,0.3020833333333333,0.28125,1.9333333333333333,8.03448275862069,17.299999999999997,2.129166666666667,17,97,-16.24910853375695,0.21028382031812848,0.04941358024691357,0.5354944518455862,0.17766038871689024,0.10657864022802102,0.033577777582160864,0.09917123282061362,0.29213483146067415,0.26153846153846155,0.39473684210526316
tle_oneweb_24,mappo_tle_trained,1024,14048,192,57,60,75,0.296875,0.3125,1.9,8.052631578947368,17.599999999999987,2.1638888888888888,17,92,-16.215496512019264,0.18814613846663403,0.05003086419753086,0.5476875486208577,0.1666355213414037,0.10604436585086739,0.03420737255552967,0.10692141822172782,0.30097087378640774,0.2558139534883721,0.32608695652173914
tle_oneweb_24,mappo_tle_trained,1024,14049,192,57,63,72,0.296875,0.328125,1.9,7.56140350877193,16.0,2.1597222222222223,17,78,-16.67670091189872,0.18621166071580655,0.04984567901234568,0.5804131515151278,0.1503428803738401,0.11404808999623241,0.03574420265301893,0.11702421718288591,0.4186046511627907,0.20634920634920634,0.18604651162790697
tle_oneweb_24,mappo_tle_trained,1024,14050,192,55,67,70,0.2864583333333333,0.3489583333333333,1.8333333333333333,8.090909090909092,16.0,2.1333333333333333,17,63,-17.391895631497658,0.20436068267232957,0.04919753086419753,0.5608967872945532,0.11558518436614414,0.10632470914591656,0.034737925967977236,0.12081067109704878,0.34146341463414637,0.16666666666666666,0.34
tle_oneweb_24,global_dijkstra,-1,14001,192,64,29,99,0.3333333333333333,0.15104166666666666,2.1333333333333333,10.15625,20.0,2.665277777777778,28,0,-13.260138499390106,0.2274709509624587,0.061913580246913576,0.6352622886368251,0.0,0.1377300667741844,0.036223291539007475,0.05960473078120137,0.38636363636363635,0.2711864406779661,0.3111111111111111
tle_oneweb_24,global_dijkstra,-1,14002,192,59,27,106,0.3072916666666667,0.140625,1.9666666666666666,8.813559322033898,21.099999999999994,2.6180555555555554,30,1,-13.687130435222823,0.22662514088182598,0.061080246913580244,0.6546520345329854,0.0020833333333333333,0.1382991572697455,0.039089004667802275,0.06284753645047762,0.34285714285714286,0.22641509433962265,0.3235294117647059
tle_oneweb_24,global_dijkstra,-1,14003,192,65,30,97,0.3385416666666667,0.15625,2.1666666666666665,8.8,22.0,2.5597222222222222,27,0,-13.442367789691374,0.22505463161204878,0.05950617283950617,0.6641263121202967,0.0,0.15070440996911585,0.039200156489413863,0.07042250233426704,0.38202247191011235,0.3333333333333333,0.2608695652173913
tle_oneweb_24,global_dijkstra,-1,14004,192,63,32,97,0.328125,0.16666666666666666,2.1,9.698412698412698,21.9,2.6430555555555557,27,0,-13.444005388015654,0.21449535029270997,0.06135802469135802,0.6397175064153979,0.0,0.13942245390774805,0.037294869521511745,0.06990420527185233,0.40384615384615385,0.1864406779661017,0.3448275862068966
tle_oneweb_24,global_dijkstra,-1,14005,192,57,34,101,0.296875,0.17708333333333334,1.9,9.052631578947368,19.0,2.5861111111111112,33,0,-15.561162324532397,0.23018602016663978,0.06021604938271605,0.6618821353664364,0.0,0.1284699178816826,0.03853459233220828,0.08124592999593001,0.28421052631578947,0.265625,0.3939393939393939
tle_oneweb_24,global_dijkstra,-1,14006,192,55,25,112,0.2864583333333333,0.13020833333333334,1.8333333333333333,9.781818181818181,21.299999999999997,2.7666666666666666,33,0,-14.380279937014263,0.23959818331327795,0.0645679012345679,0.6385239442920765,0.0,0.12075253178194353,0.03722607426355714,0.053305322128851536,0.3300970873786408,0.19148936170212766,0.2857142857142857
tle_oneweb_24,global_dijkstra,-1,14007,192,72,34,86,0.375,0.17708333333333334,2.4,8.402777777777779,20.450000000000003,2.2888888888888888,30,1,-11.985995496463461,0.1998631307901782,0.05314814814814816,0.6459788647855246,0.0022222222222222222,0.15634571439911996,0.0364397802527791,0.0713825539212536,0.45054945054945056,0.24193548387096775,0.41025641025641024
tle_oneweb_24,global_dijkstra,-1,14008,192,69,31,92,0.359375,0.16145833333333334,2.3,8.028985507246377,19.0,2.3291666666666666,26,0,-12.602123424218453,0.21234480921835666,0.05422839506172839,0.655499997423525,0.0,0.15321850535085832,0.0373288190858132,0.06964869281045752,0.43617021276595747,0.2631578947368421,0.3170731707317073
tle_oneweb_24,global_dijkstra,-1,14009,192,68,42,82,0.3541666666666667,0.21875,2.2666666666666666,9.308823529411764,24.65,2.4680555555555554,29,0,-13.523105911791003,0.2136298363672065,0.057006172839506174,0.6335635670353416,0.0,0.1560655548155548,0.03802737952316984,0.0915410052910053,0.42391304347826086,0.22033898305084745,0.3902439024390244
tle_oneweb_24,global_dijkstra,-1,14010,192,68,30,94,0.3541666666666667,0.15625,2.2666666666666666,8.220588235294118,19.0,2.4125,29,0,-11.47265871631943,0.19213477922519592,0.05614197530864198,0.6402994087130405,0.0,0.1571912238088709,0.038791270372515466,0.06786360698125403,0.4215686274509804,0.16071428571428573,0.47058823529411764
tle_oneweb_24,global_dijkstra,-1,14011,192,62,37,93,0.3229166666666667,0.19270833333333334,2.066666666666667,9.96774193548387,23.849999999999987,2.5305555555555554,23,0,-14.447600719111918,0.2313182712035648,0.05873456790123457,0.6592559583713099,0.0,0.14622859295846913,0.03877297397498227,0.08111633722314839,0.4375,0.1935483870967742,0.23529411764705882
tle_oneweb_24,global_dijkstra,-1,14012,192,66,27,99,0.34375,0.140625,2.2,8.636363636363637,20.75,2.5680555555555555,33,0,-12.573064505319447,0.2071707334303694,0.059753086419753076,0.6535926240090352,0.0,0.14203514536718875,0.03678836705148313,0.058862044817927166,0.43956043956043955,0.2807017543859649,0.22727272727272727
tle_oneweb_24,global_dijkstra,-1,14013,192,64,30,98,0.3333333333333333,0.15625,2.1333333333333333,8.734375,21.0,2.529166666666667,34,1,-12.921698687289998,0.20628103249889307,0.058858024691358035,0.6631901844491738,0.0020833333333333333,0.14926856640091934,0.038673851917010824,0.07000691302161889,0.3707865168539326,0.26153846153846155,0.3684210526315789
tle_oneweb_24,global_dijkstra,-1,14014,192,56,37,99,0.2916666666666667,0.19270833333333334,1.8666666666666667,9.071428571428571,19.25,2.5430555555555556,32,0,-15.214265744450195,0.21240420630862053,0.059197530864197524,0.6536508397828557,0.0,0.1229161279896574,0.03643015296388529,0.08137189063659653,0.358695652173913,0.13559322033898305,0.36585365853658536
tle_oneweb_24,global_dijkstra,-1,14015,192,67,29,96,0.3489583333333333,0.15104166666666666,2.2333333333333334,8.895522388059701,22.799999999999983,2.495833333333333,30,0,-12.217686631054518,0.21127607029410042,0.05805555555555555,0.6425728343659763,0.0,0.1500466050117753,0.037111243200349336,0.06231568740856666,0.40860215053763443,0.24528301886792453,0.34782608695652173
tle_oneweb_24,global_dijkstra,-1,14016,192,63,35,94,0.328125,0.18229166666666666,2.1,8.380952380952381,20.9,2.5875,35,0,-13.400365499587187,0.19123877727986868,0.06003086419753086,0.6527363812531791,0.0,0.134473271539835,0.035897336048568,0.07320200009828494,0.40404040404040403,0.2727272727272727,0.21052631578947367
tle_oneweb_24,global_dijkstra,-1,14017,192,69,27,96,0.359375,0.140625,2.3,9.246376811594203,22.19999999999999,2.4694444444444446,29,0,-12.036230266987904,0.20934955939869476,0.057469135802469144,0.6358042701022683,0.0,0.1453638306424684,0.035381118244682014,0.05758511096746391,0.4174757281553398,0.19607843137254902,0.42105263157894735
tle_oneweb_24,global_dijkstra,-1,14018,192,58,38,96,0.3020833333333333,0.19791666666666666,1.9333333333333333,9.448275862068966,19.449999999999996,2.6819444444444445,31,0,-15.047805188645537,0.22110000381260628,0.062191358024691355,0.6430021575936903,0.0,0.12619312604606722,0.03629946649589449,0.07899782135076251,0.32967032967032966,0.2033898305084746,0.38095238095238093
tle_oneweb_24,global_dijkstra,-1,14019,192,52,38,102,0.2708333333333333,0.19791666666666666,1.7333333333333334,10.923076923076923,22.0,2.7194444444444446,27,0,-16.5810691788003,0.2388740517340799,0.06320987654320986,0.6634031627528404,0.0,0.11611260743613686,0.037507082186431395,0.08001663913428618,0.34375,0.1320754716981132,0.27906976744186046
tle_oneweb_24,global_dijkstra,-1,14020,192,60,37,95,0.3125,0.19270833333333334,2.0,8.416666666666666,20.099999999999994,2.577777777777778,34,0,-13.899485866967147,0.2033284148485975,0.05984567901234567,0.6229092835634517,0.0,0.12808213028801263,0.03609862502167915,0.07660549689961454,0.32653061224489793,0.23728813559322035,0.4
tle_oneweb_24,global_dijkstra,-1,14021,192,55,30,107,0.2864583333333333,0.15625,1.8333333333333333,8.8,21.0,2.6555555555555554,35,0,-14.318303220421432,0.2189451336552476,0.06194444444444445,0.630292817814534,0.0,0.11798173632925955,0.03576038156581439,0.06300855519895768,0.3333333333333333,0.23529411764705882,0.2222222222222222
tle_oneweb_24,global_dijkstra,-1,14022,192,59,32,101,0.3072916666666667,0.16666666666666666,1.9666666666666666,9.966101694915254,21.099999999999994,2.6375,32,0,-14.527564334108309,0.22338617496773622,0.06135802469135802,0.6504550954510538,0.0,0.12958135818429936,0.03702819615921588,0.07100594938830233,0.35294117647058826,0.19148936170212766,0.32558139534883723
tle_oneweb_24,global_dijkstra,-1,14023,192,61,30,101,0.3177083333333333,0.15625,2.033333333333333,8.80327868852459,21.0,2.647222222222222,35,3,-13.119147017011196,0.20385763251049377,0.06157407407407407,0.6414022167685471,0.006218671679197995,0.1329749619145904,0.03653431937903893,0.06226982898422527,0.37962962962962965,0.22916666666666666,0.25
tle_oneweb_24,global_dijkstra,-1,14024,192,59,33,100,0.3072916666666667,0.171875,1.9666666666666666,9.474576271186441,19.099999999999994,2.5944444444444446,34,0,-15.136628104318493,0.238850561281013,0.060370370370370366,0.6595930046790122,0.0,0.13126346692523164,0.03744645772634634,0.0731965991524815,0.3218390804597701,0.2857142857142857,0.30952380952380953
tle_oneweb_24,global_dijkstra,-1,14025,192,51,38,103,0.265625,0.19791666666666666,1.7,10.156862745098039,20.5,2.7263888888888888,27,0,-17.072865948695515,0.25225743327099187,0.06339506172839506,0.6494539551070172,0.0,0.11364515644314406,0.036718102716534015,0.08250678701530095,0.3402061855670103,0.19298245614035087,0.18421052631578946
tle_oneweb_24,global_dijkstra,-1,14026,192,61,33,98,0.3177083333333333,0.171875,2.033333333333333,9.245901639344263,23.0,2.5930555555555554,31,0,-14.174929805856584,0.22847629143763698,0.06027777777777778,0.6265982796422431,0.0,0.13358636189518544,0.03661514052216608,0.07300560822619645,0.3333333333333333,0.23728813559322035,0.4
tle_oneweb_24,global_dijkstra,-1,14027,192,68,30,94,0.3541666666666667,0.15625,2.2666666666666666,8.691176470588236,21.299999999999997,2.5458333333333334,23,0,-11.524518456118988,0.1969332157542662,0.059104938271604936,0.6279248507247034,0.0,0.1555729700582642,0.038316323600849723,0.06664266561325385,0.4563106796116505,0.2631578947368421,0.1875
tle_oneweb_24,global_dijkstra,-1,14028,192,48,35,109,0.25,0.18229166666666666,1.6,9.25,22.65,2.7472222222222222,42,0,-15.725571672386513,0.19752852145961694,0.0640432098765432,0.6500436505821539,0.0,0.10489118724412844,0.03622335688365663,0.07828042328042327,0.3047619047619048,0.12280701754385964,0.3
tle_oneweb_24,global_dijkstra,-1,14029,192,57,40,95,0.296875,0.20833333333333334,1.9,9.421052631578947,23.39999999999999,2.6083333333333334,21,0,-15.977402933265175,0.23447833913055655,0.06052469135802469,0.6431641967691843,0.0,0.12371148459383753,0.036601312635731874,0.0859313725490196,0.4166666666666667,0.15625,0.2727272727272727
tle_oneweb_24,global_dijkstra,-1,14030,192,66,29,97,0.34375,0.15104166666666666,2.2,8.666666666666666,20.0,2.473611111111111,25,0,-13.07160027898684,0.21847209118896715,0.0575925925925926,0.6440146154436304,0.0,0.14401350283703226,0.037490616325243864,0.06672224017812252,0.40816326530612246,0.24193548387096775,0.34375
tle_oneweb_24,global_dijkstra,-1,14031,192,59,32,101,0.3072916666666667,0.16666666666666666,1.9666666666666666,8.813559322033898,18.099999999999994,2.588888888888889,33,0,-14.297201900091919,0.21680786999645488,0.06027777777777777,0.676210670108775,0.0,0.1388621101121101,0.03933862392559004,0.07361416361416362,0.3645833333333333,0.23728813559322035,0.2702702702702703
tle_oneweb_24,global_dijkstra,-1,14032,192,59,32,101,0.3072916666666667,0.16666666666666666,1.9666666666666666,9.152542372881356,24.099999999999994,2.736111111111111,45,2,-13.751810242986492,0.19980441217037867,0.06354938271604939,0.6583767007779038,0.0047619047619047615,0.1358362960568843,0.03846785142954893,0.07271741602623955,0.37383177570093457,0.18181818181818182,0.3
tle_oneweb_24,global_dijkstra,-1,14033,192,58,29,105,0.3020833333333333,0.15104166666666666,1.9333333333333333,9.172413793103448,23.15,2.6666666666666665,37,0,-13.567002900790603,0.20388266871007088,0.06212962962962963,0.6460596631274588,0.0,0.1286494469582705,0.03695166626789983,0.0646104766693002,0.3185840707964602,0.22916666666666666,0.3548387096774194
tle_oneweb_24,global_dijkstra,-1,14034,192,69,33,90,0.359375,0.171875,2.3,8.623188405797102,20.599999999999994,2.4375,29,0,-12.037438949739908,0.1976096224910287,0.05657407407407407,0.634819379041496,0.0,0.15550545859369388,0.03794156103880191,0.07409307740190092,0.43564356435643564,0.3,0.22580645161290322
tle_oneweb_24,global_dijkstra,-1,14035,192,60,33,99,0.3125,0.171875,2.0,7.85,19.049999999999997,2.625,31,0,-13.81703578118635,0.19732107706197682,0.06101851851851851,0.6651777966066689,0.0,0.13185206133735544,0.036752892602664816,0.07093595130359835,0.2978723404255319,0.3225806451612903,0.3333333333333333
tle_oneweb_24,global_dijkstra,-1,14036,192,58,32,102,0.3020833333333333,0.16666666666666666,1.9333333333333333,10.362068965517242,26.0,2.716666666666667,39,0,-14.464279212179884,0.22428911154242048,0.06314814814814815,0.648836251898086,0.0,0.1327731092436975,0.0378379526292511,0.07233965381024204,0.37623762376237624,0.12727272727272726,0.3611111111111111
tle_oneweb_24,global_dijkstra,-1,14037,192,59,38,95,0.3072916666666667,0.19791666666666666,1.9666666666666666,9.135593220338983,21.0,2.484722222222222,22,0,-14.597590828653587,0.21195826200208018,0.05777777777777779,0.644471304031829,0.0,0.13089445269785827,0.037366016930443474,0.08211126420878742,0.345679012345679,0.19718309859154928,0.425
tle_oneweb_24,global_dijkstra,-1,14038,192,52,31,109,0.2708333333333333,0.16145833333333334,1.7333333333333334,9.153846153846153,23.0,2.6944444444444446,34,0,-14.352032078769101,0.20006713628940062,0.06287037037037037,0.6361485035905533,0.0,0.11431704733175323,0.036371621145186474,0.06748015873015872,0.3409090909090909,0.1875,0.25
tle_oneweb_24,global_dijkstra,-1,14039,192,57,38,97,0.296875,0.19791666666666666,1.9,10.87719298245614,25.199999999999996,2.675,23,0,-16.240334545689716,0.25779396467787563,0.062067901234567895,0.6263970510990532,0.0,0.1206887725850574,0.0360338563366661,0.07923591658885777,0.3411764705882353,0.21311475409836064,0.32608695652173914
tle_oneweb_24,global_dijkstra,-1,14040,192,60,38,94,0.3125,0.19791666666666666,2.0,7.5,18.049999999999997,2.4652777777777777,32,0,-14.130985630875951,0.20141500651850633,0.057314814814814805,0.6575485729791546,0.0,0.13778595859478213,0.037981427207939775,0.08338274198568317,0.3595505617977528,0.28125,0.2564102564102564
tle_oneweb_24,global_dijkstra,-1,14041,192,61,36,95,0.3177083333333333,0.1875,2.033333333333333,8.78688524590164,20.0,2.5569444444444445,33,0,-13.84394542933875,0.1940603240914059,0.059382716049382715,0.6601640965315503,0.0,0.13818429936076995,0.03795329956377165,0.0811947856065503,0.425531914893617,0.20689655172413793,0.225
tle_oneweb_24,global_dijkstra,-1,14042,192,65,31,96,0.3385416666666667,0.16145833333333334,2.1666666666666665,8.476923076923077,22.0,2.459722222222222,26,0,-12.486762770395483,0.19298510058029283,0.05725308641975307,0.6497380699179349,0.0,0.1425257966434437,0.03652699000429448,0.06698385764562234,0.4329896907216495,0.20408163265306123,0.2826086956521739
tle_oneweb_24,global_dijkstra,-1,14043,192,58,30,104,0.3020833333333333,0.15625,1.9333333333333333,9.879310344827585,22.0,2.647222222222222,33,0,-13.805545950412782,0.21052649175392393,0.06166666666666667,0.6396902869324781,0.0,0.12320973688620748,0.0360260708297359,0.06164838157485216,0.3786407766990291,0.18,0.2564102564102564
tle_oneweb_24,global_dijkstra,-1,14044,192,72,26,94,0.375,0.13541666666666666,2.4,8.36111111111111,20.80000000000001,2.498611111111111,31,0,-10.909687647372612,0.20927224287962073,0.05805555555555555,0.6466958397435628,0.0,0.16931146467911173,0.039001333485888086,0.05965722186310421,0.45348837209302323,0.3389830508474576,0.2765957446808511
tle_oneweb_24,global_dijkstra,-1,14045,192,50,35,107,0.2604166666666667,0.18229166666666666,1.6666666666666667,10.08,22.64999999999999,2.7930555555555556,33,1,-16.09185739851202,0.21950973039756272,0.06500000000000002,0.6549367951297541,0.0020833333333333333,0.11042396873279227,0.036781914598178436,0.0770850989968637,0.31313131313131315,0.21428571428571427,0.1891891891891892
tle_oneweb_24,global_dijkstra,-1,14046,192,63,30,99,0.328125,0.15625,2.1,9.222222222222221,24.799999999999997,2.609722222222222,31,0,-13.579817883796409,0.2208449298356791,0.060679012345679,0.6440296512451995,0.0,0.1360444049414638,0.03647920240837957,0.06484926021690728,0.3854166666666667,0.2727272727272727,0.2682926829268293
tle_oneweb_24,global_dijkstra,-1,14047,192,62,29,101,0.3229166666666667,0.15104166666666666,2.066666666666667,9.048387096774194,19.0,2.547222222222222,27,1,-13.62477499418734,0.2335991901410687,0.05935185185185186,0.6249744209694532,0.0018518518518518517,0.13282440326557973,0.03598478696358341,0.061135620915032676,0.3146067415730337,0.2923076923076923,0.39473684210526316
tle_oneweb_24,global_dijkstra,-1,14048,192,63,31,98,0.328125,0.16145833333333334,2.1,8.841269841269842,19.799999999999997,2.629166666666667,34,0,-13.066309025234812,0.1990993950958883,0.061080246913580244,0.6459356172534014,0.0,0.13604985156455743,0.03652490049532978,0.06652972300031122,0.32038834951456313,0.3023255813953488,0.3695652173913043
tle_oneweb_24,global_dijkstra,-1,14049,192,61,39,92,0.3177083333333333,0.203125,2.033333333333333,10.131147540983607,24.0,2.588888888888889,30,0,-15.877953138863479,0.24352629604741483,0.05999999999999999,0.6746739158414452,0.0,0.14108786910257498,0.03855118525677847,0.08936123517005871,0.43023255813953487,0.20634920634920634,0.2558139534883721
tle_oneweb_24,global_dijkstra,-1,14050,192,60,37,95,0.3125,0.19270833333333334,2.0,8.333333333333334,19.049999999999997,2.5194444444444444,34,1,-14.741321846344096,0.2183093235192982,0.05854938271604938,0.6485882467197935,0.0023809523809523807,0.13247133041250686,0.03679156806111302,0.0813608776844071,0.4268292682926829,0.15,0.32
tle_oneweb_24,full_heuristic,-1,14001,192,40,71,81,0.20833333333333334,0.3697916666666667,1.3333333333333333,7.375,15.34999999999998,2.2375,8,52,-17.490795000678872,0.16675265262888148,0.05185185185185185,0.5175778743334372,0.08229599030514363,0.06375057225171642,0.03055891919292286,0.11199474163432972,0.18181818181818182,0.22033898305084745,0.24444444444444444
tle_oneweb_24,full_heuristic,-1,14002,192,40,73,79,0.20833333333333334,0.3802083333333333,1.3333333333333333,7.6,17.099999999999994,2.2152777777777777,10,95,-18.097571599985002,0.1650695450439769,0.05129629629629629,0.5300650606029494,0.1554962453279858,0.06939493689207649,0.03169668951662594,0.1183171150252857,0.2761904761904762,0.1320754716981132,0.11764705882352941
tle_oneweb_24,full_heuristic,-1,14003,192,46,72,74,0.23958333333333334,0.375,1.5333333333333334,6.630434782608695,15.5,2.102777777777778,10,75,-17.779657972861123,0.17850664678935507,0.04864197530864197,0.5420884735388553,0.1224792748618297,0.07548236549548973,0.030603812236861757,0.11379964837563433,0.16853932584269662,0.3157894736842105,0.2826086956521739
tle_oneweb_24,full_heuristic,-1,14004,192,35,74,83,0.18229166666666666,0.3854166666666667,1.1666666666666667,9.542857142857143,19.0,2.325,9,91,-19.521240843442097,0.1908272783995769,0.05385802469135804,0.5270382141129202,0.14759457574775922,0.055643226592883344,0.03049057975585094,0.1159968514831215,0.19230769230769232,0.1016949152542373,0.3103448275862069
tle_oneweb_24,full_heuristic,-1,14005,192,42,77,73,0.21875,0.4010416666666667,1.4,6.0,14.899999999999991,2.1277777777777778,9,62,-18.856529329317304,0.16755284448618607,0.04916666666666668,0.5639617261667859,0.10059278097203793,0.0697786462763243,0.032214263698187334,0.12795062336471003,0.2,0.21875,0.2727272727272727
tle_oneweb_24,full_heuristic,-1,14006,192,36,74,82,0.1875,0.3854166666666667,1.2,9.305555555555555,21.0,2.298611111111111,9,71,-18.906060768074536,0.19584739723529873,0.05324074074074074,0.5001849655597842,0.11574238764456153,0.05947416713721061,0.030678893604288746,0.1172007601898906,0.2524271844660194,0.10638297872340426,0.11904761904761904
tle_oneweb_24,full_heuristic,-1,14007,192,47,63,82,0.24479166666666666,0.328125,1.5666666666666667,7.0638297872340425,17.0,2.2083333333333335,8,111,-16.844296006300485,0.1759943745586389,0.05123456790123457,0.5139713880803939,0.18476914453459076,0.07901268459906902,0.031041576868365353,0.10273809661395474,0.2967032967032967,0.20967741935483872,0.1794871794871795
tle_oneweb_24,full_heuristic,-1,14008,192,50,72,70,0.2604166666666667,0.375,1.6666666666666667,6.98,17.099999999999994,2.013888888888889,10,44,-17.570232093703325,0.18555048215813522,0.046543209876543215,0.548525020457577,0.07262787837091243,0.0845688418908233,0.03208020973739396,0.12001546498450524,0.2872340425531915,0.24561403508771928,0.21951219512195122
tle_oneweb_24,full_heuristic,-1,14009,192,44,75,73,0.22916666666666666,0.390625,1.4666666666666666,8.863636363636363,21.700000000000003,2.308333333333333,9,115,-19.136225203761935,0.19410146140666384,0.05317901234567901,0.5369438175696579,0.18991035862603367,0.0736514915352915,0.031086898956818137,0.11948490742019481,0.2391304347826087,0.2033898305084746,0.24390243902439024
tle_oneweb_24,full_heuristic,-1,14010,192,38,74,80,0.19791666666666666,0.3854166666666667,1.2666666666666666,8.605263157894736,19.15,2.2083333333333335,10,54,-18.122897831553967,0.15752499835882172,0.05117283950617284,0.5425595737472363,0.08577030658552397,0.06240058854189289,0.03110240184891534,0.11944520656477176,0.2549019607843137,0.03571428571428571,0.29411764705882354
tle_oneweb_24,full_heuristic,-1,14011,192,41,72,79,0.21354166666666666,0.375,1.3666666666666667,6.878048780487805,15.0,2.1,8,41,-18.110494346679207,0.16838307710684777,0.04873456790123457,0.5634281656419805,0.06790455788907801,0.07114304397586131,0.03229897559973834,0.12003680472720721,0.23958333333333334,0.16129032258064516,0.23529411764705882
tle_oneweb_24,full_heuristic,-1,14012,192,37,66,89,0.19270833333333334,0.34375,1.2333333333333334,7.756756756756757,22.199999999999996,2.4305555555555554,10,83,-17.733190920845527,0.17998582448753983,0.05638888888888889,0.5079570712504702,0.12821924156020265,0.06037457224528162,0.029935640850471925,0.1020713124488868,0.24175824175824176,0.15789473684210525,0.13636363636363635
tle_oneweb_24,full_heuristic,-1,14013,192,46,72,74,0.23958333333333334,0.375,1.5333333333333334,6.869565217391305,18.5,2.0944444444444446,9,95,-18.171467764618697,0.19093990180757808,0.048456790123456786,0.5228978261578078,0.15558980482607482,0.07919029842942883,0.031657330047901985,0.11932912402878079,0.2247191011235955,0.2,0.34210526315789475
tle_oneweb_24,full_heuristic,-1,14014,192,39,83,70,0.203125,0.4322916666666667,1.3,6.948717948717949,17.1,2.0625,9,64,-19.131798525492048,0.1609968093916666,0.04762345679012347,0.5470491425029709,0.1044400227557449,0.06413062651267658,0.031554998544948205,0.1346621100304301,0.2391304347826087,0.11864406779661017,0.24390243902439024
tle_oneweb_24,full_heuristic,-1,14015,192,44,66,82,0.22916666666666666,0.34375,1.4666666666666666,6.318181818181818,13.0,2.15,10,58,-16.97545430184933,0.1704273950494285,0.04993827160493827,0.5386189866772538,0.09198462779698477,0.07496377637109902,0.03129963585938006,0.10728081732658391,0.1827956989247312,0.2641509433962264,0.2826086956521739
tle_oneweb_24,full_heuristic,-1,14016,192,38,71,83,0.19791666666666666,0.3697916666666667,1.2666666666666666,6.605263157894737,14.149999999999999,2.379166666666667,10,75,-17.787564148742618,0.15704932347713835,0.055061728395061724,0.5235921739480168,0.12165206604565872,0.061083827817237424,0.03028423897133854,0.11241641515955016,0.24242424242424243,0.16363636363636364,0.13157894736842105
tle_oneweb_24,full_heuristic,-1,14017,192,54,61,77,0.28125,0.3177083333333333,1.8,7.87037037037037,18.0,2.1972222222222224,11,94,-15.89808732408263,0.18251194377286825,0.05083333333333333,0.5243088845516513,0.14975359033711436,0.08986816768281299,0.03041586570792668,0.09567361107406873,0.3106796116504854,0.19607843137254902,0.3157894736842105
tle_oneweb_24,full_heuristic,-1,14018,192,37,77,78,0.19270833333333334,0.4010416666666667,1.2333333333333334,6.72972972972973,15.199999999999996,2.2055555555555557,10,74,-18.86472373441532,0.18196932410757738,0.051049382716049384,0.5103497441038856,0.11836604382640187,0.06145341373602242,0.031009282424166843,0.12348655630624937,0.14285714285714285,0.22033898305084745,0.2619047619047619
tle_oneweb_24,full_heuristic,-1,14019,192,32,77,83,0.16666666666666666,0.4010416666666667,1.0666666666666667,5.8125,13.45,2.2555555555555555,10,72,-19.05416465500003,0.14323610425666106,0.052314814814814814,0.5603065418666718,0.12138874067582504,0.057912081468583024,0.03250191053053289,0.12909690927021658,0.19791666666666666,0.1320754716981132,0.13953488372093023
tle_oneweb_24,full_heuristic,-1,14020,192,43,76,73,0.22395833333333334,0.3958333333333333,1.4333333333333333,7.953488372093023,17.9,2.161111111111111,11,95,-18.656752526363768,0.19113990652025217,0.04990740740740741,0.5232094026346004,0.15050254967807802,0.07228472282517241,0.03085774981083204,0.12030218892447994,0.2653061224489796,0.1864406779661017,0.17142857142857143
tle_oneweb_24,full_heuristic,-1,14021,192,38,74,80,0.19791666666666666,0.3854166666666667,1.2666666666666666,7.7105263157894735,17.449999999999996,2.2083333333333335,10,80,-18.799428208726315,0.18453015185247587,0.05117283950617284,0.5313515712500745,0.12696773065480157,0.06308361737423522,0.030943850089856933,0.11659135074180839,0.20952380952380953,0.21568627450980393,0.1388888888888889
tle_oneweb_24,full_heuristic,-1,14022,192,40,69,83,0.20833333333333334,0.359375,1.3333333333333333,8.625,21.049999999999997,2.3652777777777776,13,94,-18.138703703021612,0.17872969709929645,0.05475308641975309,0.5315284706986073,0.15166395670905028,0.06775034605294399,0.030515645369191647,0.10922169570507163,0.27450980392156865,0.10638297872340426,0.16279069767441862
tle_oneweb_24,full_heuristic,-1,14023,192,36,78,78,0.1875,0.40625,1.2,7.833333333333333,18.5,2.352777777777778,10,106,-18.77301347556756,0.17000534206900136,0.054320987654320994,0.5012994820534982,0.1657264599666,0.05778515270842635,0.03044569239493352,0.12051784340854202,0.17592592592592593,0.16666666666666666,0.25
tle_oneweb_24,full_heuristic,-1,14024,192,34,79,79,0.17708333333333334,0.4114583333333333,1.1333333333333333,7.676470588235294,18.0,2.1597222222222223,12,76,-20.030378940735627,0.18359522812375983,0.05006172839506173,0.5357077298582105,0.12785932990721655,0.055545921787340545,0.03170536346175379,0.12926513175133447,0.2413793103448276,0.15873015873015872,0.07142857142857142
tle_oneweb_24,full_heuristic,-1,14025,192,24,78,90,0.125,0.40625,0.8,7.666666666666667,14.0,2.501388888888889,9,89,-20.71929881717679,0.1868391340102025,0.05799382716049383,0.5253912115237049,0.14493832709793805,0.04110355626659974,0.030706355377576613,0.12243115199064852,0.1134020618556701,0.14035087719298245,0.13157894736842105
tle_oneweb_24,full_heuristic,-1,14026,192,40,73,79,0.20833333333333334,0.3802083333333333,1.3333333333333333,7.9,19.099999999999994,2.2319444444444443,11,118,-19.141485877895125,0.20432876186432258,0.05166666666666666,0.5089400723742628,0.1841175433028307,0.06520918446429955,0.030159150838465744,0.114248171531285,0.21505376344086022,0.22033898305084745,0.175
tle_oneweb_24,full_heuristic,-1,14027,192,36,80,76,0.1875,0.4166666666666667,1.2,6.972222222222222,15.5,2.1625,8,49,-18.81071133342697,0.1615368793578054,0.05003086419753086,0.5388694721457027,0.07888435955941676,0.05951496037527131,0.03174610623786942,0.12805292127021162,0.22330097087378642,0.14035087719298245,0.15625
tle_oneweb_24,full_heuristic,-1,14028,192,37,59,96,0.19270833333333334,0.3072916666666667,1.2333333333333334,9.18918918918919,18.199999999999996,2.425,10,98,-17.82984723695635,0.19564017917652507,0.05648148148148147,0.5054728923869499,0.1594630703198478,0.062344208789221575,0.03076715163448223,0.09524275951385924,0.23809523809523808,0.12280701754385964,0.16666666666666666
tle_oneweb_24,full_heuristic,-1,14029,192,34,79,79,0.17708333333333334,0.4114583333333333,1.1333333333333333,8.411764705882353,19.349999999999998,2.3930555555555557,11,75,-19.96630224528776,0.17764943137734493,0.055246913580246915,0.5347511149614067,0.12883578152154002,0.05671438697754488,0.03169678581440737,0.1304064137616769,0.2261904761904762,0.15625,0.11363636363636363
tle_oneweb_24,full_heuristic,-1,14030,192,47,74,71,0.24479166666666666,0.3854166666666667,1.5666666666666667,7.382978723404255,20.099999999999987,2.102777777777778,9,82,-17.673024689478467,0.16739397366919712,0.048549382716049375,0.5305108148286132,0.1310555741377521,0.07586546823153364,0.030608793931457122,0.12003543898432173,0.29591836734693877,0.14516129032258066,0.28125
tle_oneweb_24,full_heuristic,-1,14031,192,33,77,82,0.171875,0.4010416666666667,1.1,6.9393939393939394,18.599999999999994,2.220833333333333,11,76,-18.45061008965521,0.15084451450558076,0.05151234567901234,0.5211430720306315,0.12482150286784154,0.05669956886490067,0.03122570303400573,0.12385333805528312,0.23958333333333334,0.1016949152542373,0.10810810810810811
tle_oneweb_24,full_heuristic,-1,14032,192,35,77,80,0.18229166666666666,0.4010416666666667,1.1666666666666667,7.857142857142857,21.89999999999999,2.3722222222222222,10,104,-19.120054793627045,0.16350703210342185,0.05481481481481483,0.5257781888605043,0.16501612313094344,0.056726104120773654,0.030605866530085273,0.12223778918219624,0.18691588785046728,0.14545454545454545,0.23333333333333334
tle_oneweb_24,full_heuristic,-1,14033,192,44,71,77,0.22916666666666666,0.3697916666666667,1.4666666666666666,8.227272727272727,18.550000000000004,2.1791666666666667,8,80,-17.001908831583858,0.1634031190997238,0.05043209876543209,0.5167857617049834,0.12995725285468185,0.0750346308691981,0.031451406181519155,0.11276064298543768,0.26548672566371684,0.125,0.25806451612903225
tle_oneweb_24,full_heuristic,-1,14034,192,44,74,74,0.22916666666666666,0.3854166666666667,1.4666666666666666,7.954545454545454,18.550000000000004,2.15,10,72,-18.174691381302754,0.17596437988017943,0.04969135802469135,0.5581679605936346,0.11604887723813553,0.07425376508496712,0.031014498321522737,0.11660895216841506,0.24752475247524752,0.21666666666666667,0.1935483870967742
tle_oneweb_24,full_heuristic,-1,14035,192,45,66,81,0.234375,0.34375,1.5,7.888888888888889,20.599999999999994,2.408333333333333,10,87,-18.22104718998619,0.20542608604458826,0.055648148148148155,0.5330594644325644,0.1396511343136057,0.07452486343218608,0.031053400215956296,0.10445403143343644,0.1702127659574468,0.25806451612903225,0.3611111111111111
tle_oneweb_24,full_heuristic,-1,14036,192,38,74,80,0.19791666666666666,0.3854166666666667,1.2666666666666666,7.342105263157895,19.299999999999997,2.1708333333333334,13,63,-18.205292356743932,0.16645035002731554,0.05033950617283951,0.5283030056967473,0.10111089129732283,0.06533179968702921,0.03176438908183185,0.12161730147529042,0.25742574257425743,0.10909090909090909,0.16666666666666666
tle_oneweb_24,full_heuristic,-1,14037,192,34,82,76,0.17708333333333334,0.4270833333333333,1.1333333333333333,7.205882352941177,17.349999999999998,2.245833333333333,13,74,-19.778342821010106,0.17720751908138485,0.0518827160493827,0.5387745174843361,0.11597497723456804,0.05601515184635389,0.030795443701987626,0.12846645362310324,0.1728395061728395,0.09859154929577464,0.325
tle_oneweb_24,full_heuristic,-1,14038,192,30,70,92,0.15625,0.3645833333333333,1.0,7.6,20.399999999999977,2.5208333333333335,12,128,-19.625403084472136,0.178285097323249,0.05848765432098767,0.5207301582381044,0.2044149817891237,0.04944389960408266,0.030718286331118068,0.11183638856693776,0.14772727272727273,0.1875,0.125
tle_oneweb_24,full_heuristic,-1,14039,192,35,80,77,0.18229166666666666,0.4166666666666667,1.1666666666666667,7.257142857142857,16.599999999999994,2.1486111111111112,9,66,-19.264588905625754,0.1727604663585684,0.04975308641975308,0.5396028317204059,0.10314888010540182,0.05743482966309052,0.030972889967005625,0.12546560323734235,0.16470588235294117,0.14754098360655737,0.2608695652173913
tle_oneweb_24,full_heuristic,-1,14040,192,45,74,73,0.234375,0.3854166666666667,1.5,6.355555555555555,12.599999999999994,2.0027777777777778,9,67,-17.602350493465273,0.17369630515841,0.04638888888888889,0.5224592736737884,0.11130277950812344,0.07540186945961613,0.031235627965915738,0.12006379178172152,0.24719101123595505,0.25,0.1794871794871795
tle_oneweb_24,full_heuristic,-1,14041,192,37,77,78,0.19270833333333334,0.4010416666666667,1.2333333333333334,7.918918918918919,18.199999999999996,2.1486111111111112,9,51,-19.32799738319641,0.1858835086288083,0.04978395061728395,0.5489750862577041,0.0832046368116162,0.060884402486233134,0.03140379949764764,0.1230279324243855,0.2553191489361702,0.15517241379310345,0.1
tle_oneweb_24,full_heuristic,-1,14042,192,40,73,79,0.20833333333333334,0.3802083333333333,1.3333333333333333,7.85,20.14999999999999,2.225,9,74,-18.70995746831215,0.18417589428099038,0.051512345679012334,0.5419795122584898,0.12304594153497099,0.06884168638677994,0.03141108477902578,0.11861139898947812,0.24742268041237114,0.1836734693877551,0.15217391304347827
tle_oneweb_24,full_heuristic,-1,14043,192,39,70,83,0.203125,0.3645833333333333,1.3,9.41025641025641,20.500000000000007,2.265277777777778,10,67,-18.665799185049828,0.18544514576898688,0.05253086419753086,0.5348745783131049,0.1077480757229041,0.06285057863147107,0.03141280966409266,0.11414822051835784,0.24271844660194175,0.12,0.20512820512820512
tle_oneweb_24,full_heuristic,-1,14044,192,40,75,77,0.20833333333333334,0.390625,1.3333333333333333,7.625,20.0,2.098611111111111,12,77,-18.195100005145633,0.18067517017051418,0.04864197530864198,0.5022408447646838,0.12201890612241936,0.06599035208471202,0.031014417341319527,0.12013482095794652,0.22093023255813954,0.2542372881355932,0.1276595744680851
tle_oneweb_24,full_heuristic,-1,14045,192,35,67,90,0.18229166666666666,0.3489583333333333,1.1666666666666667,9.0,18.299999999999997,2.4208333333333334,13,82,-18.90412832654073,0.19232435047073354,0.056203703703703714,0.5178098596127472,0.13532694322672786,0.05761951541127743,0.03089284555397393,0.10951486263321637,0.23232323232323232,0.14285714285714285,0.10810810810810811
tle_oneweb_24,full_heuristic,-1,14046,192,33,77,82,0.171875,0.4010416666666667,1.1,6.393939393939394,14.0,2.151388888888889,11,101,-18.64453018055465,0.14690298852165026,0.04996913580246915,0.5279445591140176,0.16005061892933745,0.053154415082332714,0.030805020092769322,0.1209259835003542,0.17708333333333334,0.16363636363636364,0.17073170731707318
tle_oneweb_24,full_heuristic,-1,14047,192,37,71,84,0.19270833333333334,0.3697916666666667,1.2333333333333334,7.1891891891891895,20.39999999999999,2.2847222222222223,10,86,-18.94685612661825,0.17742105899599753,0.05299382716049383,0.5362998427841832,0.1387859257148529,0.05868431250178458,0.030567073551719896,0.11507528063810876,0.14606741573033707,0.15384615384615385,0.3684210526315789
tle_oneweb_24,full_heuristic,-1,14048,192,40,77,75,0.20833333333333334,0.4010416666666667,1.3333333333333333,7.6,17.049999999999997,2.1152777777777776,9,91,-19.052267656120996,0.17892535330008816,0.04895061728395061,0.5289435656237697,0.14731766454356976,0.06556460919665927,0.03166052022036685,0.12550879603040055,0.1941747572815534,0.23255813953488372,0.21739130434782608
tle_oneweb_24,full_heuristic,-1,14049,192,36,84,72,0.1875,0.4375,1.2,7.305555555555555,17.0,2.265277777777778,10,71,-19.50311118394641,0.16008728799768468,0.052191358024691346,0.5387850350511082,0.11823833029715379,0.05995504495504496,0.03187351681563195,0.1359729431788255,0.26744186046511625,0.12698412698412698,0.11627906976744186
tle_oneweb_24,full_heuristic,-1,14050,192,36,82,74,0.1875,0.4270833333333333,1.2,6.833333333333333,13.25,2.176388888888889,10,70,-19.72813968731408,0.1834870528150993,0.050277777777777775,0.5452773355135532,0.10938256257360442,0.05914171683050402,0.030616722059690404,0.1273009811950113,0.18292682926829268,0.18333333333333332,0.2
