scenario,policy,policy_seed,workload_seed,generated,delivered,dropped,backlog,delivery_ratio,drop_rate,throughput_packets_per_slot,average_delay_slots,p95_delay_slots,mean_queue_packets,max_queue_packets,routing_switches,episode_reward,global_delay_cost,global_queue_cost,global_load_imbalance,global_switch_cost,global_throughput_reward,global_control_overhead_ratio,global_drop_cost,class_0_delivery_ratio,class_1_delivery_ratio,class_2_delivery_ratio
starlink_24,mappo_realism_transfer,1024,17001,192,78,47,67,0.40625,0.24479166666666666,2.6,8.871794871794872,19.14999999999999,2.1055555555555556,12,32,-6.406852896107838,0.23380700995540996,0.04848765432098765,0.5836794556744801,0.062076248628106206,0.1565137233480887,0.03708987669841251,0.08974994676233065,0.4567901234567901,0.35714285714285715,0.3902439024390244
starlink_24,mappo_realism_transfer,1024,17002,192,66,47,79,0.34375,0.24479166666666666,2.2,7.909090909090909,17.0,2.3027777777777776,17,36,-6.810699583624852,0.19134533441225363,0.05324074074074074,0.5826221677814184,0.07269906005587119,0.13356933214131356,0.03711362389855786,0.0918553327763854,0.3617021276595745,0.2549019607843137,0.40425531914893614
starlink_24,mappo_realism_transfer,1024,17003,192,72,51,69,0.375,0.265625,2.4,8.972222222222221,20.0,2.2041666666666666,15,29,-6.854652790940719,0.20756625754474473,0.05074074074074074,0.6137980205617046,0.06039955343360916,0.1500496764157755,0.03809069216236389,0.1015800735498878,0.4523809523809524,0.2361111111111111,0.4722222222222222
starlink_24,mappo_realism_transfer,1024,17004,192,70,38,84,0.3645833333333333,0.19791666666666666,2.3333333333333335,8.571428571428571,18.549999999999997,2.2805555555555554,16,34,-5.570404322053152,0.21911254511357814,0.052901234567901224,0.5825654023969763,0.06844692316054543,0.1494477652836786,0.03796713334976196,0.07369975183055678,0.3763440860215054,0.27586206896551724,0.4634146341463415
starlink_24,mappo_realism_transfer,1024,17005,192,77,41,74,0.4010416666666667,0.21354166666666666,2.566666666666667,9.363636363636363,18.200000000000003,2.1486111111111112,15,21,-4.929272805361746,0.2094162226686116,0.049660493827160486,0.5691638530762632,0.041106565433190814,0.15544353264554503,0.03702431798402293,0.07860570544007077,0.4864864864864865,0.22916666666666666,0.36363636363636365
starlink_24,mappo_realism_transfer,1024,17006,192,63,52,77,0.328125,0.2708333333333333,2.1,8.523809523809524,17.799999999999997,2.2888888888888888,16,20,-8.25205364947006,0.22381788791064824,0.05287037037037037,0.5418003972301276,0.037493959572132946,0.12484535158683766,0.036765615220459555,0.0966447903947904,0.31868131868131866,0.26785714285714285,0.4222222222222222
starlink_24,mappo_realism_transfer,1024,17007,192,61,49,82,0.3177083333333333,0.2552083333333333,2.033333333333333,9.344262295081966,18.0,2.3319444444444444,15,31,-8.2540592567463,0.22028312124389565,0.053981481481481484,0.554649612920003,0.05951923549446769,0.12065763799896925,0.03633642717647152,0.09098991350926336,0.375,0.22807017543859648,0.3076923076923077
starlink_24,mappo_realism_transfer,1024,17008,192,74,37,81,0.3854166666666667,0.19270833333333334,2.466666666666667,8.162162162162161,19.0,2.1902777777777778,14,28,-4.714480680327762,0.20196836820192976,0.05080246913580245,0.5509098771330453,0.05352916605238586,0.1490126223678855,0.037088912568938856,0.07152927252772454,0.3977272727272727,0.3548387096774194,0.40476190476190477
starlink_24,mappo_realism_transfer,1024,17009,192,67,41,84,0.3489583333333333,0.21354166666666666,2.2333333333333334,9.597014925373134,20.39999999999999,2.3680555555555554,15,35,-6.514071662082495,0.20978831361427083,0.05484567901234568,0.5681379508361128,0.06515827968614346,0.13084429273283762,0.03589222059753976,0.0758623888151752,0.3867924528301887,0.29545454545454547,0.30952380952380953
starlink_24,mappo_realism_transfer,1024,17010,192,65,47,80,0.3385416666666667,0.24479166666666666,2.1666666666666665,8.153846153846153,17.0,2.201388888888889,14,25,-6.957634288796195,0.1999868305070191,0.05101851851851851,0.5716490826618926,0.04763043228987502,0.13081741000084654,0.03731237502987206,0.09116604270629036,0.38,0.26,0.3333333333333333
starlink_24,mappo_realism_transfer,1024,17011,192,63,46,83,0.328125,0.23958333333333334,2.1,8.571428571428571,19.9,2.2680555555555557,16,13,-7.085640494945684,0.21521353702258603,0.052592592592592594,0.5895688674848735,0.025110652448113745,0.12943164048427205,0.03716852531639032,0.08503390830016215,0.375,0.2909090909090909,0.2682926829268293
starlink_24,mappo_realism_transfer,1024,17012,192,75,42,75,0.390625,0.21875,2.5,8.493333333333334,17.0,2.188888888888889,16,15,-5.470078205982681,0.21931783177282238,0.05058641975308642,0.5812232435962579,0.028459642066453215,0.15142836351814679,0.0369875764806986,0.07894634461971922,0.4222222222222222,0.3870967741935484,0.325
starlink_24,mappo_realism_transfer,1024,17013,192,72,42,78,0.375,0.21875,2.4,8.23611111111111,18.0,2.263888888888889,14,35,-5.109689681261564,0.18294143024115503,0.05234567901234567,0.6086773478535517,0.06842597947861107,0.14619705372027353,0.03687487096325447,0.07982935279374907,0.4368932038834951,0.24528301886792453,0.3888888888888889
starlink_24,mappo_realism_transfer,1024,17014,192,84,35,73,0.4375,0.18229166666666666,2.8,8.083333333333334,18.849999999999994,2.0861111111111112,13,31,-2.9782431469107586,0.20211574072628286,0.04824074074074074,0.6067242063567946,0.06514122315592903,0.18013179630826687,0.0386185859168386,0.07063375350140057,0.49,0.38596491228070173,0.37142857142857144
starlink_24,mappo_realism_transfer,1024,17015,192,70,44,78,0.3645833333333333,0.22916666666666666,2.3333333333333335,8.6,20.0,2.227777777777778,13,30,-6.651191496483746,0.22907743105783826,0.05154320987654322,0.5891253474968535,0.06183504103395744,0.14617932935657396,0.037453069821244675,0.0843640965157993,0.4117647058823529,0.2833333333333333,0.3829787234042553
starlink_24,mappo_realism_transfer,1024,17016,192,76,32,84,0.3958333333333333,0.16666666666666666,2.533333333333333,8.631578947368421,20.25,2.202777777777778,15,21,-4.309259089650742,0.22821140620322306,0.05117283950617284,0.5843598933445844,0.04044545596016184,0.1582549585490762,0.03712620595193662,0.06038225391166567,0.3333333333333333,0.39285714285714285,0.55
starlink_24,mappo_realism_transfer,1024,17017,192,61,44,87,0.3177083333333333,0.22916666666666666,2.033333333333333,8.754098360655737,20.0,2.3625,16,34,-8.206976253773261,0.23499022850693396,0.05481481481481481,0.6007636215566936,0.06729408520043195,0.12843186082350166,0.03842088116347178,0.08710512455094496,0.3058823529411765,0.35714285714285715,0.2702702702702703
starlink_24,mappo_realism_transfer,1024,17018,192,68,46,78,0.3541666666666667,0.23958333333333334,2.2666666666666666,8.808823529411764,16.0,2.275,17,35,-7.541693776366034,0.22269725990951486,0.052592592592592594,0.5733341840792502,0.06884197831179256,0.1335950783822301,0.03613315908766819,0.08954674267367765,0.3953488372093023,0.28169014084507044,0.4
starlink_24,mappo_realism_transfer,1024,17019,192,71,44,77,0.3697916666666667,0.22916666666666666,2.3666666666666667,8.23943661971831,17.0,2.175,14,23,-6.254061902062937,0.21692182961110287,0.05033950617283949,0.6147307857842566,0.047854329766094474,0.14982220036012606,0.03819875466362969,0.08802793812081738,0.3076923076923077,0.3392857142857143,0.5333333333333333
starlink_24,mappo_realism_transfer,1024,17020,192,66,55,71,0.34375,0.2864583333333333,2.2,8.212121212121213,16.75,2.3097222222222222,18,31,-7.69341142978646,0.19095913269855375,0.05314814814814815,0.5807740483238081,0.06192498663473896,0.13112272287968882,0.03707995151331363,0.10552222244559707,0.375,0.28,0.34782608695652173
starlink_24,mappo_realism_transfer,123,17001,192,81,43,68,0.421875,0.22395833333333334,2.7,8.45679012345679,21.0,2.1013888888888888,12,79,-5.5797649488211745,0.22213791983696346,0.04842592592592592,0.5790890542342036,0.16138829193395754,0.16895506425692183,0.03827658304776831,0.08450470539092829,0.4444444444444444,0.38571428571428573,0.43902439024390244
starlink_24,mappo_realism_transfer,123,17002,192,75,45,72,0.390625,0.234375,2.5,8.426666666666666,18.0,2.1625,14,71,-6.36943228930898,0.21215643770672712,0.0499074074074074,0.5787799368199951,0.14314894356303026,0.15244509274695034,0.03717034003881294,0.0874487075531967,0.3723404255319149,0.3137254901960784,0.5106382978723404
starlink_24,mappo_realism_transfer,123,17003,192,67,51,74,0.3489583333333333,0.265625,2.2333333333333334,8.746268656716419,21.39999999999999,2.25,12,71,-7.763755363976819,0.2157047188539615,0.051913580246913574,0.5905915528863874,0.14061237337940125,0.14226192366285242,0.03775066037622677,0.09756170686898241,0.4523809523809524,0.2361111111111111,0.3333333333333333
starlink_24,mappo_realism_transfer,123,17004,192,69,39,84,0.359375,0.203125,2.3,8.623188405797102,18.0,2.238888888888889,13,78,-6.795679554676106,0.23471245439127808,0.05197530864197532,0.5648078400266647,0.15072988057121187,0.14424802422093444,0.03713159264608448,0.07419303978901501,0.3548387096774194,0.3103448275862069,0.43902439024390244
starlink_24,mappo_realism_transfer,123,17005,192,74,44,74,0.3854166666666667,0.22916666666666666,2.466666666666667,8.837837837837839,18.0,2.0722222222222224,16,58,-5.685813381870746,0.19843987312383946,0.04796296296296296,0.5488631812160776,0.11457505314316459,0.14928532996644453,0.03701772026223891,0.08489221419561974,0.4594594594594595,0.20833333333333334,0.3939393939393939
starlink_24,mappo_realism_transfer,123,17006,192,69,46,77,0.359375,0.23958333333333334,2.3,9.028985507246377,18.0,2.2,13,63,-7.584657477329496,0.23127129252241024,0.050895061728395065,0.5376480687755674,0.12185227067967005,0.13837612450615547,0.036926236605993604,0.08787946917203883,0.4175824175824176,0.2857142857142857,0.3333333333333333
starlink_24,mappo_realism_transfer,123,17007,192,62,48,82,0.3229166666666667,0.25,2.066666666666667,9.887096774193548,17.949999999999996,2.2916666666666665,11,66,-8.69803405026606,0.22733473833704257,0.053086419753086415,0.5400409713992748,0.1229487209556869,0.11956149472016345,0.03616216235918506,0.0885217630380169,0.375,0.21052631578947367,0.358974358974359
starlink_24,mappo_realism_transfer,123,17008,192,77,37,78,0.4010416666666667,0.19270833333333334,2.566666666666667,7.987012987012987,17.0,2.0944444444444446,13,52,-4.635387720383898,0.20241685568824672,0.04858024691358025,0.5547897965248109,0.10043918242060657,0.15314232665625852,0.036784006162496816,0.07013565367667533,0.4431818181818182,0.3387096774193548,0.40476190476190477
starlink_24,mappo_realism_transfer,123,17009,192,65,39,88,0.3385416666666667,0.203125,2.1666666666666665,9.661538461538461,20.799999999999997,2.3930555555555557,14,74,-7.479830904208837,0.22458512849105375,0.055524691358024694,0.5432077985322928,0.13758221124707193,0.12592410040939453,0.0357811326580384,0.07337784033991465,0.33962264150943394,0.3181818181818182,0.35714285714285715
starlink_24,mappo_realism_transfer,123,17010,192,62,45,85,0.3229166666666667,0.234375,2.066666666666667,8.903225806451612,18.89999999999999,2.1819444444444445,13,73,-8.176838526193295,0.21834093133278704,0.050740740740740746,0.5683994748603187,0.13411389994594328,0.12224085540649007,0.03693676310028208,0.08537653365439743,0.36,0.26,0.30952380952380953
starlink_24,mappo_realism_transfer,123,17011,192,66,40,86,0.34375,0.20833333333333334,2.2,8.757575757575758,20.25,2.2319444444444443,14,56,-7.294362469059382,0.2350148888178451,0.05188271604938272,0.59153402372916,0.10550681659814787,0.13462427378836048,0.036977311321346004,0.07596020236500114,0.3645833333333333,0.34545454545454546,0.2926829268292683
starlink_24,mappo_realism_transfer,123,17012,192,74,42,76,0.3854166666666667,0.21875,2.466666666666667,8.594594594594595,19.349999999999994,2.176388888888889,15,53,-5.993721378080888,0.22418751653536126,0.05033950617283949,0.5439889080056303,0.09540470866709257,0.1472038898780385,0.03516897435143328,0.07637132045800775,0.4222222222222222,0.4032258064516129,0.275
starlink_24,mappo_realism_transfer,123,17013,192,76,33,83,0.3958333333333333,0.171875,2.533333333333333,9.223684210526315,18.0,2.2416666666666667,12,69,-5.532302483987724,0.22633859037476647,0.052006172839506176,0.586946973401568,0.13145157860715134,0.14837355297494617,0.03551635886185349,0.062338505577669664,0.42718446601941745,0.33962264150943394,0.3888888888888889
starlink_24,mappo_realism_transfer,123,17014,192,79,30,83,0.4114583333333333,0.15625,2.6333333333333333,7.8734177215189876,18.099999999999994,2.0930555555555554,15,63,-4.273280051108314,0.22015447413171177,0.04870370370370371,0.6034338753234179,0.12664404065719856,0.16161883624344928,0.037113626763398695,0.05858967271118975,0.43,0.40350877192982454,0.37142857142857144
starlink_24,mappo_realism_transfer,123,17015,192,71,43,78,0.3697916666666667,0.22395833333333334,2.3666666666666667,8.901408450704226,18.0,2.2111111111111112,12,58,-6.882148007712671,0.23076029565618544,0.051172839506172844,0.5835722462397939,0.11397845102953462,0.1445341798437774,0.03644973668333816,0.08098841875931659,0.4235294117647059,0.26666666666666666,0.40425531914893614
starlink_24,mappo_realism_transfer,123,17016,192,76,33,83,0.3958333333333333,0.171875,2.533333333333333,8.921052631578947,18.25,2.1319444444444446,14,57,-5.0556587931303705,0.2231752501422991,0.049567901234567904,0.5634582429631888,0.10492914134941998,0.14958291149854616,0.0357521916085617,0.06197566995554612,0.375,0.32142857142857145,0.55
starlink_24,mappo_realism_transfer,123,17017,192,65,39,88,0.3385416666666667,0.203125,2.1666666666666665,8.507692307692308,18.0,2.2736111111111112,16,92,-8.018062449012646,0.23806181390438455,0.052870370370370366,0.5699377616709069,0.17963256242668008,0.1326932030531102,0.03764292394631456,0.0778062315794514,0.3411764705882353,0.37142857142857144,0.2702702702702703
starlink_24,mappo_realism_transfer,123,17018,192,66,42,84,0.34375,0.21875,2.2,9.575757575757576,20.5,2.3,16,72,-7.633330615141072,0.2223006116352719,0.05333333333333333,0.5600789936009106,0.14087000589709567,0.13154786160978107,0.036577165944227226,0.08236659081086325,0.3953488372093023,0.2676056338028169,0.37142857142857144
starlink_24,mappo_realism_transfer,123,17019,192,66,46,80,0.34375,0.23958333333333334,2.2,8.878787878787879,19.75,2.2069444444444444,11,69,-7.737141926953577,0.2169958700966842,0.051141975308641965,0.6004665957529165,0.136092367671315,0.13598366674605064,0.03774862677321847,0.09046130913003977,0.32967032967032966,0.2857142857142857,0.4444444444444444
starlink_24,mappo_realism_transfer,123,17020,192,66,53,73,0.34375,0.2760416666666667,2.2,8.924242424242424,16.75,2.276388888888889,13,64,-8.03668925349529,0.19595191484795155,0.052469135802469126,0.5538057782947431,0.12145896157506066,0.125638474156276,0.03540877986280135,0.09901305923751741,0.375,0.22,0.41304347826086957
starlink_24,mappo_realism_transfer,2024,17001,192,79,36,77,0.4114583333333333,0.1875,2.6333333333333333,8.949367088607595,19.19999999999999,2.173611111111111,12,59,-4.806760123741187,0.22806416038711042,0.050308641975308634,0.6009002738140399,0.11906190343883843,0.1691365604639598,0.03885022215729914,0.07119997706685013,0.4444444444444444,0.35714285714285715,0.43902439024390244
starlink_24,mappo_realism_transfer,2024,17002,192,77,34,81,0.4010416666666667,0.17708333333333334,2.566666666666667,8.896103896103897,19.200000000000003,2.2125,14,42,-4.725919501716023,0.22319568224091274,0.05129629629629629,0.6074408841168978,0.08791104048456991,0.16220358273763846,0.03796871068020269,0.06779096433895196,0.39361702127659576,0.3333333333333333,0.48936170212765956
starlink_24,mappo_realism_transfer,2024,17003,192,74,46,72,0.3854166666666667,0.23958333333333334,2.466666666666667,9.68918918918919,22.349999999999994,2.2583333333333333,11,54,-6.801219056774539,0.2253485499346408,0.05203703703703704,0.5848496290772439,0.10584823988074762,0.15306196140174466,0.037496810173427354,0.09122437661524348,0.5,0.25,0.3888888888888889
starlink_24,mappo_realism_transfer,2024,17004,192,70,38,84,0.3645833333333333,0.19791666666666666,2.3333333333333335,8.814285714285715,19.0,2.2375,15,58,-6.450003819494385,0.237463830907645,0.05194444444444444,0.5827325461400291,0.11620160412343074,0.14888094705432167,0.03801961738550242,0.07421354889234145,0.3655913978494624,0.29310344827586204,0.4634146341463415
starlink_24,mappo_realism_transfer,2024,17005,192,69,38,85,0.359375,0.19791666666666666,2.3,9.63768115942029,16.599999999999994,2.311111111111111,15,45,-5.813253294075046,0.20184831968794306,0.053611111111111116,0.5606917290599979,0.09189074055173126,0.139901945033524,0.03793457941613017,0.07530050616737924,0.43243243243243246,0.1875,0.36363636363636365
starlink_24,mappo_realism_transfer,2024,17006,192,65,45,82,0.3385416666666667,0.234375,2.1666666666666665,9.615384615384615,19.0,2.2583333333333333,12,64,-7.937492515145983,0.23001396856148668,0.05234567901234568,0.5628823807005969,0.1288668227484017,0.13331050872072542,0.0374518065728262,0.08675340311563222,0.4065934065934066,0.21428571428571427,0.35555555555555557
starlink_24,mappo_realism_transfer,2024,17007,192,56,51,85,0.2916666666666667,0.265625,1.8666666666666667,9.446428571428571,19.25,2.2805555555555554,14,31,-8.44927186555371,0.20112177338301482,0.052932098765432097,0.5534053193366134,0.05780099759201927,0.10975733073256294,0.03658137801087413,0.09356536766753484,0.3541666666666667,0.17543859649122806,0.3076923076923077
starlink_24,mappo_realism_transfer,2024,17008,192,72,38,82,0.375,0.19791666666666666,2.4,8.166666666666666,18.0,2.138888888888889,12,41,-4.992980588434911,0.19892980361142673,0.049691358024691365,0.5674794244410246,0.08399240465416935,0.14966612893470474,0.03777238408665388,0.07487919616789587,0.4772727272727273,0.27419354838709675,0.30952380952380953
starlink_24,mappo_realism_transfer,2024,17009,192,68,37,87,0.3541666666666667,0.19270833333333334,2.2666666666666666,9.676470588235293,21.0,2.3569444444444443,14,57,-6.326266580306978,0.21798045797209015,0.054691358024691356,0.5736396501285135,0.11133495503464544,0.1377430268103643,0.0369008015173382,0.07065351286713516,0.37735849056603776,0.29545454545454547,0.35714285714285715
starlink_24,mappo_realism_transfer,2024,17010,192,61,43,88,0.3177083333333333,0.22395833333333334,2.033333333333333,9.655737704918034,20.0,2.2944444444444443,15,51,-7.741183197067093,0.22214072850232477,0.05333333333333333,0.5681953260388171,0.09874499597409812,0.12295091675896631,0.03721111052513234,0.07942211769998148,0.34,0.22,0.38095238095238093
starlink_24,mappo_realism_transfer,2024,17011,192,63,40,89,0.328125,0.20833333333333334,2.1,9.238095238095237,20.9,2.3222222222222224,15,43,-7.570198082045657,0.2358654654889493,0.05398148148148149,0.6146602897656224,0.08766893982064262,0.13497551052891607,0.038426970158797674,0.08019889624765786,0.3541666666666667,0.32727272727272727,0.2682926829268293
starlink_24,mappo_realism_transfer,2024,17012,192,77,38,77,0.4010416666666667,0.19791666666666666,2.566666666666667,9.688311688311689,20.200000000000003,2.213888888888889,15,39,-5.264421512163577,0.23225802237268228,0.0512037037037037,0.5581665880387122,0.07275982030238996,0.1545189866319897,0.035373184130711686,0.06869588186151655,0.4444444444444444,0.3548387096774194,0.375
starlink_24,mappo_realism_transfer,2024,17013,192,77,30,85,0.4010416666666667,0.15625,2.566666666666667,9.415584415584416,20.0,2.2375,12,45,-4.673955689784928,0.2302299299378889,0.05197530864197532,0.6129263344986626,0.09012830278310155,0.15965714940947143,0.03725411120574776,0.06012946991662162,0.42718446601941745,0.3018867924528302,0.4722222222222222
starlink_24,mappo_realism_transfer,2024,17014,192,77,32,83,0.4010416666666667,0.16666666666666666,2.566666666666667,8.2987012987013,17.0,2.140277777777778,13,49,-4.451945954130504,0.22267229809514572,0.04975308641975308,0.5954441457516485,0.10278996258872418,0.16423840034521145,0.038387932717391555,0.06522951578292137,0.45,0.3684210526315789,0.3142857142857143
starlink_24,mappo_realism_transfer,2024,17015,192,77,42,73,0.4010416666666667,0.21875,2.566666666666667,8.64935064935065,18.0,2.1055555555555556,13,43,-5.339153514533389,0.21701043956572405,0.04867283950617284,0.5997484297028478,0.0842942118367815,0.15960641454062505,0.03724337051856249,0.08033893966943502,0.49411764705882355,0.25,0.425531914893617
starlink_24,mappo_realism_transfer,2024,17016,192,72,33,87,0.375,0.171875,2.4,8.625,18.450000000000003,2.140277777777778,13,33,-5.123697934801656,0.22510090227158308,0.049876543209876535,0.5877218557969617,0.06122733303847854,0.14813248871298407,0.036743313392257455,0.06368039410996067,0.3229166666666667,0.30357142857142855,0.6
starlink_24,mappo_realism_transfer,2024,17017,192,60,37,95,0.3125,0.19270833333333334,2.0,9.833333333333334,22.0,2.4611111111111112,18,61,-8.355042676508074,0.2500381039870538,0.057253086419753095,0.5796464047153516,0.12536143494734825,0.12586100904599357,0.03787337670071492,0.07377930119416186,0.3058823529411765,0.37142857142857144,0.21621621621621623
starlink_24,mappo_realism_transfer,2024,17018,192,66,41,85,0.34375,0.21354166666666666,2.2,9.333333333333334,19.0,2.298611111111111,16,53,-7.184810510637233,0.2190210683483178,0.05333333333333334,0.5607839178415965,0.1020231952430095,0.12998520055795598,0.03615546092542347,0.07883888643176569,0.4186046511627907,0.2676056338028169,0.3142857142857143
starlink_24,mappo_realism_transfer,2024,17019,192,70,40,82,0.3645833333333333,0.20833333333333334,2.3333333333333335,8.7,16.549999999999997,2.2125,15,65,-6.6342969742485485,0.22407215825595783,0.051327160493827156,0.6035266841707572,0.1358349194378606,0.15025183150183147,0.03858747123631915,0.08256730469965763,0.31868131868131866,0.32142857142857145,0.5111111111111111
starlink_24,mappo_realism_transfer,2024,17020,192,67,44,81,0.3489583333333333,0.22916666666666666,2.2333333333333334,9.656716417910447,19.699999999999996,2.3333333333333335,15,50,-7.198273063180031,0.2155260059639602,0.053981481481481484,0.5666087167378638,0.09353184841187938,0.13036131996658312,0.03545297674144995,0.08152067259652399,0.375,0.2,0.45652173913043476
starlink_24,mappo_realism_transfer,314,17001,192,81,39,72,0.421875,0.203125,2.7,8.0,17.0,2.0708333333333333,12,50,-4.615680883325123,0.21685611513604588,0.047870370370370376,0.5870088111632336,0.10157678636006807,0.16989978875040795,0.03813582511304398,0.07783668730650153,0.4444444444444444,0.4142857142857143,0.3902439024390244
starlink_24,mappo_realism_transfer,314,17002,192,80,34,78,0.4166666666666667,0.17708333333333334,2.6666666666666665,7.925,15.049999999999997,2.123611111111111,16,39,-4.184157027428096,0.218815171371017,0.049228395061728394,0.6013718834350578,0.0805550153034673,0.17053426206289984,0.03802726013633669,0.07114581010091846,0.3829787234042553,0.39215686274509803,0.5106382978723404
starlink_24,mappo_realism_transfer,314,17003,192,74,47,71,0.3854166666666667,0.24479166666666666,2.466666666666667,8.324324324324325,17.349999999999994,2.088888888888889,14,42,-5.772199980743821,0.19572920585989056,0.04824074074074074,0.6040617065142265,0.08238570281913933,0.15516973051028776,0.037550239879273396,0.09389299669485428,0.4642857142857143,0.2361111111111111,0.5
starlink_24,mappo_realism_transfer,314,17004,192,71,32,89,0.3697916666666667,0.16666666666666666,2.3666666666666667,9.112676056338028,18.5,2.2402777777777776,16,46,-5.297532679524863,0.2276001623887689,0.052160493827160495,0.5772660957099863,0.09356344764626498,0.14965374537742956,0.03744218369837351,0.06318991924255082,0.3763440860215054,0.3103448275862069,0.43902439024390244
starlink_24,mappo_realism_transfer,314,17005,192,74,41,77,0.3854166666666667,0.21354166666666666,2.466666666666667,9.256756756756756,17.349999999999994,2.140277777777778,17,49,-5.7209932358503455,0.21073808853673198,0.04956790123456791,0.5535803194732185,0.09468964486379347,0.14732080641523362,0.03702470613953821,0.07847527315019574,0.44144144144144143,0.22916666666666666,0.42424242424242425
starlink_24,mappo_realism_transfer,314,17006,192,72,38,82,0.375,0.19791666666666666,2.4,9.75,18.900000000000006,2.283333333333333,17,45,-6.216741161626359,0.2355755464099421,0.05290123456790123,0.5508535625588765,0.0882937736498108,0.14911041257790486,0.03741401620160596,0.07553174193654068,0.38461538461538464,0.30357142857142855,0.4444444444444444
starlink_24,mappo_realism_transfer,314,17007,192,62,53,77,0.3229166666666667,0.2760416666666667,2.066666666666667,8.725806451612904,14.0,2.1333333333333333,17,29,-9.142446889462292,0.22888879040939195,0.04941358024691357,0.5631447810724358,0.055705091978311784,0.11820271117484739,0.03668482080447924,0.10080500940408059,0.34375,0.24561403508771928,0.38461538461538464
starlink_24,mappo_realism_transfer,314,17008,192,76,39,77,0.3958333333333333,0.203125,2.533333333333333,7.5131578947368425,17.0,2.0680555555555555,16,18,-4.311502914746211,0.19413090314689121,0.04796296296296296,0.5676705070071143,0.03547051861680344,0.15520991707524215,0.037779867653952116,0.07699809163431454,0.4318181818181818,0.3387096774193548,0.40476190476190477
starlink_24,mappo_realism_transfer,314,17009,192,65,44,83,0.3385416666666667,0.22916666666666666,2.1666666666666665,9.615384615384615,21.0,2.3125,16,52,-7.924237023076222,0.22602421358860136,0.05358024691358024,0.5667045246605451,0.1002597793503366,0.12823969646338065,0.03662362162801709,0.08567372270545645,0.36792452830188677,0.29545454545454547,0.30952380952380953
starlink_24,mappo_realism_transfer,314,17010,192,63,39,90,0.328125,0.203125,2.1,9.079365079365079,18.9,2.209722222222222,15,36,-7.173572325061165,0.2240561857463529,0.05151234567901235,0.5970687829992058,0.06752432738113853,0.12710139505031146,0.037637277553784584,0.07554016689078608,0.32,0.28,0.40476190476190477
starlink_24,mappo_realism_transfer,314,17011,192,66,40,86,0.34375,0.20833333333333334,2.2,8.742424242424242,18.75,2.272222222222222,14,26,-6.443990630980326,0.21869794973395817,0.052777777777777785,0.6015921294299442,0.050077542712991634,0.1358097747339233,0.03710791871927796,0.07580677592674495,0.40625,0.3090909090909091,0.24390243902439024
starlink_24,mappo_realism_transfer,314,17012,192,75,40,77,0.390625,0.20833333333333334,2.5,8.853333333333333,19.299999999999997,2.1666666666666665,16,35,-5.391518552562508,0.21902873601217987,0.05015432098765433,0.556728355617739,0.06674280913445,0.1517109909640869,0.036346279838348254,0.07566552441939439,0.4222222222222222,0.3225806451612903,0.425
starlink_24,mappo_realism_transfer,314,17013,192,78,30,84,0.40625,0.15625,2.6,9.205128205128204,18.0,2.161111111111111,14,35,-4.710910190657487,0.23392163295427912,0.05024691358024691,0.6011555490788171,0.06732097809884187,0.15506392615525744,0.03598424539795959,0.057930426556587554,0.3883495145631068,0.37735849056603776,0.5
starlink_24,mappo_realism_transfer,314,17014,192,81,31,80,0.421875,0.16145833333333334,2.7,8.209876543209877,19.0,1.988888888888889,16,36,-3.308450191173304,0.21118290276116533,0.046296296296296294,0.6323981773899526,0.0757764430558548,0.17430618401206638,0.038353525006436205,0.06422182120711532,0.49,0.3157894736842105,0.4
starlink_24,mappo_realism_transfer,314,17015,192,75,41,76,0.390625,0.21354166666666666,2.5,8.96,18.0,2.1486111111111112,15,21,-5.389673592862248,0.2157082546672082,0.04972222222222222,0.5977759860754228,0.041697196422428626,0.15366712249452188,0.03744365401023955,0.0798212978398737,0.47058823529411764,0.21666666666666667,0.46808510638297873
starlink_24,mappo_realism_transfer,314,17016,192,74,28,90,0.3854166666666667,0.14583333333333334,2.466666666666667,8.594594594594595,16.0,2.2083333333333335,16,38,-4.484635215515787,0.22698041218067017,0.05148148148148148,0.5976788955121415,0.07309439857814472,0.1531916896313181,0.036948906516512066,0.05481198124773977,0.3645833333333333,0.375,0.45
starlink_24,mappo_realism_transfer,314,17017,192,58,40,94,0.3020833333333333,0.20833333333333334,1.9333333333333333,8.96551724137931,20.15,2.3625,19,47,-8.351067576804752,0.23059466116979405,0.055030864197530865,0.5999412011979526,0.10021641742616973,0.1253238378122279,0.03935194276760633,0.08521232222083613,0.3176470588235294,0.3142857142857143,0.24324324324324326
starlink_24,mappo_realism_transfer,314,17018,192,66,41,85,0.34375,0.21354166666666666,2.2,9.43939393939394,21.75,2.2666666666666666,20,35,-7.6272238647739155,0.23848403317213568,0.05262345679012346,0.5605020922687516,0.06776098743591004,0.130030895174084,0.03625562112565221,0.08024590920488753,0.38372093023255816,0.2535211267605634,0.42857142857142855
starlink_24,mappo_realism_transfer,314,17019,192,69,39,84,0.359375,0.203125,2.3,8.782608695652174,18.599999999999994,2.213888888888889,14,34,-6.432296332590572,0.22558110647065746,0.05141975308641975,0.6325862513507766,0.07104427420990887,0.14818007342388145,0.03897958723806556,0.08134383848006138,0.34065934065934067,0.2857142857142857,0.4888888888888889
starlink_24,mappo_realism_transfer,314,17020,192,64,56,72,0.3333333333333333,0.2916666666666667,2.1333333333333333,8.5,16.849999999999994,2.2319444444444443,12,45,-8.083904193686418,0.18788875358494408,0.05145061728395062,0.5747466897462455,0.0864576930637302,0.1214011666294948,0.03561413351042123,0.10244446901567644,0.3541666666666667,0.2,0.43478260869565216
starlink_24,mappo_realism_transfer,42,17001,192,82,36,74,0.4270833333333333,0.1875,2.7333333333333334,9.195121951219512,20.950000000000003,2.1486111111111112,11,37,-4.542706545422875,0.241279090174155,0.04966049382716049,0.6044609349336555,0.07382545888350842,0.1746662595230707,0.038574321606963426,0.0703399839467951,0.48148148148148145,0.35714285714285715,0.43902439024390244
starlink_24,mappo_realism_transfer,42,17002,192,78,37,77,0.40625,0.19270833333333334,2.6,8.551282051282051,16.449999999999974,2.1902777777777778,15,36,-4.734595227542713,0.215644832892879,0.05067901234567902,0.6081497110447912,0.07271239782462692,0.1611663444055085,0.03734315272048853,0.07243636050911592,0.425531914893617,0.3333333333333333,0.44680851063829785
starlink_24,mappo_realism_transfer,42,17003,192,74,48,70,0.3854166666666667,0.25,2.466666666666667,9.527027027027026,22.0,2.2055555555555557,13,46,-6.956862068463906,0.22849027811457703,0.05080246913580246,0.5995398070190021,0.09267601192523793,0.1556969314941451,0.03783558632949467,0.09594213506365208,0.47619047619047616,0.2222222222222222,0.5
starlink_24,mappo_realism_transfer,42,17004,192,73,37,82,0.3802083333333333,0.19270833333333334,2.433333333333333,8.534246575342467,19.0,2.2,14,48,-4.956678640776697,0.20891707717808983,0.05104938271604939,0.5777417863392083,0.09334773370764081,0.15506343358510544,0.03785384098702714,0.07268189785217648,0.3978494623655914,0.29310344827586204,0.4634146341463415
starlink_24,mappo_realism_transfer,42,17005,192,65,42,85,0.3385416666666667,0.21875,2.1666666666666665,9.815384615384616,19.599999999999994,2.359722222222222,19,34,-6.76514956432997,0.21126940629331076,0.05469135802469136,0.5759404718219191,0.06737517026603715,0.1349138794069135,0.03758229078354387,0.0827414706323375,0.3963963963963964,0.1875,0.36363636363636365
starlink_24,mappo_realism_transfer,42,17006,192,70,41,81,0.3645833333333333,0.21354166666666666,2.3333333333333335,10.057142857142857,20.549999999999997,2.2944444444444443,14,38,-6.867879859284213,0.23657655009056963,0.05311728395061728,0.5756915612364757,0.0755718954248366,0.14562332476032164,0.037597972876336545,0.08233113420806917,0.45054945054945056,0.25,0.3333333333333333
starlink_24,mappo_realism_transfer,42,17007,192,64,46,82,0.3333333333333333,0.23958333333333334,2.1333333333333333,9.640625,20.849999999999994,2.263888888888889,13,37,-7.4952471401065885,0.22163477698397407,0.05246913580246915,0.5617253342084283,0.06922213622291021,0.12933733434894426,0.03672590142896022,0.08560830180025226,0.3645833333333333,0.22807017543859648,0.41025641025641024
starlink_24,mappo_realism_transfer,42,17008,192,79,32,81,0.4114583333333333,0.16666666666666666,2.6333333333333333,8.746835443037975,17.19999999999999,2.129166666666667,12,27,-3.9523938076716183,0.22008610605581355,0.04944444444444444,0.5713850493213862,0.05501333690962174,0.16133469972866257,0.03725389048707572,0.06145381836945305,0.5113636363636364,0.3064516129032258,0.35714285714285715
starlink_24,mappo_realism_transfer,42,17009,192,68,36,88,0.3541666666666667,0.1875,2.2666666666666666,9.867647058823529,20.65,2.3847222222222224,16,40,-6.356412893554501,0.22379045880724446,0.05533950617283952,0.5992997023965567,0.07650040133012269,0.138115469984665,0.03709224896349217,0.07055501530346732,0.37735849056603776,0.29545454545454547,0.35714285714285715
starlink_24,mappo_realism_transfer,42,17010,192,64,43,85,0.3333333333333333,0.22395833333333334,2.1333333333333333,9.6875,19.849999999999994,2.2777777777777777,15,24,-7.934021825827363,0.23809079750773893,0.05287037037037037,0.5880271296199809,0.04417985322784084,0.1257428646631433,0.03697296832441662,0.08211502463824445,0.37,0.22,0.38095238095238093
starlink_24,mappo_realism_transfer,42,17011,192,71,38,83,0.3697916666666667,0.19791666666666666,2.3666666666666667,9.450704225352112,19.5,2.297222222222222,14,24,-6.0462175741915285,0.23618661292273868,0.05324074074074073,0.6201324002150486,0.045907722738218096,0.147524730171789,0.03744539037618715,0.07143575851393189,0.4270833333333333,0.34545454545454546,0.2682926829268293
starlink_24,mappo_realism_transfer,42,17012,192,70,42,80,0.3645833333333333,0.21875,2.3333333333333335,9.2,21.549999999999997,2.2180555555555554,16,28,-6.252552832910572,0.2234769879185333,0.05138888888888889,0.5621512809918431,0.05338714433141677,0.1417585725248264,0.03604088767707999,0.07842541402525921,0.4,0.2903225806451613,0.4
starlink_24,mappo_realism_transfer,42,17013,192,77,29,86,0.4010416666666667,0.15104166666666666,2.566666666666667,9.636363636363637,18.400000000000006,2.272222222222222,13,30,-4.539334348272343,0.23239834068577853,0.05277777777777779,0.6148353047712328,0.05920697608778104,0.15663213306015158,0.03600894384566763,0.05651451403773386,0.44660194174757284,0.2830188679245283,0.4444444444444444
starlink_24,mappo_realism_transfer,42,17014,192,79,31,82,0.4114583333333333,0.16145833333333334,2.6333333333333333,8.39240506329114,20.0,2.1069444444444443,12,41,-3.6733500298467137,0.21450686733139027,0.04898148148148149,0.6171632266046249,0.08370215225091385,0.168154446888967,0.03797636879947144,0.0614037261328283,0.47,0.3508771929824561,0.34285714285714286
starlink_24,mappo_realism_transfer,42,17015,192,77,40,75,0.4010416666666667,0.20833333333333334,2.566666666666667,8.38961038961039,17.200000000000003,2.1277777777777778,13,29,-4.937604147664609,0.20903750899649956,0.04922839506172839,0.6107171612716876,0.05972279555096893,0.15929382751751175,0.03727983753739566,0.0790049879600963,0.4823529411764706,0.25,0.44680851063829785
starlink_24,mappo_realism_transfer,42,17016,192,74,32,86,0.3854166666666667,0.16666666666666666,2.466666666666667,8.837837837837839,19.349999999999994,2.1347222222222224,14,43,-4.853236780184382,0.2237678538976581,0.04972222222222223,0.5818899886939884,0.0781852395397287,0.15050142080714835,0.03650272641830577,0.06087772492958252,0.34375,0.32142857142857145,0.575
starlink_24,mappo_realism_transfer,42,17017,192,63,39,90,0.328125,0.203125,2.1,9.031746031746032,18.0,2.3930555555555557,17,57,-8.121842262305096,0.24010000323071098,0.05558641975308642,0.5929644969198996,0.11686459495670022,0.13073560268993703,0.03810978022809977,0.08057489752536191,0.3176470588235294,0.35714285714285715,0.2972972972972973
starlink_24,mappo_realism_transfer,42,17018,192,65,40,87,0.3385416666666667,0.20833333333333334,2.1666666666666665,9.846153846153847,20.799999999999997,2.361111111111111,19,51,-7.941901764846021,0.24446987886823165,0.05478395061728395,0.5752072480853033,0.097468610251118,0.12933263746344242,0.03595543440705527,0.07724415204678363,0.3953488372093023,0.23943661971830985,0.4
starlink_24,mappo_realism_transfer,42,17019,192,70,38,84,0.3645833333333333,0.19791666666666666,2.3333333333333335,8.6,19.549999999999997,2.1680555555555556,14,42,-6.110601374481543,0.22302035179643304,0.050401234567901236,0.600174635393369,0.08593244990303814,0.14891169288228115,0.038518746342393585,0.0785564653211712,0.32967032967032966,0.32142857142857145,0.4888888888888889
starlink_24,mappo_realism_transfer,42,17020,192,65,50,77,0.3385416666666667,0.2604166666666667,2.1666666666666665,9.307692307692308,19.799999999999997,2.313888888888889,13,45,-8.208182881349048,0.2217659822702129,0.053425925925925925,0.5892420354684814,0.08351600469247528,0.12612205003458873,0.035616629959510086,0.09107720281094894,0.3958333333333333,0.2,0.3695652173913043
starlink_24,mappo_realism_transfer,456,17001,192,79,44,69,0.4114583333333333,0.22916666666666666,2.6333333333333333,8.582278481012658,20.099999999999994,2.0527777777777776,10,68,-6.122846418313464,0.23002516216144817,0.04737654320987654,0.5857937558452988,0.13846984070281285,0.16062024877427353,0.03764677624615589,0.08368548003996919,0.4074074074074074,0.37142857142857144,0.4878048780487805
starlink_24,mappo_realism_transfer,456,17002,192,80,43,69,0.4166666666666667,0.22395833333333334,2.6666666666666665,8.1125,17.0,2.0541666666666667,13,53,-5.351388837068058,0.21240001293968191,0.04740740740740741,0.5995214545101405,0.10751819531231295,0.16376412530824294,0.03747225790152393,0.08518946467475881,0.39361702127659576,0.37254901960784315,0.5106382978723404
starlink_24,mappo_realism_transfer,456,17003,192,70,54,68,0.3645833333333333,0.28125,2.3333333333333335,8.085714285714285,19.0,2.125,9,40,-7.127003935985452,0.2022191168489633,0.04895061728395062,0.5823810457814002,0.07702537830246808,0.14446142064563114,0.03740062071628048,0.1038633930855293,0.4166666666666667,0.25,0.4722222222222222
starlink_24,mappo_realism_transfer,456,17004,192,70,39,83,0.3645833333333333,0.203125,2.3333333333333335,8.442857142857143,17.0,2.1305555555555555,11,66,-6.791306231895383,0.23682527432431522,0.049537037037037046,0.5830787599360957,0.128648983885052,0.1440409082088649,0.0376273674233755,0.0751016886736701,0.3333333333333333,0.3275862068965517,0.4878048780487805
starlink_24,mappo_realism_transfer,456,17005,192,73,41,78,0.3802083333333333,0.21354166666666666,2.433333333333333,9.0,16.39999999999999,2.158333333333333,16,59,-5.678162256601324,0.2052662187927672,0.04999999999999998,0.5540861460888415,0.1126607982374236,0.14577053164127468,0.037037423869676275,0.07695120153324488,0.44144144144144143,0.22916666666666666,0.3939393939393939
starlink_24,mappo_realism_transfer,456,17006,192,70,48,74,0.3645833333333333,0.25,2.3333333333333335,8.82857142857143,16.0,2.123611111111111,12,57,-7.366126861657052,0.2254681970117036,0.04910493827160493,0.5479748291390633,0.10880694383016362,0.14228659326569545,0.03731011732201591,0.09253435877274886,0.4065934065934066,0.30357142857142855,0.35555555555555557
starlink_24,mappo_realism_transfer,456,17007,192,61,50,81,0.3177083333333333,0.2604166666666667,2.033333333333333,9.049180327868852,17.0,2.272222222222222,13,35,-8.720606253200955,0.22589393900268398,0.05262345679012345,0.55473709579077,0.06481295149638804,0.11715253671910018,0.03596197299070349,0.0924833734663456,0.3645833333333333,0.24561403508771928,0.3076923076923077
starlink_24,mappo_realism_transfer,456,17008,192,73,38,81,0.3802083333333333,0.19791666666666666,2.433333333333333,8.082191780821917,16.39999999999999,2.1305555555555555,12,40,-5.139282157927965,0.20786601592821766,0.04947530864197531,0.5522054320456857,0.0758862229102167,0.1472972070069593,0.03672943744373479,0.07219341245270038,0.42045454545454547,0.3225806451612903,0.38095238095238093
starlink_24,mappo_realism_transfer,456,17009,192,68,41,83,0.3541666666666667,0.21354166666666666,2.2666666666666666,9.470588235294118,21.65,2.3194444444444446,11,74,-7.262454610689213,0.2229661971547792,0.053734567901234556,0.5613403853183901,0.1426334422657952,0.13501693052389643,0.03650389558566002,0.07892535669238457,0.3490566037735849,0.36363636363636365,0.35714285714285715
starlink_24,mappo_realism_transfer,456,17010,192,62,45,85,0.3229166666666667,0.234375,2.066666666666667,9.17741935483871,18.949999999999996,2.1694444444444443,13,54,-8.02942304399544,0.22119420716687113,0.05046296296296296,0.5711064104637312,0.10031651842023358,0.12290025978493471,0.03720205470414518,0.08549461331582076,0.34,0.3,0.30952380952380953
starlink_24,mappo_realism_transfer,456,17011,192,63,50,79,0.328125,0.2604166666666667,2.1,8.682539682539682,19.799999999999997,2.2055555555555557,11,54,-8.18306995884788,0.22142060998959737,0.05108024691358024,0.5795057164153395,0.1055771990021216,0.12747178188741656,0.03692475430850655,0.09133463400491264,0.34375,0.3090909090909091,0.3170731707317073
starlink_24,mappo_realism_transfer,456,17012,192,74,42,76,0.3854166666666667,0.21875,2.466666666666667,8.986486486486486,19.349999999999994,2.15,16,46,-6.147247443862097,0.2261623940127157,0.04975308641975308,0.5417781053771484,0.08686671744721279,0.14314132046717185,0.03504533683010812,0.07508516910219697,0.3888888888888889,0.3870967741935484,0.375
starlink_24,mappo_realism_transfer,456,17013,192,75,36,81,0.390625,0.1875,2.5,8.906666666666666,17.0,2.1819444444444445,13,51,-5.812180035104759,0.22846055922225794,0.05061728395061728,0.5896741554397915,0.0976840180516651,0.14393608613035855,0.03507578770677181,0.06532266122823398,0.3883495145631068,0.33962264150943394,0.4722222222222222
starlink_24,mappo_realism_transfer,456,17014,192,80,31,81,0.4166666666666667,0.16145833333333334,2.6666666666666665,8.2,20.0,2.0458333333333334,13,43,-3.80705139202972,0.21423883768661417,0.047592592592592596,0.6038654668600631,0.08656432748538011,0.16516390185894828,0.03764033800389028,0.06172657952069717,0.47,0.40350877192982454,0.2857142857142857
starlink_24,mappo_realism_transfer,456,17015,192,72,42,78,0.375,0.21875,2.4,8.944444444444445,18.900000000000006,2.1944444444444446,12,52,-6.197405852477087,0.21989503012905748,0.050802469135802455,0.5814967628321466,0.09912380246745571,0.14409146767118902,0.035932037641322724,0.07632924222320507,0.43529411764705883,0.25,0.425531914893617
starlink_24,mappo_realism_transfer,456,17016,192,73,33,86,0.3802083333333333,0.171875,2.433333333333333,8.712328767123287,18.0,2.1708333333333334,12,58,-5.33947133198786,0.22125732463153558,0.050524691358024704,0.5676299632712731,0.10812858566728534,0.14508955111509295,0.03581600648195668,0.06225704406818958,0.3541666666666667,0.32142857142857145,0.525
starlink_24,mappo_realism_transfer,456,17017,192,64,39,89,0.3333333333333333,0.203125,2.1333333333333333,8.5,16.849999999999994,2.263888888888889,15,85,-7.736574237651211,0.23145110462978832,0.05268518518518519,0.5674264645544904,0.16305579811771762,0.12960074969749893,0.036921458427505764,0.0752210513085126,0.3058823529411765,0.4,0.2702702702702703
starlink_24,mappo_realism_transfer,456,17018,192,64,43,85,0.3333333333333333,0.22395833333333334,2.1333333333333333,9.625,22.849999999999994,2.3291666666666666,16,56,-7.653652097408681,0.22002295267631541,0.05401234567901236,0.5546897556838891,0.10932885727390372,0.12835010004901645,0.036204629720084994,0.08381694873180941,0.4069767441860465,0.23943661971830985,0.34285714285714286
starlink_24,mappo_realism_transfer,456,17019,192,66,46,80,0.34375,0.23958333333333334,2.2,8.621212121212121,19.75,2.175,11,57,-7.340585769415714,0.20869292584854818,0.0504320987654321,0.5941300125482091,0.11337629203728274,0.13750395029806792,0.03778122011028052,0.09239455318789684,0.31868131868131866,0.26785714285714285,0.4888888888888889
starlink_24,mappo_realism_transfer,456,17020,192,67,51,74,0.3489583333333333,0.265625,2.2333333333333334,8.791044776119403,19.099999999999987,2.2055555555555557,11,48,-7.665171160905951,0.20708238834286308,0.05092592592592592,0.5650274984417566,0.08952620521892968,0.12702303143479612,0.03492409363660132,0.09191411944894919,0.3854166666666667,0.2,0.43478260869565216
starlink_24,mappo_realism_transfer,7,17001,192,82,33,77,0.4270833333333333,0.171875,2.7333333333333334,9.073170731707316,20.0,2.2083333333333335,11,26,-4.106035823840798,0.23846334167485164,0.05108024691358025,0.5984512280371125,0.053949883822174846,0.17463930533976973,0.038279996789029526,0.06617791651073386,0.43209876543209874,0.42857142857142855,0.4146341463414634
starlink_24,mappo_realism_transfer,7,17002,192,75,42,75,0.390625,0.21875,2.5,7.56,14.299999999999997,2.1527777777777777,18,30,-4.674864329004601,0.1852825939853469,0.04978395061728395,0.6034188424583856,0.06460182791065143,0.16217499820440995,0.039052492845902835,0.08895077689195335,0.39361702127659576,0.29411764705882354,0.48936170212765956
starlink_24,mappo_realism_transfer,7,17003,192,69,49,74,0.359375,0.2552083333333333,2.3,9.072463768115941,19.599999999999994,2.1694444444444443,15,23,-7.071443501148552,0.21847195509965409,0.050123456790123457,0.6040221707398482,0.04849787868363719,0.14693841346705122,0.03839895062072414,0.09853960095059167,0.42857142857142855,0.2222222222222222,0.4722222222222222
starlink_24,mappo_realism_transfer,7,17004,192,68,36,88,0.3541666666666667,0.1875,2.2666666666666666,8.558823529411764,18.0,2.2680555555555557,14,35,-6.509397228124395,0.2503588926762022,0.052746913580246926,0.5722857574664445,0.06738325042117613,0.1424247238256526,0.03716484693941871,0.06742561059511523,0.3333333333333333,0.3275862068965517,0.43902439024390244
starlink_24,mappo_realism_transfer,7,17005,192,69,46,77,0.359375,0.23958333333333334,2.3,9.333333333333334,17.599999999999994,2.1375,20,19,-6.244259448764379,0.19907887552511305,0.04950617283950617,0.5716660385490335,0.038692126873241424,0.14239648265964053,0.03819410110063181,0.09276334690421377,0.42342342342342343,0.1875,0.3939393939393939
starlink_24,mappo_realism_transfer,7,17006,192,72,39,81,0.375,0.203125,2.4,9.833333333333334,20.900000000000006,2.298611111111111,22,21,-6.529291473307389,0.2492380565630555,0.05320987654320987,0.5738572957896544,0.04159858387799564,0.15044315147643322,0.037965037777159275,0.0786107220666044,0.3956043956043956,0.3392857142857143,0.37777777777777777
starlink_24,mappo_realism_transfer,7,17007,192,63,49,80,0.328125,0.2552083333333333,2.1,9.142857142857142,16.799999999999997,2.213888888888889,16,17,-7.453388903807933,0.20352270771672978,0.05129629629629629,0.5511169104644041,0.033845295428112765,0.1224095331912669,0.03643336772856979,0.0915907657587224,0.3958333333333333,0.21052631578947367,0.3333333333333333
starlink_24,mappo_realism_transfer,7,17008,192,74,42,76,0.3854166666666667,0.21875,2.466666666666667,7.891891891891892,17.0,2.061111111111111,14,12,-5.255525690554017,0.2038777863675773,0.04777777777777777,0.549222790690153,0.021934697855750487,0.1454077406941184,0.036980986012153,0.0804461726210952,0.375,0.3709677419354839,0.42857142857142855
starlink_24,mappo_realism_transfer,7,17009,192,66,47,79,0.34375,0.24479166666666666,2.2,9.181818181818182,19.75,2.275,16,31,-7.291342333766959,0.20899104725447085,0.052623456790123466,0.5699782420322539,0.06023979474830868,0.13292192342114942,0.037309223049927204,0.09251103657837403,0.3490566037735849,0.3181818181818182,0.35714285714285715
starlink_24,mappo_realism_transfer,7,17010,192,61,44,87,0.3177083333333333,0.22916666666666666,2.033333333333333,8.60655737704918,17.0,2.2319444444444443,16,24,-7.499368555077912,0.21449163399228924,0.05191358024691358,0.5757768689034723,0.046674979933493864,0.12268731841487256,0.03758623110851585,0.0843298922439789,0.34,0.26,0.3333333333333333
starlink_24,mappo_realism_transfer,7,17011,192,63,45,84,0.328125,0.234375,2.1,8.746031746031745,18.9,2.3,16,9,-7.136447359328914,0.21360877073353482,0.053333333333333344,0.610915486178717,0.016437908496732028,0.12940753547564693,0.03784886602400317,0.08612859763788556,0.3854166666666667,0.2909090909090909,0.24390243902439024
starlink_24,mappo_realism_transfer,7,17012,192,72,48,72,0.375,0.25,2.4,7.555555555555555,14.900000000000006,2.1083333333333334,16,10,-5.710621794963188,0.198110077558628,0.048703703703703694,0.5522624134515856,0.018677228201222012,0.14429089472046128,0.03601197117813059,0.08964996232411093,0.4111111111111111,0.3709677419354839,0.3
starlink_24,mappo_realism_transfer,7,17013,192,76,38,78,0.3958333333333333,0.19791666666666666,2.533333333333333,8.631578947368421,18.5,2.202777777777778,15,30,-4.58159240174681,0.1963302312920187,0.05098765432098766,0.5791612769986328,0.058031856917305835,0.15088669858406697,0.0360323451352924,0.07212352777368257,0.46601941747572817,0.2641509433962264,0.3888888888888889
starlink_24,mappo_realism_transfer,7,17014,192,80,36,76,0.4166666666666667,0.1875,2.6666666666666665,8.0375,18.049999999999997,1.9625,16,26,-3.4705454828751,0.19802224177099384,0.04558641975308642,0.6143133175309201,0.05466123673941012,0.16923162134849443,0.03838133567927296,0.07172750094189721,0.48,0.3157894736842105,0.4
starlink_24,mappo_realism_transfer,7,17015,192,73,40,79,0.3802083333333333,0.20833333333333334,2.433333333333333,9.04109589041096,18.799999999999983,2.2180555555555554,17,14,-5.454582551676063,0.2260129683991593,0.051358024691358035,0.6077829735233099,0.028468720821662,0.1533380554200988,0.037820696491108016,0.0755710149556899,0.47058823529411764,0.2,0.44680851063829785
starlink_24,mappo_realism_transfer,7,17016,192,73,28,91,0.3802083333333333,0.14583333333333334,2.433333333333333,8.58904109589041,18.0,2.225,16,24,-4.202441260146595,0.2204178277925964,0.05188271604938272,0.5908556092567399,0.044314872147689484,0.1522927117315662,0.03733790491955673,0.055530236161041115,0.3645833333333333,0.35714285714285715,0.45
starlink_24,mappo_realism_transfer,7,17017,192,64,46,82,0.3333333333333333,0.23958333333333334,2.1333333333333333,7.859375,14.0,2.2597222222222224,17,26,-7.619336258969681,0.21646561433801906,0.05237654320987654,0.6307757778959532,0.05481949279936896,0.14510783463182844,0.04155917924085451,0.10381465069158567,0.35294117647058826,0.35714285714285715,0.24324324324324326
starlink_24,mappo_realism_transfer,7,17018,192,67,40,85,0.3489583333333333,0.20833333333333334,2.2333333333333334,9.029850746268657,18.0,2.3069444444444445,22,28,-7.07081934021651,0.23149688938873367,0.053518518518518514,0.57153907923777,0.055144683604435925,0.13278413007128176,0.03612194355051266,0.07757774747325831,0.3488372093023256,0.30985915492957744,0.42857142857142855
starlink_24,mappo_realism_transfer,7,17019,192,73,35,84,0.3802083333333333,0.18229166666666666,2.433333333333333,9.095890410958905,19.39999999999999,2.2,17,13,-5.346373033676598,0.23458400550392186,0.05111111111111111,0.6288116061806475,0.02802978883861237,0.1603282338576456,0.03938372980887,0.07548525820584645,0.34065934065934067,0.30357142857142855,0.5555555555555556
starlink_24,mappo_realism_transfer,7,17020,192,63,52,77,0.328125,0.2708333333333333,2.1,9.396825396825397,17.0,2.313888888888889,15,32,-8.299173690511465,0.21103280020937848,0.05342592592592591,0.5629779357531679,0.06114159991481973,0.1214248038396645,0.03576982227586718,0.09680604698019558,0.375,0.22,0.34782608695652173
starlink_24,mappo_realism_transfer,789,17001,192,82,40,70,0.4270833333333333,0.20833333333333334,2.7333333333333334,8.792682926829269,18.0,2.120833333333333,12,35,-4.544679356192761,0.2225136737582353,0.04891975308641976,0.5943491583282772,0.07373718258006184,0.17191604877750385,0.038336927656599844,0.07782794404311431,0.49382716049382713,0.35714285714285715,0.4146341463414634
starlink_24,mappo_realism_transfer,789,17002,192,78,34,80,0.40625,0.17708333333333334,2.6,8.205128205128204,17.0,2.186111111111111,15,24,-3.708170046156793,0.20587813564252325,0.050679012345679,0.6220936829727749,0.050410352175058064,0.16811784677883748,0.03808397977743984,0.06866008976690091,0.425531914893617,0.3333333333333333,0.44680851063829785
starlink_24,mappo_realism_transfer,789,17003,192,71,47,74,0.3697916666666667,0.24479166666666666,2.3666666666666667,9.366197183098592,21.5,2.2569444444444446,12,37,-7.008667010913707,0.22784132176224006,0.05206790123456788,0.5986299283822033,0.07701563958916899,0.15271828389475448,0.03821027063496629,0.09523800545859369,0.4880952380952381,0.2222222222222222,0.3888888888888889
starlink_24,mappo_realism_transfer,789,17004,192,72,33,87,0.375,0.171875,2.4,8.375,19.0,2.2222222222222223,15,31,-4.982389911208397,0.22793168214368648,0.051697530864197545,0.6161228827113531,0.06811561804208863,0.16098715554597906,0.03964705637803796,0.06978207522325171,0.3655913978494624,0.3448275862068966,0.43902439024390244
starlink_24,mappo_realism_transfer,789,17005,192,72,36,84,0.375,0.1875,2.4,9.569444444444445,18.450000000000003,2.245833333333333,18,17,-5.273809142098879,0.22281764563568254,0.05212962962962963,0.5796715217222647,0.03516067538126362,0.15316593537181772,0.039021261700454155,0.07435137302784361,0.4594594594594595,0.20833333333333334,0.3333333333333333
starlink_24,mappo_realism_transfer,789,17006,192,68,41,83,0.3541666666666667,0.21354166666666666,2.2666666666666666,9.264705882352942,19.65,2.2569444444444446,19,25,-6.258630289599115,0.22462419246821597,0.05234567901234567,0.5716218496306316,0.049299724613192104,0.14546681861310343,0.03808264378577327,0.08111175846856962,0.3956043956043956,0.25,0.4
starlink_24,mappo_realism_transfer,789,17007,192,64,48,80,0.3333333333333333,0.25,2.1333333333333333,9.3125,17.849999999999994,2.265277777777778,16,16,-7.549515763787129,0.21912179952764374,0.052438271604938275,0.5876290118952189,0.03104939636673383,0.13106037151702785,0.037780066132042954,0.09197403230297967,0.375,0.21052631578947367,0.41025641025641024
starlink_24,mappo_realism_transfer,789,17008,192,74,35,83,0.3854166666666667,0.18229166666666666,2.466666666666667,8.432432432432432,19.0,2.1902777777777778,14,32,-4.6541953548212724,0.20772782400000372,0.05086419753086421,0.5674635541808766,0.06381163284027061,0.15253113616116715,0.03729361831339559,0.06927244582043343,0.4431818181818182,0.3064516129032258,0.38095238095238093
starlink_24,mappo_realism_transfer,789,17009,192,69,35,88,0.359375,0.18229166666666666,2.3,9.898550724637682,20.599999999999994,2.3847222222222224,18,24,-5.574789401568241,0.21323614527742366,0.05533950617283951,0.590267975419827,0.049417190852949364,0.14333359637152207,0.0376930531677,0.07115310744180711,0.3867924528301887,0.29545454545454547,0.35714285714285715
starlink_24,mappo_realism_transfer,789,17010,192,66,40,86,0.34375,0.20833333333333334,2.2,8.878787878787879,16.75,2.2402777777777776,14,39,-7.007967056497043,0.23320805916607887,0.05206790123456791,0.5882698017333456,0.07592121643979229,0.13813474021678357,0.038032816882972866,0.07859574850673921,0.36,0.32,0.3333333333333333
starlink_24,mappo_realism_transfer,789,17011,192,66,47,79,0.34375,0.24479166666666666,2.2,9.075757575757576,17.75,2.272222222222222,13,20,-6.946335169971855,0.21381868671002122,0.05256172839506173,0.6103271293415233,0.0432358279262304,0.1399330485475996,0.0384049912457239,0.09101107784544316,0.40625,0.2545454545454545,0.3170731707317073
starlink_24,mappo_realism_transfer,789,17012,192,74,38,80,0.3854166666666667,0.19791666666666666,2.466666666666667,9.716216216216216,20.0,2.3041666666666667,18,19,-5.469437372264329,0.23423088183805546,0.05330246913580248,0.5602027070144939,0.03702273689502792,0.151439143358648,0.03619247439832889,0.07063797156289417,0.4,0.3709677419354839,0.375
starlink_24,mappo_realism_transfer,789,17013,192,78,32,82,0.40625,0.16666666666666666,2.6,9.307692307692308,20.0,2.2319444444444443,14,28,-4.488413821886462,0.22419714711408398,0.051759259259259255,0.6092074916590804,0.055980535489049424,0.15947567511035002,0.03678762246714248,0.06358248562582927,0.44660194174757284,0.2830188679245283,0.4722222222222222
starlink_24,mappo_realism_transfer,789,17014,192,78,28,86,0.40625,0.14583333333333334,2.6,8.76923076923077,18.0,2.202777777777778,14,23,-3.3230071070886087,0.22287429240881387,0.051234567901234575,0.6161811378356089,0.049667007828772536,0.17042859144639333,0.03838861013074625,0.05618588168510769,0.47,0.3157894736842105,0.37142857142857144
starlink_24,mappo_realism_transfer,789,17015,192,75,39,78,0.390625,0.203125,2.5,8.786666666666667,19.0,2.2222222222222223,15,19,-5.311134093312299,0.22509417861573308,0.05141975308641975,0.6250518249353844,0.040730236539060063,0.1608533840886782,0.038249228042859754,0.07901921879863054,0.4470588235294118,0.25,0.46808510638297873
starlink_24,mappo_realism_transfer,789,17016,192,70,33,89,0.3645833333333333,0.171875,2.3333333333333335,8.428571428571429,19.0,2.1847222222222222,16,36,-5.063690301723211,0.21397049326998233,0.05092592592592593,0.5914865452902405,0.07071650414142676,0.14723305475627457,0.03719000033169353,0.0657667984177272,0.3333333333333333,0.2857142857142857,0.55
starlink_24,mappo_realism_transfer,789,17017,192,63,38,91,0.328125,0.19791666666666666,2.1,9.174603174603174,19.799999999999997,2.35,21,35,-7.56129067391712,0.23851178619850727,0.0546604938271605,0.6140498450127277,0.07150674889838977,0.13561338372096887,0.039190851586084964,0.0807020946030234,0.32941176470588235,0.37142857142857144,0.24324324324324326
starlink_24,mappo_realism_transfer,789,17018,192,70,40,82,0.3645833333333333,0.20833333333333334,2.3333333333333335,9.32857142857143,19.0,2.3055555555555554,21,22,-6.391917475332092,0.22916140753124378,0.05339506172839507,0.5881177278856957,0.04495331465919701,0.14584759724852606,0.037168247967058324,0.08068119645519027,0.3953488372093023,0.30985915492957744,0.4
starlink_24,mappo_realism_transfer,789,17019,192,72,35,85,0.375,0.18229166666666666,2.4,8.944444444444445,22.450000000000003,2.188888888888889,17,25,-6.046659597817517,0.24751411570388043,0.050895061728395065,0.6309257342109794,0.053860698125404,0.15842359165888584,0.03969347921028535,0.07616913859560918,0.34065934065934067,0.35714285714285715,0.4666666666666667
starlink_24,mappo_realism_transfer,789,17020,192,71,44,77,0.3697916666666667,0.22916666666666666,2.3666666666666667,9.605633802816902,20.0,2.325,14,23,-6.797098019130183,0.22469752069474533,0.05367283950617285,0.5895304486897512,0.04496963405245139,0.13894364178419905,0.03603883343864497,0.08263528510819532,0.4270833333333333,0.2,0.43478260869565216
starlink_24,global_dijkstra,-1,17001,192,80,32,80,0.4166666666666667,0.16666666666666666,2.6666666666666665,8.1125,20.049999999999997,2.2958333333333334,23,0,-2.040544237012194,0.1974942522779678,0.05311728395061728,0.6962861422364882,0.0,0.201973026973027,0.04389903560085383,0.07897879897879898,0.4691358024691358,0.37142857142857144,0.3902439024390244
starlink_24,global_dijkstra,-1,17002,192,78,27,87,0.40625,0.140625,2.6,7.769230769230769,18.14999999999999,2.290277777777778,23,0,-1.943049175389907,0.1964436177820643,0.053209876543209876,0.6867686387075348,0.0,0.1905860805860806,0.04222780101801672,0.06701465201465201,0.39361702127659576,0.35294117647058826,0.48936170212765956
starlink_24,global_dijkstra,-1,17003,192,80,31,81,0.4166666666666667,0.16145833333333334,2.6666666666666665,8.8375,24.0,2.2805555555555554,20,0,-3.134136266087906,0.22011309491083791,0.05280864197530864,0.6649694524432443,0.0,0.19022338772338773,0.04159321179253648,0.0759508547008547,0.47619047619047616,0.3333333333333333,0.4444444444444444
starlink_24,global_dijkstra,-1,17004,192,72,31,89,0.375,0.16145833333333334,2.4,8.680555555555555,22.450000000000003,2.3805555555555555,25,0,-3.2441446794662694,0.2003096100296948,0.05527777777777777,0.6616169136056895,0.0,0.17916604637192873,0.042644791895697774,0.07575612296200532,0.43010752688172044,0.25862068965517243,0.4146341463414634
starlink_24,global_dijkstra,-1,17005,192,78,22,92,0.40625,0.11458333333333333,2.6,8.743589743589743,20.449999999999974,2.3152777777777778,25,0,-1.4070016425001772,0.19982344609266814,0.053919753086419754,0.6561898444015678,0.0,0.18830840727899556,0.04230243391760931,0.055354196457137635,0.4864864864864865,0.2708333333333333,0.3333333333333333
starlink_24,global_dijkstra,-1,17006,192,80,30,82,0.4166666666666667,0.15625,2.6666666666666665,8.9375,22.0,2.3472222222222223,20,0,-2.075464129541638,0.19930755411081819,0.05432098765432099,0.6744440337690818,0.0,0.19533293503881738,0.04230143091075458,0.07270455851338205,0.4835164835164835,0.23214285714285715,0.5111111111111111
starlink_24,global_dijkstra,-1,17007,192,70,33,89,0.3645833333333333,0.171875,2.3333333333333335,9.014285714285714,19.0,2.4541666666666666,21,0,-4.46772682755915,0.20942275175809968,0.056913580246913585,0.6487635331240591,0.0,0.1645714824391295,0.04157463086355664,0.07703988005458594,0.375,0.24561403508771928,0.5128205128205128
starlink_24,global_dijkstra,-1,17008,192,86,24,82,0.4479166666666667,0.125,2.8666666666666667,8.325581395348838,17.75,2.248611111111111,23,0,-0.21481895198010983,0.19620375142787314,0.05212962962962962,0.6402020578700811,0.0,0.20222969024439613,0.04062278761040335,0.052815036270918624,0.5681818181818182,0.3548387096774194,0.3333333333333333
starlink_24,global_dijkstra,-1,17009,192,75,25,92,0.390625,0.13020833333333334,2.5,8.64,17.599999999999994,2.404166666666667,28,0,-2.2459212636436763,0.19568864795159796,0.055895061728395055,0.6555005537046935,0.0,0.1760238454356102,0.04116320947233386,0.05842032967032965,0.4339622641509434,0.3409090909090909,0.3333333333333333
starlink_24,global_dijkstra,-1,17010,192,64,30,98,0.3333333333333333,0.15625,2.1333333333333333,8.46875,19.849999999999994,2.5069444444444446,21,0,-3.8183376890529925,0.18051990734420736,0.05836419753086419,0.6677871036642907,0.0,0.15880804380804386,0.04289538234696295,0.0733072483072483,0.4,0.18,0.35714285714285715
starlink_24,global_dijkstra,-1,17011,192,71,30,91,0.3697916666666667,0.15625,2.3666666666666667,8.690140845070422,22.0,2.3805555555555555,25,1,-3.195673088123946,0.1979731212141877,0.055339506172839496,0.6815599544382512,0.0027777777777777775,0.1769137806637807,0.04301035353834384,0.07254634254634254,0.4270833333333333,0.2727272727272727,0.36585365853658536
starlink_24,global_dijkstra,-1,17012,192,77,22,93,0.4010416666666667,0.11458333333333333,2.566666666666667,8.7012987012987,22.0,2.3666666666666667,22,0,-2.2243564230331616,0.22128873175900385,0.05509259259259259,0.6540959477915477,0.0,0.18108170424346895,0.04061863001451646,0.050737179487179485,0.4222222222222222,0.3870967741935484,0.375
starlink_24,global_dijkstra,-1,17013,192,77,24,91,0.4010416666666667,0.125,2.566666666666667,8.233766233766234,18.400000000000006,2.379166666666667,23,0,-1.608407872235233,0.20134404682255178,0.05530864197530864,0.6804724502167494,0.0,0.18705656271832743,0.041678808327207384,0.05496031746031746,0.4368932038834951,0.3018867924528302,0.4444444444444444
starlink_24,global_dijkstra,-1,17014,192,90,21,81,0.46875,0.109375,3.0,8.044444444444444,20.099999999999994,2.1416666666666666,20,0,0.5878730021585272,0.2036809504550353,0.04972222222222222,0.6718360539061964,0.0,0.2188480147303677,0.04245716474707729,0.05160610631198866,0.54,0.3684210526315789,0.42857142857142855
starlink_24,global_dijkstra,-1,17015,192,77,30,85,0.4010416666666667,0.15625,2.566666666666667,7.779220779220779,20.0,2.2125,26,0,-2.1981240257038395,0.19240275108499297,0.05141975308641975,0.6822741116390046,0.0,0.18271978021978025,0.04087253721182974,0.06642857142857143,0.4588235294117647,0.3,0.425531914893617
starlink_24,global_dijkstra,-1,17016,192,81,17,94,0.421875,0.08854166666666667,2.7,7.604938271604938,19.0,2.234722222222222,25,0,-0.1884034802053196,0.18960340323264793,0.05219135802469135,0.6583277264683762,0.0,0.18810499413440593,0.04055181318991795,0.04062283032871268,0.4166666666666667,0.35714285714285715,0.525
starlink_24,global_dijkstra,-1,17017,192,66,33,93,0.34375,0.171875,2.2,8.863636363636363,21.75,2.448611111111111,27,0,-5.207435161727633,0.21814023693158377,0.056913580246913585,0.7073463782636964,0.0,0.16761224886224882,0.04349148275818663,0.08502539127539128,0.38823529411764707,0.34285714285714286,0.24324324324324326
starlink_24,global_dijkstra,-1,17018,192,71,29,92,0.3697916666666667,0.15104166666666666,2.3666666666666667,10.183098591549296,22.5,2.488888888888889,25,0,-4.705358709708604,0.2396603492840025,0.057777777777777796,0.6627307431345643,0.0,0.17291694416694417,0.04194861509155963,0.07316433566433567,0.4418604651162791,0.28169014084507044,0.37142857142857144
starlink_24,global_dijkstra,-1,17019,192,78,23,91,0.40625,0.11979166666666667,2.6,9.0,19.14999999999999,2.313888888888889,28,0,-2.9146998365543104,0.23821336411608013,0.053858024691358024,0.6645626019674207,0.0,0.18528430719607192,0.04148385723866369,0.05791042291042291,0.38461538461538464,0.375,0.4888888888888889
starlink_24,global_dijkstra,-1,17020,192,71,33,88,0.3697916666666667,0.171875,2.3666666666666667,9.211267605633802,21.5,2.55,22,0,-3.692179031930388,0.1902546248423977,0.059012345679012354,0.6473233542464563,0.0,0.16579204564498679,0.040652660710125806,0.07419731140319376,0.4479166666666667,0.2,0.391304347826087
starlink_24,full_heuristic,-1,17001,192,26,85,81,0.13541666666666666,0.4427083333333333,0.8666666666666667,6.461538461538462,13.25,2.311111111111111,14,79,-14.206530502139167,0.13454394572790931,0.053487654320987656,0.5308976333024005,0.14376658701349104,0.048085872675655957,0.03564129315550665,0.15349074142804794,0.16049382716049382,0.11428571428571428,0.12195121951219512
starlink_24,full_heuristic,-1,17002,192,22,82,88,0.11458333333333333,0.4270833333333333,0.7333333333333333,7.818181818181818,13.899999999999999,2.5902777777777777,15,71,-14.45675912086839,0.1427589676314933,0.0599074074074074,0.5305728367438589,0.12772477651347622,0.039084580137211715,0.03499469272462121,0.14363726458153703,0.1595744680851064,0.0784313725490196,0.06382978723404255
starlink_24,full_heuristic,-1,17003,192,21,87,84,0.109375,0.453125,0.7,8.428571428571429,21.0,2.6125,14,73,-15.294817154036428,0.1564816221744926,0.060277777777777784,0.5305113578779518,0.12772922180968352,0.03722059611815972,0.03414417421700492,0.14877659436802662,0.15476190476190477,0.06944444444444445,0.08333333333333333
starlink_24,full_heuristic,-1,17004,192,40,63,89,0.20833333333333334,0.328125,1.3333333333333333,8.525,16.14999999999999,2.4180555555555556,12,61,-11.888324295374913,0.19477767556755007,0.05611111111111112,0.5260301378052643,0.10860525124457013,0.07232976417573941,0.03469681074775677,0.11173834765166037,0.27956989247311825,0.1206896551724138,0.17073170731707318
starlink_24,full_heuristic,-1,17005,192,29,63,100,0.15104166666666666,0.328125,0.9666666666666667,9.793103448275861,18.599999999999998,2.6708333333333334,13,43,-11.96919717071609,0.16474050804439272,0.062067901234567895,0.5075236127330526,0.07323724468175269,0.05177459326941088,0.03413886065507983,0.10965695012774027,0.18018018018018017,0.0625,0.18181818181818182
starlink_24,full_heuristic,-1,17006,192,38,69,85,0.19791666666666666,0.359375,1.2666666666666666,11.0,21.299999999999997,2.575,13,64,-12.842863440529289,0.1957856011100301,0.059475308641975304,0.5022885686739845,0.11465933662141091,0.06815597743616321,0.03435151081939914,0.12222283979636922,0.21978021978021978,0.17857142857142858,0.17777777777777778
starlink_24,full_heuristic,-1,17007,192,33,73,86,0.171875,0.3802083333333333,1.1,9.0,20.0,2.566666666666667,14,47,-12.761168361011775,0.16157383465245517,0.05932098765432099,0.5197954157227433,0.08660223605657043,0.06066192851409569,0.035246581254332,0.1324204320218252,0.19791666666666666,0.17543859649122806,0.10256410256410256
starlink_24,full_heuristic,-1,17008,192,26,64,102,0.13541666666666666,0.3333333333333333,0.8666666666666667,7.230769230769231,14.5,2.6375,17,78,-12.449896111462401,0.15819209470287163,0.061388888888888875,0.5042860223357916,0.1363070509355339,0.04548141906601995,0.03398851356198296,0.10878365279495981,0.14772727272727273,0.16129032258064516,0.07142857142857142
starlink_24,full_heuristic,-1,17009,192,21,73,98,0.109375,0.3802083333333333,0.7,9.380952380952381,17.0,2.8194444444444446,15,72,-13.382674132603091,0.14534269542935382,0.06530864197530864,0.49771673755003515,0.12117765609352632,0.035304516555021336,0.03342121415186383,0.12087961773249158,0.12264150943396226,0.045454545454545456,0.14285714285714285
starlink_24,full_heuristic,-1,17010,192,26,67,99,0.13541666666666666,0.3489583333333333,0.8666666666666667,7.730769230769231,18.75,2.5055555555555555,13,53,-12.58293787136685,0.1482080664853033,0.05836419753086419,0.5324896576178408,0.0963975651398252,0.04704518091127999,0.0353639547286875,0.1212786627144212,0.17,0.14,0.047619047619047616
starlink_24,full_heuristic,-1,17011,192,24,77,91,0.125,0.4010416666666667,0.8,8.708333333333334,18.549999999999994,2.513888888888889,13,54,-13.641668424286385,0.1483019480330049,0.058302469135802476,0.5323041725683283,0.09618194302892781,0.04486156425448389,0.03554839919843988,0.13673992009720237,0.1875,0.05454545454545454,0.07317073170731707
starlink_24,full_heuristic,-1,17012,192,22,75,95,0.11458333333333333,0.390625,0.7333333333333333,6.2272727272727275,14.849999999999998,2.5972222222222223,14,38,-13.065654672279033,0.14810309911018588,0.06027777777777778,0.5102501255326459,0.06554291067835959,0.04321738976537738,0.03411699264613052,0.12904299332704905,0.1,0.14516129032258066,0.1
starlink_24,full_heuristic,-1,17013,192,26,73,93,0.13541666666666666,0.3802083333333333,0.8666666666666667,9.038461538461538,19.75,2.7847222222222223,14,54,-13.832399114204229,0.1692894771019253,0.0643827160493827,0.5169735136195207,0.09745511339938585,0.04599824725211723,0.03468290119522966,0.12881207543746245,0.17475728155339806,0.07547169811320754,0.1111111111111111
starlink_24,full_heuristic,-1,17014,192,32,66,94,0.16666666666666666,0.34375,1.0666666666666667,8.9375,21.249999999999996,2.529166666666667,16,84,-13.400445907369441,0.1993152386874534,0.058734567901234574,0.5129201808513132,0.15139610761901784,0.05892704503385618,0.03543524934058788,0.11655898138096281,0.14,0.21052631578947367,0.17142857142857143
starlink_24,full_heuristic,-1,17015,192,26,76,90,0.13541666666666666,0.3958333333333333,0.8666666666666667,8.423076923076923,17.75,2.6055555555555556,13,80,-13.942237742977206,0.16405950673300226,0.06030864197530865,0.5107686992548846,0.1394397293739399,0.046557871952608805,0.03425656020296,0.1315800549353181,0.15294117647058825,0.1,0.14893617021276595
starlink_24,full_heuristic,-1,17016,192,27,58,107,0.140625,0.3020833333333333,0.9,9.074074074074074,18.199999999999996,2.6444444444444444,15,46,-11.948336840418852,0.15867908621283347,0.06169753086419753,0.5067851814565433,0.08216105474619405,0.04820902523688901,0.03441197214048527,0.10805345397063663,0.15625,0.14285714285714285,0.1
starlink_24,full_heuristic,-1,17017,192,31,69,92,0.16145833333333334,0.359375,1.0333333333333334,9.225806451612904,18.0,2.475,13,60,-13.024171893392298,0.1795890652595452,0.05746913580246914,0.5214042788155779,0.10804806132979507,0.054312496928596,0.034316240177634134,0.1200090094517339,0.17647058823529413,0.15714285714285714,0.13513513513513514
starlink_24,full_heuristic,-1,17018,192,29,64,99,0.15104166666666666,0.3333333333333333,0.9666666666666667,10.137931034482758,21.0,2.7569444444444446,12,72,-13.422898351597158,0.19163156003824663,0.06395061728395061,0.5259893193438362,0.12955371941440053,0.051944193147753524,0.033710253068761936,0.11332278817959932,0.1744186046511628,0.14084507042253522,0.11428571428571428
starlink_24,full_heuristic,-1,17019,192,19,79,94,0.09895833333333333,0.4114583333333333,0.6333333333333333,8.473684210526315,14.599999999999987,2.6347222222222224,16,63,-14.611651095314354,0.14166299074336228,0.06108024691358025,0.5460561211368807,0.1127806313913125,0.03369939070790463,0.03510234267063631,0.14162732849652354,0.0989010989010989,0.07142857142857142,0.13333333333333333
starlink_24,full_heuristic,-1,17020,192,24,70,98,0.125,0.3645833333333333,0.8,8.916666666666666,16.699999999999996,2.7805555555555554,14,57,-13.032550101927416,0.1488402027156611,0.06444444444444444,0.531137804062974,0.10147479842139286,0.04272139940096596,0.033981936766964,0.1213292217471784,0.1875,0.08,0.043478260869565216
oneweb_24,mappo_realism_transfer,1024,17001,192,55,67,70,0.2864583333333333,0.3489583333333333,1.8333333333333333,7.963636363636364,16.599999999999994,2.1666666666666665,14,94,-11.936460211960373,0.2343087001591845,0.04993827160493827,0.5579897257481459,0.17071734594954407,0.10259756268270198,0.03421032528612476,0.11772717034713939,0.24691358024691357,0.3,0.34146341463414637
oneweb_24,mappo_realism_transfer,1024,17002,192,49,64,79,0.2552083333333333,0.3333333333333333,1.6333333333333333,8.122448979591837,16.599999999999994,2.2597222222222224,15,78,-11.616755219418772,0.21007037793798747,0.052283950617283956,0.5457988909448948,0.14744837993677,0.09430318033646207,0.03484756463003482,0.11818983733844415,0.22340425531914893,0.19607843137254902,0.3829787234042553
oneweb_24,mappo_realism_transfer,1024,17003,192,47,70,75,0.24479166666666666,0.3645833333333333,1.5666666666666667,8.53191489361702,18.699999999999996,2.2569444444444446,17,75,-12.25843001682148,0.2058083922284258,0.052098765432098765,0.5752681706507692,0.1403473348403689,0.09227566465182563,0.03456464737381062,0.128312754926532,0.32142857142857145,0.1388888888888889,0.2777777777777778
oneweb_24,mappo_realism_transfer,1024,17004,192,52,67,73,0.2708333333333333,0.3489583333333333,1.7333333333333334,8.903846153846153,19.0,2.191666666666667,17,76,-11.173994358108029,0.2095551383142154,0.05058641975308642,0.5378458430125256,0.1342465343394136,0.09675876783461919,0.03375596796829335,0.11597512609509512,0.3548387096774194,0.15517241379310345,0.24390243902439024
oneweb_24,mappo_realism_transfer,1024,17005,192,54,62,76,0.28125,0.3229166666666667,1.8,8.537037037037036,19.69999999999999,2.109722222222222,17,57,-9.61002991369687,0.1896150515866387,0.04885802469135803,0.5172545589410946,0.09976414409463945,0.09874527934512453,0.033552329128175865,0.10704495009061572,0.34234234234234234,0.14583333333333334,0.2727272727272727
oneweb_24,mappo_realism_transfer,1024,17006,192,57,68,67,0.296875,0.3541666666666667,1.9,9.052631578947368,19.39999999999999,2.1625,16,75,-10.75377813359758,0.21423833278361376,0.04975308641975309,0.5572654130052347,0.12853213378132614,0.10480405348927356,0.03315424643983921,0.11463909173913885,0.34065934065934067,0.21428571428571427,0.3111111111111111
oneweb_24,mappo_realism_transfer,1024,17007,192,55,64,73,0.2864583333333333,0.3333333333333333,1.8333333333333333,7.345454545454546,15.599999999999994,2.0319444444444446,18,50,-9.403728159313673,0.17220735923988442,0.04703703703703703,0.5443195290334709,0.0889848600258817,0.09982480711582879,0.03405385899053838,0.11381795993251102,0.28125,0.19298245614035087,0.4358974358974359
oneweb_24,mappo_realism_transfer,1024,17008,192,53,62,77,0.2760416666666667,0.3229166666666667,1.7666666666666666,7.962264150943396,16.0,2.1569444444444446,16,54,-10.139817641502148,0.19631177824297585,0.049938271604938266,0.556771528120663,0.09725387028405602,0.10237577896246627,0.03547090366076869,0.11390403327322833,0.3068181818181818,0.22580645161290322,0.2857142857142857
oneweb_24,mappo_realism_transfer,1024,17009,192,52,63,77,0.2708333333333333,0.328125,1.7333333333333334,8.0,16.0,2.2125,15,70,-10.333624081465766,0.19160964522328736,0.05117283950617284,0.5475364742308587,0.12195997328501702,0.09442078317229748,0.03320906990818535,0.10914061824716016,0.24528301886792453,0.25,0.35714285714285715
oneweb_24,mappo_realism_transfer,1024,17010,192,53,61,78,0.2760416666666667,0.3177083333333333,1.7666666666666666,7.471698113207547,16.0,2.1458333333333335,14,67,-10.087220803281724,0.19142795667649848,0.04972222222222221,0.5446915332375621,0.12356581814012155,0.1020400722142208,0.03516393547168052,0.11320819645897044,0.27,0.28,0.2857142857142857
oneweb_24,mappo_realism_transfer,1024,17011,192,54,66,72,0.28125,0.34375,1.8,8.074074074074074,18.349999999999994,2.0444444444444443,13,87,-11.41556625963566,0.2215329663735012,0.04728395061728396,0.5448424126446765,0.15747416856162985,0.09914791248769575,0.034375433448437326,0.11501897755380727,0.2916666666666667,0.2727272727272727,0.2682926829268293
oneweb_24,mappo_realism_transfer,1024,17012,192,53,68,71,0.2760416666666667,0.3541666666666667,1.7666666666666666,7.283018867924528,18.4,2.216666666666667,10,70,-11.019229021811288,0.210635932644586,0.051080246913580235,0.5030897120003918,0.11584760512392091,0.09313847601773298,0.032211000212313226,0.11269243183716868,0.28888888888888886,0.25806451612903225,0.275
oneweb_24,mappo_realism_transfer,1024,17013,192,60,57,75,0.3125,0.296875,2.0,7.35,14.149999999999991,2.076388888888889,11,63,-8.517937670220997,0.18545984264894025,0.048086419753086425,0.5618311639738749,0.1155265775265102,0.1135306661439048,0.03402552381706355,0.10218631261301876,0.34951456310679613,0.3018867924528302,0.2222222222222222
oneweb_24,mappo_realism_transfer,1024,17014,192,60,59,73,0.3125,0.3072916666666667,2.0,7.9,19.0,2.1555555555555554,15,54,-8.824596876252741,0.18654429855776636,0.04978395061728395,0.5697891680222491,0.09799656598418208,0.11448736405779747,0.034766657822886814,0.10835080124553807,0.39,0.19298245614035087,0.2857142857142857
oneweb_24,mappo_realism_transfer,1024,17015,192,56,62,74,0.2916666666666667,0.3229166666666667,1.8666666666666667,8.071428571428571,17.5,2.15,18,67,-10.92415858922961,0.23598217610838074,0.04969135802469135,0.5559868900134727,0.12545134188710041,0.11102883285158825,0.034989964010354396,0.11313653451811345,0.29411764705882354,0.23333333333333334,0.3617021276595745
oneweb_24,mappo_realism_transfer,1024,17016,192,57,52,83,0.296875,0.2708333333333333,1.9,8.175438596491228,20.199999999999996,2.2430555555555554,18,56,-9.56807179485657,0.2183903142779767,0.05203703703703704,0.5730048716268493,0.09910022382158604,0.10517501790721605,0.034119185930679065,0.09436668394098734,0.23958333333333334,0.32142857142857145,0.4
oneweb_24,mappo_realism_transfer,1024,17017,192,48,66,78,0.25,0.34375,1.6,7.645833333333333,15.0,2.3333333333333335,16,61,-11.998192533436526,0.21896081175593157,0.05388888888888888,0.5552168617480249,0.1129599939390961,0.0872102027945681,0.03342894574876166,0.11541582714957331,0.2,0.3,0.2702702702702703
oneweb_24,mappo_realism_transfer,1024,17018,192,45,71,76,0.234375,0.3697916666666667,1.5,8.644444444444444,21.0,2.1847222222222222,16,62,-11.863970327714748,0.20679586301854275,0.05052469135802468,0.5211135350731989,0.10674745576061366,0.08147869674185464,0.032400292986381495,0.11725329050557881,0.26744186046511625,0.15492957746478872,0.3142857142857143
oneweb_24,mappo_realism_transfer,1024,17019,192,54,69,69,0.28125,0.359375,1.8,7.981481481481482,18.0,2.2305555555555556,16,78,-11.899946023743563,0.22634934460953973,0.051327160493827156,0.5685516198215251,0.14074585974740775,0.10229455285569837,0.03443509220575939,0.12269752850635204,0.21978021978021978,0.19642857142857142,0.5111111111111111
oneweb_24,mappo_realism_transfer,1024,17020,192,50,68,74,0.2604166666666667,0.3541666666666667,1.6666666666666667,8.52,18.099999999999994,2.348611111111111,14,73,-10.958580905785253,0.18191196656531744,0.054104938271604924,0.5538105479900547,0.13451574297162536,0.0953463176257294,0.035177903287904724,0.12249037726978902,0.3333333333333333,0.12,0.2608695652173913
oneweb_24,mappo_realism_transfer,123,17001,192,60,65,67,0.3125,0.3385416666666667,2.0,7.2,15.249999999999986,1.9430555555555555,12,128,-10.71306112112373,0.20263683847663932,0.04487654320987655,0.5606379963917655,0.23547177710490405,0.11217856733336608,0.03465286768294968,0.11814882858226511,0.32098765432098764,0.3,0.3170731707317073
oneweb_24,mappo_realism_transfer,123,17002,192,54,62,76,0.28125,0.3229166666666667,1.8,8.074074074074074,17.049999999999983,2.1083333333333334,13,93,-11.179615138502712,0.2195008316995898,0.04882716049382716,0.5451847717771727,0.17236774534375154,0.10425352597179223,0.035160861790566746,0.11504510868674954,0.24468085106382978,0.21568627450980393,0.425531914893617
oneweb_24,mappo_realism_transfer,123,17003,192,49,65,78,0.2552083333333333,0.3385416666666667,1.6333333333333333,8.10204081632653,16.599999999999994,2.1694444444444443,13,118,-12.332879516455751,0.21924502324006478,0.05024691358024691,0.5551991714223722,0.2194041271479352,0.09508552836339215,0.03466956539236122,0.11947839369665995,0.2976190476190476,0.20833333333333334,0.25
oneweb_24,mappo_realism_transfer,123,17004,192,53,64,75,0.2760416666666667,0.3333333333333333,1.7666666666666666,7.566037735849057,17.4,2.0833333333333335,14,122,-10.87040470932627,0.19235878887552704,0.04824074074074074,0.5233882982528546,0.21886570215130594,0.0994863273694543,0.03419517161851011,0.11541830474880009,0.3225806451612903,0.20689655172413793,0.2682926829268293
oneweb_24,mappo_realism_transfer,123,17005,192,66,59,67,0.34375,0.3072916666666667,2.2,7.954545454545454,19.0,1.8652777777777778,13,81,-7.911001742385372,0.18115788396727947,0.043148148148148144,0.5325564769441008,0.14503831064589576,0.12380386598265855,0.034714407180622166,0.10494831850869003,0.3963963963963964,0.1875,0.3939393939393939
oneweb_24,mappo_realism_transfer,123,17006,192,55,68,69,0.2864583333333333,0.3541666666666667,1.8333333333333333,9.327272727272728,21.299999999999997,2.1708333333333334,12,110,-12.395553649079902,0.24708801130660218,0.05,0.5443981421747129,0.19003562278296426,0.1015891363115081,0.03359975381771825,0.11673423439828742,0.3516483516483517,0.19642857142857142,0.26666666666666666
oneweb_24,mappo_realism_transfer,123,17007,192,55,64,73,0.2864583333333333,0.3333333333333333,1.8333333333333333,7.781818181818182,16.89999999999999,2.0388888888888888,16,100,-10.758223270087546,0.20123428542123553,0.047191358024691356,0.5131198338984427,0.1696536531076846,0.09571241365510444,0.03287590457044833,0.11125729666852292,0.28125,0.21052631578947367,0.41025641025641024
oneweb_24,mappo_realism_transfer,123,17008,192,59,59,74,0.3072916666666667,0.3072916666666667,1.9666666666666666,7.864406779661017,17.19999999999999,2.051388888888889,12,64,-8.641775385667048,0.17705554991844857,0.047499999999999994,0.539746285946998,0.11322908988156663,0.11211486641440202,0.035022060805888135,0.10855535489049423,0.38636363636363635,0.22580645161290322,0.2619047619047619
oneweb_24,mappo_realism_transfer,123,17009,192,55,59,78,0.2864583333333333,0.3072916666666667,1.8333333333333333,8.363636363636363,17.299999999999997,2.2069444444444444,11,100,-10.094647386529894,0.2027081252266943,0.05108024691358024,0.5259893415196072,0.1693849522796891,0.09820382346698137,0.032281424824550826,0.09980975165185693,0.2830188679245283,0.22727272727272727,0.35714285714285715
oneweb_24,mappo_realism_transfer,123,17010,192,53,63,76,0.2760416666666667,0.328125,1.7666666666666666,7.132075471698113,16.0,1.9625,11,92,-10.698865776710688,0.19512777564577347,0.04558641975308641,0.5581424292712569,0.1647593862106246,0.09886984618408766,0.03488597955901789,0.11525846100923501,0.28,0.26,0.2857142857142857
oneweb_24,mappo_realism_transfer,123,17011,192,58,61,73,0.3020833333333333,0.3177083333333333,1.9333333333333333,7.310344827586207,14.149999999999999,2.025,12,99,-10.414222980158126,0.21400618198291366,0.04688271604938272,0.5504682743499809,0.17909622168910097,0.10858729935355321,0.03452715081832511,0.1092421115176533,0.2916666666666667,0.2909090909090909,0.34146341463414637
oneweb_24,mappo_realism_transfer,123,17012,192,61,63,68,0.3177083333333333,0.328125,2.033333333333333,7.950819672131147,18.0,1.9958333333333333,11,96,-10.439570066492065,0.22888281410366312,0.04608024691358024,0.5030421019300031,0.1599012422619234,0.10835126660978053,0.03252529099629466,0.10670210136154408,0.35555555555555557,0.27419354838709675,0.3
oneweb_24,mappo_realism_transfer,123,17013,192,60,56,76,0.3125,0.2916666666666667,2.0,7.466666666666667,16.14999999999999,2.0680555555555555,11,102,-8.951220233293787,0.1936164142100136,0.0479320987654321,0.5240445381844726,0.17691863720501494,0.10939395242413817,0.03270410147209278,0.09707061399785857,0.34951456310679613,0.24528301886792453,0.3055555555555556
oneweb_24,mappo_realism_transfer,123,17014,192,62,55,75,0.3229166666666667,0.2864583333333333,2.066666666666667,7.580645161290323,16.0,2.0375,12,93,-8.301971350866705,0.18618884377996572,0.04722222222222223,0.5326912537964492,0.1669467582354579,0.11817741311549362,0.03397983283617244,0.09953206136255671,0.4,0.22807017543859648,0.2571428571428571
oneweb_24,mappo_realism_transfer,123,17015,192,59,60,73,0.3072916666666667,0.3125,1.9666666666666666,7.322033898305085,18.099999999999994,2.022222222222222,15,98,-9.833281388817959,0.21305375616862463,0.04682098765432099,0.54272348646683,0.17670027583878709,0.11378924213390491,0.03416763503776296,0.10590740847572185,0.3058823529411765,0.26666666666666666,0.3617021276595745
oneweb_24,mappo_realism_transfer,123,17016,192,59,54,79,0.3072916666666667,0.28125,1.9666666666666666,7.864406779661017,17.19999999999999,2.0819444444444444,12,99,-9.764025227441577,0.21920830646899425,0.04833333333333334,0.5347237873983912,0.17295115201848948,0.1071730909269609,0.033480378741705036,0.0952640346409696,0.28125,0.26785714285714285,0.425
oneweb_24,mappo_realism_transfer,123,17017,192,52,65,75,0.2708333333333333,0.3385416666666667,1.7333333333333334,7.115384615384615,13.449999999999996,2.1416666666666666,15,92,-11.514808769495417,0.2083054555731597,0.049537037037037025,0.5430255465109826,0.1687327387095189,0.09733283371828264,0.03429122887053429,0.11953965796845051,0.24705882352941178,0.3,0.2702702702702703
oneweb_24,mappo_realism_transfer,123,17018,192,52,72,68,0.2708333333333333,0.375,1.7333333333333334,8.211538461538462,17.449999999999996,2.0625,13,99,-11.290314853352532,0.1976497291451038,0.047561728395061724,0.5064625599478537,0.1609674301035857,0.09166106009523697,0.03225990115302323,0.11895055232180013,0.32558139534883723,0.18309859154929578,0.3142857142857143
oneweb_24,mappo_realism_transfer,123,17019,192,52,65,75,0.2708333333333333,0.3385416666666667,1.7333333333333334,8.211538461538462,20.0,2.2402777777777776,13,97,-11.374711427084375,0.2087677065027399,0.0517283950617284,0.557484679414756,0.1717601192523793,0.09603958834995986,0.033492262520894184,0.11381804183661769,0.23076923076923078,0.21428571428571427,0.4222222222222222
oneweb_24,mappo_realism_transfer,123,17020,192,50,70,72,0.2604166666666667,0.3645833333333333,1.6666666666666667,7.42,16.099999999999994,2.176388888888889,13,107,-11.589315701044683,0.18668753975004376,0.05021604938271605,0.5406000382393877,0.18541060857052244,0.08735206685822514,0.03339090872770335,0.11983653070878807,0.28125,0.16,0.32608695652173914
oneweb_24,mappo_realism_transfer,2024,17001,192,63,59,70,0.328125,0.3072916666666667,2.1,7.7936507936507935,18.0,1.961111111111111,13,95,-10.010569905988246,0.2170716859432447,0.045370370370370366,0.5717947445578407,0.18639043404136285,0.12399016331678868,0.03607051460485909,0.11511669760121772,0.37037037037037035,0.3,0.2926829268292683
oneweb_24,mappo_realism_transfer,2024,17002,192,57,60,75,0.296875,0.3125,1.9,8.421052631578947,18.0,2.091666666666667,17,95,-11.519770347795799,0.2421781753415871,0.04842592592592592,0.5613711311108517,0.1776341589267286,0.11008497551067208,0.03553119179638447,0.11401315789473682,0.2765957446808511,0.21568627450980393,0.425531914893617
oneweb_24,mappo_realism_transfer,2024,17003,192,53,67,72,0.2760416666666667,0.3489583333333333,1.7666666666666666,8.18867924528302,20.0,2.113888888888889,13,88,-12.020131521586864,0.22679860858747258,0.04882716049382716,0.5623972437413409,0.16468709408253762,0.10373871431634925,0.035386521336591086,0.12478617352271272,0.30952380952380953,0.2222222222222222,0.3055555555555556
oneweb_24,mappo_realism_transfer,2024,17004,192,47,68,77,0.24479166666666666,0.3541666666666667,1.5666666666666667,8.042553191489361,18.699999999999996,2.125,16,109,-11.888922194243591,0.19993480269879627,0.04922839506172839,0.5270940365720367,0.1868740702022436,0.08798243953042716,0.0338525658046098,0.11973764625467412,0.3225806451612903,0.1724137931034483,0.17073170731707318
oneweb_24,mappo_realism_transfer,2024,17005,192,56,57,79,0.2916666666666667,0.296875,1.8666666666666667,7.785714285714286,18.75,2.0055555555555555,17,67,-8.472344912843113,0.17371923838289535,0.046635802469135804,0.5389408831780462,0.12230590774321425,0.10743366698088061,0.03491164639438356,0.10220225809622095,0.35135135135135137,0.10416666666666667,0.36363636363636365
oneweb_24,mappo_realism_transfer,2024,17006,192,55,67,70,0.2864583333333333,0.3489583333333333,1.8333333333333333,8.927272727272728,21.599999999999994,2.1277777777777778,14,80,-11.149978700168113,0.21256848186689214,0.049074074074074076,0.5444623009599863,0.14499378993674997,0.10571497005808486,0.03497815154583854,0.12216267621217816,0.37362637362637363,0.16071428571428573,0.26666666666666666
oneweb_24,mappo_realism_transfer,2024,17007,192,57,64,71,0.296875,0.3333333333333333,1.9,7.684210526315789,16.0,2.0027777777777778,17,79,-9.95447279039494,0.1897766643960437,0.04632716049382716,0.5315111833268257,0.13544099218634822,0.10237097497159417,0.03367619437197476,0.11305619031238227,0.3229166666666667,0.21052631578947367,0.358974358974359
oneweb_24,mappo_realism_transfer,2024,17008,192,56,59,77,0.2916666666666667,0.3072916666666667,1.8666666666666667,7.5,16.0,2.0305555555555554,15,66,-8.990961768698346,0.17687171151229822,0.047129629629629625,0.5298300297229129,0.12024008141268203,0.10643105561449212,0.034910553283025836,0.10873167352656517,0.3977272727272727,0.1935483870967742,0.21428571428571427
oneweb_24,mappo_realism_transfer,2024,17009,192,54,60,78,0.28125,0.3125,1.8,8.24074074074074,18.0,2.1791666666666667,12,97,-10.226712165881699,0.20389064825133305,0.05046296296296295,0.5260359417314812,0.16161928514095694,0.09827331809916948,0.03281456403514846,0.10248355775058561,0.27358490566037735,0.22727272727272727,0.35714285714285715
oneweb_24,mappo_realism_transfer,2024,17010,192,56,61,75,0.2916666666666667,0.3177083333333333,1.8666666666666667,7.803571428571429,18.25,1.9736111111111112,14,63,-9.824665810672903,0.19413883729627987,0.04580246913580246,0.5592075820467044,0.11105042202952418,0.10457534209856191,0.034621447620480264,0.11213287228767105,0.33,0.24,0.2619047619047619
oneweb_24,mappo_realism_transfer,2024,17011,192,59,60,73,0.3072916666666667,0.3125,1.9666666666666666,8.305084745762711,19.0,2.0708333333333333,13,78,-10.143100071430151,0.22103071413175177,0.04790123456790123,0.5565019533420833,0.14261578878064948,0.11322532701789667,0.03488505746604317,0.10877021456355823,0.3333333333333333,0.2727272727272727,0.2926829268292683
oneweb_24,mappo_realism_transfer,2024,17012,192,60,60,72,0.3125,0.3125,2.0,7.783333333333333,18.0,1.9694444444444446,13,78,-9.547774379147567,0.21645788693771678,0.04561728395061728,0.5088751966281791,0.13027697953646936,0.10719762048473852,0.03222961092048486,0.09976839809034586,0.35555555555555557,0.25806451612903225,0.3
oneweb_24,mappo_realism_transfer,2024,17013,192,64,56,72,0.3333333333333333,0.2916666666666667,2.1333333333333333,7.65625,17.69999999999999,1.9680555555555554,11,84,-8.702761932952749,0.2061608251500626,0.04558641975308642,0.5392170037495309,0.1485684774337352,0.119987327717675,0.03357024209695258,0.10022216942159058,0.3883495145631068,0.24528301886792453,0.3055555555555556
oneweb_24,mappo_realism_transfer,2024,17014,192,63,55,74,0.328125,0.2864583333333333,2.1,7.9523809523809526,17.799999999999997,2.0236111111111112,15,83,-8.530821758230104,0.19881325729244922,0.046882716049382704,0.5502492817759723,0.14906031790706714,0.1206000230419735,0.034059086236756256,0.10049922042182104,0.39,0.19298245614035087,0.37142857142857144
oneweb_24,mappo_realism_transfer,2024,17015,192,64,58,70,0.3333333333333333,0.3020833333333333,2.1333333333333333,7.78125,18.849999999999994,1.9666666666666666,15,88,-9.549710836423925,0.2335517337307923,0.045493827160493834,0.5495869657231164,0.1576440972454905,0.12160417254457498,0.03408325653921051,0.10084470125104801,0.35294117647058826,0.2833333333333333,0.3617021276595745
oneweb_24,mappo_realism_transfer,2024,17016,192,50,57,85,0.2604166666666667,0.296875,1.6666666666666667,8.48,18.549999999999997,2.216666666666667,17,97,-10.899376972480407,0.21637496422682542,0.05151234567901234,0.5347916513421824,0.16573946952749619,0.08946160845356563,0.03289307834185713,0.09736728750626987,0.2604166666666667,0.25,0.275
oneweb_24,mappo_realism_transfer,2024,17017,192,48,66,78,0.25,0.34375,1.6,7.4375,15.299999999999997,2.202777777777778,17,92,-11.756884231148565,0.1992808204001342,0.050987654320987646,0.5325440481931489,0.16561826990232564,0.08839266913570319,0.033746070830436535,0.11942893478497194,0.24705882352941178,0.24285714285714285,0.2702702702702703
oneweb_24,mappo_realism_transfer,2024,17018,192,51,69,72,0.265625,0.359375,1.7,8.098039215686274,20.5,2.051388888888889,17,77,-11.068897515832615,0.19832086054507383,0.04743827160493828,0.5282009057870146,0.12997460041964687,0.09244443422075,0.03275620544864149,0.11774500496636718,0.32558139534883723,0.15492957746478872,0.34285714285714286
oneweb_24,mappo_realism_transfer,2024,17019,192,53,64,75,0.2760416666666667,0.3333333333333333,1.7666666666666666,8.075471698113208,20.199999999999996,2.2083333333333335,14,90,-10.894426511378814,0.20428056581407164,0.05101851851851851,0.5398054766702552,0.16027221202143802,0.09870361349463515,0.0337537514719682,0.11302451576058387,0.26373626373626374,0.19642857142857142,0.4
oneweb_24,mappo_realism_transfer,2024,17020,192,50,72,70,0.2604166666666667,0.375,1.6666666666666667,7.8,17.0,2.1638888888888888,13,87,-11.932678649347032,0.19384735512483908,0.04987654320987655,0.5519869348932784,0.15385121958651374,0.08876150151304948,0.03382129012038349,0.12608965094646207,0.3020833333333333,0.16,0.2826086956521739
oneweb_24,mappo_realism_transfer,314,17001,192,59,59,74,0.3072916666666667,0.3072916666666667,1.9666666666666666,7.677966101694915,17.099999999999994,2.026388888888889,16,76,-10.240300161681999,0.21774255857406857,0.04694444444444444,0.5797935637099004,0.14918201266111483,0.11854202499713334,0.03621244533687369,0.11584613557523775,0.3333333333333333,0.2857142857142857,0.2926829268292683
oneweb_24,mappo_realism_transfer,314,17002,192,55,62,75,0.2864583333333333,0.3229166666666667,1.8333333333333333,8.581818181818182,17.299999999999997,2.109722222222222,19,79,-11.7147448336713,0.23771980713975047,0.048827160493827154,0.5614717543423461,0.15088980621488363,0.1086564576347858,0.03656670164141183,0.12052053367455845,0.2553191489361702,0.23529411764705882,0.40425531914893614
oneweb_24,mappo_realism_transfer,314,17003,192,50,69,73,0.2604166666666667,0.359375,1.6666666666666667,7.98,19.549999999999997,2.1166666666666667,15,62,-12.31178708816593,0.2256272208284425,0.048919753086419736,0.5701769970992455,0.1182537115160954,0.09899376394732433,0.0355978114908658,0.12969459218685225,0.2857142857142857,0.2222222222222222,0.2777777777777778
oneweb_24,mappo_realism_transfer,314,17004,192,50,63,79,0.2604166666666667,0.328125,1.6666666666666667,7.9,18.0,2.151388888888889,20,96,-10.743061386476409,0.18721390252179862,0.04987654320987654,0.5507158777759166,0.17332227627893257,0.09578954456276438,0.03478349078799149,0.11467580306976588,0.3333333333333333,0.1724137931034483,0.21951219512195122
oneweb_24,mappo_realism_transfer,314,17005,192,59,56,77,0.3072916666666667,0.2916666666666667,1.9666666666666666,8.288135593220339,19.099999999999994,2.0236111111111112,20,64,-8.527386346593113,0.18648418824691107,0.0469753086419753,0.5420314555204732,0.1197194244523966,0.11282155924570784,0.035147978326145295,0.10208153330444353,0.36036036036036034,0.14583333333333334,0.36363636363636365
oneweb_24,mappo_realism_transfer,314,17006,192,55,63,74,0.2864583333333333,0.328125,1.8333333333333333,8.618181818181819,20.299999999999997,2.140277777777778,18,69,-10.910606456869823,0.2170842896461291,0.04947530864197531,0.5648608742277615,0.1251969384244926,0.10943431024313376,0.03581706501967512,0.12039189210628835,0.3626373626373626,0.19642857142857142,0.24444444444444444
oneweb_24,mappo_realism_transfer,314,17007,192,65,55,72,0.3385416666666667,0.2864583333333333,2.1666666666666665,7.3538461538461535,15.0,1.9013888888888888,18,68,-7.746422038042309,0.17879435773772248,0.044104938271604936,0.5347401219283746,0.12235940415506977,0.11921042207419914,0.034181608507435145,0.10059627492677027,0.3541666666666667,0.2631578947368421,0.41025641025641024
oneweb_24,mappo_realism_transfer,314,17008,192,60,60,72,0.3125,0.3125,2.0,7.133333333333334,16.0,1.9472222222222222,14,68,-8.805840701687321,0.1812513922230325,0.04512345679012345,0.547213538895671,0.12338722623552344,0.11600444590382672,0.035921666384286115,0.1125978958834996,0.3522727272727273,0.24193548387096775,0.3333333333333333
oneweb_24,mappo_realism_transfer,314,17009,192,59,58,75,0.3072916666666667,0.3020833333333333,1.9666666666666666,9.322033898305085,19.299999999999983,2.1416666666666666,18,74,-10.075867842651569,0.22541558664253838,0.049537037037037025,0.5309749622208968,0.12923930257908584,0.10735116634884435,0.033226030514132886,0.1016257090289598,0.29245283018867924,0.22727272727272727,0.42857142857142855
oneweb_24,mappo_realism_transfer,314,17010,192,56,58,78,0.2916666666666667,0.3020833333333333,1.8666666666666667,7.660714285714286,15.75,1.9402777777777778,16,64,-9.52230625420026,0.19240163518200276,0.045154320987654324,0.5679221295923476,0.12357699805068226,0.10993849001588939,0.036331505899680566,0.1118106666868277,0.32,0.24,0.2857142857142857
oneweb_24,mappo_realism_transfer,314,17011,192,57,64,71,0.296875,0.3333333333333333,1.9,7.842105263157895,16.199999999999996,2.058333333333333,15,75,-10.261761618121872,0.20167027421415787,0.047561728395061724,0.5618599158447072,0.14021968661775502,0.1102285909687646,0.03562551803918549,0.11750188244972198,0.3020833333333333,0.2727272727272727,0.3170731707317073
oneweb_24,mappo_realism_transfer,314,17012,192,55,63,74,0.2864583333333333,0.328125,1.8333333333333333,7.236363636363636,18.0,2.022222222222222,14,66,-9.276178931237727,0.1761444199627211,0.046851851851851846,0.5302041853870383,0.11471062696395849,0.10173670617657021,0.033346119322328054,0.10987815970990018,0.32222222222222224,0.24193548387096775,0.275
oneweb_24,mappo_realism_transfer,314,17013,192,62,55,75,0.3229166666666667,0.2864583333333333,2.066666666666667,6.596774193548387,13.949999999999996,1.9986111111111111,12,67,-8.008371441820898,0.1832076556873069,0.04635802469135803,0.5678557993349747,0.125013449835936,0.1199276169531251,0.03489541203330762,0.10061453104460236,0.3300970873786408,0.3584905660377358,0.25
oneweb_24,mappo_realism_transfer,314,17014,192,67,52,73,0.3489583333333333,0.2708333333333333,2.2333333333333334,8.238805970149254,18.0,2.0458333333333334,17,67,-7.768126601911619,0.20407648402639308,0.04734567901234568,0.5605353019450999,0.1291007338607958,0.13543856026441164,0.035613558025165006,0.10121330696021098,0.42,0.21052631578947367,0.37142857142857144
oneweb_24,mappo_realism_transfer,314,17015,192,57,63,72,0.296875,0.328125,1.9,6.894736842105263,15.0,2.001388888888889,20,74,-10.657749471769487,0.2288301233722214,0.04632716049382715,0.5549641348691791,0.1391735103848107,0.1123976986206088,0.03517313740228833,0.1136567159477376,0.2823529411764706,0.25,0.3829787234042553
oneweb_24,mappo_realism_transfer,314,17016,192,55,56,81,0.2864583333333333,0.2916666666666667,1.8333333333333333,7.363636363636363,15.299999999999997,2.0791666666666666,17,100,-9.624076217378278,0.1914359425277977,0.04833333333333333,0.5373071953110327,0.17334355038504318,0.09993656130366993,0.03332994495489206,0.09942031494427508,0.2708333333333333,0.26785714285714285,0.35
oneweb_24,mappo_realism_transfer,314,17017,192,49,67,76,0.2552083333333333,0.3489583333333333,1.6333333333333333,7.183673469387755,12.599999999999994,2.1333333333333333,19,66,-12.202287237070776,0.2187287417560421,0.04938271604938271,0.5513319304464903,0.12176139807331758,0.0923180909790817,0.035105492454339464,0.12507407668011383,0.18823529411764706,0.3142857142857143,0.2972972972972973
oneweb_24,mappo_realism_transfer,314,17018,192,57,68,67,0.296875,0.3541666666666667,1.9,7.87719298245614,17.0,1.9319444444444445,19,66,-10.635329281640503,0.2108953355421132,0.04462962962962964,0.5325748534632051,0.11352949528747079,0.1022403851675961,0.03347728477131515,0.11654079713155634,0.3488372093023256,0.22535211267605634,0.3142857142857143
oneweb_24,mappo_realism_transfer,314,17019,192,49,66,77,0.2552083333333333,0.34375,1.6333333333333333,7.448979591836735,16.0,2.3027777777777776,17,78,-11.485333215483452,0.20536051869600827,0.05317901234567901,0.5546813932235813,0.1405857167428375,0.09364571559618,0.03406308103702587,0.11762027618064767,0.23076923076923078,0.19642857142857142,0.37777777777777777
oneweb_24,mappo_realism_transfer,314,17020,192,56,69,67,0.2916666666666667,0.359375,1.8666666666666667,7.678571428571429,15.25,2.161111111111111,16,79,-10.734918339084206,0.18260254545947383,0.04972222222222222,0.5634360435968536,0.14520744743234315,0.10346641380411067,0.034830833328753044,0.1267574692473737,0.3541666666666667,0.18,0.2826086956521739
oneweb_24,mappo_realism_transfer,42,17001,192,61,63,68,0.3177083333333333,0.328125,2.033333333333333,7.852459016393443,20.0,2.0194444444444444,13,107,-11.168501573165743,0.22333113615903896,0.046604938271604945,0.5579579184844584,0.20548376345589967,0.11534981716483265,0.035500027970545835,0.12096269299442675,0.3333333333333333,0.32857142857142857,0.2682926829268293
oneweb_24,mappo_realism_transfer,42,17002,192,58,59,75,0.3020833333333333,0.3072916666666667,1.9333333333333333,8.275862068965518,16.299999999999997,2.0388888888888888,15,100,-10.640262865145312,0.21656768513755248,0.04725308641975308,0.5574300031659417,0.1889933780529756,0.11173677658197781,0.03539115862066491,0.113349017969761,0.2872340425531915,0.21568627450980393,0.425531914893617
oneweb_24,mappo_realism_transfer,42,17003,192,53,66,73,0.2760416666666667,0.34375,1.7666666666666666,8.150943396226415,18.0,2.1305555555555555,14,70,-11.500349331965506,0.21586804484180203,0.049228395061728394,0.5724077540921825,0.13518966909261698,0.10315517361670948,0.035271629730482194,0.12329934593681395,0.30952380952380953,0.2222222222222222,0.3055555555555556
oneweb_24,mappo_realism_transfer,42,17004,192,49,65,78,0.2552083333333333,0.3385416666666667,1.6333333333333333,8.53061224489796,19.599999999999994,2.1486111111111112,18,100,-11.736831122931207,0.2158060288705278,0.04978395061728395,0.5301587772978915,0.17085349064619487,0.09173030314435618,0.033878236092226593,0.11424036077690675,0.3010752688172043,0.1724137931034483,0.2682926829268293
oneweb_24,mappo_realism_transfer,42,17005,192,61,55,76,0.3177083333333333,0.2864583333333333,2.033333333333333,7.836065573770492,19.0,1.9541666666666666,17,70,-7.838228435678584,0.17808661942768508,0.04540123456790124,0.5346737951575289,0.1259722166378513,0.11621651238911299,0.03465350998140855,0.09858626252202105,0.3783783783783784,0.14583333333333334,0.36363636363636365
oneweb_24,mappo_realism_transfer,42,17006,192,50,70,72,0.2604166666666667,0.3645833333333333,1.6666666666666667,7.82,19.0,2.0944444444444446,12,71,-11.371293243325805,0.19045878629112037,0.048395061728395056,0.56240934247028,0.12848311546840957,0.09801680374435791,0.035595338752875426,0.13020239435487113,0.3626373626373626,0.14285714285714285,0.2
oneweb_24,mappo_realism_transfer,42,17007,192,60,65,67,0.3125,0.3385416666666667,2.0,7.716666666666667,15.049999999999997,1.95,17,66,-9.601730108585903,0.19275989492788012,0.04503086419753087,0.5389349441537623,0.11279548954084558,0.1071189560353647,0.03358819820337879,0.11284979196356906,0.34375,0.21052631578947367,0.38461538461538464
oneweb_24,mappo_realism_transfer,42,17008,192,56,62,74,0.2916666666666667,0.3229166666666667,1.8666666666666667,7.696428571428571,17.0,2.025,15,58,-9.35425218733116,0.18315639146146936,0.046913580246913576,0.5244142436313912,0.09927631765093063,0.10420290321993106,0.03436537923316737,0.11189686560429596,0.375,0.20967741935483872,0.23809523809523808
oneweb_24,mappo_realism_transfer,42,17009,192,55,59,78,0.2864583333333333,0.3072916666666667,1.8333333333333333,8.49090909090909,19.0,2.2333333333333334,14,98,-10.089471777264938,0.20627309861919382,0.05166666666666666,0.5261148932116586,0.1644892026916862,0.09981428697036449,0.03249772962399273,0.09978938253756532,0.2830188679245283,0.20454545454545456,0.38095238095238093
oneweb_24,mappo_realism_transfer,42,17010,192,53,64,75,0.2760416666666667,0.3333333333333333,1.7666666666666666,7.547169811320755,18.0,2.011111111111111,15,85,-11.055085812040897,0.20804679333233297,0.046635802469135804,0.5505220320170336,0.15131726747051827,0.09901642016967092,0.03478165917377187,0.11619322140993966,0.28,0.26,0.2857142857142857
oneweb_24,mappo_realism_transfer,42,17011,192,62,56,74,0.3229166666666667,0.2916666666666667,2.066666666666667,8.129032258064516,17.0,2.0416666666666665,13,83,-9.554615507563247,0.22587525192236932,0.04728395061728395,0.5477967764232203,0.1500262949411556,0.1185299712041198,0.034998120866571045,0.10177998243013721,0.3125,0.34545454545454546,0.3170731707317073
oneweb_24,mappo_realism_transfer,42,17012,192,59,61,72,0.3072916666666667,0.3177083333333333,1.9666666666666666,7.271186440677966,17.19999999999999,1.9583333333333333,13,75,-9.11483657871965,0.19276368877800773,0.045370370370370366,0.5201641677706339,0.12640771331762715,0.106284681944091,0.03260011938381637,0.10338964669611458,0.3333333333333333,0.27419354838709675,0.3
oneweb_24,mappo_realism_transfer,42,17013,192,64,56,72,0.3333333333333333,0.2916666666666667,2.1333333333333333,7.875,17.849999999999994,2.0416666666666665,14,82,-8.648579680327478,0.206885974950879,0.047222222222222214,0.5381854142681356,0.14142979659098923,0.11843746933732126,0.033136280177991334,0.09753952326371224,0.36893203883495146,0.3018867924528302,0.2777777777777778
oneweb_24,mappo_realism_transfer,42,17014,192,64,57,71,0.3333333333333333,0.296875,2.1333333333333333,7.640625,15.849999999999994,2.0208333333333335,13,73,-8.051768413051153,0.18568550253054802,0.04672839506172839,0.5488681292153055,0.13221956406166932,0.12341927035812485,0.03428821516481103,0.10370152766050598,0.41,0.19298245614035087,0.34285714285714286
oneweb_24,mappo_realism_transfer,42,17015,192,66,57,69,0.34375,0.296875,2.2,8.015151515151516,18.5,1.9819444444444445,14,87,-9.045022332563512,0.23223417357099005,0.045802469135802465,0.551086952988173,0.1567426870315886,0.12812824305336754,0.03383266524210419,0.09952029120827074,0.36470588235294116,0.2833333333333333,0.3829787234042553
oneweb_24,mappo_realism_transfer,42,17016,192,55,54,83,0.2864583333333333,0.28125,1.8333333333333333,8.127272727272727,18.0,2.1444444444444444,16,94,-10.161821427361005,0.2201217301628887,0.049845679012345684,0.5367799230152529,0.16558367286308462,0.10185875413429593,0.033318806539572574,0.09616000413988028,0.3020833333333333,0.25,0.3
oneweb_24,mappo_realism_transfer,42,17017,192,54,60,78,0.28125,0.3125,1.8,7.925925925925926,16.69999999999999,2.1944444444444446,17,71,-10.765580910886218,0.21570075976886224,0.05080246913580246,0.5481656176367175,0.1281994610709781,0.10112663193932543,0.034362131030041404,0.11043527937490787,0.29411764705882354,0.2714285714285714,0.2702702702702703
oneweb_24,mappo_realism_transfer,42,17018,192,52,68,72,0.2708333333333333,0.3541666666666667,1.7333333333333334,8.653846153846153,18.449999999999996,2.1069444444444443,17,69,-11.033984941938092,0.2088227857045035,0.04867283950617284,0.5301152295332642,0.1167093461520706,0.09447447862308542,0.03284830740862358,0.11467458753836463,0.3372093023255814,0.16901408450704225,0.3142857142857143
oneweb_24,mappo_realism_transfer,42,17019,192,51,68,73,0.265625,0.3541666666666667,1.7,8.215686274509803,19.0,2.2194444444444446,15,88,-11.264536081387892,0.19850402130991399,0.0512037037037037,0.5360688152605202,0.15663801282996329,0.09544132452801182,0.03361035098627752,0.11930234081936868,0.27472527472527475,0.16071428571428573,0.37777777777777777
oneweb_24,mappo_realism_transfer,42,17020,192,52,72,68,0.2708333333333333,0.375,1.7333333333333334,7.826923076923077,17.24999999999998,2.0930555555555554,14,91,-11.552754586243044,0.19074820845003457,0.04824074074074074,0.5616682307479863,0.15995427245040247,0.09378680988201112,0.0339593960804417,0.12588551054495328,0.3125,0.16,0.30434782608695654
oneweb_24,mappo_realism_transfer,456,17001,192,61,64,67,0.3177083333333333,0.3333333333333333,2.033333333333333,7.213114754098361,17.0,1.9430555555555555,11,121,-10.385737096907318,0.20311523120636213,0.044876543209876545,0.5492566348136655,0.2186060057073989,0.11307846178589213,0.034207337837533144,0.1156320479772492,0.32098765432098764,0.3142857142857143,0.3170731707317073
oneweb_24,mappo_realism_transfer,456,17002,192,55,60,77,0.2864583333333333,0.3125,1.8333333333333333,8.218181818181819,18.0,2.15,12,99,-10.702865384754865,0.20790551187029338,0.04978395061728394,0.5485358754009211,0.18451598768162233,0.10631187540243267,0.03521507665402504,0.11318748259537734,0.2765957446808511,0.21568627450980393,0.3829787234042553
oneweb_24,mappo_realism_transfer,456,17003,192,51,70,71,0.265625,0.3645833333333333,1.7,7.666666666666667,17.5,2.1055555555555556,12,100,-11.944358784993717,0.20446139895515628,0.0486111111111111,0.5524035955912364,0.1832182892226303,0.09755231891892276,0.034325013015180775,0.12729156206087824,0.30952380952380953,0.16666666666666666,0.3611111111111111
oneweb_24,mappo_realism_transfer,456,17004,192,51,64,77,0.265625,0.3333333333333333,1.7,7.215686274509804,17.5,2.0791666666666666,13,121,-10.719538823576672,0.18392035597512338,0.04820987654320986,0.51717804139553,0.20907684206058813,0.09418608180605084,0.03360094109762021,0.1131543002634334,0.3118279569892473,0.20689655172413793,0.24390243902439024
oneweb_24,mappo_realism_transfer,456,17005,192,62,59,71,0.3229166666666667,0.3072916666666667,2.066666666666667,8.112903225806452,21.849999999999987,1.925,14,85,-8.483205873873525,0.18379619757122087,0.04459876543209876,0.5270578444245704,0.15213911103229988,0.11560207809046814,0.03426803356351081,0.1039710326939429,0.3783783783783784,0.16666666666666666,0.36363636363636365
oneweb_24,mappo_realism_transfer,456,17006,192,55,71,66,0.2864583333333333,0.3697916666666667,1.8333333333333333,8.4,19.299999999999997,2.063888888888889,11,78,-11.258639572877037,0.21046101914469553,0.04753086419753086,0.5436901523706632,0.13440090453635342,0.10314252984144627,0.0341579145190714,0.12421117367324798,0.34065934065934067,0.19642857142857142,0.28888888888888886
oneweb_24,mappo_realism_transfer,456,17007,192,60,62,70,0.3125,0.3229166666666667,2.0,7.583333333333333,15.049999999999997,1.9972222222222222,15,87,-9.65425816257431,0.19626867250969263,0.04617283950617284,0.5236178617971036,0.1509388053467001,0.10780160628844838,0.033533216198278586,0.10915100250626567,0.2916666666666667,0.22807017543859648,0.48717948717948717
oneweb_24,mappo_realism_transfer,456,17008,192,56,63,73,0.2916666666666667,0.328125,1.8666666666666667,7.464285714285714,15.25,2.05,11,78,-9.553346306682604,0.18046727943385463,0.04743827160493827,0.5312078512108837,0.14072078133997637,0.10502436332157696,0.034735000651998006,0.1126686326802426,0.36363636363636365,0.24193548387096775,0.21428571428571427
oneweb_24,mappo_realism_transfer,456,17009,192,58,60,74,0.3020833333333333,0.3125,1.9333333333333333,8.5,22.0,2.1708333333333334,12,102,-9.931775501398008,0.20311265968128364,0.05015432098765431,0.520228700912389,0.16972954843125798,0.1020230805922016,0.03218776427952318,0.10134083594374346,0.29245283018867924,0.22727272727272727,0.40476190476190477
oneweb_24,mappo_realism_transfer,456,17010,192,53,61,78,0.2760416666666667,0.3177083333333333,1.7666666666666666,7.622641509433962,17.0,2.040277777777778,13,88,-10.148310620909104,0.18606973414221933,0.04737654320987654,0.5494578763898832,0.16022144822841417,0.1010672152351719,0.03495500943624171,0.11297745211444901,0.3,0.22,0.2857142857142857
oneweb_24,mappo_realism_transfer,456,17011,192,59,62,71,0.3072916666666667,0.3229166666666667,1.9666666666666666,7.830508474576271,16.099999999999994,2.076388888888889,10,91,-9.832186705748494,0.20050635813354992,0.04796296296296296,0.5470635467266938,0.16283098752525996,0.10946161824644797,0.03433412686960659,0.10854004999128836,0.3020833333333333,0.2909090909090909,0.34146341463414637
oneweb_24,mappo_realism_transfer,456,17012,192,61,59,72,0.3177083333333333,0.3072916666666667,2.033333333333333,8.37704918032787,19.0,2.077777777777778,11,78,-9.512802049147245,0.2243040823768831,0.04802469135802468,0.48766128147618704,0.12945999295171456,0.10837424152103112,0.03196419195008245,0.09663175164201546,0.3111111111111111,0.27419354838709675,0.4
oneweb_24,mappo_realism_transfer,456,17013,192,58,59,75,0.3020833333333333,0.3072916666666667,1.9333333333333333,6.793103448275862,12.599999999999994,2.0458333333333334,10,72,-9.488161234629757,0.2007643535746012,0.04740740740740739,0.5499772528556548,0.12468921284391064,0.10653515691693775,0.03329167703248077,0.10369366996503891,0.3106796116504854,0.33962264150943394,0.2222222222222222
oneweb_24,mappo_realism_transfer,456,17014,192,63,55,74,0.328125,0.2864583333333333,2.1,7.857142857142857,17.0,2.0527777777777776,13,77,-8.373934897339987,0.19724046431809844,0.047530864197530866,0.5336807475095877,0.1337078319296653,0.11767888572219573,0.03336122187877574,0.09788900784408254,0.39,0.17543859649122806,0.4
oneweb_24,mappo_realism_transfer,456,17015,192,63,59,70,0.328125,0.3072916666666667,2.1,7.619047619047619,16.9,2.0097222222222224,15,99,-8.868561725704087,0.20143771616874875,0.04645061728395062,0.5391649254199694,0.175478967284392,0.11845815222851165,0.033279087267026185,0.10079831196283613,0.35294117647058826,0.26666666666666666,0.3617021276595745
oneweb_24,mappo_realism_transfer,456,17016,192,57,56,79,0.296875,0.2916666666666667,1.9,8.333333333333334,16.199999999999996,2.1777777777777776,14,117,-10.529274682179688,0.2285746319719608,0.05046296296296296,0.5195657576747008,0.19716189798620137,0.10051263594220249,0.0324570454788557,0.09421071618440038,0.2708333333333333,0.26785714285714285,0.4
oneweb_24,mappo_realism_transfer,456,17017,192,48,64,80,0.25,0.3333333333333333,1.6,7.520833333333333,15.949999999999996,2.2222222222222223,16,90,-11.945220260303662,0.21548340810705405,0.051481481481481475,0.5383255212980609,0.16249244806907345,0.08945987778418117,0.034117823736933936,0.1153411734177988,0.2235294117647059,0.2857142857142857,0.24324324324324326
oneweb_24,mappo_realism_transfer,456,17018,192,54,67,71,0.28125,0.3489583333333333,1.8,8.851851851851851,20.049999999999983,2.1152777777777776,14,72,-11.110676485478942,0.22088242178078227,0.048827160493827154,0.5193784684609392,0.11993851421483001,0.09533117890669378,0.03241340869986805,0.11095359996389748,0.3372093023255814,0.19718309859154928,0.3142857142857143
oneweb_24,mappo_realism_transfer,456,17019,192,53,62,77,0.2760416666666667,0.3229166666666667,1.7666666666666666,8.075471698113208,19.4,2.202777777777778,13,101,-10.827169764876698,0.20608492221175834,0.05095679012345678,0.5380673206650577,0.1783457544061259,0.09699178974333773,0.033194591964550386,0.10762177093059445,0.25274725274725274,0.19642857142857142,0.4222222222222222
oneweb_24,mappo_realism_transfer,456,17020,192,51,71,70,0.265625,0.3697916666666667,1.7,7.96078431372549,15.5,2.1777777777777776,12,99,-11.449846705369438,0.18903355008621042,0.050185185185185194,0.5482383372017404,0.17451511717344942,0.09005773298208351,0.03347061703871064,0.11976070285836068,0.3125,0.18,0.2608695652173913
oneweb_24,mappo_realism_transfer,7,17001,192,64,56,72,0.3333333333333333,0.2916666666666667,2.1333333333333333,7.828125,17.849999999999994,1.9430555555555555,15,71,-10.044877650955016,0.24346433085031116,0.04503086419753087,0.5741919242391386,0.13450661911188225,0.1218602470227857,0.03508322455906468,0.10561594408343634,0.30864197530864196,0.37142857142857144,0.3170731707317073
oneweb_24,mappo_realism_transfer,7,17002,192,57,62,73,0.296875,0.3229166666666667,1.9,8.263157894736842,18.0,2.0875,20,71,-10.655365468788704,0.21526550968020705,0.0482716049382716,0.5591415169914599,0.13913322616495988,0.11269627531624435,0.0363669501989338,0.11965555700462822,0.2765957446808511,0.21568627450980393,0.425531914893617
oneweb_24,mappo_realism_transfer,7,17003,192,51,68,73,0.265625,0.3541666666666667,1.7,8.254901960784315,20.5,2.0791666666666666,18,46,-12.070570264350224,0.2301205024225963,0.04808641975308641,0.5529890765093184,0.08923298221672833,0.09856107715240842,0.03544043077585127,0.1270976555264481,0.30952380952380953,0.2222222222222222,0.25
oneweb_24,mappo_realism_transfer,7,17004,192,54,63,75,0.28125,0.328125,1.8,8.574074074074074,19.349999999999994,2.1194444444444445,20,76,-10.237341118304599,0.19662558736734093,0.049043209876543196,0.5476829826324842,0.13796365914786968,0.10432178201915046,0.03459758755171027,0.11410366193260929,0.34408602150537637,0.1896551724137931,0.2682926829268293
oneweb_24,mappo_realism_transfer,7,17005,192,60,57,75,0.3125,0.296875,2.0,8.1,17.0,1.9833333333333334,22,56,-8.451907331293938,0.18953767838036992,0.04601851851851851,0.5304715243111214,0.10152063164447063,0.11379046993598077,0.034451930195607404,0.10308110963683718,0.36936936936936937,0.125,0.3939393939393939
oneweb_24,mappo_realism_transfer,7,17006,192,56,70,66,0.2916666666666667,0.3645833333333333,1.8666666666666667,8.75,19.5,2.0708333333333333,19,62,-11.203423248787214,0.21506408865249582,0.047685185185185185,0.5577726721188276,0.10974048683801005,0.10659385534772531,0.035089065392956906,0.12609432220113334,0.38461538461538464,0.19642857142857142,0.2222222222222222
oneweb_24,mappo_realism_transfer,7,17007,192,65,54,73,0.3385416666666667,0.28125,2.1666666666666665,7.723076923076923,16.799999999999997,1.9583333333333333,19,68,-7.899567433399399,0.1872879258754181,0.04540123456790123,0.5337768557879226,0.1284621587002459,0.1224885153770266,0.034708990451806594,0.10107300765346933,0.3333333333333333,0.2631578947368421,0.46153846153846156
oneweb_24,mappo_realism_transfer,7,17008,192,61,57,74,0.3177083333333333,0.296875,2.033333333333333,7.360655737704918,16.0,1.9666666666666666,17,59,-8.35235761259131,0.1830044815032292,0.04561728395061728,0.5378946845816904,0.1093278949006503,0.11896236947320539,0.035844040552926934,0.10879944960440315,0.375,0.27419354838709675,0.2619047619047619
oneweb_24,mappo_realism_transfer,7,17009,192,56,58,78,0.2916666666666667,0.3020833333333333,1.8666666666666667,8.642857142857142,19.25,2.172222222222222,20,72,-9.715290679269469,0.20323045206242363,0.05030864197530863,0.5365208097435478,0.1270701746940137,0.1045270103706636,0.03359003238828971,0.10349727929449291,0.29245283018867924,0.22727272727272727,0.35714285714285715
oneweb_24,mappo_realism_transfer,7,17010,192,58,58,76,0.3020833333333333,0.3020833333333333,1.9333333333333333,7.879310344827586,18.0,1.9083333333333334,18,55,-9.228156042994145,0.1939583683588772,0.04438271604938272,0.5662915685839097,0.10779641096204565,0.11509486543155274,0.03683788034716591,0.1132290820061718,0.35,0.24,0.2619047619047619
oneweb_24,mappo_realism_transfer,7,17011,192,56,64,72,0.2916666666666667,0.3333333333333333,1.8666666666666667,7.571428571428571,13.5,2.025,15,66,-11.05141124646999,0.22654778278555174,0.046851851851851846,0.5744627151330697,0.12166509931989807,0.10844026659042137,0.0357048717940556,0.1179409326197252,0.2604166666666667,0.32727272727272727,0.3170731707317073
oneweb_24,mappo_realism_transfer,7,17012,192,58,61,73,0.3020833333333333,0.3177083333333333,1.9333333333333333,6.982758620689655,17.299999999999997,1.961111111111111,15,62,-9.012041823989897,0.18298458411769783,0.045462962962962955,0.5246026942729077,0.10936919504643962,0.10881552013517957,0.034018018684085743,0.1104707848051501,0.3333333333333333,0.25806451612903225,0.3
oneweb_24,mappo_realism_transfer,7,17013,192,66,56,70,0.34375,0.2916666666666667,2.2,7.318181818181818,15.0,1.9986111111111111,14,57,-7.885797968120652,0.1977046559560372,0.046203703703703705,0.5680491788595947,0.10425961665899744,0.12754611859875017,0.0347894764706426,0.10107438084218272,0.3592233009708738,0.33962264150943394,0.3055555555555556
oneweb_24,mappo_realism_transfer,7,17014,192,63,53,76,0.328125,0.2760416666666667,2.1,8.412698412698413,18.0,2.151388888888889,20,53,-8.281736162394049,0.2063254004471799,0.04978395061728394,0.5542650835971906,0.1002533294019362,0.1247391763723033,0.03490498685508325,0.10020799547889331,0.39,0.19298245614035087,0.37142857142857144
oneweb_24,mappo_realism_transfer,7,17015,192,59,64,69,0.3072916666666667,0.3333333333333333,1.9666666666666666,6.88135593220339,14.0,2.0430555555555556,19,70,-9.631620560618135,0.2019247549778752,0.0471604938271605,0.5531836536139464,0.13209611509921107,0.1178352098824235,0.03512766979694566,0.11591046652579158,0.29411764705882354,0.26666666666666666,0.3829787234042553
oneweb_24,mappo_realism_transfer,7,17016,192,57,54,81,0.296875,0.28125,1.9,7.666666666666667,15.999999999999979,2.111111111111111,18,80,-9.664650369989596,0.20643080087258783,0.0490432098765432,0.5557498769192808,0.14554056710403454,0.10757742916411646,0.03464598013153417,0.10174840138075432,0.2708333333333333,0.26785714285714285,0.4
oneweb_24,mappo_realism_transfer,7,17017,192,51,65,76,0.265625,0.3385416666666667,1.7,7.03921568627451,14.5,2.0708333333333333,21,52,-11.108133691116732,0.20909690239342402,0.04799382716049383,0.5600627411983049,0.09490957600477726,0.09608051434289824,0.03452535124605906,0.11824973157790494,0.2235294117647059,0.3142857142857143,0.2702702702702703
oneweb_24,mappo_realism_transfer,7,17018,192,54,65,73,0.28125,0.3385416666666667,1.8,8.518518518518519,20.0,2.0680555555555555,19,70,-10.877316274070875,0.21965077423110352,0.0478395061728395,0.5173839753337182,0.12078775402170204,0.09793173677949554,0.03298000745732776,0.11066217722093344,0.36046511627906974,0.2112676056338028,0.22857142857142856
oneweb_24,mappo_realism_transfer,7,17019,192,51,67,74,0.265625,0.3489583333333333,1.7,8.0,18.5,2.227777777777778,18,73,-11.627726683110899,0.2123693660377436,0.05141975308641976,0.5629941076381887,0.13414825871869213,0.0956793740888168,0.03432291950858301,0.11944155732468426,0.2087912087912088,0.19642857142857142,0.4666666666666667
oneweb_24,mappo_realism_transfer,7,17020,192,55,71,66,0.2864583333333333,0.3697916666666667,1.8333333333333333,8.563636363636364,18.599999999999994,2.202777777777778,17,70,-10.854849429291678,0.1896163670115012,0.05061728395061728,0.557285239678977,0.13307233386954748,0.10372849415806071,0.03481181296089937,0.12667546820797596,0.3645833333333333,0.16,0.2608695652173913
oneweb_24,mappo_realism_transfer,789,17001,192,60,62,70,0.3125,0.3229166666666667,2.0,8.033333333333333,18.0,2.0555555555555554,14,89,-11.211594535372809,0.2409789132722364,0.047469135802469135,0.5665937189921498,0.17187225069965006,0.11815588021083376,0.03550397248178596,0.11824656853294623,0.2962962962962963,0.32857142857142857,0.3170731707317073
oneweb_24,mappo_realism_transfer,789,17002,192,54,62,76,0.28125,0.3229166666666667,1.8,7.574074074074074,15.699999999999989,2.0652777777777778,14,76,-10.43791059464291,0.19912148072561325,0.04787037037037037,0.5515544213988187,0.14398735810113517,0.10300293216701882,0.03528309480711151,0.11451860861303585,0.2765957446808511,0.17647058823529413,0.40425531914893614
oneweb_24,mappo_realism_transfer,789,17003,192,51,68,73,0.265625,0.3541666666666667,1.7,8.627450980392156,19.0,2.1930555555555555,16,66,-11.47328419148698,0.20601866072870195,0.05061728395061728,0.5721286192881464,0.1260634168606305,0.10195842398628778,0.035506506612409616,0.12693548525204873,0.3333333333333333,0.18055555555555555,0.2777777777777778
oneweb_24,mappo_realism_transfer,789,17004,192,50,67,75,0.2604166666666667,0.3489583333333333,1.6666666666666667,8.62,20.549999999999997,2.1222222222222222,18,85,-11.75448077992498,0.2157427057597148,0.049104938271604934,0.5407962678342007,0.1471194995807999,0.0947867870004093,0.034417997951436165,0.11970880856329771,0.3333333333333333,0.1724137931034483,0.21951219512195122
oneweb_24,mappo_realism_transfer,789,17005,192,56,58,78,0.2916666666666667,0.3020833333333333,1.8666666666666667,7.767857142857143,18.5,2.013888888888889,18,66,-8.560914494858267,0.17410620686817407,0.04679012345679011,0.5236157885294435,0.12058827624617098,0.10736918797290312,0.03480175826826423,0.10430223843923535,0.34234234234234234,0.125,0.36363636363636365
oneweb_24,mappo_realism_transfer,789,17006,192,54,73,65,0.28125,0.3802083333333333,1.8,8.944444444444445,22.349999999999994,2.1319444444444446,15,66,-11.787668132166717,0.21589486409723904,0.04901234567901234,0.5640017248190006,0.1158071258806553,0.1032904993470009,0.03487486852047165,0.1306747223078492,0.38461538461538464,0.17857142857142858,0.2
oneweb_24,mappo_realism_transfer,789,17007,192,59,64,69,0.3072916666666667,0.3333333333333333,1.9666666666666666,7.813559322033898,16.099999999999994,2.0055555555555555,20,56,-8.954761063017944,0.1663923290460829,0.04632716049382716,0.5371035334201425,0.09801959965272658,0.1053605009255164,0.033889380650271805,0.11452788425311643,0.3645833333333333,0.17543859649122806,0.358974358974359
oneweb_24,mappo_realism_transfer,789,17008,192,56,57,79,0.2916666666666667,0.296875,1.8666666666666667,7.589285714285714,16.5,2.073611111111111,17,62,-8.860708315731552,0.18292811073873255,0.048148148148148155,0.5215414096461333,0.11444452634855114,0.1058561231510148,0.03454512620570678,0.10356250102380132,0.36363636363636365,0.1935483870967742,0.2857142857142857
oneweb_24,mappo_realism_transfer,789,17009,192,54,54,84,0.28125,0.28125,1.8,9.25925925925926,21.0,2.3027777777777776,17,78,-10.141854290651484,0.22059282983463618,0.05339506172839506,0.5338437360311749,0.13618354412472058,0.09889597273498202,0.03293304634765912,0.09431524443908341,0.2641509433962264,0.25,0.35714285714285715
oneweb_24,mappo_realism_transfer,789,17010,192,56,60,76,0.2916666666666667,0.3125,1.8666666666666667,8.267857142857142,19.5,2.077777777777778,17,65,-9.76827830949705,0.1970585965547177,0.04814814814814814,0.5389984024643046,0.11627464526071335,0.10579644025851455,0.03470813065527222,0.11049973003146378,0.32,0.3,0.21428571428571427
oneweb_24,mappo_realism_transfer,789,17011,192,58,59,75,0.3020833333333333,0.3072916666666667,1.9333333333333333,8.10344827586207,17.15,2.111111111111111,17,80,-10.500212118481977,0.23199441361578635,0.04885802469135802,0.559130140492148,0.14636678408737233,0.11120822289165941,0.035164571787665584,0.10631992749252811,0.3020833333333333,0.32727272727272727,0.2682926829268293
oneweb_24,mappo_realism_transfer,789,17012,192,62,58,72,0.3229166666666667,0.3020833333333333,2.066666666666667,7.951612903225806,16.949999999999996,2.047222222222222,15,63,-9.275499465394935,0.21965914460260197,0.04734567901234568,0.5031123431636906,0.10602331921604365,0.11032361057128859,0.03259431445899849,0.09875975961889275,0.28888888888888886,0.3064516129032258,0.425
oneweb_24,mappo_realism_transfer,789,17013,192,58,60,74,0.3020833333333333,0.3125,1.9333333333333333,8.155172413793103,17.0,2.1375,13,72,-10.19608933985355,0.2239772072681732,0.04941358024691357,0.5296956407861008,0.12395565805546963,0.10607373944885722,0.03334305052094159,0.10370702567599863,0.3592233009708738,0.22641509433962265,0.25
oneweb_24,mappo_realism_transfer,789,17014,192,69,48,75,0.359375,0.25,2.3,8.202898550724637,18.19999999999999,2.0722222222222224,19,68,-7.062102734346507,0.19508980861870878,0.047993827160493815,0.5473885465736689,0.12710454649696135,0.13309579567319504,0.03470390694003836,0.09223999541337001,0.44,0.19298245614035087,0.4
oneweb_24,mappo_realism_transfer,789,17015,192,64,59,69,0.3333333333333333,0.3072916666666667,2.1333333333333333,7.71875,18.0,1.9986111111111111,20,79,-9.036839496654695,0.22138973937098552,0.046172839506172826,0.5539728116333481,0.14505007027890324,0.1261437823019126,0.03439100310803033,0.10367057065990298,0.3176470588235294,0.3,0.40425531914893614
oneweb_24,mappo_realism_transfer,789,17016,192,55,55,82,0.2864583333333333,0.2864583333333333,1.8333333333333333,8.709090909090909,19.299999999999997,2.25,20,98,-10.20071057173299,0.21234232410018772,0.05216049382716049,0.5280469513898075,0.17359421393779992,0.10069798655425927,0.03359032056291637,0.09823318484410153,0.3020833333333333,0.25,0.3
oneweb_24,mappo_realism_transfer,789,17017,192,51,63,78,0.265625,0.328125,1.7,8.235294117647058,19.5,2.2125,22,58,-11.32036093659166,0.21922608328883966,0.05120370370370369,0.5533438364778023,0.10468841257927945,0.09614142307640759,0.03417750917245376,0.11487467368659317,0.27058823529411763,0.24285714285714285,0.2972972972972973
oneweb_24,mappo_realism_transfer,789,17018,192,51,67,74,0.265625,0.3489583333333333,1.7,8.784313725490197,19.5,2.1277777777777778,20,62,-10.477875056269088,0.1954918678458597,0.049197530864197536,0.5215730010941999,0.1062055973719724,0.09318752330463193,0.03274766407427323,0.1120572349782203,0.3372093023255814,0.14084507042253522,0.34285714285714286
oneweb_24,mappo_realism_transfer,789,17019,192,53,64,75,0.2760416666666667,0.3333333333333333,1.7666666666666666,7.433962264150943,17.199999999999996,2.2055555555555557,16,75,-10.205489631305841,0.18701027998859032,0.05095679012345679,0.5412368250859088,0.1338790082752931,0.09941366811722846,0.0338129033733231,0.11347691867815707,0.2857142857142857,0.17857142857142858,0.37777777777777777
oneweb_24,mappo_realism_transfer,789,17020,192,54,69,69,0.28125,0.359375,1.8,8.018518518518519,16.0,2.172222222222222,16,88,-10.75417978258345,0.1803856989746831,0.050030864197530854,0.5459111664309655,0.15687640555253965,0.0954878659950002,0.03380283814210257,0.1198456597544631,0.3333333333333333,0.14,0.32608695652173914
oneweb_24,global_dijkstra,-1,17001,192,61,41,90,0.3177083333333333,0.21354166666666666,2.033333333333333,9.852459016393443,23.0,2.5527777777777776,25,0,-8.255246898988375,0.24756375572835357,0.05913580246913581,0.6794717675758312,0.0,0.14590174531351,0.03956988479249234,0.10010091215973568,0.41975308641975306,0.22857142857142856,0.2682926829268293
oneweb_24,global_dijkstra,-1,17002,192,58,34,100,0.3020833333333333,0.17708333333333334,1.9333333333333333,9.948275862068966,22.0,2.651388888888889,34,0,-7.819381804269239,0.24960882634702988,0.061635802469135796,0.6719417789381186,0.0,0.13332112332112334,0.03826233217976858,0.07867521367521366,0.30851063829787234,0.21568627450980393,0.3829787234042553
oneweb_24,global_dijkstra,-1,17003,192,62,42,88,0.3229166666666667,0.21875,2.066666666666667,9.661290322580646,22.949999999999996,2.511111111111111,31,0,-7.216166845285159,0.21761264719332832,0.05814814814814815,0.6492625988803326,0.0,0.13807201513083867,0.03708659264266164,0.09195842012018482,0.4523809523809524,0.16666666666666666,0.3333333333333333
oneweb_24,global_dijkstra,-1,17004,192,52,36,104,0.2708333333333333,0.1875,1.7333333333333334,9.461538461538462,24.0,2.6333333333333333,29,0,-7.791113650523964,0.21262894335538954,0.06135802469135801,0.6402749168032515,0.0,0.11274286300215092,0.03676801915636919,0.07788492882533131,0.3225806451612903,0.1206896551724138,0.36585365853658536
oneweb_24,global_dijkstra,-1,17005,192,67,25,100,0.3489583333333333,0.13020833333333334,2.2333333333333334,9.328358208955224,24.39999999999999,2.5652777777777778,38,0,-4.119696518425872,0.21088662110709186,0.05972222222222221,0.6444888232971839,0.0,0.15356218128276955,0.03858718656233449,0.05873778998778998,0.4144144144144144,0.1875,0.36363636363636365
oneweb_24,global_dijkstra,-1,17006,192,59,39,94,0.3072916666666667,0.203125,1.9666666666666666,9.423728813559322,22.099999999999994,2.629166666666667,30,0,-7.227584138064026,0.21727163599664553,0.06095679012345679,0.6617737372867851,0.0,0.133571278938926,0.037192744589564,0.0860641564318035,0.3516483516483517,0.19642857142857142,0.35555555555555557
oneweb_24,global_dijkstra,-1,17007,192,61,37,94,0.3177083333333333,0.19270833333333334,2.033333333333333,8.868852459016393,20.0,2.5722222222222224,31,0,-6.589392356910068,0.215761913912858,0.05969135802469136,0.6357770213540407,0.0,0.1395253357753358,0.03811340686618329,0.08389652014652015,0.3333333333333333,0.24561403508771928,0.38461538461538464
oneweb_24,global_dijkstra,-1,17008,192,63,32,97,0.328125,0.16666666666666666,2.1,9.492063492063492,20.9,2.6305555555555555,24,0,-5.578387937891982,0.21334907954951293,0.06108024691358025,0.644086322642486,0.0,0.1446936328205678,0.0381396981104767,0.07244882554093082,0.38636363636363635,0.25806451612903225,0.30952380952380953
oneweb_24,global_dijkstra,-1,17009,192,60,31,101,0.3125,0.16145833333333334,2.0,9.266666666666667,21.049999999999997,2.640277777777778,34,3,-6.366689674116666,0.21568754173058682,0.06141975308641975,0.6378775581012877,0.006455026455026454,0.1287386279298044,0.036232252857658014,0.06808745720510426,0.3584905660377358,0.20454545454545456,0.30952380952380953
oneweb_24,global_dijkstra,-1,17010,192,57,33,102,0.296875,0.171875,1.9,9.543859649122806,20.599999999999987,2.6666666666666665,23,0,-6.6187422602598955,0.21103523742438318,0.06203703703703702,0.6490192090149146,0.0,0.1291165996313055,0.0376303437588627,0.07476405946994182,0.37,0.22,0.21428571428571427
oneweb_24,global_dijkstra,-1,17011,192,52,40,100,0.2708333333333333,0.20833333333333334,1.7333333333333334,9.442307692307692,20.89999999999999,2.5944444444444446,28,0,-7.913795861790871,0.206510497099539,0.06037037037037037,0.6756316600336629,0.0,0.12153015285368227,0.03878068742777785,0.09030273647920707,0.3541666666666667,0.12727272727272726,0.2682926829268293
oneweb_24,global_dijkstra,-1,17012,192,63,30,99,0.328125,0.15625,2.1,9.126984126984127,21.0,2.561111111111111,26,1,-5.60960717125805,0.22169551254915718,0.059598765432098764,0.6398442858310875,0.0023809523809523807,0.13878387679858267,0.03645130041952167,0.06353719265483972,0.35555555555555557,0.27419354838709675,0.35
oneweb_24,global_dijkstra,-1,17013,192,67,30,95,0.3489583333333333,0.15625,2.2333333333333334,9.447761194029852,22.0,2.5527777777777776,30,0,-5.234773490617631,0.2314276601641369,0.05929012345679012,0.6444746360971912,0.0,0.15310017596782302,0.0384090480364389,0.06677233713998419,0.42718446601941745,0.24528301886792453,0.2777777777777778
oneweb_24,global_dijkstra,-1,17014,192,67,28,97,0.3489583333333333,0.14583333333333334,2.2333333333333334,9.447761194029852,21.0,2.5541666666666667,22,0,-4.860965213481211,0.22104016357504927,0.05938271604938271,0.6633230188107111,0.0,0.1537209767356826,0.038483112995033486,0.06537358882947117,0.42,0.21052631578947367,0.37142857142857144
oneweb_24,global_dijkstra,-1,17015,192,63,34,95,0.328125,0.17708333333333334,2.1,8.714285714285714,19.9,2.4125,35,0,-6.67376893949373,0.2370771892140551,0.05617283950617282,0.6547554595308245,0.0,0.13480404599986642,0.03534229640581372,0.07052091011843334,0.4,0.21666666666666667,0.3404255319148936
oneweb_24,global_dijkstra,-1,17016,192,59,29,104,0.3072916666666667,0.15104166666666666,1.9666666666666666,9.830508474576272,22.099999999999994,2.6222222222222222,30,1,-6.654360007134327,0.2346933038030608,0.06111111111111111,0.631788993074225,0.0020833333333333333,0.1267311582752759,0.03608540693129983,0.06224400871459695,0.34375,0.21428571428571427,0.35
oneweb_24,global_dijkstra,-1,17017,192,53,41,98,0.2760416666666667,0.21354166666666666,1.7666666666666666,9.867924528301886,21.4,2.6708333333333334,38,0,-9.343936348178927,0.24316674316304146,0.06200617283950618,0.6667571601935329,0.0,0.11395676691729321,0.03625826044440809,0.08815242763772176,0.27058823529411763,0.2571428571428571,0.32432432432432434
oneweb_24,global_dijkstra,-1,17018,192,58,37,97,0.3020833333333333,0.19270833333333334,1.9333333333333333,9.310344827586206,22.299999999999997,2.5277777777777777,34,1,-7.485878913963563,0.22624130199397965,0.058796296296296305,0.6276642085361931,0.00196078431372549,0.12300450094567741,0.03529338793832302,0.07778602174113011,0.36046511627906974,0.2112676056338028,0.34285714285714286
oneweb_24,global_dijkstra,-1,17019,192,62,36,94,0.3229166666666667,0.1875,2.066666666666667,8.774193548387096,21.0,2.5027777777777778,36,1,-6.5301731530459435,0.2134723610490062,0.05814814814814815,0.6472232264766127,0.0018518518518518517,0.13351396969044024,0.03591463469553105,0.07801267088031792,0.3516483516483517,0.25,0.35555555555555557
oneweb_24,global_dijkstra,-1,17020,192,56,39,97,0.2916666666666667,0.203125,1.8666666666666667,9.625,23.5,2.7555555555555555,32,0,-7.3697596160863466,0.2034797465272893,0.06385802469135803,0.6483055264887809,0.0,0.12348937010701717,0.03747570220043995,0.08474655246714069,0.3645833333333333,0.12,0.32608695652173914
oneweb_24,full_heuristic,-1,17001,192,43,78,71,0.22395833333333334,0.40625,1.4333333333333333,7.3023255813953485,16.9,2.026388888888889,9,110,-13.580913153776612,0.20511893396320116,0.046851851851851846,0.527590613542037,0.18471858307384623,0.0729030715872821,0.032445162733621954,0.13147776930671667,0.20987654320987653,0.24285714285714285,0.21951219512195122
oneweb_24,full_heuristic,-1,17002,192,41,78,73,0.21354166666666666,0.40625,1.3666666666666667,8.268292682926829,19.0,2.1680555555555556,9,82,-13.026301455312273,0.18872870790743565,0.05006172839506173,0.5397474621703803,0.13648287385129487,0.06993242911199568,0.03249289904688749,0.13038810260946485,0.2127659574468085,0.13725490196078433,0.2978723404255319
oneweb_24,full_heuristic,-1,17003,192,39,82,71,0.203125,0.4270833333333333,1.3,8.461538461538462,19.1,2.1347222222222224,11,104,-13.411622157542762,0.1826146877538193,0.04925925925925925,0.5273180117918904,0.17276387172301833,0.068281838311452,0.032007717036055636,0.13555515307618551,0.2261904761904762,0.16666666666666666,0.2222222222222222
oneweb_24,full_heuristic,-1,17004,192,38,76,78,0.19791666666666666,0.3958333333333333,1.2666666666666666,7.947368421052632,18.299999999999997,2.220833333333333,9,107,-13.11341232814439,0.19043909615504376,0.05138888888888889,0.5080386986326708,0.17075039765576855,0.06278076096490419,0.031346187037101535,0.12151824541850118,0.21505376344086022,0.1724137931034483,0.1951219512195122
oneweb_24,full_heuristic,-1,17005,192,45,65,82,0.234375,0.3385416666666667,1.5,8.844444444444445,21.0,2.2569444444444446,10,70,-10.878555945676577,0.18501098119551068,0.05231481481481482,0.5083610492250086,0.1129354046590552,0.07534109499380733,0.031290523957461805,0.10494282510637334,0.2702702702702703,0.125,0.2727272727272727
oneweb_24,full_heuristic,-1,17006,192,36,83,73,0.1875,0.4322916666666667,1.2,10.527777777777779,21.75,2.348611111111111,8,90,-14.360346303658067,0.20693965146103163,0.054074074074074066,0.5014095562210236,0.14398528484273537,0.05707569318553299,0.03061340464983508,0.13031566635853883,0.23076923076923078,0.10714285714285714,0.2
oneweb_24,full_heuristic,-1,17007,192,38,80,74,0.19791666666666666,0.4166666666666667,1.2666666666666666,7.605263157894737,17.15,2.1347222222222224,10,61,-12.60029452860256,0.17519491634448572,0.04935185185185184,0.4983757578352797,0.09437044813071195,0.0590929081089264,0.030576224006092247,0.12587497410084567,0.19791666666666666,0.15789473684210525,0.2564102564102564
oneweb_24,full_heuristic,-1,17008,192,41,73,78,0.21354166666666666,0.3802083333333333,1.3666666666666667,7.219512195121951,17.0,2.129166666666667,9,57,-11.61886498138971,0.17081140376805573,0.04935185185185185,0.5142874185014037,0.09191705108181081,0.0693556024448473,0.031804810284645886,0.12136059296242362,0.2727272727272727,0.1774193548387097,0.14285714285714285
oneweb_24,full_heuristic,-1,17009,192,48,73,71,0.25,0.3802083333333333,1.6,9.645833333333334,23.65,2.245833333333333,10,96,-11.88601638279803,0.19209356212198486,0.05172839506172839,0.5191747242057871,0.15744689093306,0.07840504313044358,0.0312974172671064,0.11649888092444291,0.25471698113207547,0.20454545454545456,0.2857142857142857
oneweb_24,full_heuristic,-1,17010,192,39,79,74,0.203125,0.4114583333333333,1.3,7.128205128205129,15.300000000000004,2.0833333333333335,9,77,-12.39714523266162,0.16471650537032653,0.04820987654320987,0.5428603849890005,0.12509800522386336,0.06485573473778482,0.03174226111874277,0.12859268581859104,0.19,0.16,0.2857142857142857
oneweb_24,full_heuristic,-1,17011,192,37,77,78,0.19270833333333334,0.4010416666666667,1.2333333333333334,7.297297297297297,18.39999999999999,2.109722222222222,11,93,-12.049917193472469,0.15371375309538396,0.048919753086419736,0.528054007241798,0.14872148628306928,0.06196601290355496,0.03166475648908493,0.1235151015309852,0.25,0.12727272727272726,0.14634146341463414
oneweb_24,full_heuristic,-1,17012,192,40,77,75,0.20833333333333334,0.4010416666666667,1.3333333333333333,8.75,19.049999999999997,2.223611111111111,12,83,-12.944262842933853,0.20188402997075883,0.051358024691358015,0.5027559038506784,0.12732336715746326,0.06521701431884498,0.03061963498803045,0.1200683898481381,0.2222222222222222,0.12903225806451613,0.3
oneweb_24,full_heuristic,-1,17013,192,51,69,72,0.265625,0.359375,1.7,7.647058823529412,19.5,2.1569444444444446,8,68,-11.115959011293866,0.20454143127840876,0.04978395061728395,0.5174601440925046,0.1132412718225075,0.08536144929737605,0.03116826918087976,0.10968758908690256,0.2621359223300971,0.32075471698113206,0.19444444444444445
oneweb_24,full_heuristic,-1,17014,192,41,78,73,0.21354166666666666,0.40625,1.3666666666666667,7.097560975609756,21.0,2.2708333333333335,9,100,-12.23789438379648,0.16202032665624996,0.052345679012345665,0.5065806292904362,0.16541750569816258,0.06864149866774714,0.031272234105050284,0.1272235763917013,0.24,0.12280701754385964,0.2857142857142857
oneweb_24,full_heuristic,-1,17015,192,48,75,69,0.25,0.390625,1.6,7.854166666666667,18.65,1.9958333333333333,12,100,-11.997065924732246,0.202883441609948,0.04611111111111111,0.5054299055450236,0.15875443968693398,0.07991840602824585,0.030784149441482146,0.11729719280634612,0.3058823529411765,0.2,0.2127659574468085
oneweb_24,full_heuristic,-1,17016,192,38,70,84,0.19791666666666666,0.3645833333333333,1.2666666666666666,7.552631578947368,20.449999999999996,2.248611111111111,9,102,-11.850192188033478,0.17441257089877757,0.052191358024691346,0.4905633186282527,0.16025519166823515,0.06458493197623633,0.030940768308688926,0.11190458293719162,0.17708333333333334,0.17857142857142858,0.275
oneweb_24,full_heuristic,-1,17017,192,36,74,82,0.1875,0.3854166666666667,1.2,7.888888888888889,14.75,2.298611111111111,10,71,-13.199091503012037,0.1974121153415159,0.053240740740740734,0.505417309347316,0.11557415029669034,0.05805027225507775,0.031143652454936117,0.11964731355177577,0.21176470588235294,0.17142857142857143,0.16216216216216217
oneweb_24,full_heuristic,-1,17018,192,31,87,74,0.16145833333333334,0.453125,1.0333333333333334,6.32258064516129,13.5,2.2555555555555555,10,98,-13.107934918683833,0.13943757315403055,0.052037037037037034,0.5183667821092243,0.15513760521197592,0.05092736782668132,0.03077475967115677,0.13588851080269843,0.19767441860465115,0.09859154929577464,0.2
oneweb_24,full_heuristic,-1,17019,192,39,80,73,0.203125,0.4166666666666667,1.3,8.153846153846153,17.0,2.2694444444444444,9,90,-13.549575510303947,0.19762974983622156,0.05231481481481481,0.5087030700157695,0.14572690331709043,0.06390535566097552,0.031150410024599985,0.1284254489882771,0.17582417582417584,0.14285714285714285,0.3333333333333333
oneweb_24,full_heuristic,-1,17020,192,36,84,72,0.1875,0.4375,1.2,8.583333333333334,17.5,2.2819444444444446,10,87,-13.745869745224425,0.1842738230350066,0.05256172839506172,0.5209773247257651,0.14282337376158882,0.05815602081620389,0.030727938572846072,0.1322246464866602,0.19791666666666666,0.12,0.2391304347826087
