scenario,policy,policy_seed,workload_seed,generated,delivered,dropped,backlog,delivery_ratio,drop_rate,throughput_packets_per_slot,average_delay_slots,p95_delay_slots,mean_queue_packets,max_queue_packets,routing_switches,episode_reward,global_delay_cost,global_queue_cost,global_load_imbalance,global_switch_cost,global_throughput_reward,global_control_overhead_ratio,global_drop_cost,class_0_delivery_ratio,class_1_delivery_ratio,class_2_delivery_ratio
exo2,mappo,1024,18001,64,56,0,8,0.875,0.0,1.8666666666666667,3.732142857142857,6.0,0.23472222222222222,2,2,13.691911940867715,0.1707600716363366,0.005339506172839506,0.8738618454130965,0.012222222222222223,0.3681746031746032,0.15089836093253428,0.0,0.9090909090909091,0.8571428571428571,0.8
exo2,mappo,1024,18002,64,57,0,7,0.890625,0.0,1.9,4.140350877192983,7.3999999999999915,0.26944444444444443,3,3,12.051354831749407,0.16833464854264468,0.006080246913580248,0.8557661093311814,0.015873015873015872,0.3387301587301587,0.13798429554107214,0.0,0.9333333333333333,0.8095238095238095,0.9230769230769231
exo2,mappo,1024,18003,64,58,0,6,0.90625,0.0,1.9333333333333333,3.913793103448276,6.0,0.24861111111111112,2,3,12.348106768285815,0.16768463085329396,0.005586419753086421,0.8506246464168649,0.01944444444444444,0.3433333333333334,0.13957987537467736,0.0,0.868421052631579,0.9333333333333333,1.0
exo2,mappo,1024,18004,64,57,0,7,0.890625,0.0,1.9,4.508771929824562,8.599999999999987,0.29583333333333334,4,2,10.11581197779919,0.19113058518961754,0.006666666666666667,0.8375319826855961,0.01111111111111111,0.3164153439153439,0.13197616223648695,0.0,0.9,0.85,0.9285714285714286
exo2,mappo,1024,18005,64,59,0,5,0.921875,0.0,1.9666666666666666,3.7288135593220337,6.0,0.23472222222222222,2,7,12.973680278986572,0.18416958656209179,0.005246913580246914,0.8550075667808934,0.03920634920634921,0.3645238095238096,0.14882465802418166,0.0,0.9714285714285714,0.8947368421052632,0.8
exo2,mappo,1024,18006,64,58,0,6,0.90625,0.0,1.9333333333333333,3.913793103448276,6.0,0.24861111111111112,3,1,13.60803983250987,0.18283013751184446,0.00558641975308642,0.8659856797318954,0.006666666666666667,0.371984126984127,0.15135751597088368,0.0,0.9629629629629629,0.8888888888888888,0.8
exo2,mappo,1024,18007,64,57,2,5,0.890625,0.03125,1.9,3.9649122807017543,6.0,0.28194444444444444,3,3,11.090551654940334,0.17259516527011176,0.006296296296296296,0.8434160879928918,0.014484126984126985,0.33206349206349206,0.1383055171830221,0.00787037037037037,0.9166666666666666,0.8125,0.9166666666666666
exo2,mappo,1024,18008,64,55,0,9,0.859375,0.0,1.8333333333333333,3.981818181818182,6.299999999999997,0.25555555555555554,2,1,11.02893167157849,0.18948693385454174,0.005833333333333334,0.8614820268103219,0.004166666666666667,0.3315079365079364,0.14249680761016148,0.0,0.8695652173913043,0.92,0.75
exo2,mappo,1024,18009,64,58,0,6,0.90625,0.0,1.9333333333333333,4.327586206896552,7.0,0.2833333333333333,2,7,9.571841830814263,0.19999811999273545,0.006358024691358025,0.8355198237931348,0.03702380952380953,0.31400793650793646,0.12913194625500346,0.0,0.8536585365853658,1.0,1.0
exo2,mappo,1024,18010,64,58,0,6,0.90625,0.0,1.9333333333333333,3.9482758620689653,7.0,0.25277777777777777,3,1,14.827945731685086,0.1621154753560528,0.005679012345679012,0.8574640500067556,0.006666666666666667,0.38166666666666665,0.15330052043892178,0.0,0.875,1.0,0.8666666666666667
exo2,mappo,1024,18011,64,57,0,7,0.890625,0.0,1.9,3.5964912280701755,6.0,0.22361111111111112,2,3,14.760019608277593,0.14504780840700046,0.005061728395061729,0.8709956551526349,0.020000000000000004,0.37373015873015875,0.1526290721275091,0.0,0.8571428571428571,0.9473684210526315,0.9
exo2,mappo,1024,18012,64,60,0,4,0.9375,0.0,2.0,3.933333333333333,6.0,0.25416666666666665,2,0,14.133678939964076,0.15762451966858013,0.005648148148148149,0.8578749004502093,0.0,0.3667063492063492,0.14359538848442857,0.0,0.9696969696969697,0.8947368421052632,0.9166666666666666
exo2,mappo,1024,18013,64,55,0,9,0.859375,0.0,1.8333333333333333,3.7636363636363637,6.0,0.24027777777777778,3,2,13.576002515374059,0.17029459272042438,0.005493827160493827,0.8719034509877865,0.015000000000000001,0.3661904761904762,0.14967535654219152,0.0,0.8387096774193549,0.8888888888888888,0.8666666666666667
exo2,mappo,1024,18014,64,58,0,6,0.90625,0.0,1.9333333333333333,3.8620689655172415,6.0,0.24861111111111112,3,2,13.419132617307167,0.1817895095501464,0.00558641975308642,0.8818278025008157,0.009523809523809523,0.3693650793650794,0.1507955064579422,0.0,0.96,0.9583333333333334,0.7333333333333333
exo2,mappo,1024,18015,64,58,0,6,0.90625,0.0,1.9333333333333333,4.706896551724138,7.599999999999994,0.3138888888888889,3,3,9.13418509954097,0.20309838802346072,0.007037037037037038,0.8384713556254649,0.013227513227513227,0.3061904761904762,0.12687459868447176,0.0,0.9,0.8695652173913043,1.0
exo2,mappo,123,18001,64,56,0,8,0.875,0.0,1.8666666666666667,3.9464285714285716,6.25,0.2513888888888889,3,4,11.43074579089986,0.19011071823983136,0.005709876543209877,0.8564898665822693,0.02063492063492063,0.33984126984126983,0.14203089726267393,0.0,0.9090909090909091,0.8571428571428571,0.8
exo2,mappo,123,18002,64,57,0,7,0.890625,0.0,1.9,4.157894736842105,7.3999999999999915,0.2708333333333333,3,2,11.971665010574911,0.1755797214033059,0.0061111111111111106,0.8548817150113557,0.01111111111111111,0.3405687830687831,0.13903061769516561,0.0,0.9333333333333333,0.8095238095238095,0.9230769230769231
exo2,mappo,123,18003,64,56,0,8,0.875,0.0,1.8666666666666667,4.107142857142857,6.25,0.2652777777777778,3,2,11.008133834265344,0.17439269335371435,0.006018518518518519,0.8523779438827682,0.012222222222222223,0.3238095238095237,0.13791506142285836,0.0,0.8421052631578947,0.8666666666666667,1.0
exo2,mappo,123,18004,64,59,0,5,0.921875,0.0,1.9666666666666666,4.627118644067797,10.099999999999994,0.30833333333333335,3,11,9.359421506430328,0.20141569910367887,0.006882716049382716,0.8329193726771993,0.048306878306878305,0.3121957671957672,0.12535632638242836,0.0,0.9333333333333333,0.9,0.9285714285714286
exo2,mappo,123,18005,64,58,0,6,0.90625,0.0,1.9333333333333333,3.8275862068965516,7.0,0.24305555555555555,4,4,13.91871780024147,0.17929948694205622,0.005462962962962963,0.8687940857716667,0.026190476190476188,0.37757936507936507,0.15414109022992564,0.0,0.9428571428571428,0.8947368421052632,0.8
exo2,mappo,123,18006,64,58,0,6,0.90625,0.0,1.9333333333333333,3.913793103448276,6.0,0.24861111111111112,3,1,13.625119983470253,0.18126070288985918,0.00558641975308642,0.8662767719747658,0.006666666666666667,0.3715079365079365,0.15154357677059638,0.0,0.9629629629629629,0.8888888888888888,0.8
exo2,mappo,123,18007,64,58,1,5,0.90625,0.015625,1.9333333333333333,4.327586206896552,7.299999999999997,0.29444444444444445,3,6,11.163936412373207,0.17258262579785846,0.006574074074074074,0.8458192840615067,0.02546296296296296,0.3302513227513228,0.13447618293603644,0.0037037037037037034,0.9444444444444444,0.8125,0.9166666666666666
exo2,mappo,123,18008,64,53,0,11,0.828125,0.0,1.7666666666666666,3.943396226415094,6.399999999999999,0.25972222222222224,2,1,10.100441096623166,0.1970087400470864,0.005987654320987654,0.862241760578793,0.005555555555555555,0.32003968253968257,0.14263844519059296,0.0,0.8260869565217391,0.84,0.8125
exo2,mappo,123,18009,64,57,1,6,0.890625,0.015625,1.9,4.631578947368421,7.799999999999983,0.3194444444444444,2,16,6.471477494876624,0.20873428905344096,0.007160493827160495,0.8165827095801349,0.07537037037037037,0.2726719576719577,0.11766303034104232,0.0033333333333333335,0.8292682926829268,1.0,1.0
exo2,mappo,123,18010,64,58,0,6,0.90625,0.0,1.9333333333333333,4.241379310344827,11.0,0.2763888888888889,3,0,11.644768988162044,0.17589221566459748,0.0062037037037037035,0.8444478123408559,0.0,0.3337866762866763,0.1411442643963845,0.0,0.875,1.0,0.8666666666666667
exo2,mappo,123,18011,64,56,0,8,0.875,0.0,1.8666666666666667,3.875,7.0,0.24861111111111112,3,10,13.016558596454502,0.1527087814052837,0.005648148148148149,0.8604327089777257,0.06476190476190476,0.35238095238095235,0.14653666439465599,0.0,0.8285714285714286,0.9473684210526315,0.9
exo2,mappo,123,18012,64,60,0,4,0.9375,0.0,2.0,4.2,7.049999999999997,0.2763888888888889,2,5,11.516568475844158,0.17363107276261577,0.006141975308641975,0.8455167739258453,0.025595238095238095,0.3326984126984127,0.13295831514191933,0.0,0.9696969696969697,0.8947368421052632,0.9166666666666666
exo2,mappo,123,18013,64,56,0,8,0.875,0.0,1.8666666666666667,3.7857142857142856,6.0,0.2388888888888889,3,6,12.9319995540713,0.18936385514153956,0.0054320987654320994,0.8729734931026691,0.043333333333333335,0.3677777777777778,0.14815353622359925,0.0,0.8387096774193549,0.8888888888888888,0.9333333333333333
exo2,mappo,123,18014,64,58,0,6,0.90625,0.0,1.9333333333333333,4.103448275862069,7.149999999999999,0.26944444444444443,2,5,11.849688943074968,0.1892363403816176,0.006049382716049383,0.8734474049182559,0.030833333333333334,0.3483333333333334,0.14089781517885042,0.0,0.96,0.9166666666666666,0.8
exo2,mappo,123,18015,64,57,0,7,0.890625,0.0,1.9,4.771929824561403,10.199999999999996,0.31805555555555554,3,6,7.879093596838603,0.20306775435472937,0.007160493827160493,0.8328375846797541,0.02619047619047619,0.28605820105820107,0.12161945765920296,0.0,0.9,0.8260869565217391,1.0
exo2,mappo,2024,18001,64,55,0,9,0.859375,0.0,1.8333333333333333,4.0,8.299999999999997,0.25972222222222224,3,16,10.923287922556565,0.17790968425738746,0.005925925925925928,0.8508845959053541,0.07939153439153437,0.33087301587301593,0.14019242860509049,0.0,0.9090909090909091,0.8095238095238095,0.8
exo2,mappo,2024,18002,64,56,0,8,0.875,0.0,1.8666666666666667,4.517857142857143,9.5,0.2986111111111111,4,10,10.149140928833654,0.18828218876142283,0.00675925925925926,0.8472621224050858,0.04720899470899471,0.3198148148148149,0.13467324650703372,0.0,0.9,0.8095238095238095,0.9230769230769231
exo2,mappo,2024,18003,64,55,1,8,0.859375,0.015625,1.8333333333333333,4.072727272727272,6.299999999999997,0.27361111111111114,2,6,10.393950885115517,0.1700639340993374,0.006203703703703705,0.8542573107460184,0.033373015873015874,0.3176984126984127,0.134712312481361,0.004166666666666667,0.8421052631578947,0.8,1.0
exo2,mappo,2024,18004,64,58,0,6,0.90625,0.0,1.9333333333333333,4.379310344827586,9.149999999999999,0.29444444444444445,3,9,9.525914092511849,0.18768515964812388,0.0066049382716049385,0.8374013748736365,0.04535714285714286,0.3079629629629629,0.12614779851330957,0.0,0.9333333333333333,0.85,0.9285714285714286
exo2,mappo,2024,18005,64,58,0,6,0.90625,0.0,1.9333333333333333,3.7413793103448274,6.0,0.23472222222222222,2,4,12.944342279928273,0.18437991878394627,0.005277777777777778,0.8624836224129052,0.02261904761904762,0.36297619047619045,0.15099992183503327,0.0,0.9714285714285714,0.8421052631578947,0.8
exo2,mappo,2024,18006,64,58,0,6,0.90625,0.0,1.9333333333333333,3.913793103448276,6.149999999999999,0.25277777777777777,2,3,12.946501169377587,0.17347443402203502,0.005679012345679013,0.8608790067579795,0.015873015873015872,0.3568253968253968,0.14820606922561355,0.0,0.9259259259259259,0.9259259259259259,0.8
exo2,mappo,2024,18007,64,57,2,5,0.890625,0.03125,1.9,4.368421052631579,6.599999999999987,0.30833333333333335,3,6,8.320404139340187,0.19204322438281726,0.006882716049382715,0.832320322414167,0.026111111111111106,0.2984391534391534,0.12787109806930852,0.01037037037037037,0.9444444444444444,0.75,0.9166666666666666
exo2,mappo,2024,18008,64,54,0,10,0.84375,0.0,1.8,4.12962962962963,7.0,0.27361111111111114,3,5,8.342093278633294,0.21153020472813439,0.006265432098765431,0.8464067633163056,0.02341269841269841,0.2986904761904762,0.1344541000519233,0.0,0.8695652173913043,0.88,0.75
exo2,mappo,2024,18009,64,56,2,6,0.875,0.03125,1.8666666666666667,4.321428571428571,7.0,0.3138888888888889,3,9,7.057746958012782,0.1845339693448696,0.007037037037037039,0.8317480726921201,0.04358465608465609,0.27440476190476193,0.12051509970677557,0.00972222222222222,0.8048780487804879,1.0,1.0
exo2,mappo,2024,18010,64,58,0,6,0.90625,0.0,1.9333333333333333,3.8793103448275863,7.0,0.24722222222222223,3,0,14.757078421553828,0.17304392441903088,0.005555555555555555,0.8641575672802303,0.0,0.3857407407407407,0.1567474183818873,0.0,0.875,1.0,0.8666666666666667
exo2,mappo,2024,18011,64,56,0,8,0.875,0.0,1.8666666666666667,3.767857142857143,6.25,0.24027777777777778,3,3,13.727019945725283,0.1478283836639393,0.005462962962962964,0.8699737354311143,0.01888888888888889,0.35777777777777775,0.15014318676180602,0.0,0.8285714285714286,0.9473684210526315,0.9
exo2,mappo,2024,18012,64,59,0,5,0.921875,0.0,1.9666666666666666,4.220338983050848,8.199999999999989,0.2861111111111111,2,7,10.671685053590643,0.1652926488662457,0.006388888888888889,0.836669800004138,0.033928571428571426,0.3146428571428571,0.1270642490254125,0.0,0.9696969696969697,0.8421052631578947,0.9166666666666666
exo2,mappo,2024,18013,64,54,0,10,0.84375,0.0,1.8,3.814814814814815,6.0,0.24722222222222223,3,1,12.639223781190324,0.1767164669770923,0.005679012345679013,0.8750464704754648,0.005555555555555555,0.353015873015873,0.14848851646442246,0.0,0.8387096774193549,0.8333333333333334,0.8666666666666667
exo2,mappo,2024,18014,64,57,0,7,0.890625,0.0,1.9,4.2105263157894735,8.199999999999996,0.2791666666666667,3,13,9.953767934534163,0.19984920051906743,0.006296296296296296,0.8588048627706559,0.06841269841269841,0.3250396825396826,0.1383783707918321,0.0,0.96,0.9166666666666666,0.7333333333333333
exo2,mappo,2024,18015,64,56,0,8,0.875,0.0,1.8666666666666667,4.571428571428571,7.5,0.30277777777777776,2,11,7.907699768972185,0.21250336895751437,0.006851851851851853,0.8345819898125649,0.05125661375661376,0.2939285714285713,0.1257277838649484,0.0,0.8666666666666667,0.8260869565217391,1.0
exo2,mappo,314,18001,64,56,0,8,0.875,0.0,1.8666666666666667,3.7857142857142856,6.0,0.2388888888888889,2,0,13.315676366924144,0.17322331029128735,0.0054320987654320994,0.8742861760504911,0.0,0.3619047619047619,0.14956038003370367,0.0,0.9090909090909091,0.8571428571428571,0.8
exo2,mappo,314,18002,64,57,0,7,0.890625,0.0,1.9,4.315789473684211,7.3999999999999915,0.2833333333333333,4,2,12.534604258988555,0.178566931162783,0.006388888888888889,0.8631001627732232,0.01111111111111111,0.35215608465608467,0.14281746572445528,0.0,0.9333333333333333,0.8095238095238095,0.9230769230769231
exo2,mappo,314,18003,64,57,0,7,0.890625,0.0,1.9,4.157894736842105,6.199999999999996,0.26805555555555555,3,0,12.179477373595137,0.17102760423239124,0.006049382716049383,0.8643941050422786,0.0,0.3411111111111112,0.13933122192925662,0.0,0.868421052631579,0.8666666666666667,1.0
exo2,mappo,314,18004,64,59,0,5,0.921875,0.0,1.9666666666666666,4.3559322033898304,7.399999999999977,0.2861111111111111,3,0,11.084726128510889,0.18406873054800235,0.006388888888888888,0.8460370436126857,0.0,0.32832010582010585,0.13365794669466693,0.0,0.9333333333333333,0.9,0.9285714285714286
exo2,mappo,314,18005,64,59,0,5,0.921875,0.0,1.9666666666666666,3.542372881355932,5.0,0.21944444444444444,3,2,15.775852990752487,0.16648588479468324,0.004907407407407408,0.8755386367199027,0.010317460317460317,0.4010317460317461,0.1617255924898444,0.0,0.9714285714285714,0.8947368421052632,0.8
exo2,mappo,314,18006,64,59,0,5,0.921875,0.0,1.9666666666666666,3.9322033898305087,6.0,0.25277777777777777,3,2,13.96347529185354,0.170918569133473,0.0056481481481481495,0.8650994500699661,0.010317460317460317,0.37230158730158736,0.15143473485576514,0.0,0.9629629629629629,0.9259259259259259,0.8
exo2,mappo,314,18007,64,58,1,5,0.90625,0.015625,1.9333333333333333,4.0344827586206895,6.0,0.2708333333333333,4,0,13.348123491105891,0.15619013195194684,0.006049382716049382,0.8580934798041808,0.0,0.3577777777777778,0.14255310223011916,0.0047619047619047615,0.9444444444444444,0.8125,0.9166666666666666
exo2,mappo,314,18008,64,54,0,10,0.84375,0.0,1.8,3.962962962962963,6.349999999999994,0.25833333333333336,2,1,9.73277482174931,0.20901015632351577,0.005925925925925926,0.8591159634393418,0.0047619047619047615,0.31962962962962954,0.14218557507043883,0.0,0.8260869565217391,0.88,0.8125
exo2,mappo,314,18009,64,58,0,6,0.90625,0.0,1.9333333333333333,4.327586206896552,7.149999999999999,0.2833333333333333,2,9,9.9397672894004,0.18062995404249893,0.006358024691358025,0.8321889564180875,0.04714285714285714,0.3112301587301587,0.12770900281005199,0.0,0.8536585365853658,1.0,1.0
exo2,mappo,314,18010,64,58,0,6,0.90625,0.0,1.9333333333333333,3.9827586206896552,7.0,0.25555555555555554,3,0,15.289853305045176,0.15769907762922403,0.005740740740740742,0.8651016098066098,0.0,0.38689153439153434,0.15319460745751984,0.0,0.875,1.0,0.8666666666666667
exo2,mappo,314,18011,64,57,0,7,0.890625,0.0,1.9,3.526315789473684,6.0,0.21805555555555556,2,1,15.790450500910694,0.14461456051299082,0.0049382716049382715,0.8732344878330569,0.01111111111111111,0.39,0.1554080116717417,0.0,0.8571428571428571,0.9473684210526315,0.9
exo2,mappo,314,18012,64,60,0,4,0.9375,0.0,2.0,4.016666666666667,6.049999999999997,0.2611111111111111,2,6,13.5601166965102,0.16398125584983966,0.005802469135802468,0.8490347257899045,0.03226190476190476,0.36297619047619045,0.13969406378854587,0.0,0.9696969696969697,0.8947368421052632,0.9166666666666666
exo2,mappo,314,18013,64,56,0,8,0.875,0.0,1.8666666666666667,3.8214285714285716,6.0,0.24166666666666667,2,1,12.973920560657447,0.17774061778924286,0.005493827160493829,0.8737722371255493,0.005555555555555555,0.35896825396825405,0.14848474906622533,0.0,0.8387096774193549,0.8888888888888888,0.9333333333333333
exo2,mappo,314,18014,64,58,0,6,0.90625,0.0,1.9333333333333333,3.7241379310344827,6.0,0.2375,2,2,14.121056574660381,0.16620065164750844,0.005339506172839506,0.8841469217492975,0.01111111111111111,0.37349206349206354,0.1517307017918231,0.0,0.96,0.9583333333333334,0.7333333333333333
exo2,mappo,314,18015,64,58,0,6,0.90625,0.0,1.9333333333333333,4.379310344827586,7.0,0.2902777777777778,3,3,10.422093354079266,0.18497197952562233,0.0065123456790123465,0.8492050739338662,0.014814814814814814,0.31929894179894186,0.13129445370059678,0.0,0.9,0.8695652173913043,1.0
exo2,mappo,42,18001,64,55,0,9,0.859375,0.0,1.8333333333333333,3.8181818181818183,7.0,0.24583333333333332,2,3,12.463976578008511,0.17001713710112407,0.005617283950617285,0.8672316352355642,0.016984126984126983,0.34730158730158733,0.1450633548755791,0.0,0.9090909090909091,0.8095238095238095,0.8
exo2,mappo,42,18002,64,58,0,6,0.90625,0.0,1.9333333333333333,4.120689655172414,7.0,0.26666666666666666,3,2,12.40981564759899,0.1811786309306582,0.005987654320987656,0.8575918375806363,0.012222222222222223,0.3509656084656085,0.14098312754627665,0.0,0.9333333333333333,0.8571428571428571,0.9230769230769231
exo2,mappo,42,18003,64,56,0,8,0.875,0.0,1.8666666666666667,4.053571428571429,6.0,0.2611111111111111,3,4,11.474288519318582,0.17137102431013396,0.005925925925925926,0.852563443020013,0.02666666666666667,0.33150793650793653,0.1383814635237762,0.0,0.8421052631578947,0.8666666666666667,1.0
exo2,mappo,42,18004,64,59,0,5,0.921875,0.0,1.9666666666666666,4.389830508474576,7.399999999999977,0.28888888888888886,3,1,11.403576831069387,0.18428567194824216,0.006450617283950617,0.8488102738568776,0.006666666666666667,0.33456349206349206,0.13347229930247442,0.0,0.9333333333333333,0.9,0.9285714285714286
exo2,mappo,42,18005,64,59,0,5,0.921875,0.0,1.9666666666666666,3.8135593220338984,6.0,0.24166666666666667,5,3,14.899648829496288,0.18312008230880403,0.005401234567901234,0.8715689454258322,0.01944444444444444,0.39539682539682536,0.1565183641584408,0.0,0.9714285714285714,0.8947368421052632,0.8
exo2,mappo,42,18006,64,58,0,6,0.90625,0.0,1.9333333333333333,3.896551724137931,6.0,0.24722222222222223,3,0,13.31376110338455,0.19074913228693818,0.005555555555555556,0.8654164483708267,0.0,0.3703571428571429,0.15187027366335304,0.0,0.9629629629629629,0.8888888888888888,0.8
exo2,mappo,42,18007,64,57,2,5,0.890625,0.03125,1.9,4.245614035087719,7.0,0.2986111111111111,4,1,11.562862768396512,0.17229302257653464,0.006666666666666665,0.8533539574731385,0.0047619047619047615,0.3395238095238095,0.13963986750765078,0.00787037037037037,0.9166666666666666,0.8125,0.9166666666666666
exo2,mappo,42,18008,64,55,0,9,0.859375,0.0,1.8333333333333333,4.0181818181818185,6.0,0.2611111111111111,2,1,10.352394309490103,0.19750705390793757,0.005956790123456789,0.8551073465975746,0.005555555555555555,0.32404761904761903,0.14121096001329764,0.0,0.8695652173913043,0.88,0.8125
exo2,mappo,42,18009,64,57,1,6,0.890625,0.015625,1.9,4.578947368421052,8.999999999999979,0.31527777777777777,2,10,8.12137808875728,0.1753545044516129,0.007067901234567902,0.8274623942963103,0.04992063492063492,0.2823544973544974,0.11923866564060075,0.004166666666666667,0.8292682926829268,1.0,1.0
exo2,mappo,42,18010,64,58,0,6,0.90625,0.0,1.9333333333333333,4.0,7.0,0.2569444444444444,3,3,14.16632940783721,0.1717544350730772,0.005771604938271604,0.8539474492030846,0.01074074074074074,0.37574074074074076,0.15355889128090067,0.0,0.875,1.0,0.8666666666666667
exo2,mappo,42,18011,64,57,0,7,0.890625,0.0,1.9,3.491228070175439,6.0,0.2152777777777778,2,0,16.35113814484141,0.14407261462314508,0.004876543209876543,0.8794492247551771,0.0,0.3983333333333333,0.15709956838722186,0.0,0.8571428571428571,0.9473684210526315,0.9
exo2,mappo,42,18012,64,60,0,4,0.9375,0.0,2.0,4.166666666666667,8.0,0.27361111111111114,2,7,12.461881339717857,0.16179733468690824,0.006080246913580247,0.8379818107818847,0.03511904761904761,0.3431746031746032,0.1346963887217401,0.0,0.9696969696969697,0.8947368421052632,0.9166666666666666
exo2,mappo,42,18013,64,55,0,9,0.859375,0.0,1.8333333333333333,3.8,6.0,0.24305555555555555,3,0,12.84848846700632,0.17583238960359632,0.005555555555555556,0.874344216499964,0.0,0.3554761904761905,0.14958176354133135,0.0,0.8387096774193549,0.8888888888888888,0.8666666666666667
exo2,mappo,42,18014,64,58,0,6,0.90625,0.0,1.9333333333333333,3.913793103448276,6.0,0.25277777777777777,2,2,13.781570436910643,0.16273334374270007,0.005679012345679013,0.877619668828446,0.013888888888888888,0.3659126984126984,0.14623417315176543,0.0,0.96,0.9583333333333334,0.7333333333333333
exo2,mappo,42,18015,64,58,0,6,0.90625,0.0,1.9333333333333333,4.551724137931035,7.149999999999999,0.30416666666666664,3,5,8.714190544229965,0.20475292526032046,0.006820987654320989,0.8387305701322475,0.02169312169312169,0.30074074074074075,0.12587066604856254,0.0,0.9,0.8695652173913043,1.0
exo2,mappo,456,18001,64,52,1,11,0.8125,0.015625,1.7333333333333334,4.134615384615385,10.449999999999996,0.29305555555555557,3,17,8.300835068984036,0.19277948846257248,0.006728395061728395,0.8387182894956277,0.07886243386243387,0.29808201058201056,0.133296652972152,0.004166666666666667,0.8484848484848485,0.7619047619047619,0.8
exo2,mappo,456,18002,64,54,0,10,0.84375,0.0,1.8,4.351851851851852,11.0,0.29444444444444445,3,12,8.755885042898738,0.1945443043999403,0.0067283950617283966,0.8418038272365843,0.05931216931216931,0.300489417989418,0.13146164180129435,0.0,0.9333333333333333,0.7619047619047619,0.7692307692307693
exo2,mappo,456,18003,64,56,0,8,0.875,0.0,1.8666666666666667,4.232142857142857,8.25,0.275,2,8,9.834947615505452,0.1757230280262706,0.006234567901234569,0.8450346342193723,0.03928571428571428,0.30694444444444446,0.12986013079035505,0.0,0.8421052631578947,0.8666666666666667,1.0
exo2,mappo,456,18004,64,55,2,7,0.859375,0.03125,1.8333333333333333,4.7272727272727275,11.299999999999997,0.3458333333333333,4,10,5.720556241207288,0.20757986105284362,0.007777777777777777,0.8145824411511021,0.04226190476190476,0.26141534391534393,0.11766104781221262,0.008333333333333333,0.9333333333333333,0.8,0.7857142857142857
exo2,mappo,456,18005,64,56,0,8,0.875,0.0,1.8666666666666667,3.75,6.25,0.2513888888888889,3,12,11.24254295812542,0.18064273860619093,0.005709876543209877,0.8494438595469938,0.07682539682539682,0.3372222222222223,0.141729073463929,0.0,0.9142857142857143,0.8947368421052632,0.7
exo2,mappo,456,18006,64,56,1,7,0.875,0.015625,1.8666666666666667,3.892857142857143,6.25,0.26944444444444443,3,8,10.14993842988341,0.18014064593171303,0.006080246913580249,0.8469358966320839,0.04845238095238095,0.32051587301587303,0.1378774619556114,0.0047619047619047615,0.9629629629629629,0.8518518518518519,0.7
exo2,mappo,456,18007,64,58,0,6,0.90625,0.0,1.9333333333333333,4.517241379310345,11.0,0.3,2,7,8.880345504212453,0.20473392443008903,0.006728395061728396,0.8347741007295656,0.03984126984126984,0.3052380952380952,0.12902369148426415,0.0,0.9166666666666666,0.875,0.9166666666666666
exo2,mappo,456,18008,64,53,0,11,0.828125,0.0,1.7666666666666666,4.69811320754717,10.399999999999999,0.31805555555555554,3,15,6.716902113547523,0.2199025734043797,0.00728395061728395,0.8414717941553079,0.06792328042328043,0.27989417989417986,0.12430053271715198,0.0,0.8260869565217391,0.84,0.8125
exo2,mappo,456,18009,64,54,0,10,0.84375,0.0,1.8,5.111111111111111,11.699999999999989,0.35555555555555557,3,19,5.09977907959995,0.20965446046700467,0.008086419753086419,0.8122408425752508,0.07731601731601732,0.24702621452621454,0.11248909075561722,0.0,0.8048780487804879,0.9333333333333333,0.875
exo2,mappo,456,18010,64,56,1,7,0.875,0.015625,1.8666666666666667,4.125,8.0,0.28194444444444444,3,6,11.656848822079288,0.15793360064828507,0.006358024691358025,0.8480968481870124,0.023373015873015872,0.3316798941798942,0.13960519229136154,0.004166666666666667,0.875,0.9411764705882353,0.8
exo2,mappo,456,18011,64,55,0,9,0.859375,0.0,1.8333333333333333,4.0,6.599999999999994,0.2652777777777778,3,21,11.096317155296285,0.15174916641315156,0.006049382716049382,0.8507661746241718,0.11531746031746032,0.3240873015873016,0.13568582552826725,0.0,0.8285714285714286,0.8947368421052632,0.9
exo2,mappo,456,18012,64,59,0,5,0.921875,0.0,1.9666666666666666,4.5423728813559325,10.0,0.30416666666666664,3,13,9.69394436439523,0.17832622405145757,0.006790123456790124,0.8234259029800846,0.05633597883597884,0.3064550264550264,0.12410465214784744,0.0,0.9696969696969697,0.8421052631578947,0.9166666666666666
exo2,mappo,456,18013,64,53,0,11,0.828125,0.0,1.7666666666666666,3.943396226415094,7.0,0.2638888888888889,3,8,10.430861927846163,0.18221377083857881,0.006080246913580247,0.8574465100226928,0.04698412698412698,0.32186507936507935,0.13815316366748928,0.0,0.8064516129032258,0.8888888888888888,0.8
exo2,mappo,456,18014,64,55,0,9,0.859375,0.0,1.8333333333333333,4.3090909090909095,10.299999999999997,0.29583333333333334,3,16,8.899006369479205,0.1980920181793518,0.006728395061728394,0.8516725493278962,0.07932539682539683,0.30720899470899465,0.1327737524207918,0.0,0.96,0.875,0.6666666666666666
exo2,mappo,456,18015,64,53,2,9,0.828125,0.03125,1.7666666666666666,4.735849056603773,10.0,0.35138888888888886,3,29,4.84122607403367,0.19856311896161058,0.007962962962962962,0.8028534681613931,0.11869047619047618,0.24829365079365076,0.1144135291848226,0.007407407407407407,0.8666666666666667,0.7391304347826086,0.9090909090909091
exo2,mappo,7,18001,64,51,2,11,0.796875,0.03125,1.7,4.196078431372549,9.5,0.3013888888888889,3,10,7.562530522076667,0.2042819788908112,0.006913580246913581,0.843772478454919,0.04555555555555556,0.2927513227513227,0.1345042605514476,0.008333333333333333,0.8484848484848485,0.7142857142857143,0.8
exo2,mappo,7,18002,64,53,1,10,0.828125,0.015625,1.7666666666666666,4.415094339622642,10.399999999999999,0.30972222222222223,4,9,8.309934857571257,0.19042246534455926,0.0070679012345679,0.8338378302269127,0.04826719576719577,0.29437830687830685,0.13120967138751666,0.0047619047619047615,0.9333333333333333,0.7142857142857143,0.7692307692307693
exo2,mappo,7,18003,64,56,0,8,0.875,0.0,1.8666666666666667,4.017857142857143,7.0,0.25833333333333336,2,4,10.232662663797205,0.17856766453641854,0.005864197530864199,0.844311494346055,0.024761904761904763,0.3135714285714286,0.13411548734853904,0.0,0.8421052631578947,0.8666666666666667,1.0
exo2,mappo,7,18004,64,56,0,8,0.875,0.0,1.8666666666666667,4.875,11.25,0.3333333333333333,5,13,7.602156300206242,0.2112102280014347,0.007530864197530864,0.8281836611785854,0.058201058201058205,0.28859788359788363,0.12097060071362829,0.0,0.9,0.8,0.9285714285714286
exo2,mappo,7,18005,64,58,0,6,0.90625,0.0,1.9333333333333333,3.6379310344827585,5.299999999999997,0.22777777777777777,2,1,13.846613618275285,0.18130916382795326,0.005123456790123457,0.8643975462845537,0.01111111111111111,0.37563492063492065,0.1564614788326871,0.0,0.9428571428571428,0.8947368421052632,0.8
exo2,mappo,7,18006,64,56,0,8,0.875,0.0,1.8666666666666667,3.8214285714285716,6.0,0.2625,2,3,12.309453441164734,0.17712483358842762,0.005956790123456792,0.8528637185241739,0.015873015873015872,0.34761904761904766,0.14571739818390483,0.0,0.9259259259259259,0.8518518518518519,0.8
exo2,mappo,7,18007,64,57,2,5,0.890625,0.03125,1.9,4.298245614035087,6.599999999999987,0.30277777777777776,3,5,9.12459975864147,0.18441885284688933,0.006759259259259259,0.8373258737316261,0.01944444444444444,0.306494708994709,0.1286983766650228,0.00925925925925926,0.9444444444444444,0.75,0.9166666666666666
exo2,mappo,7,18008,64,51,0,13,0.796875,0.0,1.7,4.2745098039215685,7.5,0.2916666666666667,3,6,7.596739646577966,0.2131357721629597,0.006759259259259259,0.8498686270842929,0.025396825396825397,0.2875132275132275,0.13192392782361267,0.0,0.8260869565217391,0.8,0.75
exo2,mappo,7,18009,64,57,0,7,0.890625,0.0,1.9,4.9298245614035086,10.399999999999991,0.32916666666666666,3,14,5.882140919280682,0.22130654045157622,0.007407407407407407,0.8154836276116159,0.06543650793650795,0.2648148148148148,0.1169013492764155,0.0,0.8536585365853658,0.9333333333333333,1.0
exo2,mappo,7,18010,64,58,0,6,0.90625,0.0,1.9333333333333333,4.103448275862069,7.0,0.2652777777777778,3,2,14.282260612503428,0.16018625207006293,0.00595679012345679,0.8516306520831791,0.008888888888888889,0.3713888888888889,0.14809896872739436,0.0,0.875,1.0,0.8666666666666667
exo2,mappo,7,18011,64,56,0,8,0.875,0.0,1.8666666666666667,3.857142857142857,7.0,0.2513888888888889,2,6,12.270574810714525,0.15134251791220552,0.005709876543209878,0.8551749442850533,0.034166666666666665,0.3357142857142857,0.14148164162808471,0.0,0.8571428571428571,0.8947368421052632,0.9
exo2,mappo,7,18012,64,56,1,7,0.875,0.015625,1.8666666666666667,3.9464285714285716,7.25,0.2847222222222222,2,10,9.825365762541123,0.1478128658060087,0.006419753086419753,0.839645982008468,0.0503968253968254,0.2991269841269841,0.12638033502796658,0.005555555555555555,0.9696969696969697,0.6842105263157895,0.9166666666666666
exo2,mappo,7,18013,64,53,1,10,0.828125,0.015625,1.7666666666666666,3.9056603773584904,6.399999999999999,0.2638888888888889,3,5,10.149873828613773,0.18747763477239715,0.006049382716049382,0.8582780731430167,0.028968253968253962,0.3219312169312169,0.14187299781378318,0.0037037037037037034,0.8064516129032258,0.7777777777777778,0.9333333333333333
exo2,mappo,7,18014,64,55,0,9,0.859375,0.0,1.8333333333333333,4.0181818181818185,7.199999999999989,0.27361111111111114,3,8,10.940827316309772,0.1772066331340242,0.006234567901234569,0.863014392096391,0.04444444444444444,0.32805555555555554,0.14032251680578955,0.0,0.96,0.8333333333333334,0.7333333333333333
exo2,mappo,7,18015,64,57,0,7,0.890625,0.0,1.9,4.56140350877193,9.0,0.3125,2,5,7.5107193901332,0.2111056844053201,0.007037037037037037,0.8302825553308714,0.0242063492063492,0.2835846560846561,0.12207159755565346,0.0,0.8666666666666667,0.8695652173913043,1.0
exo2,mappo,789,18001,64,55,0,9,0.859375,0.0,1.8333333333333333,4.0,7.599999999999994,0.25972222222222224,2,15,10.08518719577152,0.1890431154325389,0.005925925925925927,0.8478475886094176,0.06911375661375661,0.3211640211640211,0.13763769445352372,0.0,0.9090909090909091,0.8095238095238095,0.8
exo2,mappo,789,18002,64,58,0,6,0.90625,0.0,1.9333333333333333,4.586206896551724,10.0,0.30416666666666664,4,13,9.337687703833668,0.19075262608436416,0.006820987654320988,0.8354626851358564,0.06187830687830688,0.30829365079365084,0.13199698695778075,0.0,0.9333333333333333,0.8571428571428571,0.9230769230769231
exo2,mappo,789,18003,64,57,0,7,0.890625,0.0,1.9,3.9649122807017543,6.0,0.25416666666666665,2,7,11.363390814026397,0.16872155352863338,0.005740740740740742,0.847110472896291,0.041111111111111105,0.3292857142857143,0.13544319137471345,0.0,0.8421052631578947,0.9333333333333333,1.0
exo2,mappo,789,18004,64,57,0,7,0.890625,0.0,1.9,4.684210526315789,11.0,0.31666666666666665,3,14,8.468254892761466,0.20200776540420456,0.007129629629629629,0.8341458611873427,0.06279100529100529,0.2991534391534392,0.12347458929985818,0.0,0.9,0.85,0.9285714285714286
exo2,mappo,789,18005,64,59,0,5,0.921875,0.0,1.9666666666666666,3.7966101694915255,6.199999999999989,0.24027777777777778,3,5,13.380344639263175,0.174561891546639,0.005370370370370371,0.8591546142006249,0.02896825396825397,0.36563492063492065,0.14691053237753476,0.0,0.9714285714285714,0.8947368421052632,0.8
exo2,mappo,789,18006,64,58,0,6,0.90625,0.0,1.9333333333333333,3.896551724137931,7.149999999999999,0.2513888888888889,2,9,12.140244109282367,0.17438354779253162,0.0056481481481481495,0.855434843371247,0.04837301587301588,0.34666666666666673,0.14538375867809797,0.0,0.9259259259259259,0.9259259259259259,0.8
exo2,mappo,789,18007,64,56,3,5,0.875,0.046875,1.8666666666666667,4.232142857142857,7.0,0.31527777777777777,3,6,8.53049354792182,0.18024800788383152,0.007037037037037037,0.8334670341746114,0.025595238095238095,0.2987301587301588,0.12656032868509126,0.013055555555555555,0.9166666666666666,0.75,0.9166666666666666
exo2,mappo,789,18008,64,53,0,11,0.828125,0.0,1.7666666666666666,4.3584905660377355,7.799999999999997,0.29583333333333334,3,7,7.750621756572064,0.21270775183958607,0.006790123456790124,0.8412058826687177,0.03330808080808081,0.29012145262145256,0.12966791656996923,0.0,0.8695652173913043,0.8,0.8125
exo2,mappo,789,18009,64,57,0,7,0.890625,0.0,1.9,5.157894736842105,12.199999999999996,0.3472222222222222,2,18,6.471859602879854,0.1995090586279881,0.007808641975308643,0.812624591593213,0.07882275132275132,0.264939874939875,0.11368114818314792,0.0,0.8536585365853658,0.9333333333333333,1.0
exo2,mappo,789,18010,64,58,0,6,0.90625,0.0,1.9333333333333333,4.086206896551724,8.149999999999999,0.2638888888888889,3,7,13.427129501306844,0.16693383274503687,0.0059259259259259265,0.8483395035967352,0.028547378547378547,0.3622799422799423,0.1477090162806288,0.0,0.875,1.0,0.8666666666666667
exo2,mappo,789,18011,64,57,0,7,0.890625,0.0,1.9,3.807017543859649,6.0,0.24027777777777778,3,11,13.656401485403867,0.14881202933977714,0.0054320987654320994,0.8611804011458298,0.07166666666666667,0.3616666666666666,0.14510868686498452,0.0,0.8571428571428571,0.9473684210526315,0.9
exo2,mappo,789,18012,64,59,0,5,0.921875,0.0,1.9666666666666666,4.3559322033898304,10.0,0.28888888888888886,3,11,11.141348707602926,0.164623438806014,0.006450617283950617,0.8381624884239566,0.05572751322751324,0.324537037037037,0.12950099699570428,0.0,0.9696969696969697,0.8421052631578947,0.9166666666666666
exo2,mappo,789,18013,64,54,0,10,0.84375,0.0,1.8,3.9444444444444446,6.349999999999994,0.25972222222222224,3,7,11.362016586907371,0.17970516323418362,0.00595679012345679,0.8648435718310559,0.04365079365079364,0.3362698412698413,0.1412068506322356,0.0,0.8064516129032258,0.8888888888888888,0.8666666666666667
exo2,mappo,789,18014,64,58,0,6,0.90625,0.0,1.9333333333333333,4.293103448275862,8.0,0.2847222222222222,3,9,11.585820213261474,0.17951786370419967,0.006388888888888889,0.8695269239644212,0.05091269841269841,0.34095238095238095,0.1394654790175358,0.0,0.96,0.9166666666666666,0.8
exo2,mappo,789,18015,64,58,0,6,0.90625,0.0,1.9333333333333333,4.655172413793103,8.149999999999999,0.3125,3,8,8.717911086058262,0.19481262297694915,0.0070061728395061735,0.8318501429563209,0.03650793650793651,0.29690476190476195,0.12308324761808177,0.0,0.9,0.8695652173913043,1.0
exo2,global_dijkstra,-1,18001,64,57,0,7,0.890625,0.0,1.9,3.6315789473684212,6.0,0.2263888888888889,3,14,13.120379451108834,0.1913891392422086,0.0051234567901234564,0.8680166723210949,0.08650793650793649,0.37619047619047624,0.154438114693204,0.0,0.9090909090909091,0.9047619047619048,0.8
exo2,global_dijkstra,-1,18002,64,58,0,6,0.90625,0.0,1.9333333333333333,3.9655172413793105,7.0,0.25416666666666665,3,12,12.32501680052823,0.18574662899848077,0.005709876543209877,0.8668755426642163,0.0715079365079365,0.3584920634920635,0.14846561832128505,0.0,0.9333333333333333,0.8571428571428571,0.9230769230769231
exo2,global_dijkstra,-1,18003,64,58,0,6,0.90625,0.0,1.9333333333333333,3.9310344827586206,6.149999999999999,0.2513888888888889,2,9,12.916638444065079,0.1615728688302503,0.0056481481481481495,0.8692373942626952,0.058333333333333334,0.3547619047619048,0.14287401279935366,0.0,0.868421052631579,0.9333333333333333,1.0
exo2,global_dijkstra,-1,18004,64,59,0,5,0.921875,0.0,1.9666666666666666,4.0508474576271185,6.099999999999994,0.2611111111111111,3,7,11.429096308188676,0.1905989950526853,0.005833333333333334,0.8611470559014948,0.04396825396825397,0.34253968253968253,0.1393547003659023,0.0,0.9333333333333333,0.9,0.9285714285714286
exo2,global_dijkstra,-1,18005,64,59,0,5,0.921875,0.0,1.9666666666666666,3.6779661016949152,6.0,0.23055555555555557,3,7,15.967650220042552,0.1637904777723237,0.005154320987654322,0.8803494193543119,0.05111111111111111,0.40714285714285714,0.15859608230861783,0.0,0.9714285714285714,0.8947368421052632,0.8
exo2,global_dijkstra,-1,18006,64,59,0,5,0.921875,0.0,1.9666666666666666,3.7796610169491527,6.0,0.24027777777777778,3,7,14.676267932414829,0.1707950857872203,0.005370370370370371,0.8775263206949576,0.04,0.38761904761904764,0.15185150004588782,0.0,0.9629629629629629,0.8888888888888888,0.9
exo2,global_dijkstra,-1,18007,64,59,0,5,0.921875,0.0,1.9666666666666666,3.864406779661017,6.0,0.24583333333333332,3,10,13.964039945217715,0.15332054200582945,0.005493827160493827,0.8613065969981252,0.05944444444444444,0.3678968253968254,0.14590500296800998,0.0,0.9444444444444444,0.875,0.9166666666666666
exo2,global_dijkstra,-1,18008,64,57,0,7,0.890625,0.0,1.9,3.9649122807017543,6.0,0.25277777777777777,2,10,10.890349707452506,0.19471299138243897,0.005709876543209878,0.8556486466046128,0.057301587301587305,0.3366666666666668,0.14015601680464176,0.0,0.8695652173913043,0.96,0.8125
exo2,global_dijkstra,-1,18009,64,57,0,7,0.890625,0.0,1.9,4.298245614035087,7.0,0.28055555555555556,4,10,10.262102865594802,0.19084610410469155,0.00632716049382716,0.8568129387917741,0.06091269841269841,0.3249338624338624,0.14025963286427703,0.0,0.8292682926829268,1.0,1.0
exo2,global_dijkstra,-1,18010,64,59,0,5,0.921875,0.0,1.9666666666666666,3.711864406779661,6.0,0.23333333333333334,3,5,15.792099925398137,0.16409602550178423,0.005216049382716049,0.8705754331828104,0.03115079365079365,0.40201058201058193,0.16061266118162582,0.0,0.90625,1.0,0.8666666666666667
exo2,global_dijkstra,-1,18011,64,59,0,5,0.921875,0.0,1.9666666666666666,3.4745762711864407,6.0,0.2152777777777778,2,9,16.15608841862538,0.14393779223653377,0.004814814814814815,0.874217731456456,0.06277777777777778,0.4009523809523809,0.1560150849432901,0.0,0.8857142857142857,0.9473684210526315,1.0
exo2,global_dijkstra,-1,18012,64,59,0,5,0.921875,0.0,1.9666666666666666,3.9491525423728815,6.0,0.25277777777777777,2,4,13.959976826776614,0.17119941446972245,0.005648148148148147,0.8610489073376647,0.026984126984126985,0.3736111111111111,0.1467001221083565,0.0,0.9393939393939394,0.8947368421052632,0.9166666666666666
exo2,global_dijkstra,-1,18013,64,55,0,9,0.859375,0.0,1.8333333333333333,3.690909090909091,5.0,0.23472222222222222,2,14,12.366027669672107,0.19141209646675097,0.005370370370370371,0.8782250955766764,0.08928571428571429,0.3643650793650794,0.15141191229897386,0.0,0.8387096774193549,0.8888888888888888,0.8666666666666667
exo2,global_dijkstra,-1,18014,64,60,0,4,0.9375,0.0,2.0,3.683333333333333,5.049999999999997,0.2361111111111111,3,7,15.085306175742403,0.16212252169833594,0.005246913580246914,0.8842909113775962,0.04619047619047619,0.390952380952381,0.15073983774960184,0.0,0.96,0.9583333333333334,0.8666666666666667
exo2,global_dijkstra,-1,18015,64,57,0,7,0.890625,0.0,1.9,4.280701754385965,7.199999999999996,0.28055555555555556,3,12,9.927131217768881,0.21239089939835196,0.0063271604938271615,0.8578255871564925,0.07007936507936506,0.33111111111111113,0.14066788771656966,0.0,0.8666666666666667,0.8695652173913043,1.0
exo2,full_heuristic,-1,18001,64,33,9,22,0.515625,0.140625,1.1,7.121212121212121,12.0,0.625,3,64,-8.25245793167868,0.30547077847968446,0.014444444444444446,0.7050597875081382,0.16275705231587584,0.09691587551881668,0.07588487897007025,0.02062073547367665,0.5151515151515151,0.47619047619047616,0.6
exo2,full_heuristic,-1,18002,64,33,9,22,0.515625,0.140625,1.1,6.606060606060606,12.599999999999994,0.5944444444444444,3,79,-7.952246354496086,0.28593005490113826,0.013765432098765433,0.7176184883915433,0.21291878600702127,0.10009349310819898,0.08002024901176066,0.02298591658885776,0.4666666666666667,0.5238095238095238,0.6153846153846154
exo2,full_heuristic,-1,18003,64,37,6,21,0.578125,0.09375,1.2333333333333334,7.513513513513513,12.0,0.5888888888888889,3,59,-6.895023870899269,0.30797362284735214,0.013611111111111107,0.7045042519371827,0.148004218004218,0.11250605875605876,0.07818912897737144,0.014056776556776557,0.5789473684210527,0.4,0.8181818181818182
exo2,full_heuristic,-1,18004,64,36,10,18,0.5625,0.15625,1.2,6.75,12.25,0.5861111111111111,4,48,-6.707387229654789,0.2789675554648173,0.01345679012345679,0.7183481646687676,0.12314343064343064,0.11016021016021019,0.0792328470288121,0.02489010989010989,0.6,0.45,0.6428571428571429
exo2,full_heuristic,-1,18005,64,41,6,17,0.640625,0.09375,1.3666666666666667,6.853658536585366,12.0,0.5722222222222222,3,57,-6.334161339047965,0.30611109753607907,0.013117283950617283,0.7271669224642666,0.16277125652125654,0.12491406741406742,0.08191506983011883,0.015449735449735448,0.7142857142857143,0.631578947368421,0.4
exo2,full_heuristic,-1,18006,64,41,7,16,0.640625,0.109375,1.3666666666666667,6.121951219512195,11.0,0.5472222222222223,3,59,-6.067036703507456,0.28709960974367355,0.012530864197530866,0.7227366953471764,0.16963350919233275,0.12423932004814357,0.08290188100767967,0.019549168152109327,0.5925925925925926,0.6296296296296297,0.8
exo2,full_heuristic,-1,18007,64,34,13,17,0.53125,0.203125,1.1333333333333333,6.911764705882353,12.0,0.6208333333333333,4,77,-8.061070684426845,0.28913963646510304,0.014197530864197531,0.6993451429080257,0.20175791786472896,0.10312446125139622,0.07695825689410371,0.028235846970367094,0.5833333333333334,0.375,0.5833333333333334
exo2,full_heuristic,-1,18008,64,35,11,18,0.546875,0.171875,1.1666666666666667,8.628571428571428,14.299999999999997,0.6611111111111111,3,71,-11.122954692585813,0.36323888906264445,0.015123456790123455,0.683184533240982,0.17099682180564538,0.08546263377145731,0.07082815030334404,0.028376068376068375,0.5217391304347826,0.52,0.625
exo2,full_heuristic,-1,18009,64,38,7,19,0.59375,0.109375,1.2666666666666666,7.947368421052632,15.0,0.6416666666666667,3,63,-8.160866820882532,0.33769661089804515,0.014722222222222222,0.6956336674063361,0.14662495513888704,0.10601771995347846,0.07500570243135861,0.014100508624502432,0.4878048780487805,0.7333333333333333,0.875
exo2,full_heuristic,-1,18010,64,35,11,18,0.546875,0.171875,1.1666666666666667,6.114285714285714,11.0,0.6,4,47,-5.7818364920118315,0.2661630155951091,0.013765432098765434,0.7437559043784648,0.12708610833610834,0.12172841047841047,0.08732847661009406,0.025241841491841492,0.65625,0.47058823529411764,0.4
exo2,full_heuristic,-1,18011,64,35,9,20,0.546875,0.140625,1.1666666666666667,6.0,11.299999999999997,0.5861111111111111,4,77,-8.636002614766804,0.30270199527439173,0.013518518518518515,0.7262685020798838,0.22549667924667924,0.10034618159618162,0.07925233980505814,0.02469544344544344,0.5142857142857142,0.631578947368421,0.5
exo2,full_heuristic,-1,18012,64,39,7,18,0.609375,0.109375,1.3,7.769230769230769,14.0,0.625,4,68,-7.678025281225909,0.32345185899161527,0.014320987654320987,0.7130524380773199,0.17766806722689077,0.11309332279920517,0.07793950191726567,0.016289682539682538,0.7272727272727273,0.42105263157894735,0.5833333333333334
exo2,full_heuristic,-1,18013,64,37,6,21,0.578125,0.09375,1.2333333333333334,8.0,14.399999999999991,0.6152777777777778,4,65,-7.5506487582277675,0.31434805643602204,0.014197530864197531,0.7245893509822834,0.16232559107559108,0.10758436008436009,0.07725656667698139,0.0142506105006105,0.5806451612903226,0.6111111111111112,0.5333333333333333
exo2,full_heuristic,-1,18014,64,30,10,24,0.46875,0.15625,1.0,7.366666666666666,13.0,0.6458333333333334,4,71,-10.140687326487086,0.33352887606747694,0.014969135802469136,0.705739803314586,0.17304593554593556,0.08588545713545717,0.07642289039535223,0.025732091982091983,0.44,0.4166666666666667,0.6
exo2,full_heuristic,-1,18015,64,32,10,22,0.5,0.15625,1.0666666666666667,6.65625,13.45,0.6,3,53,-8.421019842015262,0.32840926670303183,0.01388888888888889,0.7138212137449159,0.14080844536726886,0.10582165927754163,0.08028229530176831,0.022625781081663434,0.4666666666666667,0.43478260869565216,0.7272727272727273
exo4,mappo,1024,18001,128,99,3,26,0.7734375,0.0234375,3.3,5.040404040404041,10.0,0.7430555555555556,10,17,9.390942683229662,0.1812890140831504,0.0170679012345679,0.7705610786354742,0.04920190920190921,0.31038692788692784,0.07619779941971509,0.009141414141414143,0.8125,0.7241379310344828,0.6842105263157895
exo4,mappo,1024,18002,128,105,2,21,0.8203125,0.015625,3.5,4.685714285714286,8.0,0.6513888888888889,5,12,11.380037918408375,0.163911837680726,0.014876543209876542,0.7663861713316038,0.035626780626780624,0.3282035557035557,0.0760535872957866,0.004945054945054945,0.8307692307692308,0.7428571428571429,0.8928571428571429
exo4,mappo,1024,18003,128,108,1,19,0.84375,0.0078125,3.6,4.703703703703703,7.0,0.6527777777777778,6,19,10.072691130478809,0.17679112262512442,0.01484567901234568,0.7598498669625714,0.05323620823620824,0.311926221926222,0.07240623102428208,0.0027777777777777775,0.8115942028985508,0.7741935483870968,1.0
exo4,mappo,1024,18004,128,104,1,23,0.8125,0.0078125,3.466666666666667,4.903846153846154,9.0,0.6833333333333333,7,18,9.749328280330024,0.19444294326946013,0.015648148148148147,0.7626846758057891,0.05867003367003367,0.31657213157213154,0.0764716214180912,0.0027777777777777775,0.7857142857142857,0.85,0.8125
exo4,mappo,1024,18005,128,107,1,20,0.8359375,0.0078125,3.566666666666667,4.766355140186916,8.0,0.6708333333333333,5,14,10.696882828984997,0.18791517939957952,0.015277777777777776,0.7632147708474663,0.04191465941465942,0.32724886224886224,0.07537597386522107,0.0027777777777777775,0.7931034482758621,0.8536585365853658,0.896551724137931
exo4,mappo,1024,18006,128,113,0,15,0.8828125,0.0,3.7666666666666666,4.3097345132743365,8.0,0.5736111111111111,5,6,13.936602800937017,0.15752907722870174,0.012962962962962963,0.7689944797968712,0.022011784511784514,0.3608592333592334,0.07963787539450105,0.0,0.8939393939393939,0.8918918918918919,0.84
exo4,mappo,1024,18007,128,107,0,21,0.8359375,0.0,3.566666666666667,4.644859813084112,7.0,0.6305555555555555,6,14,11.742587671424477,0.17644038864886236,0.01441358024691358,0.7880011446570607,0.045585988085988086,0.3375123025123025,0.07716451047825544,0.0,0.8305084745762712,0.8205128205128205,0.8666666666666667
exo4,mappo,1024,18008,128,109,0,19,0.8515625,0.0,3.6333333333333333,4.706422018348624,8.0,0.6430555555555556,7,20,12.100751509083908,0.17222738331730789,0.01462962962962963,0.7591303544062528,0.061225348725348724,0.34155992155992154,0.07672267277006305,0.0,0.8461538461538461,0.8333333333333334,0.9047619047619048
exo4,mappo,1024,18009,128,107,2,19,0.8359375,0.015625,3.566666666666667,4.897196261682243,9.0,0.7,6,19,9.762175965094002,0.18459143706905298,0.015895061728395065,0.7376555560912446,0.05117017242017242,0.3115669515669515,0.0721461187949264,0.004603174603174604,0.8947368421052632,0.8478260869565217,0.68
exo4,mappo,1024,18010,128,111,0,17,0.8671875,0.0,3.7,4.666666666666667,8.0,0.6180555555555556,4,13,12.164509279124697,0.17148543914237238,0.014012345679012345,0.771418324670777,0.04236726236726237,0.3407154882154882,0.0763673316737403,0.0,0.8548387096774194,0.8780487804878049,0.88
exo4,mappo,1024,18011,128,105,2,21,0.8203125,0.015625,3.5,4.904761904761905,8.0,0.6930555555555555,5,24,10.371608114833693,0.18516241030638278,0.01580246913580247,0.7744977383300922,0.07635188885188886,0.3283760683760685,0.07729551261490947,0.006388888888888888,0.7868852459016393,0.9210526315789473,0.7586206896551724
exo4,mappo,1024,18012,128,107,0,21,0.8359375,0.0,3.566666666666667,4.97196261682243,8.0,0.6847222222222222,6,19,10.66292100985727,0.18175963455653754,0.015617283950617282,0.7733853264702364,0.057217319717319706,0.32297489547489555,0.07483632313696297,0.0,0.7761194029850746,0.868421052631579,0.9565217391304348
exo4,mappo,1024,18013,128,109,0,19,0.8515625,0.0,3.6333333333333333,4.807339449541284,8.599999999999994,0.6458333333333334,6,16,11.198687983185888,0.17427667659353505,0.014691358024691358,0.7644573235456863,0.04738613238613238,0.32633745883745885,0.0743259639030478,0.0,0.84375,0.925,0.75
exo4,mappo,1024,18014,128,113,0,15,0.8828125,0.0,3.7666666666666666,4.548672566371682,7.0,0.6041666666666666,4,17,12.574149858622317,0.1569251026181414,0.013641975308641979,0.7672797532187831,0.050037555037555026,0.34062872312872317,0.07544948442258013,0.0,0.8846153846153846,0.8571428571428571,0.9090909090909091
exo4,mappo,1024,18015,128,111,0,17,0.8671875,0.0,3.7,4.1891891891891895,7.0,0.5444444444444444,4,10,14.26267969460146,0.16427747859784195,0.012376543209876545,0.7936234326471094,0.03488215488215488,0.3721127946127946,0.0828544533198889,0.0,0.78,0.9183673469387755,0.9310344827586207
exo4,mappo,123,18001,128,103,2,23,0.8046875,0.015625,3.433333333333333,4.902912621359223,9.0,0.7041666666666667,6,32,8.880674091824545,0.18557543614023672,0.016111111111111114,0.7678882117597188,0.09177322677322679,0.30374662374662376,0.07357935700969181,0.005252525252525253,0.8375,0.7586206896551724,0.7368421052631579
exo4,mappo,123,18002,128,104,2,22,0.8125,0.015625,3.466666666666667,4.865384615384615,8.0,0.6875,6,17,10.604766401112352,0.1692860225545881,0.015709876543209874,0.7661215152120786,0.04938616938616938,0.3196277796277796,0.0752992680743982,0.004945054945054945,0.8153846153846154,0.7714285714285715,0.8571428571428571
exo4,mappo,123,18003,128,106,1,21,0.828125,0.0078125,3.533333333333333,4.952830188679245,9.0,0.6930555555555555,7,27,8.697475203959897,0.18463136437462146,0.015802469135802466,0.7574529694041188,0.07262353387353389,0.2948182373182373,0.07049085977890814,0.002564102564102564,0.8115942028985508,0.7419354838709677,0.9642857142857143
exo4,mappo,123,18004,128,105,1,22,0.8203125,0.0078125,3.5,4.704761904761905,8.0,0.6652777777777777,7,28,9.385814506342752,0.18901549909303691,0.01521604938271605,0.7544968187505465,0.08160931660931661,0.30896122396122394,0.07340175819656986,0.0023809523809523807,0.8214285714285714,0.85,0.78125
exo4,mappo,123,18005,128,103,1,24,0.8046875,0.0078125,3.433333333333333,4.650485436893204,8.0,0.6486111111111111,6,26,9.302376880501548,0.19775131089358103,0.014907407407407406,0.7729174457648705,0.07870768120768121,0.31322122322122314,0.07592093394258614,0.0030303030303030303,0.7586206896551724,0.8292682926829268,0.8620689655172413
exo4,mappo,123,18006,128,112,0,16,0.875,0.0,3.7333333333333334,4.339285714285714,8.0,0.5888888888888889,5,13,13.532835046431254,0.1542926186591007,0.013333333333333334,0.7741250354344004,0.041219336219336225,0.35477698227698234,0.07843806893181408,0.0,0.8939393939393939,0.8648648648648649,0.84
exo4,mappo,123,18007,128,103,1,24,0.8046875,0.0078125,3.433333333333333,5.310679611650485,9.0,0.75,7,21,8.739526693366152,0.1982650929297368,0.017160493827160495,0.7834312604067875,0.059446386946386945,0.30379176379176376,0.07373413049901222,0.0033333333333333335,0.8305084745762712,0.7948717948717948,0.7666666666666667
exo4,mappo,123,18008,128,106,1,21,0.828125,0.0078125,3.533333333333333,5.009433962264151,9.75,0.7055555555555556,8,24,9.90960605284995,0.18091919542371915,0.016080246913580246,0.7615265730121388,0.06782569282569283,0.31332750582750585,0.07278065516855335,0.0027777777777777775,0.8461538461538461,0.7619047619047619,0.9047619047619048
exo4,mappo,123,18009,128,108,1,19,0.84375,0.0078125,3.6,5.0,9.0,0.7013888888888888,7,25,10.122332198883386,0.18375854604260602,0.015925925925925927,0.7366025628352383,0.07429588929588932,0.3172624597624598,0.07333220540853512,0.0023809523809523807,0.9298245614035088,0.8478260869565217,0.64
exo4,mappo,123,18010,128,111,0,17,0.8671875,0.0,3.7,4.8558558558558556,8.0,0.6486111111111111,5,17,11.515015741916775,0.17678164824862166,0.014691358024691356,0.762188053629848,0.04767954267954268,0.33283309283309287,0.07542879035025028,0.0,0.8387096774193549,0.9024390243902439,0.88
exo4,mappo,123,18011,128,106,1,21,0.828125,0.0078125,3.533333333333333,5.009433962264151,9.0,0.7041666666666667,6,32,9.926686694460198,0.18372975581489437,0.01604938271604938,0.7689570581276227,0.09464257964257965,0.31761775261775255,0.07508020580042099,0.0022222222222222222,0.8032786885245902,0.9210526315789473,0.7586206896551724
exo4,mappo,123,18012,128,104,0,24,0.8125,0.0,3.466666666666667,4.990384615384615,8.849999999999994,0.6986111111111111,7,13,10.838357147456325,0.17408522790001923,0.01601851851851852,0.7840590057501616,0.03986809486809487,0.32110981610981615,0.07661498374285522,0.0,0.7611940298507462,0.8421052631578947,0.9130434782608695
exo4,mappo,123,18013,128,106,0,22,0.828125,0.0,3.533333333333333,4.80188679245283,9.0,0.6569444444444444,7,21,10.825161709406768,0.17191678543855243,0.015030864197530863,0.7708154340116684,0.060908165908165904,0.32077811077811086,0.0751284452995222,0.0,0.828125,0.9,0.7083333333333334
exo4,mappo,123,18014,128,109,2,17,0.8515625,0.015625,3.6333333333333333,4.431192660550459,7.0,0.6180555555555556,4,19,11.105841943621348,0.15772994241021263,0.014012345679012345,0.7652427042349059,0.050061605061605056,0.3220769045769046,0.07293856121718861,0.005594405594405594,0.8333333333333334,0.8928571428571429,0.8636363636363636
exo4,mappo,123,18015,128,109,2,17,0.8515625,0.015625,3.6333333333333333,4.1192660550458715,8.0,0.5569444444444445,4,10,13.272923645936276,0.16112005059533138,0.012654320987654321,0.7927853769310442,0.03249037999037999,0.35987373737373746,0.08074343250741271,0.006111111111111111,0.8,0.8775510204081632,0.896551724137931
exo4,mappo,2024,18001,128,101,4,23,0.7890625,0.03125,3.3666666666666667,5.0,9.0,0.7430555555555556,7,13,9.578713340679943,0.1798141604456335,0.01697530864197531,0.7740169424799184,0.04035224035224036,0.31611481111481116,0.07776331566340745,0.013148148148148148,0.8125,0.7241379310344828,0.7894736842105263
exo4,mappo,2024,18002,128,105,1,22,0.8203125,0.0078125,3.5,4.933333333333334,8.799999999999997,0.6819444444444445,6,16,11.282505910145414,0.17307987764666002,0.015586419753086419,0.7677633459624358,0.047591297591297606,0.3303917378917378,0.07728132753458,0.002564102564102564,0.8461538461538461,0.7714285714285715,0.8214285714285714
exo4,mappo,2024,18003,128,106,0,22,0.828125,0.0,3.533333333333333,5.367924528301887,10.0,0.7513888888888889,9,15,8.910539934381173,0.19134961572836764,0.017129629629629627,0.7587584092347319,0.04203537203537203,0.29676739926739937,0.07180565959473821,0.0,0.8260869565217391,0.7419354838709677,0.9285714285714286
exo4,mappo,2024,18004,128,102,4,22,0.796875,0.03125,3.4,4.911764705882353,9.0,0.725,8,23,7.773384658666769,0.19676718349262512,0.01654320987654321,0.7414998058242362,0.06448995448995448,0.29311938061938064,0.07170233502945149,0.011452991452991453,0.7857142857142857,0.8,0.8125
exo4,mappo,2024,18005,128,105,1,22,0.8203125,0.0078125,3.5,4.6,9.0,0.6319444444444444,6,14,10.862296213741987,0.1858425706441771,0.014475308641975305,0.7781639373102841,0.04402356902356903,0.32998556998557,0.07790068358968129,0.0030303030303030303,0.7586206896551724,0.8292682926829268,0.9310344827586207
exo4,mappo,2024,18006,128,108,2,18,0.84375,0.015625,3.6,4.537037037037037,7.6499999999999915,0.6388888888888888,6,16,12.197079784926913,0.15851881290566877,0.014506172839506172,0.7716466741083514,0.05078995078995077,0.34152033152033157,0.07836116941522361,0.005594405594405594,0.8939393939393939,0.7837837837837838,0.8
exo4,mappo,2024,18007,128,108,1,19,0.84375,0.0078125,3.6,4.62037037037037,8.0,0.6458333333333334,5,15,10.916342539010806,0.1699580950125944,0.014691358024691356,0.7669990299244439,0.04291319791319791,0.3216816516816517,0.07363289593973248,0.002564102564102564,0.847457627118644,0.8461538461538461,0.8333333333333334
exo4,mappo,2024,18008,128,107,2,19,0.8359375,0.015625,3.566666666666667,4.88785046728972,8.0,0.7013888888888888,7,15,10.4731040618767,0.1761775332447695,0.015925925925925923,0.7498097547557896,0.041370296370296364,0.3193017168017168,0.07326656139061782,0.005,0.8461538461538461,0.7857142857142857,0.9047619047619048
exo4,mappo,2024,18009,128,108,2,18,0.84375,0.015625,3.6,4.981481481481482,9.0,0.7027777777777777,7,22,9.73723106860899,0.18088368409055627,0.015925925925925927,0.7350594538203604,0.05621323121323121,0.3097041847041847,0.07254634792407834,0.004603174603174604,0.9122807017543859,0.8478260869565217,0.68
exo4,mappo,2024,18010,128,109,0,19,0.8515625,0.0,3.6333333333333333,4.669724770642202,8.0,0.6305555555555555,4,16,11.572850770118967,0.1688810141391223,0.01435185185185185,0.7657772821708344,0.04683649683649684,0.3298004773004773,0.07531739058669028,0.0,0.8548387096774194,0.8292682926829268,0.88
exo4,mappo,2024,18011,128,103,2,23,0.8046875,0.015625,3.433333333333333,5.165048543689321,9.0,0.7402777777777778,6,24,9.314482720884639,0.1914657717373594,0.01691358024691358,0.7688141628727698,0.06685175935175934,0.311224654974655,0.0742327669909763,0.004647435897435897,0.7868852459016393,0.868421052631579,0.7586206896551724
exo4,mappo,2024,18012,128,103,1,24,0.8046875,0.0078125,3.433333333333333,5.165048543689321,9.0,0.7347222222222223,6,16,9.755795138837406,0.18120247717848173,0.016820987654320985,0.7751927261654942,0.0435027935027935,0.3095446220446221,0.07461418620061608,0.0027777777777777775,0.746268656716418,0.8157894736842105,0.9565217391304348
exo4,mappo,2024,18013,128,104,1,23,0.8125,0.0078125,3.466666666666667,4.923076923076923,9.849999999999994,0.6958333333333333,6,20,10.0052728509443,0.17747978440740803,0.01592592592592593,0.7649602393673511,0.05651459651459652,0.31171957671957673,0.07466145575429115,0.0022222222222222222,0.828125,0.875,0.6666666666666666
exo4,mappo,2024,18014,128,109,1,18,0.8515625,0.0078125,3.6333333333333333,4.678899082568807,8.0,0.6416666666666667,5,7,11.877093932709329,0.16506077890029713,0.0145679012345679,0.771453075068498,0.022222222222222223,0.33421430421430426,0.0755395883238505,0.0033333333333333335,0.8333333333333334,0.8571428571428571,0.9090909090909091
exo4,mappo,2024,18015,128,108,2,18,0.84375,0.015625,3.6,4.305555555555555,7.6499999999999915,0.5875,4,7,12.531674658622292,0.16432680030768199,0.0133641975308642,0.7909485866195028,0.02192955192955193,0.34846357346357343,0.07978458198897194,0.006363636363636364,0.8,0.8571428571428571,0.896551724137931
exo4,mappo,314,18001,128,105,2,21,0.8203125,0.015625,3.5,5.3619047619047615,10.0,0.7638888888888888,9,8,10.443930646289944,0.18871684631933214,0.017376543209876544,0.7825764833302007,0.022944832944832946,0.3280526880526881,0.07694843938343131,0.007407407407407407,0.85,0.7586206896551724,0.7894736842105263
exo4,mappo,314,18002,128,102,2,24,0.796875,0.015625,3.4,5.166666666666667,9.949999999999989,0.7347222222222223,8,9,11.16530923628732,0.1716910220120423,0.016820987654320985,0.7772096235176746,0.025488955488955488,0.328921448921449,0.07809247824819653,0.004945054945054945,0.8153846153846154,0.7142857142857143,0.8571428571428571
exo4,mappo,314,18003,128,107,1,20,0.8359375,0.0078125,3.566666666666667,5.242990654205608,10.0,0.7347222222222223,8,12,9.398435885427714,0.1906010429946846,0.016697530864197528,0.7627669081564882,0.03276986901986902,0.3062240074740075,0.07248881333220752,0.002564102564102564,0.8115942028985508,0.7419354838709677,1.0
exo4,mappo,314,18004,128,107,0,21,0.8359375,0.0,3.566666666666667,5.02803738317757,9.0,0.6916666666666667,7,7,11.48614328892143,0.19482977450663175,0.015771604938271604,0.7701631345126743,0.02160968660968661,0.3397118622118622,0.07766972229222927,0.0,0.8214285714285714,0.85,0.84375
exo4,mappo,314,18005,128,105,0,23,0.8203125,0.0,3.5,5.0476190476190474,10.0,0.6930555555555555,7,8,11.239031323999738,0.1955464000320594,0.0158641975308642,0.7821408291226345,0.02585016835016835,0.33710502460502473,0.07953797104343512,0.0,0.7586206896551724,0.8292682926829268,0.9310344827586207
exo4,mappo,314,18006,128,112,0,16,0.875,0.0,3.7333333333333334,4.696428571428571,8.0,0.6375,6,5,13.921895334320194,0.16455805893956474,0.01441358024691358,0.776462051412125,0.01603211603211603,0.364508362008362,0.08011994721319636,0.0,0.8787878787878788,0.8918918918918919,0.84
exo4,mappo,314,18007,128,108,0,20,0.84375,0.0,3.6,4.787037037037037,8.0,0.6569444444444444,7,6,12.216110961673959,0.17702871838912732,0.014969135802469136,0.7871473643782996,0.01801864801864802,0.3431695156695157,0.07812839543903856,0.0,0.847457627118644,0.8205128205128205,0.8666666666666667
exo4,mappo,314,18008,128,109,0,19,0.8515625,0.0,3.6333333333333333,5.027522935779817,10.0,0.6972222222222222,9,9,11.869322051432286,0.18972827422204566,0.01583333333333333,0.7709383156255996,0.027316757316757312,0.3442204092204093,0.07844626145118558,0.0,0.8461538461538461,0.8095238095238095,0.9523809523809523
exo4,mappo,314,18009,128,109,1,18,0.8515625,0.0078125,3.6333333333333333,4.926605504587156,9.0,0.6819444444444445,6,9,11.401688108114811,0.17828721473388157,0.015462962962962961,0.7557902146306753,0.02575313575313575,0.3322901172901173,0.0758117503623856,0.0027777777777777775,0.8947368421052632,0.8913043478260869,0.68
exo4,mappo,314,18010,128,113,0,15,0.8828125,0.0,3.7666666666666666,4.672566371681416,8.0,0.6194444444444445,5,5,13.20352590864829,0.16810941410464283,0.01398148148148148,0.7789125200389292,0.01534188034188034,0.35408813408813417,0.07804510525894738,0.0,0.8709677419354839,0.9024390243902439,0.88
exo4,mappo,314,18011,128,106,1,21,0.828125,0.0078125,3.533333333333333,5.320754716981132,10.0,0.7472222222222222,9,8,11.368653671250748,0.19089081120734405,0.017006172839506176,0.7876036779711836,0.022761682761682767,0.34007566507566517,0.07832198392345671,0.0027777777777777775,0.7868852459016393,0.9473684210526315,0.7586206896551724
exo4,mappo,314,18012,128,105,0,23,0.8203125,0.0,3.5,5.123809523809523,8.799999999999997,0.7097222222222223,8,5,11.724610931306584,0.1793366475293577,0.016234567901234568,0.7969890446143061,0.017104377104377105,0.3370901320901321,0.07915818070726571,0.0,0.7611940298507462,0.868421052631579,0.9130434782608695
exo4,mappo,314,18013,128,107,0,21,0.8359375,0.0,3.566666666666667,5.009345794392523,9.0,0.6833333333333333,8,10,11.450278621832078,0.17804113434686764,0.015586419753086419,0.7734284596036481,0.03005568505568506,0.3316083916083917,0.07676576034875345,0.0,0.828125,0.875,0.7916666666666666
exo4,mappo,314,18014,128,110,0,18,0.859375,0.0,3.6666666666666665,5.0,9.0,0.6819444444444445,6,5,12.362631006141836,0.1733073510430965,0.015462962962962963,0.7813360905252013,0.013530913530913532,0.34315295815295827,0.07700702929018602,0.0,0.8589743589743589,0.8571428571428571,0.8636363636363636
exo4,mappo,314,18015,128,110,0,18,0.859375,0.0,3.6666666666666665,4.418181818181818,7.0,0.5833333333333334,5,2,14.742912248023057,0.16985109889207825,0.013271604938271607,0.806536277279963,0.006734006734006734,0.38124024124024125,0.08581262295554101,0.0,0.8,0.8979591836734694,0.896551724137931
exo4,mappo,42,18001,128,101,2,25,0.7890625,0.015625,3.3666666666666667,4.900990099009901,10.0,0.7222222222222222,8,18,9.908133143120299,0.17701254475423264,0.016574074074074074,0.7754228790141601,0.05463240463240463,0.31329133829133826,0.07680889080501152,0.004945054945054945,0.8,0.7241379310344828,0.8421052631578947
exo4,mappo,42,18002,128,103,2,23,0.8046875,0.015625,3.433333333333333,5.038834951456311,9.0,0.7166666666666667,6,14,10.190942525303912,0.17337223239191718,0.016388888888888887,0.7682518381611312,0.04085285085285085,0.31445091945091946,0.074682469789199,0.005128205128205128,0.8,0.7714285714285715,0.8571428571428571
exo4,mappo,42,18003,128,102,1,25,0.796875,0.0078125,3.4,5.235294117647059,10.0,0.7486111111111111,7,19,7.786619137266689,0.1953804918644142,0.017160493827160495,0.7572514256467866,0.05080794205794206,0.2838196525696525,0.07029109934066459,0.0030303030303030303,0.7391304347826086,0.7741935483870968,0.9642857142857143
exo4,mappo,42,18004,128,101,2,25,0.7890625,0.015625,3.3666666666666667,4.920792079207921,9.0,0.7277777777777777,7,24,8.32790326043704,0.1952777907007012,0.01669753086419753,0.7601877383941901,0.06915140415140415,0.2982591482591483,0.0747368814567318,0.00648148148148148,0.7321428571428571,0.875,0.78125
exo4,mappo,42,18005,128,107,1,20,0.8359375,0.0078125,3.566666666666667,4.626168224299065,8.0,0.6402777777777777,5,20,11.030674878195029,0.1822459727134313,0.014598765432098766,0.7774970000407913,0.06017871017871017,0.33291504791504795,0.07763839457996656,0.0033333333333333335,0.7931034482758621,0.8292682926829268,0.9310344827586207
exo4,mappo,42,18006,128,113,0,15,0.8828125,0.0,3.7666666666666666,4.1946902654867255,7.0,0.5555555555555556,4,9,13.433556929060217,0.16471972180298314,0.012561728395061728,0.7754553082539898,0.029882154882154885,0.3570149295149296,0.0795356174032263,0.0,0.8939393939393939,0.8918918918918919,0.84
exo4,mappo,42,18007,128,102,0,26,0.796875,0.0,3.4,5.6568627450980395,10.0,0.8041666666666667,7,11,8.828299323996294,0.20172175973471482,0.018425925925925925,0.7773616562842149,0.030150960150960148,0.30092268842268843,0.07339874578097863,0.0,0.8305084745762712,0.7948717948717948,0.7333333333333333
exo4,mappo,42,18008,128,106,1,21,0.828125,0.0078125,3.533333333333333,4.764150943396227,8.0,0.6638888888888889,8,12,11.210062157622763,0.17630335407882763,0.015154320987654318,0.7638578262095452,0.03901515151515152,0.3297686572686573,0.07697396601397477,0.0027777777777777775,0.8153846153846154,0.7857142857142857,0.9523809523809523
exo4,mappo,42,18009,128,108,0,20,0.84375,0.0,3.6,5.027777777777778,9.0,0.7041666666666667,7,14,10.385024321385176,0.19242218937832825,0.01601851851851852,0.7502516800607898,0.03849668849668849,0.32076220076220086,0.07395414246335842,0.0,0.9122807017543859,0.8695652173913043,0.64
exo4,mappo,42,18010,128,109,0,19,0.8515625,0.0,3.6333333333333333,4.73394495412844,9.0,0.6458333333333334,5,10,11.145147925205997,0.1752216471842348,0.014691358024691355,0.7628340145616891,0.02846560846560846,0.3239434639434639,0.07430740293449443,0.0,0.8225806451612904,0.8780487804878049,0.88
exo4,mappo,42,18011,128,108,0,20,0.84375,0.0,3.6,4.861111111111111,8.0,0.6805555555555556,6,14,10.710073053803873,0.19288369107011852,0.015493827160493827,0.7791861323155621,0.0434118659118659,0.32827283827283826,0.07663502206437818,0.0,0.819672131147541,0.9736842105263158,0.7241379310344828
exo4,mappo,42,18012,128,104,0,24,0.8125,0.0,3.466666666666667,4.980769230769231,8.0,0.7041666666666667,7,15,10.760504410853532,0.17916105632906082,0.016141975308641972,0.7790265819530858,0.04286787286787286,0.32238233988233994,0.07530330058037814,0.0,0.746268656716418,0.868421052631579,0.9130434782608695
exo4,mappo,42,18013,128,107,0,21,0.8359375,0.0,3.566666666666667,4.635514018691588,8.0,0.6472222222222223,5,22,10.805967195009949,0.17012386375125746,0.014783950617283948,0.7649752334865575,0.0582056832056832,0.31883921633921636,0.07389841943223946,0.0,0.796875,0.95,0.75
exo4,mappo,42,18014,128,110,0,18,0.859375,0.0,3.6666666666666665,4.654545454545454,8.0,0.6333333333333333,4,14,11.654448414584238,0.1645047168485791,0.014382716049382715,0.7658521842853329,0.039647852147852145,0.32819208569208574,0.07376879018507894,0.0,0.8333333333333334,0.8928571428571429,0.9090909090909091
exo4,mappo,42,18015,128,111,0,17,0.8671875,0.0,3.7,4.054054054054054,7.0,0.5333333333333333,4,8,14.413795053188187,0.16179501410778396,0.012129629629629629,0.8012001226524832,0.027331649831649832,0.3729251304251304,0.08305365700921893,0.0,0.78,0.9387755102040817,0.896551724137931
exo4,mappo,456,18001,128,100,4,24,0.78125,0.03125,3.3333333333333335,4.89,9.0,0.7402777777777778,7,32,7.859386542081116,0.1791460730219319,0.016944444444444443,0.7491377779278892,0.08245476745476746,0.2867031117031117,0.07063901885879396,0.01012820512820513,0.8375,0.6551724137931034,0.7368421052631579
exo4,mappo,456,18002,128,102,2,24,0.796875,0.015625,3.4,4.862745098039215,9.949999999999989,0.7083333333333334,5,29,9.124494753605894,0.16991663410580446,0.016234567901234568,0.7541929987339852,0.07895826395826396,0.29770229770229767,0.07249419302445709,0.004945054945054945,0.7846153846153846,0.7714285714285715,0.8571428571428571
exo4,mappo,456,18003,128,99,3,26,0.7734375,0.0234375,3.3,5.070707070707071,8.0,0.7805555555555556,8,60,6.033513518338476,0.18244569218123158,0.01790123456790123,0.7248251898827872,0.14590668862727688,0.2596905708670415,0.06617047484524201,0.0066082202111613884,0.7971014492753623,0.6451612903225806,0.8571428571428571
exo4,mappo,456,18004,128,101,2,25,0.7890625,0.015625,3.3666666666666667,4.910891089108911,11.0,0.7319444444444444,5,37,7.123979431098063,0.19632188349233654,0.016790123456790127,0.7315519017036433,0.09094721455015572,0.27771365072835663,0.06862705081947033,0.005,0.7857142857142857,0.8,0.78125
exo4,mappo,456,18005,128,99,1,28,0.7734375,0.0078125,3.3,4.6767676767676765,9.0,0.6916666666666667,6,27,8.251803170127603,0.19030681683145237,0.015987654320987654,0.7703129500862416,0.0725851925851926,0.2907130832130832,0.07276342496896564,0.0022222222222222222,0.6896551724137931,0.8292682926829268,0.8620689655172413
exo4,mappo,456,18006,128,108,0,20,0.84375,0.0,3.6,4.638888888888889,8.0,0.6361111111111111,4,19,10.703439269841919,0.1692337747144824,0.01450617283950617,0.7491149691376211,0.05836256336256337,0.31578708328708327,0.07370135007073746,0.0,0.8939393939393939,0.8378378378378378,0.72
exo4,mappo,456,18007,128,102,3,23,0.796875,0.0234375,3.4,4.754901960784314,8.0,0.6847222222222222,6,20,8.779552112312649,0.16774812302946723,0.015679012345679012,0.764348230030117,0.05436137936137935,0.29093425093425096,0.0717388856567107,0.007222222222222223,0.847457627118644,0.7435897435897436,0.7666666666666667
exo4,mappo,456,18008,128,103,2,23,0.8046875,0.015625,3.433333333333333,4.961165048543689,9.0,0.7361111111111112,6,30,8.651458337096564,0.18293076864608374,0.01682098765432099,0.7429523472674667,0.07749847374847375,0.2952996540496541,0.07106303854869203,0.004464285714285714,0.8307692307692308,0.7619047619047619,0.8095238095238095
exo4,mappo,456,18009,128,105,2,21,0.8203125,0.015625,3.5,4.904761904761905,9.0,0.7194444444444444,5,31,8.740145342621819,0.18257885126430265,0.016388888888888887,0.7288065090093317,0.07397181522181522,0.29494343619343616,0.07035569830620256,0.004074074074074074,0.9298245614035088,0.8043478260869565,0.6
exo4,mappo,456,18010,128,106,1,21,0.828125,0.0078125,3.533333333333333,4.981132075471698,10.0,0.7083333333333334,4,29,9.285794721368546,0.1741398774040838,0.016141975308641972,0.7431238130664654,0.0797012247012247,0.29931642431642425,0.07038369260770236,0.0023809523809523807,0.8225806451612904,0.8292682926829268,0.84
exo4,mappo,456,18011,128,105,3,20,0.8203125,0.0234375,3.5,4.6761904761904765,7.0,0.6958333333333333,4,29,9.33936307993142,0.17373066853068656,0.015833333333333328,0.7645919666627579,0.07748950123950125,0.3052401764901765,0.07220004610629487,0.006796906796906797,0.8360655737704918,0.8947368421052632,0.6896551724137931
exo4,mappo,456,18012,128,103,1,24,0.8046875,0.0078125,3.433333333333333,4.941747572815534,8.0,0.7013888888888888,6,15,9.674627941258551,0.1782212904385312,0.016080246913580246,0.7629092797011237,0.04122766122766122,0.3057128982128982,0.07255644138198605,0.0030303030303030303,0.7611940298507462,0.8157894736842105,0.9130434782608695
exo4,mappo,456,18013,128,104,2,22,0.8125,0.015625,3.466666666666667,4.730769230769231,8.849999999999994,0.6833333333333333,5,35,8.526325368149234,0.17935055859700666,0.015617283950617282,0.7504847762952493,0.0889219195836843,0.2924176177852648,0.07018571233221518,0.004464285714285714,0.8125,0.875,0.7083333333333334
exo4,mappo,456,18014,128,107,2,19,0.8359375,0.015625,3.566666666666667,4.4672897196261685,7.0,0.6375,3,25,10.357092854726732,0.15386093215409388,0.014506172839506174,0.747964510292244,0.06294233544233543,0.30753385503385505,0.0709038314331877,0.004945054945054945,0.8333333333333334,0.8571428571428571,0.8181818181818182
exo4,mappo,456,18015,128,107,2,19,0.8359375,0.015625,3.566666666666667,4.570093457943925,9.0,0.6375,4,21,11.101322405739797,0.17353164764686826,0.014506172839506174,0.7606792384011297,0.056509198862140037,0.32992670183846656,0.07580751732370199,0.00486111111111111,0.8,0.8367346938775511,0.896551724137931
exo4,mappo,7,18001,128,100,4,24,0.78125,0.03125,3.3333333333333335,5.09,10.0,0.7625,7,21,8.480179110664551,0.18951032317887295,0.01743827160493827,0.7572647059645807,0.05643942114530349,0.3009670503788151,0.07340947001914616,0.010722610722610722,0.825,0.6896551724137931,0.7368421052631579
exo4,mappo,7,18002,128,101,2,25,0.7890625,0.015625,3.3666666666666667,5.00990099009901,9.0,0.7472222222222222,7,11,9.908603819556628,0.17286242327502882,0.017129629629629627,0.7677178755812698,0.029864024864024865,0.3088743663743664,0.07467458570086619,0.005341880341880341,0.7692307692307693,0.7714285714285715,0.8571428571428571
exo4,mappo,7,18003,128,101,2,25,0.7890625,0.015625,3.3666666666666667,5.099009900990099,9.0,0.7680555555555556,7,35,6.535424224676952,0.19147692189829713,0.017592592592592594,0.7386953255112905,0.08312046613517203,0.26507873390226333,0.06741562374284088,0.0047619047619047615,0.7391304347826086,0.7419354838709677,0.9642857142857143
exo4,mappo,7,18004,128,100,5,23,0.78125,0.0390625,3.3333333333333335,4.62,8.0,0.7166666666666667,5,27,7.40066653318862,0.18383599477587448,0.016388888888888887,0.7272221237605803,0.07068556443556442,0.28196012321012326,0.07046864452402854,0.013189033189033188,0.7678571428571429,0.75,0.84375
exo4,mappo,7,18005,128,101,1,26,0.7890625,0.0078125,3.3666666666666667,4.633663366336633,8.0,0.6722222222222223,5,28,8.989769990929679,0.18724835973587178,0.015493827160493828,0.7582864349107061,0.08414816664816664,0.30278564028564026,0.07549976528047729,0.0030303030303030303,0.7413793103448276,0.8048780487804879,0.8620689655172413
exo4,mappo,7,18006,128,109,1,18,0.8515625,0.0078125,3.6333333333333333,4.63302752293578,9.0,0.6430555555555556,4,11,11.28625172815368,0.17087482194721054,0.014598765432098764,0.7609023182864677,0.030728715728715727,0.3266210641210642,0.07482023274488046,0.0023809523809523807,0.8939393939393939,0.8108108108108109,0.8
exo4,mappo,7,18007,128,105,2,21,0.8203125,0.015625,3.5,5.171428571428572,8.0,0.7361111111111112,6,13,9.286845428327068,0.1831600299078329,0.01675925925925926,0.7728307616526903,0.03524475524475524,0.303481980981981,0.07296633950583442,0.004603174603174604,0.847457627118644,0.7435897435897436,0.8666666666666667
exo4,mappo,7,18008,128,105,3,20,0.8203125,0.0234375,3.5,4.6380952380952385,8.0,0.6888888888888889,5,24,9.361745783893893,0.17010000079947868,0.015679012345679012,0.7387776857434543,0.06615541865541866,0.30144568394568394,0.07112858145199798,0.006984126984126983,0.8461538461538461,0.7619047619047619,0.8571428571428571
exo4,mappo,7,18009,128,105,4,19,0.8203125,0.03125,3.5,4.819047619047619,9.0,0.7138888888888889,5,23,8.726032194877757,0.1744798004989019,0.016203703703703706,0.7316715381253005,0.05736860361860362,0.29418831168831167,0.07091912215915824,0.009166666666666665,0.9298245614035088,0.782608695652174,0.64
exo4,mappo,7,18010,128,104,3,21,0.8125,0.0234375,3.466666666666667,4.836538461538462,9.849999999999994,0.6958333333333333,4,38,8.120995916846335,0.17371854234729506,0.0158641975308642,0.7329315357931138,0.09318348318348318,0.2857946220446221,0.06916373973116133,0.007816627816627817,0.8225806451612904,0.7560975609756098,0.88
exo4,mappo,7,18011,128,103,3,22,0.8046875,0.0234375,3.433333333333333,5.106796116504855,9.899999999999991,0.7416666666666667,5,34,8.096438066500761,0.18586035564735273,0.01691358024691358,0.7506815702817297,0.09038128538128537,0.29192215192215193,0.07092846677077078,0.0071672771672771675,0.7868852459016393,0.8421052631578947,0.7931034482758621
exo4,mappo,7,18012,128,104,1,23,0.8125,0.0078125,3.466666666666667,5.028846153846154,8.849999999999994,0.7236111111111111,6,18,9.238997491365316,0.18208226834276173,0.01654320987654321,0.7594342613677044,0.04273929773929774,0.2998563011063012,0.07175992476560644,0.0023809523809523807,0.7761194029850746,0.8157894736842105,0.9130434782608695
exo4,mappo,7,18013,128,104,2,22,0.8125,0.015625,3.466666666666667,4.778846153846154,8.849999999999994,0.6916666666666667,5,35,8.57159151828001,0.178477041459026,0.01580246913580247,0.7467246469693187,0.09249139749139748,0.29370657120657123,0.07086203856802352,0.005158730158730159,0.8125,0.875,0.7083333333333334
exo4,mappo,7,18014,128,107,1,20,0.8359375,0.0078125,3.566666666666667,4.4672897196261685,7.699999999999989,0.625,5,23,10.404659921732545,0.1706116930598866,0.01425925925925926,0.752278442156049,0.06001628001628001,0.3136425176131058,0.0729126852152094,0.00196078431372549,0.8205128205128205,0.8214285714285714,0.9090909090909091
exo4,mappo,7,18015,128,106,2,20,0.828125,0.015625,3.533333333333333,4.273584905660377,8.75,0.6013888888888889,4,14,11.05902103064244,0.16336921955678746,0.013734567901234566,0.7603770484424626,0.03715830465830466,0.32231518481518484,0.07486334938178515,0.005341880341880341,0.78,0.8367346938775511,0.896551724137931
exo4,mappo,789,18001,128,101,3,24,0.7890625,0.0234375,3.3666666666666667,4.693069306930693,9.0,0.7194444444444444,7,23,9.234777345641684,0.17482854237127693,0.01648148148148148,0.770920787741209,0.0629009879009879,0.3048468198468198,0.07437357517102841,0.008372183372183373,0.825,0.7241379310344828,0.7368421052631579
exo4,mappo,789,18002,128,104,2,22,0.8125,0.015625,3.466666666666667,4.894230769230769,8.849999999999994,0.6930555555555555,6,20,10.051982843466392,0.17010369315011703,0.015833333333333335,0.757576082725602,0.05767954267954267,0.3105896418396419,0.07438201160707156,0.004305555555555555,0.8153846153846154,0.7714285714285715,0.8571428571428571
exo4,mappo,789,18003,128,106,0,22,0.828125,0.0,3.533333333333333,5.490566037735849,10.0,0.7597222222222222,6,28,7.975072269429068,0.1954260970480935,0.017314814814814814,0.7434510296873836,0.0754097754097754,0.28568271869742456,0.06824688129908137,0.0,0.782608695652174,0.7741935483870968,1.0
exo4,mappo,789,18004,128,104,2,22,0.8125,0.015625,3.466666666666667,4.9326923076923075,10.0,0.7055555555555556,7,23,9.03395953262596,0.19228647456090212,0.01611111111111111,0.7474803571054655,0.06134550634550633,0.30524919524919525,0.07283795757976397,0.004945054945054945,0.7857142857142857,0.85,0.8125
exo4,mappo,789,18005,128,105,0,23,0.8203125,0.0,3.5,4.79047619047619,9.0,0.6597222222222222,4,23,10.30613402573862,0.19272735841103367,0.015123456790123453,0.7714226546218952,0.06921985421985423,0.32348059348059355,0.07611025953940115,0.0,0.7586206896551724,0.8292682926829268,0.9310344827586207
exo4,mappo,789,18006,128,111,0,17,0.8671875,0.0,3.7,4.657657657657658,8.0,0.6236111111111111,3,21,12.030793737840431,0.16718853545744652,0.0141358024691358,0.7572503996310076,0.06426406926406926,0.3378558478558478,0.07610206535011588,0.0,0.8939393939393939,0.8648648648648649,0.8
exo4,mappo,789,18007,128,104,3,21,0.8125,0.0234375,3.466666666666667,5.038461538461538,9.0,0.7347222222222223,7,15,8.950762717716724,0.1814140630517145,0.016728395061728397,0.7623227031071591,0.03928169053169053,0.29923460798460794,0.07168294637064111,0.007028388278388279,0.847457627118644,0.7435897435897436,0.8333333333333334
exo4,mappo,789,18008,128,107,0,21,0.8359375,0.0,3.566666666666667,4.88785046728972,9.0,0.6791666666666667,7,23,10.90820965739357,0.17889664017976445,0.015493827160493825,0.7571685485893968,0.06584443334443334,0.3256348281348282,0.0748522425388469,0.0,0.8307692307692308,0.8095238095238095,0.9047619047619048
exo4,mappo,789,18009,128,108,1,19,0.84375,0.0078125,3.6,4.712962962962963,8.0,0.6583333333333333,4,19,9.844372192121371,0.17877460076634463,0.014969135802469136,0.7368671781030659,0.05209648194942313,0.30813577490048083,0.07209280394465277,0.0030303030303030303,0.9122807017543859,0.8695652173913043,0.64
exo4,mappo,789,18010,128,110,0,18,0.859375,0.0,3.6666666666666665,4.718181818181818,8.0,0.6361111111111111,4,37,11.33217642395202,0.16910764829499333,0.014444444444444446,0.7609564133128474,0.10192279942279943,0.3311478336478337,0.07413048097539733,0.0,0.8387096774193549,0.8780487804878049,0.88
exo4,mappo,789,18011,128,107,1,20,0.8359375,0.0078125,3.566666666666667,4.934579439252336,8.0,0.6958333333333333,5,20,10.367301873553501,0.1792515483791825,0.01583333333333333,0.7760208550282943,0.05489010989010988,0.31954036704036703,0.07450126880027856,0.0027777777777777775,0.819672131147541,0.9210526315789473,0.7586206896551724
exo4,mappo,789,18012,128,103,0,25,0.8046875,0.0,3.433333333333333,4.718446601941747,7.8999999999999915,0.6722222222222223,5,15,10.222215533852092,0.17603654341096053,0.01546296296296296,0.7801767139531347,0.04227855477855477,0.3114958189958191,0.07370824064212876,0.0,0.746268656716418,0.8157894736842105,0.9565217391304348
exo4,mappo,789,18013,128,105,1,22,0.8203125,0.0078125,3.5,4.752380952380952,9.0,0.6763888888888889,7,32,9.594280645492317,0.1689625593813934,0.015462962962962961,0.754707697725215,0.08207098457098458,0.3023404835904836,0.07209271448296631,0.0022222222222222222,0.8125,0.875,0.75
exo4,mappo,789,18014,128,110,0,18,0.859375,0.0,3.6666666666666665,4.990909090909091,9.549999999999997,0.6777777777777778,5,20,11.14214394933162,0.17606570137759117,0.015370370370370371,0.7665923300203473,0.053378843378843376,0.32723526473526476,0.07368731807784475,0.0,0.8461538461538461,0.8571428571428571,0.9090909090909091
exo4,mappo,789,18015,128,108,2,18,0.84375,0.015625,3.6,4.2592592592592595,7.6499999999999915,0.5888888888888889,5,10,12.261082104766922,0.16055131320051094,0.013395061728395063,0.7713937213150222,0.028783438783438788,0.34088423014893604,0.07791189889779947,0.005555555555555555,0.8,0.8571428571428571,0.896551724137931
exo4,global_dijkstra,-1,18001,128,105,0,23,0.8203125,0.0,3.5,5.428571428571429,10.799999999999997,0.7555555555555555,8,26,11.569328678312473,0.1944564647977805,0.017253086419753084,0.8032455176429106,0.07984265734265736,0.34910385910385916,0.0801141176423024,0.0,0.8375,0.7586206896551724,0.8421052631578947
exo4,global_dijkstra,-1,18002,128,101,0,27,0.7890625,0.0,3.3666666666666667,5.207920792079208,9.0,0.7361111111111112,7,24,11.5066637022343,0.18300487123311934,0.016944444444444443,0.7968963472931152,0.08317099567099566,0.34240925740925743,0.0837879742518589,0.0,0.8153846153846154,0.7714285714285715,0.75
exo4,global_dijkstra,-1,18003,128,105,1,22,0.8203125,0.0078125,3.5,5.0095238095238095,9.0,0.7375,7,35,10.505019826789116,0.17953154182743322,0.016820987654320985,0.7796951666634132,0.10659673659673662,0.32842657342657344,0.07741956690264297,0.0033333333333333335,0.8405797101449275,0.7096774193548387,0.8928571428571429
exo4,global_dijkstra,-1,18004,128,107,0,21,0.8359375,0.0,3.566666666666667,4.953271028037383,9.0,0.7166666666666667,7,22,11.788951573916373,0.19758990468220886,0.01632716049382716,0.7870558881845866,0.06945059570059571,0.35217042217042216,0.08128450841116824,0.0,0.7678571428571429,0.875,0.90625
exo4,global_dijkstra,-1,18005,128,109,0,19,0.8515625,0.0,3.6333333333333333,5.08256880733945,9.0,0.7097222222222223,7,29,11.663520059076639,0.198836632178449,0.01611111111111111,0.7907836769359381,0.08851722351722352,0.3526554001554002,0.08019464877202577,0.0,0.8275862068965517,0.8536585365853658,0.896551724137931
exo4,global_dijkstra,-1,18006,128,112,0,16,0.875,0.0,3.7333333333333334,5.089285714285714,9.449999999999989,0.6875,9,18,13.683584335828098,0.171638517363768,0.015524691358024693,0.786284819992846,0.05880471380471381,0.3693446368446368,0.08122100617922001,0.0,0.8939393939393939,0.8378378378378378,0.88
exo4,global_dijkstra,-1,18007,128,107,0,21,0.8359375,0.0,3.566666666666667,5.242990654205608,10.0,0.7166666666666667,6,25,12.33086144364731,0.1815735726662975,0.016327160493827157,0.8113493985581629,0.07951779701779702,0.3554353054353055,0.08168095761632249,0.0,0.8305084745762712,0.8717948717948718,0.8
exo4,global_dijkstra,-1,18008,128,116,0,12,0.90625,0.0,3.8666666666666667,4.422413793103448,8.0,0.5833333333333334,5,18,14.159309688622661,0.16547093481752514,0.013086419753086422,0.7857124664239391,0.056096218596218606,0.3727952602952603,0.07882969988133323,0.0,0.9076923076923077,0.8809523809523809,0.9523809523809523
exo4,global_dijkstra,-1,18009,128,113,0,15,0.8828125,0.0,3.7666666666666666,4.79646017699115,9.0,0.6541666666666667,5,21,12.971069004466134,0.17730628005762625,0.014753086419753089,0.7815112963791097,0.06426443926443927,0.36014050764050765,0.07799281781249864,0.0,0.9298245614035088,0.9130434782608695,0.72
exo4,global_dijkstra,-1,18010,128,103,0,25,0.8046875,0.0,3.433333333333333,4.689320388349515,9.0,0.6708333333333333,10,22,12.473496431465449,0.1676006317624079,0.015432098765432096,0.791889713592731,0.07647065897065897,0.3492863617863618,0.08360095262383417,0.0,0.7741935483870968,0.8780487804878049,0.76
exo4,global_dijkstra,-1,18011,128,106,0,22,0.828125,0.0,3.533333333333333,5.4245283018867925,11.0,0.7569444444444444,9,18,11.020007638727094,0.2027320559642016,0.017253086419753087,0.8033201049061227,0.05685703185703186,0.3417197617197617,0.07867993519930831,0.0,0.7540983606557377,0.9473684210526315,0.8275862068965517
exo4,global_dijkstra,-1,18012,128,108,0,20,0.84375,0.0,3.6,5.277777777777778,11.0,0.7430555555555556,8,24,12.402469658706083,0.1784252884140704,0.016882716049382716,0.8007170464984635,0.0811928811928812,0.3548569023569024,0.08056407281602862,0.0,0.8059701492537313,0.8421052631578947,0.9565217391304348
exo4,global_dijkstra,-1,18013,128,100,1,27,0.78125,0.0078125,3.3333333333333335,4.96,9.049999999999997,0.7347222222222223,10,35,10.963830990279861,0.1671064536436792,0.01691358024691358,0.8070119161245835,0.11711279461279461,0.33289950789950784,0.08169507006052269,0.0037037037037037034,0.78125,0.825,0.7083333333333334
exo4,global_dijkstra,-1,18014,128,105,0,23,0.8203125,0.0,3.5,4.923809523809524,9.0,0.6875,6,17,12.714721825018698,0.16711417527191658,0.01574074074074074,0.7976066195519699,0.05086968586968587,0.3508608983608984,0.08256368894196771,0.0,0.8333333333333334,0.8214285714285714,0.7727272727272727
exo4,global_dijkstra,-1,18015,128,109,0,19,0.8515625,0.0,3.6333333333333333,4.1192660550458715,7.0,0.5472222222222223,4,19,14.682640847204388,0.16357774769311625,0.0125,0.810564369820632,0.061304713804713806,0.3824723424723425,0.08628195935083117,0.0,0.72,0.9387755102040817,0.9310344827586207
exo4,full_heuristic,-1,18001,128,53,19,56,0.4140625,0.1484375,1.7666666666666666,9.584905660377359,18.4,1.6180555555555556,9,139,-9.709019151463421,0.3123996689724639,0.03743827160493827,0.608074870004122,0.23978690599046637,0.0967789851187684,0.04888969468140859,0.030593909014961642,0.4625,0.2413793103448276,0.47368421052631576
exo4,full_heuristic,-1,18002,128,51,20,57,0.3984375,0.15625,1.7,8.058823529411764,17.5,1.5305555555555554,7,137,-8.868042534558091,0.2793821357518315,0.0355246913580247,0.6005724779666098,0.234001912995048,0.09500130844238396,0.049420697416027816,0.03300122286392308,0.4307692307692308,0.22857142857142856,0.5357142857142857
exo4,full_heuristic,-1,18003,128,52,12,64,0.40625,0.09375,1.7333333333333334,8.307692307692308,18.449999999999996,1.5166666666666666,5,154,-8.663766563602783,0.29395888720615054,0.0354320987654321,0.582828388586003,0.258186900289303,0.09322013598093822,0.04738514850208909,0.01913459538173497,0.42028985507246375,0.3870967741935484,0.39285714285714285
exo4,full_heuristic,-1,18004,128,65,16,47,0.5078125,0.125,2.1666666666666665,8.353846153846154,18.599999999999994,1.4166666666666667,6,124,-6.673216215944635,0.28122940317902206,0.032685185185185185,0.5849019258175505,0.20654559596762445,0.11995680278675971,0.04828287985369898,0.02517449750859362,0.5535714285714286,0.375,0.59375
exo4,full_heuristic,-1,18005,128,54,21,53,0.421875,0.1640625,1.8,7.592592592592593,15.0,1.386111111111111,5,123,-7.74400705985319,0.2787350508265409,0.032191358024691356,0.5993396856485997,0.20720286364249213,0.11013769430043491,0.05054244625760459,0.033746017048614976,0.39655172413793105,0.43902439024390244,0.4482758620689655
exo4,full_heuristic,-1,18006,128,58,15,55,0.453125,0.1171875,1.9333333333333333,8.189655172413794,17.15,1.4361111111111111,7,142,-7.89931658526665,0.29839996491464876,0.0333641975308642,0.5962875219889432,0.24506672594840584,0.11132185385769314,0.048731062767623824,0.0236738669764649,0.45454545454545453,0.4864864864864865,0.4
exo4,full_heuristic,-1,18007,128,46,25,57,0.359375,0.1953125,1.5333333333333334,8.41304347826087,19.5,1.5680555555555555,7,131,-9.866766097155244,0.28131936396147433,0.03635802469135803,0.5821068218066062,0.22189273923979128,0.08377758922028003,0.047384223340710276,0.03935697280090871,0.423728813559322,0.3076923076923077,0.3
exo4,full_heuristic,-1,18008,128,57,24,47,0.4453125,0.1875,1.9,8.526315789473685,15.399999999999991,1.4430555555555555,6,114,-8.687469052364195,0.2830242233248895,0.0332716049382716,0.5816814530375516,0.19726780162101204,0.10040767815165445,0.04811661902626,0.03916139162134585,0.5538461538461539,0.21428571428571427,0.5714285714285714
exo4,full_heuristic,-1,18009,128,51,23,54,0.3984375,0.1796875,1.7,8.96078431372549,18.0,1.5611111111111111,6,128,-9.67976257746181,0.30372897711318203,0.036111111111111115,0.5874660915284278,0.20621629214575773,0.093403869690382,0.04849271228607132,0.036004743575076055,0.42105263157894735,0.391304347826087,0.36
exo4,full_heuristic,-1,18010,128,56,25,47,0.4375,0.1953125,1.8666666666666667,8.285714285714286,16.0,1.4291666666666667,6,122,-9.61132245726879,0.3054002692708231,0.03296296296296296,0.5896743072660797,0.20893030476874197,0.10025829900644814,0.04899446952907013,0.04173521749036623,0.4838709677419355,0.2926829268292683,0.56
exo4,full_heuristic,-1,18011,128,57,23,48,0.4453125,0.1796875,1.9,9.12280701754386,17.39999999999999,1.5527777777777778,6,154,-10.573037142881475,0.3278477528835958,0.035740740740740747,0.5904606706492117,0.2582572262892629,0.09695860754213156,0.04726634501988763,0.03724364710634734,0.39344262295081966,0.4473684210526316,0.5517241379310345
exo4,full_heuristic,-1,18012,128,58,21,49,0.453125,0.1640625,1.9333333333333333,7.810344827586207,16.15,1.3791666666666667,6,121,-6.989669197783242,0.25214043967129546,0.03191358024691358,0.6020772298522078,0.20676816268887882,0.10929622941333803,0.04903248475315023,0.033722762109489796,0.5223880597014925,0.2631578947368421,0.5652173913043478
exo4,full_heuristic,-1,18013,128,55,20,53,0.4296875,0.15625,1.8333333333333333,7.745454545454545,17.299999999999997,1.4069444444444446,6,128,-6.973559861543609,0.24653739223674725,0.03265432098765432,0.6001355312639663,0.21149368907815538,0.10538151389224887,0.04842766948934531,0.03169955812572584,0.484375,0.425,0.2916666666666667
exo4,full_heuristic,-1,18014,128,54,17,57,0.421875,0.1328125,1.8,7.574074074074074,16.0,1.4513888888888888,6,124,-6.985552330151355,0.24648251591171583,0.03376543209876544,0.5822418294019649,0.2042815517441981,0.09905588156951058,0.04783620846650547,0.026802265875492413,0.4358974358974359,0.35714285714285715,0.45454545454545453
exo4,full_heuristic,-1,18015,128,55,24,49,0.4296875,0.1875,1.8333333333333333,6.036363636363636,13.0,1.2597222222222222,7,93,-7.716061816754865,0.27808227768597504,0.02925925925925926,0.6129144458915348,0.17061498313584733,0.112837777068158,0.05103667257847897,0.0404349105636291,0.4,0.40816326530612246,0.5172413793103449
exo6,mappo,1024,18001,192,140,8,44,0.7291666666666666,0.041666666666666664,4.666666666666667,6.05,12.0,1.3847222222222222,10,52,7.620835194910002,0.19961183772131647,0.03175925925925926,0.697665992148288,0.10582718264993805,0.30335786676343957,0.05417383376840922,0.015659614723082214,0.7582417582417582,0.6491228070175439,0.7727272727272727
exo6,mappo,1024,18002,192,139,6,47,0.7239583333333334,0.03125,4.633333333333334,6.158273381294964,12.0,1.4305555555555556,11,31,9.246201725495014,0.196426698228474,0.03287037037037037,0.7205159545013056,0.06918058248940602,0.32445819159054456,0.058625690828740626,0.013118191721132896,0.7254901960784313,0.7457627118644068,0.6774193548387096
exo6,mappo,1024,18003,192,149,3,40,0.7760416666666666,0.015625,4.966666666666667,6.3355704697986575,12.0,1.3680555555555556,10,44,8.779053598188165,0.2153734177597378,0.03126543209876543,0.6803455126333925,0.09091539566384768,0.3189017969474627,0.05469842025222593,0.006547619047619048,0.7777777777777778,0.75,0.8095238095238095
exo6,mappo,1024,18004,192,144,2,46,0.75,0.010416666666666666,4.8,5.715277777777778,10.0,1.2430555555555556,9,42,9.263270265777061,0.1913745987539047,0.02867283950617284,0.6900638029728012,0.08744128420599011,0.31167360961478613,0.05461227903540779,0.004151404151404151,0.7157894736842105,0.7230769230769231,0.90625
exo6,mappo,1024,18005,192,147,1,44,0.765625,0.005208333333333333,4.9,6.01360544217687,11.0,1.3138888888888889,9,46,9.708811189402468,0.19372150991458956,0.030185185185185186,0.691507625461622,0.09461729991141755,0.31948457588163476,0.054766628978859734,0.00196078431372549,0.76,0.7543859649122807,0.8
exo6,mappo,1024,18006,192,150,2,40,0.78125,0.010416666666666666,5.0,5.453333333333333,10.549999999999983,1.1722222222222223,10,33,10.582521940960017,0.1916120429151186,0.026913580246913586,0.7131714523029817,0.07187219156259403,0.33251016054808624,0.05564728705001738,0.003935185185185185,0.7731958762886598,0.8,0.7714285714285715
exo6,mappo,1024,18007,192,150,1,41,0.78125,0.005208333333333333,5.0,5.953333333333333,11.549999999999983,1.288888888888889,10,27,10.512730869851751,0.1941365245531891,0.029537037037037035,0.701018229612183,0.05705152060415218,0.33001576310399844,0.0556697785283281,0.0023809523809523807,0.7835051546391752,0.7358490566037735,0.8333333333333334
exo6,mappo,1024,18008,192,150,0,42,0.78125,0.0,5.0,5.98,11.0,1.323611111111111,10,36,9.651561349025183,0.20338642438780644,0.030339506172839502,0.6925802096805834,0.07672440906187036,0.3196770521073926,0.05374460474101994,0.0,0.8125,0.8292682926829268,0.7183098591549296
exo6,mappo,1024,18009,192,142,2,48,0.7395833333333334,0.010416666666666666,4.733333333333333,6.035211267605634,10.0,1.3375,11,30,9.638997297400337,0.19302242175379228,0.03083333333333333,0.7039966325282051,0.06415092532739591,0.31834554334554344,0.055833511500946356,0.0044444444444444444,0.7314814814814815,0.6981132075471698,0.8387096774193549
exo6,mappo,1024,18010,192,141,9,42,0.734375,0.046875,4.7,5.829787234042553,10.0,1.3333333333333333,9,46,7.383439769276394,0.19564987301054199,0.030555555555555555,0.6759592154463469,0.08982138761937523,0.29554345393741677,0.052849379711462655,0.017016397202155715,0.8,0.609375,0.7906976744186046
exo6,mappo,1024,18011,192,143,2,47,0.7447916666666666,0.010416666666666666,4.766666666666667,5.433566433566433,10.900000000000006,1.2305555555555556,9,34,9.195195888755165,0.18959875571641208,0.028425925925925924,0.691592342916023,0.07269152960329431,0.30779585223857675,0.054228658514124735,0.003812636165577342,0.6804123711340206,0.8679245283018868,0.7380952380952381
exo6,mappo,1024,18012,192,137,5,50,0.7135416666666666,0.026041666666666668,4.566666666666666,6.291970802919708,10.399999999999977,1.4180555555555556,9,39,7.891059427806514,0.20414651128532826,0.032685185185185185,0.7056206127118918,0.081100202114134,0.3035024681773908,0.05528272396601124,0.010682294285235462,0.7857142857142857,0.6363636363636364,0.6410256410256411
exo6,mappo,1024,18013,192,143,3,46,0.7447916666666666,0.015625,4.766666666666667,6.160839160839161,10.0,1.4069444444444446,13,41,9.11052987234704,0.199805790778218,0.03231481481481482,0.7152617543331418,0.08652347380288557,0.318505669167434,0.056220560103491087,0.0066082202111613884,0.7741935483870968,0.7407407407407407,0.6888888888888889
exo6,mappo,1024,18014,192,141,6,45,0.734375,0.03125,4.7,5.865248226950355,11.0,1.3388888888888888,11,37,8.053536397496437,0.19749246709621845,0.030771604938271604,0.7035387419630363,0.07943140121545693,0.30352354459552605,0.053984759015631684,0.012423747276688452,0.7634408602150538,0.6833333333333333,0.7435897435897436
exo6,mappo,1024,18015,192,141,5,46,0.734375,0.026041666666666668,4.7,6.815602836879433,12.0,1.4958333333333333,11,30,8.451248091481467,0.21448085622809107,0.034290123456790125,0.7104637039707472,0.061986195062820444,0.31586346989210773,0.05634757883786681,0.009513673890608875,0.7752808988764045,0.6065573770491803,0.8333333333333334
exo6,mappo,123,18001,192,134,9,49,0.6979166666666666,0.046875,4.466666666666667,6.477611940298507,12.349999999999994,1.4902777777777778,10,62,5.967077825578549,0.2081659670963017,0.03425925925925926,0.6879493621097982,0.128610561408549,0.28212787814181006,0.0529271600431153,0.01498501154847904,0.7472527472527473,0.5789473684210527,0.75
exo6,mappo,123,18002,192,132,7,53,0.6875,0.036458333333333336,4.4,6.234848484848484,11.449999999999989,1.461111111111111,11,44,7.628310738556702,0.1992599097585706,0.033734567901234566,0.7172933863925474,0.0957084390211325,0.302604533123109,0.057252158105040786,0.014044117647058825,0.696078431372549,0.6949152542372882,0.6451612903225806
exo6,mappo,123,18003,192,146,3,43,0.7604166666666666,0.015625,4.866666666666666,6.527397260273973,11.0,1.426388888888889,9,45,7.858976266832633,0.21596773968617913,0.03265432098765432,0.6851333656264577,0.09337709532755972,0.30430065834864595,0.053456851101751995,0.006004901960784314,0.7777777777777778,0.7166666666666667,0.7857142857142857
exo6,mappo,123,18004,192,141,4,47,0.734375,0.020833333333333332,4.7,6.0,11.0,1.336111111111111,11,53,7.944845123926364,0.20570270802540477,0.030771604938271604,0.6867648154660136,0.109044292337636,0.30323663665768935,0.054118066786660576,0.00771398192450824,0.7052631578947368,0.7230769230769231,0.84375
exo6,mappo,123,18005,192,146,1,45,0.7604166666666666,0.005208333333333333,4.866666666666666,5.7534246575342465,11.0,1.2944444444444445,11,39,9.885532022581348,0.18886115179956373,0.029783950617283946,0.6961785543150817,0.08435322847087554,0.319493314419785,0.05530176572546176,0.0023809523809523807,0.75,0.7368421052631579,0.8285714285714286
exo6,mappo,123,18006,192,144,5,43,0.75,0.026041666666666668,4.8,5.506944444444445,9.849999999999994,1.2375,9,41,8.859628887549608,0.1905575563739239,0.028456790123456793,0.7021428845703276,0.08977640336386465,0.3120365204111334,0.05460578502509786,0.0108994708994709,0.7628865979381443,0.7166666666666667,0.7714285714285715
exo6,mappo,123,18007,192,143,2,47,0.7447916666666666,0.010416666666666666,4.766666666666667,6.006993006993007,12.0,1.3527777777777779,10,33,9.305698135108054,0.19408535945641267,0.031141975308641972,0.7025606285147198,0.06955044797537058,0.3129228312393947,0.054730886323327906,0.003508771929824561,0.7628865979381443,0.6792452830188679,0.7857142857142857
exo6,mappo,123,18008,192,148,2,42,0.7708333333333334,0.010416666666666666,4.933333333333334,6.175675675675675,12.0,1.3527777777777779,9,39,9.138307967993937,0.20269385131042628,0.03098765432098765,0.6928877501376576,0.08587032248796955,0.3157707270942565,0.053591019789843646,0.003812636165577342,0.8375,0.7560975609756098,0.704225352112676
exo6,mappo,123,18009,192,138,3,51,0.71875,0.015625,4.6,6.181159420289855,11.150000000000006,1.375,11,40,8.42760848536943,0.19569328660121282,0.03175925925925926,0.7068701916932187,0.08500302257655198,0.30402122387416514,0.05523389693090116,0.006405228758169934,0.7314814814814815,0.6792452830188679,0.7419354838709677
exo6,mappo,123,18010,192,139,8,45,0.7239583333333334,0.041666666666666664,4.633333333333334,5.884892086330935,10.099999999999994,1.3291666666666666,9,49,7.498320774494787,0.19851394741656836,0.030555555555555555,0.7000404992793711,0.10119945414063061,0.30053161435514375,0.054051989415178234,0.016255835667600374,0.7529411764705882,0.625,0.813953488372093
exo6,mappo,123,18011,192,139,3,50,0.7239583333333334,0.015625,4.633333333333334,5.906474820143885,12.0,1.3527777777777779,10,45,7.7951804636822954,0.20136005728873305,0.03123456790123457,0.6840449421501746,0.09291645073765817,0.29517195581050076,0.053269615961638934,0.0059210526315789476,0.6494845360824743,0.8490566037735849,0.7380952380952381
exo6,mappo,123,18012,192,134,4,54,0.6979166666666666,0.020833333333333332,4.466666666666667,6.156716417910448,12.0,1.3916666666666666,10,48,7.377137158437446,0.20378940733109227,0.03222222222222223,0.7092238405928977,0.10049037406235548,0.2945183200872055,0.05467704669145733,0.008538359788359788,0.7755102040816326,0.6,0.6410256410256411
exo6,mappo,123,18013,192,142,1,49,0.7395833333333334,0.005208333333333333,4.733333333333333,6.345070422535211,12.0,1.4347222222222222,14,71,7.886986325313693,0.21537844808667167,0.03302469135802469,0.7070758982552293,0.14938625071752,0.3071463914768869,0.05501425704707639,0.0017543859649122805,0.7741935483870968,0.7407407407407407,0.6666666666666666
exo6,mappo,123,18014,192,143,4,45,0.7447916666666666,0.020833333333333332,4.766666666666667,6.027972027972028,11.0,1.336111111111111,9,47,7.89373484105772,0.2051262685291754,0.030709876543209873,0.7098569989053859,0.09866213894464669,0.30235001310465714,0.05339647319539597,0.007911793372319688,0.7849462365591398,0.7,0.717948717948718
exo6,mappo,123,18015,192,137,7,48,0.7135416666666666,0.036458333333333336,4.566666666666666,6.474452554744525,11.0,1.4736111111111112,11,47,7.541941133715167,0.2036291372233053,0.03385802469135803,0.7087379725250345,0.09978933476224497,0.30245139019906825,0.05549999353129895,0.013203761036578372,0.7752808988764045,0.5573770491803278,0.8095238095238095
exo6,mappo,2024,18001,192,135,10,47,0.703125,0.052083333333333336,4.5,6.17037037037037,12.0,1.4416666666666667,10,48,6.335122430301932,0.1994511014220282,0.033117283950617284,0.6943428173619937,0.09557208443431353,0.28457045391255925,0.05300005021693226,0.019088263960554984,0.7252747252747253,0.6140350877192983,0.7727272727272727
exo6,mappo,2024,18002,192,130,7,55,0.6770833333333334,0.036458333333333336,4.333333333333333,6.6461538461538465,12.0,1.551388888888889,12,27,7.357215404241375,0.20497421333275534,0.03580246913580246,0.713481468729953,0.05864295290765879,0.2983080345580345,0.057812912323292144,0.01445066915655151,0.6666666666666666,0.6949152542372882,0.6774193548387096
exo6,mappo,2024,18003,192,141,3,48,0.734375,0.015625,4.7,6.475177304964539,11.0,1.4361111111111111,9,29,7.904908254852225,0.2153797393248438,0.03302469135802469,0.6829554760712554,0.059162760470810004,0.30181539221012904,0.05428472701521726,0.006388888888888888,0.7222222222222222,0.7,0.8095238095238095
exo6,mappo,2024,18004,192,142,3,47,0.7395833333333334,0.015625,4.733333333333333,6.063380281690141,11.0,1.3319444444444444,10,32,8.191722663749223,0.20958140354413013,0.03067901234567901,0.6860140597381756,0.06401549216177699,0.3023916112267505,0.05403031708029874,0.005396825396825396,0.6947368421052632,0.7230769230769231,0.90625
exo6,mappo,2024,18005,192,145,2,45,0.7552083333333334,0.010416666666666666,4.833333333333333,5.496551724137931,10.799999999999983,1.2402777777777778,11,29,9.848722605675507,0.18161072614452575,0.028580246913580246,0.6963736715333523,0.06294628760186036,0.3142937960159323,0.05507054866132667,0.004044117647058824,0.76,0.7192982456140351,0.8
exo6,mappo,2024,18006,192,146,4,42,0.7604166666666666,0.020833333333333332,4.866666666666666,5.589041095890411,10.0,1.2416666666666667,10,36,9.999048454906196,0.1906784366035099,0.028518518518518516,0.7103012350990555,0.07559185640067992,0.3274867724867725,0.05608614974187947,0.00821078431372549,0.7422680412371134,0.7833333333333333,0.7714285714285715
exo6,mappo,2024,18007,192,145,2,45,0.7552083333333334,0.010416666666666666,4.833333333333333,6.137931034482759,11.0,1.3736111111111111,11,20,9.345483300666507,0.1981170737951959,0.03154320987654321,0.7003341577230919,0.04028109403496401,0.3125703365834945,0.05499911764611782,0.003341687552213868,0.7731958762886598,0.6981132075471698,0.7857142857142857
exo6,mappo,2024,18008,192,144,2,46,0.75,0.010416666666666666,4.8,6.229166666666667,11.0,1.3902777777777777,9,28,8.145138827327434,0.21011592294568787,0.03194444444444445,0.6894788584708785,0.05699250640427111,0.3008242057506763,0.0529400946267715,0.004415954415954416,0.8125,0.7804878048780488,0.6619718309859155
exo6,mappo,2024,18009,192,139,2,51,0.7239583333333334,0.010416666666666666,4.633333333333334,6.014388489208633,11.0,1.3722222222222222,14,24,8.83384787540877,0.19654240225212008,0.031697530864197535,0.6983533354515787,0.050145003345467745,0.3050329427767508,0.055061952154797894,0.004166666666666667,0.7407407407407407,0.660377358490566,0.7741935483870968
exo6,mappo,2024,18010,192,140,9,43,0.7291666666666666,0.046875,4.666666666666667,6.014285714285714,11.049999999999983,1.386111111111111,12,46,7.215311998112583,0.20399186065064043,0.03175925925925926,0.6934895166156548,0.0968458854526966,0.2999453951621135,0.054269574081344495,0.017918018084426755,0.7529411764705882,0.640625,0.813953488372093
exo6,mappo,2024,18011,192,138,3,51,0.71875,0.015625,4.6,5.630434782608695,12.0,1.3222222222222222,13,36,8.014834981043867,0.19743325333100822,0.030586419753086416,0.6887576276994982,0.07368169670027254,0.29531675625715875,0.05365262643447644,0.006296296296296296,0.6391752577319587,0.8301886792452831,0.7619047619047619
exo6,mappo,2024,18012,192,136,4,52,0.7083333333333334,0.020833333333333332,4.533333333333333,6.294117647058823,12.0,1.4236111111111112,12,28,7.598582127720743,0.21048952878021718,0.032870370370370376,0.7060225110445288,0.05618858452062787,0.296367973128809,0.054405253169568145,0.007691778465772274,0.7653061224489796,0.6545454545454545,0.6410256410256411
exo6,mappo,2024,18013,192,139,2,51,0.7239583333333334,0.010416666666666666,4.633333333333334,6.388489208633094,11.099999999999994,1.4555555555555555,14,49,8.213841005118542,0.21105554689030998,0.033549382716049375,0.7184188397572993,0.10152690990926287,0.3090461526490939,0.05571812717481845,0.0043417366946778705,0.7204301075268817,0.7407407407407407,0.7111111111111111
exo6,mappo,2024,18014,192,133,11,48,0.6927083333333334,0.057291666666666664,4.433333333333334,6.105263157894737,11.0,1.4055555555555554,9,39,6.427366801054996,0.19639119300376906,0.032345679012345675,0.708673568680039,0.08064451601603304,0.2865718374619304,0.05391649686446534,0.02212123445869576,0.7526881720430108,0.5666666666666667,0.7435897435897436
exo6,mappo,2024,18015,192,139,5,48,0.7239583333333334,0.026041666666666668,4.633333333333334,6.625899280575539,12.0,1.4722222222222223,12,33,7.947576954629046,0.21444190399005755,0.03382716049382716,0.7038059857339103,0.06789297031944092,0.30771867021867017,0.055781594109671956,0.009738562091503266,0.7752808988764045,0.5901639344262295,0.8095238095238095
exo6,mappo,314,18001,192,138,6,48,0.71875,0.03125,4.6,6.2898550724637685,13.0,1.425,12,37,7.98146189106905,0.20678484051136534,0.032777777777777774,0.7039397154010207,0.07844865431552737,0.3077810980442559,0.05575206696038237,0.012423747276688454,0.7142857142857143,0.6491228070175439,0.8181818181818182
exo6,mappo,314,18002,192,138,4,50,0.71875,0.020833333333333332,4.6,6.492753623188406,13.0,1.4458333333333333,13,27,9.36966754050071,0.2083024624692133,0.03330246913580247,0.7334540732297368,0.06404310014604132,0.3283111686788158,0.059467189167862894,0.008627450980392156,0.696078431372549,0.7627118644067796,0.7096774193548387
exo6,mappo,314,18003,192,149,6,37,0.7760416666666666,0.03125,4.966666666666667,6.0,10.0,1.3319444444444444,10,18,10.062953855951493,0.19300917474853074,0.03037037037037036,0.7027710543023535,0.03950262156144509,0.3300149605296665,0.05689099147672307,0.011712962962962961,0.8111111111111111,0.7166666666666667,0.7857142857142857
exo6,mappo,314,18004,192,143,3,46,0.7447916666666666,0.015625,4.766666666666667,6.160839160839161,10.0,1.3444444444444446,12,23,9.01654906715256,0.20851499034343007,0.030925925925925926,0.6947773456812161,0.04758532832836238,0.3148137608006029,0.05538805003886511,0.00564327485380117,0.6947368421052632,0.7384615384615385,0.90625
exo6,mappo,314,18005,192,145,2,45,0.7552083333333334,0.010416666666666666,4.833333333333333,5.620689655172414,11.0,1.2513888888888889,10,13,10.186805454750333,0.18543616224380635,0.02882716049382716,0.7028377607566192,0.028574660633484166,0.3189024193900355,0.055999099656849925,0.004074074074074074,0.77,0.6842105263157895,0.8285714285714286
exo6,mappo,314,18006,192,146,4,42,0.7604166666666666,0.020833333333333332,4.866666666666666,5.863013698630137,10.75,1.2986111111111112,11,19,9.9463155460086,0.19749832853139546,0.02978395061728395,0.718514711359823,0.04466422466422467,0.3271635347796339,0.0564073319303575,0.007516339869281045,0.7422680412371134,0.7666666666666667,0.8
exo6,mappo,314,18007,192,148,3,41,0.7708333333333334,0.015625,4.933333333333334,6.074324324324325,11.0,1.3472222222222223,11,19,10.186037031782984,0.19514755058967306,0.030833333333333334,0.7011564907719786,0.0377951433098492,0.32697505982722697,0.05574747748120495,0.005675954592363261,0.7835051546391752,0.6981132075471698,0.8333333333333334
exo6,mappo,314,18008,192,150,1,41,0.78125,0.005208333333333333,5.0,6.08,11.549999999999983,1.3263888888888888,11,26,10.263325877892283,0.1978666459589452,0.03037037037037037,0.7053679013413328,0.05670150111326582,0.32777355184088924,0.054746398458902994,0.00196078431372549,0.8375,0.7804878048780488,0.7183098591549296
exo6,mappo,314,18009,192,142,1,49,0.7395833333333334,0.005208333333333333,4.733333333333333,5.866197183098592,11.0,1.3111111111111111,13,21,9.875298923402895,0.19465719126915287,0.030277777777777775,0.7087210457638442,0.04667747013335248,0.3197148004500946,0.05610402470107066,0.0027777777777777775,0.7222222222222222,0.7169811320754716,0.8387096774193549
exo6,mappo,314,18010,192,145,5,42,0.7552083333333334,0.026041666666666668,4.833333333333333,5.937931034482759,10.0,1.3083333333333333,11,23,9.249005872910457,0.1985090111507567,0.030000000000000002,0.7105869703415705,0.04949397280279633,0.31930198069903953,0.05532587172483676,0.01065233785822021,0.7764705882352941,0.671875,0.8372093023255814
exo6,mappo,314,18011,192,144,1,47,0.75,0.005208333333333333,4.8,5.652777777777778,10.0,1.2541666666666667,10,30,9.669537999866018,0.19201958761759236,0.028950617283950614,0.6995023579651974,0.06271942110177404,0.3148330999066293,0.05507398356097253,0.0020833333333333333,0.6907216494845361,0.8490566037735849,0.7619047619047619
exo6,mappo,314,18012,192,136,3,53,0.7083333333333334,0.015625,4.533333333333333,6.345588235294118,11.25,1.4097222222222223,11,36,8.125247101326169,0.2064632330967334,0.03259259259259259,0.7168342120627393,0.07648285810050516,0.30438928174222296,0.0556955338703535,0.006425070028011204,0.7551020408163265,0.6363636363636364,0.6923076923076923
exo6,mappo,314,18013,192,145,1,46,0.7552083333333334,0.005208333333333333,4.833333333333333,6.4206896551724135,11.799999999999983,1.4319444444444445,13,23,9.806453551216014,0.20796552663512272,0.03287037037037037,0.7195106679272509,0.047859456648156336,0.3262425732162574,0.05651913671539055,0.0020833333333333333,0.7634408602150538,0.7592592592592593,0.7333333333333333
exo6,mappo,314,18014,192,144,7,41,0.75,0.036458333333333336,4.8,5.916666666666667,11.0,1.3444444444444446,10,22,8.778711619921244,0.2001164235901183,0.030771604938271604,0.721986040696523,0.04611528034515651,0.3168643343527245,0.055351128205857164,0.014707233770701263,0.7741935483870968,0.7166666666666667,0.7435897435897436
exo6,mappo,314,18015,192,138,7,47,0.71875,0.036458333333333336,4.6,6.688405797101449,12.0,1.4791666666666667,11,20,8.528233138670847,0.21208406093826745,0.03395061728395062,0.721455018687476,0.04222445095897108,0.3190764918202999,0.05794478698050236,0.014124560080442434,0.7752808988764045,0.5737704918032787,0.8095238095238095
exo6,mappo,42,18001,192,139,6,47,0.7239583333333334,0.03125,4.633333333333334,6.244604316546763,12.0,1.4208333333333334,11,37,7.492077036108905,0.20362119878800347,0.03265432098765432,0.7011473644002084,0.07738553586076806,0.29753474309201866,0.0540150306758808,0.012297791361258853,0.7032967032967034,0.7192982456140351,0.7727272727272727
exo6,mappo,42,18002,192,132,5,55,0.6875,0.026041666666666668,4.4,6.734848484848484,13.0,1.5361111111111112,12,35,7.480038239649634,0.21401339411653458,0.03546296296296296,0.711362428489222,0.07364933670274228,0.301491870559208,0.057140159356595444,0.009842621259029929,0.6764705882352942,0.711864406779661,0.6774193548387096
exo6,mappo,42,18003,192,145,3,44,0.7552083333333334,0.015625,4.833333333333333,6.63448275862069,12.0,1.45,10,31,8.323969326183391,0.21776002031880107,0.03320987654320987,0.683884048995084,0.06166481594887168,0.3095794865609107,0.05467568684821386,0.005588235294117647,0.7333333333333333,0.75,0.8095238095238095
exo6,mappo,42,18004,192,140,5,47,0.7291666666666666,0.026041666666666668,4.666666666666667,6.285714285714286,10.0,1.3972222222222221,9,35,8.000463158527882,0.20519893518054536,0.032129629629629626,0.6878832336279802,0.07197859058153175,0.3023007493595729,0.054200146588311474,0.009206349206349206,0.6842105263157895,0.6923076923076923,0.9375
exo6,mappo,42,18005,192,147,1,44,0.765625,0.005208333333333333,4.9,5.428571428571429,11.0,1.226388888888889,10,20,10.348545396622834,0.18526148693430275,0.02824074074074074,0.7095074400286644,0.04293884220354808,0.32088666235725066,0.05507650895817555,0.00196078431372549,0.74,0.7719298245614035,0.8285714285714286
exo6,mappo,42,18006,192,148,2,42,0.7708333333333334,0.010416666666666666,4.933333333333334,5.628378378378378,10.0,1.2430555555555556,9,32,9.85932471829883,0.20006250134090153,0.028549382716049385,0.7142719487734375,0.06749700734994853,0.32473942996001826,0.05506098782334331,0.0037500000000000003,0.7422680412371134,0.8,0.8
exo6,mappo,42,18007,192,144,2,46,0.75,0.010416666666666666,4.8,6.069444444444445,11.0,1.351388888888889,9,27,9.206533877282643,0.19976956048168903,0.03108024691358025,0.7000955932227246,0.05459916831820857,0.3124818308912736,0.05498504348342657,0.003508771929824561,0.7628865979381443,0.7169811320754716,0.7619047619047619
exo6,mappo,42,18008,192,146,1,45,0.7604166666666666,0.005208333333333333,4.866666666666666,6.294520547945205,12.0,1.4027777777777777,9,26,9.19764035243896,0.20514230496975297,0.03219135802469135,0.6971361871188452,0.05540538437597261,0.31404678110560463,0.053710190422144914,0.0022222222222222222,0.8125,0.8048780487804879,0.676056338028169
exo6,mappo,42,18009,192,143,1,48,0.7447916666666666,0.005208333333333333,4.766666666666667,6.160839160839161,10.900000000000006,1.3694444444444445,13,34,9.303354410362457,0.19719953445178975,0.0315432098765432,0.7132930259382871,0.07413066981178436,0.31409339542466486,0.05563869633920041,0.00196078431372549,0.7222222222222222,0.7169811320754716,0.8709677419354839
exo6,mappo,42,18010,192,143,7,42,0.7447916666666666,0.036458333333333336,4.766666666666667,5.748251748251748,10.0,1.3152777777777778,11,34,8.33385937799005,0.1944338365169315,0.030154320987654318,0.6978516705191338,0.06966297720167688,0.3064122599107119,0.053837237192067774,0.01368521385162252,0.7647058823529411,0.671875,0.813953488372093
exo6,mappo,42,18011,192,140,2,50,0.7291666666666666,0.010416666666666666,4.666666666666667,5.514285714285714,11.0,1.2930555555555556,9,29,8.771476697993926,0.19242809459847138,0.029907407407407403,0.6980879905795504,0.061142014160590015,0.30243876092947297,0.05420269455322405,0.0043417366946778705,0.6701030927835051,0.8301886792452831,0.7380952380952381
exo6,mappo,42,18012,192,135,5,52,0.703125,0.026041666666666668,4.5,5.814814814814815,11.0,1.3402777777777777,10,39,7.8030043546304855,0.1918792073585121,0.031018518518518518,0.7103511087405859,0.08031901649548708,0.29471999949941124,0.05441875481183305,0.010052521008403361,0.7551020408163265,0.6363636363636364,0.6666666666666666
exo6,mappo,42,18013,192,145,1,46,0.7552083333333334,0.005208333333333333,4.833333333333333,6.103448275862069,10.799999999999983,1.375,10,43,9.50694104313516,0.20118561024668255,0.031604938271604946,0.7213929566676462,0.08908971460829047,0.321216022969119,0.05598439784852023,0.0017543859649122805,0.7634408602150538,0.7407407407407407,0.7555555555555555
exo6,mappo,42,18014,192,138,8,46,0.71875,0.041666666666666664,4.6,6.246376811594203,12.0,1.4125,11,33,6.903367271772899,0.20686417816443228,0.03243827160493827,0.6996057829804415,0.06854689829148033,0.29147028109489415,0.05362027578278984,0.015490769407178077,0.7634408602150538,0.65,0.717948717948718
exo6,mappo,42,18015,192,140,4,48,0.7291666666666666,0.020833333333333332,4.666666666666667,6.6,12.0,1.4527777777777777,11,28,8.660583292876506,0.21399323022176084,0.033395061728395056,0.7196488698704154,0.0579845698963346,0.3176925443837209,0.05728552028877344,0.008349673202614379,0.7865168539325843,0.6065573770491803,0.7857142857142857
exo6,mappo,456,18001,192,135,8,49,0.703125,0.041666666666666664,4.5,5.977777777777778,11.299999999999997,1.426388888888889,12,63,6.368006121462682,0.19636576924375737,0.032839506172839504,0.6857447620676146,0.1256456469227367,0.282292664479197,0.05265977494974645,0.015355750487329433,0.7582417582417582,0.631578947368421,0.6818181818181818
exo6,mappo,456,18002,192,130,7,55,0.6770833333333334,0.036458333333333336,4.333333333333333,6.223076923076923,11.549999999999997,1.4944444444444445,11,55,6.750701554124817,0.19855222325934488,0.03453703703703704,0.7011474238853279,0.11550418507074854,0.28822321684163793,0.05590861065499741,0.013217377594312577,0.7058823529411765,0.6440677966101694,0.6451612903225806
exo6,mappo,456,18003,192,146,4,42,0.7604166666666666,0.020833333333333332,4.866666666666666,6.3561643835616435,11.0,1.398611111111111,7,48,7.6194930468831545,0.2124449501251488,0.03200617283950617,0.675014325015997,0.0920089234524219,0.29932314417608535,0.05241671614504442,0.007734204793028322,0.7888888888888889,0.7,0.7857142857142857
exo6,mappo,456,18004,192,139,6,47,0.7239583333333334,0.03125,4.633333333333334,5.942446043165468,11.0,1.3569444444444445,10,44,7.385550588867258,0.19919823622285418,0.03123456790123457,0.6809716028114768,0.08607818566022901,0.29232316402208036,0.052951183696623126,0.01183375104427736,0.7157894736842105,0.6615384615384615,0.875
exo6,mappo,456,18005,192,145,2,45,0.7552083333333334,0.010416666666666666,4.833333333333333,5.531034482758621,10.0,1.2708333333333333,8,30,9.5918006771214,0.18380913480322994,0.029259259259259256,0.6919802033258532,0.06245525988173047,0.3112097787833082,0.054212407377722135,0.004183006535947712,0.78,0.7017543859649122,0.7714285714285715
exo6,mappo,456,18006,192,144,5,43,0.75,0.026041666666666668,4.8,5.416666666666667,9.0,1.2361111111111112,10,46,8.935498239207096,0.18560004984259731,0.028425925925925924,0.6973980626085592,0.0944709089213733,0.30958650396730897,0.05394039633232859,0.009477124183006535,0.7319587628865979,0.7666666666666667,0.7714285714285715
exo6,mappo,456,18007,192,139,3,50,0.7239583333333334,0.015625,4.633333333333334,5.640287769784172,10.0,1.3611111111111112,9,42,8.475750199255998,0.18472635426464182,0.03141975308641975,0.6958013011362808,0.08255755639269571,0.297679093495657,0.05417393919408907,0.005730994152046783,0.7422680412371134,0.6981132075471698,0.7142857142857143
exo6,mappo,456,18008,192,143,2,47,0.7447916666666666,0.010416666666666666,4.766666666666667,6.118881118881119,11.0,1.3847222222222222,7,55,7.678581997243837,0.20179041351098495,0.031851851851851846,0.6854813336629637,0.11006941373040442,0.29309278097203795,0.05186441964242712,0.0036062378167641324,0.8125,0.7560975609756098,0.6619718309859155
exo6,mappo,456,18009,192,137,2,53,0.7135416666666666,0.010416666666666666,4.566666666666666,6.0,10.199999999999989,1.3875,12,45,7.905714076751917,0.1936551891181751,0.03209876543209876,0.6965612873460122,0.08978459219945287,0.29161710523165635,0.0535575185916198,0.0037037037037037034,0.7407407407407407,0.6981132075471698,0.6451612903225806
exo6,mappo,456,18010,192,138,9,45,0.71875,0.046875,4.6,5.753623188405797,11.0,1.351388888888889,9,58,7.278780253879089,0.1918645405141939,0.031049382716049383,0.687831688198562,0.11487231149769848,0.29503630399528225,0.053224976875579616,0.01683121201697053,0.7529411764705882,0.59375,0.8372093023255814
exo6,mappo,456,18011,192,133,2,57,0.6927083333333334,0.010416666666666666,4.433333333333334,5.556390977443609,11.0,1.3111111111111111,11,36,7.731189058385116,0.19551998199735404,0.030524691358024693,0.6854319863508228,0.072617667849866,0.2868890473418337,0.053898868521763885,0.003837719298245614,0.6391752577319587,0.7924528301886793,0.6904761904761905
exo6,mappo,456,18012,192,137,6,49,0.7135416666666666,0.03125,4.566666666666666,5.781021897810219,10.199999999999989,1.375,10,56,7.112445707316496,0.19516163707878398,0.03169753086419753,0.6867992526293489,0.1090375444129314,0.28773551482916804,0.05266827090120993,0.0110577915376677,0.7653061224489796,0.6545454545454545,0.6666666666666666
exo6,mappo,456,18013,192,139,3,50,0.7239583333333334,0.015625,4.633333333333334,6.215827338129497,11.0,1.4402777777777778,11,62,7.981636224508481,0.20209185962784382,0.033179012345679014,0.7119406501839131,0.12867123975096112,0.30506608716361044,0.05515675538725404,0.006499287749287749,0.7311827956989247,0.7222222222222222,0.7111111111111111
exo6,mappo,456,18014,192,135,9,48,0.703125,0.046875,4.5,5.977777777777778,12.0,1.4069444444444446,11,50,6.287337531064407,0.2009072459435758,0.03237654320987654,0.7010859153433758,0.09983215485924463,0.28308882909889105,0.0524885988365903,0.01723368879715629,0.7634408602150538,0.6,0.717948717948718
exo6,mappo,456,18015,192,135,7,50,0.703125,0.036458333333333336,4.5,6.466666666666667,10.0,1.488888888888889,10,47,6.970077414088686,0.2091903405534722,0.03425925925925925,0.7047990678138623,0.09457966969963873,0.2948154107674232,0.05482032270657446,0.01290964338951955,0.7640449438202247,0.5737704918032787,0.7619047619047619
exo6,mappo,7,18001,192,136,9,47,0.7083333333333334,0.046875,4.533333333333333,5.882352941176471,12.0,1.3819444444444444,10,50,7.318619561851688,0.18903159536456413,0.03179012345679012,0.695471628639774,0.10192896614336242,0.2937048645369078,0.054153026064402844,0.0168218954248366,0.7472527472527473,0.6140350877192983,0.75
exo6,mappo,7,18002,192,137,3,52,0.7135416666666666,0.015625,4.566666666666666,6.218978102189781,12.0,1.4236111111111112,10,30,8.743102067926431,0.19852954595289007,0.03287037037037037,0.7049099322472575,0.06466713297595651,0.3082904893237711,0.05607431273288662,0.00564327485380117,0.7254901960784313,0.711864406779661,0.6774193548387096
exo6,mappo,7,18003,192,142,2,48,0.7395833333333334,0.010416666666666666,4.733333333333333,6.436619718309859,11.0,1.4277777777777778,10,36,7.465599833882531,0.21828722673855533,0.032839506172839504,0.6747589440587488,0.07215355035401474,0.2942302948456199,0.05298688486748789,0.00392156862745098,0.7222222222222222,0.7333333333333333,0.7857142857142857
exo6,mappo,7,18004,192,139,2,51,0.7239583333333334,0.010416666666666666,4.633333333333334,6.071942446043166,12.0,1.3736111111111111,11,38,7.865354624797289,0.20590473073956592,0.03172839506172839,0.6714853380907745,0.07628166066246561,0.2949083319787655,0.05334752622657388,0.004305555555555555,0.6736842105263158,0.7384615384615385,0.84375
exo6,mappo,7,18005,192,145,3,44,0.7552083333333334,0.015625,4.833333333333333,5.524137931034483,10.0,1.2555555555555555,9,30,9.640145390285646,0.17713552406970387,0.028888888888888895,0.6864494948092352,0.06015264877880977,0.3097333060529655,0.053642127490844266,0.0059210526315789476,0.76,0.7368421052631579,0.7714285714285715
exo6,mappo,7,18006,192,145,7,40,0.7552083333333334,0.036458333333333336,4.833333333333333,5.393103448275862,10.0,1.2347222222222223,9,41,8.616419215343143,0.18567585960176766,0.028302469135802463,0.6894352734704207,0.08319625564207607,0.30729305466921564,0.05387586779275647,0.014041967664258685,0.7731958762886598,0.7,0.8
exo6,mappo,7,18007,192,144,3,45,0.75,0.015625,4.8,5.729166666666667,10.849999999999994,1.3208333333333333,10,28,9.412217217814966,0.18618469189719364,0.03037037037037037,0.6968178317698422,0.05553867022957749,0.31037275955972965,0.05428481643858808,0.0051529790660225444,0.7731958762886598,0.6792452830188679,0.7857142857142857
exo6,mappo,7,18008,192,145,3,44,0.7552083333333334,0.015625,4.833333333333333,6.006896551724138,11.799999999999983,1.336111111111111,9,45,8.391921137717887,0.19016155494355125,0.030679012345679012,0.6891288936583846,0.09142885809294476,0.29911232329188986,0.052113738884666735,0.005689571150097466,0.825,0.7317073170731707,0.6901408450704225
exo6,mappo,7,18009,192,133,4,55,0.6927083333333334,0.020833333333333332,4.433333333333334,6.586466165413534,13.0,1.5375,12,32,7.317065111143254,0.2072555675761979,0.035493827160493825,0.6989829124260708,0.06708779710714695,0.2919475668237278,0.05530840605859332,0.007747821350762528,0.6666666666666666,0.660377358490566,0.8387096774193549
exo6,mappo,7,18010,192,139,8,45,0.7239583333333334,0.041666666666666664,4.633333333333334,5.899280575539568,11.0,1.3486111111111112,8,40,7.0691941907123725,0.2079283673876142,0.030987654320987653,0.6937267155516003,0.0806717900835548,0.29576650745768396,0.05373103641546532,0.01614729225023343,0.7294117647058823,0.640625,0.8372093023255814
exo6,mappo,7,18011,192,134,3,55,0.6979166666666666,0.015625,4.466666666666667,5.582089552238806,10.0,1.3388888888888888,8,31,7.944565191497556,0.19275052243767388,0.031080246913580252,0.6803114633198802,0.06349070104875058,0.2900762416977587,0.053926299447138365,0.005798503611971105,0.6185567010309279,0.7735849056603774,0.7857142857142857
exo6,mappo,7,18012,192,139,7,46,0.7239583333333334,0.036458333333333336,4.633333333333334,5.64748201438849,10.099999999999994,1.3263888888888888,10,39,7.741603242005897,0.18775010180462515,0.03052469135802469,0.694436293828112,0.07787264320933053,0.2942269352021674,0.053288591568715266,0.013941778465772273,0.7857142857142857,0.6363636363636364,0.6923076923076923
exo6,mappo,7,18013,192,143,2,47,0.7447916666666666,0.010416666666666666,4.766666666666667,5.769230769230769,10.0,1.3319444444444444,11,51,9.188356324810817,0.19300010479799565,0.030679012345679012,0.7064282221191394,0.10455658849234699,0.3143393662008213,0.05459596401457888,0.00392156862745098,0.7311827956989247,0.7407407407407407,0.7777777777777778
exo6,mappo,7,18014,192,142,9,41,0.7395833333333334,0.046875,4.733333333333333,5.683098591549296,10.0,1.3083333333333333,10,44,7.3880239375527665,0.1914852151521969,0.029969135802469134,0.69584367455495,0.08929053087721818,0.29506916329284755,0.05287036688781716,0.01784041394335512,0.7741935483870968,0.65,0.7948717948717948
exo6,mappo,7,18015,192,139,6,47,0.7239583333333334,0.03125,4.633333333333334,6.258992805755396,10.099999999999994,1.3958333333333333,9,26,8.30969773989611,0.2008849125927234,0.03209876543209877,0.7063057309503602,0.05440310019644385,0.3072705440700797,0.05564223365471413,0.011955911019378512,0.797752808988764,0.5573770491803278,0.8095238095238095
exo6,mappo,789,18001,192,137,6,49,0.7135416666666666,0.03125,4.566666666666666,5.927007299270073,11.0,1.3916666666666666,10,54,7.295736430399233,0.20743914850257578,0.032067901234567896,0.6919497748104351,0.1109963429816371,0.29840102707749766,0.054139739139558954,0.011854575163398691,0.7252747252747253,0.6842105263157895,0.7272727272727273
exo6,mappo,789,18002,192,136,2,54,0.7083333333333334,0.010416666666666666,4.533333333333333,6.529411764705882,11.0,1.4875,13,42,8.32067972653447,0.2159287393202939,0.03435185185185185,0.71270675745902,0.09332434034833416,0.3123885406818843,0.057419925286087595,0.004166666666666667,0.6764705882352942,0.7457627118644068,0.7419354838709677
exo6,mappo,789,18003,192,145,3,44,0.7552083333333334,0.015625,4.833333333333333,6.517241379310345,11.799999999999983,1.425,8,38,8.269137302278406,0.21666017142227678,0.03265432098765432,0.6796058814358878,0.07867171141551947,0.30923267951518724,0.05409777828234653,0.005469556243550052,0.7444444444444445,0.7333333333333333,0.8095238095238095
exo6,mappo,789,18004,192,142,1,49,0.7395833333333334,0.005208333333333333,4.733333333333333,6.098591549295775,11.0,1.3458333333333334,9,43,8.359411683899749,0.20817320747763954,0.031049382716049383,0.682752182869628,0.08808236339970087,0.3038512886036106,0.05389211697942687,0.0023809523809523807,0.6842105263157895,0.7384615384615385,0.90625
exo6,mappo,789,18005,192,147,2,43,0.765625,0.010416666666666666,4.9,5.374149659863946,11.0,1.2194444444444446,8,30,10.334604775552057,0.17948401096901753,0.028055555555555552,0.6966560166687505,0.06481724358659342,0.3215903871670126,0.055253315735230464,0.004305555555555555,0.76,0.7543859649122807,0.8
exo6,mappo,789,18006,192,144,3,45,0.75,0.015625,4.8,5.611111111111111,11.0,1.2805555555555554,9,36,9.564700920571592,0.1907560800167044,0.029475308641975305,0.7088288104500093,0.07805097522589782,0.3179452023724469,0.05516390142022841,0.005360623781676413,0.711340206185567,0.7666666666666667,0.8285714285714286
exo6,mappo,789,18007,192,145,1,46,0.7552083333333334,0.005208333333333333,4.833333333333333,5.627586206896551,10.799999999999983,1.2708333333333333,9,31,9.777220467780404,0.18816763528753505,0.02929012345679013,0.7038473582978442,0.06421314638806899,0.3150677136474351,0.05479410581040199,0.00196078431372549,0.7525773195876289,0.6981132075471698,0.8333333333333334
exo6,mappo,789,18008,192,142,2,48,0.7395833333333334,0.010416666666666666,4.733333333333333,5.901408450704225,10.0,1.3847222222222222,9,43,8.660283873532684,0.19168691089632295,0.03188271604938271,0.6974818917742984,0.09089665780842252,0.30374138116785176,0.05352695409670537,0.004166666666666667,0.775,0.8048780487804879,0.6619718309859155
exo6,mappo,789,18009,192,139,2,51,0.7239583333333334,0.010416666666666666,4.633333333333334,6.0,11.0,1.3625,13,40,8.499789508512826,0.19972766545310203,0.03148148148148148,0.7029664127748507,0.08746596325930693,0.30491904795697367,0.05538417704156716,0.004135338345864661,0.7129629629629629,0.7169811320754716,0.7741935483870968
exo6,mappo,789,18010,192,138,6,48,0.71875,0.03125,4.6,6.1231884057971016,11.0,1.4194444444444445,11,54,7.188964194071433,0.21153458555485863,0.03265432098765433,0.6975975888367808,0.11369633147496926,0.29932596585847365,0.05441098430586433,0.011710812980162825,0.7058823529411765,0.671875,0.813953488372093
exo6,mappo,789,18011,192,142,2,48,0.7395833333333334,0.010416666666666666,4.733333333333333,5.528169014084507,10.0,1.2722222222222221,9,30,9.486137811530176,0.18603783027949594,0.02938271604938271,0.6982435789594021,0.06372734563911035,0.3111886490988658,0.054477632261835586,0.004305555555555555,0.6907216494845361,0.8301886792452831,0.7380952380952381
exo6,mappo,789,18012,192,135,4,53,0.703125,0.020833333333333332,4.5,6.155555555555556,11.0,1.4069444444444446,13,34,8.146072280082018,0.20120938354512552,0.03253086419753086,0.7130174151074676,0.07343614503831222,0.30318535595238383,0.055704721454209266,0.008020725834193327,0.7448979591836735,0.6363636363636364,0.6923076923076923
exo6,mappo,789,18013,192,142,2,48,0.7395833333333334,0.010416666666666666,4.733333333333333,6.147887323943662,11.949999999999989,1.4069444444444446,11,34,9.108129454221013,0.20609560016902956,0.03237654320987655,0.7198873333989522,0.06829990543225836,0.3178860518566402,0.05593667980730654,0.004464285714285714,0.7419354838709677,0.7407407407407407,0.7333333333333333
exo6,mappo,789,18014,192,141,7,44,0.734375,0.036458333333333336,4.7,6.397163120567376,12.0,1.4277777777777778,9,32,7.751002987389049,0.20725897203752464,0.03271604938271604,0.7129463829664718,0.06674107339742015,0.3056250682295574,0.05477084155480526,0.014665810768751945,0.7526881720430108,0.6833333333333333,0.7692307692307693
exo6,mappo,789,18015,192,141,7,44,0.734375,0.036458333333333336,4.7,6.24822695035461,10.0,1.4083333333333334,12,44,8.271284624874813,0.1993078742858548,0.032283950617283945,0.7049308181111367,0.08958108097039984,0.3108454283647782,0.055120851817971696,0.013462475633528264,0.797752808988764,0.5901639344262295,0.8095238095238095
exo6,global_dijkstra,-1,18001,192,137,7,48,0.7135416666666666,0.036458333333333336,4.566666666666666,6.2846715328467155,15.0,1.4652777777777777,19,36,9.792194102870386,0.19988265814737022,0.03367283950617284,0.7588501653296135,0.08933524808524809,0.34523823398823406,0.06256464737931758,0.01862026862026862,0.7252747252747253,0.631578947368421,0.7954545454545454
exo6,global_dijkstra,-1,18002,192,136,5,51,0.7083333333333334,0.026041666666666668,4.533333333333333,6.919117647058823,13.0,1.5416666666666667,13,44,8.898529665578648,0.21507247972176247,0.03546296296296296,0.7498920695263653,0.09797292848763436,0.33106243429772847,0.06115981763401339,0.01068229428523546,0.7058823529411765,0.7288135593220338,0.6774193548387096
exo6,global_dijkstra,-1,18003,192,139,4,49,0.7239583333333334,0.020833333333333332,4.633333333333334,6.60431654676259,13.099999999999994,1.4986111111111111,13,43,9.336798039304549,0.21784815845824207,0.03444444444444444,0.7275529116849105,0.0996024291612527,0.3375089752295635,0.06057438480016439,0.009827209827209827,0.7111111111111111,0.6666666666666666,0.8333333333333334
exo6,global_dijkstra,-1,18004,192,136,4,52,0.7083333333333334,0.020833333333333332,4.533333333333333,6.529411764705882,12.0,1.4361111111111111,13,37,8.968911659443908,0.21412925786068757,0.03314814814814815,0.7323334110290882,0.0865670114199526,0.32838998419880777,0.05986806015125887,0.010317460317460317,0.6736842105263158,0.6923076923076923,0.84375
exo6,global_dijkstra,-1,18005,192,152,0,40,0.7916666666666666,0.0,5.066666666666666,5.690789473684211,11.0,1.2375,9,38,11.961512465933046,0.18457119087535553,0.028364197530864197,0.7268856771472125,0.08867234073116426,0.35109360410831,0.05784541257850822,0.0,0.8,0.7894736842105263,0.7714285714285715
exo6,global_dijkstra,-1,18006,192,142,3,47,0.7395833333333334,0.015625,4.733333333333333,6.161971830985915,11.0,1.3444444444444446,11,39,10.176063934992161,0.20476709852607886,0.030956790123456788,0.7366631867793776,0.09051650147238383,0.34073179271708676,0.05940989652194436,0.007509157509157509,0.7319587628865979,0.7333333333333333,0.7714285714285715
exo6,global_dijkstra,-1,18007,192,144,3,45,0.75,0.015625,4.8,6.375,12.0,1.3819444444444444,9,35,9.952215530743304,0.20298891125044705,0.03172839506172839,0.7284910974448892,0.07229147214441331,0.333004094002546,0.05810861062669448,0.006388888888888888,0.7628865979381443,0.7358490566037735,0.7380952380952381
exo6,global_dijkstra,-1,18008,192,144,5,43,0.75,0.026041666666666668,4.8,6.756944444444445,13.849999999999994,1.4541666666666666,12,35,9.185355029352996,0.1997466517230865,0.03327160493827161,0.7347210531631149,0.0788103318250377,0.3247573260073261,0.05681554418824367,0.011028244631185808,0.875,0.6097560975609756,0.6901408450704225
exo6,global_dijkstra,-1,18009,192,140,3,49,0.7291666666666666,0.015625,4.666666666666667,7.0285714285714285,14.0,1.5416666666666667,15,39,9.17724174800781,0.21513837705912892,0.03540123456790123,0.7433724022196009,0.0910744912408999,0.3313137982874825,0.05946130362543307,0.00738095238095238,0.7222222222222222,0.6415094339622641,0.9032258064516129
exo6,global_dijkstra,-1,18010,192,138,4,50,0.71875,0.020833333333333332,4.6,6.77536231884058,16.150000000000006,1.511111111111111,15,38,8.93157397729236,0.21241652269833577,0.03475308641975308,0.7424833885407024,0.0837234007822243,0.32620377443906856,0.05936722917389245,0.00876984126984127,0.7529411764705882,0.6875,0.6976744186046512
exo6,global_dijkstra,-1,18011,192,141,2,49,0.734375,0.010416666666666666,4.7,6.035460992907802,12.0,1.3263888888888888,11,48,9.920202065344348,0.19309237310556165,0.030617283950617285,0.727330952890404,0.10975912159735687,0.3293396717661424,0.05844711589462551,0.004945054945054945,0.711340206185567,0.7924528301886793,0.7142857142857143
exo6,global_dijkstra,-1,18012,192,138,5,49,0.71875,0.026041666666666668,4.6,6.050724637681159,11.0,1.3472222222222223,14,39,9.649371824816237,0.19057994497713143,0.031080246913580245,0.7544049668665147,0.09070911931206051,0.33003993555464156,0.059156170662856195,0.011746031746031746,0.7857142857142857,0.6363636363636364,0.6666666666666666
exo6,global_dijkstra,-1,18013,192,139,3,50,0.7239583333333334,0.015625,4.633333333333334,6.129496402877698,13.0,1.4097222222222223,13,54,9.646800590130479,0.19858111059247044,0.032499999999999994,0.7586102878473803,0.12266654641654641,0.3340743515743515,0.06028819232753971,0.007792207792207792,0.7634408602150538,0.7407407407407407,0.6222222222222222
exo6,global_dijkstra,-1,18014,192,144,3,45,0.75,0.015625,4.8,6.236111111111111,11.0,1.3819444444444444,12,40,9.621436082259095,0.20723120397068184,0.03172839506172839,0.751987197356559,0.0846039826186885,0.33220516411692885,0.05745915456773597,0.0066082202111613884,0.7741935483870968,0.7,0.7692307692307693
exo6,global_dijkstra,-1,18015,192,140,2,50,0.7291666666666666,0.010416666666666666,4.666666666666667,6.171428571428572,12.049999999999983,1.3583333333333334,13,45,10.4396555430753,0.20778846475449514,0.031358024691358025,0.7494505307371018,0.10582662163544516,0.3467182245858717,0.06145208843392107,0.005158730158730159,0.7415730337078652,0.6721311475409836,0.7857142857142857
exo6,full_heuristic,-1,18001,192,54,33,105,0.28125,0.171875,1.8,8.777777777777779,19.099999999999966,2.609722222222222,9,161,-11.988217624076155,0.31673825067769734,0.06086419753086419,0.5343123948463071,0.23898315452663282,0.083244923353619,0.040148774129760284,0.0477123721688939,0.31868131868131866,0.24561403508771928,0.25
exo6,full_heuristic,-1,18002,192,68,29,95,0.3541666666666667,0.15104166666666666,2.2666666666666666,8.382352941176471,18.65,2.3583333333333334,10,169,-8.767149610126326,0.2780428661824412,0.054969135802469135,0.5587762129189884,0.2562203541436951,0.11254021340977863,0.04180511431069705,0.04199918439048874,0.39215686274509803,0.3220338983050847,0.2903225806451613
exo6,full_heuristic,-1,18003,192,60,37,95,0.3125,0.19270833333333334,2.0,8.933333333333334,19.049999999999997,2.5388888888888888,9,140,-10.389017176149009,0.2825216155465444,0.05898148148148148,0.5496654272964425,0.2124238214112356,0.09587471643535718,0.04159982237825919,0.053365957713783795,0.36666666666666664,0.2,0.35714285714285715
exo6,full_heuristic,-1,18004,192,75,31,86,0.390625,0.16145833333333334,2.5,8.893333333333333,20.299999999999997,2.3125,8,135,-7.782133349593417,0.26909000457198584,0.05367283950617285,0.555035671600337,0.208138910627469,0.1230073866086452,0.04194053398858783,0.0460327696712136,0.43157894736842106,0.2923076923076923,0.46875
exo6,full_heuristic,-1,18005,192,75,31,86,0.390625,0.16145833333333334,2.5,8.72,22.599999999999994,2.341666666666667,8,114,-6.875065027255606,0.23903623253832731,0.054320987654321,0.5507084480915784,0.17108167597298035,0.11935812577116925,0.041653009616805875,0.04596979107848673,0.49,0.22807017543859648,0.37142857142857144
exo6,full_heuristic,-1,18006,192,66,37,89,0.34375,0.19270833333333334,2.2,8.409090909090908,19.0,2.3291666666666666,8,143,-9.400011000161582,0.2671649488535073,0.05413580246913581,0.5517743898745953,0.21938939905759122,0.1040544680762072,0.04054074105136934,0.053929826212434896,0.422680412371134,0.25,0.2857142857142857
exo6,full_heuristic,-1,18007,192,67,28,97,0.3489583333333333,0.14583333333333334,2.2333333333333334,8.970149253731343,17.699999999999996,2.5194444444444444,11,151,-8.611437170175575,0.2701487031347075,0.05861111111111111,0.5476770468349669,0.2333533093315702,0.10871354088745394,0.041243817819815516,0.04093732354601919,0.3917525773195876,0.22641509433962265,0.40476190476190477
exo6,full_heuristic,-1,18008,192,63,32,97,0.328125,0.16666666666666666,2.1,9.222222222222221,17.0,2.6180555555555554,10,146,-10.500888377259992,0.29909801857096574,0.06080246913580247,0.546165820655349,0.2188651556362554,0.09664371457849717,0.04035417594873163,0.04657600853253027,0.425,0.1951219512195122,0.29577464788732394
exo6,full_heuristic,-1,18009,192,62,27,103,0.3229166666666667,0.140625,2.066666666666667,10.129032258064516,20.949999999999996,2.6444444444444444,10,143,-10.62632493655937,0.31632436200651265,0.06157407407407408,0.5500754205688235,0.21612422030042167,0.09636835005828139,0.041099416700181135,0.03951079114122592,0.37037037037037035,0.2830188679245283,0.22580645161290322
exo6,full_heuristic,-1,18010,192,65,35,92,0.3385416666666667,0.18229166666666666,2.1666666666666665,8.430769230769231,18.799999999999997,2.4652777777777777,9,138,-9.397972201448251,0.2759201447093193,0.05725308641975309,0.5494360318213745,0.21142025848547583,0.10649531332076088,0.041327495747026204,0.05158667419536985,0.36470588235294116,0.3125,0.32558139534883723
exo6,full_heuristic,-1,18011,192,69,22,101,0.359375,0.11458333333333333,2.3,8.231884057971014,18.599999999999994,2.352777777777778,9,90,-7.139704730503865,0.26219523591727234,0.055030864197530865,0.5442168455371204,0.13448261904211561,0.10850437044945055,0.0405026040399363,0.03170525127046865,0.3402061855670103,0.39622641509433965,0.35714285714285715
exo6,full_heuristic,-1,18012,192,57,31,104,0.296875,0.16145833333333334,1.9,8.894736842105264,21.799999999999983,2.5625,9,161,-11.156381329883818,0.30784314164471416,0.059783950617283955,0.554929604526969,0.24590278704459617,0.09174560555331858,0.041175953086126225,0.04545458673033043,0.32653061224489793,0.2545454545454545,0.28205128205128205
exo6,full_heuristic,-1,18013,192,67,28,97,0.3489583333333333,0.14583333333333334,2.2333333333333334,9.388059701492537,18.0,2.4791666666666665,8,169,-8.87351213279169,0.2729710582237315,0.057716049382716045,0.5500175263016822,0.2562612207816811,0.1078007138972612,0.04128308744091651,0.04092948114687245,0.3763440860215054,0.25925925925925924,0.4
exo6,full_heuristic,-1,18014,192,59,34,99,0.3072916666666667,0.17708333333333334,1.9666666666666666,8.271186440677965,18.299999999999983,2.5430555555555556,9,145,-9.88785760765256,0.26821394433271045,0.05919753086419752,0.5575012630403975,0.22265530184058918,0.09508646912755811,0.04101371551035533,0.04990683229813665,0.3655913978494624,0.23333333333333334,0.28205128205128205
exo6,full_heuristic,-1,18015,192,62,30,100,0.3229166666666667,0.15625,2.066666666666667,9.403225806451612,19.949999999999996,2.5305555555555554,8,177,-10.55845486347258,0.30381552612422963,0.05895061728395061,0.5551739160947311,0.2773251211355262,0.10116898558882675,0.04144875321519393,0.044091577758625815,0.3595505617977528,0.18032786885245902,0.4523809523809524
exo8,mappo,1024,18001,256,163,10,83,0.63671875,0.0390625,5.433333333333334,7.41717791411043,13.0,2.2875,12,63,6.151874406063194,0.22363132097305638,0.05290123456790123,0.6713391012690415,0.11064707222601959,0.2991445302203816,0.04627488392554704,0.016691729323308268,0.6417910447761194,0.6197183098591549,0.6470588235294118
exo8,mappo,1024,18002,256,157,12,87,0.61328125,0.046875,5.233333333333333,7.114649681528663,13.0,2.223611111111111,13,64,4.46900794386889,0.22912414483836507,0.05160493827160494,0.6386343870106559,0.10593994455836561,0.27401635401635394,0.04417372207879442,0.019594440647072223,0.671875,0.5476190476190477,0.5681818181818182
exo8,mappo,1024,18003,256,156,12,88,0.609375,0.046875,5.2,7.128205128205129,15.0,2.248611111111111,13,66,4.832899459264381,0.2250325434759838,0.05219135802469135,0.6469622331279983,0.11369243072029449,0.2793595859191835,0.04513294954736361,0.01944444444444444,0.6153846153846154,0.5571428571428572,0.6607142857142857
exo8,mappo,1024,18004,256,163,11,82,0.63671875,0.04296875,5.433333333333334,7.03680981595092,13.0,2.165277777777778,13,51,6.0221739686863724,0.21794909426486778,0.050154320987654315,0.6431101861046779,0.0879290927012693,0.29102654334044836,0.04521811010479985,0.018411377587578957,0.6433566433566433,0.5945945945945946,0.6923076923076923
exo8,mappo,1024,18005,256,162,9,85,0.6328125,0.03515625,5.4,7.2407407407407405,13.949999999999989,2.2597222222222224,14,46,5.741440507879309,0.23686464314507374,0.05234567901234568,0.6396146923595339,0.0787047088904674,0.2921947654455394,0.045719248457269795,0.014996329206855523,0.6260162601626016,0.6190476190476191,0.673469387755102
exo8,mappo,1024,18006,256,162,9,85,0.6328125,0.03515625,5.4,7.308641975308642,13.0,2.2930555555555556,14,56,5.898547605063382,0.2221689487019076,0.053086419753086415,0.6344636672189716,0.09562942736956735,0.2885615795341196,0.04486687832657543,0.014403940516640743,0.6564885496183206,0.640625,0.5737704918032787
exo8,mappo,1024,18007,256,155,8,93,0.60546875,0.03125,5.166666666666667,7.232258064516129,13.0,2.3513888888888888,13,47,5.1056599361757415,0.23813563459818032,0.054629629629629625,0.6432757130282664,0.08324159658137985,0.2820024902944879,0.0458454071225132,0.013208273208273207,0.5859375,0.6338028169014085,0.6140350877192983
exo8,mappo,1024,18008,256,178,6,72,0.6953125,0.0234375,5.933333333333334,6.606741573033708,11.150000000000006,2.0305555555555554,12,37,8.070061074299971,0.22134120235528776,0.04685185185185184,0.6332989569825376,0.06593483485898347,0.31425915315621195,0.044630458608744705,0.009856839067365385,0.680672268907563,0.7123287671232876,0.703125
exo8,mappo,1024,18009,256,153,21,82,0.59765625,0.08203125,5.1,7.032679738562091,13.0,2.2569444444444446,13,49,3.045941006187237,0.23562126340874112,0.05219135802469135,0.6450113701950028,0.08490843655031298,0.26657956011149575,0.04389965822854725,0.034190306684585864,0.6016949152542372,0.5432098765432098,0.6666666666666666
exo8,mappo,1024,18010,256,164,8,84,0.640625,0.03125,5.466666666666667,7.201219512195122,12.0,2.225,14,41,6.185159346272577,0.2366257737400461,0.05154320987654322,0.6382654348143519,0.07242175551773075,0.29755536531465326,0.04579726458181161,0.014093894867888675,0.6583333333333333,0.6666666666666666,0.5510204081632653
exo8,mappo,1024,18011,256,151,11,94,0.58984375,0.04296875,5.033333333333333,7.377483443708609,12.5,2.345833333333333,13,56,3.752671392723458,0.2328169570736389,0.05453703703703704,0.6292075112878108,0.09532122207919759,0.262333422019618,0.04388015519786916,0.01837909992372235,0.6456692913385826,0.5324675324675324,0.5384615384615384
exo8,mappo,1024,18012,256,149,13,94,0.58203125,0.05078125,4.966666666666667,8.134228187919463,14.0,2.5458333333333334,14,60,3.350137201345501,0.2422008744959195,0.05898148148148149,0.6501778886910892,0.10213673996568733,0.2663815110757835,0.04551008590631082,0.020854788486367435,0.5801526717557252,0.5569620253164557,0.6304347826086957
exo8,mappo,1024,18013,256,150,12,94,0.5859375,0.046875,5.0,7.413333333333333,13.549999999999983,2.3875,15,62,3.968463246080525,0.23711656035035533,0.055462962962962964,0.6553994890888631,0.10953245040706341,0.2726733090897177,0.04537712251245983,0.019796714007240323,0.6428571428571429,0.5348837209302325,0.5227272727272727
exo8,mappo,1024,18014,256,163,6,87,0.63671875,0.0234375,5.433333333333334,7.177914110429448,13.0,2.254166666666667,14,59,6.394584847683947,0.21944282680907737,0.052283950617283956,0.6454791615571013,0.09970118961992026,0.2915949838202161,0.04529118251822061,0.009874939874939873,0.6666666666666666,0.5897435897435898,0.6326530612244898
exo8,mappo,1024,18015,256,168,8,80,0.65625,0.03125,5.6,6.821428571428571,12.0,2.109722222222222,13,47,6.797899812656549,0.22171933909635655,0.04885802469135802,0.6276565154560806,0.08184374763473565,0.2987908861739459,0.04484176664124253,0.013280387669942117,0.6744186046511628,0.7297297297297297,0.5094339622641509
exo8,mappo,123,18001,256,158,12,86,0.6171875,0.046875,5.266666666666667,7.348101265822785,13.0,2.3722222222222222,14,69,5.45280732330427,0.22183653053880562,0.054876543209876553,0.6756252505084869,0.12392952263308299,0.2924173626224709,0.0467588929612505,0.02015619857725121,0.6044776119402985,0.6338028169014085,0.6274509803921569
exo8,mappo,123,18002,256,155,11,90,0.60546875,0.04296875,5.166666666666667,7.4,12.0,2.341666666666667,16,72,3.9645344601645305,0.23447108147352522,0.05432098765432099,0.6517301486300177,0.1194493975386424,0.26966224162734453,0.04410166595284373,0.017886201009770803,0.6484375,0.5595238095238095,0.5681818181818182
exo8,mappo,123,18003,256,153,16,87,0.59765625,0.0625,5.1,7.287581699346405,13.400000000000006,2.326388888888889,13,61,4.0971051041690805,0.2260297338241171,0.05388888888888889,0.6539362437062256,0.1069009692017499,0.2735987035229867,0.044881765798844814,0.025112198590459465,0.6230769230769231,0.5285714285714286,0.625
exo8,mappo,123,18004,256,161,10,85,0.62890625,0.0390625,5.366666666666666,7.416149068322981,14.0,2.2597222222222224,14,67,5.10903778396826,0.23466288812608527,0.052345679012345686,0.6437941091626588,0.1181277689172426,0.2860243988610861,0.04488021084713667,0.016357560568086883,0.6153846153846154,0.6216216216216216,0.6923076923076923
exo8,mappo,123,18005,256,157,12,87,0.61328125,0.046875,5.233333333333333,6.987261146496815,13.0,2.263888888888889,15,56,5.148547496959513,0.2257195849973911,0.052500000000000005,0.6490350111057239,0.09948044129932672,0.28513540066171644,0.04583900275278685,0.020774738390837464,0.6260162601626016,0.5952380952380952,0.6122448979591837
exo8,mappo,123,18006,256,155,14,87,0.60546875,0.0546875,5.166666666666667,7.645161290322581,13.299999999999983,2.411111111111111,13,61,4.307973882391518,0.22722771735776262,0.055771604938271616,0.645611170543826,0.10649441860742169,0.27658055194432907,0.045101963603740074,0.02367338801549328,0.6564885496183206,0.578125,0.5245901639344263
exo8,mappo,123,18007,256,152,16,88,0.59375,0.0625,5.066666666666666,7.440789473684211,13.449999999999989,2.4277777777777776,13,58,3.8341832540950835,0.23188744018357477,0.05617283950617284,0.6561110061133287,0.10258017270889125,0.27443111649347346,0.04548937179041042,0.02677717019822283,0.625,0.5774647887323944,0.543859649122807
exo8,mappo,123,18008,256,168,10,78,0.65625,0.0390625,5.6,6.726190476190476,13.0,2.109722222222222,12,45,6.694205984116901,0.2262453903194644,0.04879629629629631,0.6319670423089537,0.07868311412816055,0.30182534098168773,0.04519836304891423,0.015887445887445888,0.6638655462184874,0.684931506849315,0.609375
exo8,mappo,123,18009,256,153,19,84,0.59765625,0.07421875,5.1,6.803921568627451,12.0,2.263888888888889,12,59,3.212477938857131,0.23453717174326613,0.05240740740740741,0.65502793199279,0.10323005597773399,0.26908886448276004,0.044339643640175334,0.032024632287790185,0.6016949152542372,0.5925925925925926,0.5964912280701754
exo8,mappo,123,18010,256,163,9,84,0.63671875,0.03515625,5.433333333333334,6.957055214723926,12.0,2.1791666666666667,13,50,6.364798293167614,0.2262431179392656,0.050524691358024704,0.6505670928812239,0.09078087375300999,0.2987682850918144,0.04597920189627677,0.015451475912002225,0.6583333333333333,0.6436781609195402,0.5714285714285714
exo8,mappo,123,18011,256,151,11,94,0.58984375,0.04296875,5.033333333333333,7.0,12.0,2.3402777777777777,13,57,3.9946818891734743,0.23158132329504097,0.054413580246913576,0.6419274441632379,0.09903779775784756,0.2663975774416278,0.04446358122959387,0.01804012116369096,0.6456692913385826,0.5584415584415584,0.5
exo8,mappo,123,18012,256,139,14,103,0.54296875,0.0546875,4.633333333333334,8.043165467625899,14.0,2.623611111111111,16,77,1.7972729084323613,0.2429706181264065,0.06098765432098764,0.644429905819597,0.13103609628781254,0.24500561183829453,0.04493358630047427,0.021598908338038778,0.5419847328244275,0.5189873417721519,0.5869565217391305
exo8,mappo,123,18013,256,144,15,97,0.5625,0.05859375,4.8,7.548611111111111,13.849999999999994,2.473611111111111,14,76,2.803934350858797,0.23306579437142746,0.05746913580246914,0.6618554658227299,0.13384111831867251,0.26039098972922503,0.04534546522682768,0.025394040657198556,0.626984126984127,0.5116279069767442,0.4772727272727273
exo8,mappo,123,18014,256,162,7,87,0.6328125,0.02734375,5.4,7.462962962962963,14.0,2.2944444444444443,14,64,5.755679815392745,0.22409051969328436,0.05317901234567901,0.651744411525905,0.10874862705408539,0.2864835395244939,0.044727607257414315,0.01154021417179312,0.6821705426356589,0.5897435897435898,0.5714285714285714
exo8,mappo,123,18015,256,158,11,87,0.6171875,0.04296875,5.266666666666667,7.082278481012659,13.0,2.276388888888889,14,51,5.4538832231282335,0.22548418605121967,0.05277777777777778,0.6429433736949336,0.0911848248071158,0.2880292178008896,0.04625231542779998,0.01969969300851654,0.6124031007751938,0.6891891891891891,0.5283018867924528
exo8,mappo,2024,18001,256,160,9,87,0.625,0.03515625,5.333333333333333,7.46875,13.0,2.3625,13,54,5.638961796398358,0.23046785154066335,0.05469135802469137,0.6731478870161932,0.09214971475033391,0.2906773598491865,0.04616791224020928,0.014403432824485456,0.6044776119402985,0.6619718309859155,0.6274509803921569
exo8,mappo,2024,18002,256,148,16,92,0.578125,0.0625,4.933333333333334,7.135135135135135,13.0,2.3361111111111112,15,54,3.274644696465728,0.22271583381179685,0.05425925925925926,0.6341230158431226,0.08934064960380748,0.2569230227976358,0.0439926834613535,0.026444140654666975,0.6171875,0.5,0.6136363636363636
exo8,mappo,2024,18003,256,150,15,91,0.5859375,0.05859375,5.0,7.38,13.0,2.338888888888889,13,50,4.039236915805642,0.2311210515099564,0.054290123456790115,0.650952602573166,0.08480456061489847,0.27183433100329724,0.04544202171039306,0.023936953326507773,0.6,0.5142857142857142,0.6428571428571429
exo8,mappo,2024,18004,256,163,10,83,0.63671875,0.0390625,5.433333333333334,7.177914110429448,12.900000000000006,2.198611111111111,12,49,5.946306670084971,0.22650345613089065,0.050925925925925916,0.6404835106118837,0.08571127015399461,0.292590166827783,0.04519208497575354,0.017008050429103062,0.6293706293706294,0.6216216216216216,0.6923076923076923
exo8,mappo,2024,18005,256,157,11,88,0.61328125,0.04296875,5.233333333333333,7.312101910828026,14.0,2.2958333333333334,14,31,5.014867936067756,0.24045971848200656,0.053240740740740734,0.6390951293337058,0.05131408065618592,0.2817238785839876,0.04500571685756063,0.017280140403710193,0.6016260162601627,0.5952380952380952,0.673469387755102
exo8,mappo,2024,18006,256,152,10,94,0.59375,0.0390625,5.066666666666666,7.592105263157895,14.0,2.4430555555555555,15,44,4.461542864629285,0.22956048774383186,0.05669753086419752,0.6422171778439859,0.07441292763089101,0.26946053843953965,0.04447122013312619,0.015866521816178567,0.6030534351145038,0.609375,0.5573770491803278
exo8,mappo,2024,18007,256,147,10,99,0.57421875,0.0390625,4.9,7.408163265306122,14.699999999999989,2.433333333333333,15,31,4.048236603836575,0.24030944726546472,0.05663580246913579,0.6510038491654618,0.052955954334672865,0.26660304878487,0.045504934396545356,0.01620235948897276,0.53125,0.6197183098591549,0.6140350877192983
exo8,mappo,2024,18008,256,169,10,77,0.66015625,0.0390625,5.633333333333334,6.946745562130178,13.599999999999994,2.1194444444444445,14,25,7.5988044868300975,0.21903649441316833,0.04898148148148147,0.6425845624941381,0.045291680999885335,0.31263688223827546,0.046649490826868825,0.017888430225891528,0.6554621848739496,0.6712328767123288,0.65625
exo8,mappo,2024,18009,256,150,18,88,0.5859375,0.0703125,5.0,7.213333333333333,12.549999999999983,2.3152777777777778,12,54,2.395097109790979,0.2518617492539379,0.05367283950617284,0.6420359698631141,0.0918225599649748,0.25970388314815557,0.0436782145441271,0.02891762233867497,0.5677966101694916,0.5802469135802469,0.631578947368421
exo8,mappo,2024,18010,256,166,12,78,0.6484375,0.046875,5.533333333333333,7.150602409638554,12.0,2.2263888888888888,12,43,5.749308140412849,0.2323886497319895,0.05138888888888889,0.6330854865263471,0.07203826187572317,0.2935573931858761,0.044606353199771034,0.01989729225023343,0.675,0.6206896551724138,0.6326530612244898
exo8,mappo,2024,18011,256,156,9,91,0.609375,0.03515625,5.2,7.25,14.25,2.316666666666667,13,36,5.098012611222198,0.22799487074556218,0.05379629629629628,0.6338409276341276,0.06276431944388601,0.2756166932482722,0.04465828226250491,0.014932470064049012,0.6535433070866141,0.5714285714285714,0.5576923076923077
exo8,mappo,2024,18012,256,144,14,98,0.5625,0.0546875,4.8,8.083333333333334,14.0,2.5680555555555555,16,45,2.425732265051993,0.2537436301027633,0.05959876543209876,0.6496613432455673,0.07475790214382218,0.25560301849977446,0.04509168424734119,0.02224938460232578,0.5572519083969466,0.5443037974683544,0.6086956521739131
exo8,mappo,2024,18013,256,152,11,93,0.59375,0.04296875,5.066666666666666,7.440789473684211,14.0,2.3805555555555555,14,52,4.229831603924101,0.23416360491819918,0.05527777777777777,0.6495677725682811,0.08967863653100562,0.2722152596447589,0.04490906279597308,0.018833447254499883,0.6349206349206349,0.5348837209302325,0.5909090909090909
exo8,mappo,2024,18014,256,164,6,86,0.640625,0.0234375,5.466666666666667,7.402439024390244,13.0,2.2847222222222223,15,41,6.464074528988219,0.2218511214928963,0.05293209876543211,0.6452619602248721,0.06723513328776484,0.2907584618110934,0.044815316533601594,0.009698108908635225,0.6589147286821705,0.6153846153846154,0.6326530612244898
exo8,mappo,2024,18015,256,163,8,85,0.63671875,0.03125,5.433333333333334,6.852760736196319,12.0,2.173611111111111,17,48,6.152362920297053,0.22447876804812686,0.0504320987654321,0.6242777018726812,0.08277764189141898,0.2897834362346746,0.04473178205185777,0.01310359231411863,0.627906976744186,0.7162162162162162,0.5471698113207547
exo8,mappo,314,18001,256,164,9,83,0.640625,0.03515625,5.466666666666667,7.402439024390244,13.0,2.3125,15,46,6.966191805068403,0.22157492636939236,0.05345679012345679,0.6810245195644641,0.08219338410127883,0.3082026049286112,0.04757596445086445,0.01527986633249791,0.6343283582089553,0.6338028169014085,0.6666666666666666
exo8,mappo,314,18002,256,156,11,89,0.609375,0.04296875,5.2,7.032051282051282,15.0,2.2708333333333335,16,40,5.116229248162379,0.22182859600115437,0.05271604938271605,0.6513717514286733,0.06757699172172857,0.27738974031930685,0.045001190946341495,0.018542188805346697,0.65625,0.5595238095238095,0.5681818181818182
exo8,mappo,314,18003,256,153,12,91,0.59765625,0.046875,5.1,7.254901960784314,14.0,2.2930555555555556,17,34,5.23236763671793,0.2241078205655622,0.05327160493827161,0.6688184518405493,0.0599020275539659,0.2826198726180218,0.04618483298111769,0.02031082608481989,0.5923076923076923,0.5428571428571428,0.6785714285714286
exo8,mappo,314,18004,256,160,12,84,0.625,0.046875,5.333333333333333,7.1625,13.0,2.2222222222222223,14,36,5.483184875237361,0.2261726516377067,0.051481481481481475,0.6514262972263587,0.06450251445607483,0.2867667680902975,0.04568871515249514,0.020395433027011974,0.6293706293706294,0.5945945945945946,0.6666666666666666
exo8,mappo,314,18005,256,162,6,88,0.6328125,0.0234375,5.4,7.5,16.0,2.298611111111111,17,34,6.406050155406016,0.24537911036619894,0.05330246913580247,0.646922402600277,0.059992795109398964,0.30139461811103346,0.046676593683261804,0.00993734335839599,0.6097560975609756,0.6666666666666666,0.6326530612244898
exo8,mappo,314,18006,256,158,10,88,0.6171875,0.0390625,5.266666666666667,7.7025316455696204,16.150000000000006,2.373611111111111,14,34,5.304433738433476,0.23117684407119896,0.054969135802469135,0.6530264176618813,0.057839086724535645,0.2835513062215848,0.04518251091008743,0.01687364579005446,0.6564885496183206,0.609375,0.5409836065573771
exo8,mappo,314,18007,256,153,12,91,0.59765625,0.046875,5.1,7.3202614379084965,14.400000000000006,2.345833333333333,17,27,5.09086379506362,0.2332679577465663,0.05444444444444445,0.6663370152338419,0.04784202038072008,0.28482451114417046,0.04664411875940665,0.02113176583764819,0.5859375,0.5633802816901409,0.6666666666666666
exo8,mappo,314,18008,256,178,6,72,0.6953125,0.0234375,5.933333333333334,6.808988764044944,13.0,2.0541666666666667,14,26,8.72608654785201,0.21935011672750823,0.04737654320987654,0.6543022566702715,0.04674057953856715,0.32523386786931685,0.04615274899147516,0.011476608187134503,0.6890756302521008,0.7123287671232876,0.6875
exo8,mappo,314,18009,256,152,17,87,0.59375,0.06640625,5.066666666666666,7.348684210526316,15.449999999999989,2.334722222222222,15,37,3.0762949226342777,0.24789100829279703,0.05407407407407407,0.6563819679062025,0.06260695138606029,0.2665675055589579,0.04431020137250921,0.02842548613648358,0.5847457627118644,0.5925925925925926,0.6140350877192983
exo8,mappo,314,18010,256,172,11,73,0.671875,0.04296875,5.733333333333333,7.261627906976744,13.0,2.1902777777777778,13,29,7.0795821269713555,0.2249306881539551,0.0504320987654321,0.6486318025364881,0.04998198481944612,0.3098774398116504,0.045673343538339704,0.019532764993291308,0.6916666666666667,0.632183908045977,0.6938775510204082
exo8,mappo,314,18011,256,163,7,86,0.63671875,0.02734375,5.433333333333334,7.07361963190184,13.0,2.2291666666666665,13,22,6.515579403604515,0.22254631226635568,0.05169753086419753,0.6486271052616275,0.03811367186081145,0.2912663790408104,0.045153364006138334,0.012220829852408799,0.6692913385826772,0.5974025974025974,0.6153846153846154
exo8,mappo,314,18012,256,147,16,93,0.57421875,0.0625,4.9,7.9523809523809526,14.699999999999989,2.5194444444444444,15,36,3.298263766746003,0.24183215562260138,0.05836419753086419,0.6580738019658718,0.06274570115127391,0.26718325075910215,0.046376842733295544,0.026453328806269983,0.5801526717557252,0.5316455696202531,0.6304347826086957
exo8,mappo,314,18013,256,152,11,93,0.59375,0.04296875,5.066666666666666,7.2894736842105265,14.449999999999989,2.361111111111111,16,27,5.326120211502601,0.23045421431808805,0.054845679012345674,0.6789155222316082,0.05008660571741067,0.28743325760353616,0.04733220112968776,0.02017816190803807,0.6349206349206349,0.5465116279069767,0.5681818181818182
exo8,mappo,314,18014,256,166,4,86,0.6484375,0.015625,5.533333333333333,7.204819277108434,13.75,2.234722222222222,14,25,7.446051207421339,0.21988655598123558,0.051820987654320985,0.6631391559374048,0.04406647932963723,0.3012416457811195,0.04583513856320762,0.006613756613756613,0.6666666666666666,0.6282051282051282,0.6326530612244898
exo8,mappo,314,18015,256,167,9,80,0.65234375,0.03515625,5.566666666666666,6.970059880239521,13.699999999999989,2.1791666666666667,13,18,7.151185915246665,0.22230783604612112,0.05040123456790124,0.638157271212738,0.03143438662014513,0.3041927736006684,0.04600369994451372,0.016340442609792456,0.627906976744186,0.7297297297297297,0.6037735849056604
exo8,mappo,42,18001,256,161,9,86,0.62890625,0.03515625,5.366666666666666,7.546583850931677,15.0,2.348611111111111,13,37,6.302287818961076,0.23206615515968634,0.05435185185185185,0.6892527687529103,0.0654426581903362,0.3013870182678232,0.0471811348876199,0.01520910863016126,0.6268656716417911,0.6338028169014085,0.6274509803921569
exo8,mappo,42,18002,256,155,8,93,0.60546875,0.03125,5.166666666666667,6.645161290322581,12.0,2.225,15,59,4.741389797435565,0.22020772792763976,0.051820987654320985,0.64517051833324,0.09685496744522183,0.2666317389355483,0.0435622478199609,0.012654181567225047,0.6328125,0.5833333333333334,0.5681818181818182
exo8,mappo,42,18003,256,147,15,94,0.57421875,0.05859375,4.9,7.374149659863946,15.0,2.375,14,59,3.523548386646977,0.23025695029848853,0.05518518518518519,0.6530489115262623,0.09962294260382833,0.26446496117414137,0.0451060933870751,0.02366656100065711,0.5846153846153846,0.5,0.6428571428571429
exo8,mappo,42,18004,256,160,9,87,0.625,0.03515625,5.333333333333333,7.11875,12.049999999999983,2.1708333333333334,13,57,5.5019702576031655,0.22908293598892981,0.05043209876543208,0.6479419806273901,0.09968019189970327,0.28619944023884664,0.04512129165052561,0.015164445640956611,0.6293706293706294,0.5945945945945946,0.6666666666666666
exo8,mappo,42,18005,256,157,13,86,0.61328125,0.05078125,5.233333333333333,7.127388535031847,13.0,2.263888888888889,13,38,5.504123208326471,0.22732520629859873,0.05246913580246914,0.6451012255494764,0.06634249555403143,0.2902311687940642,0.04619778656207167,0.022646324357355453,0.6260162601626016,0.5714285714285714,0.6530612244897959
exo8,mappo,42,18006,256,151,13,92,0.58984375,0.05078125,5.033333333333333,7.8344370860927155,14.0,2.425,14,41,4.053502256085765,0.23297359155596062,0.05623456790123457,0.6449706354941976,0.06956092673298891,0.2692113249617624,0.04475475557937873,0.021229968861547807,0.6183206106870229,0.578125,0.5409836065573771
exo8,mappo,42,18007,256,150,13,93,0.5859375,0.05078125,5.0,7.1,14.0,2.386111111111111,14,38,4.605377539534341,0.2293853645175145,0.055401234567901234,0.6600106638705069,0.06895625601894953,0.2777193165738057,0.04642411264612671,0.021892483734588995,0.578125,0.5633802816901409,0.631578947368421
exo8,mappo,42,18008,256,169,8,79,0.66015625,0.03125,5.633333333333334,7.005917159763314,13.0,2.151388888888889,12,28,7.26782226504639,0.22698325213314827,0.04975308641975308,0.641257628239098,0.04968292314267546,0.3078016695779854,0.04581772520789001,0.013956377872786542,0.6638655462184874,0.684931506849315,0.625
exo8,mappo,42,18009,256,153,13,90,0.59765625,0.05078125,5.1,7.34640522875817,13.400000000000006,2.3125,12,55,3.428324422681697,0.24979539641809556,0.05367283950617284,0.6566671063416046,0.09436862357914988,0.26978858874756706,0.04416570809662242,0.021804511278195486,0.5423728813559322,0.6172839506172839,0.6842105263157895
exo8,mappo,42,18010,256,158,13,85,0.6171875,0.05078125,5.266666666666667,7.139240506329114,12.0,2.283333333333333,13,48,4.80014199928733,0.23416165762573607,0.052870370370370366,0.6425889938188153,0.07988549061304479,0.28213897042070424,0.04499944635903407,0.021539655734702172,0.65,0.5977011494252874,0.5714285714285714
exo8,mappo,42,18011,256,158,9,89,0.6171875,0.03515625,5.266666666666667,7.177215189873418,13.150000000000006,2.2944444444444443,14,36,5.253844929610377,0.23033316794836708,0.053240740740740734,0.6502531886891575,0.06249775508289441,0.2801676391727206,0.04470018643983834,0.015143232477328588,0.6456692913385826,0.5844155844155844,0.5961538461538461
exo8,mappo,42,18012,256,146,13,97,0.5703125,0.05078125,4.866666666666666,7.8493150684931505,14.0,2.5458333333333334,14,54,3.0215360932265676,0.24579020660766995,0.05907407407407407,0.6596839230081976,0.09291028777736272,0.26209542509010814,0.04541529872980019,0.020665767404897843,0.549618320610687,0.5822784810126582,0.6086956521739131
exo8,mappo,42,18013,256,151,11,94,0.58984375,0.04296875,5.033333333333333,7.933774834437086,16.0,2.504166666666667,15,52,3.6167051655264855,0.2522926758799195,0.05805555555555555,0.6642149857451424,0.09235225243739179,0.27274411891284955,0.045792719443493626,0.018361528822055138,0.6111111111111112,0.5348837209302325,0.6363636363636364
exo8,mappo,42,18014,256,162,6,88,0.6328125,0.0234375,5.4,7.271604938271605,13.0,2.308333333333333,14,38,6.2015391351445475,0.2240990521390337,0.05351851851851853,0.6606893813710346,0.06429939599444243,0.2882209348385819,0.04501704836329081,0.00968975468975469,0.6356589147286822,0.6153846153846154,0.6530612244897959
exo8,mappo,42,18015,256,162,6,88,0.6328125,0.0234375,5.4,7.037037037037037,12.0,2.236111111111111,13,50,6.060439472378484,0.23239612539023238,0.05191358024691358,0.637400522923885,0.08591048327890433,0.2901436560801886,0.045057756274127794,0.00945887445887446,0.6124031007751938,0.7702702702702703,0.49056603773584906
exo8,mappo,456,18001,256,162,11,83,0.6328125,0.04296875,5.4,7.209876543209877,12.949999999999989,2.348611111111111,13,58,5.99860459436814,0.21924384798803107,0.05425925925925926,0.6720584330703883,0.10191095454253349,0.29570643050906215,0.0463316307812234,0.01829346092503987,0.6194029850746269,0.6619718309859155,0.6274509803921569
exo8,mappo,456,18002,256,157,11,88,0.61328125,0.04296875,5.233333333333333,7.063694267515924,13.0,2.2472222222222222,15,54,4.872474432586933,0.22235872456456982,0.052160493827160495,0.6458167970402146,0.0903163024912251,0.27441098661686897,0.04414611884016429,0.017629743550796183,0.671875,0.5595238095238095,0.5454545454545454
exo8,mappo,456,18003,256,150,16,90,0.5859375,0.0625,5.0,7.26,13.0,2.3291666666666666,15,75,3.4893134205512433,0.22807694537338807,0.05404320987654321,0.6398127033741683,0.12398887017072506,0.2659367822231263,0.044476321762930114,0.025512463636033433,0.6,0.5285714285714286,0.625
exo8,mappo,456,18004,256,153,16,87,0.59765625,0.0625,5.1,7.196078431372549,12.400000000000006,2.2958333333333334,12,82,3.446860355795402,0.22317687808481848,0.05320987654320987,0.6335459698507901,0.13672215726546724,0.2637853557417092,0.043484251392486246,0.025941566696715435,0.6293706293706294,0.527027027027027,0.6153846153846154
exo8,mappo,456,18005,256,154,12,90,0.6015625,0.046875,5.133333333333334,7.038961038961039,12.349999999999994,2.2708333333333335,14,51,4.910862996835207,0.23070404525654167,0.05274691358024692,0.6406765351273624,0.08898004022818937,0.28269654091938384,0.04618655528813817,0.02115687770150013,0.6097560975609756,0.5833333333333334,0.6122448979591837
exo8,mappo,456,18006,256,154,11,91,0.6015625,0.04296875,5.133333333333334,7.603896103896104,13.0,2.425,15,58,4.089489574029643,0.23339063365610072,0.05620370370370369,0.6378617527975554,0.09979539752759566,0.26954858852304675,0.04409760235187358,0.018136123136123134,0.6335877862595419,0.609375,0.5245901639344263
exo8,mappo,456,18007,256,155,13,88,0.60546875,0.05078125,5.166666666666667,6.980645161290322,12.0,2.3319444444444444,12,61,4.672606684217123,0.23035575251982612,0.05404320987654321,0.6466000053780395,0.10570134915487588,0.28134792809479847,0.04584615966006034,0.021483546646590128,0.609375,0.6056338028169014,0.5964912280701754
exo8,mappo,456,18008,256,171,11,74,0.66796875,0.04296875,5.7,6.795321637426901,12.0,2.147222222222222,15,49,6.681930515634722,0.2156577846067745,0.04950617283950617,0.6284626906209925,0.083584422350407,0.2988716212856407,0.04436951324185933,0.01787469882435557,0.6722689075630253,0.6712328767123288,0.65625
exo8,mappo,456,18009,256,149,22,85,0.58203125,0.0859375,4.966666666666667,6.590604026845638,12.0,2.2597222222222224,11,78,2.475912496826935,0.22500913975533177,0.05234567901234568,0.6388531820456999,0.13030883918183692,0.2580997899240597,0.043490164161235766,0.03624368893247611,0.5932203389830508,0.5555555555555556,0.5964912280701754
exo8,mappo,456,18010,256,163,14,79,0.63671875,0.0546875,5.433333333333334,6.938650306748467,13.0,2.2083333333333335,12,55,5.703247342708889,0.21898577009535633,0.05101851851851851,0.6410610334609853,0.09578304048892283,0.2933171405191529,0.04562712079892332,0.02445001392369813,0.6833333333333333,0.6091954022988506,0.5714285714285714
exo8,mappo,456,18011,256,152,11,93,0.59375,0.04296875,5.066666666666666,7.440789473684211,13.0,2.4208333333333334,15,58,3.8238953713312065,0.2348341975004192,0.056172839506172835,0.6332391649326364,0.09654253435650663,0.2645845856082765,0.0440158697665735,0.01744975636279984,0.6377952755905512,0.5584415584415584,0.5384615384615384
exo8,mappo,456,18012,256,142,13,101,0.5546875,0.05078125,4.733333333333333,7.838028169014085,13.0,2.5430555555555556,14,73,2.3738875511937736,0.2416802188052098,0.059135802469135794,0.6383973031974886,0.12051486410619534,0.2503855575682201,0.04450225915401106,0.02012987012987013,0.5572519083969466,0.5316455696202531,0.5869565217391305
exo8,mappo,456,18013,256,148,10,98,0.578125,0.0390625,4.933333333333334,7.391891891891892,13.0,2.4402777777777778,16,55,3.6856606134618537,0.24172763991686594,0.05675925925925925,0.6519142128058123,0.09512891334098761,0.2655371189697815,0.04517072113835668,0.016174780385306703,0.6111111111111112,0.5465116279069767,0.5454545454545454
exo8,mappo,456,18014,256,162,8,86,0.6328125,0.03125,5.4,6.827160493827161,12.0,2.1777777777777776,15,52,6.170463992315296,0.21063689045592762,0.050555555555555555,0.6393172455320665,0.08657349516095647,0.28448116726754497,0.0442779802644573,0.013262322472848786,0.689922480620155,0.5769230769230769,0.5714285714285714
exo8,mappo,456,18015,256,159,15,82,0.62109375,0.05859375,5.3,6.729559748427673,12.099999999999994,2.2083333333333335,14,58,5.196966807236662,0.21017103253291353,0.051111111111111114,0.6238992241945309,0.09765603719702522,0.2791955174691747,0.044303249291418476,0.02387371591032918,0.6511627906976745,0.6486486486486487,0.5094339622641509
exo8,mappo,7,18001,256,158,13,85,0.6171875,0.05078125,5.266666666666667,7.379746835443038,13.150000000000006,2.341666666666667,13,46,5.7127297243199795,0.2186847420876671,0.05416666666666667,0.665900164227329,0.07887326754199818,0.2915376434997177,0.046564102072855024,0.021805903648008915,0.6268656716417911,0.5915492957746479,0.6274509803921569
exo8,mappo,7,18002,256,154,13,89,0.6015625,0.05078125,5.133333333333334,7.383116883116883,15.0,2.326388888888889,16,35,4.625100789762305,0.22602542874473164,0.053950617283950626,0.6479423434083312,0.059104995302330064,0.2738271529400887,0.044916688798238166,0.02159572735087609,0.640625,0.5357142857142857,0.6136363636363636
exo8,mappo,7,18003,256,153,13,90,0.59765625,0.05078125,5.1,7.084967320261438,14.0,2.261111111111111,16,35,4.705249209225332,0.22773485102425395,0.052530864197530856,0.6448424774572679,0.058188370510351924,0.27517040693511274,0.04545698497469956,0.021536005417584363,0.6,0.5428571428571428,0.6607142857142857
exo8,mappo,7,18004,256,164,12,80,0.640625,0.046875,5.466666666666667,7.182926829268292,13.699999999999989,2.202777777777778,15,42,5.690190435956796,0.21982030708885644,0.05092592592592592,0.6318330830256303,0.07197716942450418,0.28639192047389644,0.04425084342589288,0.020272976028124768,0.6433566433566433,0.5945945945945946,0.717948717948718
exo8,mappo,7,18005,256,157,9,90,0.61328125,0.03515625,5.233333333333333,7.280254777070064,14.0,2.3041666666666667,15,34,5.1593444486247755,0.23959063958699775,0.053487654320987656,0.6334664936299469,0.05846726702376856,0.28254373679296285,0.04537706788156468,0.015575376349370158,0.5934959349593496,0.6071428571428571,0.673469387755102
exo8,mappo,7,18006,256,157,13,86,0.61328125,0.05078125,5.233333333333333,7.547770700636943,14.0,2.376388888888889,13,41,4.902371436635167,0.22272562352076236,0.05496913580246914,0.6381837725561774,0.06884427696835152,0.2772735501176408,0.04479082492506803,0.021183735854788485,0.6641221374045801,0.59375,0.5245901639344263
exo8,mappo,7,18007,256,155,13,88,0.60546875,0.05078125,5.166666666666667,7.15483870967742,14.0,2.3180555555555555,14,42,5.064676557567203,0.22633730440464195,0.05373456790123456,0.643805835581189,0.07301509735484699,0.2825401546213567,0.04563711657289055,0.02169274195589985,0.59375,0.6197183098591549,0.6140350877192983
exo8,mappo,7,18008,256,170,9,77,0.6640625,0.03515625,5.666666666666667,6.741176470588235,12.0,2.095833333333333,14,34,7.45721993440415,0.21912937292512272,0.04845679012345679,0.6350498388279652,0.05926050786731902,0.30862703415721987,0.045586860243906555,0.015434746998214491,0.6722689075630253,0.6712328767123288,0.640625
exo8,mappo,7,18009,256,152,19,85,0.59375,0.07421875,5.066666666666666,7.184210526315789,13.0,2.326388888888889,13,39,2.8552548100487654,0.24508914936433332,0.05382716049382716,0.6418296448997204,0.06541543252069566,0.26343210952411383,0.04394202818677504,0.03093896357054252,0.576271186440678,0.5802469135802469,0.6491228070175439
exo8,mappo,7,18010,256,164,12,80,0.640625,0.046875,5.466666666666667,7.140243902439025,13.849999999999994,2.2180555555555554,12,43,5.9177641596065085,0.2289241156332105,0.05126543209876543,0.6425835187716605,0.07468445326030465,0.29583740433972633,0.04561890405283924,0.020361204556250997,0.6666666666666666,0.6206896551724138,0.6122448979591837
exo8,mappo,7,18011,256,156,8,92,0.609375,0.03125,5.2,7.4423076923076925,15.25,2.3833333333333333,15,36,4.9898655651752115,0.2306022270138128,0.055308641975308645,0.6317007057954512,0.06038971786851717,0.27375037051086987,0.044557712358219696,0.013309481433051227,0.6535433070866141,0.5844155844155844,0.5384615384615384
exo8,mappo,7,18012,256,146,13,97,0.5703125,0.05078125,4.866666666666666,7.801369863013699,13.0,2.513888888888889,15,46,3.289247824113923,0.2413841631726721,0.0583641975308642,0.6448964310259814,0.07726445180156986,0.26156362445230397,0.045497257110663096,0.02045893719806763,0.5648854961832062,0.5569620253164557,0.6086956521739131
exo8,mappo,7,18013,256,153,13,90,0.59765625,0.05078125,5.1,7.1568627450980395,13.0,2.3555555555555556,14,49,4.011036064253167,0.23800818825979853,0.05462962962962962,0.6510078847098257,0.08633255375515438,0.27342135791052197,0.04549882749118119,0.022256219872318947,0.6349206349206349,0.5232558139534884,0.6363636363636364
exo8,mappo,7,18014,256,163,4,89,0.63671875,0.015625,5.433333333333334,6.9079754601226995,12.900000000000006,2.1944444444444446,13,45,6.803387153689969,0.21936331091793698,0.05101851851851851,0.6476945774124848,0.07584971018895503,0.29238106253064516,0.04514985988739132,0.0066750208855472,0.6434108527131783,0.6282051282051282,0.6326530612244898
exo8,mappo,7,18015,256,161,11,84,0.62890625,0.04296875,5.366666666666666,6.975155279503106,13.0,2.2041666666666666,15,38,5.854104969234309,0.2237222878065072,0.05108024691358025,0.6200745657617873,0.0670954234963523,0.28832236935178107,0.0451809438509332,0.018488392698919012,0.627906976744186,0.6891891891891891,0.5471698113207547
exo8,mappo,789,18001,256,158,14,84,0.6171875,0.0546875,5.266666666666667,7.310126582278481,13.0,2.359722222222222,12,52,5.456405529859686,0.22023099036173607,0.05453703703703703,0.6805265154447109,0.09547639953212707,0.292207192675459,0.046936706427573555,0.02341598946862105,0.5970149253731343,0.6338028169014085,0.6470588235294118
exo8,mappo,789,18002,256,157,9,90,0.61328125,0.03515625,5.233333333333333,7.2165605095541405,12.199999999999989,2.3041666666666667,15,62,4.701020438445074,0.2295332408726522,0.05348765432098765,0.645801120282044,0.10159218605039039,0.2737957043529799,0.04409554597473218,0.01462962962962963,0.6484375,0.5952380952380952,0.5454545454545454
exo8,mappo,789,18003,256,153,11,92,0.59765625,0.04296875,5.1,7.4640522875816995,14.400000000000006,2.3361111111111112,16,56,4.524986477937672,0.2358669658653963,0.054259259259259264,0.6548598839243864,0.09507694712769421,0.27696144358699887,0.0452873897437912,0.01739275725545748,0.5769230769230769,0.5571428571428572,0.6964285714285714
exo8,mappo,789,18004,256,160,9,87,0.625,0.03515625,5.333333333333333,7.35625,14.0,2.2680555555555557,15,50,5.049624892180255,0.24011895041408465,0.0525925925925926,0.6494109919488028,0.08644654751852894,0.2835916139244313,0.04496938138643832,0.014971013392066024,0.6083916083916084,0.6216216216216216,0.6923076923076923
exo8,mappo,789,18005,256,158,11,87,0.6171875,0.04296875,5.266666666666667,7.113924050632911,13.0,2.2319444444444443,19,40,5.381502138103401,0.23651869771601547,0.05179012345679012,0.6486513451872589,0.07305084606942192,0.29084815253545904,0.04659229693025589,0.02011378528019395,0.5934959349593496,0.6071428571428571,0.6938775510204082
exo8,mappo,789,18006,256,154,10,92,0.6015625,0.0390625,5.133333333333334,7.298701298701299,13.0,2.3833333333333333,19,42,4.742623070416897,0.2259779082595096,0.055308641975308645,0.6483598349517891,0.0726860579657053,0.27378150232656223,0.04493047874141266,0.017692252085171726,0.6335877862595419,0.609375,0.5245901639344263
exo8,mappo,789,18007,256,155,12,89,0.60546875,0.046875,5.166666666666667,7.148387096774194,12.299999999999983,2.3361111111111112,16,42,5.232778524144075,0.23000498287758656,0.054166666666666675,0.6556428949860619,0.07478542799363233,0.2870517832127739,0.04645042613295289,0.020586440849598747,0.59375,0.6197183098591549,0.6140350877192983
exo8,mappo,789,18008,256,165,11,80,0.64453125,0.04296875,5.5,7.042424242424242,13.799999999999983,2.2194444444444446,13,33,6.191384530631298,0.22881471256751043,0.05129629629629629,0.6267350808922333,0.058138382944884506,0.29591959511077165,0.0451757637417105,0.01839459760512392,0.6386554621848739,0.6438356164383562,0.65625
exo8,mappo,789,18009,256,158,15,83,0.6171875,0.05859375,5.266666666666667,7.113924050632911,13.0,2.2222222222222223,13,58,3.658062092325973,0.24585021407948798,0.05145061728395061,0.6511803081002707,0.09934843793976918,0.27444945920952113,0.043768537427628554,0.02529411764705882,0.5847457627118644,0.5925925925925926,0.7192982456140351
exo8,mappo,789,18010,256,166,9,81,0.6484375,0.03515625,5.533333333333333,7.301204819277109,12.0,2.2666666666666666,12,40,6.852931859910495,0.23241211092816258,0.05237654320987654,0.6512908469242331,0.07176317390326677,0.30951654798017025,0.046664721787640875,0.01607024840770971,0.65,0.6666666666666666,0.6122448979591837
exo8,mappo,789,18011,256,157,9,90,0.61328125,0.03515625,5.233333333333333,7.191082802547771,13.0,2.3180555555555555,13,39,5.211232681198681,0.23308148136436427,0.0537962962962963,0.6446947560157689,0.06812614572676493,0.28111483774796464,0.045276781055712687,0.014890509101035418,0.6456692913385826,0.5714285714285714,0.5961538461538461
exo8,mappo,789,18012,256,138,17,101,0.5390625,0.06640625,4.6,8.028985507246377,14.0,2.6416666666666666,19,70,1.512541731064296,0.24575057818498922,0.06132716049382715,0.655237303957998,0.11877097489713588,0.24691774742858336,0.04537557283162681,0.027394823958291452,0.5419847328244275,0.5063291139240507,0.5869565217391305
exo8,mappo,789,18013,256,148,15,93,0.578125,0.05859375,4.933333333333334,7.513513513513513,15.0,2.4402777777777778,15,56,3.357047634207417,0.23934193465856288,0.056604938271604927,0.6565815453897272,0.09941024947990892,0.2692199248120301,0.045787997866567405,0.025896686159844053,0.6349206349206349,0.4883720930232558,0.5909090909090909
exo8,mappo,789,18014,256,157,12,87,0.61328125,0.046875,5.233333333333333,7.095541401273885,13.0,2.326388888888889,15,45,5.515555644632127,0.21122164336483956,0.05388888888888888,0.658096375607934,0.07786005417584364,0.28308546358468956,0.04563455329918114,0.02102060707323865,0.6589147286821705,0.5384615384615384,0.6122448979591837
exo8,mappo,789,18015,256,161,9,86,0.62890625,0.03515625,5.366666666666666,6.863354037267081,12.0,2.223611111111111,15,43,5.572855338261789,0.2321326733338886,0.051574074074074085,0.6272566569528969,0.07473299261224957,0.28574502023031434,0.0447185200676256,0.015096073517126147,0.6201550387596899,0.7027027027027027,0.5471698113207547
exo8,global_dijkstra,-1,18001,256,156,14,86,0.609375,0.0546875,5.2,7.480769230769231,16.0,2.3805555555555555,24,49,6.420170678717784,0.21987917880703828,0.05506172839506174,0.7242087101981611,0.09579653003801611,0.31470206436150716,0.05050806259738056,0.02741944731108818,0.6194029850746269,0.5492957746478874,0.6666666666666666
exo8,global_dijkstra,-1,18002,256,148,16,92,0.578125,0.0625,4.933333333333334,7.668918918918919,16.650000000000006,2.436111111111111,16,58,3.8550408913832293,0.23285610465111936,0.05648148148148148,0.7023325648270794,0.10685790296286322,0.28113463580585674,0.04783976356463031,0.029668902648778812,0.640625,0.5238095238095238,0.5
exo8,global_dijkstra,-1,18003,256,146,19,91,0.5703125,0.07421875,4.866666666666666,7.568493150684931,16.0,2.3986111111111112,20,58,4.273861019804511,0.2228053605323833,0.055617283950617276,0.715382348403806,0.11527543563534275,0.2924362880554831,0.050160169861005126,0.03775100773552785,0.5846153846153846,0.42857142857142855,0.7142857142857143
exo8,global_dijkstra,-1,18004,256,153,12,91,0.59765625,0.046875,5.1,7.516339869281046,15.0,2.3361111111111112,16,56,5.453694238969127,0.2269620411139162,0.0542283950617284,0.6820372544425777,0.10445301602422344,0.2958676606045027,0.048493926872443575,0.022828517371861024,0.5944055944055944,0.5540540540540541,0.6923076923076923
exo8,global_dijkstra,-1,18005,256,152,18,86,0.59375,0.0703125,5.066666666666666,7.493421052631579,17.0,2.3375,18,51,4.590725655920145,0.23681073934027505,0.05410493827160494,0.7020476385343724,0.09806690672015748,0.2972082277887232,0.04889535433429588,0.03329494822915875,0.6341463414634146,0.5119047619047619,0.6326530612244898
exo8,global_dijkstra,-1,18006,256,157,15,84,0.61328125,0.05859375,5.233333333333333,7.6687898089171975,16.0,2.3847222222222224,20,50,5.817985052665958,0.21613176067627954,0.05509259259259258,0.6999660140265038,0.09609391124871,0.3025166265336544,0.048379543056597495,0.028420622635018915,0.6793893129770993,0.5625,0.5245901639344263
exo8,global_dijkstra,-1,18007,256,144,13,99,0.5625,0.05078125,4.8,7.659722222222222,16.0,2.4763888888888888,17,57,4.231486752619452,0.2352734188470023,0.05759259259259258,0.7113424681775268,0.1090946373464209,0.2846102828661046,0.04955845498079413,0.024457247302684105,0.546875,0.5774647887323944,0.5789473684210527
exo8,global_dijkstra,-1,18008,256,165,12,79,0.64453125,0.046875,5.5,7.006060606060606,14.799999999999983,2.151388888888889,15,46,7.349489110147045,0.22314800252753145,0.04975308641975308,0.6875659753699491,0.08814374580241455,0.3218762797516667,0.048633168917277675,0.02228522695627959,0.6470588235294118,0.6301369863013698,0.65625
exo8,global_dijkstra,-1,18009,256,150,23,83,0.5859375,0.08984375,5.0,7.62,15.0,2.3958333333333335,17,63,2.226763796499145,0.24828109461106296,0.055308641975308645,0.679052298082689,0.11245495274133045,0.27179050567595453,0.045963433148820815,0.04091748980293872,0.5847457627118644,0.5432098765432098,0.6491228070175439
exo8,global_dijkstra,-1,18010,256,161,11,84,0.62890625,0.04296875,5.366666666666666,7.273291925465839,14.0,2.2708333333333335,17,52,6.701411075607238,0.23188935266542246,0.05256172839506172,0.7049370253390872,0.09853331481040459,0.3168254110011076,0.049054931732873036,0.02061292938227923,0.6333333333333333,0.6206896551724138,0.6326530612244898
exo8,global_dijkstra,-1,18011,256,145,17,94,0.56640625,0.06640625,4.833333333333333,8.006896551724138,17.799999999999983,2.5097222222222224,17,52,3.3477865778407017,0.23663671106052203,0.058179012345679015,0.7018249039919032,0.09835540649008143,0.27714381951611056,0.048091792865752755,0.032426040591675274,0.6377952755905512,0.4935064935064935,0.5
exo8,global_dijkstra,-1,18012,256,149,16,91,0.58203125,0.0625,4.966666666666667,7.563758389261745,17.0,2.3777777777777778,15,55,4.66688055722852,0.22729701306888933,0.05515432098765431,0.7136775028092571,0.10470774567136797,0.2918359419791309,0.049163518143865624,0.029731538814356154,0.6106870229007634,0.4936708860759494,0.6521739130434783
exo8,global_dijkstra,-1,18013,256,143,22,91,0.55859375,0.0859375,4.766666666666667,7.986013986013986,17.80000000000001,2.5125,16,54,3.3050839881506,0.23359875739077596,0.05814814814814814,0.7235583957037972,0.10590991367307155,0.28578757098880936,0.050628123270983066,0.04134388258227269,0.6190476190476191,0.4186046511627907,0.6590909090909091
exo8,global_dijkstra,-1,18014,256,159,10,87,0.62109375,0.0390625,5.3,7.559748427672956,14.099999999999994,2.325,18,60,6.211685398994535,0.227673772652291,0.05385802469135802,0.6963214683640142,0.10995847461791737,0.3052929505135388,0.048264574490662224,0.018159614723082213,0.6589147286821705,0.5256410256410257,0.673469387755102
exo8,global_dijkstra,-1,18015,256,158,8,90,0.6171875,0.03125,5.266666666666667,7.310126582278481,15.0,2.2736111111111112,22,51,6.196504381965736,0.23882116535103393,0.052808641975308636,0.6877195225438523,0.09871375743279767,0.30497551067210515,0.048895621299419226,0.014464265238259048,0.6046511627906976,0.6891891891891891,0.5471698113207547
exo8,full_heuristic,-1,18001,256,64,44,148,0.25,0.171875,2.1333333333333333,9.265625,23.549999999999983,3.6625,11,176,-11.378766806843679,0.2717369917756958,0.08546296296296294,0.5439918725960093,0.2560930213104126,0.09740258364400242,0.038553323024840006,0.06225845410628018,0.2462686567164179,0.23943661971830985,0.27450980392156865
exo8,full_heuristic,-1,18002,256,67,52,137,0.26171875,0.203125,2.2333333333333334,8.194029850746269,16.0,3.4458333333333333,10,135,-10.948506085475515,0.2582654266742032,0.08030864197530867,0.5333723717789078,0.20036369745179813,0.10288655598152166,0.039116698262855416,0.07544466403162056,0.34375,0.19047619047619047,0.1590909090909091
exo8,full_heuristic,-1,18003,256,68,47,141,0.265625,0.18359375,2.2666666666666666,8.573529411764707,18.65,3.5652777777777778,11,168,-11.017980839172763,0.26971824957183765,0.08308641975308642,0.5335319055117959,0.2473865025981731,0.10447677026338353,0.03846400003127267,0.0666776460254721,0.27692307692307694,0.2,0.32142857142857145
exo8,full_heuristic,-1,18004,256,77,43,136,0.30078125,0.16796875,2.566666666666667,8.727272727272727,19.200000000000003,3.466666666666667,10,129,-9.406970969399094,0.26490386357879886,0.08074074074074072,0.5258667021011006,0.1846773636991028,0.11632926358949378,0.0382743518118249,0.061689095928226356,0.3146853146853147,0.28378378378378377,0.28205128205128205
exo8,full_heuristic,-1,18005,256,69,46,141,0.26953125,0.1796875,2.3,8.956521739130435,20.19999999999999,3.438888888888889,11,135,-10.905984129269019,0.28630585910532763,0.08027777777777777,0.5323808297024161,0.19601862615929114,0.10749609760799018,0.03890639200392402,0.06583223539745278,0.3089430894308943,0.20238095238095238,0.2857142857142857
exo8,full_heuristic,-1,18006,256,64,44,148,0.25,0.171875,2.1333333333333333,8.9375,18.0,3.701388888888889,12,139,-10.896122872841977,0.26717297110605037,0.08632716049382715,0.5324372904461997,0.20041400437853527,0.09702193147559281,0.03861520683328417,0.061912604303908644,0.25190839694656486,0.203125,0.29508196721311475
exo8,full_heuristic,-1,18007,256,61,58,137,0.23828125,0.2265625,2.033333333333333,8.967213114754099,20.0,3.591666666666667,10,135,-12.278972443250687,0.2659330742057292,0.08354938271604939,0.5272062502267675,0.19727699276090718,0.092284517822107,0.038228947749886596,0.08254830917874396,0.296875,0.16901408450704225,0.19298245614035087
exo8,full_heuristic,-1,18008,256,80,51,125,0.3125,0.19921875,2.6666666666666665,8.9625,20.049999999999997,3.3986111111111112,13,112,-10.056106759912181,0.2742000422758087,0.07888888888888888,0.5184353091206922,0.16411422715770538,0.11767389213041388,0.037560705502074,0.07240887132191481,0.37815126050420167,0.2465753424657534,0.265625
exo8,full_heuristic,-1,18009,256,69,64,123,0.26953125,0.25,2.3,9.173913043478262,18.0,3.5555555555555554,9,166,-13.178170003396941,0.2915970565465892,0.08231481481481481,0.5315830991792558,0.24128137420976295,0.10331522046675498,0.03782803400060227,0.09162823891084759,0.3135593220338983,0.2222222222222222,0.24561403508771928
exo8,full_heuristic,-1,18010,256,70,49,137,0.2734375,0.19140625,2.3333333333333335,8.414285714285715,19.099999999999994,3.3430555555555554,12,160,-10.30967420752711,0.2515425086989202,0.07802469135802469,0.5315091516393649,0.2411717263009496,0.1094299389196078,0.039094888538632085,0.07162933684672816,0.35,0.1724137931034483,0.2653061224489796
exo8,full_heuristic,-1,18011,256,63,50,143,0.24609375,0.1953125,2.1,8.88888888888889,19.9,3.6069444444444443,12,134,-11.524864176271649,0.2695532218281417,0.08407407407407409,0.5260679036669219,0.1926923891855242,0.09469710453120064,0.0380018000792628,0.070899209486166,0.3228346456692913,0.15584415584415584,0.19230769230769232
exo8,full_heuristic,-1,18012,256,71,48,137,0.27734375,0.1875,2.3666666666666667,8.859154929577464,17.0,3.5083333333333333,11,141,-10.852444025736425,0.2765755827093407,0.08169753086419755,0.5347437391880928,0.20883275964848186,0.10855070982695832,0.0387308822877668,0.06890096618357489,0.31297709923664124,0.26582278481012656,0.1956521739130435
exo8,full_heuristic,-1,18013,256,79,41,136,0.30859375,0.16015625,2.6333333333333333,8.265822784810126,16.099999999999994,3.441666666666667,12,191,-9.746484917389454,0.27308363980299094,0.08018518518518518,0.5333347898289487,0.2798880683262834,0.12073444772125617,0.03866816437362949,0.05797101449275362,0.31746031746031744,0.3023255813953488,0.29545454545454547
exo8,full_heuristic,-1,18014,256,70,37,149,0.2734375,0.14453125,2.3333333333333335,9.785714285714286,22.549999999999997,3.676388888888889,12,176,-10.81318758166502,0.2873791008798019,0.08580246913580244,0.5231940566519685,0.25297179873266834,0.10392313710728034,0.03762525037914884,0.05279424681598595,0.26356589147286824,0.28205128205128205,0.2857142857142857
exo8,full_heuristic,-1,18015,256,63,52,141,0.24609375,0.203125,2.1,8.857142857142858,18.9,3.6305555555555555,11,151,-12.24158820002438,0.2800272447581935,0.08453703703703704,0.5267152192771019,0.21812114415375286,0.09430879708053622,0.038048655373404267,0.07445652173913042,0.24806201550387597,0.25675675675675674,0.22641509433962265
exo10,mappo,1024,18001,320,168,28,124,0.525,0.0875,5.6,8.648809523809524,16.650000000000006,3.4069444444444446,15,56,1.8557200130176175,0.24810321187204648,0.07891975308641976,0.6203871898684717,0.0872003109312976,0.26989735521603875,0.040744653967231835,0.041572557876905704,0.5714285714285714,0.40816326530612246,0.5882352941176471
exo10,mappo,1024,18002,320,169,21,130,0.528125,0.065625,5.633333333333334,8.08284023668639,16.0,3.3097222222222222,16,63,2.5656816741850044,0.24654834673296336,0.07694444444444444,0.6241108416275922,0.10096877707003565,0.27224128475558673,0.040725180596851235,0.03208929355668486,0.5240963855421686,0.5425531914893617,0.5166666666666667
exo10,mappo,1024,18003,320,158,29,133,0.49375,0.090625,5.266666666666667,8.778481012658228,17.0,3.511111111111111,18,75,0.28072382767052884,0.25581047339681995,0.08151234567901233,0.6239328562265508,0.12010382235782693,0.25524107397391155,0.040756542301359014,0.044807316380542916,0.554140127388535,0.34615384615384615,0.5932203389830508
exo10,mappo,1024,18004,320,167,26,127,0.521875,0.08125,5.566666666666666,8.335329341317365,16.0,3.3041666666666667,16,62,1.5027528102626728,0.2494260439846878,0.07672839506172839,0.5751348003330681,0.0960185708011795,0.2601899814314002,0.03927419675660737,0.039417414308718667,0.551948051948052,0.4387755102040816,0.5735294117647058
exo10,mappo,1024,18005,320,150,42,128,0.46875,0.13125,5.0,8.693333333333333,16.0,3.4791666666666665,18,74,-1.5988586101715265,0.24999931992197316,0.08064814814814815,0.601307791924316,0.11373343052404836,0.23731739317551676,0.039916991629041824,0.06327153522805697,0.5347222222222222,0.3238095238095238,0.5492957746478874
exo10,mappo,1024,18006,320,171,20,129,0.534375,0.0625,5.7,8.169590643274853,15.0,3.2916666666666665,16,51,3.0076462423229264,0.2373297217292406,0.07651234567901234,0.6066199920020671,0.07856503907991322,0.2696610116089521,0.03986911715187512,0.03008281573498965,0.5780346820809249,0.45054945054945056,0.5357142857142857
exo10,mappo,1024,18007,320,181,23,116,0.565625,0.071875,6.033333333333333,7.850828729281768,14.0,3.1347222222222224,17,54,3.6940525639611126,0.2375883286574819,0.07262345679012346,0.6142992887574505,0.08102813852813852,0.2841749255465772,0.03975056170206596,0.033958529393312,0.6073619631901841,0.5247524752475248,0.5178571428571429
exo10,mappo,1024,18008,320,166,25,129,0.51875,0.078125,5.533333333333333,8.55421686746988,15.0,3.3555555555555556,15,47,2.0194523911644113,0.2559916345554801,0.07793209876543211,0.620152458184235,0.07378504451730995,0.270692685367608,0.04100317444836497,0.03743020264759395,0.5592105263157895,0.4329896907216495,0.5492957746478874
exo10,mappo,1024,18009,320,157,30,133,0.490625,0.09375,5.233333333333333,8.955414012738853,18.0,3.5125,15,75,0.5754340243770224,0.2432938960571239,0.0815432098765432,0.6205119442097534,0.11919761573584428,0.25485659869661753,0.04125166171398529,0.04599385777471656,0.5766871165644172,0.3473684210526316,0.4838709677419355
exo10,mappo,1024,18010,320,167,21,132,0.521875,0.065625,5.566666666666666,8.29940119760479,15.0,3.408333333333333,16,83,1.5349379719407195,0.2566776582108013,0.07919753086419752,0.6051283510629658,0.12478104847097983,0.26160929332554045,0.039575038137214226,0.03129587803500847,0.514792899408284,0.5959595959595959,0.40384615384615385
exo10,mappo,1024,18011,320,154,24,142,0.48125,0.075,5.133333333333334,8.753246753246753,15.0,3.584722222222222,20,72,0.4561765188611265,0.2532343119681244,0.08342592592592593,0.613689635461468,0.11135843302487534,0.2475090347028024,0.04043273473849344,0.03607660455486542,0.5151515151515151,0.4457831325301205,0.4444444444444444
exo10,mappo,1024,18012,320,162,25,133,0.50625,0.078125,5.4,8.080246913580247,15.0,3.3208333333333333,15,62,1.3692715067434886,0.24808628940338853,0.07728395061728395,0.6199048148642808,0.09722889238907545,0.2594367795311731,0.04035302144433635,0.038923081749168705,0.5144508670520231,0.4536082474226804,0.58
exo10,mappo,1024,18013,320,161,23,136,0.503125,0.071875,5.366666666666666,8.509316770186336,17.0,3.4069444444444446,16,63,1.3738689420676673,0.25029990581017547,0.07929012345679012,0.618422028983838,0.09753646869375769,0.2574365458454838,0.04043013470849589,0.034976472802559756,0.532051282051282,0.44680851063829785,0.5142857142857142
exo10,mappo,1024,18014,320,156,25,139,0.4875,0.078125,5.2,8.711538461538462,16.25,3.4611111111111112,19,92,0.1325238811919104,0.25107098670527234,0.08058641975308642,0.623455626725704,0.14168117923266663,0.2454473974597814,0.039840014366498464,0.03813570487483531,0.5,0.4470588235294118,0.5081967213114754
exo10,mappo,1024,18015,320,156,31,133,0.4875,0.096875,5.2,9.262820512820513,16.25,3.5722222222222224,16,67,-0.8268893192207366,0.26739176861205743,0.08287037037037037,0.616544212868072,0.10058211514733252,0.24158325931209226,0.03924517317367316,0.045673034694773816,0.5302013422818792,0.3883495145631068,0.5441176470588235
exo10,mappo,123,18001,320,162,26,132,0.50625,0.08125,5.4,8.555555555555555,16.0,3.4944444444444445,15,92,0.8309878160124973,0.2563285222519954,0.0811111111111111,0.6217056186619314,0.14369562757030785,0.259730255299309,0.0404093283490166,0.03779644268774703,0.525974025974026,0.4489795918367347,0.5441176470588235
exo10,mappo,123,18002,320,167,27,126,0.521875,0.084375,5.566666666666666,8.29940119760479,16.69999999999999,3.3805555555555555,16,100,1.410882134327884,0.2477193363867146,0.07839506172839507,0.6234458262709831,0.15859818742003423,0.26852992892601185,0.04064577191304301,0.040733135151293724,0.536144578313253,0.5106382978723404,0.5
exo10,mappo,123,18003,320,153,33,134,0.478125,0.103125,5.1,8.784313725490197,15.400000000000006,3.6319444444444446,18,99,-1.1444794436357788,0.2533592879808661,0.08422839506172841,0.622558377709062,0.15251839386564786,0.23862203405967708,0.0397794050596356,0.04895696091348265,0.535031847133758,0.36538461538461536,0.5254237288135594
exo10,mappo,123,18004,320,169,26,125,0.528125,0.08125,5.633333333333334,8.307692307692308,15.0,3.301388888888889,16,78,1.7539972729652376,0.2447474814107812,0.07660493827160494,0.5946852670350665,0.12239649684157694,0.2657200092898033,0.039809071196982675,0.03950663879725665,0.5584415584415584,0.4387755102040816,0.5882352941176471
exo10,mappo,123,18005,320,141,44,135,0.440625,0.1375,4.7,8.666666666666666,16.0,3.602777777777778,18,86,-3.216454256161262,0.2605593150895629,0.08361111111111111,0.611120363117781,0.13110759716594955,0.22081029626560653,0.03975864384333705,0.0650390551477508,0.4930555555555556,0.34285714285714286,0.4788732394366197
exo10,mappo,123,18006,320,165,24,131,0.515625,0.075,5.5,8.333333333333334,15.0,3.415277777777778,18,75,1.7636965647602967,0.23864115002547384,0.07932098765432098,0.6090355722661097,0.11722065099067389,0.2599912489670533,0.0398344888749294,0.03538176799046364,0.5664739884393064,0.4065934065934066,0.5357142857142857
exo10,mappo,123,18007,320,173,29,118,0.540625,0.090625,5.766666666666667,8.057803468208093,15.0,3.2680555555555557,17,68,2.250944881002681,0.24025901798008376,0.07564814814814814,0.6123562208059445,0.10436939147061638,0.2737645286716494,0.03983759896748031,0.04281338226990401,0.588957055214724,0.4752475247524752,0.5178571428571429
exo10,mappo,123,18008,320,161,29,130,0.503125,0.090625,5.366666666666666,8.422360248447205,15.0,3.361111111111111,16,65,1.0962419397118022,0.24998730158753324,0.07808641975308642,0.6317659505308468,0.10404764138510265,0.2611128241371208,0.04085782668703246,0.04257795344751867,0.5723684210526315,0.41237113402061853,0.4788732394366197
exo10,mappo,123,18009,320,155,30,135,0.484375,0.09375,5.166666666666667,9.051612903225806,18.0,3.576388888888889,15,105,-0.3780022324300531,0.2562280691952401,0.08302469135802469,0.6216199580948119,0.16401169948366742,0.2495336631867457,0.040834754368802496,0.04498588368153587,0.5521472392638037,0.35789473684210527,0.5
exo10,mappo,123,18010,320,167,25,128,0.521875,0.078125,5.566666666666666,8.017964071856287,15.0,3.3694444444444445,19,75,1.5695666000834865,0.24678292072263977,0.07820987654320989,0.6229961339843172,0.11735489910547117,0.26357556440508384,0.039990508174257894,0.03785588807327937,0.5207100591715976,0.5757575757575758,0.4230769230769231
exo10,mappo,123,18011,320,154,30,136,0.48125,0.09375,5.133333333333334,8.487012987012987,15.0,3.5805555555555557,19,91,-0.15075764252454651,0.2443052712925716,0.08314814814814815,0.6105541439417043,0.14108505799749574,0.24388475645441593,0.03991606626205955,0.044353472614342186,0.5333333333333333,0.42168674698795183,0.4305555555555556
exo10,mappo,123,18012,320,161,25,134,0.503125,0.078125,5.366666666666666,7.913043478260869,15.0,3.3125,17,72,1.0264345798791883,0.2495548442840736,0.07712962962962965,0.6282321439366368,0.11349315317278703,0.2562327219564062,0.040328995913221546,0.03871883265475942,0.5144508670520231,0.4639175257731959,0.54
exo10,mappo,123,18013,320,159,27,134,0.496875,0.084375,5.3,8.69182389937107,16.0,3.4722222222222223,18,95,0.4580225177271683,0.25047404592653794,0.08067901234567904,0.622030369904688,0.14512004406505685,0.25341486879059233,0.04023395465905999,0.04064731162557249,0.5512820512820513,0.4148936170212766,0.4857142857142857
exo10,mappo,123,18014,320,151,26,143,0.471875,0.08125,5.033333333333333,9.033112582781458,17.5,3.602777777777778,21,106,-0.7384866939203572,0.256783396791804,0.08385802469135803,0.6375403504586821,0.16308494253860387,0.23861079134517685,0.03994543989696353,0.03880121086642826,0.4827586206896552,0.4588235294117647,0.45901639344262296
exo10,mappo,123,18015,320,149,34,137,0.465625,0.10625,4.966666666666667,8.711409395973154,16.0,3.5722222222222224,17,88,-1.9271549396167058,0.26458665167912543,0.08299382716049383,0.6136918638105768,0.13317444632662023,0.2292553903423469,0.03874537989932976,0.04994447581404104,0.5100671140939598,0.4077669902912621,0.45588235294117646
exo10,mappo,2024,18001,320,166,21,133,0.51875,0.065625,5.533333333333333,8.783132530120483,17.0,3.4694444444444446,18,49,1.7772701105543942,0.26303598724348926,0.0805864197530864,0.6202541423852013,0.07437342824238771,0.26484228393065384,0.04040960479041709,0.030998023715415015,0.525974025974026,0.45918367346938777,0.5882352941176471
exo10,mappo,2024,18002,320,178,21,121,0.55625,0.065625,5.933333333333334,8.185393258426966,15.150000000000006,3.25,18,58,3.5034654679262114,0.24496513178848772,0.07533950617283951,0.6237211663703622,0.09078291908955523,0.2853668013908289,0.04035703155715563,0.032075140090014234,0.5542168674698795,0.5531914893617021,0.5666666666666667
exo10,mappo,2024,18003,320,158,36,126,0.49375,0.1125,5.266666666666667,8.632911392405063,17.0,3.4944444444444445,19,74,-0.46358059043425737,0.24982394755876047,0.08092592592592592,0.6172707291415533,0.11267078851511482,0.24724108209957588,0.039692114470822965,0.053569860091599225,0.5668789808917197,0.3076923076923077,0.6271186440677966
exo10,mappo,2024,18004,320,171,27,122,0.534375,0.084375,5.7,8.04093567251462,14.5,3.2527777777777778,17,47,2.29863916139372,0.23907805647159522,0.0754320987654321,0.5771561517469196,0.07187865909833871,0.26599752290255724,0.03923824156354113,0.039967416895334514,0.5844155844155844,0.46938775510204084,0.5147058823529411
exo10,mappo,2024,18005,320,156,35,129,0.4875,0.109375,5.2,8.916666666666666,16.25,3.488888888888889,17,63,-0.7061686118437402,0.26316086697084623,0.08089506172839506,0.6082457288167554,0.09799140473053516,0.24658005906289662,0.03976815945739413,0.05221124286341677,0.5208333333333334,0.38095238095238093,0.5774647887323944
exo10,mappo,2024,18006,320,169,21,130,0.528125,0.065625,5.633333333333334,8.242603550295858,16.0,3.3375,16,53,2.770710174311848,0.23420573114366156,0.07756172839506173,0.6089639633681482,0.07984464620048143,0.26604538160871455,0.040104999900196434,0.03130140899019617,0.5664739884393064,0.42857142857142855,0.5714285714285714
exo10,mappo,2024,18007,320,179,26,115,0.559375,0.08125,5.966666666666667,7.972067039106145,16.0,3.1375,17,54,3.454024943359045,0.23611332666210869,0.07265432098765431,0.611460818778324,0.0833927044224527,0.28486610135351553,0.04029197119450015,0.03925371729719555,0.6073619631901841,0.48514851485148514,0.5535714285714286
exo10,mappo,2024,18008,320,171,22,127,0.534375,0.06875,5.7,8.374269005847953,16.0,3.2569444444444446,15,45,2.697598970817226,0.2580777195055408,0.075679012345679,0.628672644274474,0.07059804501048277,0.2776841027884237,0.040834887056678,0.032878474182822005,0.5723684210526315,0.4536082474226804,0.5633802816901409
exo10,mappo,2024,18009,320,154,30,136,0.48125,0.09375,5.133333333333334,8.974025974025974,17.0,3.5555555555555554,16,56,0.5398772841676325,0.24713530246694113,0.08259259259259259,0.632234091617871,0.08860124789809133,0.2536529310080596,0.04168774968953992,0.04549407114624506,0.5644171779141104,0.3368421052631579,0.4838709677419355
exo10,mappo,2024,18010,320,172,24,124,0.5375,0.075,5.733333333333333,8.261627906976743,16.0,3.3291666666666666,20,68,2.2030278909778063,0.2492648068222165,0.07719135802469136,0.6187667416623761,0.10481213739222892,0.2725871111683469,0.04016034246169129,0.036933465085639,0.5443786982248521,0.5656565656565656,0.46153846153846156
exo10,mappo,2024,18011,320,157,25,138,0.490625,0.078125,5.233333333333333,8.777070063694268,16.0,3.5805555555555557,18,62,0.7997398940403819,0.2534293258726572,0.08320987654320988,0.621196056897307,0.09678955066759615,0.2529871305016008,0.04038271714507451,0.036901624945103205,0.5393939393939394,0.4457831325301205,0.4305555555555556
exo10,mappo,2024,18012,320,163,24,133,0.509375,0.075,5.433333333333334,8.177914110429448,16.0,3.3194444444444446,17,47,1.7000161322028824,0.25010148934641996,0.07725308641975308,0.6167857339275157,0.07218037407968758,0.2615992756925251,0.040435799028837885,0.0372345801922461,0.5260115606936416,0.4639175257731959,0.54
exo10,mappo,2024,18013,320,163,25,132,0.509375,0.078125,5.433333333333334,8.552147239263803,15.0,3.4,17,53,1.5276938850882456,0.2495787599589864,0.07901234567901236,0.6295814761428429,0.08224267607327239,0.26213481038810826,0.04089083255337395,0.03853104434340133,0.5512820512820513,0.425531914893617,0.5285714285714286
exo10,mappo,2024,18014,320,152,24,144,0.475,0.075,5.066666666666666,8.822368421052632,17.0,3.575,20,66,-0.05547142162113272,0.2591952384818575,0.0832716049382716,0.628424431431083,0.09972986115602886,0.2411050508546807,0.039854747714404934,0.03573636825925155,0.47126436781609193,0.47058823529411764,0.4918032786885246
exo10,mappo,2024,18015,320,154,33,133,0.48125,0.103125,5.133333333333334,8.909090909090908,16.0,3.584722222222222,17,52,-1.0462392470489887,0.26680010056426534,0.08314814814814815,0.6181894233545844,0.07860990585818962,0.23862233812462644,0.039128506038598215,0.04867346231190625,0.5167785234899329,0.4174757281553398,0.5
exo10,mappo,314,18001,320,168,24,128,0.525,0.075,5.6,8.452380952380953,17.0,3.3847222222222224,20,39,2.4978995543443756,0.24956121658462516,0.0785493827160494,0.6336506992870401,0.06008885438233264,0.2740882473693081,0.041325614399142584,0.036498525628960415,0.5454545454545454,0.45918367346938777,0.5735294117647058
exo10,mappo,314,18002,320,175,25,120,0.546875,0.078125,5.833333333333333,7.64,15.0,3.1875,16,39,3.849796808001587,0.22624072150061916,0.07391975308641976,0.6338393563470962,0.06310288528420174,0.2865347949040236,0.04125991149741821,0.03961800086514045,0.5421686746987951,0.5106382978723404,0.6166666666666667
exo10,mappo,314,18003,320,159,30,131,0.496875,0.09375,5.3,8.635220125786164,17.099999999999994,3.529166666666667,19,55,0.5239182056335696,0.2539045183691672,0.08185185185185187,0.6340942620467432,0.08597423510466988,0.25698708265406334,0.04090690484387729,0.04621463077984816,0.5414012738853503,0.3557692307692308,0.6271186440677966
exo10,mappo,314,18004,320,174,24,122,0.54375,0.075,5.8,8.097701149425287,15.0,3.251388888888889,17,41,2.9401873011920303,0.23829880217045188,0.07540123456790125,0.5959562790375065,0.06441316565458441,0.273440058754704,0.039844938333966455,0.036895664721751674,0.5714285714285714,0.46938775510204084,0.5882352941176471
exo10,mappo,314,18005,320,158,36,126,0.49375,0.1125,5.266666666666667,8.670886075949367,17.150000000000006,3.448611111111111,17,36,-0.03880005129846359,0.25523068016146183,0.0799074074074074,0.617799193891545,0.05628938397817117,0.25422309066473825,0.04083820330363863,0.056730646885109134,0.5416666666666666,0.38095238095238093,0.5633802816901409
exo10,mappo,314,18006,320,172,22,126,0.5375,0.06875,5.733333333333333,8.44767441860465,17.0,3.3569444444444443,17,51,2.893996944931719,0.23881165860880788,0.07787037037037035,0.6154282964223073,0.07844911741364831,0.2737055467889025,0.040528823830361514,0.03427551916682351,0.5895953757225434,0.43956043956043955,0.5357142857142857
exo10,mappo,314,18007,320,178,28,114,0.55625,0.0875,5.933333333333334,7.932584269662922,13.150000000000006,3.1680555555555556,17,33,3.6145252463855457,0.23405240114749754,0.07330246913580246,0.6272549976477535,0.05223905723905724,0.28875654674416285,0.04090523869374029,0.04353535353535354,0.6073619631901841,0.4752475247524752,0.5535714285714286
exo10,mappo,314,18008,320,167,24,129,0.521875,0.075,5.566666666666666,8.395209580838323,15.699999999999989,3.2847222222222223,17,44,2.5083227042428153,0.2480632623290931,0.07635802469135801,0.6274730908324258,0.06878479977618487,0.2730340855108657,0.04105677786497511,0.03634889265324048,0.5657894736842105,0.422680412371134,0.5633802816901409
exo10,mappo,314,18009,320,157,30,133,0.490625,0.09375,5.233333333333333,8.796178343949045,18.0,3.5458333333333334,18,55,0.8567707453681536,0.24271240777265712,0.08228395061728394,0.6400270021098765,0.08753278673187138,0.25817866722076577,0.041727223692317766,0.04678838070142418,0.5521472392638037,0.3473684210526316,0.5483870967741935
exo10,mappo,314,18010,320,174,25,121,0.54375,0.078125,5.8,8.051724137931034,15.0,3.3027777777777776,19,46,2.8487553599224458,0.24379572834971802,0.07651234567901234,0.6301046587073976,0.07345011903936391,0.2800325170634095,0.040708585761208387,0.03916478449087145,0.5502958579881657,0.5656565656565656,0.4807692307692308
exo10,mappo,314,18011,320,160,22,138,0.5,0.06875,5.333333333333333,8.7125,16.049999999999983,3.609722222222222,19,52,1.569190924609218,0.25026876468906983,0.08385802469135803,0.632328250183429,0.08086364092825259,0.26056378643267863,0.04109846810594853,0.03397531212748604,0.5151515151515151,0.4819277108433735,0.4861111111111111
exo10,mappo,314,18012,320,166,25,129,0.51875,0.078125,5.533333333333333,8.060240963855422,16.0,3.308333333333333,18,41,2.1586314537867937,0.24700078579732734,0.07688271604938272,0.6395111582790701,0.0667193235614288,0.27182612465507205,0.0412382130495971,0.04088605351763246,0.5317919075144508,0.4845360824742268,0.54
exo10,mappo,314,18013,320,166,23,131,0.51875,0.071875,5.533333333333333,8.283132530120483,14.0,3.3444444444444446,18,52,2.301445846223679,0.2440943704204305,0.0777469135802469,0.631154010229452,0.08074027845194892,0.26842336407553796,0.0408275116204437,0.03524687872513959,0.5512820512820513,0.4574468085106383,0.5285714285714286
exo10,mappo,314,18014,320,158,22,140,0.49375,0.06875,5.266666666666667,8.550632911392405,15.150000000000006,3.4819444444444443,21,60,1.1213943989758057,0.25328413670197913,0.08108024691358025,0.6415792948398625,0.09343214756258235,0.2557652520823876,0.04070852896916914,0.034543572369659326,0.47126436781609193,0.5058823529411764,0.5409836065573771
exo10,mappo,314,18015,320,153,33,134,0.478125,0.103125,5.1,8.542483660130719,17.0,3.513888888888889,18,47,-0.4769876128990429,0.2547924878292982,0.08160493827160493,0.6341638941887401,0.07252536275587831,0.24317806289471386,0.04005914608837115,0.05012594893029675,0.5167785234899329,0.4077669902912621,0.5
exo10,mappo,42,18001,320,165,28,127,0.515625,0.0875,5.5,8.72121212121212,17.0,3.4694444444444446,16,64,1.358884429845671,0.24847687268733348,0.08040123456790124,0.627469414897709,0.0972369329119901,0.26380831661421245,0.04061467364510122,0.04163341489428445,0.5584415584415584,0.40816326530612246,0.5735294117647058
exo10,mappo,42,18002,320,172,23,125,0.5375,0.071875,5.733333333333333,8.232558139534884,15.0,3.326388888888889,17,53,2.698510346607242,0.24637789619449896,0.07716049382716052,0.6328116257523998,0.0841301298273973,0.27622234595245776,0.04061280044951546,0.03510979358805445,0.5240963855421686,0.5212765957446809,0.6
exo10,mappo,42,18003,320,161,30,129,0.503125,0.09375,5.366666666666666,8.869565217391305,16.0,3.5069444444444446,17,78,0.4919433314470817,0.2496192805313177,0.08129629629629632,0.6360446952248299,0.1216619405892861,0.25710528654750625,0.040476984468134275,0.04558579419563401,0.5668789808917197,0.33653846153846156,0.6271186440677966
exo10,mappo,42,18004,320,170,26,124,0.53125,0.08125,5.666666666666667,8.08235294117647,15.0,3.263888888888889,17,52,2.1869016676685216,0.23945104109512771,0.07574074074074073,0.5799665416598905,0.07989503567878854,0.26380647215315406,0.039135654952534384,0.03839168078298514,0.564935064935065,0.45918367346938777,0.5588235294117647
exo10,mappo,42,18005,320,151,38,131,0.471875,0.11875,5.033333333333333,8.980132450331126,16.0,3.5708333333333333,17,83,-2.02439962241605,0.2659953286413071,0.0827777777777778,0.6131800359085747,0.12310687511488426,0.23256941486346516,0.03899744492596287,0.055281071585419415,0.5208333333333334,0.3619047619047619,0.5352112676056338
exo10,mappo,42,18006,320,177,19,124,0.553125,0.059375,5.9,8.384180790960452,17.0,3.2944444444444443,17,52,3.6818875106548505,0.23484902219106923,0.07641975308641975,0.6155230883859794,0.07849167549968467,0.2782109335540147,0.039946779238750556,0.028231068448459753,0.5953757225433526,0.45054945054945056,0.5892857142857143
exo10,mappo,42,18007,320,176,23,121,0.55,0.071875,5.866666666666666,8.164772727272727,15.0,3.227777777777778,17,38,3.3610036369477996,0.2453283654396784,0.07484567901234569,0.6244444128786605,0.05963292343727126,0.28263106712763464,0.040411006712142726,0.034805822197126544,0.5828220858895705,0.49504950495049505,0.5535714285714286
exo10,mappo,42,18008,320,169,24,127,0.528125,0.075,5.633333333333334,8.325443786982248,15.599999999999994,3.2888888888888888,16,50,2.394498366878631,0.24636791428866994,0.07638888888888888,0.6283352531408125,0.07614474812415314,0.2708573263806135,0.04046483100580518,0.036155028546332894,0.5657894736842105,0.4329896907216495,0.5774647887323944
exo10,mappo,42,18009,320,151,30,139,0.471875,0.09375,5.033333333333333,8.847682119205299,16.0,3.6194444444444445,15,72,-0.37312577923848267,0.25196575551183387,0.08410493827160494,0.6259766446956436,0.11159392772665082,0.24320819591734247,0.040842106269551565,0.04530177551916682,0.5276073619631901,0.35789473684210527,0.5
exo10,mappo,42,18010,320,168,25,127,0.525,0.078125,5.6,7.988095238095238,14.650000000000006,3.3680555555555554,19,59,1.9699033075041408,0.24353913587082215,0.07814814814814813,0.618286695478108,0.09085960949805343,0.2656663727830776,0.040106420672467016,0.03780020703933748,0.514792899408284,0.5656565656565656,0.4807692307692308
exo10,mappo,42,18011,320,157,23,140,0.490625,0.071875,5.233333333333333,9.114649681528663,17.0,3.6527777777777777,18,55,0.5461985200687335,0.265688019150062,0.08487654320987656,0.6229534507632184,0.08370645833628738,0.2515737754316298,0.04056369372636279,0.034129336846728156,0.5212121212121212,0.46987951807228917,0.4444444444444444
exo10,mappo,42,18012,320,165,26,129,0.515625,0.08125,5.5,8.096969696969698,15.799999999999983,3.298611111111111,16,46,1.8250288696444934,0.2441847580321195,0.07666666666666666,0.6247281920875866,0.07203769469787777,0.26389287200213973,0.04028185484775608,0.04026240667545015,0.5375722543352601,0.4536082474226804,0.56
exo10,mappo,42,18013,320,162,24,134,0.50625,0.075,5.4,8.537037037037036,16.0,3.4541666666666666,16,82,1.1073741266475765,0.24805474064072466,0.0802777777777778,0.6237477239308469,0.12335372357111489,0.2560535712909855,0.04002250070913498,0.03593497082627518,0.5448717948717948,0.44680851063829785,0.5
exo10,mappo,42,18014,320,155,23,142,0.484375,0.071875,5.166666666666667,8.87741935483871,16.0,3.5819444444444444,20,71,0.41157858851745327,0.25609410335778116,0.08336419753086419,0.6385628684033653,0.11032663730032148,0.24855601012334763,0.04041244214440084,0.035322207032733345,0.4885057471264368,0.4823529411764706,0.47540983606557374
exo10,mappo,42,18015,320,148,36,136,0.4625,0.1125,4.933333333333334,8.68918918918919,16.650000000000006,3.566666666666667,17,52,-1.587980161949718,0.2571322476788931,0.0828395061728395,0.6283310455933834,0.07874239287282764,0.23013417932182234,0.03930947238136383,0.05364232385971516,0.4966442953020134,0.3786407766990291,0.5147058823529411
exo10,mappo,456,18001,320,164,31,125,0.5125,0.096875,5.466666666666667,8.396341463414634,16.0,3.3777777777777778,17,67,1.088507008587355,0.24826038229628142,0.07830246913580247,0.6246982289091801,0.10285117470236597,0.26251568285590365,0.040578458359128274,0.045373768743333966,0.564935064935065,0.3877551020408163,0.5735294117647058
exo10,mappo,456,18002,320,172,25,123,0.5375,0.078125,5.733333333333333,8.209302325581396,15.0,3.3541666666666665,18,88,1.9838640792205413,0.24176013285286835,0.07771604938271605,0.6122613048185588,0.13451187256679245,0.2676429449226932,0.03955744376484508,0.036569932736980795,0.5481927710843374,0.5212765957446809,0.5333333333333333
exo10,mappo,456,18003,320,162,32,126,0.50625,0.1,5.4,8.895061728395062,16.0,3.526388888888889,17,84,0.0651764525082768,0.2550399927605234,0.08163580246913578,0.6279993649306355,0.13119840988194734,0.2563192440140885,0.04020154565808895,0.048528765920070265,0.5796178343949044,0.36538461538461536,0.559322033898305
exo10,mappo,456,18004,320,168,27,125,0.525,0.084375,5.6,8.06547619047619,16.0,3.2444444444444445,14,50,1.856033058102446,0.2389668869743625,0.07533950617283951,0.5837482175544998,0.07624521613652048,0.25992554949076685,0.03909479662541248,0.04060574691009474,0.551948051948052,0.42857142857142855,0.6029411764705882
exo10,mappo,456,18005,320,157,38,125,0.490625,0.11875,5.233333333333333,8.94267515923567,16.19999999999999,3.4972222222222222,17,96,-1.4630881907904663,0.2628087617608311,0.08095679012345677,0.5902555992163687,0.1450870808994379,0.2410629615320691,0.03901547868496522,0.055688405797101444,0.5486111111111112,0.38095238095238093,0.5352112676056338
exo10,mappo,456,18006,320,173,22,125,0.540625,0.06875,5.766666666666667,8.294797687861271,15.0,3.311111111111111,18,54,2.9615099045923086,0.23588686695075195,0.07682098765432098,0.6078953262583878,0.08154453744607197,0.2710735002111701,0.03954027249020802,0.03251693958215697,0.5953757225433526,0.43956043956043955,0.5357142857142857
exo10,mappo,456,18007,320,180,26,114,0.5625,0.08125,6.0,7.633333333333334,13.0,3.1319444444444446,16,55,3.6647161491775737,0.23156033339742452,0.07250000000000001,0.6146638956060541,0.08437313089487003,0.28529189620049766,0.04013223735912646,0.038256007277746404,0.6012269938650306,0.5148514851485149,0.5357142857142857
exo10,mappo,456,18008,320,166,27,127,0.51875,0.084375,5.533333333333333,8.391566265060241,16.0,3.308333333333333,16,59,1.6637987508879768,0.2487337658046661,0.07682098765432101,0.6207012237720568,0.0896996140989276,0.26469174280673136,0.04012781197879781,0.03985507246376811,0.5723684210526315,0.41237113402061853,0.5492957746478874
exo10,mappo,456,18009,320,153,31,136,0.478125,0.096875,5.1,9.091503267973856,17.0,3.5972222222222223,16,89,-0.5217850776261933,0.25637578055054755,0.08351851851851853,0.6306279369271165,0.13895632801811292,0.24773550991716287,0.040955672394336284,0.04736181692703432,0.5398773006134969,0.3473684210526316,0.5161290322580645
exo10,mappo,456,18010,320,163,20,137,0.509375,0.0625,5.433333333333334,8.128834355828221,15.0,3.438888888888889,18,87,1.0747298016274849,0.2600276706799831,0.08003086419753087,0.6065898584205149,0.13188378555083358,0.255952196587208,0.03968057830674596,0.03051195181629964,0.4911242603550296,0.6262626262626263,0.34615384615384615
exo10,mappo,456,18011,320,154,28,138,0.48125,0.0875,5.133333333333334,9.045454545454545,17.349999999999994,3.6319444444444446,20,70,-0.3822538993281831,0.2611942324454443,0.08435185185185186,0.6144586299289292,0.10611892048962984,0.24342064699582538,0.0398526710484667,0.042126231256666036,0.5272727272727272,0.43373493975903615,0.4305555555555556
exo10,mappo,456,18012,320,162,27,131,0.50625,0.084375,5.4,8.024691358024691,15.0,3.3472222222222223,18,62,1.2874671176125374,0.24557941001879433,0.07780864197530862,0.6263202986473,0.09748526454476111,0.261307876905703,0.040604408468957874,0.04284216800235107,0.5202312138728323,0.4639175257731959,0.54
exo10,mappo,456,18013,320,169,24,127,0.528125,0.075,5.633333333333334,8.289940828402367,15.0,3.3097222222222222,16,77,2.0432813489510564,0.24363930972554396,0.07685185185185185,0.6234803711089102,0.11897653389072152,0.2674934742983942,0.040101351207981854,0.03580165004078048,0.5897435897435898,0.43617021276595747,0.5142857142857142
exo10,mappo,456,18014,320,152,22,146,0.475,0.06875,5.066666666666666,8.828947368421053,16.44999999999999,3.6152777777777776,19,101,-0.3634582345963008,0.2615461699737108,0.0842283950617284,0.6202307332332315,0.15285468557207688,0.23937956935079693,0.039804143996811585,0.032685551163812034,0.46551724137931033,0.49411764705882355,0.47540983606557374
exo10,mappo,456,18015,320,150,36,134,0.46875,0.1125,5.0,8.706666666666667,16.0,3.5541666666666667,18,81,-1.5291571029805966,0.2556942759461505,0.0825,0.6206633482310367,0.12236440904633125,0.23416704090045048,0.03922838766282846,0.053574826944392175,0.5302013422818792,0.39805825242718446,0.4411764705882353
exo10,mappo,7,18001,320,167,25,128,0.521875,0.078125,5.566666666666666,8.55688622754491,16.0,3.4,16,49,2.2677681577423305,0.2500262782602487,0.07888888888888888,0.6255289756986705,0.07551702889971837,0.27275312124248724,0.04126238062411067,0.03749701988832423,0.538961038961039,0.4387755102040816,0.6029411764705882
exo10,mappo,7,18002,320,176,20,124,0.55,0.0625,5.866666666666666,7.715909090909091,16.0,3.1944444444444446,17,56,3.7383156338964603,0.23439482922068183,0.07419753086419753,0.6239584574325766,0.08899580239834645,0.2827506256761541,0.040764921376245294,0.03143318897491734,0.5301204819277109,0.5425531914893617,0.6166666666666667
exo10,mappo,7,18003,320,157,31,132,0.490625,0.096875,5.233333333333333,8.745222929936306,16.19999999999999,3.5083333333333333,19,60,-0.09148766675464048,0.25654403907384515,0.08141975308641976,0.6189695753558019,0.0930942724037353,0.24891384503781866,0.040357881536175096,0.04732291862726645,0.535031847133758,0.3269230769230769,0.6610169491525424
exo10,mappo,7,18004,320,165,27,128,0.515625,0.084375,5.5,8.024242424242424,15.799999999999983,3.2916666666666665,16,55,1.449588027059028,0.23949439321456117,0.0764814814814815,0.5738503786928708,0.08370396511700859,0.2540515217944886,0.038932727445962566,0.040542380324989025,0.5324675324675324,0.42857142857142855,0.6029411764705882
exo10,mappo,7,18005,320,152,40,128,0.475,0.125,5.066666666666666,8.881578947368421,16.44999999999999,3.5430555555555556,16,49,-1.3292682364170272,0.2584136984270107,0.0820679012345679,0.5985857392274724,0.07554348117445438,0.23801525436469573,0.03961396346303027,0.05867138201234311,0.5416666666666666,0.34285714285714286,0.5352112676056338
exo10,mappo,7,18006,320,173,20,127,0.540625,0.0625,5.766666666666667,8.45086705202312,16.0,3.348611111111111,17,45,3.1227167059465732,0.2385899054100595,0.07771604938271605,0.6026500727310693,0.0669030668458586,0.2707831028881978,0.03960689463796178,0.02955329694460129,0.5895953757225434,0.4175824175824176,0.5892857142857143
exo10,mappo,7,18007,320,178,23,119,0.55625,0.071875,5.933333333333334,7.887640449438202,15.0,3.1777777777777776,16,45,3.4974536123148106,0.24318288900857266,0.07367283950617284,0.6097855771645151,0.07073143167536759,0.2834513022785333,0.04013704840719012,0.034530553987075725,0.5766871165644172,0.5247524752475248,0.5535714285714286
exo10,mappo,7,18008,320,166,30,124,0.51875,0.09375,5.533333333333333,8.451807228915662,16.0,3.325,17,42,1.991047832846062,0.24393142333076243,0.07709876543209877,0.6212141677437156,0.06486945327098778,0.2708174738008834,0.04116122522284061,0.045222410439801734,0.5789473684210527,0.3711340206185567,0.5915492957746479
exo10,mappo,7,18009,320,153,30,137,0.478125,0.09375,5.1,8.869281045751634,16.0,3.558333333333333,16,63,0.09514866775545977,0.25071055162255057,0.08268518518518518,0.6304852024977448,0.0997654118277688,0.24991434651432629,0.041487781846328016,0.04632399509973881,0.5337423312883436,0.35789473684210527,0.5161290322580645
exo10,mappo,7,18010,320,172,27,121,0.5375,0.084375,5.733333333333333,8.162790697674419,15.0,3.298611111111111,17,50,2.6628500026338076,0.2394657437895772,0.07641975308641974,0.6161130202516438,0.07857727888788596,0.27753361321876596,0.040876944327424385,0.042144780594437346,0.5562130177514792,0.5252525252525253,0.5
exo10,mappo,7,18011,320,159,23,138,0.496875,0.071875,5.3,8.70440251572327,15.0,3.563888888888889,20,59,0.8742699151714977,0.25809608656530086,0.0828395061728395,0.6131894822317909,0.08954204929319345,0.25247966665805543,0.040260187247216056,0.034097967250141165,0.509090909090909,0.46987951807228917,0.5
exo10,mappo,7,18012,320,161,25,134,0.503125,0.078125,5.366666666666666,7.77639751552795,15.0,3.2958333333333334,17,43,1.947985648560159,0.23503231632184113,0.07675925925925926,0.6182974265030027,0.06679850152390197,0.25887989214362217,0.040480041968034744,0.03857487922705313,0.5202312138728323,0.4536082474226804,0.54
exo10,mappo,7,18013,320,165,22,133,0.515625,0.06875,5.5,8.266666666666667,14.0,3.345833333333333,16,49,2.2433658410912347,0.24660918855930986,0.0778395061728395,0.6184108832314139,0.07443260654931136,0.264839727502771,0.04036528293065055,0.03262783110609197,0.532051282051282,0.4574468085106383,0.5571428571428572
exo10,mappo,7,18014,320,156,25,139,0.4875,0.078125,5.2,8.314102564102564,15.25,3.441666666666667,19,55,0.8317922888516442,0.24447585964266277,0.0801543209876543,0.6381635269530778,0.08564644774767266,0.24936716872912862,0.0402530384272161,0.03871883265475942,0.4942528735632184,0.47058823529411764,0.4918032786885246
exo10,mappo,7,18015,320,155,27,138,0.484375,0.084375,5.166666666666667,8.774193548387096,17.0,3.5875,16,61,-0.4061185850567233,0.26653996128541646,0.08336419753086419,0.618090980323147,0.09345523448498277,0.24159193823381464,0.03933609558070169,0.03952804441934876,0.5033557046979866,0.4563106796116505,0.4852941176470588
exo10,mappo,789,18001,320,163,23,134,0.509375,0.071875,5.433333333333334,8.680981595092025,17.0,3.477777777777778,17,53,1.5222185586280494,0.2582761233393516,0.08080246913580247,0.6293278518425648,0.08246369535725438,0.2622202653453494,0.04071641446632692,0.03364232385971517,0.538961038961039,0.4387755102040816,0.5441176470588235
exo10,mappo,789,18002,320,177,20,123,0.553125,0.0625,5.9,8.084745762711865,16.0,3.2847222222222223,20,56,3.577152347285702,0.24168957951019898,0.07617283950617286,0.6248543689013335,0.08909421115370773,0.28462803411820775,0.04075299935725924,0.031505113244243675,0.5240963855421686,0.5638297872340425,0.6166666666666667
exo10,mappo,789,18003,320,157,34,129,0.490625,0.10625,5.233333333333333,8.898089171974522,16.0,3.5375,21,64,-0.26637274019693225,0.25147111628108115,0.0819753086419753,0.6276123355453563,0.101003959658893,0.24885135657480523,0.04033438708337959,0.05126748855009724,0.5668789808917197,0.3076923076923077,0.6101694915254238
exo10,mappo,789,18004,320,174,26,120,0.54375,0.08125,5.8,8.03448275862069,14.349999999999994,3.1958333333333333,16,33,2.7506379020546534,0.23833826567261188,0.07410493827160494,0.5791363787670989,0.050654724756555414,0.26991952322615936,0.039389254596521324,0.039272695903130685,0.564935064935065,0.4489795918367347,0.6323529411764706
exo10,mappo,789,18005,320,155,39,126,0.484375,0.121875,5.166666666666667,8.580645161290322,16.0,3.4583333333333335,19,52,-1.0013425388772246,0.25784612184100203,0.08012345679012346,0.6233772297722011,0.0824706033859352,0.24546591280572974,0.04005044087116589,0.059764067613037854,0.5416666666666666,0.3619047619047619,0.5492957746478874
exo10,mappo,789,18006,320,174,22,124,0.54375,0.06875,5.8,8.39080459770115,16.0,3.308333333333333,17,57,3.164831404331212,0.23472256629635044,0.07672839506172838,0.6154377403740606,0.08824465967419258,0.27508503653408756,0.04003465318540868,0.03268711964364138,0.6069364161849711,0.4175824175824176,0.5535714285714286
exo10,mappo,789,18007,320,182,22,116,0.56875,0.06875,6.066666666666666,7.8901098901098905,15.0,3.147222222222222,22,44,4.103107668749028,0.24237062858920713,0.07290123456790125,0.6260175803085826,0.06833850931677017,0.29295565990073996,0.04069065145240328,0.034055461446765786,0.5950920245398773,0.5148514851485149,0.5892857142857143
exo10,mappo,789,18008,320,170,24,126,0.53125,0.075,5.666666666666667,8.364705882352942,16.0,3.2875,18,56,2.561793286583645,0.2512695749518496,0.07632716049382715,0.6247462714304534,0.08862415976260368,0.2776393209087717,0.041029974400707006,0.03662588619110358,0.5526315789473685,0.4329896907216495,0.6197183098591549
exo10,mappo,789,18009,320,159,28,133,0.496875,0.0875,5.3,8.70440251572327,17.0,3.470833333333333,17,64,0.9047149916396411,0.2485572445234401,0.08061728395061728,0.6277082837053801,0.10330329832046077,0.25981413514022206,0.04147006865535422,0.04442076865417827,0.5705521472392638,0.3684210526315789,0.5
exo10,mappo,789,18010,320,164,26,130,0.5125,0.08125,5.466666666666667,7.780487804878049,14.0,3.3041666666666667,20,54,1.9287085382373341,0.23878124116419314,0.07682098765432098,0.6230461623234606,0.08458773745959097,0.2648509201197988,0.0406243210612985,0.04094446425682123,0.5088757396449705,0.5454545454545454,0.46153846153846156
exo10,mappo,789,18011,320,159,25,136,0.496875,0.078125,5.3,8.930817610062894,17.0,3.573611111111111,20,63,0.8109198336505996,0.2557699695489895,0.08299382716049382,0.6272605605124411,0.09966565529662849,0.255805373925915,0.0405475785846988,0.03785055524185958,0.5212121212121212,0.4457831325301205,0.5
exo10,mappo,789,18012,320,159,29,132,0.496875,0.090625,5.3,7.968553459119497,15.099999999999994,3.334722222222222,17,48,0.9375409660125172,0.24215058864322314,0.07756172839506174,0.6197755518080506,0.07547969066275703,0.25335606390812343,0.04024241748870896,0.045081527930498175,0.5202312138728323,0.422680412371134,0.56
exo10,mappo,789,18013,320,164,24,132,0.5125,0.075,5.466666666666667,8.676829268292684,17.549999999999983,3.433333333333333,17,60,1.6246459178943977,0.2526194908121709,0.0797530864197531,0.6302254864701097,0.09245200864480041,0.26478684221533194,0.04069956980344289,0.03670697659828094,0.5512820512820513,0.43617021276595747,0.5285714285714286
exo10,mappo,789,18014,320,159,23,138,0.496875,0.071875,5.3,8.446540880503145,16.0,3.4763888888888888,23,66,1.019882561722457,0.24779792449299426,0.08089506172839506,0.6325390171959969,0.10114135816821238,0.25233599851886296,0.04018179626005316,0.03533079239600978,0.4942528735632184,0.49411764705882355,0.5081967213114754
exo10,mappo,789,18015,320,155,33,132,0.484375,0.103125,5.166666666666667,8.748387096774193,16.0,3.566666666666667,17,49,-0.9613812287814764,0.26821244178160886,0.08271604938271605,0.630547936273844,0.0756441636590378,0.24190329038256084,0.03964120627502296,0.04965979672501412,0.5100671140939598,0.4077669902912621,0.5441176470588235
exo10,global_dijkstra,-1,18001,320,163,31,126,0.509375,0.096875,5.433333333333334,8.122699386503067,17.900000000000006,3.361111111111111,19,69,1.970407637598046,0.23441349291003977,0.07796296296296297,0.6864427935644184,0.11394331789068632,0.2794412725217679,0.04307526721882213,0.05033897876003139,0.525974025974026,0.3877551020408163,0.6470588235294118
exo10,global_dijkstra,-1,18002,320,175,26,119,0.546875,0.08125,5.833333333333333,7.965714285714285,19.299999999999983,3.25,20,73,3.7088701825989148,0.23129714848598745,0.07527777777777779,0.6877735418387688,0.12311096481677987,0.3016475857615311,0.04361326599093018,0.04519296049094811,0.5481927710843374,0.5212765957446809,0.5833333333333334
exo10,global_dijkstra,-1,18003,320,154,35,131,0.48125,0.109375,5.133333333333334,8.474025974025974,18.349999999999994,3.5208333333333335,23,61,0.8547660873801248,0.23377484012319932,0.08166666666666668,0.6904358589086784,0.10378088561777483,0.27165350859387744,0.044258307705172535,0.06074052351680566,0.5605095541401274,0.3269230769230769,0.5423728813559322
exo10,global_dijkstra,-1,18004,320,165,36,119,0.515625,0.1125,5.5,8.406060606060606,17.0,3.298611111111111,19,62,1.3006607150737892,0.24128075410576094,0.07635802469135802,0.6315153808683508,0.10361762022146999,0.27864050125054296,0.04296537268881431,0.06169343603655085,0.577922077922078,0.35714285714285715,0.6029411764705882
exo10,global_dijkstra,-1,18005,320,155,36,129,0.484375,0.1125,5.166666666666667,8.509677419354839,19.299999999999983,3.504166666666667,20,65,-0.16411237545364016,0.2532647780051104,0.08123456790123457,0.6801836173441844,0.1097418146233599,0.2646558102935138,0.043014739484376986,0.06113070108426144,0.5208333333333334,0.4,0.5352112676056338
exo10,global_dijkstra,-1,18006,320,172,24,124,0.5375,0.075,5.733333333333333,8.5,18.44999999999999,3.3666666666666667,24,72,3.0872943005153606,0.23067226475889668,0.07802469135802469,0.6455441397391893,0.11348993641327736,0.28171751163540104,0.04152416224041032,0.03801418896384571,0.6011560693641619,0.42857142857142855,0.5178571428571429
exo10,global_dijkstra,-1,18007,320,176,26,118,0.55,0.08125,5.866666666666666,8.096590909090908,18.25,3.220833333333333,18,60,3.7243361115845413,0.23751402009107134,0.07459876543209877,0.6539132350094097,0.09623680413154097,0.2961759270428001,0.04249831300908436,0.04106288448393711,0.5644171779141104,0.48514851485148514,0.625
exo10,global_dijkstra,-1,18008,320,169,26,125,0.528125,0.08125,5.633333333333334,8.7396449704142,18.599999999999994,3.411111111111111,19,65,2.6850604309527353,0.24854468455810552,0.07904320987654322,0.6662153592665588,0.10775686762697126,0.2901379165608874,0.04334050037320336,0.043243803403986474,0.5657894736842105,0.422680412371134,0.5915492957746479
exo10,global_dijkstra,-1,18009,320,159,30,131,0.496875,0.09375,5.3,8.779874213836479,18.099999999999994,3.5597222222222222,27,73,1.4528889803080276,0.24168729867818317,0.08253086419753088,0.6875218531947574,0.12409606904962943,0.2784242400186673,0.04438624011888436,0.051348417091451146,0.5766871165644172,0.3894736842105263,0.45161290322580644
exo10,global_dijkstra,-1,18010,320,173,31,116,0.540625,0.096875,5.766666666666667,8.011560693641618,18.0,3.227777777777778,22,61,3.0697127683563084,0.2335229004185885,0.07469135802469136,0.6689681217733134,0.10189724161860386,0.29620604355511476,0.043205166626929484,0.05260778208146629,0.591715976331361,0.494949494949495,0.46153846153846156
exo10,global_dijkstra,-1,18011,320,161,30,129,0.503125,0.09375,5.366666666666666,8.763975155279503,19.0,3.5375,21,66,1.6129516030527058,0.24083314682682117,0.0819753086419753,0.671682635595154,0.11264050277208172,0.27772421993784224,0.04367330011541459,0.05060314928735981,0.5575757575757576,0.3855421686746988,0.5138888888888888
exo10,global_dijkstra,-1,18012,320,153,30,137,0.478125,0.09375,5.1,8.0,17.400000000000006,3.3916666666666666,20,61,0.7850528458432289,0.24272561548003319,0.07898148148148149,0.6722971837659596,0.10191244599913331,0.2621064135383021,0.04297509487515138,0.05011194057633686,0.48554913294797686,0.4020618556701031,0.6
exo10,global_dijkstra,-1,18013,320,154,31,135,0.48125,0.096875,5.133333333333334,8.467532467532468,19.0,3.4819444444444443,23,72,1.1048301166336056,0.24448274274400678,0.08092592592592593,0.6919337087293556,0.1255450032797253,0.27725555541311364,0.04505713321982379,0.05482593596808162,0.5641025641025641,0.4148936170212766,0.38571428571428573
exo10,global_dijkstra,-1,18014,320,167,20,133,0.521875,0.0625,5.566666666666666,8.568862275449101,20.0,3.526388888888889,25,55,2.777120757208583,0.24619019614015622,0.08185185185185184,0.6856898523281241,0.09127649492638051,0.2794622640101506,0.04238516260671654,0.03180967900647535,0.5057471264367817,0.5529411764705883,0.5245901639344263
exo10,global_dijkstra,-1,18015,320,157,30,133,0.490625,0.09375,5.233333333333333,9.02547770700637,21.0,3.526388888888889,30,68,0.5032695456362504,0.2568348421427641,0.08185185185185186,0.6802985119408475,0.11476985374969625,0.26744254143651774,0.04298516882695721,0.05025538445043089,0.5436241610738255,0.4174757281553398,0.4852941176470588
exo10,full_heuristic,-1,18001,320,72,72,176,0.225,0.225,2.4,9.805555555555555,19.900000000000006,4.620833333333334,12,194,-13.660209382965542,0.26441726982321373,0.1075,0.5200709786170548,0.27628869070684925,0.1037869930580928,0.036621447462357466,0.10078502415458938,0.2727272727272727,0.11224489795918367,0.27941176470588236
exo10,full_heuristic,-1,18002,320,75,64,181,0.234375,0.2,2.5,11.213333333333333,21.89999999999999,4.7972222222222225,13,159,-13.524483931070273,0.29566594661949464,0.11157407407407406,0.5213956907124364,0.227037141602359,0.10830722227175317,0.03678179071997886,0.09064009661835747,0.25903614457831325,0.2127659574468085,0.2
exo10,full_heuristic,-1,18003,320,74,68,178,0.23125,0.2125,2.466666666666667,9.18918918918919,20.049999999999983,4.597222222222222,13,154,-12.441280440753916,0.25402911916454834,0.10703703703703704,0.5200064904477728,0.22205423803249888,0.10890489563830524,0.03695270667880181,0.0963768115942029,0.28662420382165604,0.11538461538461539,0.288135593220339
exo10,full_heuristic,-1,18004,320,78,62,180,0.24375,0.19375,2.6,9.294871794871796,18.299999999999983,4.579166666666667,12,139,-12.083091228776336,0.27387905004589486,0.10669753086419753,0.5073646376153038,0.19653381642512077,0.11239935587761672,0.036504364378836154,0.08731884057971014,0.2532467532467532,0.21428571428571427,0.2647058823529412
exo10,full_heuristic,-1,18005,320,65,76,179,0.203125,0.2375,2.1666666666666665,10.261538461538462,24.0,4.670833333333333,12,151,-15.624426977464934,0.31106559788890775,0.10870370370370373,0.5167309505910009,0.21576086956521737,0.09499914146367237,0.03674539879609914,0.10714207290294248,0.2152777777777778,0.1619047619047619,0.23943661971830985
exo10,full_heuristic,-1,18006,320,77,56,187,0.240625,0.175,2.566666666666667,9.142857142857142,20.200000000000003,4.701388888888889,14,136,-11.039046065467286,0.25595159063252393,0.10962962962962965,0.5235407670908272,0.1949531547357634,0.1140112333910288,0.03722331442632255,0.07863416776460254,0.27167630057803466,0.18681318681318682,0.23214285714285715
exo10,full_heuristic,-1,18007,320,83,66,171,0.259375,0.20625,2.7666666666666666,8.325301204819278,16.89999999999999,4.373611111111111,12,130,-10.946806033970955,0.2470791401535479,0.10185185185185185,0.5231643068458796,0.18646122607793092,0.12184696755062886,0.03703196186341976,0.0933574879227053,0.3067484662576687,0.21782178217821782,0.19642857142857142
exo10,full_heuristic,-1,18008,320,77,68,175,0.240625,0.2125,2.566666666666667,10.116883116883116,19.200000000000003,4.634722222222222,12,133,-12.459156906586927,0.26700817700821516,0.10777777777777778,0.5179011540953169,0.18984605783232786,0.1110209647967085,0.036569505147590976,0.09535024154589371,0.3026315789473684,0.14432989690721648,0.23943661971830985
exo10,full_heuristic,-1,18009,320,67,69,184,0.209375,0.215625,2.2333333333333334,9.447761194029852,20.39999999999999,4.715277777777778,15,177,-13.798397447329837,0.2642353991545027,0.10984567901234568,0.5198988965334479,0.25372435535479015,0.09724112240416588,0.03688403490547586,0.09794685990338164,0.27607361963190186,0.1368421052631579,0.14516129032258066
exo10,full_heuristic,-1,18010,320,74,64,182,0.23125,0.2,2.466666666666667,10.013513513513514,21.0,4.648611111111111,13,150,-13.337937233017167,0.2964328129454641,0.10830246913580246,0.5164399240478965,0.21420729029424684,0.1087205387205387,0.036816450412958356,0.09039855072463768,0.2485207100591716,0.24242424242424243,0.15384615384615385
exo10,full_heuristic,-1,18011,320,74,60,186,0.23125,0.1875,2.466666666666667,9.527027027027026,24.0,4.6402777777777775,14,145,-12.345043778215048,0.27156844020285204,0.10824074074074073,0.5369667878741635,0.21136912604303906,0.10907361178528226,0.0372311882412091,0.0858970136144049,0.2909090909090909,0.1566265060240964,0.18055555555555555
exo10,full_heuristic,-1,18012,320,72,61,187,0.225,0.190625,2.4,9.069444444444445,20.450000000000003,4.697222222222222,14,163,-13.47535461802551,0.29872724037170456,0.10953703703703704,0.5217503198345158,0.23107080117949683,0.104696185457055,0.03655713835337964,0.08508454106280193,0.1907514450867052,0.26804123711340205,0.26
exo10,full_heuristic,-1,18013,320,66,65,189,0.20625,0.203125,2.2,10.878787878787879,22.5,4.873611111111111,13,169,-14.648778721703795,0.30108474715956285,0.11351851851851852,0.5177686516573625,0.24211772844495957,0.09644909650058392,0.03704370798903569,0.09269323671497585,0.21794871794871795,0.18085106382978725,0.21428571428571427
exo10,full_heuristic,-1,18014,320,73,56,191,0.228125,0.175,2.433333333333333,9.465753424657533,18.39999999999999,4.675,14,144,-12.358264089189309,0.2825490410986347,0.10916666666666665,0.5295611992211237,0.2060836627140975,0.1069460129242738,0.03687147818344469,0.07904589371980676,0.21264367816091953,0.21176470588235294,0.29508196721311475
exo10,full_heuristic,-1,18015,320,58,72,190,0.18125,0.225,1.9333333333333333,9.120689655172415,20.0,4.918055555555555,14,171,-15.413815241197156,0.2838806229524658,0.11453703703703703,0.5216844934886785,0.2437205910031997,0.08398563107373175,0.0365146213306016,0.10084541062801931,0.2080536912751678,0.1941747572815534,0.10294117647058823
exo14,mappo,1024,18001,444,154,66,224,0.34684684684684686,0.14864864864864866,5.133333333333334,9.525974025974026,18.349999999999994,5.575,19,95,-5.870727038945231,0.2647510331327215,0.13006172839506172,0.5937241721292843,0.13663764978982368,0.22543211619298578,0.03681033290744467,0.09368686868686868,0.3981042654028436,0.2518518518518518,0.3673469387755102
exo14,mappo,1024,18002,444,150,62,232,0.33783783783783783,0.13963963963963963,5.0,9.98,20.0,5.701388888888889,19,89,-5.864861799438388,0.260551686379305,0.13311728395061728,0.585848735607639,0.12932194616977224,0.21778562017692452,0.036825292707036605,0.08794466403162057,0.3875,0.23076923076923078,0.36486486486486486
exo14,mappo,1024,18003,444,169,60,215,0.38063063063063063,0.13513513513513514,5.633333333333334,9.349112426035504,18.0,5.301388888888889,20,76,-3.5552247400729526,0.2576121667289032,0.1237037037037037,0.5925392131143515,0.11022591062636829,0.2468251491706869,0.03686279429547727,0.0852986385595081,0.4375,0.25190839694656486,0.42696629213483145
exo14,mappo,1024,18004,444,164,63,217,0.36936936936936937,0.14189189189189189,5.466666666666667,9.682926829268293,18.849999999999994,5.490277777777778,21,91,-4.801520245458317,0.27014494891473,0.12796296296296297,0.5694990870034451,0.12983907396950875,0.23811013865361688,0.036639963330195216,0.08858695652173913,0.3991031390134529,0.30714285714285716,0.3950617283950617
exo14,mappo,1024,18005,444,176,53,215,0.3963963963963964,0.11936936936936937,5.866666666666666,10.0625,20.0,5.658333333333333,23,78,-2.8127699429345663,0.2661109143647496,0.1316358024691358,0.5824196157377355,0.11086517347386912,0.2549081778887271,0.03662189057620467,0.07403930610452349,0.44298245614035087,0.3162393162393162,0.3838383838383838
exo14,mappo,1024,18006,444,157,57,230,0.3536036036036036,0.12837837837837837,5.233333333333333,10.45859872611465,19.19999999999999,5.716666666666667,23,81,-5.169257010460663,0.27468000325710223,0.13339506172839508,0.5834472773961775,0.11582941213375995,0.22777605244996554,0.03667228257100132,0.08064339042599912,0.4292237442922374,0.2158273381294964,0.38372093023255816
exo14,mappo,1024,18007,444,173,66,205,0.38963963963963966,0.14864864864864866,5.766666666666667,9.653179190751445,19.0,5.377777777777778,21,74,-3.694453563650623,0.25533971084650836,0.1250925925925926,0.5756927254487059,0.10658432147562583,0.251651295564339,0.03668468876699939,0.09424132630654372,0.45701357466063347,0.25757575757575757,0.4175824175824176
exo14,mappo,1024,18008,444,181,51,212,0.40765765765765766,0.11486486486486487,6.033333333333333,9.447513812154696,18.0,5.305555555555555,19,53,-1.4577791183608941,0.2559580242894258,0.12370370370370369,0.5803384284093867,0.07553657694962042,0.26336463688866435,0.03660731756348448,0.07179951690821257,0.45982142857142855,0.28,0.45263157894736844
exo14,mappo,1024,18009,444,172,54,218,0.38738738738738737,0.12162162162162163,5.733333333333333,9.88953488372093,19.0,5.526388888888889,21,84,-3.110234138438322,0.25987848773030175,0.1287962962962963,0.6038294166099686,0.12091336708041514,0.2500889905924231,0.03681369714370692,0.0763449714536671,0.49122807017543857,0.25190839694656486,0.3176470588235294
exo14,mappo,1024,18010,444,171,46,227,0.38513513513513514,0.1036036036036036,5.7,9.286549707602338,18.0,5.398611111111111,21,83,-2.6778860943710923,0.26835412057520913,0.12623456790123455,0.5752522034589694,0.11850257230692014,0.24777667984189725,0.036492468019090195,0.06529973649538866,0.4099099099099099,0.3357664233576642,0.4
exo14,mappo,1024,18011,444,173,50,221,0.38963963963963966,0.11261261261261261,5.766666666666667,9.289017341040463,19.0,5.3597222222222225,21,66,-2.320357431106935,0.2588794703298923,0.12518518518518518,0.5835091131131487,0.09528671811280505,0.25268602170776083,0.0370346425965117,0.07128897672375932,0.42424242424242425,0.3135593220338983,0.4
exo14,mappo,1024,18012,444,155,63,226,0.3490990990990991,0.14189189189189189,5.166666666666667,9.264516129032257,19.0,5.4319444444444445,20,81,-5.511491543844253,0.2634310428196721,0.12694444444444444,0.5933530978565075,0.11460035133948175,0.2217328565154652,0.03611616981505116,0.08816425120772946,0.3832599118942731,0.29411764705882354,0.345679012345679
exo14,mappo,1024,18013,444,162,83,199,0.36486486486486486,0.18693693693693694,5.4,9.512345679012345,19.0,5.4527777777777775,20,92,-6.804609290816816,0.27008275350379735,0.12657407407407406,0.5857831832341349,0.1309672815107598,0.2335044544827153,0.036355015385988745,0.11703996486605184,0.4574468085106383,0.26627218934911245,0.3563218390804598
exo14,mappo,1024,18014,444,154,56,234,0.34684684684684686,0.12612612612612611,5.133333333333334,9.636363636363637,18.349999999999994,5.6305555555555555,23,82,-4.9524458948361545,0.2633177755404842,0.13160493827160494,0.5900580567134072,0.11693491799327038,0.2237690322644556,0.03654064436266429,0.0789855072463768,0.40086206896551724,0.2421875,0.35714285714285715
exo14,mappo,1024,18015,444,156,72,216,0.35135135135135137,0.16216216216216217,5.2,10.282051282051283,20.0,5.625,20,71,-6.261426425100655,0.264969301991108,0.13092592592592595,0.591529415956955,0.10177551916682352,0.22458764665286407,0.03652283860922884,0.10250956772695903,0.42081447963800905,0.23404255319148937,0.36585365853658536
exo14,mappo,123,18001,444,154,64,226,0.34684684684684686,0.14414414414414414,5.133333333333334,9.662337662337663,18.0,5.6402777777777775,21,127,-6.427727784547526,0.27557820585042286,0.1315740740740741,0.5954403407720117,0.18229034652947698,0.2237794612794613,0.03663815571263377,0.09065656565656566,0.3933649289099526,0.2740740740740741,0.3469387755102041
exo14,mappo,123,18002,444,149,58,237,0.3355855855855856,0.13063063063063063,4.966666666666667,9.953020134228188,19.599999999999994,5.7652777777777775,21,142,-6.339133456699624,0.2683646500400316,0.13469135802469134,0.5901628541457428,0.20548340548340546,0.2161230315578142,0.036614863472678304,0.08182916117698727,0.3625,0.23846153846153847,0.4189189189189189
exo14,mappo,123,18003,444,169,62,213,0.38063063063063063,0.13963963963963963,5.633333333333334,9.609467455621301,19.0,5.355555555555555,19,101,-4.258639952323231,0.2635546852074476,0.1248456790123457,0.5934076416475338,0.14544717359934753,0.24409153648284085,0.03638629581755359,0.08731884057971015,0.44642857142857145,0.24427480916030533,0.4157303370786517
exo14,mappo,123,18004,444,166,62,216,0.3738738738738739,0.13963963963963963,5.533333333333333,9.295180722891565,18.75,5.409722222222222,20,111,-4.724297979412832,0.26714258156087406,0.126141975308642,0.5800120977521919,0.1583835246878725,0.23920180061484408,0.036292158103074776,0.0872584541062802,0.3991031390134529,0.32142857142857145,0.3950617283950617
exo14,mappo,123,18005,444,164,59,221,0.36936936936936937,0.13288288288288289,5.466666666666667,9.96951219512195,20.0,5.733333333333333,22,107,-4.469240318267947,0.26114206987481486,0.13348765432098766,0.5870411160934534,0.15384146851538152,0.23866741678526573,0.03687520897755278,0.08260869565217391,0.42543859649122806,0.2905982905982906,0.3333333333333333
exo14,mappo,123,18006,444,154,57,233,0.34684684684684686,0.12837837837837837,5.133333333333334,9.831168831168831,18.349999999999994,5.677777777777778,24,116,-5.59567005980165,0.2699375172609116,0.13262345679012344,0.5907587311968653,0.16726143421795597,0.2224391429826213,0.036574346743234724,0.07958937198067632,0.4155251141552511,0.2158273381294964,0.38372093023255816
exo14,mappo,123,18007,444,165,65,214,0.3716216216216216,0.1463963963963964,5.5,9.49090909090909,18.0,5.498611111111111,21,124,-5.083051245691521,0.2645926133422019,0.12805555555555553,0.5854124892408527,0.17741471597306843,0.23889615342704584,0.03656217048872227,0.09125494071146245,0.4343891402714932,0.2727272727272727,0.3626373626373626
exo14,mappo,123,18008,444,179,53,212,0.40315315315315314,0.11936936936936937,5.966666666666667,9.251396648044693,18.0,5.270833333333333,20,85,-2.2461507219994457,0.2561947808419128,0.1229320987654321,0.577124678592018,0.12044905577514273,0.2572145366710584,0.036277660940750474,0.07466512955643391,0.44642857142857145,0.272,0.47368421052631576
exo14,mappo,123,18009,444,163,58,223,0.36711711711711714,0.13063063063063063,5.433333333333334,9.791411042944786,19.0,5.661111111111111,19,120,-4.498505402949165,0.255957185237707,0.13194444444444445,0.6037606273184307,0.1745821569734613,0.23784256424988692,0.0370051724437721,0.08256477821695213,0.47368421052631576,0.2366412213740458,0.2823529411764706
exo14,mappo,123,18010,444,163,50,231,0.36711711711711714,0.11261261261261261,5.433333333333334,9.049079754601227,18.0,5.454166666666667,21,93,-3.6181193608658866,0.264185269338698,0.12759259259259262,0.5857050362395118,0.13470245937637243,0.2380298324863542,0.036658124417914044,0.07061374615722442,0.38738738738738737,0.32116788321167883,0.38823529411764707
exo14,mappo,123,18011,444,165,50,229,0.3716216216216216,0.11261261261261261,5.5,8.866666666666667,17.799999999999983,5.427777777777778,19,98,-3.3267125151228565,0.2584076176825709,0.12694444444444444,0.5894373907700567,0.14134752229717903,0.24021132376395532,0.03677710726036922,0.07022946859903383,0.3852813852813853,0.3389830508474576,0.37894736842105264
exo14,mappo,123,18012,444,155,62,227,0.3490990990990991,0.13963963963963963,5.166666666666667,9.04516129032258,18.0,5.455555555555556,21,97,-5.537135653128115,0.2601218135724095,0.1275,0.6097173561828738,0.13768931551540248,0.22179622310057093,0.036191788667074405,0.08695652173913042,0.3700440528634361,0.3088235294117647,0.35802469135802467
exo14,mappo,123,18013,444,157,85,202,0.3536036036036036,0.19144144144144143,5.233333333333333,9.26751592356688,18.0,5.455555555555556,20,117,-7.493654411240785,0.2624766745229562,0.1267283950617284,0.5919143953358841,0.165848704435661,0.22464960160612335,0.036159048644114435,0.11962560386473431,0.44680851063829785,0.25443786982248523,0.3448275862068966
exo14,mappo,123,18014,444,154,57,233,0.34684684684684686,0.12837837837837837,5.133333333333334,9.292207792207792,17.349999999999994,5.580555555555556,24,109,-5.331271339740957,0.26260059082715204,0.13046296296296295,0.6053818049969011,0.15708015922546814,0.22319179041147005,0.03659515430729329,0.08075396825396824,0.40086206896551724,0.2578125,0.3333333333333333
exo14,mappo,123,18015,444,152,74,218,0.34234234234234234,0.16666666666666666,5.066666666666666,10.131578947368421,19.0,5.679166666666666,23,106,-7.27753064554132,0.2680230579473341,0.13219135802469134,0.5973259817609828,0.1505819060166886,0.21649099692577956,0.0360789162307986,0.10416666666666666,0.4072398190045249,0.22695035460992907,0.36585365853658536
exo14,mappo,2024,18001,444,156,61,227,0.35135135135135137,0.1373873873873874,5.2,9.724358974358974,19.0,5.638888888888889,21,74,-5.486944213573104,0.2757750523191228,0.13157407407407407,0.5937680142288824,0.10728029725169312,0.22904374737898767,0.03701247124196198,0.08770860781730347,0.3933649289099526,0.2740740740740741,0.3673469387755102
exo14,mappo,2024,18002,444,151,58,235,0.3400900900900901,0.13063063063063063,5.033333333333333,9.549668874172186,20.0,5.725,19,90,-5.233175140789097,0.25644699156172834,0.13373456790123459,0.5932731398964054,0.12981052763661458,0.22106295878035007,0.036886300204376506,0.0820761967501098,0.37083333333333335,0.26153846153846155,0.3783783783783784
exo14,mappo,2024,18003,444,169,63,212,0.38063063063063063,0.14189189189189189,5.633333333333334,9.319526627218934,18.0,5.344444444444444,20,66,-3.740540605753945,0.25369521008978696,0.12456790123456787,0.595225588174633,0.09473429951690822,0.2448296630905327,0.03660328941727005,0.08943236714975847,0.45535714285714285,0.2595419847328244,0.3707865168539326
exo14,mappo,2024,18004,444,165,64,215,0.3716216216216216,0.14414414414414414,5.5,9.56969696969697,19.0,5.459722222222222,21,75,-4.537641422336283,0.2625701327382238,0.1272222222222222,0.5782868958719799,0.1064621368969195,0.2377859338728904,0.03647409413537155,0.08985507246376812,0.40358744394618834,0.30714285714285716,0.3950617283950617
exo14,mappo,2024,18005,444,163,60,221,0.36711711711711714,0.13513513513513514,5.433333333333334,10.110429447852761,20.0,5.815277777777778,22,59,-4.370196419522824,0.26609225871664954,0.13530864197530865,0.5780074197510666,0.08310825647782169,0.23750699211797607,0.036889176766333916,0.0841183574879227,0.42105263157894735,0.3076923076923077,0.31313131313131315
exo14,mappo,2024,18006,444,164,55,225,0.36936936936936937,0.12387387387387387,5.466666666666667,10.390243902439025,19.0,5.675,26,59,-4.2068569654766135,0.2737292593290491,0.13231481481481483,0.5914751245419809,0.08414737436476569,0.23765940708160388,0.03676149857911384,0.07815656565656566,0.4520547945205479,0.22302158273381295,0.3953488372093023
exo14,mappo,2024,18007,444,170,65,209,0.38288288288288286,0.1463963963963964,5.666666666666667,9.5,18.549999999999983,5.416666666666667,20,78,-4.320500021373623,0.26673517996965823,0.12608024691358025,0.5802796946018458,0.11142637555681033,0.24592650103519667,0.03657530469232492,0.09214975845410629,0.43891402714932126,0.2878787878787879,0.38461538461538464
exo14,mappo,2024,18008,444,176,51,217,0.3963963963963964,0.11486486486486487,5.866666666666666,9.494318181818182,19.0,5.377777777777778,20,41,-2.143373959843708,0.2637239871672474,0.12546296296296294,0.5708781745394392,0.0582290294246816,0.25426666963852323,0.036399581160237934,0.07175559947299077,0.4330357142857143,0.28,0.4631578947368421
exo14,mappo,2024,18009,444,171,54,219,0.38513513513513514,0.12162162162162163,5.7,10.035087719298245,22.0,5.627777777777778,23,74,-3.310382640065491,0.2653641489247078,0.13108024691358028,0.6041845911935584,0.1066935289475335,0.24881926489477976,0.0369344107816436,0.0761528326745718,0.4824561403508772,0.2900763358778626,0.27058823529411763
exo14,mappo,2024,18010,444,169,47,228,0.38063063063063063,0.10585585585585586,5.633333333333334,9.076923076923077,18.0,5.45,20,65,-2.5887393291371237,0.26043275142142885,0.1274074074074074,0.5752316258202015,0.09327043729217643,0.2441268272790012,0.03641888382975497,0.06618357487922705,0.4009009009009009,0.34306569343065696,0.38823529411764707
exo14,mappo,2024,18011,444,173,51,220,0.38963963963963966,0.11486486486486487,5.766666666666667,9.196531791907514,18.400000000000006,5.370833333333334,21,47,-2.1288017644214774,0.2533930650476281,0.12540123456790123,0.5854016150803149,0.06734424995294559,0.2512798795407491,0.03681690014696659,0.07205753184014053,0.4199134199134199,0.3135593220338983,0.4105263157894737
exo14,mappo,2024,18012,444,157,59,228,0.3536036036036036,0.13288288288288289,5.233333333333333,9.363057324840764,19.19999999999999,5.479166666666667,20,57,-4.999934719647108,0.2690737308134145,0.12805555555555556,0.5987859226142331,0.08066942719116632,0.22485334713595587,0.03623140664951843,0.08260869565217391,0.3700440528634361,0.3235294117647059,0.35802469135802467
exo14,mappo,2024,18013,444,158,85,201,0.35585585585585583,0.19144144144144143,5.266666666666667,9.544303797468354,19.150000000000006,5.481944444444444,19,88,-7.1425412937747454,0.2644322042389059,0.12728395061728395,0.593553812827294,0.1251082251082251,0.2283488612836439,0.036431866893823765,0.1202514273166447,0.4521276595744681,0.23076923076923078,0.39080459770114945
exo14,mappo,2024,18014,444,156,54,234,0.35135135135135137,0.12162162162162163,5.2,9.346153846153847,19.0,5.606944444444444,24,72,-4.160249163040405,0.2572344254172512,0.13108024691358025,0.5997277749791965,0.1025754438797917,0.22976548750004128,0.036870907296774676,0.07596618357487923,0.40086206896551724,0.25,0.36904761904761907
exo14,mappo,2024,18015,444,159,68,217,0.3581081081081081,0.15315315315315314,5.3,9.817610062893081,19.099999999999994,5.586111111111111,21,49,-5.372076131813045,0.26472075931030326,0.1300925925925926,0.5965287403314343,0.07050881485664094,0.2298461321287408,0.03656003532493064,0.09627799736495388,0.40271493212669685,0.2553191489361702,0.4146341463414634
exo14,mappo,314,18001,444,156,63,225,0.35135135135135137,0.14189189189189189,5.2,9.820512820512821,19.0,5.629166666666666,22,55,-5.360043742078969,0.27263915305988523,0.1312962962962963,0.603358875250044,0.07878866302779346,0.22984994601127323,0.037132702113078155,0.09044246815985947,0.4075829383886256,0.25925925925925924,0.35714285714285715
exo14,mappo,314,18002,444,155,57,232,0.3490990990990991,0.12837837837837837,5.166666666666667,9.709677419354838,19.0,5.680555555555555,23,57,-4.766827650946283,0.26512816156215746,0.13265432098765434,0.6069440016360629,0.08224480833176484,0.2273535039839388,0.03699914789072879,0.08075318401405357,0.37916666666666665,0.27692307692307694,0.3783783783783784
exo14,mappo,314,18003,444,173,63,208,0.38963963963963966,0.14189189189189189,5.766666666666667,9.485549132947977,18.0,5.3694444444444445,23,55,-3.368887689327734,0.25905743555513155,0.12499999999999999,0.6108199083792025,0.07923850304285086,0.2528980141394329,0.036905769996746586,0.08920729029424682,0.45982142857142855,0.2595419847328244,0.4044943820224719
exo14,mappo,314,18004,444,169,63,212,0.38063063063063063,0.14189189189189189,5.633333333333334,9.31360946745562,19.0,5.356944444444444,22,59,-3.5714790572824486,0.25194106258830484,0.12484567901234565,0.5912161494210515,0.08421246627768368,0.24580408531209447,0.03681643474100328,0.08959705753184014,0.4170403587443946,0.3,0.41975308641975306
exo14,mappo,314,18005,444,179,53,212,0.40315315315315314,0.11936936936936937,5.966666666666667,9.491620111731844,20.0,5.543055555555555,23,49,-1.7841218205337004,0.2539894896119884,0.12898148148148147,0.6026657023981004,0.06922485726833552,0.2618496422214958,0.036953895063626986,0.07409420289855073,0.43859649122807015,0.3418803418803419,0.3939393939393939
exo14,mappo,314,18006,444,163,50,231,0.36711711711711714,0.11261261261261261,5.433333333333334,10.141104294478527,19.0,5.695833333333334,25,51,-3.808470604082581,0.27503629566799503,0.13296296296296298,0.6002864528739916,0.07281055900621117,0.23702129995608254,0.036898490951573604,0.07065217391304347,0.4246575342465753,0.2517985611510791,0.4069767441860465
exo14,mappo,314,18007,444,178,63,203,0.4009009009009009,0.14189189189189189,5.933333333333334,9.438202247191011,19.0,5.316666666666666,21,57,-2.9577004008083305,0.25872529028253605,0.12367283950617285,0.5961020734881594,0.08314746847355545,0.26073138214442565,0.03697667048888574,0.09122592383461946,0.45701357466063347,0.29545454545454547,0.4175824175824176
exo14,mappo,314,18008,444,183,52,209,0.41216216216216217,0.11711711711711711,6.1,9.387978142076502,18.0,5.323611111111111,20,54,-1.5827337066855658,0.259381185832333,0.12401234567901236,0.5847226250270877,0.07682586736934562,0.2650585951043617,0.0366343420945044,0.0733915239350022,0.44642857142857145,0.296,0.4842105263157895
exo14,mappo,314,18009,444,173,55,216,0.38963963963963966,0.12387387387387387,5.766666666666667,10.086705202312139,20.0,5.605555555555555,21,57,-2.838228283110463,0.2585294481678156,0.13049382716049385,0.6150921008067431,0.08153601229688186,0.25296554132366494,0.03715204869866887,0.07804128238910847,0.49122807017543857,0.25190839694656486,0.32941176470588235
exo14,mappo,314,18010,444,168,48,228,0.3783783783783784,0.10810810810810811,5.6,8.964285714285714,18.0,5.419444444444444,24,58,-2.6515816694678587,0.2659615167803659,0.12672839506172842,0.5862956138788452,0.08349520045172219,0.246680246399926,0.036872407108514395,0.06769323671497585,0.38738738738738737,0.3357664233576642,0.4235294117647059
exo14,mappo,314,18011,444,173,50,221,0.38963963963963966,0.11261261261261261,5.766666666666667,8.855491329479769,19.400000000000006,5.347222222222222,24,59,-1.8422850748795128,0.24774144234179982,0.12490740740740741,0.5859119171839151,0.08451079114122592,0.25322463768115944,0.03701133864405684,0.07049846288976723,0.4155844155844156,0.3220338983050847,0.4105263157894737
exo14,mappo,314,18012,444,159,56,229,0.3581081081081081,0.12612612612612611,5.3,9.38993710691824,19.0,5.468055555555556,21,45,-4.5624802723323,0.27211947993601027,0.1278395061728395,0.6209714906396332,0.06388669301712778,0.22921826965305228,0.03644946856669783,0.07880434782608696,0.3656387665198238,0.33088235294117646,0.38271604938271603
exo14,mappo,314,18013,444,162,82,200,0.36486486486486486,0.18468468468468469,5.4,9.549382716049383,19.0,5.469444444444444,20,64,-6.54397606342839,0.26949673420290815,0.1269753086419753,0.6040434222282282,0.09160628019323672,0.23428398895790198,0.03652435522568787,0.1166227492314449,0.4521276595744681,0.2603550295857988,0.3793103448275862
exo14,mappo,314,18014,444,162,52,230,0.36486486486486486,0.11711711711711711,5.4,9.438271604938272,20.0,5.581944444444445,23,58,-3.530685418671943,0.25789136150084174,0.13040123456790123,0.6119956919384273,0.08258830541439235,0.2363302029778002,0.036812100446653194,0.07336956521739131,0.40086206896551724,0.28125,0.39285714285714285
exo14,mappo,314,18015,444,163,66,215,0.36711711711711714,0.14864864864864866,5.433333333333334,10.251533742331288,20.80000000000001,5.611111111111111,24,46,-5.22801887063867,0.2730189354684998,0.1305864197530864,0.6102181439978214,0.06580478700043917,0.23487483530961792,0.036548628059617026,0.09434563021519543,0.42081447963800905,0.2624113475177305,0.4024390243902439
exo14,mappo,42,18001,444,153,62,229,0.34459459459459457,0.13963963963963963,5.1,9.601307189542483,19.0,5.652777777777778,23,80,-5.769077345064779,0.2701018024751042,0.13194444444444445,0.5988534135517699,0.11432963172093608,0.22269689374952534,0.03672895844747688,0.0878074220465525,0.38388625592417064,0.26666666666666666,0.3673469387755102
exo14,mappo,42,18002,444,150,57,237,0.33783783783783783,0.12837837837837837,5.0,9.493333333333334,19.0,5.679166666666666,21,89,-5.395679079319043,0.260708496774124,0.13277777777777777,0.603553738589103,0.12803892966936445,0.21869157412635679,0.03673302015325521,0.08033596837944665,0.3625,0.25384615384615383,0.40540540540540543
exo14,mappo,42,18003,444,164,63,217,0.36936936936936937,0.14189189189189189,5.466666666666667,9.317073170731707,17.0,5.351388888888889,20,75,-4.60788163412053,0.26410541660175213,0.12487654320987654,0.5990263296473534,0.10632426751991969,0.23588619110358244,0.03624250730297783,0.08828502415458937,0.42857142857142855,0.2595419847328244,0.38202247191011235
exo14,mappo,42,18004,444,165,62,217,0.3716216216216216,0.13963963963963963,5.5,9.212121212121213,17.799999999999983,5.4125,21,89,-4.651601901409572,0.272442888656257,0.12623456790123455,0.5875438936122173,0.12584070518853124,0.23956851119894598,0.036489399382703236,0.08659420289855072,0.39461883408071746,0.32857142857142857,0.38271604938271603
exo14,mappo,42,18005,444,171,57,216,0.38513513513513514,0.12837837837837837,5.7,10.005847953216374,21.0,5.6402777777777775,21,65,-3.4438627600977787,0.2617453148807034,0.13126543209876543,0.5913193638743425,0.09199165568730787,0.24628224051565012,0.036516884282088165,0.07971014492753623,0.43859649122807015,0.2905982905982906,0.37373737373737376
exo14,mappo,42,18006,444,155,52,237,0.3490990990990991,0.11711711711711711,5.166666666666667,10.025806451612903,19.0,5.741666666666666,24,78,-4.917796336409512,0.2737074602619364,0.13416666666666668,0.599706170770018,0.11089873894221719,0.224544356609574,0.03666874887322701,0.07307861220904699,0.3972602739726027,0.2302158273381295,0.4186046511627907
exo14,mappo,42,18007,444,173,62,209,0.38963963963963966,0.13963963963963963,5.766666666666667,9.46242774566474,18.400000000000006,5.3694444444444445,20,98,-3.8533758168588474,0.2660306131020281,0.12503086419753087,0.5925792848165421,0.14055320283581155,0.2520223978919631,0.03682505278827879,0.0876921387790953,0.4434389140271493,0.2878787878787879,0.4065934065934066
exo14,mappo,42,18008,444,181,51,212,0.40765765765765766,0.11486486486486487,6.033333333333333,9.154696132596685,17.0,5.252777777777778,18,60,-1.6075388895906482,0.2540559527500094,0.12253086419753087,0.5778318601814576,0.0844312692138779,0.2599658071397201,0.03628259216910163,0.07156895037329819,0.45089285714285715,0.28,0.47368421052631576
exo14,mappo,42,18009,444,169,53,222,0.38063063063063063,0.11936936936936937,5.633333333333334,9.65680473372781,19.599999999999994,5.625,21,83,-3.2086413548601422,0.25506102279054704,0.13111111111111112,0.61864614181887,0.12020907836125229,0.24569594275543932,0.03687005915770211,0.07440162494510322,0.4780701754385965,0.26717557251908397,0.29411764705882354
exo14,mappo,42,18010,444,168,45,231,0.3783783783783784,0.10135135135135136,5.6,9.154761904761905,17.650000000000006,5.480555555555555,20,81,-2.8343181919282756,0.26743347133883255,0.12817901234567902,0.5847538784258296,0.11465822824518476,0.24343748039400215,0.03640016729825469,0.06316425120772946,0.3783783783783784,0.3284671532846715,0.4588235294117647
exo14,mappo,42,18011,444,171,50,223,0.38513513513513514,0.11261261261261261,5.7,9.11111111111111,18.5,5.434722222222222,20,74,-2.533552304286637,0.25703355267911776,0.12691358024691357,0.5838972490368621,0.10634387351778657,0.2489549218897045,0.0367973357367039,0.07022946859903383,0.41125541125541126,0.3305084745762712,0.3894736842105263
exo14,mappo,42,18012,444,154,62,228,0.34684684684684686,0.13963963963963963,5.133333333333334,9.233766233766234,18.349999999999994,5.481944444444444,20,61,-5.391752959408678,0.26236257908903216,0.12811728395061728,0.6191146100381609,0.08668219461697725,0.221444099378882,0.03629764174842249,0.08743961352657005,0.3700440528634361,0.3014705882352941,0.35802469135802467
exo14,mappo,42,18013,444,155,82,207,0.3490990990990991,0.18468468468468469,5.166666666666667,9.174193548387096,18.299999999999983,5.4847222222222225,20,92,-7.40451826871305,0.27013457351342585,0.1275308641975309,0.6054683823573305,0.13177426438296005,0.22383712905452038,0.036453340072679564,0.11589262187088276,0.425531914893617,0.2603550295857988,0.3563218390804598
exo14,mappo,42,18014,444,155,53,236,0.3490990990990991,0.11936936936936937,5.166666666666667,9.07741935483871,19.0,5.538888888888889,23,71,-4.414272171206999,0.2587924845229149,0.12962962962962962,0.5970690063151899,0.10019213877909533,0.22394309224972841,0.03632484220419379,0.07457729468599035,0.3879310344827586,0.265625,0.36904761904761907
exo14,mappo,42,18015,444,154,69,221,0.34684684684684686,0.1554054054054054,5.133333333333334,9.909090909090908,20.0,5.625,26,74,-6.3114447153222075,0.2689437037003264,0.13108024691358025,0.600393015335161,0.10605511638120332,0.2220630215195433,0.0363244321375427,0.09790843214756256,0.3936651583710407,0.24822695035460993,0.3902439024390244
exo14,mappo,456,18001,444,151,67,226,0.3400900900900901,0.15090090090090091,5.033333333333333,9.496688741721854,18.0,5.65,21,88,-6.275090439190014,0.26512808245094727,0.13179012345679014,0.5855971981189179,0.12681085123876887,0.2204076561628049,0.036825446659757274,0.09591018884497145,0.4028436018957346,0.26666666666666666,0.30612244897959184
exo14,mappo,456,18002,444,148,61,235,0.3333333333333333,0.1373873873873874,4.933333333333334,9.722972972972974,20.0,5.727777777777778,22,91,-5.838875457794663,0.2574462687847357,0.1337962962962963,0.5987861177578704,0.13166525503482024,0.21654777589560198,0.03676668933985743,0.08667654808959159,0.37916666666666665,0.2230769230769231,0.3783783783783784
exo14,mappo,456,18003,444,166,65,213,0.3738738738738739,0.1463963963963964,5.533333333333333,9.58433734939759,18.0,5.365277777777778,19,70,-4.373351641166865,0.2596754137538295,0.12506172839506174,0.5948486905092868,0.09961885940146811,0.24075632097371227,0.03660447218508264,0.09224857268335529,0.44642857142857145,0.2366412213740458,0.39325842696629215
exo14,mappo,456,18004,444,161,66,217,0.36261261261261263,0.14864864864864866,5.366666666666666,9.503105590062113,19.0,5.501388888888889,21,94,-5.249685229618681,0.2654999814278809,0.1282098765432099,0.5757751786917008,0.133498023715415,0.23346493704617274,0.0366089381898652,0.09295674132630655,0.3991031390134529,0.3,0.37037037037037035
exo14,mappo,456,18005,444,173,55,216,0.38963963963963966,0.12387387387387387,5.766666666666667,10.173410404624278,20.0,5.723611111111111,22,72,-3.433236955085565,0.2708959859540287,0.13311728395061728,0.5817098705154888,0.10294952631909156,0.2496150290086217,0.036558501240222314,0.07693236714975846,0.43859649122807015,0.3247863247863248,0.35353535353535354
exo14,mappo,456,18006,444,155,58,231,0.3490990990990991,0.13063063063063063,5.166666666666667,10.35483870967742,20.0,5.7347222222222225,26,76,-5.28588925355153,0.27093724399549474,0.13382716049382717,0.5806337843410315,0.1065554614467658,0.22338859335426836,0.036435303071112854,0.08097826086956521,0.4155251141552511,0.19424460431654678,0.43023255813953487
exo14,mappo,456,18007,444,171,67,206,0.38513513513513514,0.15090090090090091,5.7,9.257309941520468,17.0,5.363888888888889,18,100,-4.068201629022728,0.2495447101406526,0.12481481481481481,0.5782521137187641,0.14341411004454485,0.24717369015423934,0.03667424216183631,0.09519104084321474,0.4479638009049774,0.2727272727272727,0.3956043956043956
exo14,mappo,456,18008,444,181,52,211,0.40765765765765766,0.11711711711711711,6.033333333333333,9.397790055248619,19.0,5.290277777777778,20,69,-1.7934304930420693,0.25376927298630686,0.12333333333333334,0.5780266700454414,0.09792819499341236,0.26008494556549483,0.03629077368462205,0.0732487922705314,0.46875,0.296,0.4105263157894737
exo14,mappo,456,18009,444,166,57,221,0.3738738738738739,0.12837837837837837,5.533333333333333,9.993975903614459,19.0,5.680555555555555,18,108,-4.256552540473882,0.26209404856083174,0.13231481481481483,0.606484883327512,0.15581361176326852,0.24103097830214532,0.03682683811853317,0.08025362318840581,0.4780701754385965,0.2595419847328244,0.27058823529411763
exo14,mappo,456,18010,444,170,45,229,0.38288288288288286,0.10135135135135136,5.666666666666667,9.370588235294118,19.0,5.440277777777778,22,82,-2.773492438834126,0.27105576355318245,0.12722222222222224,0.5782322819961702,0.11779361942405421,0.24631485664094363,0.03646137348936585,0.06360891523935001,0.3918918918918919,0.3284671532846715,0.4470588235294118
exo14,mappo,456,18011,444,169,48,227,0.38063063063063063,0.10810810810810811,5.633333333333334,9.005917159763314,18.0,5.434722222222222,21,85,-2.7600046212499736,0.26077314185807837,0.12703703703703703,0.5785469180494824,0.12156197476563609,0.24590804250415232,0.03673258274542717,0.06778656126482213,0.3939393939393939,0.3389830508474576,0.4
exo14,mappo,456,18012,444,159,59,226,0.3581081081081081,0.13288288288288289,5.3,9.20125786163522,17.099999999999994,5.425,21,80,-5.037337748860928,0.26917405847676773,0.12679012345679014,0.5932802700884505,0.11287957211870255,0.22695652173913042,0.03613720007052305,0.08285024154589372,0.3744493392070485,0.3235294117647059,0.37037037037037035
exo14,mappo,456,18013,444,159,84,201,0.3581081081081081,0.1891891891891892,5.3,9.742138364779874,19.0,5.502777777777778,19,101,-7.311947024717701,0.2697345846750065,0.1277469135802469,0.5858395246827252,0.1432784365393061,0.2287840071192474,0.03634194441854245,0.11924681598594643,0.44680851063829785,0.23668639053254437,0.40229885057471265
exo14,mappo,456,18014,444,159,54,231,0.3581081081081081,0.12162162162162163,5.3,9.283018867924529,18.0,5.554166666666666,24,83,-4.03058527817858,0.2548380252747896,0.12981481481481486,0.5930615615092751,0.11908369408369407,0.23231881581423913,0.03675286681185878,0.07675120772946858,0.40948275862068967,0.2734375,0.34523809523809523
exo14,mappo,456,18015,444,153,75,216,0.34459459459459457,0.16891891891891891,5.1,9.797385620915033,20.0,5.588888888888889,21,65,-6.26452493683709,0.2527295373680423,0.13012345679012347,0.6019424222465852,0.0935880544576197,0.22146150950498775,0.03659561690900638,0.1061703996486605,0.42081447963800905,0.22695035460992907,0.34146341463414637
exo14,mappo,7,18001,444,154,60,230,0.34684684684684686,0.13513513513513514,5.133333333333334,9.688311688311689,19.0,5.684722222222222,24,67,-5.462571137554506,0.27556068319137045,0.13268518518518518,0.5907320260639217,0.09758070241479853,0.22744257712793184,0.037148451499563216,0.08647891963109354,0.38388625592417064,0.2962962962962963,0.336734693877551
exo14,mappo,7,18002,444,153,57,234,0.34459459459459457,0.12837837837837837,5.1,9.882352941176471,20.0,5.705555555555556,21,71,-5.1004343359535085,0.2668556483077128,0.13327160493827164,0.5940435397967475,0.10296536796536797,0.22465164062990145,0.0370422845501848,0.0810715854194115,0.37083333333333335,0.26153846153846155,0.40540540540540543
exo14,mappo,7,18003,444,170,62,212,0.38288288288288286,0.13963963963963963,5.666666666666667,9.388235294117647,19.0,5.277777777777778,20,43,-3.3059395148011426,0.2568904714178778,0.12308641975308639,0.5968090047475962,0.061698663655185386,0.24869204467030548,0.036866812260206584,0.08825757575757577,0.44642857142857145,0.25190839694656486,0.4157303370786517
exo14,mappo,7,18004,444,169,62,213,0.38063063063063063,0.13963963963963963,5.633333333333334,9.863905325443787,19.0,5.508333333333334,22,75,-4.308170693715534,0.2735865314923203,0.12824074074074077,0.5706431910662488,0.10760712717234452,0.24493020264759394,0.03657309024477146,0.08752195871761088,0.40358744394618834,0.30714285714285716,0.4444444444444444
exo14,mappo,7,18005,444,173,60,211,0.38963963963963966,0.13513513513513514,5.766666666666667,10.132947976878613,21.0,5.680555555555555,23,53,-3.4277082768814826,0.2608019704462151,0.1320061728395062,0.5778573277859087,0.07576635924462011,0.24837039898824795,0.03645678752945954,0.08400307422046553,0.45614035087719296,0.2905982905982906,0.35353535353535354
exo14,mappo,7,18006,444,169,43,232,0.38063063063063063,0.09684684684684684,5.633333333333334,10.467455621301776,19.0,5.725,24,53,-3.125607207037428,0.2857847508842478,0.13364197530864202,0.5812853554899625,0.07568934688499906,0.24329082752995798,0.03646601485912052,0.06057861220904699,0.4155251141552511,0.2805755395683453,0.45348837209302323
exo14,mappo,7,18007,444,171,64,209,0.38513513513513514,0.14414414414414414,5.7,9.444444444444445,19.0,5.365277777777778,20,74,-3.6581896930481603,0.25441250548792055,0.12493827160493827,0.5878914940323057,0.10711823200953635,0.24968253968253967,0.0370290593622822,0.09151295564339042,0.4434389140271493,0.25757575757575757,0.42857142857142855
exo14,mappo,7,18008,444,192,48,204,0.43243243243243246,0.10810810810810811,6.4,9.526041666666666,19.0,5.219444444444444,19,47,-0.47668406128033325,0.2611764403546181,0.12154320987654321,0.5701502609596609,0.06694664031620554,0.27587317272099887,0.03631606764828489,0.06759442248572682,0.46875,0.304,0.5157894736842106
exo14,mappo,7,18009,444,169,60,215,0.38063063063063063,0.13513513513513514,5.633333333333334,9.7396449704142,19.0,5.5375,21,59,-3.450308985379808,0.25434870322202424,0.1289506172839506,0.6081174863330474,0.08527279991810885,0.24703766167724975,0.037057254575264195,0.08500219587176111,0.4956140350877193,0.24427480916030533,0.2823529411764706
exo14,mappo,7,18010,444,175,43,226,0.39414414414414417,0.09684684684684684,5.833333333333333,9.154285714285715,18.0,5.397222222222222,24,57,-1.7800842677448019,0.270351311540879,0.12617283950617283,0.5757655136897023,0.08232652613087395,0.2562764288851246,0.036875558957033386,0.06143500219587176,0.3918918918918919,0.3722627737226277,0.43529411764705883
exo14,mappo,7,18011,444,172,49,223,0.38738738738738737,0.11036036036036036,5.733333333333333,9.19767441860465,18.0,5.379166666666666,21,59,-2.5965241844240112,0.26758100916176736,0.12567901234567905,0.5745844360023022,0.08413749294184077,0.24912196499153025,0.03671355755616707,0.06935660957400087,0.41125541125541126,0.3220338983050847,0.4105263157894737
exo14,mappo,7,18012,444,159,60,225,0.3581081081081081,0.13513513513513514,5.3,9.157232704402515,18.099999999999994,5.375,20,58,-4.688798669675144,0.26229696036398237,0.12564814814814815,0.6011983507433618,0.08237593324549847,0.22748525628960412,0.03616585986597531,0.0841183574879227,0.3788546255506608,0.3014705882352941,0.3950617283950617
exo14,mappo,7,18013,444,157,86,201,0.3536036036036036,0.19369369369369369,5.233333333333333,9.64968152866242,18.19999999999999,5.504166666666666,18,73,-7.237710629759033,0.2639798181757965,0.12777777777777777,0.5974963531007847,0.10415568730786122,0.22730410512447127,0.03660810693111771,0.12271080368906456,0.4574468085106383,0.23668639053254437,0.3563218390804598
exo14,mappo,7,18014,444,164,49,231,0.36936936936936937,0.11036036036036036,5.466666666666667,9.189024390243903,18.0,5.4847222222222225,23,61,-3.2405930878271985,0.26183009873206714,0.1282716049382716,0.5960761971382568,0.08753136959658699,0.2379214257646752,0.03654001812593712,0.06932367149758453,0.4051724137931034,0.2890625,0.39285714285714285
exo14,mappo,7,18015,444,156,71,217,0.35135135135135137,0.15990990990990991,5.2,10.121794871794872,19.0,5.602777777777778,23,63,-6.190529588235929,0.2679346886089499,0.13046296296296295,0.5898812287774793,0.09043148880105403,0.2246815985946421,0.03666719656812751,0.10133399209486166,0.416289592760181,0.24113475177304963,0.36585365853658536
exo14,mappo,789,18001,444,150,65,229,0.33783783783783783,0.1463963963963964,5.0,9.206666666666667,19.0,5.597222222222222,23,70,-5.864724132254191,0.2602514261918139,0.13070987654320987,0.6007918692438422,0.10160680301984648,0.21964311855616206,0.03695443747817175,0.09293086140912227,0.3744075829383886,0.25925925925925924,0.3673469387755102
exo14,mappo,789,18002,444,156,57,231,0.35135135135135137,0.12837837837837837,5.2,9.557692307692308,19.25,5.611111111111111,19,69,-4.625095546117813,0.25981073425603457,0.13108024691358022,0.5987470932850856,0.09963297571993222,0.22788443440617356,0.03681632091970412,0.08089042599912166,0.38333333333333336,0.26153846153846155,0.40540540540540543
exo14,mappo,789,18003,444,169,61,214,0.38063063063063063,0.1373873873873874,5.633333333333334,9.627218934911243,19.0,5.351388888888889,21,72,-3.7627009690969038,0.26067741269982403,0.12478395061728394,0.6020710813711625,0.10538636611291076,0.24690584333032844,0.036977446476915615,0.08687417654808961,0.44642857142857145,0.25190839694656486,0.4044943820224719
exo14,mappo,789,18004,444,170,60,214,0.38288288288288286,0.13513513513513514,5.666666666666667,9.841176470588236,19.0,5.497222222222222,22,61,-4.060433572938088,0.2764125613751883,0.12802469135802472,0.5913279551245157,0.08769762845849803,0.2469392684610076,0.036733778421148645,0.08502415458937197,0.40358744394618834,0.32142857142857145,0.43209876543209874
exo14,mappo,789,18005,444,179,49,216,0.40315315315315314,0.11036036036036036,5.966666666666667,10.29050279329609,21.0,5.655555555555556,21,53,-1.9583041082505366,0.26563844378502854,0.13160493827160497,0.5892651752054171,0.0761434217955957,0.26058513378307424,0.03688315472236568,0.06884057971014494,0.43859649122807015,0.3333333333333333,0.40404040404040403
exo14,mappo,789,18006,444,164,50,230,0.36936936936936937,0.11261261261261261,5.466666666666667,10.170731707317072,19.849999999999994,5.636111111111111,25,60,-3.5343357426782305,0.26703236928300295,0.13160493827160497,0.5926316692133946,0.08653695338477949,0.23854852876592006,0.036739845432612446,0.07117369345630216,0.4246575342465753,0.22302158273381295,0.46511627906976744
exo14,mappo,789,18007,444,175,64,205,0.39414414414414417,0.14414414414414414,5.833333333333333,9.325714285714286,18.0,5.348611111111111,20,64,-3.304191581270733,0.2586310522869125,0.12444444444444444,0.5961839048131935,0.09255458309806137,0.2572310057092666,0.03711814972475864,0.09228700043917433,0.4434389140271493,0.30303030303030304,0.4065934065934066
exo14,mappo,789,18008,444,186,52,206,0.4189189189189189,0.11711711711711711,6.2,9.63978494623656,18.75,5.2875,20,39,-1.0287663131386096,0.25438422815878314,0.12311728395061729,0.5810870130967077,0.0564378254595646,0.2690808047787453,0.03659955015909836,0.07325977162933685,0.4732142857142857,0.28,0.47368421052631576
exo14,mappo,789,18009,444,169,53,222,0.38063063063063063,0.11936936936936937,5.633333333333334,9.792899408284024,19.0,5.606944444444444,26,63,-3.010210123934784,0.2565983732774363,0.1307098765432099,0.6112093803451866,0.09223257418909592,0.24759897933238892,0.03717612223189493,0.07554347826086956,0.47368421052631576,0.26717557251908397,0.3058823529411765
exo14,mappo,789,18010,444,174,47,223,0.3918918918918919,0.10585585585585586,5.8,9.488505747126437,18.0,5.419444444444444,22,67,-2.4091621324934342,0.26846906227598405,0.12657407407407406,0.583455440080888,0.09632348328000502,0.25227351151264193,0.03653522686403825,0.06693017127799736,0.4144144144144144,0.3284671532846715,0.43529411764705883
exo14,mappo,789,18011,444,169,50,225,0.38063063063063063,0.11261261261261261,5.633333333333334,9.189349112426035,19.0,5.4222222222222225,21,73,-2.7526269449706993,0.25889106061944817,0.12669753086419755,0.5883128566654705,0.10590987514900559,0.24745482778091474,0.036918353005144414,0.071354852876592,0.41125541125541126,0.3135593220338983,0.3894736842105263
exo14,mappo,789,18012,444,161,60,223,0.36261261261261263,0.13513513513513514,5.366666666666666,9.254658385093167,18.0,5.372222222222222,20,58,-4.540333055203266,0.26344963735167554,0.1255246913580247,0.6100374265934986,0.08180877093920572,0.23138841834494003,0.03628589233284252,0.08462889767237594,0.3920704845814978,0.3014705882352941,0.38271604938271603
exo14,mappo,789,18013,444,162,84,198,0.36486486486486486,0.1891891891891892,5.4,9.17283950617284,18.0,5.402777777777778,22,65,-6.222494413420263,0.2577962871604808,0.12543209876543207,0.6024603870340439,0.0927779346257607,0.23573953823953828,0.036622355309580454,0.11914486479703872,0.4574468085106383,0.24260355029585798,0.40229885057471265
exo14,mappo,789,18014,444,162,55,227,0.36486486486486486,0.12387387387387387,5.4,9.407407407407407,18.0,5.5125,23,70,-3.884562646079903,0.25946363149200596,0.12876543209876543,0.6076484250752386,0.10163921826965305,0.2371027040592258,0.03688262061984371,0.07821695212999562,0.41810344827586204,0.2578125,0.38095238095238093
exo14,mappo,789,18015,444,157,72,215,0.3536036036036036,0.16216216216216217,5.233333333333333,9.636942675159236,18.19999999999999,5.4847222222222225,21,55,-5.72804058464563,0.2572901403584152,0.1277777777777778,0.6092136046486715,0.08015245623941274,0.22794638935943282,0.03676821067816449,0.10334321475625823,0.416289592760181,0.22695035460992907,0.4024390243902439
exo14,global_dijkstra,-1,18001,444,163,59,222,0.36711711711711714,0.13288288288288289,5.433333333333334,9.05521472392638,20.900000000000006,5.479166666666667,28,86,-4.36950681697025,0.26439557451690887,0.12787037037037038,0.6440234086801908,0.1268406523555265,0.24417271769674515,0.037724195386884325,0.08688045046740699,0.41232227488151657,0.31851851851851853,0.336734693877551
exo14,global_dijkstra,-1,18002,444,165,55,224,0.3716216216216216,0.12387387387387387,5.5,9.684848484848485,19.799999999999983,5.6722222222222225,29,77,-3.635750386456752,0.2596690314421784,0.1322222222222222,0.653611378453827,0.11356970324361627,0.24805836230893435,0.03814749089293375,0.07998588368153586,0.3958333333333333,0.2846153846153846,0.44594594594594594
exo14,global_dijkstra,-1,18003,444,172,60,212,0.38738738738738737,0.13513513513513514,5.733333333333333,9.645348837209303,21.0,5.3694444444444445,28,82,-3.314850187618134,0.2557878797266397,0.12512345679012343,0.6385886360444029,0.12092587364326493,0.2573280946107033,0.037674095304102234,0.08872655122655121,0.45089285714285715,0.25190839694656486,0.42696629213483145
exo14,global_dijkstra,-1,18004,444,167,61,216,0.3761261261261261,0.1373873873873874,5.566666666666666,9.191616766467066,18.0,5.4430555555555555,30,82,-4.023955309003248,0.2637971769372013,0.12688271604938273,0.6356106763417252,0.1210083756822887,0.25207707179675143,0.03795401298591602,0.09071224669050754,0.39461883408071746,0.32857142857142857,0.4074074074074074
exo14,global_dijkstra,-1,18005,444,180,55,209,0.40540540540540543,0.12387387387387387,6.0,9.3,19.0,5.447222222222222,23,68,-1.7557262859957157,0.245408742234694,0.12675925925925927,0.6365254933943781,0.10156738189346882,0.268698004893657,0.037631145418639676,0.08068746470920383,0.4605263157894737,0.3247863247863248,0.37373737373737376
exo14,global_dijkstra,-1,18006,444,166,45,233,0.3738738738738739,0.10135135135135136,5.533333333333333,10.542168674698795,20.0,5.851388888888889,30,85,-3.7641427093142803,0.28365784275914546,0.13648148148148148,0.639139655727811,0.12242795449317187,0.24441866909258214,0.037387415640525175,0.06466371792458749,0.4063926940639269,0.2949640287769784,0.4186046511627907
exo14,global_dijkstra,-1,18007,444,176,61,207,0.3963963963963964,0.1373873873873874,5.866666666666666,9.585227272727273,19.0,5.418055555555555,29,78,-3.0103738215498366,0.25711286714754467,0.1260493827160494,0.6387938139060728,0.11528095601322147,0.264874686716792,0.03799667772751344,0.09070377689942906,0.43891402714932126,0.30303030303030304,0.42857142857142855
exo14,global_dijkstra,-1,18008,444,171,57,216,0.38513513513513514,0.12837837837837837,5.7,9.0,19.0,5.308333333333334,29,82,-2.6829504872814747,0.24484278149366487,0.12388888888888891,0.6119608339387209,0.11857550661898486,0.2541980940493526,0.03750107820782875,0.08260634293242988,0.4330357142857143,0.256,0.4421052631578947
exo14,global_dijkstra,-1,18009,444,166,60,218,0.3738738738738739,0.13513513513513514,5.533333333333333,9.548192771084338,20.0,5.502777777777778,26,83,-3.674655842946417,0.24647771963653753,0.12827160493827158,0.6604326364370307,0.12265144085510218,0.2484038296223651,0.037963376315105914,0.08791564715477758,0.4824561403508772,0.20610687022900764,0.3411764705882353
exo14,global_dijkstra,-1,18010,444,170,54,220,0.38288288288288286,0.12162162162162163,5.666666666666667,8.976470588235294,20.0,5.391666666666667,28,85,-2.558518377538001,0.24371455893846913,0.12586419753086422,0.6307631557167873,0.1250252525252525,0.2559283832109919,0.037910790898511695,0.08043117510508815,0.44144144144144143,0.30656934306569344,0.35294117647058826
exo14,global_dijkstra,-1,18011,444,173,56,215,0.38963963963963966,0.12612612612612611,5.766666666666667,8.734104046242775,19.0,5.258333333333334,27,79,-2.492583658729578,0.24503246792669406,0.1227469135802469,0.6340804048740375,0.11572777464081814,0.2582308455592209,0.03773880705384101,0.08299516908212559,0.43722943722943725,0.288135593220339,0.4
exo14,global_dijkstra,-1,18012,444,167,56,221,0.3761261261261261,0.12612612612612611,5.566666666666666,9.281437125748504,20.0,5.3375,33,65,-3.4109466212637662,0.262263212235733,0.12469135802469136,0.6469563020024375,0.09519260932304412,0.24799071129734743,0.03737210652036065,0.08009599096555618,0.3876651982378855,0.3161764705882353,0.4444444444444444
exo14,global_dijkstra,-1,18013,444,163,82,199,0.36711711711711714,0.18468468468468469,5.433333333333334,9.54601226993865,20.0,5.477777777777778,29,84,-6.335125252670867,0.26098461937019923,0.12712962962962965,0.655908857784662,0.12406675450153712,0.2458353145710125,0.03811273903058999,0.12296881862099253,0.4734042553191489,0.25443786982248523,0.3563218390804598
exo14,global_dijkstra,-1,18014,444,164,50,230,0.36936936936936937,0.11261261261261261,5.466666666666667,9.365853658536585,19.849999999999994,5.606944444444444,28,77,-3.487972721620786,0.26225192919576706,0.13095679012345676,0.644681170404112,0.1146981721981722,0.24624270656879352,0.03798734831741205,0.07526366145931362,0.3922413793103448,0.3046875,0.40476190476190477
exo14,global_dijkstra,-1,18015,444,162,72,210,0.36486486486486486,0.16216216216216217,5.4,10.0,20.94999999999999,5.590277777777778,30,73,-5.332258962071918,0.25939173511077424,0.12996913580246913,0.6474645301752603,0.10933454353934904,0.24436290825878929,0.03817196380345987,0.10633509003074221,0.4343891402714932,0.24822695035460993,0.3780487804878049
exo14,full_heuristic,-1,18001,444,66,106,272,0.14864864864864866,0.23873873873873874,2.2,9.242424242424242,19.5,6.8875,18,172,-18.44857575777926,0.27337417048687807,0.16070987654320987,0.5106030754215499,0.24314009661835753,0.09350241545893721,0.035878271551280184,0.1483695652173913,0.15165876777251186,0.14814814814814814,0.14285714285714285
exo14,full_heuristic,-1,18002,444,70,89,285,0.15765765765765766,0.20045045045045046,2.3333333333333335,9.628571428571428,21.099999999999994,6.904166666666667,17,173,-17.10450884451202,0.2841294868167079,0.16148148148148148,0.5172761320827969,0.24396135265700483,0.09892951251646903,0.035708993741320645,0.12530193236714976,0.16666666666666666,0.12307692307692308,0.1891891891891892
exo14,full_heuristic,-1,18003,444,68,107,269,0.15315315315315314,0.240990990990991,2.2666666666666666,10.808823529411764,24.299999999999997,6.877777777777778,17,141,-18.55533167662897,0.28906076971703176,0.16040123456790126,0.5074698009064849,0.19919082125603865,0.09621980676328504,0.03587632435292878,0.14969806763285023,0.1875,0.06870229007633588,0.19101123595505617
exo14,full_heuristic,-1,18004,444,74,112,258,0.16666666666666666,0.25225225225225223,2.466666666666667,9.837837837837839,21.349999999999994,6.6194444444444445,17,128,-18.23188273626738,0.29197997048900887,0.15432098765432098,0.4913984859214982,0.1804520358868185,0.1051414768806073,0.03577245979452508,0.1568840579710145,0.19282511210762332,0.11428571428571428,0.18518518518518517
exo14,full_heuristic,-1,18005,444,80,89,275,0.18018018018018017,0.20045045045045046,2.6666666666666665,9.4875,19.049999999999997,6.836111111111111,16,141,-15.388656508290802,0.2682824727926502,0.1596604938271605,0.5172368997106225,0.19806763285024154,0.11296356834114273,0.03587409326441352,0.12397342995169082,0.18859649122807018,0.17094017094017094,0.1717171717171717
exo14,full_heuristic,-1,18006,444,71,95,278,0.15990990990990991,0.21396396396396397,2.3666666666666667,9.830985915492958,20.5,6.772222222222222,18,152,-16.49445187886634,0.2596693520651386,0.1583333333333333,0.5111684576314768,0.21535541752933055,0.10078659263441873,0.035937684959301795,0.1336352657004831,0.2054794520547945,0.07194244604316546,0.18604651162790697
exo14,full_heuristic,-1,18007,444,75,101,268,0.16891891891891891,0.22747747747747749,2.5,9.36,20.0,6.711111111111111,15,166,-17.373280522988566,0.28284889746641334,0.15666666666666668,0.5039973443039466,0.2329139218269653,0.1061747913921827,0.035647153560827365,0.1413647342995169,0.19457013574660634,0.11363636363636363,0.18681318681318682
exo14,full_heuristic,-1,18008,444,80,90,274,0.18018018018018017,0.20270270270270271,2.6666666666666665,9.175,21.0,6.780555555555556,20,128,-15.351127415283361,0.269121679219086,0.15839506172839507,0.5063540593446969,0.18019323671497586,0.11327639751552795,0.035713472844228364,0.12608695652173912,0.19196428571428573,0.16,0.17894736842105263
exo14,full_heuristic,-1,18009,444,81,96,267,0.18243243243243243,0.21621621621621623,2.7,9.765432098765432,20.0,6.761111111111111,16,184,-15.657244532427997,0.24777647259981087,0.15774691358024692,0.5126620206278649,0.2607615052123061,0.11474065598779558,0.03586328467944657,0.13520531400966185,0.2719298245614035,0.06870229007633588,0.11764705882352941
exo14,full_heuristic,-1,18010,444,78,89,277,0.17567567567567569,0.20045045045045046,2.6,9.320512820512821,23.0,6.902777777777778,18,154,-16.335209883422596,0.2894343903781601,0.1612037037037037,0.5021832565917212,0.2166062801932367,0.11037784679089026,0.03567300550644437,0.1248792270531401,0.14414414414414414,0.21897810218978103,0.18823529411764706
exo14,full_heuristic,-1,18011,444,84,88,272,0.1891891891891892,0.1981981981981982,2.8,9.464285714285714,20.0,6.740277777777778,18,174,-15.278255632067285,0.270554149893684,0.15743827160493826,0.5074788049828735,0.24433229813664592,0.11833160800552103,0.03563257796024078,0.1231280193236715,0.20346320346320346,0.17796610169491525,0.16842105263157894
exo14,full_heuristic,-1,18012,444,73,102,269,0.16441441441441443,0.22972972972972974,2.433333333333333,10.383561643835616,23.0,6.719444444444444,16,138,-18.280791231692334,0.3131766191151797,0.15688271604938273,0.5081775078905387,0.19309178743961353,0.10294685990338162,0.0355964807112537,0.14178743961352655,0.19823788546255505,0.14705882352941177,0.09876543209876543
exo14,full_heuristic,-1,18013,444,71,127,246,0.15990990990990991,0.28603603603603606,2.3666666666666667,8.830985915492958,19.0,6.561111111111111,16,152,-18.860469790138474,0.25548044015121585,0.1526543209876543,0.5090262766271056,0.2140441683919945,0.10069875776397516,0.03571246868474709,0.17759661835748788,0.22340425531914893,0.10650887573964497,0.12643678160919541
exo14,full_heuristic,-1,18014,444,81,88,275,0.18243243243243243,0.1981981981981982,2.7,9.234567901234568,20.0,6.7652777777777775,18,129,-15.069086114060156,0.2687412457309011,0.15808641975308643,0.5198358503961674,0.1824558514203823,0.11640489563830525,0.03601437931697082,0.12391304347826089,0.21120689655172414,0.1640625,0.13095238095238096
exo14,full_heuristic,-1,18015,444,75,102,267,0.16891891891891891,0.22972972972972974,2.5,9.106666666666667,19.0,6.898611111111111,17,143,-17.16705144767027,0.2724694676020926,0.16080246913580248,0.5173094501506014,0.20114734299516904,0.10586956521739131,0.03583481585919543,0.14365942028985507,0.14479638009049775,0.16312056737588654,0.24390243902439024
exo20,mappo,1024,18001,624,146,124,354,0.23397435897435898,0.1987179487179487,4.866666666666666,10.520547945205479,23.0,8.8375,27,78,-13.552054727909207,0.2682703576312801,0.20657407407407405,0.5836810435143136,0.10876701800614845,0.20495169082125606,0.035429699518408166,0.17222222222222222,0.2929936305732484,0.15469613259668508,0.20155038759689922
exo20,mappo,1024,18002,624,161,110,353,0.25801282051282054,0.1762820512820513,5.366666666666666,10.341614906832298,21.0,8.655555555555555,27,75,-11.35312097854284,0.2781842278089392,0.2025,0.5785917670654764,0.1044137022397892,0.22478590250329383,0.035274704390153726,0.1527777777777778,0.305993690851735,0.16574585635359115,0.2698412698412698
exo20,mappo,1024,18003,624,152,127,345,0.24358974358974358,0.20352564102564102,5.066666666666666,10.710526315789474,22.0,8.597222222222221,28,81,-13.300938701340135,0.2711499274492027,0.20095679012345677,0.5833292158290997,0.11262626262626263,0.21286231884057966,0.03537949625255663,0.17638888888888887,0.32280701754385965,0.15384615384615385,0.21374045801526717
exo20,mappo,1024,18004,624,156,118,350,0.25,0.1891025641025641,5.2,10.724358974358974,21.5,8.783333333333333,28,66,-12.196203680264839,0.27172248183736986,0.20524691358024688,0.5716839711066936,0.0917270531400966,0.21809947299077734,0.035274704390153726,0.1638888888888889,0.3104575163398693,0.14720812182741116,0.2644628099173554
exo20,mappo,1024,18005,624,158,122,344,0.2532051282051282,0.1955128205128205,5.266666666666667,10.525316455696203,20.0,8.715277777777779,25,81,-12.669132674390923,0.27815018249725665,0.2035493827160494,0.580374335211046,0.11286231884057969,0.22086078173034693,0.03537511092185681,0.16944444444444445,0.2884012539184953,0.18134715025906736,0.2767857142857143
exo20,mappo,1024,18006,624,141,116,367,0.22596153846153846,0.1858974358974359,4.7,10.921985815602836,21.0,9.0625,26,90,-13.545260537554698,0.2672964617108731,0.21197530864197536,0.5781489957358333,0.1251207729468599,0.19698067632850244,0.03532052232530545,0.1611111111111111,0.2807570977917981,0.08695652173913043,0.2926829268292683
exo20,mappo,1024,18007,624,164,119,341,0.26282051282051283,0.1907051282051282,5.466666666666667,11.054878048780488,23.849999999999994,8.744444444444444,27,60,-12.184075785074757,0.29106854992539416,0.20410493827160495,0.585360149127191,0.08351449275362316,0.22907334211682037,0.03531709440155651,0.16557971014492753,0.31290322580645163,0.20100502512562815,0.23478260869565218
exo20,mappo,1024,18008,624,160,111,353,0.2564102564102564,0.1778846153846154,5.333333333333333,10.1625,21.049999999999983,8.5875,26,77,-11.65768180031756,0.28364461626080983,0.20098765432098764,0.5783074049955638,0.10694444444444444,0.22346288976723758,0.035274704390153726,0.15416666666666667,0.2983050847457627,0.1925133689839572,0.2535211267605634
exo20,mappo,1024,18009,624,152,135,337,0.24358974358974358,0.21634615384615385,5.066666666666666,11.019736842105264,20.44999999999999,8.848611111111111,26,91,-14.235659101680406,0.27101114262291437,0.2062962962962963,0.5905047028316038,0.12687747035573121,0.21267018006148442,0.03542775536704876,0.18792270531400967,0.32450331125827814,0.11483253588516747,0.26548672566371684
exo20,mappo,1024,18010,624,152,94,378,0.24358974358974358,0.15064102564102563,5.066666666666666,10.427631578947368,20.44999999999999,8.92361111111111,29,94,-10.804952081660483,0.26768310412815594,0.20922839506172838,0.5729481834484239,0.1306159420289855,0.21147342995169086,0.035169912527750834,0.13055555555555556,0.28160919540229884,0.18181818181818182,0.21311475409836064
exo20,mappo,1024,18011,624,151,119,354,0.2419871794871795,0.1907051282051282,5.033333333333333,10.271523178807946,20.0,8.643055555555556,24,69,-12.398570697223365,0.26138241500129894,0.20225308641975306,0.5825251782575137,0.09631642512077296,0.21074879227053142,0.03527031905945391,0.16527777777777777,0.34201954397394135,0.12631578947368421,0.1732283464566929
exo20,mappo,1024,18012,624,149,116,359,0.2387820512820513,0.1858974358974359,4.966666666666667,11.06711409395973,21.0,8.843055555555555,25,71,-13.431601590330216,0.2940152637763011,0.2068518518518518,0.5788267582261262,0.09873737373737373,0.20757575757575758,0.03522450112430219,0.16111111111111112,0.2715654952076677,0.16022099447513813,0.2692307692307692
exo20,mappo,1024,18013,624,164,108,352,0.26282051282051283,0.17307692307692307,5.466666666666667,10.817073170731707,21.0,8.71111111111111,25,77,-10.962013639999668,0.2801699034176101,0.20370370370370372,0.5792379449334167,0.10742753623188404,0.23052810715854197,0.035521820228681236,0.15018115942028987,0.31076923076923074,0.18134715025906736,0.2641509433962264
exo20,mappo,1024,18014,624,161,103,360,0.25801282051282054,0.16506410256410256,5.366666666666666,10.590062111801242,22.0,8.64861111111111,27,87,-10.94364668680235,0.2803390279061914,0.20256172839506173,0.5943309072376751,0.12198067632850243,0.22578502415458937,0.03546431692330833,0.14329710144927535,0.2672955974842767,0.16666666666666666,0.36507936507936506
exo20,mappo,1024,18015,624,145,122,357,0.23237179487179488,0.1955128205128205,4.833333333333333,11.26896551724138,22.0,9.019444444444444,26,91,-14.08727143896828,0.28009964630852296,0.21070987654320988,0.5777445228310572,0.12675669740887133,0.20232213438735186,0.03537755210119722,0.16944444444444443,0.2626582278481013,0.15053763440860216,0.2786885245901639
exo20,mappo,123,18001,624,142,119,363,0.22756410256410256,0.1907051282051282,4.733333333333333,10.943661971830986,24.0,8.8875,29,114,-14.437292148953746,0.2891422923869926,0.20796296296296296,0.5834246746892056,0.15920070267896355,0.19927536231884055,0.035429699518408166,0.16527777777777777,0.2802547770700637,0.143646408839779,0.21705426356589147
exo20,mappo,123,18002,624,161,115,348,0.25801282051282054,0.1842948717948718,5.366666666666666,10.596273291925465,23.0,8.640277777777778,27,116,-11.909384983524296,0.2712737689288963,0.20200617283950617,0.5859816598194114,0.1613636363636364,0.22487373737373736,0.03532929298670509,0.15972222222222224,0.3186119873817035,0.14917127071823205,0.2619047619047619
exo20,mappo,123,18003,624,146,125,353,0.23397435897435898,0.20032051282051283,4.866666666666666,10.657534246575343,21.0,8.659722222222221,26,122,-14.307129802958084,0.2806984848051814,0.20259259259259257,0.5827168387340651,0.17013065436978486,0.2044631093544137,0.03537949625255663,0.1736111111111111,0.3017543859649123,0.14903846153846154,0.22137404580152673
exo20,mappo,123,18004,624,156,117,351,0.25,0.1875,5.2,10.903846153846153,21.25,8.8,30,104,-12.654172773965763,0.2782293522673298,0.20564814814814816,0.5754952199164989,0.14469148001756696,0.21797870004391745,0.035274704390153726,0.1625,0.30718954248366015,0.14213197969543148,0.2809917355371901
exo20,mappo,123,18005,624,160,124,340,0.2564102564102564,0.1987179487179487,5.333333333333333,10.8625,21.0,8.75,26,127,-13.090941214904928,0.277124810389698,0.20419753086419754,0.5910137722398441,0.17658730158730157,0.2232574189095928,0.03533427915738022,0.17222222222222222,0.30094043887147337,0.17616580310880828,0.26785714285714285
exo20,mappo,123,18006,624,139,116,369,0.22275641025641027,0.1858974358974359,4.633333333333334,10.661870503597122,22.0,9.045833333333333,27,124,-13.909902194388856,0.26406364985762515,0.2116666666666667,0.5781427060977783,0.172524154589372,0.19390096618357497,0.03527031905945391,0.16111111111111112,0.27129337539432175,0.08695652173913043,0.3008130081300813
exo20,mappo,123,18007,624,162,117,345,0.25961538461538464,0.1875,5.4,10.74074074074074,21.0,8.784722222222221,24,97,-12.532113386360946,0.2916527313660861,0.20512345679012342,0.5930227640356452,0.13544685990338165,0.22671277997364955,0.0353643585613196,0.16274154589371978,0.2967741935483871,0.20603015075376885,0.25217391304347825
exo20,mappo,123,18008,624,156,116,352,0.25,0.1858974358974359,5.2,9.756410256410257,20.25,8.6125,26,105,-12.378713566694989,0.27242629747966846,0.2015123456790123,0.5895706687414035,0.14619565217391306,0.2174791392182697,0.035274704390153726,0.1611111111111111,0.3016949152542373,0.20320855614973263,0.20422535211267606
exo20,mappo,123,18009,624,149,137,338,0.2387820512820513,0.21955128205128205,4.966666666666667,10.657718120805368,21.0,8.813888888888888,27,147,-15.117527353615209,0.2711349373806398,0.20555555555555557,0.596223813908522,0.20441370223978922,0.2081302151954326,0.03537949625255663,0.19027777777777774,0.3211920529801324,0.11483253588516747,0.24778761061946902
exo20,mappo,123,18010,624,158,93,373,0.2532051282051282,0.14903846153846154,5.266666666666667,10.5,22.150000000000006,8.918055555555556,30,126,-10.529901508459574,0.2693197278161727,0.20895061728395067,0.5803949973834353,0.1751262626262626,0.22020202020202018,0.0352245011243022,0.12916666666666668,0.2988505747126437,0.2012987012987013,0.1885245901639344
exo20,mappo,123,18011,624,153,115,356,0.24519230769230768,0.1842948717948718,5.1,10.568627450980392,21.0,8.730555555555556,25,107,-12.560904371687284,0.27169947950060686,0.20425925925925925,0.5799767618431206,0.14897342995169083,0.21358695652173912,0.03527031905945391,0.15972222222222224,0.3257328990228013,0.14736842105263157,0.1968503937007874
exo20,mappo,123,18012,624,147,122,355,0.23557692307692307,0.1955128205128205,4.9,10.904761904761905,21.0,8.845833333333333,24,93,-13.833117212696074,0.27909548585811567,0.2067901234567902,0.5821134653762656,0.1295344751866491,0.20497913921826963,0.035274704390153726,0.16944444444444445,0.28115015974440893,0.143646408839779,0.25384615384615383
exo20,mappo,123,18013,624,156,108,360,0.25,0.17307692307692307,5.2,10.448717948717949,21.0,8.804166666666667,26,117,-11.878948434587175,0.27504100525618397,0.20601851851851855,0.5797306342443194,0.1640151515151515,0.2192907334211682,0.035521820228681236,0.15018115942028987,0.2923076923076923,0.17616580310880828,0.25471698113207547
exo20,mappo,123,18014,624,157,104,363,0.2516025641025641,0.16666666666666666,5.233333333333333,10.59235668789809,20.19999999999999,8.729166666666666,28,133,-11.704855438169863,0.2772249258392895,0.20444444444444443,0.5983251939288237,0.18665458937198068,0.22047101449275364,0.03546431692330833,0.14480676328502412,0.2672955974842767,0.16666666666666666,0.3333333333333333
exo20,mappo,123,18015,624,141,125,358,0.22596153846153846,0.20032051282051283,4.7,11.411347517730496,24.0,9.040277777777778,25,112,-14.93337361965973,0.2817223582951223,0.21120370370370367,0.5818029406134213,0.1557971014492754,0.19649758454106278,0.03527031905945391,0.1736111111111111,0.2626582278481013,0.15053763440860216,0.2459016393442623
exo20,mappo,2024,18001,624,147,118,359,0.23557692307692307,0.1891025641025641,4.9,10.5578231292517,21.0,8.801388888888889,25,46,-12.946262712744868,0.2765545022938049,0.20592592592592593,0.5861554459221364,0.06433433716042411,0.20627862475688563,0.03543907101978312,0.16388888888888886,0.28662420382165604,0.14917127071823205,0.23255813953488372
exo20,mappo,2024,18002,624,164,110,350,0.26282051282051283,0.1762820512820513,5.466666666666667,10.707317073170731,21.849999999999994,8.67361111111111,27,62,-10.885949126548898,0.27390558373962864,0.2028086419753087,0.5815426092141707,0.08629776021080371,0.22889218269653056,0.035274704390153726,0.1527777777777778,0.31545741324921134,0.16022099447513813,0.2777777777777778
exo20,mappo,2024,18003,624,153,124,347,0.24519230769230768,0.1987179487179487,5.1,10.908496732026144,22.0,8.67361111111111,27,60,-13.03371836368386,0.2779208397094485,0.20271604938271606,0.580961813495512,0.08333333333333333,0.21419082125603864,0.03537949625255663,0.17222222222222222,0.3192982456140351,0.16346153846153846,0.21374045801526717
exo20,mappo,2024,18004,624,160,111,353,0.2564102564102564,0.1778846153846154,5.333333333333333,10.9625,22.0,8.813888888888888,28,54,-11.466601769389326,0.2811406589939404,0.20601851851851852,0.5710034274090519,0.07512626262626261,0.22386363636363632,0.03532929298670509,0.15416666666666667,0.30718954248366015,0.15228426395939088,0.2975206611570248
exo20,mappo,2024,18005,624,152,124,348,0.24358974358974358,0.1987179487179487,5.066666666666666,10.651315789473685,20.44999999999999,8.79861111111111,29,52,-13.417762160306609,0.2855531117663245,0.20552469135802465,0.5840377009571148,0.07252415458937198,0.2117973210364515,0.035274704390153726,0.17222222222222222,0.28213166144200624,0.17616580310880828,0.25
exo20,mappo,2024,18006,624,146,114,364,0.23397435897435898,0.18269230769230768,4.866666666666666,10.993150684931507,21.0,9.084722222222222,27,56,-12.700384758901748,0.2692148751104862,0.2123765432098766,0.5739257028263156,0.07807971014492752,0.20479797979797976,0.03546964835047053,0.15863526570048309,0.28391167192429023,0.10869565217391304,0.2926829268292683
exo20,mappo,2024,18007,624,160,117,347,0.2564102564102564,0.1875,5.333333333333333,10.49375,21.0,8.770833333333334,25,38,-12.179301528198197,0.2911240110059644,0.20487654320987655,0.5848522974953104,0.05295893719806763,0.22357268335529204,0.03536729766740805,0.16274154589371978,0.2870967741935484,0.20603015075376885,0.2608695652173913
exo20,mappo,2024,18008,624,162,107,355,0.25961538461538464,0.17147435897435898,5.4,10.061728395061728,20.0,8.629166666666666,25,45,-11.03430966274507,0.28666697773835864,0.20197530864197527,0.5828749349154501,0.0626207729468599,0.2259991216512956,0.035274704390153726,0.1486111111111111,0.288135593220339,0.2192513368983957,0.2535211267605634
exo20,mappo,2024,18009,624,148,137,339,0.23717948717948717,0.21955128205128205,4.933333333333334,10.412162162162161,19.650000000000006,8.776388888888889,24,77,-14.233048378817058,0.2595245851153958,0.20475308641975312,0.5925076419189612,0.10730676328502414,0.2072769621682665,0.03548733013427525,0.19070048309178744,0.31788079470198677,0.10047846889952153,0.2743362831858407
exo20,mappo,2024,18010,624,152,94,378,0.24358974358974358,0.15064102564102563,5.066666666666666,10.467105263157896,21.0,8.9625,27,64,-10.769336373808498,0.2745715319639964,0.21009259259259258,0.5684909826122503,0.0890096618357488,0.2114734299516908,0.035169912527750834,0.13055555555555556,0.28160919540229884,0.18831168831168832,0.20491803278688525
exo20,mappo,2024,18011,624,146,120,358,0.23397435897435898,0.19230769230769232,4.866666666666666,10.143835616438356,20.75,8.752777777777778,25,64,-12.958647245012994,0.26391844599805675,0.20481481481481487,0.5740991489634248,0.08901515151515153,0.20394707949055776,0.035324907656005274,0.16666666666666666,0.32247557003257327,0.1368421052631579,0.16535433070866143
exo20,mappo,2024,18012,624,148,117,359,0.23717948717948717,0.1875,4.933333333333334,10.635135135135135,21.0,8.809722222222222,25,51,-12.974730861939696,0.2806450922612875,0.20611111111111108,0.5768125422441756,0.07101998243302592,0.20673034694773826,0.03532490765600527,0.16250000000000003,0.26517571884984026,0.16022099447513813,0.27692307692307694
exo20,mappo,2024,18013,624,159,107,358,0.2548076923076923,0.17147435897435898,5.3,10.433962264150944,22.0,8.7625,27,60,-11.089430130637076,0.2770406075278481,0.20503086419753083,0.5722778839252763,0.08387681159420288,0.22321585419411508,0.0354716169628297,0.14873188405797103,0.2953846153846154,0.18652849740932642,0.25471698113207547
exo20,mappo,2024,18014,624,163,101,360,0.26121794871794873,0.16185897435897437,5.433333333333334,10.680981595092025,21.0,8.715277777777779,29,73,-10.469861944915122,0.2803813586878067,0.2040432098765432,0.5860840220130582,0.10199275362318838,0.22916666666666669,0.03546431692330833,0.14057971014492754,0.27358490566037735,0.17222222222222222,0.35714285714285715
exo20,mappo,2024,18015,624,144,127,353,0.23076923076923078,0.20352564102564102,4.8,11.597222222222221,21.849999999999994,9.016666666666667,25,61,-14.302368154763595,0.2789809992780955,0.2105246913580247,0.5812398641003454,0.08490338164251206,0.20103754940711463,0.035375110921856814,0.1763888888888889,0.27531645569620256,0.13440860215053763,0.26229508196721313
exo20,mappo,314,18001,624,147,122,355,0.23557692307692307,0.1955128205128205,4.9,10.789115646258503,23.69999999999999,8.815277777777778,29,46,-13.224972984480992,0.2750737468043777,0.2061111111111111,0.5879116268623519,0.0640096618357488,0.2065805571240354,0.035489274285634656,0.16944444444444445,0.29936305732484075,0.143646408839779,0.20930232558139536
exo20,mappo,314,18002,624,162,113,349,0.25961538461538464,0.18108974358974358,5.4,10.302469135802468,22.0,8.636111111111111,28,61,-11.072792201916721,0.2656119614529133,0.20194444444444443,0.594301456774517,0.08478260869565217,0.2259387351778656,0.035274704390153726,0.15694444444444444,0.31230283911671924,0.15469613259668508,0.2777777777777778
exo20,mappo,314,18003,624,159,122,343,0.2548076923076923,0.1955128205128205,5.3,10.748427672955975,21.099999999999994,8.552777777777777,29,54,-12.059750545097247,0.2709210514792761,0.19990740740740742,0.5946964404606433,0.07506038647342995,0.22288490495012234,0.03543907101978312,0.16944444444444445,0.3368421052631579,0.16346153846153846,0.22137404580152673
exo20,mappo,314,18004,624,163,110,351,0.26121794871794873,0.1762820512820513,5.433333333333334,10.815950920245399,22.900000000000006,8.740277777777777,28,57,-11.186796742732414,0.28200342544731327,0.20432098765432097,0.5778564414980619,0.07922705314009663,0.22764053579270976,0.035274704390153726,0.15277777777777776,0.3104575163398693,0.17258883248730963,0.2809917355371901
exo20,mappo,314,18005,624,161,122,341,0.25801282051282054,0.1955128205128205,5.366666666666666,10.670807453416149,22.0,8.675,27,65,-12.307581256178816,0.27885634758614525,0.20256172839506173,0.586603372738702,0.09033816425120772,0.22490118577075105,0.03532490765600527,0.16944444444444443,0.2946708463949843,0.18134715025906736,0.2857142857142857
exo20,mappo,314,18006,624,156,110,358,0.25,0.1762820512820513,5.2,11.134615384615385,22.25,8.927777777777777,28,54,-11.422160108061776,0.26684914295492596,0.20870370370370372,0.5901751111539271,0.0752415458937198,0.21811594202898552,0.03537072559115698,0.15277777777777776,0.30914826498422715,0.10869565217391304,0.3089430894308943
exo20,mappo,314,18007,624,166,120,338,0.266025641025641,0.19230769230769232,5.533333333333333,10.801204819277109,20.75,8.730555555555556,25,51,-11.709909644080401,0.2813986289076995,0.20370370370370372,0.6011129247597152,0.07119565217391303,0.23305335968379443,0.03546282094166327,0.16708937198067633,0.31290322580645163,0.19597989949748743,0.2608695652173913
exo20,mappo,314,18008,624,167,113,344,0.2676282051282051,0.18108974358974358,5.566666666666666,10.1437125748503,20.69999999999999,8.534722222222221,27,50,-10.662153935432096,0.2710485766041884,0.19953703703703704,0.5941750457411251,0.06950483091787439,0.23300395256916995,0.035274704390153726,0.15694444444444444,0.31864406779661014,0.1925133689839572,0.2605633802816901
exo20,mappo,314,18009,624,155,135,334,0.2483974358974359,0.21634615384615385,5.166666666666667,10.903225806451612,22.0,8.730555555555556,26,77,-13.694388710065544,0.26722283485229065,0.20358024691358023,0.6008376794054107,0.1070048309178744,0.21681802497019886,0.03543907101978312,0.1875,0.3443708609271523,0.11004784688995216,0.24778761061946902
exo20,mappo,314,18010,624,162,92,370,0.25961538461538464,0.14743589743589744,5.4,10.469135802469136,20.0,8.875,30,60,-9.542053252162802,0.26924275832040867,0.20790123456790122,0.5833051027162665,0.08333333333333333,0.22578502415458943,0.035220115793602375,0.1277777777777778,0.3017241379310345,0.2012987012987013,0.21311475409836064
exo20,mappo,314,18011,624,153,116,355,0.24519230769230768,0.1858974358974359,5.1,10.437908496732026,20.0,8.729166666666666,28,53,-12.263204516296335,0.27251079566259506,0.20419753086419756,0.595127085497005,0.07367149758454104,0.21354852876592006,0.035324907656005274,0.16111111111111112,0.3322475570032573,0.14736842105263157,0.18110236220472442
exo20,mappo,314,18012,624,149,115,360,0.2387820512820513,0.1842948717948718,4.966666666666667,10.93288590604027,22.0,8.856944444444444,28,54,-13.064130329554303,0.2891975060216417,0.20719135802469132,0.5947741777216026,0.07512077294685988,0.20848155467720686,0.03537511092185681,0.15972222222222227,0.268370607028754,0.16574585635359115,0.2692307692307692
exo20,mappo,314,18013,624,164,106,354,0.26282051282051283,0.16987179487179488,5.466666666666667,10.487804878048781,21.0,8.697222222222223,28,65,-10.561254948434826,0.2740862277947056,0.2034567901234568,0.5848926882299855,0.09039855072463768,0.22980346947738253,0.03542141369697816,0.14734299516908217,0.3046153846153846,0.18134715025906736,0.2830188679245283
exo20,mappo,314,18014,624,163,104,357,0.26121794871794873,0.16666666666666666,5.433333333333334,10.570552147239264,21.0,8.619444444444444,30,73,-10.644213665328468,0.27619883782194227,0.20182098765432102,0.6070408512465935,0.10150966183574878,0.2281400966183575,0.03536781088233544,0.14444444444444446,0.2830188679245283,0.16666666666666666,0.3412698412698413
exo20,mappo,314,18015,624,147,121,356,0.23557692307692307,0.19391025641025642,4.9,11.095238095238095,21.0,8.930555555555555,26,55,-13.254386237876467,0.27202691604869245,0.20870370370370375,0.5870753168580471,0.07651515151515151,0.2054183135704875,0.03537949625255663,0.16805555555555557,0.2689873417721519,0.13978494623655913,0.29508196721311475
exo20,mappo,42,18001,624,147,120,357,0.23557692307692307,0.19230769230769232,4.9,11.006802721088436,21.69999999999999,8.894444444444444,25,67,-13.511758151205193,0.28210311498284973,0.20793209876543212,0.5953497232963323,0.09343512767425811,0.20658055712403542,0.035489274285634656,0.16666666666666666,0.2929936305732484,0.143646408839779,0.2248062015503876
exo20,mappo,42,18002,624,162,110,352,0.25961538461538464,0.1762820512820513,5.4,10.024691358024691,20.94999999999999,8.580555555555556,30,86,-11.029539260098439,0.2662831853553371,0.2008024691358025,0.5927440496424565,0.11944444444444444,0.22575757575757574,0.03522450112430219,0.15277777777777776,0.305993690851735,0.15469613259668508,0.29365079365079366
exo20,mappo,42,18003,624,150,128,346,0.2403846153846154,0.20512820512820512,5.0,10.84,21.0,8.669444444444444,26,77,-13.64605101844245,0.2732195571586101,0.20259259259259255,0.6005805775658989,0.10714285714285714,0.21050567789698224,0.03543907101978312,0.17777777777777773,0.3192982456140351,0.1346153846153846,0.2366412213740458
exo20,mappo,42,18004,624,160,111,353,0.2564102564102564,0.1778846153846154,5.333333333333333,10.84375,22.0,8.811111111111112,29,82,-11.705888098429865,0.28006386788629356,0.2059567901234568,0.5823873918821918,0.11407004830917873,0.22377580149319284,0.03532490765600527,0.15416666666666667,0.2973856209150327,0.15736040609137056,0.3140495867768595
exo20,mappo,42,18005,624,155,121,348,0.2483974358974359,0.19391025641025642,5.166666666666667,10.987096774193548,21.0,8.854166666666666,25,91,-13.464032399733334,0.2918072951097957,0.20675925925925923,0.5924031686210628,0.12638888888888886,0.2162878787878788,0.03532929298670509,0.16805555555555557,0.2727272727272727,0.17616580310880828,0.30357142857142855
exo20,mappo,42,18006,624,146,111,367,0.23397435897435898,0.1778846153846154,4.866666666666666,11.020547945205479,21.0,9.079166666666667,29,75,-12.900960032969369,0.27596932382532546,0.21234567901234566,0.5898035819647877,0.10416666666666667,0.20374396135265707,0.03527031905945391,0.15416666666666667,0.2744479495268139,0.10869565217391304,0.3170731707317073
exo20,mappo,42,18007,624,163,117,344,0.26121794871794873,0.1875,5.433333333333334,10.846625766871165,21.0,8.791666666666666,25,63,-12.032644329985873,0.28623722510074984,0.2052469135802469,0.6014396173444444,0.08786231884057973,0.2280412823891085,0.0353643585613196,0.16274154589371978,0.3,0.20603015075376885,0.25217391304347825
exo20,mappo,42,18008,624,159,109,356,0.2548076923076923,0.17467948717948717,5.3,9.968553459119496,21.0,8.629166666666666,23,91,-11.658266626871516,0.27971254135694046,0.2020061728395062,0.5934913731915329,0.12650966183574877,0.22183245498462895,0.035274704390153726,0.1513888888888889,0.28135593220338984,0.19786096256684493,0.2746478873239437
exo20,mappo,42,18009,624,148,137,339,0.23717948717948717,0.21955128205128205,4.933333333333334,10.60135135135135,21.650000000000006,8.809722222222222,26,111,-14.827791468739846,0.2681885938449186,0.20549382716049383,0.6035264709715051,0.15416666666666667,0.20680171277997367,0.03537949625255663,0.1902777777777778,0.31788079470198677,0.09569377990430622,0.2831858407079646
exo20,mappo,42,18010,624,155,94,375,0.2483974358974359,0.15064102564102563,5.166666666666667,10.561290322580644,23.0,8.940277777777778,28,107,-10.824621692290187,0.27159264760329266,0.20950617283950615,0.5855300585204865,0.1486111111111111,0.2156400966183575,0.035169912527750834,0.13055555555555556,0.28735632183908044,0.19480519480519481,0.20491803278688525
exo20,mappo,42,18011,624,149,116,359,0.2387820512820513,0.1858974358974359,4.966666666666667,10.14765100671141,20.599999999999994,8.729166666666666,26,82,-12.599941869669815,0.2649686234964409,0.204320987654321,0.5907221766454084,0.11426218708827404,0.20805335968379446,0.035324907656005274,0.16111111111111112,0.31921824104234525,0.1368421052631579,0.1968503937007874
exo20,mappo,42,18012,624,145,115,364,0.23237179487179488,0.1842948717948718,4.833333333333333,10.793103448275861,21.0,8.897222222222222,26,77,-13.69709601242476,0.2920777191073356,0.2082098765432099,0.5927757064174463,0.1070048309178744,0.2028656126482214,0.03532490765600527,0.15972222222222227,0.2523961661341853,0.16022099447513813,0.2846153846153846
exo20,mappo,42,18013,624,154,107,363,0.2467948717948718,0.17147435897435898,5.133333333333334,10.571428571428571,21.0,8.85138888888889,27,99,-12.138599739250921,0.2824337846998335,0.2071604938271605,0.5871935924166292,0.13786780851998243,0.2154808959156785,0.03542141369697816,0.14879227053140098,0.27384615384615385,0.17616580310880828,0.29245283018867924
exo20,mappo,42,18014,624,154,106,364,0.2467948717948718,0.16987179487179488,5.133333333333334,10.272727272727273,20.0,8.704166666666667,31,107,-11.785707381475246,0.27352548250730513,0.20391975308641977,0.599126704799351,0.14909420289855072,0.2158816425120773,0.035414113657456794,0.14734299516908214,0.2610062893081761,0.15555555555555556,0.3412698412698413
exo20,mappo,42,18015,624,144,120,360,0.23076923076923078,0.19230769230769232,4.8,11.284722222222221,22.0,9.040277777777778,24,88,-14.060203502420645,0.28146993621297695,0.2112654320987654,0.5919142609080382,0.12228260869565218,0.20116381203337722,0.035375110921856814,0.16666666666666663,0.2563291139240506,0.15591397849462366,0.2786885245901639
exo20,mappo,456,18001,624,149,118,357,0.2387820512820513,0.1891025641025641,4.966666666666667,10.557046979865772,21.599999999999994,8.8625,27,66,-12.817543451153746,0.2708980343165646,0.20722222222222222,0.5793341228072485,0.09197408871321915,0.2088383838383838,0.03542531418770835,0.16419082125603865,0.2898089171974522,0.16022099447513813,0.2248062015503876
exo20,mappo,456,18002,624,165,114,345,0.2644230769230769,0.18269230769230768,5.5,10.36969696969697,20.799999999999983,8.597222222222221,27,82,-10.948525026453709,0.2623881021512202,0.20095679012345677,0.5860137534229951,0.11394927536231883,0.22989130434782606,0.035220115793602375,0.15833333333333333,0.3312302839116719,0.16022099447513813,0.24603174603174602
exo20,mappo,456,18003,624,153,127,344,0.24519230769230768,0.20352564102564102,5.1,10.77124183006536,21.400000000000006,8.606944444444444,26,69,-13.017982364787102,0.2690932899934133,0.20114197530864203,0.5788290530073568,0.09595410628019325,0.2147342995169082,0.035429699518408166,0.1763888888888889,0.3333333333333333,0.14903846153846154,0.20610687022900764
exo20,mappo,456,18004,624,155,118,351,0.2483974358974359,0.1891025641025641,5.166666666666667,10.729032258064516,22.0,8.779166666666667,27,83,-12.457468279247092,0.2731580713020304,0.2051851851851852,0.5696685573876142,0.11545893719806764,0.21671058410188845,0.035274704390153726,0.16388888888888886,0.30718954248366015,0.14213197969543148,0.2727272727272727
exo20,mappo,456,18005,624,158,122,344,0.2532051282051282,0.1955128205128205,5.266666666666667,10.715189873417721,20.0,8.731944444444444,26,82,-12.877699589502207,0.2847602461075161,0.2039197530864198,0.5830665445482642,0.11419082125603865,0.22110781730346946,0.03542531418770834,0.16944444444444443,0.2884012539184953,0.18134715025906736,0.2767857142857143
exo20,mappo,456,18006,624,146,114,364,0.23397435897435898,0.18269230769230768,4.866666666666666,10.904109589041095,21.75,9.0375,30,67,-12.915706532018447,0.27302182793819535,0.2113271604938272,0.5778190010368953,0.0936868686868687,0.20413921826965303,0.035324907656005274,0.15833333333333333,0.28391167192429023,0.09782608695652174,0.3089430894308943
exo20,mappo,456,18007,624,162,118,344,0.25961538461538464,0.1891025641025641,5.4,10.709876543209877,20.94999999999999,8.752777777777778,28,62,-12.053261051585523,0.28254219198524405,0.20438271604938274,0.5847844649318062,0.08653381642512079,0.22653162055335965,0.0353643585613196,0.16473429951690818,0.3032258064516129,0.20100502512562815,0.24347826086956523
exo20,mappo,456,18008,624,162,114,348,0.25961538461538464,0.18269230769230768,5.4,10.271604938271604,21.0,8.620833333333334,25,80,-11.400202238194037,0.2706476524096789,0.20157407407407402,0.5803195512477697,0.11117149758454106,0.22618028107158544,0.035274704390153726,0.15833333333333333,0.30847457627118646,0.1925133689839572,0.24647887323943662
exo20,mappo,456,18009,624,153,137,334,0.24519230769230768,0.21955128205128205,5.1,10.61437908496732,20.0,8.761111111111111,24,97,-14.03001060536734,0.2614629492646578,0.20425925925925925,0.5961455939151338,0.13565076228119705,0.21463234832800052,0.035533632909396595,0.19088164251207732,0.3344370860927152,0.12440191387559808,0.23008849557522124
exo20,mappo,456,18010,624,151,99,374,0.2419871794871795,0.15865384615384615,5.033333333333333,10.543046357615895,21.0,8.945833333333333,30,89,-11.113494064931322,0.26278574010470046,0.20959876543209877,0.5791263639592891,0.12373188405797102,0.21072134387351776,0.03527178359790507,0.1376207729468599,0.29022988505747127,0.16883116883116883,0.19672131147540983
exo20,mappo,456,18011,624,150,119,355,0.2403846153846154,0.1907051282051282,5.0,10.313333333333333,20.0,8.733333333333333,26,69,-12.60730973696373,0.2652571315316028,0.20429012345679015,0.5813812798950025,0.096256038647343,0.20996376811594203,0.03537072559115698,0.1652777777777778,0.3257328990228013,0.13157894736842105,0.1968503937007874
exo20,mappo,456,18012,624,146,119,359,0.23397435897435898,0.1907051282051282,4.866666666666666,11.020547945205479,22.0,8.825,24,73,-13.690904604508766,0.2851955752846031,0.2064506172839506,0.5816992035197946,0.10163043478260869,0.20371102327624066,0.03532490765600527,0.16570048309178745,0.2715654952076677,0.143646408839779,0.2692307692307692
exo20,mappo,456,18013,624,158,108,358,0.2532051282051282,0.17307692307692307,5.266666666666667,10.487341772151899,20.150000000000006,8.751388888888888,28,88,-11.436158528501608,0.2755789049090167,0.20478395061728394,0.5717301144856831,0.12314448836187968,0.22189833113746155,0.035524261408021646,0.1501207729468599,0.2953846153846154,0.18134715025906736,0.25471698113207547
exo20,mappo,456,18014,624,158,103,363,0.2532051282051282,0.16506410256410256,5.266666666666667,10.221518987341772,20.0,8.63888888888889,29,92,-10.9725519403576,0.27216630262960706,0.20243827160493827,0.5902720791147722,0.12832125603864736,0.22147562582345187,0.03541946954561875,0.14317632850241546,0.2672955974842767,0.16666666666666666,0.3412698412698413
exo20,mappo,456,18015,624,150,121,353,0.2403846153846154,0.19391025641025642,5.0,11.82,22.0,8.990277777777777,29,87,-13.807437174855725,0.2898919685896525,0.20993827160493825,0.5791656222225683,0.12156346069389548,0.20973869126043043,0.03542337003634894,0.16805555555555554,0.27848101265822783,0.15053763440860216,0.2786885245901639
exo20,mappo,7,18001,624,149,122,353,0.2387820512820513,0.1955128205128205,4.966666666666667,10.483221476510067,22.0,8.825,28,46,-12.936635779498191,0.27016532322932213,0.20626543209876544,0.5775697061324668,0.06419631093544137,0.20848704435660956,0.03532490765600527,0.16944444444444443,0.2929936305732484,0.16022099447513813,0.21705426356589147
exo20,mappo,7,18002,624,164,109,351,0.26282051282051283,0.17467948717948717,5.466666666666667,10.567073170731707,21.849999999999994,8.605555555555556,28,57,-10.771519218937305,0.27330159142815674,0.20132716049382715,0.5873890175240881,0.07928743961352658,0.22871102327624068,0.035274704390153726,0.15199275362318837,0.30914826498422715,0.15469613259668508,0.30158730158730157
exo20,mappo,7,18003,624,157,123,344,0.2516025641025641,0.1971153846153846,5.233333333333333,10.777070063694268,21.0,8.57638888888889,26,49,-12.37203234352718,0.2752029640459003,0.20046296296296298,0.580373702444103,0.0681159420289855,0.22002086078173036,0.0354223994788868,0.17083333333333334,0.3298245614035088,0.15384615384615385,0.2366412213740458
exo20,mappo,7,18004,624,160,113,351,0.2564102564102564,0.18108974358974358,5.333333333333333,11.1375,22.049999999999983,8.848611111111111,29,48,-11.651050224590122,0.28285147045796794,0.20672839506172838,0.5678501883877044,0.06679292929292929,0.22371541501976283,0.03532490765600527,0.15694444444444444,0.3137254901960784,0.16243654822335024,0.2644628099173554
exo20,mappo,7,18005,624,161,125,338,0.25801282051282054,0.20032051282051283,5.366666666666666,10.813664596273291,21.0,8.70138888888889,26,60,-12.493774020079549,0.2796561039778796,0.2030555555555556,0.5836185651920274,0.0836352657004831,0.22575051759834372,0.03548488895493484,0.1736111111111111,0.30407523510971785,0.17616580310880828,0.26785714285714285
exo20,mappo,7,18006,624,155,111,358,0.2483974358974359,0.1778846153846154,5.166666666666667,11.393548387096773,21.0,9.005555555555556,29,81,-12.059277702407703,0.27421429859973845,0.21043209876543212,0.571888283053713,0.11304347826086956,0.21642512077294684,0.035314653222216094,0.15446859903381643,0.2996845425867508,0.10869565217391304,0.3252032520325203
exo20,mappo,7,18007,624,166,120,338,0.266025641025641,0.19230769230769232,5.533333333333333,11.060240963855422,21.75,8.752777777777778,25,42,-11.786713858198183,0.2860211279245402,0.20419753086419756,0.581397532587017,0.058574879227053143,0.23190601668862543,0.03531415529546807,0.16696859903381642,0.3161290322580645,0.18592964824120603,0.26956521739130435
exo20,mappo,7,18008,624,161,112,351,0.25801282051282054,0.1794871794871795,5.366666666666666,9.888198757763975,20.0,8.558333333333334,28,48,-11.055018293585036,0.2711933510650508,0.2002777777777778,0.5764515052339937,0.06678743961352658,0.22427536231884063,0.035220115793602375,0.15555555555555556,0.29491525423728815,0.1925133689839572,0.2676056338028169
exo20,mappo,7,18009,624,150,138,336,0.2403846153846154,0.22115384615384615,5.0,10.7,21.0,8.794444444444444,26,76,-14.196158298127902,0.2619087930233416,0.20506172839506173,0.586374840884338,0.10622529644268774,0.2106060606060606,0.035525241106503166,0.19251207729468597,0.32450331125827814,0.10526315789473684,0.26548672566371684
exo20,mappo,7,18010,624,160,92,372,0.2564102564102564,0.14743589743589744,5.333333333333333,10.80625,22.0,8.894444444444444,30,73,-9.804373863860759,0.2691747134493764,0.20839506172839506,0.5682499789889685,0.10157004830917873,0.2226449275362319,0.035169912527750834,0.12777777777777777,0.2959770114942529,0.17532467532467533,0.2459016393442623
exo20,mappo,7,18011,624,153,116,355,0.24519230769230768,0.1858974358974359,5.1,10.712418300653594,21.0,8.786111111111111,28,59,-12.441429063760825,0.277178608378606,0.20546296296296293,0.5876370592646265,0.0821256038647343,0.2138888888888889,0.03532052232530545,0.16111111111111112,0.3289902280130293,0.14736842105263157,0.1889763779527559
exo20,mappo,7,18012,624,152,113,359,0.24358974358974358,0.18108974358974358,5.066666666666666,10.69078947368421,21.44999999999999,8.751388888888888,25,56,-12.573218672241545,0.28854243750658976,0.2048148148148148,0.5720570111899786,0.07790404040404039,0.2117424242424243,0.03522450112430219,0.15694444444444447,0.26517571884984026,0.16574585635359115,0.3
exo20,mappo,7,18013,624,163,107,354,0.26121794871794873,0.17147435897435898,5.433333333333334,10.889570552147239,22.0,8.772222222222222,28,49,-10.739787998300203,0.2804621155929174,0.20512345679012345,0.5770881682502543,0.06841787439613525,0.22949055775142732,0.03557007934317336,0.14873188405797105,0.29846153846153844,0.18134715025906736,0.29245283018867924
exo20,mappo,7,18014,624,166,100,358,0.266025641025641,0.16025641025641027,5.533333333333333,10.63855421686747,20.75,8.643055555555556,29,67,-10.175738576565267,0.284813160979662,0.20237654320987655,0.5953328708352899,0.09384606938954763,0.2338823012736056,0.035573494116411045,0.13919082125603868,0.27672955974842767,0.18333333333333332,0.35714285714285715
exo20,mappo,7,18015,624,148,122,354,0.23717948717948717,0.1955128205128205,4.933333333333334,11.466216216216216,21.650000000000006,8.990277777777777,26,57,-13.470324577445012,0.2778226794444073,0.20996913580246915,0.5733141701462914,0.07916666666666665,0.20618686868686872,0.03532929298670509,0.16944444444444443,0.2689873417721519,0.13978494623655913,0.30327868852459017
exo20,mappo,789,18001,624,156,121,347,0.25,0.19391025641025642,5.2,10.801282051282051,22.25,8.7875,25,42,-12.252189608593653,0.2721160622458102,0.20524691358024688,0.5791138987182146,0.0590375807767112,0.21864059853190287,0.03543907101978312,0.16805555555555554,0.31210191082802546,0.16022099447513813,0.2248062015503876
exo20,mappo,789,18002,624,164,110,350,0.26282051282051283,0.1762820512820513,5.466666666666667,10.298780487804878,20.849999999999994,8.554166666666667,31,63,-10.756354554592116,0.26880237747377583,0.20015432098765432,0.5899086719427774,0.08762077294685991,0.22901844532279314,0.03532490765600527,0.15380434782608696,0.31545741324921134,0.14917127071823205,0.29365079365079366
exo20,mappo,789,18003,624,160,129,335,0.2564102564102564,0.20673076923076922,5.333333333333333,10.9625,22.049999999999983,8.516666666666667,32,46,-12.327639362454445,0.2667843723169628,0.19885802469135802,0.5945394216598647,0.0643288474810214,0.22457572620616098,0.035489274285634656,0.17916666666666664,0.3543859649122807,0.1346153846153846,0.2366412213740458
exo20,mappo,789,18004,624,163,110,351,0.26121794871794873,0.1762820512820513,5.433333333333334,11.024539877300613,22.0,8.776388888888889,29,60,-11.209143712741744,0.28164597037609534,0.20512345679012345,0.5812308491381966,0.08371212121212121,0.22803030303030306,0.03532929298670509,0.15277777777777776,0.31699346405228757,0.15736040609137056,0.2892561983471074
exo20,mappo,789,18005,624,155,119,350,0.2483974358974359,0.1907051282051282,5.166666666666667,10.812903225806451,20.0,8.797222222222222,31,70,-12.776692948655121,0.28258102097773447,0.20555555555555557,0.586667093894227,0.09746376811594203,0.21669411506368033,0.03537511092185681,0.16527777777777777,0.26959247648902823,0.16580310880829016,0.33035714285714285
exo20,mappo,789,18006,624,150,112,362,0.2403846153846154,0.1794871794871795,5.0,10.84,21.0,9.070833333333333,34,64,-12.318305558591003,0.26949103037566563,0.2120061728395062,0.5749965952943498,0.08925120772946858,0.20954106280193235,0.035314653222216094,0.15585748792270532,0.2870662460567823,0.11956521739130435,0.3008130081300813
exo20,mappo,789,18007,624,162,116,346,0.25961538461538464,0.1858974358974359,5.4,10.88888888888889,22.0,8.7875,26,52,-12.058309586388674,0.2914926866674787,0.20521604938271604,0.5863827029631687,0.07288647342995169,0.22671277997364955,0.035412617675811726,0.1614734299516908,0.3,0.19597989949748743,0.2608695652173913
exo20,mappo,789,18008,624,165,108,351,0.2644230769230769,0.17307692307692307,5.5,9.884848484848485,20.799999999999983,8.498611111111112,29,56,-10.507422442575093,0.2737509481618654,0.19895061728395064,0.5868114176231868,0.07789855072463768,0.23022617479139215,0.035274704390153726,0.15000000000000002,0.3016949152542373,0.19786096256684493,0.2746478873239437
exo20,mappo,789,18009,624,156,136,332,0.25,0.21794871794871795,5.2,10.576923076923077,21.25,8.768055555555556,27,68,-13.411958868915608,0.2592314565005866,0.20435185185185187,0.5982143981925725,0.09468599033816423,0.2182861220904699,0.03542775536704876,0.18931159420289856,0.3344370860927152,0.11961722488038277,0.26548672566371684
exo20,mappo,789,18010,624,159,97,368,0.2548076923076923,0.15544871794871795,5.3,10.685534591194969,22.0,8.9375,34,66,-10.211904495800548,0.2660068839343524,0.20922839506172838,0.58091674565537,0.0917270531400966,0.221195652173913,0.035169912527750834,0.13472222222222224,0.3045977011494253,0.19480519480519481,0.1885245901639344
exo20,mappo,789,18011,624,152,119,353,0.24358974358974358,0.1907051282051282,5.066666666666666,10.5,21.0,8.716666666666667,29,41,-12.273733159564527,0.2673591744672501,0.20385802469135803,0.5904273805627361,0.05694444444444444,0.21292270531400964,0.03537072559115698,0.1652777777777778,0.3355048859934853,0.1368421052631579,0.18110236220472442
exo20,mappo,789,18012,624,153,112,359,0.24519230769230768,0.1794871794871795,5.1,10.869281045751634,22.0,8.77361111111111,27,36,-12.207684971553455,0.285677910599963,0.20530864197530863,0.5844795046521606,0.050241545893719805,0.2136747913921827,0.03532490765600527,0.1561594202898551,0.2715654952076677,0.16022099447513813,0.3
exo20,mappo,789,18013,624,161,107,356,0.25801282051282054,0.17147435897435898,5.366666666666666,10.509316770186336,20.0,8.786111111111111,30,52,-10.850285366949858,0.27654936754708387,0.20549382716049389,0.5826828582555486,0.07258454106280193,0.2265371102327624,0.03557007934317336,0.148731884057971,0.2923076923076923,0.18652849740932642,0.2830188679245283
exo20,mappo,789,18014,624,162,104,358,0.25961538461538464,0.16666666666666666,5.4,10.592592592592593,22.0,8.66388888888889,31,59,-10.764157607598833,0.28098214357656115,0.2028395061728395,0.599811081988029,0.08260869565217391,0.2270531400966184,0.035414113657456794,0.14480676328502418,0.27672955974842767,0.17222222222222222,0.3412698412698413
exo20,mappo,789,18015,624,150,121,353,0.2403846153846154,0.19391025641025642,5.0,11.48,21.549999999999983,8.968055555555555,29,56,-13.182004136164023,0.2774416037478014,0.20944444444444443,0.5803671529549114,0.07809068950373298,0.2094477382520861,0.035324907656005274,0.16805555555555557,0.27531645569620256,0.13978494623655913,0.30327868852459017
exo20,global_dijkstra,-1,18001,624,154,120,350,0.2467948717948718,0.19230769230769232,5.133333333333334,10.623376623376624,21.0,8.75,35,86,-12.719960446444409,0.2702322969849265,0.20450617283950623,0.6172428972776828,0.12047650417215634,0.2171826965305226,0.03562321254229295,0.1675724637681159,0.3057324840764331,0.14917127071823205,0.24031007751937986
exo20,global_dijkstra,-1,18002,624,167,109,348,0.2676282051282051,0.17467948717948717,5.566666666666666,9.736526946107784,19.0,8.565277777777778,35,89,-10.290006124932175,0.2570885533021764,0.20033950617283944,0.6261734271439271,0.12445652173913042,0.23524923144488366,0.03557397983390355,0.15253623188405793,0.30914826498422715,0.18232044198895028,0.2857142857142857
exo20,global_dijkstra,-1,18003,624,159,125,340,0.2548076923076923,0.20032051282051283,5.3,10.364779874213836,21.099999999999994,8.455555555555556,35,95,-12.518089351298343,0.26697733251997346,0.19765432098765431,0.6290219117095899,0.1325537988581467,0.2240118577075099,0.035573979833903556,0.1736111111111111,0.34035087719298246,0.15865384615384615,0.22137404580152673
exo20,global_dijkstra,-1,18004,624,161,120,343,0.25801282051282054,0.19230769230769232,5.366666666666666,10.478260869565217,21.0,8.751388888888888,35,87,-11.925888071670164,0.2625011388962422,0.20432098765432097,0.6178824268277315,0.12113526570048308,0.22632850241545893,0.03551546628562225,0.16733091787439613,0.32679738562091504,0.15228426395939088,0.256198347107438
exo20,global_dijkstra,-1,18005,624,168,116,340,0.2692307692307692,0.1858974358974359,5.6,10.732142857142858,23.0,8.641666666666667,32,81,-11.27886478300076,0.27721892205436555,0.20179012345679015,0.6270668907335227,0.11323012736056212,0.236916525503482,0.03569252852838122,0.16111111111111112,0.30407523510971785,0.19170984455958548,0.30357142857142855
exo20,global_dijkstra,-1,18006,624,153,109,362,0.24519230769230768,0.17467948717948717,5.1,10.947712418300654,22.400000000000006,9.04861111111111,36,89,-12.08698359147089,0.2679207405673337,0.21151234567901234,0.6215023033352195,0.12439613526570045,0.21409200702678968,0.035417500933259585,0.15169082125603864,0.2902208201892745,0.125,0.3089430894308943
exo20,global_dijkstra,-1,18007,624,169,120,335,0.2708333333333333,0.19230769230769232,5.633333333333334,11.331360946745562,23.599999999999994,8.838888888888889,35,82,-12.040753423568585,0.2897721842050949,0.20601851851851855,0.6263141208436253,0.1151468097120271,0.23813445009097184,0.03563149466779213,0.16690821256038646,0.3193548387096774,0.19597989949748743,0.26956521739130435
exo20,global_dijkstra,-1,18008,624,166,111,347,0.266025641025641,0.1778846153846154,5.533333333333333,9.512048192771084,20.75,8.447222222222223,33,80,-10.369844377685892,0.2580068801174959,0.19768518518518516,0.6285623734018456,0.11197377501725331,0.2343638245812159,0.03562817954276256,0.15471014492753624,0.3016949152542373,0.19786096256684493,0.28169014084507044
exo20,global_dijkstra,-1,18009,624,168,130,326,0.2692307692307692,0.20833333333333334,5.6,10.535714285714286,21.0,8.622222222222222,37,95,-11.895719072362729,0.25281649045763044,0.2009259259259259,0.6467623709523372,0.13256477821695217,0.23644911851433592,0.035646710593229505,0.18055555555555552,0.3609271523178808,0.1339712918660287,0.2743362831858407
exo20,global_dijkstra,-1,18010,624,166,90,368,0.266025641025641,0.14423076923076922,5.533333333333333,10.27710843373494,20.0,8.845833333333333,35,83,-8.939609668528497,0.2580739751128381,0.20719135802469132,0.6261492584478998,0.11570048309178745,0.23342116820377687,0.035564201067263615,0.12584541062801932,0.3045977011494253,0.21428571428571427,0.22131147540983606
exo20,global_dijkstra,-1,18011,624,159,113,352,0.2548076923076923,0.18108974358974358,5.3,10.226415094339623,21.0,8.6125,35,80,-11.490656983078974,0.2679061670215775,0.20151234567901233,0.6167661882592318,0.11178085199824331,0.22378678085199827,0.03557739460714123,0.15694444444444447,0.3355048859934853,0.14210526315789473,0.2283464566929134
exo20,global_dijkstra,-1,18012,624,153,117,354,0.24519230769230768,0.1875,5.1,10.686274509803921,23.0,8.82638888888889,34,80,-12.907360651623224,0.28250303476280936,0.20632716049382713,0.6183114136495202,0.11208278436539305,0.21615769496204282,0.03574370538813002,0.16358695652173913,0.2779552715654952,0.16022099447513813,0.2846153846153846
exo20,global_dijkstra,-1,18013,624,160,109,355,0.2564102564102564,0.17467948717948717,5.333333333333333,10.25,22.0,8.880555555555556,39,81,-11.154408599896934,0.26483331057275844,0.2075617283950617,0.6245101228406331,0.11377360562143171,0.22579600351339485,0.03573238973539566,0.15187198067632854,0.27692307692307694,0.20725388601036268,0.2830188679245283
exo20,global_dijkstra,-1,18014,624,168,102,354,0.2692307692307692,0.16346153846153846,5.6,10.226190476190476,20.650000000000006,8.569444444444445,44,77,-9.799385699459261,0.2689525279734798,0.20061728395061731,0.6364053034301759,0.10842195244369159,0.2378780036388732,0.035729502794994324,0.14202898550724635,0.2861635220125786,0.18333333333333332,0.3492063492063492
exo20,global_dijkstra,-1,18015,624,148,120,356,0.23717948717948717,0.19230769230769232,4.933333333333334,11.256756756756756,22.650000000000006,9.0,39,85,-13.647909712292593,0.27850642368224,0.21024691358024697,0.6218186714100047,0.1186649099692578,0.20728480456741322,0.03547795863290029,0.16666666666666666,0.26582278481012656,0.17204301075268819,0.26229508196721313
exo20,full_heuristic,-1,18001,624,72,146,406,0.11538461538461539,0.23397435897435898,2.4,10.13888888888889,20.450000000000003,9.945833333333333,22,140,-23.42643684600434,0.29766159254942937,0.23280864197530862,0.5025035527481461,0.19500439174352216,0.10068072024593762,0.03527373383269159,0.20277777777777778,0.1178343949044586,0.08839779005524862,0.14728682170542637
exo20,full_heuristic,-1,18002,624,82,154,388,0.13141025641025642,0.2467948717948718,2.7333333333333334,9.963414634146341,24.0,9.866666666666667,23,152,-21.91317467160446,0.24948853628134238,0.23049382716049382,0.5012291811172732,0.21153381642512079,0.11419082125603865,0.035220115793602375,0.21449275362318837,0.17034700315457413,0.08839779005524862,0.09523809523809523
exo20,full_heuristic,-1,18003,624,87,153,384,0.13942307692307693,0.24519230769230768,2.9,10.517241379310345,21.0,9.602777777777778,23,159,-22.304221322199492,0.2833509420351075,0.22450617283950616,0.5017753183599178,0.2212121212121212,0.12121212121212123,0.03522450112430219,0.21249999999999997,0.1824561403508772,0.10576923076923077,0.09923664122137404
exo20,full_heuristic,-1,18004,624,83,146,395,0.1330128205128205,0.23397435897435898,2.7666666666666666,11.481927710843374,22.0,9.9625,24,127,-22.958310950838104,0.31484277329602867,0.23283950617283947,0.5017075614381755,0.17693785682916116,0.11596398770311814,0.035274704390153726,0.2035024154589372,0.15359477124183007,0.07106598984771574,0.18181818181818182
exo20,full_heuristic,-1,18005,624,83,148,393,0.1330128205128205,0.23717948717948717,2.7666666666666666,10.132530120481928,20.89999999999999,9.793055555555556,24,140,-22.337807123711013,0.29023302472893503,0.22901234567901235,0.5033360378523475,0.19583882301273606,0.11662274923144489,0.03542142588498953,0.20567632850241543,0.12539184952978055,0.10362694300518134,0.20535714285714285
exo20,full_heuristic,-1,18006,624,79,144,401,0.1266025641025641,0.23076923076923078,2.6333333333333333,11.139240506329115,22.099999999999994,10.05,24,159,-22.40314501117815,0.28046892763907477,0.23496913580246911,0.5061945158274127,0.22119565217391302,0.110024154589372,0.035169912527750834,0.2,0.1640378548895899,0.059782608695652176,0.13008130081300814
exo20,full_heuristic,-1,18007,624,75,168,381,0.1201923076923077,0.2692307692307692,2.5,10.72,20.299999999999997,9.876388888888888,23,135,-24.336731493799505,0.2768583011155103,0.23049382716049382,0.5107842552125292,0.1877415458937198,0.10466622749231445,0.035269821132705874,0.23357487922705317,0.15806451612903225,0.08040201005025126,0.08695652173913043
exo20,full_heuristic,-1,18008,624,75,155,394,0.1201923076923077,0.2483974358974359,2.5,9.893333333333333,19.0,9.870833333333334,23,147,-23.459450288579898,0.2813129641096086,0.23077160493827162,0.5055579728600884,0.20477053140096618,0.10477053140096618,0.03527031905945391,0.2152777777777778,0.13898305084745763,0.10160427807486631,0.1056338028169014
exo20,full_heuristic,-1,18009,624,90,158,376,0.14423076923076922,0.2532051282051282,3.0,10.566666666666666,22.099999999999994,9.658333333333333,23,164,-22.972296785392874,0.2962980635572932,0.22549382716049385,0.5149543683011185,0.22937527448397016,0.12579600351339482,0.0353731667704974,0.21986714975845406,0.1986754966887417,0.06220095693779904,0.1504424778761062
exo20,full_heuristic,-1,18010,624,69,133,422,0.11057692307692307,0.21314102564102563,2.3,10.27536231884058,23.799999999999983,10.191666666666666,22,158,-21.946955638121562,0.2654011060584829,0.23876543209876547,0.4994625241181709,0.22010869565217392,0.09631642512077296,0.03526739826720525,0.18514492753623193,0.13793103448275862,0.09090909090909091,0.05737704918032787
exo20,full_heuristic,-1,18011,624,71,154,399,0.11378205128205128,0.2467948717948718,2.3666666666666667,10.084507042253522,20.5,9.929166666666667,22,172,-23.66192932632991,0.27112237991806004,0.23222222222222216,0.5077257638507425,0.23913043478260868,0.09903381642512075,0.035220115793602375,0.2138888888888889,0.15960912052117263,0.06842105263157895,0.07086614173228346
exo20,full_heuristic,-1,18012,624,73,155,396,0.11698717948717949,0.2483974358974359,2.433333333333333,10.287671232876713,21.0,9.866666666666667,23,140,-23.61410694633918,0.28288724864845005,0.23074074074074072,0.5020026342348971,0.1945707070707071,0.10176767676767678,0.03522450112430219,0.21527777777777776,0.13738019169329074,0.0718232044198895,0.13076923076923078
exo20,full_heuristic,-1,18013,624,79,145,400,0.1266025641025641,0.23237179487179488,2.6333333333333333,10.164556962025317,21.19999999999999,9.886111111111111,23,128,-22.087410637208645,0.27853829416752107,0.23129629629629628,0.5133549626518223,0.1790568730786122,0.11063899868247694,0.03541946954561875,0.2016304347826087,0.15076923076923077,0.10880829015544041,0.08490566037735849
exo20,full_heuristic,-1,18014,624,85,148,391,0.1362179487179487,0.23717948717948717,2.8333333333333335,9.423529411764706,19.799999999999997,9.693055555555556,23,149,-20.84503473061488,0.24496644979696716,0.2267283950617284,0.5122303992898244,0.20889328063241105,0.11976833552920509,0.035468702254008146,0.2057367149758454,0.16666666666666666,0.08888888888888889,0.12698412698412698
exo20,full_heuristic,-1,18015,624,80,157,387,0.1282051282051282,0.2516025641025641,2.6666666666666665,11.675,24.049999999999997,9.906944444444445,24,127,-23.78956812686095,0.30492525479984156,0.23135802469135802,0.5081624904774756,0.17681159420289852,0.11142402283706629,0.03532296350464586,0.21805555555555553,0.14556962025316456,0.08602150537634409,0.14754098360655737
exo28,mappo,1024,18001,744,144,144,456,0.1935483870967742,0.1935483870967742,4.8,10.57638888888889,21.0,10.8875,31,60,-16.81880482746793,0.2783755327949702,0.2552777777777777,0.5785043497221519,0.08333333333333334,0.19999999999999998,0.0351197092618993,0.19999999999999998,0.2200557103064067,0.1336206896551724,0.2222222222222222
exo28,mappo,1024,18002,744,149,149,446,0.20026881720430106,0.20026881720430106,4.966666666666667,10.979865771812081,22.0,10.83611111111111,31,71,-16.849988540848315,0.2767429315760201,0.25382716049382714,0.586274315754498,0.09861111111111111,0.20694444444444446,0.0351197092618993,0.20694444444444446,0.28939828080229224,0.1375,0.0967741935483871
exo28,mappo,1024,18003,744,154,135,455,0.20698924731182797,0.1814516129032258,5.133333333333334,11.03896103896104,23.0,10.958333333333334,32,90,-15.369835678323623,0.2727754472894129,0.25682098765432104,0.5836142538283884,0.12499999999999999,0.21388888888888888,0.0351197092618993,0.1875,0.2603092783505155,0.12719298245614036,0.1875
exo28,mappo,1024,18004,744,159,153,432,0.21370967741935484,0.2056451612903226,5.3,11.30188679245283,21.19999999999999,10.811111111111112,28,48,-16.15255635801256,0.279454304092586,0.2528395061728395,0.5651399864337113,0.06666666666666667,0.22083333333333333,0.0351197092618993,0.2125,0.24468085106382978,0.11261261261261261,0.2876712328767123
exo28,mappo,1024,18005,744,162,144,438,0.21774193548387097,0.1935483870967742,5.4,11.364197530864198,24.0,10.847222222222221,30,56,-15.356653651707244,0.2828021783359759,0.25382716049382714,0.5695702184412509,0.07777777777777778,0.225,0.0351197092618993,0.20000000000000004,0.26558265582655827,0.14767932489451477,0.21014492753623187
exo28,mappo,1024,18006,744,162,150,432,0.21774193548387097,0.20161290322580644,5.4,11.049382716049383,20.0,10.722222222222221,31,62,-15.432869900808566,0.2677900204588991,0.25086419753086425,0.5854675839494963,0.0861111111111111,0.225,0.0351197092618993,0.20833333333333331,0.28610354223433243,0.11467889908256881,0.20125786163522014
exo28,mappo,1024,18007,744,157,143,444,0.2110215053763441,0.1922043010752688,5.233333333333333,11.624203821656051,21.19999999999999,10.809722222222222,27,55,-15.73951382639926,0.28391576635019933,0.253179012345679,0.5829062483815398,0.07638888888888888,0.21805555555555556,0.0351197092618993,0.19861111111111107,0.2564102564102564,0.13122171945701358,0.21052631578947367
exo28,mappo,1024,18008,744,159,157,428,0.21370967741935484,0.2110215053763441,5.3,10.584905660377359,21.0,10.583333333333334,28,69,-16.44453884562686,0.27567601069716235,0.24765432098765436,0.5722874532964165,0.09583333333333331,0.22083333333333335,0.0351197092618993,0.21805555555555556,0.26006191950464397,0.12083333333333333,0.2541436464088398
exo28,mappo,1024,18009,744,151,148,445,0.20295698924731181,0.1989247311827957,5.033333333333333,11.735099337748345,24.0,10.970833333333333,29,71,-17.08116001551514,0.28861913064199235,0.2567901234567901,0.6041991129466805,0.09861111111111111,0.20972222222222223,0.0351197092618993,0.2055555555555556,0.2695417789757412,0.11739130434782609,0.16783216783216784
exo28,mappo,1024,18010,744,158,136,450,0.21236559139784947,0.1827956989247312,5.266666666666667,11.341772151898734,22.150000000000006,10.863888888888889,30,62,-15.119175600230543,0.283052281741897,0.2545679012345679,0.576428352408323,0.0861111111111111,0.21944444444444444,0.0351197092618993,0.1888888888888889,0.25984251968503935,0.14864864864864866,0.18439716312056736
exo28,mappo,1024,18011,744,155,142,447,0.20833333333333334,0.19086021505376344,5.166666666666667,10.561290322580644,22.0,10.688888888888888,27,56,-15.48574037851263,0.27425393848844787,0.25058641975308643,0.5851185628886965,0.07777777777777778,0.2152777777777778,0.0351197092618993,0.19722222222222222,0.2768817204301075,0.10434782608695652,0.19718309859154928
exo28,mappo,1024,18012,744,148,142,454,0.1989247311827957,0.19086021505376344,4.933333333333334,11.52027027027027,22.0,11.041666666666666,30,75,-16.58544579842139,0.28041665915635083,0.25864197530864197,0.5783931628459205,0.10416666666666667,0.20555555555555557,0.0351197092618993,0.19722222222222224,0.24358974358974358,0.11061946902654868,0.21875
exo28,mappo,1024,18013,744,159,149,436,0.21370967741935484,0.20026881720430106,5.3,10.528301886792454,21.099999999999994,10.693055555555556,30,67,-15.504742100030109,0.2640182563323611,0.25033950617283945,0.5818957113751436,0.09305555555555557,0.2208333333333333,0.0351197092618993,0.20694444444444443,0.25136612021857924,0.1336206896551724,0.2465753424657534
exo28,mappo,1024,18014,744,156,152,436,0.20967741935483872,0.20430107526881722,5.2,10.717948717948717,22.25,10.598611111111111,29,73,-16.31597002629381,0.273406517080025,0.24824074074074076,0.5918792027765277,0.1013888888888889,0.21666666666666667,0.0351197092618993,0.21111111111111114,0.27071823204419887,0.12236286919831224,0.2
exo28,mappo,1024,18015,744,151,141,452,0.20295698924731181,0.18951612903225806,5.033333333333333,11.947019867549669,22.0,11.172222222222222,30,69,-16.37208268783082,0.28407027078785313,0.2614814814814814,0.575797738062434,0.09583333333333334,0.2097222222222222,0.0351197092618993,0.19583333333333333,0.2340966921119593,0.14150943396226415,0.20863309352517986
exo28,mappo,123,18001,744,149,139,456,0.20026881720430106,0.1868279569892473,4.966666666666667,10.657718120805368,22.0,10.883333333333333,31,105,-16.59730887606038,0.2856480183748703,0.2551851851851852,0.5854660286391545,0.14583333333333334,0.20694444444444446,0.0351197092618993,0.19305555555555554,0.2200557103064067,0.15086206896551724,0.22875816993464052
exo28,mappo,123,18002,744,149,148,447,0.20026881720430106,0.1989247311827957,4.966666666666667,10.89261744966443,22.0,10.873611111111112,32,110,-17.23691016542992,0.2806627918770018,0.25469135802469134,0.5885804518027444,0.1527777777777778,0.2069444444444444,0.0351197092618993,0.2055555555555556,0.2836676217765043,0.1375,0.10967741935483871
exo28,mappo,123,18003,744,152,134,458,0.20430107526881722,0.18010752688172044,5.066666666666666,11.06578947368421,23.44999999999999,11.095833333333333,32,139,-16.107584747034153,0.2783666464707379,0.2599691358024691,0.584544544177907,0.19305555555555554,0.21111111111111114,0.0351197092618993,0.1861111111111111,0.24742268041237114,0.13596491228070176,0.1953125
exo28,mappo,123,18004,744,149,160,435,0.20026881720430106,0.21505376344086022,4.966666666666667,11.550335570469798,23.0,10.881944444444445,31,93,-18.062566847903703,0.2813249601618206,0.25450617283950616,0.5725480334828588,0.12916666666666665,0.20694444444444446,0.0351197092618993,0.2222222222222222,0.24202127659574468,0.0945945945945946,0.2534246575342466
exo28,mappo,123,18005,744,159,145,440,0.21370967741935484,0.19489247311827956,5.3,11.251572327044025,24.19999999999999,10.883333333333333,31,115,-16.10520952566526,0.2791075547071425,0.25469135802469134,0.5741214991353426,0.1597222222222222,0.22083333333333333,0.0351197092618993,0.2013888888888889,0.25745257452574527,0.13924050632911392,0.2246376811594203
exo28,mappo,123,18006,744,155,150,439,0.20833333333333334,0.20161290322580644,5.166666666666667,11.0,21.0,10.869444444444444,31,121,-16.826806993306445,0.2744968427890463,0.2543518518518519,0.596810490246083,0.16805555555555554,0.21527777777777776,0.0351197092618993,0.20833333333333334,0.26975476839237056,0.12385321100917432,0.18238993710691823
exo28,mappo,123,18007,744,150,143,451,0.20161290322580644,0.1922043010752688,5.0,11.273333333333333,21.64999999999995,10.895833333333334,29,103,-16.80119299886726,0.28432823937222895,0.2553086419753086,0.587859760835761,0.14305555555555557,0.20833333333333334,0.0351197092618993,0.1986111111111111,0.2358974358974359,0.13122171945701358,0.21804511278195488
exo28,mappo,123,18008,744,154,158,432,0.20698924731182797,0.21236559139784947,5.133333333333334,10.681818181818182,21.0,10.643055555555556,27,102,-17.50275653655294,0.28305067978918064,0.24910493827160496,0.5813417210799897,0.14166666666666666,0.21388888888888885,0.0351197092618993,0.21944444444444447,0.25077399380804954,0.1125,0.2541436464088398
exo28,mappo,123,18009,744,144,155,445,0.1935483870967742,0.20833333333333334,4.8,11.26388888888889,23.849999999999994,10.969444444444445,27,108,-18.321816854040925,0.2808035681349226,0.25675925925925924,0.6044872644395533,0.15,0.2,0.0351197092618993,0.21527777777777782,0.2668463611859838,0.10434782608695652,0.14685314685314685
exo28,mappo,123,18010,744,158,140,446,0.21236559139784947,0.1881720430107527,5.266666666666667,11.386075949367088,24.0,10.811111111111112,29,106,-15.701619829520773,0.2797909948923895,0.2532716049382716,0.5802263343705115,0.1472222222222222,0.21944444444444447,0.0351197092618993,0.19444444444444445,0.2677165354330709,0.13513513513513514,0.18439716312056736
exo28,mappo,123,18011,744,153,142,449,0.2056451612903226,0.19086021505376344,5.1,10.42483660130719,21.400000000000006,10.752777777777778,28,92,-15.838519336732707,0.2690915936107369,0.2520679012345679,0.5869275903317565,0.1277777777777778,0.2125,0.0351197092618993,0.19722222222222224,0.271505376344086,0.10434782608695652,0.19718309859154928
exo28,mappo,123,18012,744,145,145,454,0.19489247311827956,0.19489247311827956,4.833333333333333,11.50344827586207,23.0,11.098611111111111,29,117,-17.467482784660234,0.2793011042407198,0.2599074074074074,0.5901042506250556,0.1625,0.2013888888888889,0.0351197092618993,0.2013888888888889,0.24871794871794872,0.11504424778761062,0.171875
exo28,mappo,123,18013,744,157,150,437,0.2110215053763441,0.20161290322580644,5.233333333333333,10.993630573248408,23.0,10.779166666666667,28,104,-16.48542117178332,0.2757201347900023,0.2522839506172839,0.5901032840498003,0.14444444444444443,0.21805555555555553,0.0351197092618993,0.20833333333333334,0.2568306010928962,0.1336206896551724,0.2191780821917808
exo28,mappo,123,18014,744,155,153,436,0.20833333333333334,0.2056451612903226,5.166666666666667,10.30967741935484,21.0,10.583333333333334,28,115,-16.832229549505684,0.2735442499425595,0.24790123456790122,0.5930822090489671,0.15972222222222224,0.21527777777777776,0.0351197092618993,0.2125,0.26519337016574585,0.1308016877637131,0.19310344827586207
exo28,mappo,123,18015,744,151,143,450,0.20295698924731181,0.1922043010752688,5.033333333333333,12.039735099337749,22.5,11.1625,31,110,-16.781336207063532,0.2799884913105073,0.2612037037037037,0.5858111503579093,0.15277777777777776,0.20972222222222223,0.0351197092618993,0.1986111111111111,0.23918575063613232,0.12735849056603774,0.2158273381294964
exo28,mappo,2024,18001,744,143,143,458,0.1922043010752688,0.1922043010752688,4.766666666666667,10.783216783216783,22.0,10.954166666666667,32,50,-16.945815927337133,0.2842784488736904,0.256820987654321,0.5772443209901169,0.06944444444444443,0.19861111111111113,0.0351197092618993,0.1986111111111111,0.21727019498607242,0.1336206896551724,0.2222222222222222
exo28,mappo,2024,18002,744,149,149,446,0.20026881720430106,0.20026881720430106,4.966666666666667,11.093959731543624,22.0,10.9,31,67,-16.82309390190164,0.2767977363476443,0.2552469135802469,0.5765144748091174,0.09305555555555557,0.20694444444444443,0.0351197092618993,0.20694444444444446,0.28939828080229224,0.1375,0.0967741935483871
exo28,mappo,2024,18003,744,154,135,455,0.20698924731182797,0.1814516129032258,5.133333333333334,11.116883116883116,23.0,11.025,30,75,-15.354951242620379,0.2753377691452516,0.25830246913580246,0.5828443715170689,0.10416666666666666,0.21388888888888888,0.0351197092618993,0.1875,0.2551546391752577,0.12719298245614036,0.203125
exo28,mappo,2024,18004,744,159,151,434,0.21370967741935484,0.20295698924731181,5.3,11.433962264150944,22.0,10.820833333333333,28,37,-16.09546181258396,0.2864350839334475,0.25311728395061733,0.5601895617711177,0.05138888888888888,0.2208333333333333,0.0351197092618993,0.20972222222222223,0.24202127659574468,0.11711711711711711,0.2876712328767123
exo28,mappo,2024,18005,744,163,140,441,0.21908602150537634,0.1881720430107527,5.433333333333334,11.0,23.0,10.820833333333333,30,43,-14.86378266114515,0.28377918647841227,0.2533333333333333,0.5744604241134735,0.05972222222222222,0.2263888888888889,0.0351197092618993,0.19444444444444448,0.2601626016260163,0.15611814345991562,0.21739130434782608
exo28,mappo,2024,18006,744,163,147,434,0.21908602150537634,0.1975806451612903,5.433333333333334,11.257668711656441,22.0,10.780555555555555,30,60,-15.341876626291928,0.27499225501347874,0.25222222222222224,0.588916616033956,0.08333333333333333,0.2263888888888889,0.0351197092618993,0.20416666666666666,0.28610354223433243,0.13302752293577982,0.18238993710691823
exo28,mappo,2024,18007,744,149,143,452,0.20026881720430106,0.1922043010752688,4.966666666666667,11.295302013422818,22.599999999999994,10.865277777777777,28,48,-16.59525698781721,0.2917085983178616,0.2546604938271605,0.5755960195479368,0.06666666666666667,0.20694444444444443,0.0351197092618993,0.19861111111111104,0.23333333333333334,0.12669683257918551,0.22556390977443608
exo28,mappo,2024,18008,744,161,153,430,0.2163978494623656,0.2056451612903226,5.366666666666666,11.180124223602485,22.0,10.644444444444444,29,51,-16.138867404306772,0.2856757964058988,0.2490740740740741,0.5757077577443322,0.07083333333333332,0.22361111111111112,0.0351197092618993,0.21250000000000002,0.26006191950464397,0.11666666666666667,0.27071823204419887
exo28,mappo,2024,18009,744,147,152,445,0.1975806451612903,0.20430107526881722,4.9,11.306122448979592,23.69999999999999,10.931944444444444,29,59,-17.561701501986043,0.287261293938137,0.255925925925926,0.5959826668335595,0.08194444444444444,0.2041666666666667,0.0351197092618993,0.21111111111111114,0.2668463611859838,0.11304347826086956,0.15384615384615385
exo28,mappo,2024,18010,744,161,137,446,0.2163978494623656,0.18413978494623656,5.366666666666666,11.267080745341614,23.0,10.834722222222222,32,50,-14.75374482255025,0.28053340455758036,0.25379629629629635,0.5748685934197872,0.06944444444444445,0.22361111111111107,0.0351197092618993,0.1902777777777778,0.25984251968503935,0.15315315315315314,0.19858156028368795
exo28,mappo,2024,18011,744,158,142,444,0.21236559139784947,0.19086021505376344,5.266666666666667,10.962025316455696,23.150000000000006,10.751388888888888,30,53,-15.385291977014052,0.27933802788733014,0.2518827160493827,0.5820911646966438,0.0736111111111111,0.21944444444444441,0.0351197092618993,0.19722222222222224,0.2849462365591398,0.10869565217391304,0.19014084507042253
exo28,mappo,2024,18012,744,154,142,448,0.20698924731182797,0.19086021505376344,5.133333333333334,11.564935064935066,21.0,10.990277777777777,30,64,-15.741085084714726,0.27314887177563063,0.2573148148148148,0.5774569715904057,0.08888888888888888,0.2138888888888889,0.0351197092618993,0.19722222222222224,0.26153846153846155,0.11061946902654868,0.2109375
exo28,mappo,2024,18013,744,160,147,437,0.21505376344086022,0.1975806451612903,5.333333333333333,10.625,22.0,10.7,31,50,-15.324543429419816,0.2711715714105155,0.25052469135802463,0.5793704111309083,0.06944444444444445,0.2222222222222222,0.0351197092618993,0.20416666666666666,0.2540983606557377,0.13793103448275862,0.23972602739726026
exo28,mappo,2024,18014,744,159,150,435,0.21370967741935484,0.20161290322580644,5.3,10.61006289308176,21.099999999999994,10.54861111111111,27,52,-15.79365873906989,0.2766194594654856,0.2470987654320988,0.5920040412053063,0.07222222222222223,0.22083333333333335,0.0351197092618993,0.20833333333333337,0.27071823204419887,0.1308016877637131,0.20689655172413793
exo28,mappo,2024,18015,744,152,137,455,0.20430107526881722,0.18413978494623656,5.066666666666666,11.980263157894736,22.0,11.209722222222222,30,53,-15.897243323010802,0.28631718548089874,0.26240740740740737,0.5709747287845653,0.0736111111111111,0.21111111111111108,0.0351197092618993,0.1902777777777778,0.22646310432569974,0.14622641509433962,0.2302158273381295
exo28,mappo,314,18001,744,146,143,455,0.19623655913978494,0.1922043010752688,4.866666666666666,10.643835616438356,22.0,10.905555555555555,32,51,-16.775452261906768,0.2859345337345742,0.2556481481481481,0.5938338555094292,0.07083333333333332,0.20277777777777783,0.0351197092618993,0.1986111111111111,0.2200557103064067,0.14224137931034483,0.2222222222222222
exo28,mappo,314,18002,744,151,143,450,0.20295698924731181,0.1922043010752688,5.033333333333333,11.079470198675496,21.0,10.911111111111111,34,62,-16.341805470867243,0.28312855558935834,0.2556172839506173,0.5859249535286598,0.08611111111111111,0.20972222222222223,0.0351197092618993,0.19861111111111113,0.2808022922636103,0.15833333333333333,0.0967741935483871
exo28,mappo,314,18003,744,157,131,456,0.2110215053763441,0.1760752688172043,5.233333333333333,10.94267515923567,24.0,10.98611111111111,32,69,-14.88124888737195,0.2802005083621152,0.2574691358024691,0.5940939720434002,0.09583333333333331,0.21805555555555556,0.0351197092618993,0.18194444444444444,0.2551546391752577,0.14912280701754385,0.1875
exo28,mappo,314,18004,744,156,156,432,0.20967741935483872,0.20967741935483872,5.2,11.365384615384615,23.0,10.827777777777778,30,56,-16.741554864963582,0.2797447224198451,0.25320987654320987,0.5667167869596083,0.07777777777777778,0.21666666666666667,0.0351197092618993,0.21666666666666665,0.24468085106382978,0.10810810810810811,0.273972602739726
exo28,mappo,314,18005,744,164,139,441,0.22043010752688172,0.1868279569892473,5.466666666666667,11.390243902439025,24.0,10.915277777777778,32,53,-15.002630989753536,0.28847108125135784,0.25543209876543205,0.5848119069078002,0.07361111111111111,0.2277777777777778,0.0351197092618993,0.19305555555555556,0.26287262872628725,0.16455696202531644,0.2028985507246377
exo28,mappo,314,18006,744,158,151,435,0.21236559139784947,0.20295698924731181,5.266666666666667,11.240506329113924,22.150000000000006,10.83611111111111,33,71,-16.157999962832914,0.2727893255427519,0.25348765432098763,0.5923080105758742,0.09861111111111112,0.21944444444444444,0.0351197092618993,0.20972222222222223,0.2779291553133515,0.11467889908256881,0.1949685534591195
exo28,mappo,314,18007,744,150,141,453,0.20161290322580644,0.18951612903225806,5.0,11.466666666666667,23.0,10.901388888888889,31,55,-16.452318445545654,0.291314171402514,0.2554938271604938,0.5891163301664495,0.07638888888888888,0.20833333333333334,0.0351197092618993,0.1958333333333333,0.23333333333333334,0.12669683257918551,0.23308270676691728
exo28,mappo,314,18008,744,166,149,429,0.22311827956989247,0.20026881720430106,5.533333333333333,10.963855421686747,21.0,10.604166666666666,28,54,-15.571648317819772,0.29150804875915737,0.2481481481481481,0.5773862794568213,0.075,0.2305555555555555,0.0351197092618993,0.20694444444444446,0.25696594427244585,0.13333333333333333,0.281767955801105
exo28,mappo,314,18009,744,149,149,446,0.20026881720430106,0.20026881720430106,4.966666666666667,11.288590604026846,23.599999999999994,10.916666666666666,33,68,-17.203830944448658,0.2857622607732304,0.25561728395061734,0.6080408373281879,0.09444444444444446,0.20694444444444446,0.0351197092618993,0.2069444444444445,0.2641509433962264,0.11739130434782609,0.16783216783216784
exo28,mappo,314,18010,744,163,138,443,0.21908602150537634,0.18548387096774194,5.433333333333334,11.404907975460123,24.0,10.765277777777778,32,63,-14.559679913067479,0.2730322578853143,0.2521604938271605,0.5899448434012771,0.0875,0.2263888888888889,0.0351197092618993,0.1916666666666667,0.2755905511811024,0.13963963963963963,0.19148936170212766
exo28,mappo,314,18011,744,157,141,446,0.2110215053763441,0.18951612903225806,5.233333333333333,10.821656050955413,22.0,10.73611111111111,32,49,-15.249472387086046,0.2746775038414554,0.25160493827160496,0.5967565418460553,0.06805555555555555,0.21805555555555553,0.0351197092618993,0.19583333333333333,0.27956989247311825,0.10434782608695652,0.20422535211267606
exo28,mappo,314,18012,744,149,143,452,0.20026881720430106,0.1922043010752688,4.966666666666667,11.738255033557047,23.0,11.075,30,59,-16.56636207579363,0.28204748052126516,0.259320987654321,0.5947360539998701,0.08194444444444443,0.20694444444444443,0.0351197092618993,0.19861111111111113,0.24871794871794872,0.11946902654867257,0.1953125
exo28,mappo,314,18013,744,161,150,433,0.2163978494623656,0.20161290322580644,5.366666666666666,10.875776397515528,22.0,10.702777777777778,32,64,-15.729196886415684,0.27358948369655706,0.25046296296296294,0.5961251566518321,0.08888888888888888,0.22361111111111112,0.0351197092618993,0.20833333333333334,0.26229508196721313,0.13793103448275862,0.22602739726027396
exo28,mappo,314,18014,744,157,150,437,0.2110215053763441,0.20161290322580644,5.233333333333333,10.318471337579618,22.0,10.543055555555556,31,55,-15.76207890400323,0.26870291103589766,0.24703703703703705,0.5972478520839043,0.0763888888888889,0.21805555555555556,0.0351197092618993,0.20833333333333334,0.27071823204419887,0.1350210970464135,0.18620689655172415
exo28,mappo,314,18015,744,153,136,455,0.2056451612903226,0.1827956989247312,5.1,11.928104575163399,22.0,11.177777777777777,34,58,-15.855198398081418,0.28801366807609047,0.26169753086419756,0.5873406068685317,0.08055555555555555,0.21250000000000005,0.0351197092618993,0.1888888888888889,0.22900763358778625,0.14622641509433962,0.2302158273381295
exo28,mappo,42,18001,744,147,140,457,0.1975806451612903,0.1881720430107527,4.9,10.829931972789115,23.0,10.936111111111112,30,72,-16.525432085853602,0.2824438204976234,0.2563888888888889,0.5922527810463994,0.1,0.20416666666666664,0.0351197092618993,0.19444444444444445,0.21727019498607242,0.14224137931034483,0.23529411764705882
exo28,mappo,42,18002,744,154,144,446,0.20698924731182797,0.1935483870967742,5.133333333333334,10.967532467532468,21.349999999999994,10.868055555555555,33,91,-16.23637756526188,0.27772466203571494,0.25453703703703706,0.5884632291719468,0.12638888888888886,0.21388888888888893,0.0351197092618993,0.20000000000000004,0.2808022922636103,0.15,0.12903225806451613
exo28,mappo,42,18003,744,151,131,462,0.20295698924731181,0.1760752688172043,5.033333333333333,10.933774834437086,24.0,11.075,34,104,-15.679146051831792,0.2785333543628389,0.2596296296296297,0.5955583940166059,0.14444444444444446,0.20972222222222223,0.0351197092618993,0.18194444444444444,0.23969072164948454,0.13596491228070176,0.2109375
exo28,mappo,42,18004,744,151,156,437,0.20295698924731181,0.20967741935483872,5.033333333333333,11.509933774834437,21.5,10.880555555555556,30,75,-17.437460055953462,0.28142466656744985,0.25453703703703706,0.5796017918629054,0.10416666666666666,0.20972222222222223,0.0351197092618993,0.21666666666666665,0.23670212765957446,0.10810810810810811,0.2602739726027397
exo28,mappo,42,18005,744,157,142,445,0.2110215053763441,0.19086021505376344,5.233333333333333,11.07643312101911,24.0,10.927777777777777,30,86,-16.003557241209993,0.28463286293608775,0.2558333333333333,0.5841818528916659,0.11944444444444445,0.2180555555555555,0.0351197092618993,0.19722222222222222,0.24932249322493225,0.1518987341772152,0.21014492753623187
exo28,mappo,42,18006,744,162,147,435,0.21774193548387097,0.1975806451612903,5.4,11.080246913580247,20.0,10.779166666666667,31,81,-15.449763138761522,0.2685729522044179,0.25222222222222224,0.6029607038366509,0.11250000000000002,0.225,0.0351197092618993,0.20416666666666666,0.28337874659400547,0.12385321100917432,0.1949685534591195
exo28,mappo,42,18007,744,152,142,450,0.20430107526881722,0.19086021505376344,5.066666666666666,11.31578947368421,21.44999999999999,10.843055555555555,26,86,-16.318200693348558,0.2829189236200589,0.25410493827160496,0.5811406683697483,0.11944444444444444,0.2111111111111111,0.0351197092618993,0.19722222222222222,0.24102564102564103,0.12217194570135746,0.23308270676691728
exo28,mappo,42,18008,744,158,151,435,0.21236559139784947,0.20295698924731181,5.266666666666667,10.49367088607595,21.150000000000006,10.598611111111111,26,68,-16.32758112461721,0.2839390204394093,0.24820987654320986,0.587893671092954,0.09444444444444443,0.21944444444444447,0.0351197092618993,0.2097222222222222,0.24148606811145512,0.125,0.27624309392265195
exo28,mappo,42,18009,744,151,150,443,0.20295698924731181,0.20161290322580644,5.033333333333333,11.6158940397351,24.0,10.9375,29,89,-17.524700107535097,0.29228945105470727,0.25598765432098763,0.6162068036903801,0.12361111111111109,0.20972222222222225,0.0351197092618993,0.20833333333333337,0.2749326145552561,0.11739130434782609,0.15384615384615385
exo28,mappo,42,18010,744,155,138,451,0.20833333333333334,0.18548387096774194,5.166666666666667,10.883870967741936,22.599999999999966,10.784722222222221,29,74,-15.390839710456328,0.27495399381732444,0.2528395061728395,0.5895708733342498,0.10277777777777777,0.2152777777777778,0.0351197092618993,0.19166666666666668,0.25196850393700787,0.14414414414414414,0.19148936170212766
exo28,mappo,42,18011,744,155,139,450,0.20833333333333334,0.1868279569892473,5.166666666666667,10.703225806451613,23.0,10.765277777777778,30,98,-15.801716534177165,0.27925802680958384,0.25237654320987657,0.5927487439111936,0.1361111111111111,0.21527777777777776,0.0351197092618993,0.19305555555555554,0.26881720430107525,0.10869565217391304,0.2112676056338028
exo28,mappo,42,18012,744,142,142,460,0.19086021505376344,0.19086021505376344,4.733333333333333,11.345070422535212,22.0,11.158333333333333,32,76,-17.252671940939567,0.28146566343528995,0.26141975308641974,0.5986451675625873,0.10555555555555554,0.19722222222222224,0.0351197092618993,0.19722222222222224,0.23076923076923078,0.12389380530973451,0.1875
exo28,mappo,42,18013,744,167,145,432,0.22446236559139784,0.19489247311827956,5.566666666666666,10.664670658682635,21.69999999999999,10.6375,30,84,-14.853361264397789,0.2691093776751644,0.24898148148148147,0.6108328613783115,0.11666666666666667,0.23194444444444443,0.0351197092618993,0.2013888888888889,0.26229508196721313,0.14224137931034483,0.2602739726027397
exo28,mappo,42,18014,744,148,154,442,0.1989247311827957,0.20698924731182797,4.933333333333334,10.216216216216216,21.0,10.670833333333333,28,74,-17.382613902065604,0.27853762789504993,0.25003086419753084,0.6012395100069999,0.10277777777777777,0.2055555555555556,0.0351197092618993,0.2138888888888889,0.2513812154696133,0.1308016877637131,0.1793103448275862
exo28,mappo,42,18015,744,147,139,458,0.1975806451612903,0.1868279569892473,4.9,11.551020408163266,22.69999999999999,11.215277777777779,32,91,-16.705427905094865,0.2816593820022812,0.2626234567901235,0.5852192292036994,0.12638888888888888,0.20416666666666664,0.0351197092618993,0.19305555555555556,0.21628498727735368,0.14622641509433962,0.22302158273381295
exo28,mappo,456,18001,744,147,142,455,0.1975806451612903,0.19086021505376344,4.9,10.72108843537415,22.0,10.933333333333334,32,64,-16.617872950502864,0.28379924516373645,0.2562654320987654,0.5771664769226788,0.08888888888888888,0.20416666666666664,0.0351197092618993,0.19722222222222222,0.22562674094707522,0.15086206896551724,0.20261437908496732
exo28,mappo,456,18002,744,151,148,445,0.20295698924731181,0.1989247311827957,5.033333333333333,11.28476821192053,22.5,10.863888888888889,31,72,-16.733274174257552,0.28000206820141854,0.25441358024691363,0.5906423581677895,0.09999999999999999,0.20972222222222223,0.0351197092618993,0.20555555555555557,0.2922636103151863,0.13333333333333333,0.10967741935483871
exo28,mappo,456,18003,744,154,131,459,0.20698924731182797,0.1760752688172043,5.133333333333334,10.785714285714286,21.349999999999994,11.022222222222222,34,86,-15.26096923886481,0.279473922879008,0.2583641975308642,0.5902172279893769,0.11944444444444444,0.2138888888888889,0.0351197092618993,0.18194444444444444,0.2422680412371134,0.14473684210526316,0.2109375
exo28,mappo,456,18004,744,158,151,435,0.21236559139784947,0.20295698924731181,5.266666666666667,11.329113924050633,23.0,10.894444444444444,31,47,-16.345761403061456,0.288019426442437,0.2547839506172839,0.5588904446181682,0.06527777777777778,0.21944444444444444,0.0351197092618993,0.2097222222222222,0.23670212765957446,0.13513513513513514,0.2671232876712329
exo28,mappo,456,18005,744,162,144,438,0.21774193548387097,0.1935483870967742,5.4,11.135802469135802,23.0,10.825,29,68,-15.280774358786354,0.27682261329668734,0.25333333333333335,0.5746900551444557,0.09444444444444446,0.22500000000000003,0.0351197092618993,0.2,0.26558265582655827,0.14767932489451477,0.21014492753623187
exo28,mappo,456,18006,744,162,149,433,0.21774193548387097,0.20026881720430106,5.4,11.345679012345679,22.0,10.795833333333333,32,64,-15.68173053082684,0.2766065152510534,0.25253086419753085,0.5891450682562664,0.08888888888888888,0.225,0.0351197092618993,0.20694444444444443,0.2888283378746594,0.12844036697247707,0.1761006289308176
exo28,mappo,456,18007,744,154,147,443,0.20698924731182797,0.1975806451612903,5.133333333333334,11.948051948051948,23.0,10.85138888888889,30,62,-16.4569000647429,0.28593991798517593,0.25407407407407406,0.5807440954302704,0.0861111111111111,0.2138888888888889,0.0351197092618993,0.20416666666666664,0.258974358974359,0.11764705882352941,0.20300751879699247
exo28,mappo,456,18008,744,155,158,431,0.20833333333333334,0.21236559139784947,5.166666666666667,10.67741935483871,20.299999999999983,10.64861111111111,27,58,-17.007717859901614,0.2816066154678331,0.2491975308641975,0.5800287313356167,0.08055555555555555,0.21527777777777776,0.0351197092618993,0.21944444444444444,0.25386996904024767,0.12083333333333333,0.2430939226519337
exo28,mappo,456,18009,744,149,151,444,0.20026881720430106,0.20295698924731181,4.966666666666667,11.248322147651006,23.599999999999994,10.9125,32,60,-17.153762422670393,0.28185529261942055,0.255462962962963,0.5983222461747663,0.08333333333333333,0.20694444444444446,0.0351197092618993,0.20972222222222225,0.2722371967654987,0.11304347826086956,0.15384615384615385
exo28,mappo,456,18010,744,157,137,450,0.2110215053763441,0.18413978494623656,5.233333333333333,11.210191082802547,23.0,10.83611111111111,29,61,-14.993040787119023,0.27431969515034377,0.25395061728395063,0.5738697744471755,0.08472222222222221,0.21805555555555556,0.0351197092618993,0.1902777777777778,0.2572178477690289,0.14864864864864866,0.18439716312056736
exo28,mappo,456,18011,744,148,146,450,0.1989247311827957,0.19623655913978494,4.933333333333334,10.56081081081081,21.650000000000006,10.748611111111112,28,44,-16.167888047775755,0.2682710196183038,0.25200617283950616,0.5887500610975981,0.061111111111111116,0.2055555555555556,0.0351197092618993,0.20277777777777778,0.26881720430107525,0.08260869565217391,0.20422535211267606
exo28,mappo,456,18012,744,148,142,454,0.1989247311827957,0.19086021505376344,4.933333333333334,11.16891891891892,22.650000000000006,11.0125,29,73,-16.440088065627958,0.2762296995826956,0.25799382716049385,0.5825509217254018,0.10138888888888889,0.20555555555555555,0.0351197092618993,0.19722222222222227,0.24358974358974358,0.12831858407079647,0.1875
exo28,mappo,456,18013,744,156,149,439,0.20967741935483872,0.20026881720430106,5.2,10.942307692307692,22.25,10.761111111111111,31,78,-16.242205601621556,0.2764459586085347,0.25194444444444447,0.5767114607488263,0.10833333333333332,0.21666666666666667,0.0351197092618993,0.20694444444444446,0.25136612021857924,0.12931034482758622,0.2328767123287671
exo28,mappo,456,18014,744,159,149,436,0.21370967741935484,0.20026881720430106,5.3,10.477987421383649,21.099999999999994,10.565277777777778,29,74,-15.896326174760686,0.27693007320130064,0.2475,0.5865771725342113,0.10277777777777777,0.22083333333333333,0.0351197092618993,0.20694444444444446,0.27071823204419887,0.1350210970464135,0.2
exo28,mappo,456,18015,744,153,139,452,0.2056451612903226,0.1868279569892473,5.1,11.869281045751634,22.0,11.14861111111111,32,64,-15.772242129532927,0.277399237304105,0.2609567901234568,0.5717587509981495,0.08888888888888888,0.2125,0.0351197092618993,0.19305555555555556,0.2366412213740458,0.14150943396226415,0.2158273381294964
exo28,mappo,7,18001,744,148,143,453,0.1989247311827957,0.1922043010752688,4.933333333333334,10.945945945945946,22.0,10.911111111111111,32,44,-16.44481072989623,0.2842953418409265,0.25570987654320987,0.5745181032818983,0.06111111111111111,0.20555555555555557,0.0351197092618993,0.1986111111111111,0.22841225626740946,0.12931034482758622,0.23529411764705882
exo28,mappo,7,18002,744,150,150,444,0.20161290322580644,0.20161290322580644,5.0,10.866666666666667,22.0,10.834722222222222,32,65,-16.550492184352276,0.2693067239400592,0.25373456790123455,0.5782116806895023,0.09027777777777778,0.20833333333333334,0.0351197092618993,0.20833333333333337,0.2922636103151863,0.13333333333333333,0.1032258064516129
exo28,mappo,7,18003,744,159,129,456,0.21370967741935484,0.17338709677419356,5.3,10.855345911949685,22.0,10.97638888888889,31,55,-14.427894806896683,0.2809344681647519,0.25725308641975314,0.5873647422536731,0.07638888888888888,0.22083333333333333,0.0351197092618993,0.17916666666666664,0.2551546391752577,0.15350877192982457,0.1953125
exo28,mappo,7,18004,744,157,157,430,0.2110215053763441,0.2110215053763441,5.233333333333333,11.707006369426752,23.19999999999999,10.845833333333333,30,43,-16.676051835054015,0.28123056222602505,0.2535493827160494,0.5634191073230154,0.05972222222222222,0.21805555555555556,0.0351197092618993,0.21805555555555553,0.2473404255319149,0.0990990990990991,0.2876712328767123
exo28,mappo,7,18005,744,164,142,438,0.22043010752688172,0.19086021505376344,5.466666666666667,11.231707317073171,22.0,10.822222222222223,30,44,-14.841917610897445,0.2796737081377815,0.2532716049382716,0.5781651290421501,0.06111111111111111,0.22777777777777777,0.0351197092618993,0.19722222222222224,0.26287262872628725,0.1350210970464135,0.2536231884057971
exo28,mappo,7,18006,744,157,152,435,0.2110215053763441,0.20430107526881722,5.233333333333333,11.210191082802547,21.19999999999999,10.822222222222223,30,59,-16.05335239609903,0.268088063946779,0.25317901234567897,0.5846850178712213,0.08194444444444444,0.21805555555555553,0.0351197092618993,0.21111111111111114,0.28065395095367845,0.11009174311926606,0.18867924528301888
exo28,mappo,7,18007,744,154,145,445,0.20698924731182797,0.19489247311827956,5.133333333333334,12.168831168831169,22.349999999999994,10.873611111111112,28,49,-16.276690804332016,0.28924134042472394,0.2546296296296296,0.5748823397867172,0.06805555555555555,0.21388888888888896,0.0351197092618993,0.20138888888888884,0.25384615384615383,0.10407239819004525,0.24060150375939848
exo28,mappo,7,18008,744,160,150,434,0.21505376344086022,0.20161290322580644,5.333333333333333,10.61875,21.049999999999983,10.593055555555555,28,37,-15.55283628313331,0.2772024493331296,0.2480555555555556,0.567690114006797,0.05138888888888889,0.2222222222222222,0.0351197092618993,0.20833333333333334,0.24458204334365324,0.125,0.281767955801105
exo28,mappo,7,18009,744,154,149,441,0.20698924731182797,0.20026881720430106,5.133333333333334,11.571428571428571,23.349999999999994,10.897222222222222,30,52,-16.585935884666814,0.28469278148681737,0.25503086419753085,0.6007953016230625,0.07222222222222222,0.2138888888888889,0.0351197092618993,0.2069444444444445,0.2776280323450135,0.11739130434782609,0.16783216783216784
exo28,mappo,7,18010,744,160,140,444,0.21505376344086022,0.1881720430107527,5.333333333333333,11.0875,23.0,10.791666666666666,31,54,-14.890239594262647,0.2741326030083988,0.2527777777777778,0.5703007920749951,0.075,0.22222222222222227,0.0351197092618993,0.19444444444444445,0.2650918635170604,0.14864864864864866,0.18439716312056736
exo28,mappo,7,18011,744,159,139,446,0.21370967741935484,0.1868279569892473,5.3,10.540880503144654,22.0,10.702777777777778,31,49,-14.693345532362205,0.26981202004228944,0.2508641975308642,0.5770727986334719,0.06805555555555556,0.22083333333333333,0.0351197092618993,0.19305555555555556,0.2768817204301075,0.11304347826086956,0.2112676056338028
exo28,mappo,7,18012,744,146,140,458,0.19623655913978494,0.1881720430107527,4.866666666666666,11.308219178082192,22.0,11.079166666666667,32,47,-16.255206019451695,0.27643988618579507,0.2595987654320988,0.5782044230183689,0.06527777777777777,0.2027777777777778,0.0351197092618993,0.19444444444444445,0.23846153846153847,0.11946902654867257,0.203125
exo28,mappo,7,18013,744,164,145,435,0.22043010752688172,0.19489247311827956,5.466666666666667,11.0,22.0,10.688888888888888,31,51,-14.94716958149042,0.2756784493488309,0.250216049382716,0.5748683737959815,0.07083333333333333,0.22777777777777777,0.0351197092618993,0.2013888888888889,0.2568306010928962,0.1336206896551724,0.2671232876712329
exo28,mappo,7,18014,744,161,144,439,0.2163978494623656,0.1935483870967742,5.366666666666666,10.329192546583851,21.0,10.5625,29,38,-15.203217440514905,0.2832415649090786,0.24753086419753087,0.5866235415720358,0.05277777777777778,0.22361111111111112,0.0351197092618993,0.20000000000000007,0.2596685082872928,0.14767932489451477,0.2206896551724138
exo28,mappo,7,18015,744,154,138,452,0.20698924731182797,0.18548387096774194,5.133333333333334,11.922077922077921,22.349999999999994,11.13888888888889,33,48,-15.583247823630778,0.2816081028870004,0.2607407407407407,0.5684003882635414,0.06666666666666667,0.21388888888888888,0.0351197092618993,0.19166666666666668,0.2366412213740458,0.14150943396226415,0.22302158273381295
exo28,mappo,789,18001,744,147,143,454,0.1975806451612903,0.1922043010752688,4.9,10.80952380952381,22.0,10.909722222222221,34,57,-16.660471647939737,0.28441153636287775,0.25570987654320987,0.5813542418546678,0.07916666666666668,0.20416666666666666,0.0351197092618993,0.1986111111111111,0.22284122562674094,0.13793103448275862,0.22875816993464052
exo28,mappo,789,18002,744,156,147,441,0.20967741935483872,0.1975806451612903,5.2,11.038461538461538,22.0,10.833333333333334,32,55,-15.606008881180614,0.2659482769143906,0.2536111111111111,0.5757338153210655,0.0763888888888889,0.21666666666666673,0.0351197092618993,0.2041666666666667,0.2979942693409742,0.14166666666666666,0.11612903225806452
exo28,mappo,789,18003,744,156,130,458,0.20967741935483872,0.17473118279569894,5.2,10.865384615384615,22.0,10.998611111111112,37,58,-14.612418108506166,0.2741807315848297,0.2578086419753086,0.5925209863671662,0.08055555555555553,0.21666666666666667,0.0351197092618993,0.18055555555555552,0.25,0.14035087719298245,0.2109375
exo28,mappo,789,18004,744,157,154,433,0.2110215053763441,0.20698924731182797,5.233333333333333,11.464968152866241,22.19999999999999,10.873611111111112,28,42,-16.507599184371276,0.2841997680887325,0.2542592592592593,0.5580082639004588,0.058333333333333334,0.21805555555555556,0.0351197092618993,0.21388888888888888,0.2393617021276596,0.12162162162162163,0.273972602739726
exo28,mappo,789,18005,744,161,140,443,0.2163978494623656,0.1881720430107527,5.366666666666666,11.093167701863354,23.0,10.890277777777778,31,48,-15.109934539419482,0.28361476923133455,0.2549382716049383,0.5758712720584097,0.06666666666666667,0.2236111111111111,0.0351197092618993,0.19444444444444445,0.25203252032520324,0.1518987341772152,0.2318840579710145
exo28,mappo,789,18006,744,161,147,436,0.2163978494623656,0.1975806451612903,5.366666666666666,11.217391304347826,22.0,10.827777777777778,34,39,-15.460737034767252,0.27896667396052993,0.2533333333333333,0.5826814516107742,0.05416666666666667,0.2236111111111111,0.0351197092618993,0.20416666666666666,0.28065395095367845,0.12844036697247707,0.18867924528301888
exo28,mappo,789,18007,744,155,144,445,0.20833333333333334,0.1935483870967742,5.166666666666667,11.638709677419355,22.299999999999983,10.802777777777777,27,50,-16.098363471177564,0.2898600243965498,0.25305555555555553,0.5746234260540135,0.06944444444444445,0.21527777777777773,0.0351197092618993,0.19999999999999998,0.25384615384615383,0.11764705882352941,0.22556390977443608
exo28,mappo,789,18008,744,162,146,436,0.21774193548387097,0.19623655913978494,5.4,10.802469135802468,22.0,10.636111111111111,28,40,-15.529509914823954,0.2907755372693469,0.2490740740740741,0.5743689637266909,0.05555555555555556,0.22499999999999998,0.0351197092618993,0.2027777777777778,0.24148606811145512,0.14583333333333334,0.27071823204419887
exo28,mappo,789,18009,744,153,151,440,0.2056451612903226,0.20295698924731181,5.1,11.529411764705882,23.0,10.893055555555556,33,37,-16.642808379419527,0.2825108306316222,0.2549074074074074,0.6008932960802382,0.05138888888888889,0.21249999999999997,0.0351197092618993,0.20972222222222225,0.2776280323450135,0.11739130434782609,0.16083916083916083
exo28,mappo,789,18010,744,164,133,447,0.22043010752688172,0.17876344086021506,5.466666666666667,11.487804878048781,24.0,10.819444444444445,36,39,-14.363917689228884,0.289431771732959,0.25348765432098763,0.5834116796946827,0.05416666666666667,0.22777777777777775,0.0351197092618993,0.18472222222222226,0.2650918635170604,0.16216216216216217,0.19148936170212766
exo28,mappo,789,18011,744,160,138,446,0.21505376344086022,0.18548387096774194,5.333333333333333,10.80625,22.0,10.706944444444444,32,39,-14.975725652672498,0.2860621254922441,0.2509567901234568,0.5912910434966163,0.05416666666666667,0.22222222222222224,0.0351197092618993,0.19166666666666668,0.28225806451612906,0.12173913043478261,0.19014084507042253
exo28,mappo,789,18012,744,149,143,452,0.20026881720430106,0.1922043010752688,4.966666666666667,11.38255033557047,22.599999999999994,11.015277777777778,32,52,-16.24578668195346,0.27516541806515205,0.2579938271604938,0.5867599423426719,0.07222222222222222,0.20694444444444446,0.0351197092618993,0.19861111111111113,0.2564102564102564,0.11504424778761062,0.1796875
exo28,mappo,789,18013,744,163,145,436,0.21908602150537634,0.19489247311827956,5.433333333333334,10.92638036809816,22.0,10.695833333333333,30,48,-15.110370541457998,0.2776585646207145,0.25040123456790114,0.5885416151404126,0.06666666666666667,0.22638888888888883,0.0351197092618993,0.2013888888888889,0.25956284153005466,0.13793103448275862,0.2465753424657534
exo28,mappo,789,18014,744,161,147,436,0.2163978494623656,0.1975806451612903,5.366666666666666,10.279503105590063,21.0,10.520833333333334,31,38,-15.246355451821906,0.2758368210762356,0.2465123456790123,0.5998651318176137,0.052777777777777785,0.22361111111111112,0.0351197092618993,0.20416666666666666,0.26795580110497236,0.14345991561181434,0.20689655172413793
exo28,mappo,789,18015,744,154,139,451,0.20698924731182797,0.1868279569892473,5.133333333333334,11.714285714285714,22.349999999999994,11.118055555555555,35,42,-15.4779695753643,0.27668563417579595,0.2602469135802469,0.5753718321262649,0.05833333333333335,0.21388888888888888,0.0351197092618993,0.19305555555555554,0.2340966921119593,0.13679245283018868,0.23741007194244604
exo28,global_dijkstra,-1,18001,744,151,143,450,0.20295698924731181,0.1922043010752688,5.033333333333333,10.774834437086092,21.0,10.890277777777778,35,88,-16.64072599801043,0.28257278260508595,0.25515432098765434,0.6226043405672593,0.12222222222222223,0.2097222222222222,0.0351197092618993,0.1986111111111111,0.233983286908078,0.1336206896551724,0.23529411764705882
exo28,global_dijkstra,-1,18002,744,158,149,437,0.21236559139784947,0.20026881720430106,5.266666666666667,11.177215189873417,22.0,10.852777777777778,43,92,-16.223054869184743,0.27133320561783375,0.25391975308641973,0.6223196107077629,0.1277777777777778,0.21944444444444447,0.0351197092618993,0.20694444444444443,0.3008595988538682,0.14166666666666666,0.12258064516129032
exo28,global_dijkstra,-1,18003,744,167,129,448,0.22446236559139784,0.17338709677419356,5.566666666666666,10.826347305389222,22.0,10.834722222222222,40,77,-13.565392279781145,0.26733206486186983,0.25385802469135804,0.6241595378489209,0.10694444444444444,0.23194444444444445,0.0351197092618993,0.17916666666666667,0.2757731958762887,0.14035087719298245,0.21875
exo28,global_dijkstra,-1,18004,744,158,156,430,0.21236559139784947,0.20967741935483872,5.266666666666667,11.563291139240507,24.0,10.904166666666667,34,71,-16.652268117570276,0.27432191294078456,0.2548456790123456,0.5919851017549145,0.09861111111111108,0.21944444444444444,0.0351197092618993,0.21666666666666665,0.25,0.11711711711711711,0.2602739726027397
exo28,global_dijkstra,-1,18005,744,161,139,444,0.2163978494623656,0.1868279569892473,5.366666666666666,10.937888198757763,23.0,10.9,39,80,-15.343898973862759,0.28010261027077876,0.2551851851851852,0.6258945867253066,0.11111111111111112,0.22361111111111112,0.0351197092618993,0.19305555555555554,0.25474254742547425,0.16033755274261605,0.21014492753623187
exo28,global_dijkstra,-1,18006,744,157,152,435,0.2110215053763441,0.20430107526881722,5.233333333333333,11.13375796178344,22.399999999999977,10.848611111111111,39,86,-16.519079676376403,0.2719796329469221,0.25376543209876545,0.6213203966042243,0.11944444444444444,0.21805555555555553,0.0351197092618993,0.21111111111111114,0.28065395095367845,0.12844036697247707,0.16352201257861634
exo28,global_dijkstra,-1,18007,744,158,141,445,0.21236559139784947,0.18951612903225806,5.266666666666667,11.69620253164557,24.0,10.872222222222222,38,82,-16.04693283632509,0.29028885649823183,0.25459876543209875,0.6186236588517994,0.11388888888888889,0.21944444444444444,0.0351197092618993,0.19583333333333333,0.2512820512820513,0.1493212669683258,0.20300751879699247
exo28,global_dijkstra,-1,18008,744,163,148,433,0.21908602150537634,0.1989247311827957,5.433333333333334,10.067484662576687,21.0,10.526388888888889,35,92,-15.436213180148723,0.2691809375304323,0.2465432098765432,0.6072407409154509,0.12777777777777777,0.2263888888888889,0.0351197092618993,0.20555555555555555,0.24458204334365324,0.14166666666666666,0.27624309392265195
exo28,global_dijkstra,-1,18009,744,154,148,442,0.20698924731182797,0.1989247311827957,5.133333333333334,11.168831168831169,22.349999999999994,10.856944444444444,38,85,-16.883579789669394,0.2843171446081942,0.25416666666666665,0.6467909967681794,0.1180555555555556,0.21388888888888885,0.0351197092618993,0.20555555555555557,0.2668463611859838,0.12608695652173912,0.18181818181818182
exo28,global_dijkstra,-1,18010,744,163,137,444,0.21908602150537634,0.18413978494623656,5.433333333333334,10.987730061349692,23.0,10.791666666666666,39,80,-14.747239512705736,0.27483501286076684,0.2527777777777778,0.610054444143456,0.11111111111111112,0.22638888888888892,0.0351197092618993,0.1902777777777778,0.2650918635170604,0.16666666666666666,0.1773049645390071
exo28,global_dijkstra,-1,18011,744,164,132,448,0.22043010752688172,0.1774193548387097,5.466666666666667,10.378048780487806,21.849999999999994,10.641666666666667,40,82,-13.975412652338592,0.26694192184940807,0.24956790123456787,0.6184998575914509,0.1138888888888889,0.2277777777777778,0.0351197092618993,0.18333333333333338,0.271505376344086,0.11739130434782609,0.2535211267605634
exo28,global_dijkstra,-1,18012,744,164,141,439,0.22043010752688172,0.18951612903225806,5.466666666666667,11.396341463414634,21.849999999999994,10.926388888888889,38,71,-15.105415985739,0.277360451210359,0.2556172839506173,0.6231428356092386,0.09861111111111114,0.2277777777777778,0.0351197092618993,0.19583333333333336,0.2692307692307692,0.12389380530973451,0.2421875
exo28,global_dijkstra,-1,18013,744,164,147,433,0.22043010752688172,0.1975806451612903,5.466666666666667,11.073170731707316,22.0,10.709722222222222,45,82,-15.495184467357749,0.274587845593813,0.2506172839506173,0.6235694967587269,0.11388888888888889,0.2277777777777778,0.0351197092618993,0.20416666666666666,0.26229508196721313,0.13793103448275862,0.2465753424657534
exo28,global_dijkstra,-1,18014,744,158,146,440,0.21236559139784947,0.19623655913978494,5.266666666666667,10.354430379746836,23.0,10.631944444444445,38,85,-16.239492244224117,0.28529852940459505,0.24910493827160493,0.6294417941495725,0.11805555555555555,0.21944444444444447,0.0351197092618993,0.2027777777777778,0.2569060773480663,0.14767932489451477,0.20689655172413793
exo28,global_dijkstra,-1,18015,744,158,140,446,0.21236559139784947,0.1881720430107527,5.266666666666667,12.069620253164556,23.150000000000006,11.118055555555555,44,89,-15.691377575118924,0.27538893926216923,0.2600925925925926,0.6134871268597529,0.12361111111111112,0.2194444444444445,0.0351197092618993,0.1944444444444444,0.24681933842239187,0.1320754716981132,0.23741007194244604
exo28,full_heuristic,-1,18001,744,82,176,486,0.11021505376344086,0.23655913978494625,2.7333333333333334,10.804878048780488,22.0,11.815277777777778,26,145,-25.913926564378308,0.2867396910533123,0.276820987654321,0.5070021115409559,0.20138888888888887,0.11388888888888887,0.0351197092618993,0.24444444444444438,0.12534818941504178,0.06896551724137931,0.13725490196078433
exo28,full_heuristic,-1,18002,744,81,175,488,0.10887096774193548,0.23521505376344087,2.7,10.481481481481481,21.0,11.883333333333333,24,157,-25.796550312341214,0.2781815584986596,0.27839506172839507,0.5075320938158595,0.21805555555555553,0.1125,0.0351197092618993,0.24305555555555552,0.14613180515759314,0.08333333333333333,0.06451612903225806
exo28,full_heuristic,-1,18003,744,80,167,497,0.10752688172043011,0.22446236559139784,2.6666666666666665,10.5625,24.0,12.175,27,146,-25.33804964171304,0.28004086130117145,0.28515432098765436,0.5070314348406104,0.2027777777777778,0.11111111111111112,0.0351197092618993,0.23194444444444445,0.12371134020618557,0.08333333333333333,0.1015625
exo28,full_heuristic,-1,18004,744,78,193,473,0.10483870967741936,0.2594086021505376,2.6,11.717948717948717,23.0,11.85138888888889,25,118,-27.478825779548433,0.2890187433260059,0.2772222222222222,0.49430145066085224,0.1638888888888889,0.10833333333333335,0.0351197092618993,0.26805555555555555,0.13031914893617022,0.02252252252252252,0.1643835616438356
exo28,full_heuristic,-1,18005,744,80,179,485,0.10752688172043011,0.24059139784946237,2.6666666666666665,10.5,24.099999999999994,11.984722222222222,25,156,-26.147427626335762,0.27488932217031786,0.28055555555555556,0.5040185000357315,0.21666666666666667,0.11111111111111113,0.0351197092618993,0.24861111111111106,0.12737127371273713,0.08438818565400844,0.09420289855072464
exo28,full_heuristic,-1,18006,744,92,182,470,0.12365591397849462,0.2446236559139785,3.066666666666667,10.5,21.80000000000001,11.709722222222222,25,139,-24.714095765687013,0.26209471819855107,0.2739814814814815,0.5040020676852964,0.1930555555555556,0.12777777777777777,0.0351197092618993,0.2527777777777778,0.15803814713896458,0.05963302752293578,0.1320754716981132
exo28,full_heuristic,-1,18007,744,80,184,480,0.10752688172043011,0.24731182795698925,2.6666666666666665,11.5625,23.049999999999997,11.76388888888889,24,142,-25.814285497588195,0.2575006372441215,0.27549382716049386,0.5073518002089995,0.19722222222222224,0.11111111111111109,0.0351197092618993,0.25555555555555554,0.14871794871794872,0.03619909502262444,0.10526315789473684
exo28,full_heuristic,-1,18008,744,80,192,472,0.10752688172043011,0.25806451612903225,2.6666666666666665,10.3,21.099999999999994,11.768055555555556,25,122,-26.90323809277262,0.2777176115144106,0.2753395061728395,0.5027341571354839,0.16944444444444443,0.11111111111111112,0.0351197092618993,0.26666666666666666,0.11764705882352941,0.075,0.13259668508287292
exo28,full_heuristic,-1,18009,744,79,189,476,0.10618279569892473,0.2540322580645161,2.6333333333333333,11.0,21.099999999999994,11.930555555555555,26,159,-26.928102248623272,0.27043406209504267,0.2790740740740741,0.5067589378472808,0.22083333333333335,0.10972222222222223,0.0351197092618993,0.2625,0.15633423180592992,0.030434782608695653,0.0979020979020979
exo28,full_heuristic,-1,18010,744,94,167,483,0.12634408602150538,0.22446236559139784,3.1333333333333333,10.53191489361702,23.399999999999977,11.720833333333333,26,123,-23.353751762798794,0.2672833964577367,0.2746296296296296,0.5101487656121834,0.17083333333333334,0.13055555555555554,0.0351197092618993,0.23194444444444443,0.14960629921259844,0.1036036036036036,0.09929078014184398
exo28,full_heuristic,-1,18011,744,88,175,481,0.11827956989247312,0.23521505376344087,2.933333333333333,10.670454545454545,24.64999999999999,11.915277777777778,25,124,-24.65972846881013,0.2688804695103374,0.27888888888888885,0.5037628630158808,0.1722222222222222,0.12222222222222222,0.0351197092618993,0.24305555555555552,0.15591397849462366,0.06086956521739131,0.11267605633802817
exo28,full_heuristic,-1,18012,744,84,177,483,0.11290322580645161,0.23790322580645162,2.8,12.011904761904763,24.0,11.948611111111111,27,130,-25.114204162060638,0.26474172050617256,0.27969135802469136,0.5068891643879468,0.18055555555555555,0.11666666666666667,0.0351197092618993,0.2458333333333333,0.15897435897435896,0.03982300884955752,0.1015625
exo28,full_heuristic,-1,18013,744,93,177,474,0.125,0.23790322580645162,3.1,10.46236559139785,21.0,11.568055555555556,26,134,-24.476758228964467,0.27525998532305695,0.27095679012345675,0.49798997061914413,0.1861111111111111,0.12916666666666668,0.0351197092618993,0.24583333333333332,0.14754098360655737,0.0603448275862069,0.17123287671232876
exo28,full_heuristic,-1,18014,744,75,187,482,0.10080645161290322,0.2513440860215054,2.5,10.253333333333334,22.0,11.968055555555555,27,135,-27.669745138339124,0.29590833946256967,0.2800925925925926,0.5021934237069277,0.1875,0.10416666666666666,0.0351197092618993,0.2597222222222222,0.12430939226519337,0.08016877637130802,0.07586206896551724
exo28,full_heuristic,-1,18015,744,68,180,496,0.0913978494623656,0.24193548387096775,2.2666666666666666,11.941176470588236,24.0,12.241666666666667,27,135,-27.874827807565694,0.29718986251210583,0.28660493827160494,0.5056403175216555,0.18749999999999997,0.09444444444444446,0.0351197092618993,0.24999999999999997,0.10687022900763359,0.0660377358490566,0.08633093525179857
