time_slot,src,dst,delay_ms,available,capacity_mbps,reliability,t_rem,is_cross,shell_src,shell_dst
1,1,2,3.4957870176582144,True,100.0,0.995,120,False,1,1
1,2,1,3.4957870176582144,True,100.0,0.995,120,False,1,1
1,2,3,1.7880525355435613,True,100.0,0.995,120,False,1,1
1,3,2,1.7880525355435613,True,100.0,0.995,120,False,1,1
1,3,4,1.7556773848037817,True,100.0,0.995,120,False,1,1
1,4,3,1.7556773848037817,True,100.0,0.995,120,False,1,1
1,4,5,1.7592451199339714,True,100.0,0.995,120,False,1,1
1,5,4,1.7592451199339714,True,100.0,0.995,120,False,1,1
1,5,6,1.7273622459977267,True,100.0,0.995,120,False,1,1
1,6,5,1.7273622459977267,True,100.0,0.995,120,False,1,1
1,5,10,6.224934283275211,True,100.0,0.995,120,True,1,1
1,10,5,6.224934283275211,True,100.0,0.995,120,True,1,1
1,5,11,6.207629548043904,True,100.0,0.995,120,True,1,1
1,11,5,6.207629548043904,True,100.0,0.995,120,True,1,1
1,6,12,6.119252772007412,True,100.0,0.995,120,True,1,1
1,12,6,6.119252772007412,True,100.0,0.995,120,True,1,1
1,7,8,3.3281430551420152,True,100.0,0.995,120,False,1,1
1,8,7,3.3281430551420152,True,100.0,0.995,120,False,1,1
1,8,9,3.3125694546067725,True,100.0,0.995,120,False,1,1
1,9,8,3.3125694546067725,True,100.0,0.995,120,False,1,1
1,9,10,3.0175974006614013,True,100.0,0.995,120,False,1,1
1,10,9,3.0175974006614013,True,100.0,0.995,120,False,1,1
1,10,11,0.5758680835636951,True,100.0,0.995,120,False,1,1
1,11,10,0.5758680835636951,True,100.0,0.995,120,False,1,1
1,10,17,6.276936890379084,True,100.0,0.995,120,True,1,1
1,17,10,6.276936890379084,True,100.0,0.995,120,True,1,1
1,11,12,3.005994578959743,True,100.0,0.995,120,False,1,1
1,12,11,3.005994578959743,True,100.0,0.995,120,False,1,1
1,11,17,6.199378648663439,True,100.0,0.995,120,True,1,1
1,17,11,6.199378648663439,True,100.0,0.995,120,True,1,1
1,12,18,5.869325314854554,True,100.0,0.995,120,True,1,1
1,18,12,5.869325314854554,True,100.0,0.995,120,True,1,1
1,13,14,0.9350376048594038,True,100.0,0.995,120,False,1,1
1,14,13,0.9350376048594038,True,100.0,0.995,120,False,1,1
1,14,15,2.605175538780305,True,100.0,0.995,120,False,1,1
1,15,14,2.605175538780305,True,100.0,0.995,120,False,1,1
1,15,16,3.520947025462392,True,100.0,0.995,120,False,1,1
1,16,15,3.520947025462392,True,100.0,0.995,120,False,1,1
1,16,17,3.5191962824199283,True,100.0,0.995,120,False,1,1
1,17,16,3.5191962824199283,True,100.0,0.995,120,False,1,1
1,16,21,6.549920491215485,True,100.0,0.995,90,True,1,1
1,21,16,6.549920491215485,True,100.0,0.995,90,True,1,1
1,17,18,3.518629278910344,True,100.0,0.995,120,False,1,1
1,18,17,3.518629278910344,True,100.0,0.995,120,False,1,1
1,17,23,6.268449256923685,True,100.0,0.995,120,True,1,1
1,23,17,6.268449256923685,True,100.0,0.995,120,True,1,1
1,18,24,5.844137655953124,True,100.0,0.995,120,True,1,1
1,24,18,5.844137655953124,True,100.0,0.995,120,True,1,1
1,19,20,3.2971448581187746,True,100.0,0.995,120,False,1,1
1,20,19,3.2971448581187746,True,100.0,0.995,120,False,1,1
1,20,21,3.019681527828175,True,100.0,0.995,120,False,1,1
1,21,20,3.019681527828175,True,100.0,0.995,120,False,1,1
1,21,22,0.6003570106816596,True,100.0,0.995,120,False,1,1
1,22,21,0.6003570106816596,True,100.0,0.995,120,False,1,1
1,22,23,3.0221260675941495,True,100.0,0.995,120,False,1,1
1,23,22,3.0221260675941495,True,100.0,0.995,120,False,1,1
1,23,24,3.324735843023061,True,100.0,0.995,120,False,1,1
1,24,23,3.324735843023061,True,100.0,0.995,120,False,1,1
2,1,2,3.495816027403779,True,100.0,0.995,120,False,1,1
2,2,1,3.495816027403779,True,100.0,0.995,120,False,1,1
2,2,3,1.7880708037434154,True,100.0,0.995,120,False,1,1
2,3,2,1.7880708037434154,True,100.0,0.995,120,False,1,1
2,3,4,1.7556850552221606,True,100.0,0.995,120,False,1,1
2,4,3,1.7556850552221606,True,100.0,0.995,120,False,1,1
2,4,5,1.7592532976322055,True,100.0,0.995,120,False,1,1
2,5,4,1.7592532976322055,True,100.0,0.995,120,False,1,1
2,5,6,1.7273788004695763,True,100.0,0.995,120,False,1,1
2,6,5,1.7273788004695763,True,100.0,0.995,120,False,1,1
2,5,10,6.201569300255834,True,100.0,0.995,120,True,1,1
2,10,5,6.201569300255834,True,100.0,0.995,120,True,1,1
2,5,11,6.183378729102123,True,100.0,0.995,120,True,1,1
2,11,5,6.183378729102123,True,100.0,0.995,120,True,1,1
2,6,12,6.0901295439607175,True,100.0,0.995,120,True,1,1
2,12,6,6.0901295439607175,True,100.0,0.995,120,True,1,1
2,7,8,3.3281614512265802,True,100.0,0.995,120,False,1,1
2,8,7,3.3281614512265802,True,100.0,0.995,120,False,1,1
2,8,9,3.312584229580861,True,100.0,0.995,120,False,1,1
2,9,8,3.312584229580861,True,100.0,0.995,120,False,1,1
2,9,10,3.0176401930904104,True,100.0,0.995,120,False,1,1
2,10,9,3.0176401930904104,True,100.0,0.995,120,False,1,1
2,10,11,0.5758622428209446,True,100.0,0.995,120,False,1,1
2,11,10,0.5758622428209446,True,100.0,0.995,120,False,1,1
2,10,17,6.253715983937717,True,100.0,0.995,120,True,1,1
2,17,10,6.253715983937717,True,100.0,0.995,120,True,1,1
2,11,12,3.0060138879429688,True,100.0,0.995,120,False,1,1
2,12,11,3.0060138879429688,True,100.0,0.995,120,False,1,1
2,11,17,6.175349138320871,True,100.0,0.995,120,True,1,1
2,17,11,6.175349138320871,True,100.0,0.995,120,True,1,1
2,12,18,5.838002500571048,True,100.0,0.995,120,True,1,1
2,18,12,5.838002500571048,True,100.0,0.995,120,True,1,1
2,13,14,0.93504248624872,True,100.0,0.995,120,False,1,1
2,14,13,0.93504248624872,True,100.0,0.995,120,False,1,1
2,14,15,2.605210739168676,True,100.0,0.995,120,False,1,1
2,15,14,2.605210739168676,True,100.0,0.995,120,False,1,1
2,15,16,3.5209547796570493,True,100.0,0.995,120,False,1,1
2,16,15,3.5209547796570493,True,100.0,0.995,120,False,1,1
2,16,17,3.5192414293959677,True,100.0,0.995,120,False,1,1
2,17,16,3.5192414293959677,True,100.0,0.995,120,False,1,1
2,16,21,6.534189794027372,True,100.0,0.995,80,True,1,1
2,21,16,6.534189794027372,True,100.0,0.995,80,True,1,1
2,17,18,3.518630070428712,True,100.0,0.995,120,False,1,1
2,18,17,3.518630070428712,True,100.0,0.995,120,False,1,1
2,17,23,6.24415161526949,True,100.0,0.995,120,True,1,1
2,23,17,6.24415161526949,True,100.0,0.995,120,True,1,1
2,18,24,5.8120564942582975,True,100.0,0.995,120,True,1,1
2,24,18,5.8120564942582975,True,100.0,0.995,120,True,1,1
2,19,20,3.297143182887603,True,100.0,0.995,120,False,1,1
2,20,19,3.297143182887603,True,100.0,0.995,120,False,1,1
2,20,21,3.0197411741485314,True,100.0,0.995,120,False,1,1
2,21,20,3.0197411741485314,True,100.0,0.995,120,False,1,1
2,21,22,0.6003729562210253,True,100.0,0.995,120,False,1,1
2,22,21,0.6003729562210253,True,100.0,0.995,120,False,1,1
2,22,23,3.0221440334637975,True,100.0,0.995,120,False,1,1
2,23,22,3.0221440334637975,True,100.0,0.995,120,False,1,1
2,23,24,3.3247527773411214,True,100.0,0.995,120,False,1,1
2,24,23,3.3247527773411214,True,100.0,0.995,120,False,1,1
3,1,2,3.495844404398577,True,100.0,0.995,120,False,1,1
3,2,1,3.495844404398577,True,100.0,0.995,120,False,1,1
3,2,3,1.7880884377385584,True,100.0,0.995,120,False,1,1
3,3,2,1.7880884377385584,True,100.0,0.995,120,False,1,1
3,3,4,1.755692839228348,True,100.0,0.995,120,False,1,1
3,4,3,1.755692839228348,True,100.0,0.995,120,False,1,1
3,4,5,1.759261250799328,True,100.0,0.995,120,False,1,1
3,5,4,1.759261250799328,True,100.0,0.995,120,False,1,1
3,5,6,1.7273949964521134,True,100.0,0.995,120,False,1,1
3,6,5,1.7273949964521134,True,100.0,0.995,120,False,1,1
3,5,10,6.1776371426447305,True,100.0,0.995,120,True,1,1
3,10,5,6.1776371426447305,True,100.0,0.995,120,True,1,1
3,5,11,6.158559572566346,True,100.0,0.995,120,True,1,1
3,11,5,6.158559572566346,True,100.0,0.995,120,True,1,1
3,6,12,6.060483274106887,True,100.0,0.995,120,True,1,1
3,12,6,6.060483274106887,True,100.0,0.995,120,True,1,1
3,7,8,3.328179366716227,True,100.0,0.995,120,False,1,1
3,8,7,3.328179366716227,True,100.0,0.995,120,False,1,1
3,8,9,3.3125984645714284,True,100.0,0.995,120,False,1,1
3,9,8,3.3125984645714284,True,100.0,0.995,120,False,1,1
3,9,10,3.017682558781892,True,100.0,0.995,120,False,1,1
3,10,9,3.017682558781892,True,100.0,0.995,120,False,1,1
3,10,11,0.5758563533811297,True,100.0,0.995,120,False,1,1
3,11,10,0.5758563533811297,True,100.0,0.995,120,False,1,1
3,10,17,6.229927343106067,True,100.0,0.995,120,True,1,1
3,17,10,6.229927343106067,True,100.0,0.995,120,True,1,1
3,11,12,3.0060326135307696,True,100.0,0.995,120,False,1,1
3,12,11,3.0060326135307696,True,100.0,0.995,120,False,1,1
3,11,17,6.150752130461888,True,100.0,0.995,120,True,1,1
3,17,11,6.150752130461888,True,100.0,0.995,120,True,1,1
3,12,18,5.806150728599903,True,100.0,0.995,120,True,1,1
3,18,12,5.806150728599903,True,100.0,0.995,120,True,1,1
3,13,14,0.9350469142567192,True,100.0,0.995,120,False,1,1
3,14,13,0.9350469142567192,True,100.0,0.995,120,False,1,1
3,14,15,2.605245748822621,True,100.0,0.995,120,False,1,1
3,15,14,2.605245748822621,True,100.0,0.995,120,False,1,1
3,15,16,3.5209621330216714,True,100.0,0.995,120,False,1,1
3,16,15,3.5209621330216714,True,100.0,0.995,120,False,1,1
3,16,17,3.5192858435941763,True,100.0,0.995,120,False,1,1
3,17,16,3.5192858435941763,True,100.0,0.995,120,False,1,1
3,16,21,6.5178647669734815,True,100.0,0.995,70,True,1,1
3,21,16,6.5178647669734815,True,100.0,0.995,70,True,1,1
3,17,18,3.518630563647663,True,100.0,0.995,120,False,1,1
3,18,17,3.518630563647663,True,100.0,0.995,120,False,1,1
3,17,23,6.219288723398654,True,100.0,0.995,120,True,1,1
3,23,17,6.219288723398654,True,100.0,0.995,120,True,1,1
3,18,24,5.779446481941942,True,100.0,0.995,120,True,1,1
3,24,18,5.779446481941942,True,100.0,0.995,120,True,1,1
3,19,20,3.297141270854792,True,100.0,0.995,120,False,1,1
3,20,19,3.297141270854792,True,100.0,0.995,120,False,1,1
3,20,21,3.0198003604874746,True,100.0,0.995,120,False,1,1
3,21,20,3.0198003604874746,True,100.0,0.995,120,False,1,1
3,21,22,0.6003885414738269,True,100.0,0.995,120,False,1,1
3,22,21,0.6003885414738269,True,100.0,0.995,120,False,1,1
3,22,23,3.0221614844383966,True,100.0,0.995,120,False,1,1
3,23,22,3.0221614844383966,True,100.0,0.995,120,False,1,1
3,23,24,3.3247694690369447,True,100.0,0.995,120,False,1,1
3,24,23,3.3247694690369447,True,100.0,0.995,120,False,1,1
4,1,2,3.4958721476692833,True,100.0,0.995,120,False,1,1
4,2,1,3.4958721476692833,True,100.0,0.995,120,False,1,1
4,2,3,1.788105437446428,True,100.0,0.995,120,False,1,1
4,3,2,1.788105437446428,True,100.0,0.995,120,False,1,1
4,3,4,1.7557007380340692,True,100.0,0.995,120,False,1,1
4,4,3,1.7557007380340692,True,100.0,0.995,120,False,1,1
4,4,5,1.7592689810827637,True,100.0,0.995,120,False,1,1
4,5,4,1.7592689810827637,True,100.0,0.995,120,False,1,1
4,5,6,1.7274108352462065,True,100.0,0.995,120,False,1,1
4,6,5,1.7274108352462065,True,100.0,0.995,120,False,1,1
4,5,10,6.153140079066195,True,100.0,0.995,120,True,1,1
4,10,5,6.153140079066195,True,100.0,0.995,120,True,1,1
4,5,11,6.133174356997498,True,100.0,0.995,120,True,1,1
4,11,5,6.133174356997498,True,100.0,0.995,120,True,1,1
4,6,12,6.030317144987148,True,100.0,0.995,120,True,1,1
4,12,6,6.030317144987148,True,100.0,0.995,120,True,1,1
4,7,8,3.3281968006705047,True,100.0,0.995,120,False,1,1
4,8,7,3.3281968006705047,True,100.0,0.995,120,False,1,1
4,8,9,3.31261216067873,True,100.0,0.995,120,False,1,1
4,9,8,3.31261216067873,True,100.0,0.995,120,False,1,1
4,9,10,3.017724497381561,True,100.0,0.995,120,False,1,1
4,10,9,3.017724497381561,True,100.0,0.995,120,False,1,1
4,10,11,0.5758504172853856,True,100.0,0.995,120,False,1,1
4,11,10,0.5758504172853856,True,100.0,0.995,120,False,1,1
4,10,17,6.205573273240327,True,100.0,0.995,120,True,1,1
4,17,10,6.205573273240327,True,100.0,0.995,120,True,1,1
4,11,12,3.006050758702962,True,100.0,0.995,120,False,1,1
4,12,11,3.006050758702962,True,100.0,0.995,120,False,1,1
4,11,17,6.1255898924680245,True,100.0,0.995,120,True,1,1
4,17,11,6.1255898924680245,True,100.0,0.995,120,True,1,1
4,12,18,5.773773094777273,True,100.0,0.995,120,True,1,1
4,18,12,5.773773094777273,True,100.0,0.995,120,True,1,1
4,13,14,0.9350508891261863,True,100.0,0.995,120,False,1,1
4,14,13,0.9350508891261863,True,100.0,0.995,120,False,1,1
4,14,15,2.60528056432288,True,100.0,0.995,120,False,1,1
4,15,14,2.60528056432288,True,100.0,0.995,120,False,1,1
4,15,16,3.520969087328662,True,100.0,0.995,120,False,1,1
4,16,15,3.520969087328662,True,100.0,0.995,120,False,1,1
4,16,17,3.51932952509441,True,100.0,0.995,120,False,1,1
4,17,16,3.51932952509441,True,100.0,0.995,120,False,1,1
4,16,21,6.500946905574362,True,100.0,0.995,60,True,1,1
4,21,16,6.500946905574362,True,100.0,0.995,60,True,1,1
4,17,18,3.5186307641702044,True,100.0,0.995,120,False,1,1
4,18,17,3.5186307641702044,True,100.0,0.995,120,False,1,1
4,17,23,6.1938629183450065,True,100.0,0.995,120,True,1,1
4,23,17,6.1938629183450065,True,100.0,0.995,120,True,1,1
4,18,24,5.746310668179227,True,100.0,0.995,120,True,1,1
4,24,18,5.746310668179227,True,100.0,0.995,120,True,1,1
4,19,20,3.297139123203266,True,100.0,0.995,120,False,1,1
4,20,19,3.297139123203266,True,100.0,0.995,120,False,1,1
4,20,21,3.019859083753111,True,100.0,0.995,120,False,1,1
4,21,20,3.019859083753111,True,100.0,0.995,120,False,1,1
4,21,22,0.600403765754792,True,100.0,0.995,120,False,1,1
4,22,21,0.600403765754792,True,100.0,0.995,120,False,1,1
4,22,23,3.022178422752518,True,100.0,0.995,120,False,1,1
4,23,22,3.022178422752518,True,100.0,0.995,120,False,1,1
4,23,24,3.324785921947821,True,100.0,0.995,120,False,1,1
4,24,23,3.324785921947821,True,100.0,0.995,120,False,1,1
5,1,2,3.49589925643329,True,100.0,0.995,120,False,1,1
5,2,1,3.49589925643329,True,100.0,0.995,120,False,1,1
5,2,3,1.7881218029065107,True,100.0,0.995,120,False,1,1
5,3,2,1.7881218029065107,True,100.0,0.995,120,False,1,1
5,3,4,1.7557087528983102,True,100.0,0.995,120,False,1,1
5,4,3,1.7557087528983102,True,100.0,0.995,120,False,1,1
5,4,5,1.759276490203599,True,100.0,0.995,120,False,1,1
5,5,4,1.759276490203599,True,100.0,0.995,120,False,1,1
5,5,6,1.7274263182329828,True,100.0,0.995,120,False,1,1
5,6,5,1.7274263182329828,True,100.0,0.995,120,False,1,1
5,5,10,6.128080432655466,True,100.0,0.995,120,True,1,1
5,10,5,6.128080432655466,True,100.0,0.995,120,True,1,1
5,5,11,6.107225413618144,True,100.0,0.995,120,True,1,1
5,11,5,6.107225413618144,True,100.0,0.995,120,True,1,1
5,6,12,5.999634406155432,True,100.0,0.995,120,True,1,1
5,12,6,5.999634406155432,True,100.0,0.995,120,True,1,1
5,7,8,3.3282137523194146,True,100.0,0.995,120,False,1,1
5,8,7,3.3282137523194146,True,100.0,0.995,120,False,1,1
5,8,9,3.312625319171098,True,100.0,0.995,120,False,1,1
5,9,8,3.312625319171098,True,100.0,0.995,120,False,1,1
5,9,10,3.0177660086693248,True,100.0,0.995,120,False,1,1
5,10,9,3.0177660086693248,True,100.0,0.995,120,False,1,1
5,10,11,0.5758444366105567,True,100.0,0.995,120,False,1,1
5,11,10,0.5758444366105567,True,100.0,0.995,120,False,1,1
5,10,17,6.180656136041041,True,100.0,0.995,120,True,1,1
5,17,10,6.180656136041041,True,100.0,0.995,120,True,1,1
5,11,12,3.0060683265648733,True,100.0,0.995,120,False,1,1
5,12,11,3.0060683265648733,True,100.0,0.995,120,False,1,1
5,11,17,6.099864744344068,True,100.0,0.995,120,True,1,1
5,17,11,6.099864744344068,True,100.0,0.995,120,True,1,1
5,12,18,5.740872749438136,True,100.0,0.995,120,True,1,1
5,18,12,5.740872749438136,True,100.0,0.995,120,True,1,1
5,13,14,0.9350544111869292,True,100.0,0.995,120,False,1,1
5,14,13,0.9350544111869292,True,100.0,0.995,120,False,1,1
5,14,15,2.605315182371828,True,100.0,0.995,120,False,1,1
5,15,14,2.605315182371828,True,100.0,0.995,120,False,1,1
5,15,16,3.5209756445158384,True,100.0,0.995,120,False,1,1
5,16,15,3.5209756445158384,True,100.0,0.995,120,False,1,1
5,16,17,3.519372474155178,True,100.0,0.995,120,False,1,1
5,17,16,3.519372474155178,True,100.0,0.995,120,False,1,1
5,16,21,6.483437762060345,True,100.0,0.995,50,True,1,1
5,21,16,6.483437762060345,True,100.0,0.995,50,True,1,1
5,17,18,3.5186306777113283,True,100.0,0.995,120,False,1,1
5,18,17,3.5186306777113283,True,100.0,0.995,120,False,1,1
5,17,23,6.167876592523405,True,100.0,0.995,120,True,1,1
5,23,17,6.167876592523405,True,100.0,0.995,120,True,1,1
5,18,24,5.712652153325005,True,100.0,0.995,120,True,1,1
5,24,18,5.712652153325005,True,100.0,0.995,120,True,1,1
5,19,20,3.2971367412608745,True,100.0,0.995,120,False,1,1
5,20,19,3.2971367412608745,True,100.0,0.995,120,False,1,1
5,20,21,3.0199173410012654,True,100.0,0.995,120,False,1,1
5,21,20,3.0199173410012654,True,100.0,0.995,120,False,1,1
5,21,22,0.6004186284359586,True,100.0,0.995,120,False,1,1
5,22,21,0.6004186284359586,True,100.0,0.995,120,False,1,1
5,22,23,3.022194850777069,True,100.0,0.995,120,False,1,1
5,23,22,3.022194850777069,True,100.0,0.995,120,False,1,1
5,23,24,3.3248021400081917,True,100.0,0.995,120,False,1,1
5,24,23,3.3248021400081917,True,100.0,0.995,120,False,1,1
6,1,2,3.495925730099601,True,100.0,0.995,120,False,1,1
6,2,1,3.495925730099601,True,100.0,0.995,120,False,1,1
6,2,3,1.788137534281163,True,100.0,0.995,120,False,1,1
6,3,2,1.788137534281163,True,100.0,0.995,120,False,1,1
6,3,4,1.755716885126103,True,100.0,0.995,120,False,1,1
6,4,3,1.755716885126103,True,100.0,0.995,120,False,1,1
6,4,5,1.7592837799550496,True,100.0,0.995,120,False,1,1
6,5,4,1.7592837799550496,True,100.0,0.995,120,False,1,1
6,5,6,1.7274414468710226,True,100.0,0.995,120,False,1,1
6,6,5,1.7274414468710226,True,100.0,0.995,120,False,1,1
6,5,10,6.102460580918594,True,100.0,0.995,120,True,1,1
6,10,5,6.102460580918594,True,100.0,0.995,120,True,1,1
6,5,11,6.080715126088128,True,100.0,0.995,120,True,1,1
6,11,5,6.080715126088128,True,100.0,0.995,120,True,1,1
6,6,12,5.968438374568727,True,100.0,0.995,120,True,1,1
6,12,6,5.968438374568727,True,100.0,0.995,120,True,1,1
6,7,8,3.3282302210624306,True,100.0,0.995,120,False,1,1
6,8,7,3.3282302210624306,True,100.0,0.995,120,False,1,1
6,8,9,3.312637941483965,True,100.0,0.995,120,False,1,1
6,9,8,3.312637941483965,True,100.0,0.995,120,False,1,1
6,9,10,3.0178070925596603,True,100.0,0.995,120,False,1,1
6,10,9,3.0178070925596603,True,100.0,0.995,120,False,1,1
6,10,11,0.5758384134682524,True,100.0,0.995,120,False,1,1
6,11,10,0.5758384134682524,True,100.0,0.995,120,False,1,1
6,10,17,6.15517834947409,True,100.0,0.995,120,True,1,1
6,17,10,6.15517834947409,True,100.0,0.995,120,True,1,1
6,11,12,3.0060853203447815,True,100.0,0.995,120,False,1,1
6,12,11,3.0060853203447815,True,100.0,0.995,120,False,1,1
6,11,17,6.073579058503658,True,100.0,0.995,120,True,1,1
6,17,11,6.073579058503658,True,100.0,0.995,120,True,1,1
6,12,18,5.7074528973765775,True,100.0,0.995,120,True,1,1
6,18,12,5.7074528973765775,True,100.0,0.995,120,True,1,1
6,13,14,0.9350574808558175,True,100.0,0.995,120,False,1,1
6,14,13,0.9350574808558175,True,100.0,0.995,120,False,1,1
6,14,15,2.6053495997934686,True,100.0,0.995,120,False,1,1
6,15,14,2.6053495997934686,True,100.0,0.995,120,False,1,1
6,15,16,3.5209818066855028,True,100.0,0.995,120,False,1,1
6,16,15,3.5209818066855028,True,100.0,0.995,120,False,1,1
6,16,17,3.5194146912132176,True,100.0,0.995,120,False,1,1
6,17,16,3.5194146912132176,True,100.0,0.995,120,False,1,1
6,16,21,6.465338945245972,True,100.0,0.995,40,True,1,1
6,21,16,6.465338945245972,True,100.0,0.995,40,True,1,1
6,17,18,3.5186303100941645,True,100.0,0.995,120,False,1,1
6,18,17,3.5186303100941645,True,100.0,0.995,120,False,1,1
6,17,23,6.1413321935929694,True,100.0,0.995,120,True,1,1
6,23,17,6.1413321935929694,True,100.0,0.995,120,True,1,1
6,18,24,5.678474088717874,True,100.0,0.995,120,True,1,1
6,24,18,5.678474088717874,True,100.0,0.995,120,True,1,1
6,19,20,3.2971341264996514,True,100.0,0.995,120,False,1,1
6,20,19,3.2971341264996514,True,100.0,0.995,120,False,1,1
6,20,21,3.019975129435693,True,100.0,0.995,120,False,1,1
6,21,20,3.019975129435693,True,100.0,0.995,120,False,1,1
6,21,22,0.6004331289458728,True,100.0,0.995,120,False,1,1
6,22,21,0.6004331289458728,True,100.0,0.995,120,False,1,1
6,22,23,3.022210771018212,True,100.0,0.995,120,False,1,1
6,23,22,3.022210771018212,True,100.0,0.995,120,False,1,1
6,23,24,3.3248181272464397,True,100.0,0.995,120,False,1,1
6,24,23,3.3248181272464397,True,100.0,0.995,120,False,1,1
7,1,2,3.4959515682673117,True,100.0,0.995,120,False,1,1
7,2,1,3.4959515682673117,True,100.0,0.995,120,False,1,1
7,2,3,1.7881526318537377,True,100.0,0.995,120,False,1,1
7,3,2,1.7881526318537377,True,100.0,0.995,120,False,1,1
7,3,4,1.7557251360682704,True,100.0,0.995,120,False,1,1
7,4,3,1.7557251360682704,True,100.0,0.995,120,False,1,1
7,4,5,1.7592908522009545,True,100.0,0.995,120,False,1,1
7,5,4,1.7592908522009545,True,100.0,0.995,120,False,1,1
7,5,6,1.7274562226967671,True,100.0,0.995,120,False,1,1
7,6,5,1.7274562226967671,True,100.0,0.995,120,False,1,1
7,5,10,6.076282955591265,True,100.0,0.995,120,True,1,1
7,10,5,6.076282955591265,True,100.0,0.995,120,True,1,1
7,5,11,6.053645930275292,True,100.0,0.995,120,True,1,1
7,11,5,6.053645930275292,True,100.0,0.995,120,True,1,1
7,6,12,5.93673243500744,True,100.0,0.995,120,True,1,1
7,12,6,5.93673243500744,True,100.0,0.995,120,True,1,1
7,7,8,3.3282462064691702,True,100.0,0.995,120,False,1,1
7,8,7,3.3282462064691702,True,100.0,0.995,120,False,1,1
7,8,9,3.312650029218694,True,100.0,0.995,120,False,1,1
7,9,8,3.312650029218694,True,100.0,0.995,120,False,1,1
7,9,10,3.0178477490992988,True,100.0,0.995,120,False,1,1
7,10,9,3.0178477490992988,True,100.0,0.995,120,False,1,1
7,10,11,0.5758323500041524,True,100.0,0.995,120,False,1,1
7,11,10,0.5758323500041524,True,100.0,0.995,120,False,1,1
7,10,17,6.129142387693614,True,100.0,0.995,120,True,1,1
7,17,10,6.129142387693614,True,100.0,0.995,120,True,1,1
7,11,12,3.0061017433924033,True,100.0,0.995,120,False,1,1
7,12,11,3.0061017433924033,True,100.0,0.995,120,False,1,1
7,11,17,6.046735259550326,True,100.0,0.995,120,True,1,1
7,17,11,6.046735259550326,True,100.0,0.995,120,True,1,1
7,12,18,5.673516797815495,True,100.0,0.995,120,True,1,1
7,18,12,5.673516797815495,True,100.0,0.995,120,True,1,1
7,13,14,0.9350600986359722,True,100.0,0.995,120,False,1,1
7,14,13,0.9350600986359722,True,100.0,0.995,120,False,1,1
7,14,15,2.6053838135339378,True,100.0,0.995,120,False,1,1
7,15,14,2.6053838135339378,True,100.0,0.995,120,False,1,1
7,15,16,3.5209875761031713,True,100.0,0.995,120,False,1,1
7,16,15,3.5209875761031713,True,100.0,0.995,120,False,1,1
7,16,17,3.5194561768805745,True,100.0,0.995,120,False,1,1
7,17,16,3.5194561768805745,True,100.0,0.995,120,False,1,1
7,16,21,6.446652120401126,True,100.0,0.995,30,True,1,1
7,21,16,6.446652120401126,True,100.0,0.995,30,True,1,1
7,17,18,3.5186296672493484,True,100.0,0.995,120,False,1,1
7,18,17,3.5186296672493484,True,100.0,0.995,120,False,1,1
7,17,23,6.114232224320517,True,100.0,0.995,120,True,1,1
7,23,17,6.114232224320517,True,100.0,0.995,120,True,1,1
7,18,24,5.643779676485397,True,100.0,0.995,120,True,1,1
7,24,18,5.643779676485397,True,100.0,0.995,120,True,1,1
7,19,20,3.2971312805353477,True,100.0,0.995,120,False,1,1
7,20,19,3.2971312805353477,True,100.0,0.995,120,False,1,1
7,20,21,3.0200324464071646,True,100.0,0.995,120,False,1,1
7,21,20,3.0200324464071646,True,100.0,0.995,120,False,1,1
7,21,22,0.6004472667695884,True,100.0,0.995,120,False,1,1
7,22,21,0.6004472667695884,True,100.0,0.995,120,False,1,1
7,22,23,3.022226186115342,True,100.0,0.995,120,False,1,1
7,23,22,3.022226186115342,True,100.0,0.995,120,False,1,1
7,23,24,3.324833887783104,True,100.0,0.995,120,False,1,1
7,24,23,3.324833887783104,True,100.0,0.995,120,False,1,1
8,1,2,3.4959767707258402,True,100.0,0.995,120,False,1,1
8,2,1,3.4959767707258402,True,100.0,0.995,120,False,1,1
8,2,3,1.7881670960290277,True,100.0,0.995,120,False,1,1
8,3,2,1.7881670960290277,True,100.0,0.995,120,False,1,1
8,3,4,1.7557335071203737,True,100.0,0.995,120,False,1,1
8,4,3,1.7557335071203737,True,100.0,0.995,120,False,1,1
8,4,5,1.759297708875151,True,100.0,0.995,120,False,1,1
8,5,4,1.759297708875151,True,100.0,0.995,120,False,1,1
8,5,6,1.7274706473216754,True,100.0,0.995,120,False,1,1
8,6,5,1.7274706473216754,True,100.0,0.995,120,False,1,1
8,5,10,6.049550042496312,True,100.0,0.995,120,True,1,1
8,10,5,6.049550042496312,True,100.0,0.995,120,True,1,1
8,5,11,6.026020314020939,True,100.0,0.995,120,True,1,1
8,11,5,6.026020314020939,True,100.0,0.995,120,True,1,1
8,6,12,5.904520040531062,True,100.0,0.995,120,True,1,1
8,12,6,5.904520040531062,True,100.0,0.995,120,True,1,1
8,7,8,3.3282617082782266,True,100.0,0.995,120,False,1,1
8,8,7,3.3282617082782266,True,100.0,0.995,120,False,1,1
8,8,9,3.3126615841419182,True,100.0,0.995,120,False,1,1
8,9,8,3.3126615841419182,True,100.0,0.995,120,False,1,1
8,9,10,3.0178879784654726,True,100.0,0.995,120,False,1,1
8,10,9,3.0178879784654726,True,100.0,0.995,120,False,1,1
8,10,11,0.5758262483977872,True,100.0,0.995,120,False,1,1
8,11,10,0.5758262483977872,True,100.0,0.995,120,False,1,1
8,10,17,6.10255078096781,True,100.0,0.995,120,True,1,1
8,17,10,6.10255078096781,True,100.0,0.995,120,True,1,1
8,11,12,3.006117599176496,True,100.0,0.995,120,False,1,1
8,12,11,3.006117599176496,True,100.0,0.995,120,False,1,1
8,11,17,6.019335824054131,True,100.0,0.995,120,True,1,1
8,17,11,6.019335824054131,True,100.0,0.995,120,True,1,1
8,12,18,5.639067764387168,True,100.0,0.995,120,True,1,1
8,18,12,5.639067764387168,True,100.0,0.995,120,True,1,1
8,13,14,0.935062265118016,True,100.0,0.995,120,False,1,1
8,14,13,0.935062265118016,True,100.0,0.995,120,False,1,1
8,14,15,2.6054178206608833,True,100.0,0.995,120,False,1,1
8,15,14,2.6054178206608833,True,100.0,0.995,120,False,1,1
8,15,16,3.5209929551961823,True,100.0,0.995,120,False,1,1
8,16,15,3.5209929551961823,True,100.0,0.995,120,False,1,1
8,16,17,3.5194969319443663,True,100.0,0.995,120,False,1,1
8,17,16,3.5194969319443663,True,100.0,0.995,120,False,1,1
8,16,21,6.427379009118339,True,100.0,0.995,20,True,1,1
8,21,16,6.427379009118339,True,100.0,0.995,20,True,1,1
8,17,18,3.518628755210069,True,100.0,0.995,120,False,1,1
8,18,17,3.518628755210069,True,100.0,0.995,120,False,1,1
8,17,23,6.086579242444149,True,100.0,0.995,120,True,1,1
8,23,17,6.086579242444149,True,100.0,0.995,120,True,1,1
8,18,24,5.608572169351584,True,100.0,0.995,120,True,1,1
8,24,18,5.608572169351584,True,100.0,0.995,120,True,1,1
8,19,20,3.2971282051269286,True,100.0,0.995,120,False,1,1
8,20,19,3.2971282051269286,True,100.0,0.995,120,False,1,1
8,20,21,3.020089289412722,True,100.0,0.995,120,False,1,1
8,21,20,3.020089289412722,True,100.0,0.995,120,False,1,1
8,21,22,0.6004610414483306,True,100.0,0.995,120,False,1,1
8,22,21,0.6004610414483306,True,100.0,0.995,120,False,1,1
8,22,23,3.0222410988390354,True,100.0,0.995,120,False,1,1
8,23,22,3.0222410988390354,True,100.0,0.995,120,False,1,1
8,23,24,3.324849425828857,True,100.0,0.995,120,False,1,1
8,24,23,3.324849425828857,True,100.0,0.995,120,False,1,1
9,1,2,3.496001337453722,True,100.0,0.995,120,False,1,1
9,2,1,3.496001337453722,True,100.0,0.995,120,False,1,1
9,2,3,1.7881809273323093,True,100.0,0.995,120,False,1,1
9,3,2,1.7881809273323093,True,100.0,0.995,120,False,1,1
9,3,4,1.7557419997206207,True,100.0,0.995,120,False,1,1
9,4,3,1.7557419997206207,True,100.0,0.995,120,False,1,1
9,4,5,1.7593043519799525,True,100.0,0.995,120,False,1,1
9,5,4,1.7593043519799525,True,100.0,0.995,120,False,1,1
9,5,6,1.7274847224324925,True,100.0,0.995,120,False,1,1
9,6,5,1.7274847224324925,True,100.0,0.995,120,False,1,1
9,5,10,6.022264381400849,True,100.0,0.995,120,True,1,1
9,10,5,6.022264381400849,True,100.0,0.995,120,True,1,1
9,5,11,5.997840816900925,True,100.0,0.995,120,True,1,1
9,11,5,5.997840816900925,True,100.0,0.995,120,True,1,1
9,6,12,5.871804712968863,True,100.0,0.995,120,True,1,1
9,12,6,5.871804712968863,True,100.0,0.995,120,True,1,1
9,7,8,3.328276726397383,True,100.0,0.995,120,False,1,1
9,8,7,3.328276726397383,True,100.0,0.995,120,False,1,1
9,8,9,3.3126726081833873,True,100.0,0.995,120,False,1,1
9,9,8,3.3126726081833873,True,100.0,0.995,120,False,1,1
9,9,10,3.017927780966018,True,100.0,0.995,120,False,1,1
9,10,9,3.017927780966018,True,100.0,0.995,120,False,1,1
9,10,11,0.5758201108606859,True,100.0,0.995,120,False,1,1
9,11,10,0.5758201108606859,True,100.0,0.995,120,False,1,1
9,10,17,6.075406115606453,True,100.0,0.995,120,True,1,1
9,17,10,6.075406115606453,True,100.0,0.995,120,True,1,1
9,11,12,3.006132891282425,True,100.0,0.995,120,False,1,1
9,12,11,3.006132891282425,True,100.0,0.995,120,False,1,1
9,11,17,5.991383280323394,True,100.0,0.995,120,True,1,1
9,17,11,5.991383280323394,True,100.0,0.995,120,True,1,1
9,12,18,5.604109165124998,True,100.0,0.995,120,True,1,1
9,18,12,5.604109165124998,True,100.0,0.995,120,True,1,1
9,13,14,0.9350639809784955,True,100.0,0.995,120,False,1,1
9,14,13,0.9350639809784955,True,100.0,0.995,120,False,1,1
9,14,15,2.6054516183643184,True,100.0,0.995,120,False,1,1
9,15,14,2.6054516183643184,True,100.0,0.995,120,False,1,1
9,15,16,3.520997946552611,True,100.0,0.995,120,False,1,1
9,16,15,3.520997946552611,True,100.0,0.995,120,False,1,1
9,16,17,3.5195369573635538,True,100.0,0.995,120,False,1,1
9,17,16,3.5195369573635538,True,100.0,0.995,120,False,1,1
9,16,21,6.407521389176986,True,100.0,0.995,10,True,1,1
9,21,16,6.407521389176986,True,100.0,0.995,10,True,1,1
9,17,18,3.518627580111315,True,100.0,0.995,120,False,1,1
9,18,17,3.518627580111315,True,100.0,0.995,120,False,1,1
9,17,23,6.058375860538411,True,100.0,0.995,120,True,1,1
9,23,17,6.058375860538411,True,100.0,0.995,120,True,1,1
9,18,24,5.5728548704461325,True,100.0,0.995,120,True,1,1
9,24,18,5.5728548704461325,True,100.0,0.995,120,True,1,1
9,19,20,3.2971249021759355,True,100.0,0.995,120,False,1,1
9,20,19,3.2971249021759355,True,100.0,0.995,120,False,1,1
9,20,21,3.020145656095163,True,100.0,0.995,120,False,1,1
9,21,20,3.020145656095163,True,100.0,0.995,120,False,1,1
9,21,22,0.6004744525794327,True,100.0,0.995,120,False,1,1
9,22,21,0.6004744525794327,True,100.0,0.995,120,False,1,1
9,22,23,3.022255512089728,True,100.0,0.995,120,False,1,1
9,23,22,3.022255512089728,True,100.0,0.995,120,False,1,1
9,23,24,3.324864745681217,True,100.0,0.995,120,False,1,1
9,24,23,3.324864745681217,True,100.0,0.995,120,False,1,1
10,1,2,3.496025268617453,True,100.0,0.995,120,False,1,1
10,2,1,3.496025268617453,True,100.0,0.995,120,False,1,1
10,2,3,1.7881941264075674,True,100.0,0.995,120,False,1,1
10,3,2,1.7881941264075674,True,100.0,0.995,120,False,1,1
10,3,4,1.7557506153509057,True,100.0,0.995,120,False,1,1
10,4,3,1.7557506153509057,True,100.0,0.995,120,False,1,1
10,4,5,1.7593107835857218,True,100.0,0.995,120,False,1,1
10,5,4,1.7593107835857218,True,100.0,0.995,120,False,1,1
10,5,6,1.7274984497893677,True,100.0,0.995,120,False,1,1
10,6,5,1.7274984497893677,True,100.0,0.995,120,False,1,1
10,5,10,5.994428565873524,True,100.0,0.995,120,True,1,1
10,10,5,5.994428565873524,True,100.0,0.995,120,True,1,1
10,5,11,5.969110029982071,True,100.0,0.995,120,True,1,1
10,11,5,5.969110029982071,True,100.0,0.995,120,True,1,1
10,6,12,5.838590043450144,True,100.0,0.995,120,True,1,1
10,12,6,5.838590043450144,True,100.0,0.995,120,True,1,1
10,6,24,16.6231890158827,True,100.0,0.995,120,True,1,1
10,24,6,16.6231890158827,True,100.0,0.995,120,True,1,1
10,7,8,3.3282912609029855,True,100.0,0.995,120,False,1,1
10,8,7,3.3282912609029855,True,100.0,0.995,120,False,1,1
10,8,9,3.3126831034358406,True,100.0,0.995,120,False,1,1
10,9,8,3.3126831034358406,True,100.0,0.995,120,False,1,1
10,9,10,3.0179671570362303,True,100.0,0.995,120,False,1,1
10,10,9,3.0179671570362303,True,100.0,0.995,120,False,1,1
10,10,11,0.5758139396368445,True,100.0,0.995,120,False,1,1
10,11,10,0.5758139396368445,True,100.0,0.995,120,False,1,1
10,10,17,6.047711033892888,True,100.0,0.995,120,True,1,1
10,17,10,6.047711033892888,True,100.0,0.995,120,True,1,1
10,11,12,3.006147623410585,True,100.0,0.995,120,False,1,1
10,12,11,3.006147623410585,True,100.0,0.995,120,False,1,1
10,11,17,5.962880208172452,True,100.0,0.995,120,True,1,1
10,17,11,5.962880208172452,True,100.0,0.995,120,True,1,1
10,12,18,5.568644422468256,True,100.0,0.995,120,True,1,1
10,18,12,5.568644422468256,True,100.0,0.995,120,True,1,1
10,13,14,0.9350652469812168,True,100.0,0.995,120,False,1,1
10,14,13,0.9350652469812168,True,100.0,0.995,120,False,1,1
10,14,15,2.6054852039550465,True,100.0,0.995,120,False,1,1
10,15,14,2.6054852039550465,True,100.0,0.995,120,False,1,1
10,15,16,3.5210025529203324,True,100.0,0.995,120,False,1,1
10,16,15,3.5210025529203324,True,100.0,0.995,120,False,1,1
10,16,17,3.5195762542681437,True,100.0,0.995,120,False,1,1
10,17,16,3.5195762542681437,True,100.0,0.995,120,False,1,1
10,17,18,3.518626148185823,True,100.0,0.995,120,False,1,1
10,18,17,3.518626148185823,True,100.0,0.995,120,False,1,1
10,17,23,6.029624745880263,True,100.0,0.995,120,True,1,1
10,23,17,6.029624745880263,True,100.0,0.995,120,True,1,1
10,18,23,6.386656498934875,True,100.0,0.995,120,True,1,1
10,23,18,6.386656498934875,True,100.0,0.995,120,True,1,1
10,18,24,5.536631133116975,True,100.0,0.995,120,True,1,1
10,24,18,5.536631133116975,True,100.0,0.995,120,True,1,1
10,19,20,3.297121373725522,True,100.0,0.995,120,False,1,1
10,20,19,3.297121373725522,True,100.0,0.995,120,False,1,1
10,20,21,3.0202015442418344,True,100.0,0.995,120,False,1,1
10,21,20,3.0202015442418344,True,100.0,0.995,120,False,1,1
10,21,22,0.6004874998160373,True,100.0,0.995,120,False,1,1
10,22,21,0.6004874998160373,True,100.0,0.995,120,False,1,1
10,22,23,3.0222694288958767,True,100.0,0.995,120,False,1,1
10,23,22,3.0222694288958767,True,100.0,0.995,120,False,1,1
10,23,24,3.324879851722656,True,100.0,0.995,120,False,1,1
10,24,23,3.324879851722656,True,100.0,0.995,120,False,1,1
11,1,2,3.4960485645721944,True,100.0,0.995,120,False,1,1
11,2,1,3.4960485645721944,True,100.0,0.995,120,False,1,1
11,2,3,1.7882066940179415,True,100.0,0.995,120,False,1,1
11,3,2,1.7882066940179415,True,100.0,0.995,120,False,1,1
11,3,4,1.7557593555344613,True,100.0,0.995,120,False,1,1
11,4,3,1.7557593555344613,True,100.0,0.995,120,False,1,1
11,4,5,1.759317005828862,True,100.0,0.995,120,False,1,1
11,5,4,1.759317005828862,True,100.0,0.995,120,False,1,1
11,5,6,1.727511831224223,True,100.0,0.995,120,False,1,1
11,6,5,1.727511831224223,True,100.0,0.995,120,False,1,1
11,5,10,5.966045243140746,True,100.0,0.995,120,True,1,1
11,10,5,5.966045243140746,True,100.0,0.995,120,True,1,1
11,5,11,5.9398305955730955,True,100.0,0.995,120,True,1,1
11,11,5,5.9398305955730955,True,100.0,0.995,120,True,1,1
11,6,12,5.804879692975345,True,100.0,0.995,120,True,1,1
11,12,6,5.804879692975345,True,100.0,0.995,120,True,1,1
11,6,24,16.52094870484246,True,100.0,0.995,120,True,1,1
11,24,6,16.52094870484246,True,100.0,0.995,120,True,1,1
11,7,8,3.3283053120393475,True,100.0,0.995,120,False,1,1
11,8,7,3.3283053120393475,True,100.0,0.995,120,False,1,1
11,8,9,3.3126930721529932,True,100.0,0.995,120,False,1,1
11,9,8,3.3126930721529932,True,100.0,0.995,120,False,1,1
11,9,10,3.0180061072383713,True,100.0,0.995,120,False,1,1
11,10,9,3.0180061072383713,True,100.0,0.995,120,False,1,1
11,10,11,0.575807737000749,True,100.0,0.995,120,False,1,1
11,11,10,0.575807737000749,True,100.0,0.995,120,False,1,1
11,10,17,6.019468234018914,True,100.0,0.995,120,True,1,1
11,17,10,6.019468234018914,True,100.0,0.995,120,True,1,1
11,11,12,3.006161799373925,True,100.0,0.995,120,False,1,1
11,12,11,3.006161799373925,True,100.0,0.995,120,False,1,1
11,11,17,5.933829238684669,True,100.0,0.995,120,True,1,1
11,17,11,5.933829238684669,True,100.0,0.995,120,True,1,1
11,12,18,5.532677013280426,True,100.0,0.995,120,True,1,1
11,18,12,5.532677013280426,True,100.0,0.995,120,True,1,1
11,13,14,0.9350660639760833,True,100.0,0.995,120,False,1,1
11,14,13,0.9350660639760833,True,100.0,0.995,120,False,1,1
11,14,15,2.6055185748661955,True,100.0,0.995,120,False,1,1
11,15,14,2.6055185748661955,True,100.0,0.995,120,False,1,1
11,15,16,3.5210067772045446,True,100.0,0.995,120,False,1,1
11,16,15,3.5210067772045446,True,100.0,0.995,120,False,1,1
11,16,17,3.519614823957184,True,100.0,0.995,120,False,1,1
11,17,16,3.519614823957184,True,100.0,0.995,120,False,1,1
11,17,18,3.5186244657617958,True,100.0,0.995,120,False,1,1
11,18,17,3.5186244657617958,True,100.0,0.995,120,False,1,1
11,17,23,6.000328620316716,True,100.0,0.995,120,True,1,1
11,23,17,6.000328620316716,True,100.0,0.995,120,True,1,1
11,18,23,6.357212724069541,True,100.0,0.995,120,True,1,1
11,23,18,6.357212724069541,True,100.0,0.995,120,True,1,1
11,18,24,5.499904360745916,True,100.0,0.995,120,True,1,1
11,24,18,5.499904360745916,True,100.0,0.995,120,True,1,1
11,19,20,3.297117621959955,True,100.0,0.995,120,False,1,1
11,20,19,3.297117621959955,True,100.0,0.995,120,False,1,1
11,20,21,3.020256951784417,True,100.0,0.995,120,False,1,1
11,21,20,3.020256951784417,True,100.0,0.995,120,False,1,1
11,21,22,0.6005001828663674,True,100.0,0.995,120,False,1,1
11,22,21,0.6005001828663674,True,100.0,0.995,120,False,1,1
11,22,23,3.022282852412568,True,100.0,0.995,120,False,1,1
11,23,22,3.022282852412568,True,100.0,0.995,120,False,1,1
11,23,24,3.3248947484175053,True,100.0,0.995,120,False,1,1
11,24,23,3.3248947484175053,True,100.0,0.995,120,False,1,1
12,1,2,3.4960712258583837,True,100.0,0.995,120,False,1,1
12,2,1,3.4960712258583837,True,100.0,0.995,120,False,1,1
12,2,3,1.7882186310453378,True,100.0,0.995,120,False,1,1
12,3,2,1.7882186310453378,True,100.0,0.995,120,False,1,1
12,3,4,1.755768221835108,True,100.0,0.995,120,False,1,1
12,4,3,1.755768221835108,True,100.0,0.995,120,False,1,1
12,4,5,1.7593230209108606,True,100.0,0.995,120,False,1,1
12,5,4,1.7593230209108606,True,100.0,0.995,120,False,1,1
12,5,6,1.7275248686399551,True,100.0,0.995,120,False,1,1
12,6,5,1.7275248686399551,True,100.0,0.995,120,False,1,1
12,5,10,5.9371171139440175,True,100.0,0.995,120,True,1,1
12,10,5,5.9371171139440175,True,100.0,0.995,120,True,1,1
12,5,11,5.910005206971536,True,100.0,0.995,120,True,1,1
12,11,5,5.910005206971536,True,100.0,0.995,120,True,1,1
12,6,12,5.770677393031834,True,100.0,0.995,120,True,1,1
12,12,6,5.770677393031834,True,100.0,0.995,120,True,1,1
12,6,24,16.417232287744145,True,100.0,0.995,120,True,1,1
12,24,6,16.417232287744145,True,100.0,0.995,120,True,1,1
12,7,8,3.328318880218606,True,100.0,0.995,120,False,1,1
12,8,7,3.328318880218606,True,100.0,0.995,120,False,1,1
12,8,9,3.3127025167482023,True,100.0,0.995,120,False,1,1
12,9,8,3.3127025167482023,True,100.0,0.995,120,False,1,1
12,9,10,3.018044632260051,True,100.0,0.995,120,False,1,1
12,10,9,3.018044632260051,True,100.0,0.995,120,False,1,1
12,10,11,0.5758015052576777,True,100.0,0.995,120,False,1,1
12,11,10,0.5758015052576777,True,100.0,0.995,120,False,1,1
12,10,17,5.990680470024724,True,100.0,0.995,120,True,1,1
12,17,10,5.990680470024724,True,100.0,0.995,120,True,1,1
12,11,12,3.0061754230951383,True,100.0,0.995,120,False,1,1
12,12,11,3.0061754230951383,True,100.0,0.995,120,False,1,1
12,11,17,5.904233053971441,True,100.0,0.995,120,True,1,1
12,17,11,5.904233053971441,True,100.0,0.995,120,True,1,1
12,12,18,5.496210468883105,True,100.0,0.995,120,True,1,1
12,18,12,5.496210468883105,True,100.0,0.995,120,True,1,1
12,13,14,0.9350664328992129,True,100.0,0.995,120,False,1,1
12,14,13,0.9350664328992129,True,100.0,0.995,120,False,1,1
12,14,15,2.6055517286518324,True,100.0,0.995,120,False,1,1
12,15,14,2.6055517286518324,True,100.0,0.995,120,False,1,1
12,15,16,3.5210106224679354,True,100.0,0.995,120,False,1,1
12,16,15,3.5210106224679354,True,100.0,0.995,120,False,1,1
12,16,17,3.5196526678961426,True,100.0,0.995,120,False,1,1
12,17,16,3.5196526678961426,True,100.0,0.995,120,False,1,1
12,17,18,3.518622539259603,True,100.0,0.995,120,False,1,1
12,18,17,3.518622539259603,True,100.0,0.995,120,False,1,1
12,17,23,5.970490260134503,True,100.0,0.995,120,True,1,1
12,23,17,5.970490260134503,True,100.0,0.995,120,True,1,1
12,18,23,6.3273346666333286,True,100.0,0.995,120,True,1,1
12,23,18,6.3273346666333286,True,100.0,0.995,120,True,1,1
12,18,24,5.462678006568066,True,100.0,0.995,120,True,1,1
12,24,18,5.462678006568066,True,100.0,0.995,120,True,1,1
12,19,20,3.2971136492034496,True,100.0,0.995,120,False,1,1
12,20,19,3.2971136492034496,True,100.0,0.995,120,False,1,1
12,20,21,3.020311876797566,True,100.0,0.995,120,False,1,1
12,21,20,3.020311876797566,True,100.0,0.995,120,False,1,1
12,21,22,0.6005125014943768,True,100.0,0.995,120,False,1,1
12,22,21,0.6005125014943768,True,100.0,0.995,120,False,1,1
12,22,23,3.0222957859179638,True,100.0,0.995,120,False,1,1
12,23,22,3.0222957859179638,True,100.0,0.995,120,False,1,1
12,23,24,3.324909440310547,True,100.0,0.995,120,False,1,1
12,24,23,3.324909440310547,True,100.0,0.995,120,False,1,1
13,1,2,3.496093253202621,True,100.0,0.995,120,False,1,1
13,2,1,3.496093253202621,True,100.0,0.995,120,False,1,1
13,2,3,1.7882299384879785,True,100.0,0.995,120,False,1,1
13,3,2,1.7882299384879785,True,100.0,0.995,120,False,1,1
13,3,4,1.7557772158563554,True,100.0,0.995,120,False,1,1
13,4,3,1.7557772158563554,True,100.0,0.995,120,False,1,1
13,4,5,1.759328831097749,True,100.0,0.995,120,False,1,1
13,5,4,1.759328831097749,True,100.0,0.995,120,False,1,1
13,5,6,1.7275375640087478,True,100.0,0.995,120,False,1,1
13,6,5,1.7275375640087478,True,100.0,0.995,120,False,1,1
13,5,10,5.9076469323978,True,100.0,0.995,120,True,1,1
13,10,5,5.9076469323978,True,100.0,0.995,120,True,1,1
13,5,11,5.879636608206029,True,100.0,0.995,120,True,1,1
13,11,5,5.879636608206029,True,100.0,0.995,120,True,1,1
13,6,12,5.735986946256676,True,100.0,0.995,120,True,1,1
13,12,6,5.735986946256676,True,100.0,0.995,120,True,1,1
13,6,24,16.312050069417236,True,100.0,0.995,120,True,1,1
13,24,6,16.312050069417236,True,100.0,0.995,120,True,1,1
13,7,8,3.3283319660194146,True,100.0,0.995,120,False,1,1
13,8,7,3.3283319660194146,True,100.0,0.995,120,False,1,1
13,8,9,3.3127114397938033,True,100.0,0.995,120,False,1,1
13,9,8,3.3127114397938033,True,100.0,0.995,120,False,1,1
13,9,10,3.0180827329121267,True,100.0,0.995,120,False,1,1
13,10,9,3.0180827329121267,True,100.0,0.995,120,False,1,1
13,10,11,0.5757952467416335,True,100.0,0.995,120,False,1,1
13,11,10,0.5757952467416335,True,100.0,0.995,120,False,1,1
13,10,17,5.961350551743357,True,100.0,0.995,120,True,1,1
13,17,10,5.961350551743357,True,100.0,0.995,120,True,1,1
13,11,12,3.0061884986055794,True,100.0,0.995,120,False,1,1
13,12,11,3.0061884986055794,True,100.0,0.995,120,False,1,1
13,11,17,5.874094386926637,True,100.0,0.995,120,True,1,1
13,17,11,5.874094386926637,True,100.0,0.995,120,True,1,1
13,12,18,5.459248375106047,True,100.0,0.995,120,True,1,1
13,18,12,5.459248375106047,True,100.0,0.995,120,True,1,1
13,13,14,0.9350663547733207,True,100.0,0.995,120,False,1,1
13,14,13,0.9350663547733207,True,100.0,0.995,120,False,1,1
13,14,15,2.6055846629872215,True,100.0,0.995,120,False,1,1
13,15,14,2.6055846629872215,True,100.0,0.995,120,False,1,1
13,15,16,3.5210140919273196,True,100.0,0.995,120,False,1,1
13,16,15,3.5210140919273196,True,100.0,0.995,120,False,1,1
13,16,17,3.519689787716304,True,100.0,0.995,120,False,1,1
13,17,16,3.519689787716304,True,100.0,0.995,120,False,1,1
13,17,18,3.5186203751892817,True,100.0,0.995,120,False,1,1
13,18,17,3.5186203751892817,True,100.0,0.995,120,False,1,1
13,17,23,5.9401124959324365,True,100.0,0.995,120,True,1,1
13,23,17,5.9401124959324365,True,100.0,0.995,120,True,1,1
13,18,23,6.297027394893647,True,100.0,0.995,120,True,1,1
13,23,18,6.297027394893647,True,100.0,0.995,120,True,1,1
13,18,24,5.424955573496216,True,100.0,0.995,120,True,1,1
13,24,18,5.424955573496216,True,100.0,0.995,120,True,1,1
13,19,20,3.2971094579196416,True,100.0,0.995,120,False,1,1
13,20,19,3.2971094579196416,True,100.0,0.995,120,False,1,1
13,20,21,3.0203663174983846,True,100.0,0.995,120,False,1,1
13,21,20,3.0203663174983846,True,100.0,0.995,120,False,1,1
13,21,22,0.6005244555180922,True,100.0,0.995,120,False,1,1
13,22,21,0.6005244555180922,True,100.0,0.995,120,False,1,1
13,22,23,3.022308232813697,True,100.0,0.995,120,False,1,1
13,23,22,3.022308232813697,True,100.0,0.995,120,False,1,1
13,23,24,3.3249239320232378,True,100.0,0.995,120,False,1,1
13,24,23,3.3249239320232378,True,100.0,0.995,120,False,1,1
14,1,2,3.4961146475165346,True,100.0,0.995,120,False,1,1
14,2,1,3.4961146475165346,True,100.0,0.995,120,False,1,1
14,2,3,1.7882406174603565,True,100.0,0.995,120,False,1,1
14,3,2,1.7882406174603565,True,100.0,0.995,120,False,1,1
14,3,4,1.7557863392410082,True,100.0,0.995,120,False,1,1
14,4,3,1.7557863392410082,True,100.0,0.995,120,False,1,1
14,4,5,1.7593344387172511,True,100.0,0.995,120,False,1,1
14,5,4,1.7593344387172511,True,100.0,0.995,120,False,1,1
14,5,6,1.7275499193716337,True,100.0,0.995,120,False,1,1
14,6,5,1.7275499193716337,True,100.0,0.995,120,False,1,1
14,5,10,5.877637505848215,True,100.0,0.995,120,True,1,1
14,10,5,5.877637505848215,True,100.0,0.995,120,True,1,1
14,5,11,5.8487275937734395,True,100.0,0.995,120,True,1,1
14,11,5,5.8487275937734395,True,100.0,0.995,120,True,1,1
14,6,12,5.700812227150186,True,100.0,0.995,120,True,1,1
14,12,6,5.700812227150186,True,100.0,0.995,120,True,1,1
14,6,24,16.205412521166313,True,100.0,0.995,120,True,1,1
14,24,6,16.205412521166313,True,100.0,0.995,120,True,1,1
14,7,8,3.328344570186844,True,100.0,0.995,120,False,1,1
14,8,7,3.328344570186844,True,100.0,0.995,120,False,1,1
14,8,9,3.3127198440188566,True,100.0,0.995,120,False,1,1
14,9,8,3.3127198440188566,True,100.0,0.995,120,False,1,1
14,9,10,3.0181204101274264,True,100.0,0.995,120,False,1,1
14,10,9,3.0181204101274264,True,100.0,0.995,120,False,1,1
14,10,11,0.5757889638157586,True,100.0,0.995,120,False,1,1
14,11,10,0.5757889638157586,True,100.0,0.995,120,False,1,1
14,10,17,5.931481344751088,True,100.0,0.995,120,True,1,1
14,17,10,5.931481344751088,True,100.0,0.995,120,True,1,1
14,11,12,3.006201030041661,True,100.0,0.995,120,False,1,1
14,12,11,3.006201030041661,True,100.0,0.995,120,False,1,1
14,11,17,5.843416020977329,True,100.0,0.995,120,True,1,1
14,17,11,5.843416020977329,True,100.0,0.995,120,True,1,1
14,12,18,5.421794372355979,True,100.0,0.995,120,True,1,1
14,18,12,5.421794372355979,True,100.0,0.995,120,True,1,1
14,13,14,0.9350658307064109,True,100.0,0.995,120,False,1,1
14,14,13,0.9350658307064109,True,100.0,0.995,120,False,1,1
14,14,15,2.6056173756686376,True,100.0,0.995,120,False,1,1
14,15,14,2.6056173756686376,True,100.0,0.995,120,False,1,1
14,15,16,3.5210171889533206,True,100.0,0.995,120,False,1,1
14,16,15,3.5210171889533206,True,100.0,0.995,120,False,1,1
14,16,17,3.5197261852115163,True,100.0,0.995,120,False,1,1
14,17,16,3.5197261852115163,True,100.0,0.995,120,False,1,1
14,17,18,3.518617980147839,True,100.0,0.995,120,False,1,1
14,18,17,3.518617980147839,True,100.0,0.995,120,False,1,1
14,17,23,5.909198212496611,True,100.0,0.995,120,True,1,1
14,23,17,5.909198212496611,True,100.0,0.995,120,True,1,1
14,18,23,6.266296092588838,True,100.0,0.995,120,True,1,1
14,23,18,6.266296092588838,True,100.0,0.995,120,True,1,1
14,18,24,5.386740613949906,True,100.0,0.995,120,True,1,1
14,24,18,5.386740613949906,True,100.0,0.995,120,True,1,1
14,19,20,3.2971050507105386,True,100.0,0.995,120,False,1,1
14,20,19,3.2971050507105386,True,100.0,0.995,120,False,1,1
14,20,21,3.0204202722446634,True,100.0,0.995,120,False,1,1
14,21,20,3.0204202722446634,True,100.0,0.995,120,False,1,1
14,21,22,0.6005360448109124,True,100.0,0.995,120,False,1,1
14,22,21,0.6005360448109124,True,100.0,0.995,120,False,1,1
14,22,23,3.022320196620995,True,100.0,0.995,120,False,1,1
14,23,22,3.022320196620995,True,100.0,0.995,120,False,1,1
14,23,24,3.3249382282518347,True,100.0,0.995,120,False,1,1
14,24,23,3.3249382282518347,True,100.0,0.995,120,False,1,1
15,1,2,3.496135409894537,True,100.0,0.995,120,False,1,1
15,2,1,3.496135409894537,True,100.0,0.995,120,False,1,1
15,2,3,1.7882506691932312,True,100.0,0.995,120,False,1,1
15,3,2,1.7882506691932312,True,100.0,0.995,120,False,1,1
15,3,4,1.7557955936681935,True,100.0,0.995,120,False,1,1
15,4,3,1.7557955936681935,True,100.0,0.995,120,False,1,1
15,4,5,1.759339846159831,True,100.0,0.995,120,False,1,1
15,5,4,1.759339846159831,True,100.0,0.995,120,False,1,1
15,5,6,1.7275619368359623,True,100.0,0.995,120,False,1,1
15,6,5,1.7275619368359623,True,100.0,0.995,120,False,1,1
15,5,10,5.847091694733293,True,100.0,0.995,120,True,1,1
15,10,5,5.847091694733293,True,100.0,0.995,120,True,1,1
15,5,11,5.817281008371925,True,100.0,0.995,120,True,1,1
15,11,5,5.817281008371925,True,100.0,0.995,120,True,1,1
15,6,12,5.66515718284355,True,100.0,0.995,120,True,1,1
15,12,6,5.66515718284355,True,100.0,0.995,120,True,1,1
15,6,23,16.657284564594146,True,100.0,0.995,120,True,1,1
15,23,6,16.657284564594146,True,100.0,0.995,120,True,1,1
15,6,24,16.09733028120016,True,100.0,0.995,120,True,1,1
15,24,6,16.09733028120016,True,100.0,0.995,120,True,1,1
15,7,8,3.3283566936314877,True,100.0,0.995,120,False,1,1
15,8,7,3.3283566936314877,True,100.0,0.995,120,False,1,1
15,8,9,3.3127277323079376,True,100.0,0.995,120,False,1,1
15,9,8,3.3127277323079376,True,100.0,0.995,120,False,1,1
15,9,10,3.0181576649594035,True,100.0,0.995,120,False,1,1
15,10,9,3.0181576649594035,True,100.0,0.995,120,False,1,1
15,10,11,0.5757826588703577,True,100.0,0.995,120,False,1,1
15,11,10,0.5757826588703577,True,100.0,0.995,120,False,1,1
15,10,17,5.9010757703238825,True,100.0,0.995,120,True,1,1
15,17,10,5.9010757703238825,True,100.0,0.995,120,True,1,1
15,11,12,3.006213021643201,True,100.0,0.995,120,False,1,1
15,12,11,3.006213021643201,True,100.0,0.995,120,False,1,1
15,11,17,5.812200789829942,True,100.0,0.995,120,True,1,1
15,17,11,5.812200789829942,True,100.0,0.995,120,True,1,1
15,12,18,5.383852155704461,True,100.0,0.995,120,True,1,1
15,18,12,5.383852155704461,True,100.0,0.995,120,True,1,1
15,13,14,0.9350648618926188,True,100.0,0.995,120,False,1,1
15,14,13,0.9350648618926188,True,100.0,0.995,120,False,1,1
15,14,15,2.605649864612274,True,100.0,0.995,120,False,1,1
15,15,14,2.605649864612274,True,100.0,0.995,120,False,1,1
15,15,16,3.5210199170688194,True,100.0,0.995,120,False,1,1
15,16,15,3.5210199170688194,True,100.0,0.995,120,False,1,1
15,16,17,3.5197618623365265,True,100.0,0.995,120,False,1,1
15,17,16,3.5197618623365265,True,100.0,0.995,120,False,1,1
15,17,18,3.518615360815336,True,100.0,0.995,120,False,1,1
15,18,17,3.518615360815336,True,100.0,0.995,120,False,1,1
15,17,23,5.8777503486787985,True,100.0,0.995,120,True,1,1
15,23,17,5.8777503486787985,True,100.0,0.995,120,True,1,1
15,18,23,6.235146061045236,True,100.0,0.995,120,True,1,1
15,23,18,6.235146061045236,True,100.0,0.995,120,True,1,1
15,18,24,5.348036729690691,True,100.0,0.995,120,True,1,1
15,24,18,5.348036729690691,True,100.0,0.995,120,True,1,1
15,19,20,3.2971004303152287,True,100.0,0.995,120,False,1,1
15,20,19,3.2971004303152287,True,100.0,0.995,120,False,1,1
15,20,21,3.0204737395353622,True,100.0,0.995,120,False,1,1
15,21,20,3.0204737395353622,True,100.0,0.995,120,False,1,1
15,21,22,0.6005472692994264,True,100.0,0.995,120,False,1,1
15,22,21,0.6005472692994264,True,100.0,0.995,120,False,1,1
15,22,23,3.0223316809797756,True,100.0,0.995,120,False,1,1
15,23,22,3.0223316809797756,True,100.0,0.995,120,False,1,1
15,23,24,3.3249523337644753,True,100.0,0.995,120,False,1,1
15,24,23,3.3249523337644753,True,100.0,0.995,120,False,1,1
16,1,2,3.4961555416135885,True,100.0,0.995,120,False,1,1
16,2,1,3.4961555416135885,True,100.0,0.995,120,False,1,1
16,2,3,1.7882600950312555,True,100.0,0.995,120,False,1,1
16,3,2,1.7882600950312555,True,100.0,0.995,120,False,1,1
16,3,4,1.7558049808547052,True,100.0,0.995,120,False,1,1
16,4,3,1.7558049808547052,True,100.0,0.995,120,False,1,1
16,4,5,1.7593450558752268,True,100.0,0.995,120,False,1,1
16,5,4,1.7593450558752268,True,100.0,0.995,120,False,1,1
16,5,6,1.727573618574062,True,100.0,0.995,120,False,1,1
16,6,5,1.727573618574062,True,100.0,0.995,120,False,1,1
16,5,10,5.81601241244539,True,100.0,0.995,120,True,1,1
16,10,5,5.81601241244539,True,100.0,0.995,120,True,1,1
16,5,11,5.785299746629303,True,100.0,0.995,120,True,1,1
16,11,5,5.785299746629303,True,100.0,0.995,120,True,1,1
16,5,24,16.667611573775165,True,100.0,0.995,120,True,1,1
16,24,5,16.667611573775165,True,100.0,0.995,120,True,1,1
16,6,12,5.629025833924835,True,100.0,0.995,120,True,1,1
16,12,6,5.629025833924835,True,100.0,0.995,120,True,1,1
16,6,23,16.557103900112995,True,100.0,0.995,120,True,1,1
16,23,6,16.557103900112995,True,100.0,0.995,120,True,1,1
16,6,24,15.987814155132675,True,100.0,0.995,120,True,1,1
16,24,6,15.987814155132675,True,100.0,0.995,120,True,1,1
16,7,8,3.3283683374285267,True,100.0,0.995,120,False,1,1
16,8,7,3.3283683374285267,True,100.0,0.995,120,False,1,1
16,8,9,3.3127351076993983,True,100.0,0.995,120,False,1,1
16,9,8,3.3127351076993983,True,100.0,0.995,120,False,1,1
16,9,10,3.0181944985794416,True,100.0,0.995,120,False,1,1
16,10,9,3.0181944985794416,True,100.0,0.995,120,False,1,1
16,10,11,0.575776334323083,True,100.0,0.995,120,False,1,1
16,11,10,0.575776334323083,True,100.0,0.995,120,False,1,1
16,10,17,5.8701368054011684,True,100.0,0.995,120,True,1,1
16,17,10,5.8701368054011684,True,100.0,0.995,120,True,1,1
16,11,12,3.006224477751134,True,100.0,0.995,120,False,1,1
16,12,11,3.006224477751134,True,100.0,0.995,120,False,1,1
16,11,17,5.7804515772129985,True,100.0,0.995,120,True,1,1
16,17,11,5.7804515772129985,True,100.0,0.995,120,True,1,1
16,12,18,5.3454254749978505,True,100.0,0.995,120,True,1,1
16,18,12,5.3454254749978505,True,100.0,0.995,120,True,1,1
16,13,14,0.9350634496115566,True,100.0,0.995,120,False,1,1
16,14,13,0.9350634496115566,True,100.0,0.995,120,False,1,1
16,14,15,2.6056821278549887,True,100.0,0.995,120,False,1,1
16,15,14,2.6056821278549887,True,100.0,0.995,120,False,1,1
16,15,16,3.52102227994595,True,100.0,0.995,120,False,1,1
16,16,15,3.52102227994595,True,100.0,0.995,120,False,1,1
16,16,17,3.5197968212050568,True,100.0,0.995,120,False,1,1
16,17,16,3.5197968212050568,True,100.0,0.995,120,False,1,1
16,17,18,3.5186125239530073,True,100.0,0.995,120,False,1,1
16,18,17,3.5186125239530073,True,100.0,0.995,120,False,1,1
16,17,23,5.845771897279547,True,100.0,0.995,120,True,1,1
16,23,17,5.845771897279547,True,100.0,0.995,120,True,1,1
16,18,23,6.203582721396486,True,100.0,0.995,120,True,1,1
16,23,18,6.203582721396486,True,100.0,0.995,120,True,1,1
16,18,24,5.308847571664297,True,100.0,0.995,120,True,1,1
16,24,18,5.308847571664297,True,100.0,0.995,120,True,1,1
16,19,20,3.2970955996093365,True,100.0,0.995,120,False,1,1
16,20,19,3.2970955996093365,True,100.0,0.995,120,False,1,1
16,20,21,3.020526718007482,True,100.0,0.995,120,False,1,1
16,21,20,3.020526718007482,True,100.0,0.995,120,False,1,1
16,21,22,0.6005581289648904,True,100.0,0.995,120,False,1,1
16,22,21,0.6005581289648904,True,100.0,0.995,120,False,1,1
16,22,23,3.022342689645908,True,100.0,0.995,120,False,1,1
16,23,22,3.022342689645908,True,100.0,0.995,120,False,1,1
16,23,24,3.3249662533989737,True,100.0,0.995,120,False,1,1
16,24,23,3.3249662533989737,True,100.0,0.995,120,False,1,1
17,1,2,3.496175044132164,True,100.0,0.995,120,False,1,1
17,2,1,3.496175044132164,True,100.0,0.995,120,False,1,1
17,2,3,1.7882688964323812,True,100.0,0.995,120,False,1,1
17,3,2,1.7882688964323812,True,100.0,0.995,120,False,1,1
17,3,4,1.7558145025522784,True,100.0,0.995,120,False,1,1
17,4,3,1.7558145025522784,True,100.0,0.995,120,False,1,1
17,4,5,1.759350070372663,True,100.0,0.995,120,False,1,1
17,5,4,1.759350070372663,True,100.0,0.995,120,False,1,1
17,5,6,1.7275849668231351,True,100.0,0.995,120,False,1,1
17,6,5,1.7275849668231351,True,100.0,0.995,120,False,1,1
17,5,10,5.784402625195321,True,100.0,0.995,120,True,1,1
17,10,5,5.784402625195321,True,100.0,0.995,120,True,1,1
17,5,11,5.752786752826948,True,100.0,0.995,120,True,1,1
17,11,5,5.752786752826948,True,100.0,0.995,120,True,1,1
17,5,24,16.56369751900185,True,100.0,0.995,120,True,1,1
17,24,5,16.56369751900185,True,100.0,0.995,120,True,1,1
17,6,12,5.592422275326045,True,100.0,0.995,120,True,1,1
17,12,6,5.592422275326045,True,100.0,0.995,120,True,1,1
17,6,23,16.45540551048782,True,100.0,0.995,120,True,1,1
17,23,6,16.45540551048782,True,100.0,0.995,120,True,1,1
17,6,24,15.876875116557688,True,100.0,0.995,120,True,1,1
17,24,6,15.876875116557688,True,100.0,0.995,120,True,1,1
17,7,8,3.328379502817204,True,100.0,0.995,120,False,1,1
17,8,7,3.328379502817204,True,100.0,0.995,120,False,1,1
17,8,9,3.312741973384259,True,100.0,0.995,120,False,1,1
17,9,8,3.312741973384259,True,100.0,0.995,120,False,1,1
17,9,10,3.018230912276147,True,100.0,0.995,120,False,1,1
17,10,9,3.018230912276147,True,100.0,0.995,120,False,1,1
17,10,11,0.5757699926170666,True,100.0,0.995,120,False,1,1
17,11,10,0.5757699926170666,True,100.0,0.995,120,False,1,1
17,10,17,5.838667482557006,True,100.0,0.995,120,True,1,1
17,17,10,5.838667482557006,True,100.0,0.995,120,True,1,1
17,11,12,3.006235402804602,True,100.0,0.995,120,False,1,1
17,12,11,3.006235402804602,True,100.0,0.995,120,False,1,1
17,11,17,5.74817131661525,True,100.0,0.995,120,True,1,1
17,17,11,5.74817131661525,True,100.0,0.995,120,True,1,1
17,12,18,5.3065181349901005,True,100.0,0.995,120,True,1,1
17,18,12,5.3065181349901005,True,100.0,0.995,120,True,1,1
17,13,14,0.9350615952275131,True,100.0,0.995,120,False,1,1
17,14,13,0.9350615952275131,True,100.0,0.995,120,False,1,1
17,14,15,2.6057141635528196,True,100.0,0.995,120,False,1,1
17,15,14,2.6057141635528196,True,100.0,0.995,120,False,1,1
17,15,16,3.521024281406306,True,100.0,0.995,120,False,1,1
17,16,15,3.521024281406306,True,100.0,0.995,120,False,1,1
17,16,17,3.519831064087654,True,100.0,0.995,120,False,1,1
17,17,16,3.519831064087654,True,100.0,0.995,120,False,1,1
17,17,18,3.5186094763992726,True,100.0,0.995,120,False,1,1
17,18,17,3.5186094763992726,True,100.0,0.995,120,False,1,1
17,17,23,5.8132659049348705,True,100.0,0.995,120,True,1,1
17,23,17,5.8132659049348705,True,100.0,0.995,120,True,1,1
17,18,23,6.171611616907419,True,100.0,0.995,120,True,1,1
17,23,18,6.171611616907419,True,100.0,0.995,120,True,1,1
17,18,24,5.269176839849501,True,100.0,0.995,120,True,1,1
17,24,18,5.269176839849501,True,100.0,0.995,120,True,1,1
17,19,20,3.297090561603036,True,100.0,0.995,120,False,1,1
17,20,19,3.297090561603036,True,100.0,0.995,120,False,1,1
17,20,21,3.020579206437076,True,100.0,0.995,120,False,1,1
17,21,20,3.020579206437076,True,100.0,0.995,120,False,1,1
17,21,22,0.6005686238416236,True,100.0,0.995,120,False,1,1
17,22,21,0.6005686238416236,True,100.0,0.995,120,False,1,1
17,22,23,3.022353226489592,True,100.0,0.995,120,False,1,1
17,23,22,3.022353226489592,True,100.0,0.995,120,False,1,1
17,23,24,3.324979992059419,True,100.0,0.995,120,False,1,1
17,24,23,3.324979992059419,True,100.0,0.995,120,False,1,1
18,1,2,3.4961939190880664,True,100.0,0.995,120,False,1,1
18,2,1,3.4961939190880664,True,100.0,0.995,120,False,1,1
18,2,3,1.7882770749681207,True,100.0,0.995,120,False,1,1
18,3,2,1.7882770749681207,True,100.0,0.995,120,False,1,1
18,3,4,1.7558241605467806,True,100.0,0.995,120,False,1,1
18,4,3,1.7558241605467806,True,100.0,0.995,120,False,1,1
18,4,5,1.759354892218329,True,100.0,0.995,120,False,1,1
18,5,4,1.759354892218329,True,100.0,0.995,120,False,1,1
18,5,6,1.7275959838823793,True,100.0,0.995,120,False,1,1
18,6,5,1.7275959838823793,True,100.0,0.995,120,False,1,1
18,5,10,5.752265351879934,True,100.0,0.995,120,True,1,1
18,10,5,5.752265351879934,True,100.0,0.995,120,True,1,1
18,5,11,5.7197450206192455,True,100.0,0.995,120,True,1,1
18,11,5,5.7197450206192455,True,100.0,0.995,120,True,1,1
18,5,24,16.458383908199856,True,100.0,0.995,120,True,1,1
18,24,5,16.458383908199856,True,100.0,0.995,120,True,1,1
18,6,12,5.55535067727766,True,100.0,0.995,120,True,1,1
18,12,6,5.55535067727766,True,100.0,0.995,120,True,1,1
18,6,23,16.352198867481317,True,100.0,0.995,120,True,1,1
18,23,6,16.352198867481317,True,100.0,0.995,120,True,1,1
18,6,24,15.76452430770908,True,100.0,0.995,120,True,1,1
18,24,6,15.76452430770908,True,100.0,0.995,120,True,1,1
18,7,8,3.328390191199282,True,100.0,0.995,120,False,1,1
18,8,7,3.328390191199282,True,100.0,0.995,120,False,1,1
18,8,9,3.3127483327041434,True,100.0,0.995,120,False,1,1
18,9,8,3.3127483327041434,True,100.0,0.995,120,False,1,1
18,9,10,3.0182669074527397,True,100.0,0.995,120,False,1,1
18,10,9,3.0182669074527397,True,100.0,0.995,120,False,1,1
18,10,11,0.5757636362205131,True,100.0,0.995,120,False,1,1
18,11,10,0.5757636362205131,True,100.0,0.995,120,False,1,1
18,10,17,5.806670889980221,True,100.0,0.995,120,True,1,1
18,17,10,5.806670889980221,True,100.0,0.995,120,True,1,1
18,11,12,3.006245801339245,True,100.0,0.995,120,False,1,1
18,12,11,3.006245801339245,True,100.0,0.995,120,False,1,1
18,11,17,5.715362991020598,True,100.0,0.995,120,True,1,1
18,17,11,5.715362991020598,True,100.0,0.995,120,True,1,1
18,12,18,5.267133995501464,True,100.0,0.995,120,True,1,1
18,18,12,5.267133995501464,True,100.0,0.995,120,True,1,1
18,13,14,0.9350593001903279,True,100.0,0.995,120,False,1,1
18,14,13,0.9350593001903279,True,100.0,0.995,120,False,1,1
18,14,15,2.60574596998117,True,100.0,0.995,120,False,1,1
18,15,14,2.60574596998117,True,100.0,0.995,120,False,1,1
18,15,16,3.521025925417279,True,100.0,0.995,120,False,1,1
18,16,15,3.521025925417279,True,100.0,0.995,120,False,1,1
18,16,17,3.5198645934089017,True,100.0,0.995,120,False,1,1
18,17,16,3.5198645934089017,True,100.0,0.995,120,False,1,1
18,17,18,3.5186062250674577,True,100.0,0.995,120,False,1,1
18,18,17,3.5186062250674577,True,100.0,0.995,120,False,1,1
18,17,23,5.7802354720089335,True,100.0,0.995,120,True,1,1
18,23,17,5.7802354720089335,True,100.0,0.995,120,True,1,1
18,18,23,6.13923841540936,True,100.0,0.995,120,True,1,1
18,23,18,6.13923841540936,True,100.0,0.995,120,True,1,1
18,18,24,5.229028283116434,True,100.0,0.995,120,True,1,1
18,24,18,5.229028283116434,True,100.0,0.995,120,True,1,1
18,19,20,3.29708531944106,True,100.0,0.995,120,False,1,1
18,20,19,3.29708531944106,True,100.0,0.995,120,False,1,1
18,20,21,3.020631203736285,True,100.0,0.995,120,False,1,1
18,21,20,3.020631203736285,True,100.0,0.995,120,False,1,1
18,21,22,0.6005787540171996,True,100.0,0.995,120,False,1,1
18,22,21,0.6005787540171996,True,100.0,0.995,120,False,1,1
18,22,23,3.02236329549325,True,100.0,0.995,120,False,1,1
18,23,22,3.02236329549325,True,100.0,0.995,120,False,1,1
18,23,24,3.324993554713891,True,100.0,0.995,120,False,1,1
18,24,23,3.324993554713891,True,100.0,0.995,120,False,1,1
19,1,2,3.496212168297025,True,100.0,0.995,120,False,1,1
19,2,1,3.496212168297025,True,100.0,0.995,120,False,1,1
19,2,3,1.7882846323208657,True,100.0,0.995,120,False,1,1
19,3,2,1.7882846323208657,True,100.0,0.995,120,False,1,1
19,3,4,1.7558339566572927,True,100.0,0.995,120,False,1,1
19,4,3,1.7558339566572927,True,100.0,0.995,120,False,1,1
19,4,5,1.759359524034762,True,100.0,0.995,120,False,1,1
19,5,4,1.759359524034762,True,100.0,0.995,120,False,1,1
19,5,6,1.7276066721130672,True,100.0,0.995,120,False,1,1
19,6,5,1.7276066721130672,True,100.0,0.995,120,False,1,1
19,5,10,5.71960366395284,True,100.0,0.995,120,True,1,1
19,10,5,5.71960366395284,True,100.0,0.995,120,True,1,1
19,5,11,5.6861775927488925,True,100.0,0.995,120,True,1,1
19,11,5,5.6861775927488925,True,100.0,0.995,120,True,1,1
19,5,24,16.351682715052377,True,100.0,0.995,120,True,1,1
19,24,5,16.351682715052377,True,100.0,0.995,120,True,1,1
19,6,12,5.517815286333336,True,100.0,0.995,120,True,1,1
19,12,6,5.517815286333336,True,100.0,0.995,120,True,1,1
19,6,23,16.24749358601818,True,100.0,0.995,120,True,1,1
19,23,6,16.24749358601818,True,100.0,0.995,120,True,1,1
19,6,24,15.650773040208875,True,100.0,0.995,120,True,1,1
19,24,6,15.650773040208875,True,100.0,0.995,120,True,1,1
19,7,8,3.328400404138916,True,100.0,0.995,120,False,1,1
19,8,7,3.328400404138916,True,100.0,0.995,120,False,1,1
19,8,9,3.312754189149496,True,100.0,0.995,120,False,1,1
19,9,8,3.312754189149496,True,100.0,0.995,120,False,1,1
19,9,10,3.0183024856257137,True,100.0,0.995,120,False,1,1
19,10,9,3.0183024856257137,True,100.0,0.995,120,False,1,1
19,10,11,0.5757572676261308,True,100.0,0.995,120,False,1,1
19,11,10,0.5757572676261308,True,100.0,0.995,120,False,1,1
19,10,17,5.774150171463767,True,100.0,0.995,120,True,1,1
19,17,10,5.774150171463767,True,100.0,0.995,120,True,1,1
19,11,12,3.0062556779835172,True,100.0,0.995,120,False,1,1
19,12,11,3.0062556779835172,True,100.0,0.995,120,False,1,1
19,11,17,5.68202963263887,True,100.0,0.995,120,True,1,1
19,17,11,5.68202963263887,True,100.0,0.995,120,True,1,1
19,12,18,5.227276971604871,True,100.0,0.995,120,True,1,1
19,18,12,5.227276971604871,True,100.0,0.995,120,True,1,1
19,13,14,0.9350565660338929,True,100.0,0.995,120,False,1,1
19,14,13,0.9350565660338929,True,100.0,0.995,120,False,1,1
19,14,15,2.6057775455340138,True,100.0,0.995,120,False,1,1
19,15,14,2.6057775455340138,True,100.0,0.995,120,False,1,1
19,15,16,3.5210272160913103,True,100.0,0.995,120,False,1,1
19,16,15,3.5210272160913103,True,100.0,0.995,120,False,1,1
19,16,17,3.519897411745956,True,100.0,0.995,120,False,1,1
19,17,16,3.519897411745956,True,100.0,0.995,120,False,1,1
19,17,18,3.5186027769421413,True,100.0,0.995,120,False,1,1
19,18,17,3.5186027769421413,True,100.0,0.995,120,False,1,1
19,17,23,5.746683752492288,True,100.0,0.995,120,True,1,1
19,23,17,5.746683752492288,True,100.0,0.995,120,True,1,1
19,18,23,6.106468911851467,True,100.0,0.995,120,True,1,1
19,23,18,6.106468911851467,True,100.0,0.995,120,True,1,1
19,18,24,5.188405699093616,True,100.0,0.995,120,True,1,1
19,24,18,5.188405699093616,True,100.0,0.995,120,True,1,1
19,19,20,3.2970798764005607,True,100.0,0.995,120,False,1,1
19,20,19,3.2970798764005607,True,100.0,0.995,120,False,1,1
19,20,21,3.0206827089534305,True,100.0,0.995,120,False,1,1
19,21,20,3.0206827089534305,True,100.0,0.995,120,False,1,1
19,21,22,0.6005885196314943,True,100.0,0.995,120,False,1,1
19,22,21,0.6005885196314943,True,100.0,0.995,120,False,1,1
19,22,23,3.022372900748705,True,100.0,0.995,120,False,1,1
19,23,22,3.022372900748705,True,100.0,0.995,120,False,1,1
19,23,24,3.3250069463923704,True,100.0,0.995,120,False,1,1
19,24,23,3.3250069463923704,True,100.0,0.995,120,False,1,1
20,1,2,3.4962297937530264,True,100.0,0.995,120,False,1,1
20,2,1,3.4962297937530264,True,100.0,0.995,120,False,1,1
20,2,3,1.7882915702833586,True,100.0,0.995,120,False,1,1
20,3,2,1.7882915702833586,True,100.0,0.995,120,False,1,1
20,3,4,1.7558438927349018,True,100.0,0.995,120,False,1,1
20,4,3,1.7558438927349018,True,100.0,0.995,120,False,1,1
20,4,5,1.7593639684996762,True,100.0,0.995,120,False,1,1
20,5,4,1.7593639684996762,True,100.0,0.995,120,False,1,1
20,5,6,1.7276170339349668,True,100.0,0.995,120,False,1,1
20,6,5,1.7276170339349668,True,100.0,0.995,120,False,1,1
20,5,10,5.686420685298895,True,100.0,0.995,120,True,1,1
20,10,5,5.686420685298895,True,100.0,0.995,120,True,1,1
20,5,11,5.6520875607575105,True,100.0,0.995,120,True,1,1
20,11,5,5.6520875607575105,True,100.0,0.995,120,True,1,1
20,5,24,16.243606132715215,True,100.0,0.995,120,True,1,1
20,24,5,16.243606132715215,True,100.0,0.995,120,True,1,1
20,6,12,5.479820426471464,True,100.0,0.995,120,True,1,1
20,12,6,5.479820426471464,True,100.0,0.995,120,True,1,1
20,6,23,16.14129942345023,True,100.0,0.995,120,True,1,1
20,23,6,16.14129942345023,True,100.0,0.995,120,True,1,1
20,6,24,15.535632795912946,True,100.0,0.995,120,True,1,1
20,24,6,15.535632795912946,True,100.0,0.995,120,True,1,1
20,7,8,3.328410143360903,True,100.0,0.995,120,False,1,1
20,8,7,3.328410143360903,True,100.0,0.995,120,False,1,1
20,8,9,3.31275954635767,True,100.0,0.995,120,False,1,1
20,9,8,3.31275954635767,True,100.0,0.995,120,False,1,1
20,9,10,3.018337648422909,True,100.0,0.995,120,False,1,1
20,10,9,3.018337648422909,True,100.0,0.995,120,False,1,1
20,10,11,0.5757508893494206,True,100.0,0.995,120,False,1,1
20,11,10,0.5757508893494206,True,100.0,0.995,120,False,1,1
20,10,17,5.741108526404952,True,100.0,0.995,120,True,1,1
20,17,10,5.741108526404952,True,100.0,0.995,120,True,1,1
20,11,12,3.006265037457884,True,100.0,0.995,120,False,1,1
20,12,11,3.006265037457884,True,100.0,0.995,120,False,1,1
20,11,17,5.648174322633314,True,100.0,0.995,120,True,1,1
20,17,11,5.648174322633314,True,100.0,0.995,120,True,1,1
20,12,18,5.186951033841973,True,100.0,0.995,120,True,1,1
20,18,12,5.186951033841973,True,100.0,0.995,120,True,1,1
20,13,14,0.9350533943763686,True,100.0,0.995,120,False,1,1
20,14,13,0.9350533943763686,True,100.0,0.995,120,False,1,1
20,14,15,2.6058088887234208,True,100.0,0.995,120,False,1,1
20,15,14,2.6058088887234208,True,100.0,0.995,120,False,1,1
20,15,16,3.521028157683583,True,100.0,0.995,120,False,1,1
20,16,15,3.521028157683583,True,100.0,0.995,120,False,1,1
20,16,17,3.519929521825534,True,100.0,0.995,120,False,1,1
20,17,16,3.519929521825534,True,100.0,0.995,120,False,1,1
20,17,18,3.518599139076496,True,100.0,0.995,120,False,1,1
20,18,17,3.518599139076496,True,100.0,0.995,120,False,1,1
20,17,23,5.712613953906493,True,100.0,0.995,120,True,1,1
20,23,17,5.712613953906493,True,100.0,0.995,120,True,1,1
20,18,23,6.073309030972836,True,100.0,0.995,120,True,1,1
20,23,18,6.073309030972836,True,100.0,0.995,120,True,1,1
20,18,24,5.147312934045567,True,100.0,0.995,120,True,1,1
20,24,18,5.147312934045567,True,100.0,0.995,120,True,1,1
20,19,20,3.297074235890132,True,100.0,0.995,120,False,1,1
20,20,19,3.297074235890132,True,100.0,0.995,120,False,1,1
20,20,21,3.0207337212710668,True,100.0,0.995,120,False,1,1
20,21,20,3.0207337212710668,True,100.0,0.995,120,False,1,1
20,21,22,0.6005979208769466,True,100.0,0.995,120,False,1,1
20,22,21,0.6005979208769466,True,100.0,0.995,120,False,1,1
20,22,23,3.022382046455969,True,100.0,0.995,120,False,1,1
20,23,22,3.022382046455969,True,100.0,0.995,120,False,1,1
20,23,24,3.3250201721825414,True,100.0,0.995,120,False,1,1
20,24,23,3.3250201721825414,True,100.0,0.995,120,False,1,1
21,1,2,3.496246797624022,True,100.0,0.995,120,False,1,1
21,2,1,3.496246797624022,True,100.0,0.995,120,False,1,1
21,2,3,1.7882978907585667,True,100.0,0.995,120,False,1,1
21,3,2,1.7882978907585667,True,100.0,0.995,120,False,1,1
21,3,4,1.7558539706613672,True,100.0,0.995,120,False,1,1
21,4,3,1.7558539706613672,True,100.0,0.995,120,False,1,1
21,4,5,1.7593682283441647,True,100.0,0.995,120,False,1,1
21,5,4,1.7593682283441647,True,100.0,0.995,120,False,1,1
21,5,6,1.7276270718266824,True,100.0,0.995,120,False,1,1
21,6,5,1.7276270718266824,True,100.0,0.995,120,False,1,1
21,5,10,5.65271959211357,True,100.0,0.995,120,True,1,1
21,10,5,5.65271959211357,True,100.0,0.995,120,True,1,1
21,5,11,5.617478064692315,True,100.0,0.995,120,True,1,1
21,11,5,5.617478064692315,True,100.0,0.995,120,True,1,1
21,5,24,16.134166576813744,True,100.0,0.995,120,True,1,1
21,24,5,16.134166576813744,True,100.0,0.995,120,True,1,1
21,6,12,5.441370500277893,True,100.0,0.995,120,True,1,1
21,12,6,5.441370500277893,True,100.0,0.995,120,True,1,1
21,6,23,16.033626278820304,True,100.0,0.995,120,True,1,1
21,23,6,16.033626278820304,True,100.0,0.995,120,True,1,1
21,6,24,15.41911522786218,True,100.0,0.995,120,True,1,1
21,24,6,15.41911522786218,True,100.0,0.995,120,True,1,1
21,7,8,3.3284194107501253,True,100.0,0.995,120,False,1,1
21,8,7,3.3284194107501253,True,100.0,0.995,120,False,1,1
21,8,9,3.312764408111875,True,100.0,0.995,120,False,1,1
21,9,8,3.312764408111875,True,100.0,0.995,120,False,1,1
21,9,10,3.0183723975812264,True,100.0,0.995,120,False,1,1
21,10,9,3.0183723975812264,True,100.0,0.995,120,False,1,1
21,10,11,0.5757445039282599,True,100.0,0.995,120,False,1,1
21,11,10,0.5757445039282599,True,100.0,0.995,120,False,1,1
21,10,17,5.707549209816683,True,100.0,0.995,120,True,1,1
21,17,10,5.707549209816683,True,100.0,0.995,120,True,1,1
21,11,12,3.0062738845707435,True,100.0,0.995,120,False,1,1
21,12,11,3.0062738845707435,True,100.0,0.995,120,False,1,1
21,11,17,5.613800190844448,True,100.0,0.995,120,True,1,1
21,17,11,5.613800190844448,True,100.0,0.995,120,True,1,1
21,12,18,5.146160208472515,True,100.0,0.995,120,True,1,1
21,18,12,5.146160208472515,True,100.0,0.995,120,True,1,1
21,13,14,0.9350497869197972,True,100.0,0.995,120,False,1,1
21,14,13,0.9350497869197972,True,100.0,0.995,120,False,1,1
21,14,15,2.6058399981787668,True,100.0,0.995,120,False,1,1
21,15,14,2.6058399981787668,True,100.0,0.995,120,False,1,1
21,15,16,3.521028754590147,True,100.0,0.995,120,False,1,1
21,16,15,3.521028754590147,True,100.0,0.995,120,False,1,1
21,16,17,3.519960926522193,True,100.0,0.995,120,False,1,1
21,17,16,3.519960926522193,True,100.0,0.995,120,False,1,1
21,17,18,3.518595318588737,True,100.0,0.995,120,False,1,1
21,18,17,3.518595318588737,True,100.0,0.995,120,False,1,1
21,17,23,5.678029337216355,True,100.0,0.995,120,True,1,1
21,23,17,5.678029337216355,True,100.0,0.995,120,True,1,1
21,18,23,6.039764830102238,True,100.0,0.995,120,True,1,1
21,23,18,6.039764830102238,True,100.0,0.995,120,True,1,1
21,18,24,5.105753882762343,True,100.0,0.995,120,True,1,1
21,24,18,5.105753882762343,True,100.0,0.995,120,True,1,1
21,19,20,3.2970684014485427,True,100.0,0.995,120,False,1,1
21,20,19,3.2970684014485427,True,100.0,0.995,120,False,1,1
21,20,21,3.0207842400044878,True,100.0,0.995,120,False,1,1
21,21,20,3.0207842400044878,True,100.0,0.995,120,False,1,1
21,21,22,0.6006069579981589,True,100.0,0.995,120,False,1,1
21,22,21,0.6006069579981589,True,100.0,0.995,120,False,1,1
21,22,23,3.0223907369201717,True,100.0,0.995,120,False,1,1
21,23,22,3.0223907369201717,True,100.0,0.995,120,False,1,1
21,23,24,3.3250332372282516,True,100.0,0.995,120,False,1,1
21,24,23,3.3250332372282516,True,100.0,0.995,120,False,1,1
22,1,2,3.496263182253238,True,100.0,0.995,120,False,1,1
22,2,1,3.496263182253238,True,100.0,0.995,120,False,1,1
22,2,3,1.7883035957568703,True,100.0,0.995,120,False,1,1
22,3,2,1.7883035957568703,True,100.0,0.995,120,False,1,1
22,3,4,1.7558641923479876,True,100.0,0.995,120,False,1,1
22,4,3,1.7558641923479876,True,100.0,0.995,120,False,1,1
22,4,5,1.7593723063507636,True,100.0,0.995,120,False,1,1
22,5,4,1.7593723063507636,True,100.0,0.995,120,False,1,1
22,5,6,1.7276367883236456,True,100.0,0.995,120,False,1,1
22,6,5,1.7276367883236456,True,100.0,0.995,120,False,1,1
22,5,10,5.618503612787111,True,100.0,0.995,120,True,1,1
22,10,5,5.618503612787111,True,100.0,0.995,120,True,1,1
22,5,11,5.582352292808675,True,100.0,0.995,120,True,1,1
22,11,5,5.582352292808675,True,100.0,0.995,120,True,1,1
22,5,24,16.02337668865948,True,100.0,0.995,120,True,1,1
22,24,5,16.02337668865948,True,100.0,0.995,120,True,1,1
22,6,12,5.402469990215832,True,100.0,0.995,120,True,1,1
22,12,6,5.402469990215832,True,100.0,0.995,120,True,1,1
22,6,23,15.924484192123725,True,100.0,0.995,120,True,1,1
22,23,6,15.924484192123725,True,100.0,0.995,120,True,1,1
22,6,24,15.30123216134638,True,100.0,0.995,120,True,1,1
22,24,6,15.30123216134638,True,100.0,0.995,120,True,1,1
22,7,8,3.3284282083498034,True,100.0,0.995,120,False,1,1
22,8,7,3.3284282083498034,True,100.0,0.995,120,False,1,1
22,8,9,3.3127687783384747,True,100.0,0.995,120,False,1,1
22,9,8,3.3127687783384747,True,100.0,0.995,120,False,1,1
22,9,10,3.018406734945064,True,100.0,0.995,120,False,1,1
22,10,9,3.018406734945064,True,100.0,0.995,120,False,1,1
22,10,11,0.5757381139220765,True,100.0,0.995,120,False,1,1
22,11,10,0.5757381139220765,True,100.0,0.995,120,False,1,1
22,10,17,5.673475532351669,True,100.0,0.995,120,True,1,1
22,17,10,5.673475532351669,True,100.0,0.995,120,True,1,1
22,11,12,3.0062822242167226,True,100.0,0.995,120,False,1,1
22,12,11,3.0062822242167226,True,100.0,0.995,120,False,1,1
22,11,17,5.578910415510212,True,100.0,0.995,120,True,1,1
22,17,11,5.578910415510212,True,100.0,0.995,120,True,1,1
22,12,18,5.10490857775873,True,100.0,0.995,120,True,1,1
22,18,12,5.10490857775873,True,100.0,0.995,120,True,1,1
22,13,14,0.9350457454498922,True,100.0,0.995,120,False,1,1
22,14,13,0.9350457454498922,True,100.0,0.995,120,False,1,1
22,14,15,2.60587087264586,True,100.0,0.995,120,False,1,1
22,15,14,2.60587087264586,True,100.0,0.995,120,False,1,1
22,15,16,3.5210290113461524,True,100.0,0.995,120,False,1,1
22,16,15,3.5210290113461524,True,100.0,0.995,120,False,1,1
22,16,17,3.5199916288551156,True,100.0,0.995,120,False,1,1
22,17,16,3.5199916288551156,True,100.0,0.995,120,False,1,1
22,17,18,3.5185913226593963,True,100.0,0.995,120,False,1,1
22,18,17,3.5185913226593963,True,100.0,0.995,120,False,1,1
22,17,23,5.642933216750062,True,100.0,0.995,120,True,1,1
22,23,17,5.642933216750062,True,100.0,0.995,120,True,1,1
22,18,23,6.00584250209036,True,100.0,0.995,120,True,1,1
22,23,18,6.00584250209036,True,100.0,0.995,120,True,1,1
22,18,24,5.063732488461397,True,100.0,0.995,120,True,1,1
22,24,18,5.063732488461397,True,100.0,0.995,120,True,1,1
22,19,20,3.2970623767432694,True,100.0,0.995,120,False,1,1
22,20,19,3.2970623767432694,True,100.0,0.995,120,False,1,1
22,20,21,3.020834264601231,True,100.0,0.995,120,False,1,1
22,21,20,3.020834264601231,True,100.0,0.995,120,False,1,1
22,21,22,0.6006156312905657,True,100.0,0.995,120,False,1,1
22,22,21,0.6006156312905657,True,100.0,0.995,120,False,1,1
22,22,23,3.022398976549849,True,100.0,0.995,120,False,1,1
22,23,22,3.022398976549849,True,100.0,0.995,120,False,1,1
22,23,24,3.3250461467262533,True,100.0,0.995,120,False,1,1
22,24,23,3.3250461467262533,True,100.0,0.995,120,False,1,1
23,1,2,3.4962789501548976,True,100.0,0.995,120,False,1,1
23,2,1,3.4962789501548976,True,100.0,0.995,120,False,1,1
23,2,3,1.7883086873967666,True,100.0,0.995,120,False,1,1
23,3,2,1.7883086873967666,True,100.0,0.995,120,False,1,1
23,3,4,1.7558745597344123,True,100.0,0.995,120,False,1,1
23,4,3,1.7558745597344123,True,100.0,0.995,120,False,1,1
23,4,5,1.7593762053531201,True,100.0,0.995,120,False,1,1
23,5,4,1.7593762053531201,True,100.0,0.995,120,False,1,1
23,5,6,1.7276461860168117,True,100.0,0.995,120,False,1,1
23,6,5,1.7276461860168117,True,100.0,0.995,120,False,1,1
23,5,10,5.583776027794854,True,100.0,0.995,120,True,1,1
23,10,5,5.583776027794854,True,100.0,0.995,120,True,1,1
23,5,11,5.546713481268024,True,100.0,0.995,120,True,1,1
23,11,5,5.546713481268024,True,100.0,0.995,120,True,1,1
23,5,24,15.911249338704248,True,100.0,0.995,120,True,1,1
23,24,5,15.911249338704248,True,100.0,0.995,120,True,1,1
23,6,12,5.363123459989834,True,100.0,0.995,120,True,1,1
23,12,6,5.363123459989834,True,100.0,0.995,120,True,1,1
23,6,23,15.813883343570511,True,100.0,0.995,120,True,1,1
23,23,6,15.813883343570511,True,100.0,0.995,120,True,1,1
23,6,24,15.181995595092534,True,100.0,0.995,120,True,1,1
23,24,6,15.181995595092534,True,100.0,0.995,120,True,1,1
23,7,8,3.32843653836073,True,100.0,0.995,120,False,1,1
23,8,7,3.32843653836073,True,100.0,0.995,120,False,1,1
23,8,9,3.3127726611053463,True,100.0,0.995,120,False,1,1
23,9,8,3.3127726611053463,True,100.0,0.995,120,False,1,1
23,9,10,3.0184406624640534,True,100.0,0.995,120,False,1,1
23,10,9,3.0184406624640534,True,100.0,0.995,120,False,1,1
23,10,11,0.5757317219106313,True,100.0,0.995,120,False,1,1
23,11,10,0.5757317219106313,True,100.0,0.995,120,False,1,1
23,10,17,5.638890860339974,True,100.0,0.995,120,True,1,1
23,17,10,5.638890860339974,True,100.0,0.995,120,True,1,1
23,11,12,3.006290061373737,True,100.0,0.995,120,False,1,1
23,12,11,3.006290061373737,True,100.0,0.995,120,False,1,1
23,11,17,5.5435082229831805,True,100.0,0.995,120,True,1,1
23,17,11,5.5435082229831805,True,100.0,0.995,120,True,1,1
23,12,18,5.063200280288778,True,100.0,0.995,120,True,1,1
23,18,12,5.063200280288778,True,100.0,0.995,120,True,1,1
23,13,14,0.9350412718348883,True,100.0,0.995,120,False,1,1
23,14,13,0.9350412718348883,True,100.0,0.995,120,False,1,1
23,14,15,2.605901510987094,True,100.0,0.995,120,False,1,1
23,15,14,2.605901510987094,True,100.0,0.995,120,False,1,1
23,15,16,3.5210289326230657,True,100.0,0.995,120,False,1,1
23,16,15,3.5210289326230657,True,100.0,0.995,120,False,1,1
23,16,17,3.5200216319866375,True,100.0,0.995,120,False,1,1
23,17,16,3.5200216319866375,True,100.0,0.995,120,False,1,1
23,17,18,3.518587158527154,True,100.0,0.995,120,False,1,1
23,18,17,3.518587158527154,True,100.0,0.995,120,False,1,1
23,17,23,5.607328960128336,True,100.0,0.995,120,True,1,1
23,23,17,5.607328960128336,True,100.0,0.995,120,True,1,1
23,18,23,5.971548378380894,True,100.0,0.995,120,True,1,1
23,23,18,5.971548378380894,True,100.0,0.995,120,True,1,1
23,18,24,5.021252742704162,True,100.0,0.995,120,True,1,1
23,24,18,5.021252742704162,True,100.0,0.995,120,True,1,1
23,19,20,3.29705616556902,True,100.0,0.995,120,False,1,1
23,20,19,3.29705616556902,True,100.0,0.995,120,False,1,1
23,20,21,3.0208837946388893,True,100.0,0.995,120,False,1,1
23,21,20,3.0208837946388893,True,100.0,0.995,120,False,1,1
23,21,22,0.6006239411009032,True,100.0,0.995,120,False,1,1
23,22,21,0.6006239411009032,True,100.0,0.995,120,False,1,1
23,22,23,3.022406769854269,True,100.0,0.995,120,False,1,1
23,23,22,3.022406769854269,True,100.0,0.995,120,False,1,1
23,23,24,3.325058905923431,True,100.0,0.995,120,False,1,1
23,24,23,3.325058905923431,True,100.0,0.995,120,False,1,1
24,1,2,3.496294104015224,True,100.0,0.995,120,False,1,1
24,2,1,3.496294104015224,True,100.0,0.995,120,False,1,1
24,2,3,1.7883131679019881,True,100.0,0.995,120,False,1,1
24,3,2,1.7883131679019881,True,100.0,0.995,120,False,1,1
24,3,4,1.7558850747873838,True,100.0,0.995,120,False,1,1
24,4,3,1.7558850747873838,True,100.0,0.995,120,False,1,1
24,4,5,1.7593799282340625,True,100.0,0.995,120,False,1,1
24,5,4,1.7593799282340625,True,100.0,0.995,120,False,1,1
24,5,6,1.727655267549911,True,100.0,0.995,120,False,1,1
24,6,5,1.727655267549911,True,100.0,0.995,120,False,1,1
24,5,10,5.548540169593907,True,100.0,0.995,120,True,1,1
24,10,5,5.548540169593907,True,100.0,0.995,120,True,1,1
24,5,11,5.51056491383223,True,100.0,0.995,120,True,1,1
24,11,5,5.51056491383223,True,100.0,0.995,120,True,1,1
24,5,24,15.797797630248654,True,100.0,0.995,120,True,1,1
24,24,5,15.797797630248654,True,100.0,0.995,120,True,1,1
24,6,12,5.323335556010475,True,100.0,0.995,120,True,1,1
24,12,6,5.323335556010475,True,100.0,0.995,120,True,1,1
24,6,23,15.701834052848215,True,100.0,0.995,120,True,1,1
24,23,6,15.701834052848215,True,100.0,0.995,120,True,1,1
24,6,24,15.061417702586532,True,100.0,0.995,120,True,1,1
24,24,6,15.061417702586532,True,100.0,0.995,120,True,1,1
24,7,8,3.328444403140359,True,100.0,0.995,120,False,1,1
24,8,7,3.328444403140359,True,100.0,0.995,120,False,1,1
24,8,9,3.3127760606197763,True,100.0,0.995,120,False,1,1
24,9,8,3.3127760606197763,True,100.0,0.995,120,False,1,1
24,9,10,3.018474182191416,True,100.0,0.995,120,False,1,1
24,10,9,3.018474182191416,True,100.0,0.995,120,False,1,1
24,10,11,0.5757253304928828,True,100.0,0.995,120,False,1,1
24,11,10,0.5757253304928828,True,100.0,0.995,120,False,1,1
24,10,17,5.603798615842129,True,100.0,0.995,120,True,1,1
24,17,10,5.603798615842129,True,100.0,0.995,120,True,1,1
24,11,12,3.006297401100994,True,100.0,0.995,120,False,1,1
24,12,11,3.006297401100994,True,100.0,0.995,120,False,1,1
24,11,17,5.507596887444688,True,100.0,0.995,120,True,1,1
24,17,11,5.507596887444688,True,100.0,0.995,120,True,1,1
24,12,18,5.021039511341783,True,100.0,0.995,120,True,1,1
24,18,12,5.021039511341783,True,100.0,0.995,120,True,1,1
24,13,14,0.935036368025685,True,100.0,0.995,120,False,1,1
24,14,13,0.935036368025685,True,100.0,0.995,120,False,1,1
24,14,15,2.605931912179646,True,100.0,0.995,120,False,1,1
24,15,14,2.605931912179646,True,100.0,0.995,120,False,1,1
24,15,16,3.5210285232274052,True,100.0,0.995,120,False,1,1
24,16,15,3.5210285232274052,True,100.0,0.995,120,False,1,1
24,16,17,3.52005093921892,True,100.0,0.995,120,False,1,1
24,17,16,3.52005093921892,True,100.0,0.995,120,False,1,1
24,17,18,3.518582833487449,True,100.0,0.995,120,False,1,1
24,18,17,3.518582833487449,True,100.0,0.995,120,False,1,1
24,17,23,5.571219988203673,True,100.0,0.995,120,True,1,1
24,23,17,5.571219988203673,True,100.0,0.995,120,True,1,1
24,18,23,5.936888932228088,True,100.0,0.995,120,True,1,1
24,23,18,5.936888932228088,True,100.0,0.995,120,True,1,1
24,18,24,4.978318685327964,True,100.0,0.995,120,True,1,1
24,24,18,4.978318685327964,True,100.0,0.995,120,True,1,1
24,19,20,3.297049771846161,True,100.0,0.995,120,False,1,1
24,20,19,3.297049771846161,True,100.0,0.995,120,False,1,1
24,20,21,3.0209328298239435,True,100.0,0.995,120,False,1,1
24,21,20,3.0209328298239435,True,100.0,0.995,120,False,1,1
24,21,22,0.6006318878266674,True,100.0,0.995,120,False,1,1
24,22,21,0.6006318878266674,True,100.0,0.995,120,False,1,1
24,22,23,3.022414121441235,True,100.0,0.995,120,False,1,1
24,23,22,3.022414121441235,True,100.0,0.995,120,False,1,1
24,23,24,3.32507152011401,True,100.0,0.995,120,False,1,1
24,24,23,3.32507152011401,True,100.0,0.995,120,False,1,1
25,1,2,3.4963086466882562,True,100.0,0.995,120,False,1,1
25,2,1,3.4963086466882562,True,100.0,0.995,120,False,1,1
25,2,3,1.7883170396013044,True,100.0,0.995,120,False,1,1
25,3,2,1.7883170396013044,True,100.0,0.995,120,False,1,1
25,3,4,1.7558957394993944,True,100.0,0.995,120,False,1,1
25,4,3,1.7558957394993944,True,100.0,0.995,120,False,1,1
25,4,5,1.759383477924078,True,100.0,0.995,120,False,1,1
25,5,4,1.759383477924078,True,100.0,0.995,120,False,1,1
25,5,6,1.7276640356194928,True,100.0,0.995,120,False,1,1
25,6,5,1.7276640356194928,True,100.0,0.995,120,False,1,1
25,5,10,5.5127994225275945,True,100.0,0.995,120,True,1,1
25,10,5,5.5127994225275945,True,100.0,0.995,120,True,1,1
25,5,11,5.473909921553829,True,100.0,0.995,120,True,1,1
25,11,5,5.473909921553829,True,100.0,0.995,120,True,1,1
25,5,24,15.683034903422922,True,100.0,0.995,120,True,1,1
25,24,5,15.683034903422922,True,100.0,0.995,120,True,1,1
25,6,12,5.283111008966003,True,100.0,0.995,120,True,1,1
25,12,6,5.283111008966003,True,100.0,0.995,120,True,1,1
25,6,23,15.588346778386152,True,100.0,0.995,120,True,1,1
25,23,6,15.588346778386152,True,100.0,0.995,120,True,1,1
25,6,24,14.939510833538845,True,100.0,0.995,120,True,1,1
25,24,6,14.939510833538845,True,100.0,0.995,120,True,1,1
25,7,8,3.3284518052003804,True,100.0,0.995,120,False,1,1
25,8,7,3.3284518052003804,True,100.0,0.995,120,False,1,1
25,8,9,3.3127789812272272,True,100.0,0.995,120,False,1,1
25,9,8,3.3127789812272272,True,100.0,0.995,120,False,1,1
25,9,10,3.0185072962809856,True,100.0,0.995,120,False,1,1
25,10,9,3.0185072962809856,True,100.0,0.995,120,False,1,1
25,10,11,0.5757189422867237,True,100.0,0.995,120,False,1,1
25,11,10,0.5757189422867237,True,100.0,0.995,120,False,1,1
25,10,17,5.56820227671806,True,100.0,0.995,120,True,1,1
25,17,10,5.56820227671806,True,100.0,0.995,120,True,1,1
25,11,12,3.0063042485355282,True,100.0,0.995,120,False,1,1
25,12,11,3.0063042485355282,True,100.0,0.995,120,False,1,1
25,11,17,5.471179730615354,True,100.0,0.995,120,True,1,1
25,17,11,5.471179730615354,True,100.0,0.995,120,True,1,1
25,12,18,4.978430523299008,True,100.0,0.995,120,True,1,1
25,18,12,4.978430523299008,True,100.0,0.995,120,True,1,1
25,13,14,0.9350310360556066,True,100.0,0.995,120,False,1,1
25,14,13,0.9350310360556066,True,100.0,0.995,120,False,1,1
25,14,15,2.6059620753152495,True,100.0,0.995,120,False,1,1
25,15,14,2.6059620753152495,True,100.0,0.995,120,False,1,1
25,15,16,3.5210277880977037,True,100.0,0.995,120,False,1,1
25,16,15,3.5210277880977037,True,100.0,0.995,120,False,1,1
25,16,17,3.5200795539921,True,100.0,0.995,120,False,1,1
25,17,16,3.5200795539921,True,100.0,0.995,120,False,1,1
25,17,18,3.5185783548869822,True,100.0,0.995,120,False,1,1
25,18,17,3.5185783548869822,True,100.0,0.995,120,False,1,1
25,17,23,5.534609775010349,True,100.0,0.995,120,True,1,1
25,23,17,5.534609775010349,True,100.0,0.995,120,True,1,1
25,18,23,5.901870782064703,True,100.0,0.995,120,True,1,1
25,23,18,5.901870782064703,True,100.0,0.995,120,True,1,1
25,18,24,4.934934404395503,True,100.0,0.995,120,True,1,1
25,24,18,4.934934404395503,True,100.0,0.995,120,True,1,1
25,19,20,3.297043199619671,True,100.0,0.995,120,False,1,1
25,20,19,3.297043199619671,True,100.0,0.995,120,False,1,1
25,20,21,3.020981369990238,True,100.0,0.995,120,False,1,1
25,21,20,3.020981369990238,True,100.0,0.995,120,False,1,1
25,21,22,0.6006394719151648,True,100.0,0.995,120,False,1,1
25,22,21,0.6006394719151648,True,100.0,0.995,120,False,1,1
25,22,23,3.022421036014797,True,100.0,0.995,120,False,1,1
25,23,22,3.022421036014797,True,100.0,0.995,120,False,1,1
25,23,24,3.3250839946367514,True,100.0,0.995,120,False,1,1
25,24,23,3.3250839946367514,True,100.0,0.995,120,False,1,1
26,1,2,3.4963225811960434,True,100.0,0.995,120,False,1,1
26,2,1,3.4963225811960434,True,100.0,0.995,120,False,1,1
26,2,3,1.7883203049276488,True,100.0,0.995,120,False,1,1
26,3,2,1.7883203049276488,True,100.0,0.995,120,False,1,1
26,3,4,1.755906555887282,True,100.0,0.995,120,False,1,1
26,4,3,1.755906555887282,True,100.0,0.995,120,False,1,1
26,4,5,1.759386857399156,True,100.0,0.995,120,False,1,1
26,5,4,1.759386857399156,True,100.0,0.995,120,False,1,1
26,5,6,1.7276724929733702,True,100.0,0.995,120,False,1,1
26,6,5,1.7276724929733702,True,100.0,0.995,120,False,1,1
26,5,10,5.476557222737699,True,100.0,0.995,120,True,1,1
26,10,5,5.476557222737699,True,100.0,0.995,120,True,1,1
26,5,11,5.436751882462084,True,100.0,0.995,120,True,1,1
26,11,5,5.436751882462084,True,100.0,0.995,120,True,1,1
26,5,24,15.566974739460154,True,100.0,0.995,120,True,1,1
26,24,5,15.566974739460154,True,100.0,0.995,120,True,1,1
26,6,12,5.2424546355104535,True,100.0,0.995,120,True,1,1
26,12,6,5.2424546355104535,True,100.0,0.995,120,True,1,1
26,6,23,15.473432116623135,True,100.0,0.995,120,True,1,1
26,23,6,15.473432116623135,True,100.0,0.995,120,True,1,1
26,6,24,14.816287515507739,True,100.0,0.995,120,True,1,1
26,24,6,14.816287515507739,True,100.0,0.995,120,True,1,1
26,7,8,3.3284587472065588,True,100.0,0.995,120,False,1,1
26,8,7,3.3284587472065588,True,100.0,0.995,120,False,1,1
26,8,9,3.3127814274076557,True,100.0,0.995,120,False,1,1
26,9,8,3.3127814274076557,True,100.0,0.995,120,False,1,1
26,9,10,3.0185400069865707,True,100.0,0.995,120,False,1,1
26,10,9,3.0185400069865707,True,100.0,0.995,120,False,1,1
26,10,11,0.5757125599270915,True,100.0,0.995,120,False,1,1
26,11,10,0.5757125599270915,True,100.0,0.995,120,False,1,1
26,10,17,5.532105376713988,True,100.0,0.995,120,True,1,1
26,17,10,5.532105376713988,True,100.0,0.995,120,True,1,1
26,11,12,3.0063106088900193,True,100.0,0.995,120,False,1,1
26,12,11,3.0063106088900193,True,100.0,0.995,120,False,1,1
26,11,17,5.4342601214632715,True,100.0,0.995,120,True,1,1
26,17,11,5.4342601214632715,True,100.0,0.995,120,True,1,1
26,12,18,4.935377626104131,True,100.0,0.995,120,True,1,1
26,18,12,4.935377626104131,True,100.0,0.995,120,True,1,1
26,13,14,0.935025278039388,True,100.0,0.995,120,False,1,1
26,14,13,0.935025278039388,True,100.0,0.995,120,False,1,1
26,14,15,2.605991999599039,True,100.0,0.995,120,False,1,1
26,15,14,2.605991999599039,True,100.0,0.995,120,False,1,1
26,15,16,3.5210267323030444,True,100.0,0.995,120,False,1,1
26,16,15,3.5210267323030444,True,100.0,0.995,120,False,1,1
26,16,17,3.520107479880741,True,100.0,0.995,120,False,1,1
26,17,16,3.520107479880741,True,100.0,0.995,120,False,1,1
26,17,18,3.5185737301227586,True,100.0,0.995,120,False,1,1
26,18,17,3.5185737301227586,True,100.0,0.995,120,False,1,1
26,17,23,5.49750184772672,True,100.0,0.995,120,True,1,1
26,23,17,5.49750184772672,True,100.0,0.995,120,True,1,1
26,18,23,5.866500695030843,True,100.0,0.995,120,True,1,1
26,23,18,5.866500695030843,True,100.0,0.995,120,True,1,1
26,18,24,4.89110403616322,True,100.0,0.995,120,True,1,1
26,24,18,4.89110403616322,True,100.0,0.995,120,True,1,1
26,19,20,3.2970364530567298,True,100.0,0.995,120,False,1,1
26,20,19,3.2970364530567298,True,100.0,0.995,120,False,1,1
26,20,21,3.0210294150974977,True,100.0,0.995,120,False,1,1
26,21,20,3.0210294150974977,True,100.0,0.995,120,False,1,1
26,21,22,0.6006466938636076,True,100.0,0.995,120,False,1,1
26,22,21,0.6006466938636076,True,100.0,0.995,120,False,1,1
26,22,23,3.022427518372628,True,100.0,0.995,120,False,1,1
26,23,22,3.022427518372628,True,100.0,0.995,120,False,1,1
26,23,24,3.3250963348720575,True,100.0,0.995,120,False,1,1
26,24,23,3.3250963348720575,True,100.0,0.995,120,False,1,1
27,1,2,3.4963359107252256,True,100.0,0.995,120,False,1,1
27,2,1,3.4963359107252256,True,100.0,0.995,120,False,1,1
27,2,3,1.7883229664154625,True,100.0,0.995,120,False,1,1
27,3,2,1.7883229664154625,True,100.0,0.995,120,False,1,1
27,3,4,1.7559175259913276,True,100.0,0.995,120,False,1,1
27,4,3,1.7559175259913276,True,100.0,0.995,120,False,1,1
27,4,5,1.7593900696812792,True,100.0,0.995,120,False,1,1
27,5,4,1.7593900696812792,True,100.0,0.995,120,False,1,1
27,5,6,1.7276806424071998,True,100.0,0.995,120,False,1,1
27,6,5,1.7276806424071998,True,100.0,0.995,120,False,1,1
27,5,10,5.439817058086389,True,100.0,0.995,120,True,1,1
27,10,5,5.439817058086389,True,100.0,0.995,120,True,1,1
27,5,11,5.399094221245411,True,100.0,0.995,120,True,1,1
27,11,5,5.399094221245411,True,100.0,0.995,120,True,1,1
27,5,24,15.449630965282644,True,100.0,0.995,120,True,1,1
27,24,5,15.449630965282644,True,100.0,0.995,120,True,1,1
27,6,12,5.20137134007601,True,100.0,0.995,120,True,1,1
27,12,6,5.20137134007601,True,100.0,0.995,120,True,1,1
27,6,23,15.357100801279518,True,100.0,0.995,120,True,1,1
27,23,6,15.357100801279518,True,100.0,0.995,120,True,1,1
27,6,24,14.69176045569244,True,100.0,0.995,120,True,1,1
27,24,6,14.69176045569244,True,100.0,0.995,120,True,1,1
27,7,8,3.328465231976059,True,100.0,0.995,120,False,1,1
27,8,7,3.328465231976059,True,100.0,0.995,120,False,1,1
27,8,9,3.312783403775349,True,100.0,0.995,120,False,1,1
27,9,8,3.312783403775349,True,100.0,0.995,120,False,1,1
27,9,10,3.0185723166583096,True,100.0,0.995,120,False,1,1
27,10,9,3.0185723166583096,True,100.0,0.995,120,False,1,1
27,10,11,0.5757061860659158,True,100.0,0.995,120,False,1,1
27,11,10,0.5757061860659158,True,100.0,0.995,120,False,1,1
27,10,17,5.495511505569134,True,100.0,0.995,120,True,1,1
27,17,10,5.495511505569134,True,100.0,0.995,120,True,1,1
27,11,12,3.0063164874506425,True,100.0,0.995,120,False,1,1
27,12,11,3.0063164874506425,True,100.0,0.995,120,False,1,1
27,11,17,5.396841475909264,True,100.0,0.995,120,True,1,1
27,17,11,5.396841475909264,True,100.0,0.995,120,True,1,1
27,12,18,4.89188518777779,True,100.0,0.995,120,True,1,1
27,18,12,4.89188518777779,True,100.0,0.995,120,True,1,1
27,13,14,0.9350190961725444,True,100.0,0.995,120,False,1,1
27,14,13,0.9350190961725444,True,100.0,0.995,120,False,1,1
27,14,15,2.6060216843491357,True,100.0,0.995,120,False,1,1
27,15,14,2.6060216843491357,True,100.0,0.995,120,False,1,1
27,15,16,3.521025361040368,True,100.0,0.995,120,False,1,1
27,16,15,3.521025361040368,True,100.0,0.995,120,False,1,1
27,16,17,3.520134720592477,True,100.0,0.995,120,False,1,1
27,17,16,3.520134720592477,True,100.0,0.995,120,False,1,1
27,17,18,3.5185689666368707,True,100.0,0.995,120,False,1,1
27,18,17,3.5185689666368707,True,100.0,0.995,120,False,1,1
27,17,23,5.4598997866504,True,100.0,0.995,120,True,1,1
27,23,17,5.4598997866504,True,100.0,0.995,120,True,1,1
27,18,23,5.830785590667379,True,100.0,0.995,120,True,1,1
27,23,18,5.830785590667379,True,100.0,0.995,120,True,1,1
27,18,24,4.846831765070827,True,100.0,0.995,120,True,1,1
27,24,18,4.846831765070827,True,100.0,0.995,120,True,1,1
27,19,20,3.297029536445689,True,100.0,0.995,120,False,1,1
27,20,19,3.297029536445689,True,100.0,0.995,120,False,1,1
27,20,21,3.0210769652300145,True,100.0,0.995,120,False,1,1
27,21,20,3.0210769652300145,True,100.0,0.995,120,False,1,1
27,21,22,0.6006535542178477,True,100.0,0.995,120,False,1,1
27,22,21,0.6006535542178477,True,100.0,0.995,120,False,1,1
27,22,23,3.022433573404137,True,100.0,0.995,120,False,1,1
27,23,22,3.022433573404137,True,100.0,0.995,120,False,1,1
27,23,24,3.3251085462388112,True,100.0,0.995,120,False,1,1
27,24,23,3.3251085462388112,True,100.0,0.995,120,False,1,1
28,1,2,3.496348638626076,True,100.0,0.995,120,False,1,1
28,2,1,3.496348638626076,True,100.0,0.995,120,False,1,1
28,2,3,1.7883250267008006,True,100.0,0.995,120,False,1,1
28,3,2,1.7883250267008006,True,100.0,0.995,120,False,1,1
28,3,4,1.7559286518738706,True,100.0,0.995,120,False,1,1
28,4,3,1.7559286518738706,True,100.0,0.995,120,False,1,1
28,4,5,1.7593931178344915,True,100.0,0.995,120,False,1,1
28,5,4,1.7593931178344915,True,100.0,0.995,120,False,1,1
28,5,6,1.727688486765007,True,100.0,0.995,120,False,1,1
28,6,5,1.727688486765007,True,100.0,0.995,120,False,1,1
28,5,10,5.402582468087977,True,100.0,0.995,120,True,1,1
28,10,5,5.402582468087977,True,100.0,0.995,120,True,1,1
28,5,11,5.360940408930024,True,100.0,0.995,120,True,1,1
28,11,5,5.360940408930024,True,100.0,0.995,120,True,1,1
28,5,24,15.331017658425575,True,100.0,0.995,120,True,1,1
28,24,5,15.331017658425575,True,100.0,0.995,120,True,1,1
28,6,12,5.15986611681814,True,100.0,0.995,120,True,1,1
28,12,6,5.15986611681814,True,100.0,0.995,120,True,1,1
28,6,23,15.23936370263443,True,100.0,0.995,120,True,1,1
28,23,6,15.23936370263443,True,100.0,0.995,120,True,1,1
28,6,24,14.565942542909937,True,100.0,0.995,120,True,1,1
28,24,6,14.565942542909937,True,100.0,0.995,120,True,1,1
28,7,8,3.3284712624775286,True,100.0,0.995,120,False,1,1
28,8,7,3.3284712624775286,True,100.0,0.995,120,False,1,1
28,8,9,3.3127849150748556,True,100.0,0.995,120,False,1,1
28,9,8,3.3127849150748556,True,100.0,0.995,120,False,1,1
28,9,10,3.0186042277416485,True,100.0,0.995,120,False,1,1
28,10,9,3.0186042277416485,True,100.0,0.995,120,False,1,1
28,10,11,0.575699823370477,True,100.0,0.995,120,False,1,1
28,11,10,0.575699823370477,True,100.0,0.995,120,False,1,1
28,10,17,5.45842430914278,True,100.0,0.995,120,True,1,1
28,17,10,5.45842430914278,True,100.0,0.995,120,True,1,1
28,11,12,3.006321889572935,True,100.0,0.995,120,False,1,1
28,12,11,3.006321889572935,True,100.0,0.995,120,False,1,1
28,11,17,5.358927256529247,True,100.0,0.995,120,True,1,1
28,17,11,5.358927256529247,True,100.0,0.995,120,True,1,1
28,12,18,4.847957634990989,True,100.0,0.995,120,True,1,1
28,18,12,4.847957634990989,True,100.0,0.995,120,True,1,1
28,13,14,0.9350124927314889,True,100.0,0.995,120,False,1,1
28,14,13,0.9350124927314889,True,100.0,0.995,120,False,1,1
28,14,15,2.606051128995102,True,100.0,0.995,120,False,1,1
28,15,14,2.606051128995102,True,100.0,0.995,120,False,1,1
28,15,16,3.521023679632127,True,100.0,0.995,120,False,1,1
28,16,15,3.521023679632127,True,100.0,0.995,120,False,1,1
28,16,17,3.5201612799643085,True,100.0,0.995,120,False,1,1
28,17,16,3.5201612799643085,True,100.0,0.995,120,False,1,1
28,17,18,3.518564071914393,True,100.0,0.995,120,False,1,1
28,18,17,3.518564071914393,True,100.0,0.995,120,False,1,1
28,17,23,5.421807225188103,True,100.0,0.995,120,True,1,1
28,23,17,5.421807225188103,True,100.0,0.995,120,True,1,1
28,18,23,5.794732544784032,True,100.0,0.995,120,True,1,1
28,23,18,5.794732544784032,True,100.0,0.995,120,True,1,1
28,18,24,4.802121823753539,True,100.0,0.995,120,True,1,1
28,24,18,4.802121823753539,True,100.0,0.995,120,True,1,1
28,19,20,3.2970224541943782,True,100.0,0.995,120,False,1,1
28,20,19,3.2970224541943782,True,100.0,0.995,120,False,1,1
28,20,21,3.021124020594177,True,100.0,0.995,120,False,1,1
28,21,20,3.021124020594177,True,100.0,0.995,120,False,1,1
28,21,22,0.6006600535730587,True,100.0,0.995,120,False,1,1
28,22,21,0.6006600535730587,True,100.0,0.995,120,False,1,1
28,22,23,3.0224392060871645,True,100.0,0.995,120,False,1,1
28,23,22,3.0224392060871645,True,100.0,0.995,120,False,1,1
28,23,24,3.325120634192081,True,100.0,0.995,120,False,1,1
28,24,23,3.325120634192081,True,100.0,0.995,120,False,1,1
29,1,2,3.496360768410464,True,100.0,0.995,120,False,1,1
29,2,1,3.496360768410464,True,100.0,0.995,120,False,1,1
29,2,3,1.788326488519536,True,100.0,0.995,120,False,1,1
29,3,2,1.788326488519536,True,100.0,0.995,120,False,1,1
29,3,4,1.7559399356169987,True,100.0,0.995,120,False,1,1
29,4,3,1.7559399356169987,True,100.0,0.995,120,False,1,1
29,4,5,1.7593960049650417,True,100.0,0.995,120,False,1,1
29,5,4,1.7593960049650417,True,100.0,0.995,120,False,1,1
29,5,6,1.7276960289365393,True,100.0,0.995,120,False,1,1
29,6,5,1.7276960289365393,True,100.0,0.995,120,False,1,1
29,5,10,5.364857043852036,True,100.0,0.995,120,True,1,1
29,10,5,5.364857043852036,True,100.0,0.995,120,True,1,1
29,5,11,5.322293962554502,True,100.0,0.995,120,True,1,1
29,11,5,5.322293962554502,True,100.0,0.995,120,True,1,1
29,5,24,15.211149152321578,True,100.0,0.995,120,True,1,1
29,24,5,15.211149152321578,True,100.0,0.995,120,True,1,1
29,6,12,5.117944051704872,True,100.0,0.995,120,True,1,1
29,12,6,5.117944051704872,True,100.0,0.995,120,True,1,1
29,6,23,15.1202318268106,True,100.0,0.995,120,True,1,1
29,23,6,15.1202318268106,True,100.0,0.995,120,True,1,1
29,6,24,14.438846849772272,True,100.0,0.995,120,True,1,1
29,24,6,14.438846849772272,True,100.0,0.995,120,True,1,1
29,7,8,3.328476841827897,True,100.0,0.995,120,False,1,1
29,8,7,3.328476841827897,True,100.0,0.995,120,False,1,1
29,8,9,3.312785966180343,True,100.0,0.995,120,False,1,1
29,9,8,3.312785966180343,True,100.0,0.995,120,False,1,1
29,9,10,3.0186357427743107,True,100.0,0.995,120,False,1,1
29,10,9,3.0186357427743107,True,100.0,0.995,120,False,1,1
29,10,11,0.5756934745223629,True,100.0,0.995,120,False,1,1
29,11,10,0.5756934745223629,True,100.0,0.995,120,False,1,1
29,10,17,5.420847489564811,True,100.0,0.995,120,True,1,1
29,17,10,5.420847489564811,True,100.0,0.995,120,True,1,1
29,11,12,3.0063268206812004,True,100.0,0.995,120,False,1,1
29,12,11,3.0063268206812004,True,100.0,0.995,120,False,1,1
29,11,17,5.320520972254685,True,100.0,0.995,120,True,1,1
29,17,11,5.320520972254685,True,100.0,0.995,120,True,1,1
29,12,18,4.803599453701752,True,100.0,0.995,120,True,1,1
29,18,12,4.803599453701752,True,100.0,0.995,120,True,1,1
29,13,14,0.935005470072606,True,100.0,0.995,120,False,1,1
29,14,13,0.935005470072606,True,100.0,0.995,120,False,1,1
29,14,15,2.6060803330772218,True,100.0,0.995,120,False,1,1
29,15,14,2.6060803330772218,True,100.0,0.995,120,False,1,1
29,15,16,3.5210216935240837,True,100.0,0.995,120,False,1,1
29,16,15,3.5210216935240837,True,100.0,0.995,120,False,1,1
29,16,17,3.5201871619604232,True,100.0,0.995,120,False,1,1
29,17,16,3.5201871619604232,True,100.0,0.995,120,False,1,1
29,17,18,3.518559053479456,True,100.0,0.995,120,False,1,1
29,18,17,3.518559053479456,True,100.0,0.995,120,False,1,1
29,17,23,5.383227849861419,True,100.0,0.995,120,True,1,1
29,23,17,5.383227849861419,True,100.0,0.995,120,True,1,1
29,18,23,5.758348793508465,True,100.0,0.995,120,True,1,1
29,23,18,5.758348793508465,True,100.0,0.995,120,True,1,1
29,18,24,4.75697849308031,True,100.0,0.995,120,True,1,1
29,24,18,4.75697849308031,True,100.0,0.995,120,True,1,1
29,19,20,3.2970152108278037,True,100.0,0.995,120,False,1,1
29,20,19,3.2970152108278037,True,100.0,0.995,120,False,1,1
29,20,21,3.021170581517935,True,100.0,0.995,120,False,1,1
29,21,20,3.021170581517935,True,100.0,0.995,120,False,1,1
29,21,22,0.6006661925721195,True,100.0,0.995,120,False,1,1
29,22,21,0.6006661925721195,True,100.0,0.995,120,False,1,1
29,22,23,3.022444421486376,True,100.0,0.995,120,False,1,1
29,23,22,3.022444421486376,True,100.0,0.995,120,False,1,1
29,23,24,3.3251326042196934,True,100.0,0.995,120,False,1,1
29,24,23,3.3251326042196934,True,100.0,0.995,120,False,1,1
30,1,2,3.49637230374972,True,100.0,0.995,120,False,1,1
30,2,1,3.49637230374972,True,100.0,0.995,120,False,1,1
30,2,3,1.7883273547055123,True,100.0,0.995,120,False,1,1
30,3,2,1.7883273547055123,True,100.0,0.995,120,False,1,1
30,3,4,1.7559513793230122,True,100.0,0.995,120,False,1,1
30,4,3,1.7559513793230122,True,100.0,0.995,120,False,1,1
30,4,5,1.7593987342194526,True,100.0,0.995,120,False,1,1
30,5,4,1.7593987342194526,True,100.0,0.995,120,False,1,1
30,5,6,1.7277032718553729,True,100.0,0.995,120,False,1,1
30,6,5,1.7277032718553729,True,100.0,0.995,120,False,1,1
30,5,10,5.326644428039062,True,100.0,0.995,120,True,1,1
30,10,5,5.326644428039062,True,100.0,0.995,120,True,1,1
30,5,11,5.283158444841177,True,100.0,0.995,120,True,1,1
30,11,5,5.283158444841177,True,100.0,0.995,120,True,1,1
30,5,24,15.090040041973968,True,100.0,0.995,120,True,1,1
30,24,5,15.090040041973968,True,100.0,0.995,120,True,1,1
30,6,12,5.0756103247600555,True,100.0,0.995,120,True,1,1
30,12,6,5.0756103247600555,True,100.0,0.995,120,True,1,1
30,6,23,14.99971631506775,True,100.0,0.995,120,True,1,1
30,23,6,14.99971631506775,True,100.0,0.995,120,True,1,1
30,6,24,14.310486635080592,True,100.0,0.995,120,True,1,1
30,24,6,14.310486635080592,True,100.0,0.995,120,True,1,1
30,7,8,3.3284819732921225,True,100.0,0.995,120,False,1,1
30,8,7,3.3284819732921225,True,100.0,0.995,120,False,1,1
30,8,9,3.3127865620924775,True,100.0,0.995,120,False,1,1
30,9,8,3.3127865620924775,True,100.0,0.995,120,False,1,1
30,9,10,3.018666864384697,True,100.0,0.995,120,False,1,1
30,10,9,3.018666864384697,True,100.0,0.995,120,False,1,1
30,10,11,0.5756871422170643,True,100.0,0.995,120,False,1,1
30,11,10,0.5756871422170643,True,100.0,0.995,120,False,1,1
30,10,17,5.3827848054107585,True,100.0,0.995,120,True,1,1
30,17,10,5.3827848054107585,True,100.0,0.995,120,True,1,1
30,11,12,3.0063312862635385,True,100.0,0.995,120,False,1,1
30,12,11,3.0063312862635385,True,100.0,0.995,120,False,1,1
30,11,17,5.281626178070146,True,100.0,0.995,120,True,1,1
30,17,11,5.281626178070146,True,100.0,0.995,120,True,1,1
30,12,18,4.758815189861971,True,100.0,0.995,120,True,1,1
30,18,12,4.758815189861971,True,100.0,0.995,120,True,1,1
30,13,14,0.934998030631419,True,100.0,0.995,120,False,1,1
30,14,13,0.934998030631419,True,100.0,0.995,120,False,1,1
30,14,15,2.6061092962454944,True,100.0,0.995,120,False,1,1
30,15,14,2.6061092962454944,True,100.0,0.995,120,False,1,1
30,15,16,3.521019408282763,True,100.0,0.995,120,False,1,1
30,16,15,3.521019408282763,True,100.0,0.995,120,False,1,1
30,16,17,3.5202123706693875,True,100.0,0.995,120,False,1,1
30,17,16,3.5202123706693875,True,100.0,0.995,120,False,1,1
30,17,18,3.5185539188925135,True,100.0,0.995,120,False,1,1
30,18,17,3.5185539188925135,True,100.0,0.995,120,False,1,1
30,17,23,5.344165400329731,True,100.0,0.995,120,True,1,1
30,23,17,5.344165400329731,True,100.0,0.995,120,True,1,1
30,18,23,5.721641737525081,True,100.0,0.995,120,True,1,1
30,23,18,5.721641737525081,True,100.0,0.995,120,True,1,1
30,18,24,4.711406102219198,True,100.0,0.995,120,True,1,1
30,24,18,4.711406102219198,True,100.0,0.995,120,True,1,1
30,19,20,3.2970078109870715,True,100.0,0.995,120,False,1,1
30,20,19,3.2970078109870715,True,100.0,0.995,120,False,1,1
30,20,21,3.0212166484483016,True,100.0,0.995,120,False,1,1
30,21,20,3.0212166484483016,True,100.0,0.995,120,False,1,1
30,21,22,0.6006719719055966,True,100.0,0.995,120,False,1,1
30,22,21,0.6006719719055966,True,100.0,0.995,120,False,1,1
30,22,23,3.0224492247500274,True,100.0,0.995,120,False,1,1
30,23,22,3.0224492247500274,True,100.0,0.995,120,False,1,1
30,23,24,3.325144461839534,True,100.0,0.995,120,False,1,1
30,24,23,3.325144461839534,True,100.0,0.995,120,False,1,1
