time_slot,src,dst,delay_ms,available,capacity_mbps,reliability,t_rem,is_cross,shell_src,shell_dst
1,1,2,4.608665250635381,True,100.0,0.995,120,False,1,1
1,2,1,4.608665250635381,True,100.0,0.995,120,False,1,1
1,1,43,11.091289959525351,True,100.0,0.995,120,True,1,1
1,43,1,11.091289959525351,True,100.0,0.995,120,True,1,1
1,1,44,6.701979933618441,True,100.0,0.995,120,True,1,1
1,44,1,6.701979933618441,True,100.0,0.995,120,True,1,1
1,1,45,2.7786589830957644,True,100.0,0.995,120,True,1,1
1,45,1,2.7786589830957644,True,100.0,0.995,120,True,1,1
1,1,46,3.583787502151941,True,100.0,0.995,120,True,1,1
1,46,1,3.583787502151941,True,100.0,0.995,120,True,1,1
1,2,3,4.6381081215395445,True,100.0,0.995,120,False,1,1
1,3,2,4.6381081215395445,True,100.0,0.995,120,False,1,1
1,2,44,11.035602263044263,True,100.0,0.995,120,True,1,1
1,44,2,11.035602263044263,True,100.0,0.995,120,True,1,1
1,2,45,6.610819200134144,True,100.0,0.995,120,True,1,1
1,45,2,6.610819200134144,True,100.0,0.995,120,True,1,1
1,2,46,2.551500916309824,True,100.0,0.995,120,True,1,1
1,46,2,2.551500916309824,True,100.0,0.995,120,True,1,1
1,2,47,3.421231265849202,True,100.0,0.995,120,True,1,1
1,47,2,3.421231265849202,True,100.0,0.995,120,True,1,1
1,3,4,2.9641331055153204,True,100.0,0.995,120,False,1,1
1,4,3,2.9641331055153204,True,100.0,0.995,120,False,1,1
1,3,19,3.7617631959712314,True,100.0,0.995,120,True,1,1
1,19,3,3.7617631959712314,True,100.0,0.995,120,True,1,1
1,3,45,11.004600316859246,True,100.0,0.995,120,True,1,1
1,45,3,11.004600316859246,True,100.0,0.995,120,True,1,1
1,3,46,6.545799300885035,True,100.0,0.995,120,True,1,1
1,46,3,6.545799300885035,True,100.0,0.995,120,True,1,1
1,3,47,2.308393457123889,True,100.0,0.995,120,True,1,1
1,47,3,2.308393457123889,True,100.0,0.995,120,True,1,1
1,3,48,3.2092116605418766,True,100.0,0.995,120,True,1,1
1,48,3,3.2092116605418766,True,100.0,0.995,120,True,1,1
1,4,5,1.6440605528121641,True,100.0,0.995,120,False,1,1
1,5,4,1.6440605528121641,True,100.0,0.995,120,False,1,1
1,4,19,0.8881844167028323,True,100.0,0.995,120,True,1,1
1,19,4,0.8881844167028323,True,100.0,0.995,120,True,1,1
1,4,47,4.897008144961884,True,100.0,0.995,120,True,1,1
1,47,4,4.897008144961884,True,100.0,0.995,120,True,1,1
1,4,48,1.318167948674788,True,100.0,0.995,120,True,1,1
1,48,4,1.318167948674788,True,100.0,0.995,120,True,1,1
1,5,6,4.624561519498719,True,100.0,0.995,120,False,1,1
1,6,5,4.624561519498719,True,100.0,0.995,120,False,1,1
1,5,19,0.8952869932546976,True,100.0,0.995,120,True,1,1
1,19,5,0.8952869932546976,True,100.0,0.995,120,True,1,1
1,5,20,5.746361613750725,True,100.0,0.995,120,True,1,1
1,20,5,5.746361613750725,True,100.0,0.995,120,True,1,1
1,5,48,2.01325782239589,True,100.0,0.995,120,True,1,1
1,48,5,2.01325782239589,True,100.0,0.995,120,True,1,1
1,6,20,1.131767459259805,True,100.0,0.995,120,True,1,1
1,20,6,1.131767459259805,True,100.0,0.995,120,True,1,1
1,6,21,1.4529430488650017,True,100.0,0.995,120,True,1,1
1,21,6,1.4529430488650017,True,100.0,0.995,120,True,1,1
1,6,22,3.7575485809800386,True,100.0,0.995,120,True,1,1
1,22,6,3.7575485809800386,True,100.0,0.995,120,True,1,1
1,6,31,3.096772595615388,True,100.0,0.995,120,True,1,1
1,31,6,3.096772595615388,True,100.0,0.995,120,True,1,1
1,7,8,4.622029424941317,True,100.0,0.995,120,False,1,1
1,8,7,4.622029424941317,True,100.0,0.995,120,False,1,1
1,7,42,13.88990161960249,True,100.0,0.995,120,True,1,1
1,42,7,13.88990161960249,True,100.0,0.995,120,True,1,1
1,7,66,13.39987225031125,True,100.0,0.995,120,True,1,1
1,66,7,13.39987225031125,True,100.0,0.995,120,True,1,1
1,8,9,3.3744011841365382,True,100.0,0.995,120,False,1,1
1,9,8,3.3744011841365382,True,100.0,0.995,120,False,1,1
1,9,10,5.850742182044272,True,100.0,0.995,120,False,1,1
1,10,9,5.850742182044272,True,100.0,0.995,120,False,1,1
1,10,11,4.590039177813626,True,100.0,0.995,120,False,1,1
1,11,10,4.590039177813626,True,100.0,0.995,120,False,1,1
1,10,43,12.266364679313194,True,100.0,0.995,120,True,1,1
1,43,10,12.266364679313194,True,100.0,0.995,120,True,1,1
1,11,12,4.645223368333984,True,100.0,0.995,120,False,1,1
1,12,11,4.645223368333984,True,100.0,0.995,120,False,1,1
1,11,43,7.9651231414983155,True,100.0,0.995,120,True,1,1
1,43,11,7.9651231414983155,True,100.0,0.995,120,True,1,1
1,11,44,12.330340538392893,True,100.0,0.995,120,True,1,1
1,44,11,12.330340538392893,True,100.0,0.995,120,True,1,1
1,12,43,3.8050685860195252,True,100.0,0.995,120,True,1,1
1,43,12,3.8050685860195252,True,100.0,0.995,120,True,1,1
1,12,44,7.906365860329335,True,100.0,0.995,120,True,1,1
1,44,12,7.906365860329335,True,100.0,0.995,120,True,1,1
1,12,45,12.272314901291482,True,100.0,0.995,120,True,1,1
1,45,12,12.272314901291482,True,100.0,0.995,120,True,1,1
1,13,14,0.07944463027012319,True,100.0,0.995,120,False,1,1
1,14,13,0.07944463027012319,True,100.0,0.995,120,False,1,1
1,13,23,2.3591469131907727,True,100.0,0.995,120,True,1,1
1,23,13,2.3591469131907727,True,100.0,0.995,120,True,1,1
1,13,24,2.255944641857325,True,100.0,0.995,120,True,1,1
1,24,13,2.255944641857325,True,100.0,0.995,120,True,1,1
1,13,33,5.353969343010072,True,100.0,0.995,120,True,1,1
1,33,13,5.353969343010072,True,100.0,0.995,120,True,1,1
1,13,34,0.8021940955775246,True,100.0,0.995,120,True,1,1
1,34,13,0.8021940955775246,True,100.0,0.995,120,True,1,1
1,13,35,0.7626064948875884,True,100.0,0.995,120,True,1,1
1,35,13,0.7626064948875884,True,100.0,0.995,120,True,1,1
1,13,36,1.6509133434017667,True,100.0,0.995,120,True,1,1
1,36,13,1.6509133434017667,True,100.0,0.995,120,True,1,1
1,14,15,4.562570297235595,True,100.0,0.995,120,False,1,1
1,15,14,4.562570297235595,True,100.0,0.995,120,False,1,1
1,14,24,2.2222105645682464,True,100.0,0.995,120,True,1,1
1,24,14,2.2222105645682464,True,100.0,0.995,120,True,1,1
1,14,34,0.8142003502654827,True,100.0,0.995,120,True,1,1
1,34,14,0.8142003502654827,True,100.0,0.995,120,True,1,1
1,14,35,0.7695618853147171,True,100.0,0.995,120,True,1,1
1,35,14,0.7695618853147171,True,100.0,0.995,120,True,1,1
1,14,36,1.6077835842072863,True,100.0,0.995,120,True,1,1
1,36,14,1.6077835842072863,True,100.0,0.995,120,True,1,1
1,15,16,1.420246425322172,True,100.0,0.995,120,False,1,1
1,16,15,1.420246425322172,True,100.0,0.995,120,False,1,1
1,15,24,2.348729067399668,True,100.0,0.995,120,True,1,1
1,24,15,2.348729067399668,True,100.0,0.995,120,True,1,1
1,15,25,4.061259194153353,True,100.0,0.995,120,True,1,1
1,25,15,4.061259194153353,True,100.0,0.995,120,True,1,1
1,15,36,3.0046461212776676,True,100.0,0.995,120,True,1,1
1,36,15,3.0046461212776676,True,100.0,0.995,120,True,1,1
1,16,17,0.8944067100284926,True,100.0,0.995,120,False,1,1
1,17,16,0.8944067100284926,True,100.0,0.995,120,False,1,1
1,16,24,3.7621012347526768,True,100.0,0.995,120,True,1,1
1,24,16,3.7621012347526768,True,100.0,0.995,120,True,1,1
1,16,25,2.650899901866942,True,100.0,0.995,120,True,1,1
1,25,16,2.650899901866942,True,100.0,0.995,120,True,1,1
1,16,36,4.406788893191326,True,100.0,0.995,120,True,1,1
1,36,16,4.406788893191326,True,100.0,0.995,120,True,1,1
1,17,18,4.5967115156841905,True,100.0,0.995,120,False,1,1
1,18,17,4.5967115156841905,True,100.0,0.995,120,False,1,1
1,17,24,4.653458473710187,True,100.0,0.995,120,True,1,1
1,24,17,4.653458473710187,True,100.0,0.995,120,True,1,1
1,17,25,1.7973406689964655,True,100.0,0.995,120,True,1,1
1,25,17,1.7973406689964655,True,100.0,0.995,120,True,1,1
1,17,36,5.299325854228061,True,100.0,0.995,120,True,1,1
1,36,17,5.299325854228061,True,100.0,0.995,120,True,1,1
1,18,25,2.8845290924199904,True,100.0,0.995,120,True,1,1
1,25,18,2.8845290924199904,True,100.0,0.995,120,True,1,1
1,18,49,2.1574793650417976,True,100.0,0.995,120,True,1,1
1,49,18,2.1574793650417976,True,100.0,0.995,120,True,1,1
1,18,50,6.287701981733891,True,100.0,0.995,30,True,1,1
1,50,18,6.287701981733891,True,100.0,0.995,30,True,1,1
1,19,20,6.595177198884705,True,100.0,0.995,120,False,1,1
1,20,19,6.595177198884705,True,100.0,0.995,120,False,1,1
1,19,48,1.198404568200638,True,100.0,0.995,120,True,1,1
1,48,19,1.198404568200638,True,100.0,0.995,120,True,1,1
1,20,21,0.3234031426088027,True,100.0,0.995,120,False,1,1
1,21,20,0.3234031426088027,True,100.0,0.995,120,False,1,1
1,20,31,1.9703104403366511,True,100.0,0.995,120,True,1,1
1,31,20,1.9703104403366511,True,100.0,0.995,120,True,1,1
1,20,32,2.945232116636527,True,100.0,0.995,120,True,1,1
1,32,20,2.945232116636527,True,100.0,0.995,120,True,1,1
1,21,22,2.313719093201826,True,100.0,0.995,120,False,1,1
1,22,21,2.313719093201826,True,100.0,0.995,120,False,1,1
1,21,31,1.6509733231135308,True,100.0,0.995,120,True,1,1
1,31,21,1.6509733231135308,True,100.0,0.995,120,True,1,1
1,21,32,2.6257840889151094,True,100.0,0.995,120,True,1,1
1,32,21,2.6257840889151094,True,100.0,0.995,120,True,1,1
1,22,23,6.935948192337094,True,100.0,0.995,120,False,1,1
1,23,22,6.935948192337094,True,100.0,0.995,120,False,1,1
1,22,31,0.6651339977928249,True,100.0,0.995,120,True,1,1
1,31,22,0.6651339977928249,True,100.0,0.995,120,True,1,1
1,22,32,0.3133234335166428,True,100.0,0.995,120,True,1,1
1,32,22,0.3133234335166428,True,100.0,0.995,120,True,1,1
1,22,33,3.9458997486549303,True,100.0,0.995,120,True,1,1
1,33,22,3.9458997486549303,True,100.0,0.995,120,True,1,1
1,23,24,4.607645572552524,True,100.0,0.995,120,False,1,1
1,24,23,4.607645572552524,True,100.0,0.995,120,False,1,1
1,23,33,3.0061354783408993,True,100.0,0.995,120,True,1,1
1,33,23,3.0061354783408993,True,100.0,0.995,120,True,1,1
1,23,34,1.6184318319062778,True,100.0,0.995,120,True,1,1
1,34,23,1.6184318319062778,True,100.0,0.995,120,True,1,1
1,23,35,1.6695643054308476,True,100.0,0.995,120,True,1,1
1,35,23,1.6695643054308476,True,100.0,0.995,120,True,1,1
1,24,36,0.6959926871342402,True,100.0,0.995,120,True,1,1
1,36,24,0.6959926871342402,True,100.0,0.995,120,True,1,1
1,25,26,9.065402759323232,True,100.0,0.995,120,False,1,1
1,26,25,9.065402759323232,True,100.0,0.995,120,False,1,1
1,25,49,4.414723382196438,True,100.0,0.995,120,True,1,1
1,49,25,4.414723382196438,True,100.0,0.995,120,True,1,1
1,26,27,4.8086971369084806,True,100.0,0.995,120,False,1,1
1,27,26,4.8086971369084806,True,100.0,0.995,120,False,1,1
1,26,37,3.233790516119914,True,100.0,0.995,120,True,1,1
1,37,26,3.233790516119914,True,100.0,0.995,120,True,1,1
1,26,49,4.988204906317817,True,100.0,0.995,120,True,1,1
1,49,26,4.988204906317817,True,100.0,0.995,120,True,1,1
1,26,50,1.3092313120586612,True,100.0,0.995,120,True,1,1
1,50,26,1.3092313120586612,True,100.0,0.995,120,True,1,1
1,26,55,4.072820403105981,True,100.0,0.995,120,True,1,1
1,55,26,4.072820403105981,True,100.0,0.995,120,True,1,1
1,27,28,9.013019637871164,True,100.0,0.995,120,False,1,1
1,28,27,9.013019637871164,True,100.0,0.995,120,False,1,1
1,27,37,1.8572998489194312,True,100.0,0.995,120,True,1,1
1,37,27,1.8572998489194312,True,100.0,0.995,120,True,1,1
1,27,51,1.448769649465108,True,100.0,0.995,120,True,1,1
1,51,27,1.448769649465108,True,100.0,0.995,120,True,1,1
1,27,52,0.07701471685833171,True,100.0,0.995,120,True,1,1
1,52,27,0.07701471685833171,True,100.0,0.995,120,True,1,1
1,27,56,2.1878218009429324,True,100.0,0.995,120,True,1,1
1,56,27,2.1878218009429324,True,100.0,0.995,120,True,1,1
1,27,57,3.155219369501366,True,100.0,0.995,120,True,1,1
1,57,27,3.155219369501366,True,100.0,0.995,120,True,1,1
1,28,29,4.61149409342713,True,100.0,0.995,120,False,1,1
1,29,28,4.61149409342713,True,100.0,0.995,120,False,1,1
1,28,38,2.9011040890967617,True,100.0,0.995,120,True,1,1
1,38,28,2.9011040890967617,True,100.0,0.995,120,True,1,1
1,28,58,3.180415991968811,True,100.0,0.995,120,True,1,1
1,58,28,3.180415991968811,True,100.0,0.995,120,True,1,1
1,28,61,3.0347432356195583,True,100.0,0.995,120,True,1,1
1,61,28,3.0347432356195583,True,100.0,0.995,120,True,1,1
1,29,30,4.6196259066518905,True,100.0,0.995,120,False,1,1
1,30,29,4.6196259066518905,True,100.0,0.995,120,False,1,1
1,29,39,0.9525462194248456,True,100.0,0.995,120,True,1,1
1,39,29,0.9525462194248456,True,100.0,0.995,120,True,1,1
1,29,59,2.266676254261853,True,100.0,0.995,120,True,1,1
1,59,29,2.266676254261853,True,100.0,0.995,120,True,1,1
1,29,62,2.988199766872215,True,100.0,0.995,120,True,1,1
1,62,29,2.988199766872215,True,100.0,0.995,120,True,1,1
1,30,40,3.971672166204403,True,100.0,0.995,120,True,1,1
1,40,30,3.971672166204403,True,100.0,0.995,120,True,1,1
1,30,60,2.051599823378255,True,100.0,0.995,120,True,1,1
1,60,30,2.051599823378255,True,100.0,0.995,120,True,1,1
1,30,63,2.797374510733743,True,100.0,0.995,120,True,1,1
1,63,30,2.797374510733743,True,100.0,0.995,120,True,1,1
1,30,64,7.7931265255961,True,100.0,0.995,120,True,1,1
1,64,30,7.7931265255961,True,100.0,0.995,120,True,1,1
1,31,32,0.9754862373225419,True,100.0,0.995,120,False,1,1
1,32,31,0.9754862373225419,True,100.0,0.995,120,False,1,1
1,32,33,3.6369581005624956,True,100.0,0.995,120,False,1,1
1,33,32,3.6369581005624956,True,100.0,0.995,120,False,1,1
1,33,34,4.604538761359428,True,100.0,0.995,120,False,1,1
1,34,33,4.604538761359428,True,100.0,0.995,120,False,1,1
1,34,35,0.06823675137035995,True,100.0,0.995,120,False,1,1
1,35,34,0.06823675137035995,True,100.0,0.995,120,False,1,1
1,35,36,2.3188339830437146,True,100.0,0.995,120,False,1,1
1,36,35,2.3188339830437146,True,100.0,0.995,120,False,1,1
1,37,38,8.01350558892405,True,100.0,0.995,120,False,1,1
1,38,37,8.01350558892405,True,100.0,0.995,120,False,1,1
1,37,50,3.442281586201428,True,100.0,0.995,120,True,1,1
1,50,37,3.442281586201428,True,100.0,0.995,120,True,1,1
1,37,51,1.4766759919089036,True,100.0,0.995,120,True,1,1
1,51,37,1.4766759919089036,True,100.0,0.995,120,True,1,1
1,37,52,1.7882000098637667,True,100.0,0.995,120,True,1,1
1,52,37,1.7882000098637667,True,100.0,0.995,120,True,1,1
1,37,55,1.3102155613733915,True,100.0,0.995,120,True,1,1
1,55,37,1.3102155613733915,True,100.0,0.995,120,True,1,1
1,38,39,8.019832627890562,True,100.0,0.995,120,False,1,1
1,39,38,8.019832627890562,True,100.0,0.995,120,False,1,1
1,38,53,2.2257350325530862,True,100.0,0.995,120,True,1,1
1,53,38,2.2257350325530862,True,100.0,0.995,120,True,1,1
1,38,54,0.7401545055561238,True,100.0,0.995,120,True,1,1
1,54,38,0.7401545055561238,True,100.0,0.995,120,True,1,1
1,38,58,1.5753914599991805,True,100.0,0.995,120,True,1,1
1,58,38,1.5753914599991805,True,100.0,0.995,120,True,1,1
1,38,61,2.156960450039814,True,100.0,0.995,120,True,1,1
1,61,38,2.156960450039814,True,100.0,0.995,120,True,1,1
1,39,40,8.01651435413625,True,100.0,0.995,120,False,1,1
1,40,39,8.01651435413625,True,100.0,0.995,120,False,1,1
1,39,59,2.0728189371146795,True,100.0,0.995,120,True,1,1
1,59,39,2.0728189371146795,True,100.0,0.995,120,True,1,1
1,39,60,3.361467033291938,True,100.0,0.995,120,True,1,1
1,60,39,3.361467033291938,True,100.0,0.995,120,True,1,1
1,39,62,2.8644525144823914,True,100.0,0.995,120,True,1,1
1,62,39,2.8644525144823914,True,100.0,0.995,120,True,1,1
1,39,63,2.9291035163318213,True,100.0,0.995,120,True,1,1
1,63,39,2.9291035163318213,True,100.0,0.995,120,True,1,1
1,40,41,8.021423144593072,True,100.0,0.995,120,False,1,1
1,41,40,8.021423144593072,True,100.0,0.995,120,False,1,1
1,40,60,5.021864516093522,True,100.0,0.995,120,True,1,1
1,60,40,5.021864516093522,True,100.0,0.995,120,True,1,1
1,40,64,3.938197207697731,True,100.0,0.995,120,True,1,1
1,64,40,3.938197207697731,True,100.0,0.995,120,True,1,1
1,40,65,8.38068517821856,True,100.0,0.995,120,True,1,1
1,65,40,8.38068517821856,True,100.0,0.995,120,True,1,1
1,41,42,8.016768427950268,True,100.0,0.995,120,False,1,1
1,42,41,8.016768427950268,True,100.0,0.995,120,False,1,1
1,41,64,4.454728774195099,True,100.0,0.995,120,True,1,1
1,64,41,4.454728774195099,True,100.0,0.995,120,True,1,1
1,41,65,1.0108679446547517,True,100.0,0.995,120,True,1,1
1,65,41,1.0108679446547517,True,100.0,0.995,120,True,1,1
1,41,66,8.474810059921618,True,100.0,0.995,120,True,1,1
1,66,41,8.474810059921618,True,100.0,0.995,120,True,1,1
1,42,64,12.205369672218577,True,100.0,0.995,120,True,1,1
1,64,42,12.205369672218577,True,100.0,0.995,120,True,1,1
1,42,65,7.6748066775519295,True,100.0,0.995,120,True,1,1
1,65,42,7.6748066775519295,True,100.0,0.995,120,True,1,1
1,42,66,0.5371403526315195,True,100.0,0.995,120,True,1,1
1,66,42,0.5371403526315195,True,100.0,0.995,120,True,1,1
1,43,44,4.621707126459084,True,100.0,0.995,120,False,1,1
1,44,43,4.621707126459084,True,100.0,0.995,120,False,1,1
1,44,45,4.617377091670893,True,100.0,0.995,120,False,1,1
1,45,44,4.617377091670893,True,100.0,0.995,120,False,1,1
1,45,46,4.612606622426102,True,100.0,0.995,120,False,1,1
1,46,45,4.612606622426102,True,100.0,0.995,120,False,1,1
1,46,47,4.630320493700102,True,100.0,0.995,120,False,1,1
1,47,46,4.630320493700102,True,100.0,0.995,120,False,1,1
1,47,48,4.600116481538609,True,100.0,0.995,120,False,1,1
1,48,47,4.600116481538609,True,100.0,0.995,120,False,1,1
1,49,50,4.616152956732198,True,100.0,0.995,120,False,1,1
1,50,49,4.616152956732198,True,100.0,0.995,120,False,1,1
1,50,51,4.635256705362852,True,100.0,0.995,120,False,1,1
1,51,50,4.635256705362852,True,100.0,0.995,120,False,1,1
1,50,55,3.8798198449785906,True,100.0,0.995,120,True,1,1
1,55,50,3.8798198449785906,True,100.0,0.995,120,True,1,1
1,51,52,1.4293173011994067,True,100.0,0.995,120,False,1,1
1,52,51,1.4293173011994067,True,100.0,0.995,120,False,1,1
1,51,55,0.9882801131557523,True,100.0,0.995,120,True,1,1
1,55,51,0.9882801131557523,True,100.0,0.995,120,True,1,1
1,51,56,0.9752241131461657,True,100.0,0.995,120,True,1,1
1,56,51,0.9752241131461657,True,100.0,0.995,120,True,1,1
1,51,57,2.823246801744352,True,100.0,0.995,120,True,1,1
1,57,51,2.823246801744352,True,100.0,0.995,120,True,1,1
1,52,53,4.489337683756709,True,100.0,0.995,120,False,1,1
1,53,52,4.489337683756709,True,100.0,0.995,120,False,1,1
1,52,55,2.250290740075917,True,100.0,0.995,120,True,1,1
1,55,52,2.250290740075917,True,100.0,0.995,120,True,1,1
1,52,56,2.1950146981997034,True,100.0,0.995,120,True,1,1
1,56,52,2.1950146981997034,True,100.0,0.995,120,True,1,1
1,53,54,1.98258640104003,True,100.0,0.995,120,False,1,1
1,54,53,1.98258640104003,True,100.0,0.995,120,False,1,1
1,53,57,1.982070896812109,True,100.0,0.995,120,True,1,1
1,57,53,1.982070896812109,True,100.0,0.995,120,True,1,1
1,53,58,2.716578903463996,True,100.0,0.995,120,True,1,1
1,58,53,2.716578903463996,True,100.0,0.995,120,True,1,1
1,54,58,1.0214027734134394,True,100.0,0.995,120,True,1,1
1,58,54,1.0214027734134394,True,100.0,0.995,120,True,1,1
1,54,61,1.6632587552866487,True,100.0,0.995,120,True,1,1
1,61,54,1.6632587552866487,True,100.0,0.995,120,True,1,1
1,55,56,1.401295735463525,True,100.0,0.995,120,False,1,1
1,56,55,1.401295735463525,True,100.0,0.995,120,False,1,1
1,56,57,2.194818651349985,True,100.0,0.995,120,False,1,1
1,57,56,2.194818651349985,True,100.0,0.995,120,False,1,1
1,57,58,4.438182233807939,True,100.0,0.995,120,False,1,1
1,58,57,4.438182233807939,True,100.0,0.995,120,False,1,1
1,58,59,5.905332373480987,True,100.0,0.995,120,False,1,1
1,59,58,5.905332373480987,True,100.0,0.995,120,False,1,1
1,58,61,0.7233858939729392,True,100.0,0.995,120,True,1,1
1,61,58,0.7233858939729392,True,100.0,0.995,120,True,1,1
1,59,60,4.676654082906663,True,100.0,0.995,120,False,1,1
1,60,59,4.676654082906663,True,100.0,0.995,120,False,1,1
1,59,62,0.7946512703800256,True,100.0,0.995,120,True,1,1
1,62,59,0.7946512703800256,True,100.0,0.995,120,True,1,1
1,60,63,0.8315618494460183,True,100.0,0.995,120,True,1,1
1,63,60,0.8315618494460183,True,100.0,0.995,120,True,1,1
1,61,62,4.621345199869716,True,100.0,0.995,120,False,1,1
1,62,61,4.621345199869716,True,100.0,0.995,120,False,1,1
1,62,63,4.614433304928193,True,100.0,0.995,120,False,1,1
1,63,62,4.614433304928193,True,100.0,0.995,120,False,1,1
1,63,64,9.203711993215968,True,100.0,0.995,120,False,1,1
1,64,63,9.203711993215968,True,100.0,0.995,120,False,1,1
1,64,65,4.613199911284972,True,100.0,0.995,120,False,1,1
1,65,64,4.613199911284972,True,100.0,0.995,120,False,1,1
1,65,66,8.099188538336012,True,100.0,0.995,120,False,1,1
1,66,65,8.099188538336012,True,100.0,0.995,120,False,1,1
2,1,2,4.608582507752583,True,100.0,0.995,120,False,1,1
2,2,1,4.608582507752583,True,100.0,0.995,120,False,1,1
2,1,43,11.08921088816912,True,100.0,0.995,120,True,1,1
2,43,1,11.08921088816912,True,100.0,0.995,120,True,1,1
2,1,44,6.697945330432405,True,100.0,0.995,120,True,1,1
2,44,1,6.697945330432405,True,100.0,0.995,120,True,1,1
2,1,45,2.7676157195882682,True,100.0,0.995,120,True,1,1
2,45,1,2.7676157195882682,True,100.0,0.995,120,True,1,1
2,1,46,3.5744138208496614,True,100.0,0.995,120,True,1,1
2,46,1,3.5744138208496614,True,100.0,0.995,120,True,1,1
2,2,3,4.638046576649962,True,100.0,0.995,120,False,1,1
2,3,2,4.638046576649962,True,100.0,0.995,120,False,1,1
2,2,44,11.032621707586541,True,100.0,0.995,120,True,1,1
2,44,2,11.032621707586541,True,100.0,0.995,120,True,1,1
2,2,45,6.605566085221362,True,100.0,0.995,120,True,1,1
2,45,2,6.605566085221362,True,100.0,0.995,120,True,1,1
2,2,46,2.5375496264812245,True,100.0,0.995,120,True,1,1
2,46,2,2.5375496264812245,True,100.0,0.995,120,True,1,1
2,2,47,3.410846773837092,True,100.0,0.995,120,True,1,1
2,47,2,3.410846773837092,True,100.0,0.995,120,True,1,1
2,3,4,2.963274540740735,True,100.0,0.995,120,False,1,1
2,4,3,2.963274540740735,True,100.0,0.995,120,False,1,1
2,3,19,3.760398746353072,True,100.0,0.995,120,True,1,1
2,19,3,3.760398746353072,True,100.0,0.995,120,True,1,1
2,3,45,11.001038616912082,True,100.0,0.995,120,True,1,1
2,45,3,11.001038616912082,True,100.0,0.995,120,True,1,1
2,3,46,6.5400017488416236,True,100.0,0.995,120,True,1,1
2,46,3,6.5400017488416236,True,100.0,0.995,120,True,1,1
2,3,47,2.2927961402668164,True,100.0,0.995,120,True,1,1
2,47,3,2.2927961402668164,True,100.0,0.995,120,True,1,1
2,3,48,3.1989789494555207,True,100.0,0.995,120,True,1,1
2,48,3,3.1989789494555207,True,100.0,0.995,120,True,1,1
2,4,5,1.6445754313100314,True,100.0,0.995,120,False,1,1
2,5,4,1.6445754313100314,True,100.0,0.995,120,False,1,1
2,4,19,0.8837284970036802,True,100.0,0.995,120,True,1,1
2,19,4,0.8837284970036802,True,100.0,0.995,120,True,1,1
2,4,47,4.887861686258491,True,100.0,0.995,120,True,1,1
2,47,4,4.887861686258491,True,100.0,0.995,120,True,1,1
2,4,48,1.290334047501491,True,100.0,0.995,120,True,1,1
2,48,4,1.290334047501491,True,100.0,0.995,120,True,1,1
2,5,6,4.624519810182588,True,100.0,0.995,120,False,1,1
2,6,5,4.624519810182588,True,100.0,0.995,120,False,1,1
2,5,19,0.8938692307139812,True,100.0,0.995,120,True,1,1
2,19,5,0.8938692307139812,True,100.0,0.995,120,True,1,1
2,5,20,5.745970414478006,True,100.0,0.995,120,True,1,1
2,20,5,5.745970414478006,True,100.0,0.995,120,True,1,1
2,5,48,1.9993363582704162,True,100.0,0.995,120,True,1,1
2,48,5,1.9993363582704162,True,100.0,0.995,120,True,1,1
2,6,20,1.130872037358303,True,100.0,0.995,120,True,1,1
2,20,6,1.130872037358303,True,100.0,0.995,120,True,1,1
2,6,21,1.4516842078150591,True,100.0,0.995,120,True,1,1
2,21,6,1.4516842078150591,True,100.0,0.995,120,True,1,1
2,6,22,3.756713610355739,True,100.0,0.995,120,True,1,1
2,22,6,3.756713610355739,True,100.0,0.995,120,True,1,1
2,6,31,3.095950701089075,True,100.0,0.995,120,True,1,1
2,31,6,3.095950701089075,True,100.0,0.995,120,True,1,1
2,7,8,4.622023818731243,True,100.0,0.995,120,False,1,1
2,8,7,4.622023818731243,True,100.0,0.995,120,False,1,1
2,7,42,13.894579830839364,True,100.0,0.995,120,True,1,1
2,42,7,13.894579830839364,True,100.0,0.995,120,True,1,1
2,7,66,13.404656080723493,True,100.0,0.995,120,True,1,1
2,66,7,13.404656080723493,True,100.0,0.995,120,True,1,1
2,8,9,3.374012799490285,True,100.0,0.995,120,False,1,1
2,9,8,3.374012799490285,True,100.0,0.995,120,False,1,1
2,9,10,5.851123890703723,True,100.0,0.995,120,False,1,1
2,10,9,5.851123890703723,True,100.0,0.995,120,False,1,1
2,10,11,4.590019877719187,True,100.0,0.995,120,False,1,1
2,11,10,4.590019877719187,True,100.0,0.995,120,False,1,1
2,10,43,12.267337792543266,True,100.0,0.995,120,True,1,1
2,43,10,12.267337792543266,True,100.0,0.995,120,True,1,1
2,11,12,4.645223072176899,True,100.0,0.995,120,False,1,1
2,12,11,4.645223072176899,True,100.0,0.995,120,False,1,1
2,11,43,7.965965911164075,True,100.0,0.995,120,True,1,1
2,43,11,7.965965911164075,True,100.0,0.995,120,True,1,1
2,11,44,12.330226102125932,True,100.0,0.995,120,True,1,1
2,44,11,12.330226102125932,True,100.0,0.995,120,True,1,1
2,12,43,3.8050068108267574,True,100.0,0.995,120,True,1,1
2,43,12,3.8050068108267574,True,100.0,0.995,120,True,1,1
2,12,44,7.905441626004012,True,100.0,0.995,120,True,1,1
2,44,12,7.905441626004012,True,100.0,0.995,120,True,1,1
2,12,45,12.271152744040444,True,100.0,0.995,120,True,1,1
2,45,12,12.271152744040444,True,100.0,0.995,120,True,1,1
2,13,14,0.08101006620913027,True,100.0,0.995,120,False,1,1
2,14,13,0.08101006620913027,True,100.0,0.995,120,False,1,1
2,13,23,2.359196106454472,True,100.0,0.995,120,True,1,1
2,23,13,2.359196106454472,True,100.0,0.995,120,True,1,1
2,13,24,2.2559988689944843,True,100.0,0.995,120,True,1,1
2,24,13,2.2559988689944843,True,100.0,0.995,120,True,1,1
2,13,33,5.353654339349298,True,100.0,0.995,120,True,1,1
2,33,13,5.353654339349298,True,100.0,0.995,120,True,1,1
2,13,34,0.8052119251331993,True,100.0,0.995,120,True,1,1
2,34,13,0.8052119251331993,True,100.0,0.995,120,True,1,1
2,13,35,0.765562907234678,True,100.0,0.995,120,True,1,1
2,35,13,0.765562907234678,True,100.0,0.995,120,True,1,1
2,13,36,1.6525240404690802,True,100.0,0.995,120,True,1,1
2,36,13,1.6525240404690802,True,100.0,0.995,120,True,1,1
2,14,15,4.561966250298746,True,100.0,0.995,120,False,1,1
2,15,14,4.561966250298746,True,100.0,0.995,120,False,1,1
2,14,24,2.2215556893885027,True,100.0,0.995,120,True,1,1
2,24,14,2.2215556893885027,True,100.0,0.995,120,True,1,1
2,14,34,0.8167351631665569,True,100.0,0.995,120,True,1,1
2,34,14,0.8167351631665569,True,100.0,0.995,120,True,1,1
2,14,35,0.7718683013508404,True,100.0,0.995,120,True,1,1
2,35,14,0.7718683013508404,True,100.0,0.995,120,True,1,1
2,14,36,1.6081788700213235,True,100.0,0.995,120,True,1,1
2,36,14,1.6081788700213235,True,100.0,0.995,120,True,1,1
2,15,16,1.4208771922016805,True,100.0,0.995,120,False,1,1
2,16,15,1.4208771922016805,True,100.0,0.995,120,False,1,1
2,15,24,2.348789878931266,True,100.0,0.995,120,True,1,1
2,24,15,2.348789878931266,True,100.0,0.995,120,True,1,1
2,15,25,4.064058175256329,True,100.0,0.995,120,True,1,1
2,25,15,4.064058175256329,True,100.0,0.995,120,True,1,1
2,15,36,3.0055986562204313,True,100.0,0.995,120,True,1,1
2,36,15,3.0055986562204313,True,100.0,0.995,120,True,1,1
2,16,17,0.8939107826276164,True,100.0,0.995,120,False,1,1
2,17,16,0.8939107826276164,True,100.0,0.995,120,False,1,1
2,16,24,3.7627268458693015,True,100.0,0.995,120,True,1,1
2,24,16,3.7627268458693015,True,100.0,0.995,120,True,1,1
2,16,25,2.653206426116277,True,100.0,0.995,120,True,1,1
2,25,16,2.653206426116277,True,100.0,0.995,120,True,1,1
2,16,36,4.40789711177271,True,100.0,0.995,120,True,1,1
2,36,16,4.40789711177271,True,100.0,0.995,120,True,1,1
2,17,18,4.596792395877629,True,100.0,0.995,120,False,1,1
2,18,17,4.596792395877629,True,100.0,0.995,120,False,1,1
2,17,24,4.653533932775744,True,100.0,0.995,120,True,1,1
2,24,17,4.653533932775744,True,100.0,0.995,120,True,1,1
2,17,25,1.8009774968753631,True,100.0,0.995,120,True,1,1
2,25,17,1.8009774968753631,True,100.0,0.995,120,True,1,1
2,17,36,5.299942781113084,True,100.0,0.995,120,True,1,1
2,36,17,5.299942781113084,True,100.0,0.995,120,True,1,1
2,18,25,2.8833026682396645,True,100.0,0.995,120,True,1,1
2,25,18,2.8833026682396645,True,100.0,0.995,120,True,1,1
2,18,49,2.1689295617051303,True,100.0,0.995,120,True,1,1
2,49,18,2.1689295617051303,True,100.0,0.995,120,True,1,1
2,18,50,6.29194268205064,True,100.0,0.995,20,True,1,1
2,50,18,6.29194268205064,True,100.0,0.995,20,True,1,1
2,19,20,6.595672462355203,True,100.0,0.995,120,False,1,1
2,20,19,6.595672462355203,True,100.0,0.995,120,False,1,1
2,19,48,1.1848017435552898,True,100.0,0.995,120,True,1,1
2,48,19,1.1848017435552898,True,100.0,0.995,120,True,1,1
2,20,21,0.32284728368383886,True,100.0,0.995,120,False,1,1
2,21,20,0.32284728368383886,True,100.0,0.995,120,False,1,1
2,20,31,1.9701679761659987,True,100.0,0.995,120,True,1,1
2,31,20,1.9701679761659987,True,100.0,0.995,120,True,1,1
2,20,32,2.9442751874962143,True,100.0,0.995,120,True,1,1
2,32,20,2.9442751874962143,True,100.0,0.995,120,True,1,1
2,21,22,2.313724117934647,True,100.0,0.995,120,False,1,1
2,22,21,2.313724117934647,True,100.0,0.995,120,False,1,1
2,21,31,1.6513616291975495,True,100.0,0.995,120,True,1,1
2,31,21,1.6513616291975495,True,100.0,0.995,120,True,1,1
2,21,32,2.625376943896893,True,100.0,0.995,120,True,1,1
2,32,21,2.625376943896893,True,100.0,0.995,120,True,1,1
2,22,23,6.935985607363249,True,100.0,0.995,120,False,1,1
2,23,22,6.935985607363249,True,100.0,0.995,120,False,1,1
2,22,31,0.6641259964176313,True,100.0,0.995,120,True,1,1
2,31,22,0.6641259964176313,True,100.0,0.995,120,True,1,1
2,22,32,0.3122584107022449,True,100.0,0.995,120,True,1,1
2,32,22,0.3122584107022449,True,100.0,0.995,120,True,1,1
2,22,33,3.9466639620742705,True,100.0,0.995,120,True,1,1
2,33,22,3.9466639620742705,True,100.0,0.995,120,True,1,1
2,23,24,4.607659449440512,True,100.0,0.995,120,False,1,1
2,24,23,4.607659449440512,True,100.0,0.995,120,False,1,1
2,23,33,3.0057761954743474,True,100.0,0.995,120,True,1,1
2,33,23,3.0057761954743474,True,100.0,0.995,120,True,1,1
2,23,34,1.61920656271017,True,100.0,0.995,120,True,1,1
2,34,23,1.61920656271017,True,100.0,0.995,120,True,1,1
2,23,35,1.6711539803278428,True,100.0,0.995,120,True,1,1
2,35,23,1.6711539803278428,True,100.0,0.995,120,True,1,1
2,24,36,0.6986724643877888,True,100.0,0.995,120,True,1,1
2,36,24,0.6986724643877888,True,100.0,0.995,120,True,1,1
2,25,26,9.064154015991159,True,100.0,0.995,120,False,1,1
2,26,25,9.064154015991159,True,100.0,0.995,120,False,1,1
2,25,49,4.416073041074207,True,100.0,0.995,120,True,1,1
2,49,25,4.416073041074207,True,100.0,0.995,120,True,1,1
2,26,27,4.808509762786454,True,100.0,0.995,120,False,1,1
2,27,26,4.808509762786454,True,100.0,0.995,120,False,1,1
2,26,37,3.230351483320554,True,100.0,0.995,120,True,1,1
2,37,26,3.230351483320554,True,100.0,0.995,120,True,1,1
2,26,49,4.990366975771589,True,100.0,0.995,120,True,1,1
2,49,26,4.990366975771589,True,100.0,0.995,120,True,1,1
2,26,50,1.316238958373044,True,100.0,0.995,120,True,1,1
2,50,26,1.316238958373044,True,100.0,0.995,120,True,1,1
2,26,55,4.074846367578877,True,100.0,0.995,120,True,1,1
2,55,26,4.074846367578877,True,100.0,0.995,120,True,1,1
2,27,28,9.013402401308644,True,100.0,0.995,120,False,1,1
2,28,27,9.013402401308644,True,100.0,0.995,120,False,1,1
2,27,37,1.8618220509059709,True,100.0,0.995,120,True,1,1
2,37,27,1.8618220509059709,True,100.0,0.995,120,True,1,1
2,27,51,1.4525080653187195,True,100.0,0.995,120,True,1,1
2,51,27,1.4525080653187195,True,100.0,0.995,120,True,1,1
2,27,52,0.07688598088987984,True,100.0,0.995,120,True,1,1
2,52,27,0.07688598088987984,True,100.0,0.995,120,True,1,1
2,27,56,2.1937330311162824,True,100.0,0.995,120,True,1,1
2,56,27,2.1937330311162824,True,100.0,0.995,120,True,1,1
2,27,57,3.159713603093346,True,100.0,0.995,120,True,1,1
2,57,27,3.159713603093346,True,100.0,0.995,120,True,1,1
2,28,29,4.611506385033976,True,100.0,0.995,120,False,1,1
2,29,28,4.611506385033976,True,100.0,0.995,120,False,1,1
2,28,38,2.9050509471639754,True,100.0,0.995,120,True,1,1
2,38,28,2.9050509471639754,True,100.0,0.995,120,True,1,1
2,28,58,3.1810703047949245,True,100.0,0.995,120,True,1,1
2,58,28,3.1810703047949245,True,100.0,0.995,120,True,1,1
2,28,61,3.032424134455398,True,100.0,0.995,120,True,1,1
2,61,28,3.032424134455398,True,100.0,0.995,120,True,1,1
2,29,30,4.6196860173106815,True,100.0,0.995,120,False,1,1
2,30,29,4.6196860173106815,True,100.0,0.995,120,False,1,1
2,29,39,0.9475885652708904,True,100.0,0.995,120,True,1,1
2,39,29,0.9475885652708904,True,100.0,0.995,120,True,1,1
2,29,59,2.2598905093951176,True,100.0,0.995,120,True,1,1
2,59,29,2.2598905093951176,True,100.0,0.995,120,True,1,1
2,29,62,2.9810705286467223,True,100.0,0.995,120,True,1,1
2,62,29,2.9810705286467223,True,100.0,0.995,120,True,1,1
2,30,40,3.9667357678798836,True,100.0,0.995,120,True,1,1
2,40,30,3.9667357678798836,True,100.0,0.995,120,True,1,1
2,30,60,2.0411991323057785,True,100.0,0.995,120,True,1,1
2,60,30,2.0411991323057785,True,100.0,0.995,120,True,1,1
2,30,63,2.7863944808954906,True,100.0,0.995,120,True,1,1
2,63,30,2.7863944808954906,True,100.0,0.995,120,True,1,1
2,30,64,7.788234039930559,True,100.0,0.995,120,True,1,1
2,64,30,7.788234039930559,True,100.0,0.995,120,True,1,1
2,31,32,0.9746517765496311,True,100.0,0.995,120,False,1,1
2,32,31,0.9746517765496311,True,100.0,0.995,120,False,1,1
2,32,33,3.6378035249807303,True,100.0,0.995,120,False,1,1
2,33,32,3.6378035249807303,True,100.0,0.995,120,False,1,1
2,33,34,4.6038373432353,True,100.0,0.995,120,False,1,1
2,34,33,4.6038373432353,True,100.0,0.995,120,False,1,1
2,34,35,0.06890668539224282,True,100.0,0.995,120,False,1,1
2,35,34,0.06890668539224282,True,100.0,0.995,120,False,1,1
2,35,36,2.318170247393516,True,100.0,0.995,120,False,1,1
2,36,35,2.318170247393516,True,100.0,0.995,120,False,1,1
2,37,38,8.013608355712346,True,100.0,0.995,120,False,1,1
2,38,37,8.013608355712346,True,100.0,0.995,120,False,1,1
2,37,50,3.438733897027945,True,100.0,0.995,120,True,1,1
2,50,37,3.438733897027945,True,100.0,0.995,120,True,1,1
2,37,51,1.4814734540834058,True,100.0,0.995,120,True,1,1
2,51,37,1.4814734540834058,True,100.0,0.995,120,True,1,1
2,37,52,1.792842737711354,True,100.0,0.995,120,True,1,1
2,52,37,1.792842737711354,True,100.0,0.995,120,True,1,1
2,37,55,1.3151858113442472,True,100.0,0.995,120,True,1,1
2,55,37,1.3151858113442472,True,100.0,0.995,120,True,1,1
2,38,39,8.019891551448518,True,100.0,0.995,120,False,1,1
2,39,38,8.019891551448518,True,100.0,0.995,120,False,1,1
2,38,53,2.2218066201214026,True,100.0,0.995,120,True,1,1
2,53,38,2.2218066201214026,True,100.0,0.995,120,True,1,1
2,38,54,0.739372757604003,True,100.0,0.995,120,True,1,1
2,54,38,0.739372757604003,True,100.0,0.995,120,True,1,1
2,38,58,1.5754680162644048,True,100.0,0.995,120,True,1,1
2,58,38,1.5754680162644048,True,100.0,0.995,120,True,1,1
2,38,61,2.1586555266828733,True,100.0,0.995,120,True,1,1
2,61,38,2.1586555266828733,True,100.0,0.995,120,True,1,1
2,39,40,8.016545422933975,True,100.0,0.995,120,False,1,1
2,40,39,8.016545422933975,True,100.0,0.995,120,False,1,1
2,39,59,2.0665249718478766,True,100.0,0.995,120,True,1,1
2,59,39,2.0665249718478766,True,100.0,0.995,120,True,1,1
2,39,60,3.36309584815493,True,100.0,0.995,120,True,1,1
2,60,39,3.36309584815493,True,100.0,0.995,120,True,1,1
2,39,62,2.8574427561896094,True,100.0,0.995,120,True,1,1
2,62,39,2.8574427561896094,True,100.0,0.995,120,True,1,1
2,39,63,2.928033250866407,True,100.0,0.995,120,True,1,1
2,63,39,2.928033250866407,True,100.0,0.995,120,True,1,1
2,40,41,8.021416539425212,True,100.0,0.995,120,False,1,1
2,41,40,8.021416539425212,True,100.0,0.995,120,False,1,1
2,40,60,5.01581360924386,True,100.0,0.995,120,True,1,1
2,60,40,5.01581360924386,True,100.0,0.995,120,True,1,1
2,40,64,3.9370744027245426,True,100.0,0.995,120,True,1,1
2,64,40,3.9370744027245426,True,100.0,0.995,120,True,1,1
2,40,65,8.38252741477251,True,100.0,0.995,120,True,1,1
2,65,40,8.38252741477251,True,100.0,0.995,120,True,1,1
2,41,42,8.016811110148035,True,100.0,0.995,120,False,1,1
2,42,41,8.016811110148035,True,100.0,0.995,120,False,1,1
2,41,64,4.446500620793559,True,100.0,0.995,120,True,1,1
2,64,41,4.446500620793559,True,100.0,0.995,120,True,1,1
2,41,65,0.9959138057786836,True,100.0,0.995,120,True,1,1
2,65,41,0.9959138057786836,True,100.0,0.995,120,True,1,1
2,41,66,8.475085242174751,True,100.0,0.995,120,True,1,1
2,66,41,8.475085242174751,True,100.0,0.995,120,True,1,1
2,42,64,12.200097171519138,True,100.0,0.995,120,True,1,1
2,64,42,12.200097171519138,True,100.0,0.995,120,True,1,1
2,42,65,7.669106416030417,True,100.0,0.995,120,True,1,1
2,65,42,7.669106416030417,True,100.0,0.995,120,True,1,1
2,42,66,0.5303449362432946,True,100.0,0.995,120,True,1,1
2,66,42,0.5303449362432946,True,100.0,0.995,120,True,1,1
2,43,44,4.621629691810133,True,100.0,0.995,120,False,1,1
2,44,43,4.621629691810133,True,100.0,0.995,120,False,1,1
2,44,45,4.617332752409645,True,100.0,0.995,120,False,1,1
2,45,44,4.617332752409645,True,100.0,0.995,120,False,1,1
2,45,46,4.61252058573388,True,100.0,0.995,120,False,1,1
2,46,45,4.61252058573388,True,100.0,0.995,120,False,1,1
2,46,47,4.630269183529113,True,100.0,0.995,120,False,1,1
2,47,46,4.630269183529113,True,100.0,0.995,120,False,1,1
2,47,48,4.600051174254157,True,100.0,0.995,120,False,1,1
2,48,47,4.600051174254157,True,100.0,0.995,120,False,1,1
2,49,50,4.616203507636904,True,100.0,0.995,120,False,1,1
2,50,49,4.616203507636904,True,100.0,0.995,120,False,1,1
2,50,51,4.635367906572635,True,100.0,0.995,120,False,1,1
2,51,50,4.635367906572635,True,100.0,0.995,120,False,1,1
2,50,55,3.878122901133989,True,100.0,0.995,120,True,1,1
2,55,50,3.878122901133989,True,100.0,0.995,120,True,1,1
2,51,52,1.433180348332582,True,100.0,0.995,120,False,1,1
2,52,51,1.433180348332582,True,100.0,0.995,120,False,1,1
2,51,55,0.9911609142651036,True,100.0,0.995,120,True,1,1
2,55,51,0.9911609142651036,True,100.0,0.995,120,True,1,1
2,51,56,0.9753514334228054,True,100.0,0.995,120,True,1,1
2,56,51,0.9753514334228054,True,100.0,0.995,120,True,1,1
2,51,57,2.825221237398385,True,100.0,0.995,120,True,1,1
2,57,51,2.825221237398385,True,100.0,0.995,120,True,1,1
2,52,53,4.490268116136425,True,100.0,0.995,120,False,1,1
2,53,52,4.490268116136425,True,100.0,0.995,120,False,1,1
2,52,55,2.2566440965851546,True,100.0,0.995,120,True,1,1
2,55,52,2.2566440965851546,True,100.0,0.995,120,True,1,1
2,52,56,2.2008348212666258,True,100.0,0.995,120,True,1,1
2,56,52,2.2008348212666258,True,100.0,0.995,120,True,1,1
2,53,54,1.982788752245597,True,100.0,0.995,120,False,1,1
2,54,53,1.982788752245597,True,100.0,0.995,120,False,1,1
2,53,57,1.9808702684975592,True,100.0,0.995,120,True,1,1
2,57,53,1.9808702684975592,True,100.0,0.995,120,True,1,1
2,53,58,2.7138430283244577,True,100.0,0.995,120,True,1,1
2,58,53,2.7138430283244577,True,100.0,0.995,120,True,1,1
2,54,58,1.0194919439594547,True,100.0,0.995,120,True,1,1
2,58,54,1.0194919439594547,True,100.0,0.995,120,True,1,1
2,54,61,1.6630103745427025,True,100.0,0.995,120,True,1,1
2,61,54,1.6630103745427025,True,100.0,0.995,120,True,1,1
2,55,56,1.4004624323179191,True,100.0,0.995,120,False,1,1
2,56,55,1.4004624323179191,True,100.0,0.995,120,False,1,1
2,56,57,2.1995445136578318,True,100.0,0.995,120,False,1,1
2,57,56,2.1995445136578318,True,100.0,0.995,120,False,1,1
2,57,58,4.433626554812532,True,100.0,0.995,120,False,1,1
2,58,57,4.433626554812532,True,100.0,0.995,120,False,1,1
2,58,59,5.908343154066017,True,100.0,0.995,120,False,1,1
2,59,58,5.908343154066017,True,100.0,0.995,120,False,1,1
2,58,61,0.7258831597005941,True,100.0,0.995,120,True,1,1
2,61,58,0.7258831597005941,True,100.0,0.995,120,True,1,1
2,59,60,4.6766895420035155,True,100.0,0.995,120,False,1,1
2,60,59,4.6766895420035155,True,100.0,0.995,120,False,1,1
2,59,62,0.7939670138718381,True,100.0,0.995,120,True,1,1
2,62,59,0.7939670138718381,True,100.0,0.995,120,True,1,1
2,60,63,0.8304703981632965,True,100.0,0.995,120,True,1,1
2,63,60,0.8304703981632965,True,100.0,0.995,120,True,1,1
2,61,62,4.621375009035829,True,100.0,0.995,120,False,1,1
2,62,61,4.621375009035829,True,100.0,0.995,120,False,1,1
2,62,63,4.614479834221303,True,100.0,0.995,120,False,1,1
2,63,62,4.614479834221303,True,100.0,0.995,120,False,1,1
2,63,64,9.203701025885264,True,100.0,0.995,120,False,1,1
2,64,63,9.203701025885264,True,100.0,0.995,120,False,1,1
2,64,65,4.613214517537234,True,100.0,0.995,120,False,1,1
2,65,64,4.613214517537234,True,100.0,0.995,120,False,1,1
2,65,66,8.096238408155468,True,100.0,0.995,120,False,1,1
2,66,65,8.096238408155468,True,100.0,0.995,120,False,1,1
3,1,2,4.608499986594421,True,100.0,0.995,120,False,1,1
3,2,1,4.608499986594421,True,100.0,0.995,120,False,1,1
3,1,43,11.087071599111816,True,100.0,0.995,120,True,1,1
3,43,1,11.087071599111816,True,100.0,0.995,120,True,1,1
3,1,44,6.693827811771386,True,100.0,0.995,120,True,1,1
3,44,1,6.693827811771386,True,100.0,0.995,120,True,1,1
3,1,45,2.756381674342417,True,100.0,0.995,120,True,1,1
3,45,1,2.756381674342417,True,100.0,0.995,120,True,1,1
3,1,46,3.5649433593643263,True,100.0,0.995,120,True,1,1
3,46,1,3.5649433593643263,True,100.0,0.995,120,True,1,1
3,2,3,4.637985390232642,True,100.0,0.995,120,False,1,1
3,3,2,4.637985390232642,True,100.0,0.995,120,False,1,1
3,2,44,11.02960326199794,True,100.0,0.995,120,True,1,1
3,44,2,11.02960326199794,True,100.0,0.995,120,True,1,1
3,2,45,6.600269759213645,True,100.0,0.995,120,True,1,1
3,45,2,6.600269759213645,True,100.0,0.995,120,True,1,1
3,2,46,2.5234813977682533,True,100.0,0.995,120,True,1,1
3,46,2,2.5234813977682533,True,100.0,0.995,120,True,1,1
3,2,47,3.4004485651285075,True,100.0,0.995,120,True,1,1
3,47,2,3.4004485651285075,True,100.0,0.995,120,True,1,1
3,3,4,2.9624178828348975,True,100.0,0.995,120,False,1,1
3,4,3,2.9624178828348975,True,100.0,0.995,120,False,1,1
3,3,19,3.7590441472531206,True,100.0,0.995,120,True,1,1
3,19,3,3.7590441472531206,True,100.0,0.995,120,True,1,1
3,3,45,10.99746689526389,True,100.0,0.995,120,True,1,1
3,45,3,10.99746689526389,True,100.0,0.995,120,True,1,1
3,3,46,6.534209629632372,True,100.0,0.995,120,True,1,1
3,46,3,6.534209629632372,True,100.0,0.995,120,True,1,1
3,3,47,2.277193128713423,True,100.0,0.995,120,True,1,1
3,47,3,2.277193128713423,True,100.0,0.995,120,True,1,1
3,3,48,3.1888331763292137,True,100.0,0.995,120,True,1,1
3,48,3,3.1888331763292137,True,100.0,0.995,120,True,1,1
3,4,5,1.6450955510428635,True,100.0,0.995,120,False,1,1
3,5,4,1.6450955510428635,True,100.0,0.995,120,False,1,1
3,4,19,0.8793372863329945,True,100.0,0.995,120,True,1,1
3,19,4,0.8793372863329945,True,100.0,0.995,120,True,1,1
3,4,47,4.878781856862746,True,100.0,0.995,120,True,1,1
3,47,4,4.878781856862746,True,100.0,0.995,120,True,1,1
3,4,48,1.2623416299111956,True,100.0,0.995,120,True,1,1
3,48,4,1.2623416299111956,True,100.0,0.995,120,True,1,1
3,5,6,4.624479378524062,True,100.0,0.995,120,False,1,1
3,6,5,4.624479378524062,True,100.0,0.995,120,False,1,1
3,5,19,0.8924952668814761,True,100.0,0.995,120,True,1,1
3,19,5,0.8924952668814761,True,100.0,0.995,120,True,1,1
3,5,20,5.745589153168549,True,100.0,0.995,120,True,1,1
3,20,5,5.745589153168549,True,100.0,0.995,120,True,1,1
3,5,48,1.9855712892798043,True,100.0,0.995,120,True,1,1
3,48,5,1.9855712892798043,True,100.0,0.995,120,True,1,1
3,6,20,1.1300293736471496,True,100.0,0.995,120,True,1,1
3,20,6,1.1300293736471496,True,100.0,0.995,120,True,1,1
3,6,21,1.4504661066202436,True,100.0,0.995,120,True,1,1
3,21,6,1.4504661066202436,True,100.0,0.995,120,True,1,1
3,6,22,3.7558954892508725,True,100.0,0.995,120,True,1,1
3,22,6,3.7558954892508725,True,100.0,0.995,120,True,1,1
3,6,31,3.0952003929344225,True,100.0,0.995,120,True,1,1
3,31,6,3.0952003929344225,True,100.0,0.995,120,True,1,1
3,7,8,4.622018002093711,True,100.0,0.995,120,False,1,1
3,8,7,4.622018002093711,True,100.0,0.995,120,False,1,1
3,7,42,13.899290834431532,True,100.0,0.995,120,True,1,1
3,42,7,13.899290834431532,True,100.0,0.995,120,True,1,1
3,7,66,13.409549235979231,True,100.0,0.995,120,True,1,1
3,66,7,13.409549235979231,True,100.0,0.995,120,True,1,1
3,8,9,3.3736242256302496,True,100.0,0.995,120,False,1,1
3,9,8,3.3736242256302496,True,100.0,0.995,120,False,1,1
3,9,10,5.851504527466224,True,100.0,0.995,120,False,1,1
3,10,9,5.851504527466224,True,100.0,0.995,120,False,1,1
3,10,11,4.589999849909322,True,100.0,0.995,120,False,1,1
3,11,10,4.589999849909322,True,100.0,0.995,120,False,1,1
3,10,43,12.268255749631308,True,100.0,0.995,120,True,1,1
3,43,10,12.268255749631308,True,100.0,0.995,120,True,1,1
3,11,12,4.645221408597596,True,100.0,0.995,120,False,1,1
3,12,11,4.645221408597596,True,100.0,0.995,120,False,1,1
3,11,43,7.966709749321878,True,100.0,0.995,120,True,1,1
3,43,11,7.966709749321878,True,100.0,0.995,120,True,1,1
3,11,44,12.330046155297934,True,100.0,0.995,120,True,1,1
3,44,11,12.330046155297934,True,100.0,0.995,120,True,1,1
3,12,43,3.804755372339149,True,100.0,0.995,120,True,1,1
3,43,12,3.804755372339149,True,100.0,0.995,120,True,1,1
3,12,44,7.90442824609276,True,100.0,0.995,120,True,1,1
3,44,12,7.90442824609276,True,100.0,0.995,120,True,1,1
3,12,45,12.269936792912686,True,100.0,0.995,120,True,1,1
3,45,12,12.269936792912686,True,100.0,0.995,120,True,1,1
3,13,14,0.08257941531142629,True,100.0,0.995,120,False,1,1
3,14,13,0.08257941531142629,True,100.0,0.995,120,False,1,1
3,13,23,2.3592468457652793,True,100.0,0.995,120,True,1,1
3,23,13,2.3592468457652793,True,100.0,0.995,120,True,1,1
3,13,24,2.2560545426864014,True,100.0,0.995,120,True,1,1
3,24,13,2.2560545426864014,True,100.0,0.995,120,True,1,1
3,13,33,5.3533538012190744,True,100.0,0.995,120,True,1,1
3,33,13,5.3533538012190744,True,100.0,0.995,120,True,1,1
3,13,34,0.8082931613005954,True,100.0,0.995,120,True,1,1
3,34,13,0.8082931613005954,True,100.0,0.995,120,True,1,1
3,13,35,0.7685978060534551,True,100.0,0.995,120,True,1,1
3,35,13,0.7685978060534551,True,100.0,0.995,120,True,1,1
3,13,36,1.6541664980858373,True,100.0,0.995,120,True,1,1
3,36,13,1.6541664980858373,True,100.0,0.995,120,True,1,1
3,14,15,4.561362708802222,True,100.0,0.995,120,False,1,1
3,15,14,4.561362708802222,True,100.0,0.995,120,False,1,1
3,14,24,2.22090086389912,True,100.0,0.995,120,True,1,1
3,24,14,2.22090086389912,True,100.0,0.995,120,True,1,1
3,14,34,0.8193105263942212,True,100.0,0.995,120,True,1,1
3,34,14,0.8193105263942212,True,100.0,0.995,120,True,1,1
3,14,35,0.7742270152086969,True,100.0,0.995,120,True,1,1
3,35,14,0.7742270152086969,True,100.0,0.995,120,True,1,1
3,14,36,1.6085959681272182,True,100.0,0.995,120,True,1,1
3,36,14,1.6085959681272182,True,100.0,0.995,120,True,1,1
3,15,16,1.4215086240068222,True,100.0,0.995,120,False,1,1
3,16,15,1.4215086240068222,True,100.0,0.995,120,False,1,1
3,15,24,2.348851245917855,True,100.0,0.995,120,True,1,1
3,24,15,2.348851245917855,True,100.0,0.995,120,True,1,1
3,15,25,4.066861797781451,True,100.0,0.995,120,True,1,1
3,25,15,4.066861797781451,True,100.0,0.995,120,True,1,1
3,15,36,3.006563413157575,True,100.0,0.995,120,True,1,1
3,36,15,3.006563413157575,True,100.0,0.995,120,True,1,1
3,16,17,0.8934153216831154,True,100.0,0.995,120,False,1,1
3,17,16,0.8934153216831154,True,100.0,0.995,120,False,1,1
3,16,24,3.763353139985922,True,100.0,0.995,120,True,1,1
3,24,16,3.763353139985922,True,100.0,0.995,120,True,1,1
3,16,25,2.6555170766943474,True,100.0,0.995,120,True,1,1
3,25,16,2.6555170766943474,True,100.0,0.995,120,True,1,1
3,16,36,4.409011513136799,True,100.0,0.995,120,True,1,1
3,36,16,4.409011513136799,True,100.0,0.995,120,True,1,1
3,17,18,4.596873603530484,True,100.0,0.995,120,False,1,1
3,18,17,4.596873603530484,True,100.0,0.995,120,False,1,1
3,17,24,4.65361023383876,True,100.0,0.995,120,True,1,1
3,24,17,4.65361023383876,True,100.0,0.995,120,True,1,1
3,17,25,1.8046183494528325,True,100.0,0.995,120,True,1,1
3,25,17,1.8046183494528325,True,100.0,0.995,120,True,1,1
3,17,36,5.300566196449771,True,100.0,0.995,120,True,1,1
3,36,17,5.300566196449771,True,100.0,0.995,120,True,1,1
3,18,25,2.8820797908267655,True,100.0,0.995,120,True,1,1
3,25,18,2.8820797908267655,True,100.0,0.995,120,True,1,1
3,18,49,2.1802684490124524,True,100.0,0.995,120,True,1,1
3,49,18,2.1802684490124524,True,100.0,0.995,120,True,1,1
3,18,50,6.296146510725745,True,100.0,0.995,10,True,1,1
3,50,18,6.296146510725745,True,100.0,0.995,10,True,1,1
3,19,20,6.596169493554096,True,100.0,0.995,120,False,1,1
3,20,19,6.596169493554096,True,100.0,0.995,120,False,1,1
3,19,48,1.1712543841344298,True,100.0,0.995,120,True,1,1
3,48,19,1.1712543841344298,True,100.0,0.995,120,True,1,1
3,20,21,0.3222910792929921,True,100.0,0.995,120,False,1,1
3,21,20,0.3222910792929921,True,100.0,0.995,120,False,1,1
3,20,31,1.9700509943192328,True,100.0,0.995,120,True,1,1
3,31,20,1.9700509943192328,True,100.0,0.995,120,True,1,1
3,20,32,2.943351537126546,True,100.0,0.995,120,True,1,1
3,32,20,2.943351537126546,True,100.0,0.995,120,True,1,1
3,21,22,2.3137300285547533,True,100.0,0.995,120,False,1,1
3,22,21,2.3137300285547533,True,100.0,0.995,120,False,1,1
3,21,31,1.651780893823343,True,100.0,0.995,120,True,1,1
3,31,21,1.651780893823343,True,100.0,0.995,120,True,1,1
3,21,32,2.625007568956372,True,100.0,0.995,120,True,1,1
3,32,21,2.625007568956372,True,100.0,0.995,120,True,1,1
3,22,23,6.9360248268110185,True,100.0,0.995,120,False,1,1
3,23,22,6.9360248268110185,True,100.0,0.995,120,False,1,1
3,22,31,0.6631956524265319,True,100.0,0.995,120,True,1,1
3,31,22,0.6631956524265319,True,100.0,0.995,120,True,1,1
3,22,32,0.31150931471442644,True,100.0,0.995,120,True,1,1
3,32,22,0.31150931471442644,True,100.0,0.995,120,True,1,1
3,22,33,3.947442118524439,True,100.0,0.995,120,True,1,1
3,33,22,3.947442118524439,True,100.0,0.995,120,True,1,1
3,23,24,4.607674314569448,True,100.0,0.995,120,False,1,1
3,24,23,4.607674314569448,True,100.0,0.995,120,False,1,1
3,23,33,3.0054335995706642,True,100.0,0.995,120,True,1,1
3,33,23,3.0054335995706642,True,100.0,0.995,120,True,1,1
3,23,34,1.6200067018699922,True,100.0,0.995,120,True,1,1
3,34,23,1.6200067018699922,True,100.0,0.995,120,True,1,1
3,23,35,1.6727716544748248,True,100.0,0.995,120,True,1,1
3,35,23,1.6727716544748248,True,100.0,0.995,120,True,1,1
3,24,36,0.7013870022832408,True,100.0,0.995,120,True,1,1
3,36,24,0.7013870022832408,True,100.0,0.995,120,True,1,1
3,25,26,9.062906369722734,True,100.0,0.995,120,False,1,1
3,26,25,9.062906369722734,True,100.0,0.995,120,False,1,1
3,25,49,4.417415999683667,True,100.0,0.995,120,True,1,1
3,49,25,4.417415999683667,True,100.0,0.995,120,True,1,1
3,26,27,4.808321578496355,True,100.0,0.995,120,False,1,1
3,27,26,4.808321578496355,True,100.0,0.995,120,False,1,1
3,26,37,3.226898156020177,True,100.0,0.995,120,True,1,1
3,37,26,3.226898156020177,True,100.0,0.995,120,True,1,1
3,26,49,4.992504813964866,True,100.0,0.995,120,True,1,1
3,49,26,4.992504813964866,True,100.0,0.995,120,True,1,1
3,26,50,1.323088511833025,True,100.0,0.995,120,True,1,1
3,50,26,1.323088511833025,True,100.0,0.995,120,True,1,1
3,26,55,4.076782306010279,True,100.0,0.995,120,True,1,1
3,55,26,4.076782306010279,True,100.0,0.995,120,True,1,1
3,27,28,9.013784266998748,True,100.0,0.995,120,False,1,1
3,28,27,9.013784266998748,True,100.0,0.995,120,False,1,1
3,27,37,1.86630916787711,True,100.0,0.995,120,True,1,1
3,37,27,1.86630916787711,True,100.0,0.995,120,True,1,1
3,27,51,1.456080257999273,True,100.0,0.995,120,True,1,1
3,51,27,1.456080257999273,True,100.0,0.995,120,True,1,1
3,27,52,0.07675778565677224,True,100.0,0.995,120,True,1,1
3,52,27,0.07675778565677224,True,100.0,0.995,120,True,1,1
3,27,56,2.1993827006794864,True,100.0,0.995,120,True,1,1
3,56,27,2.1993827006794864,True,100.0,0.995,120,True,1,1
3,27,57,3.164030917157431,True,100.0,0.995,120,True,1,1
3,57,27,3.164030917157431,True,100.0,0.995,120,True,1,1
3,28,29,4.611518108017139,True,100.0,0.995,120,False,1,1
3,29,28,4.611518108017139,True,100.0,0.995,120,False,1,1
3,28,38,2.908977285707106,True,100.0,0.995,120,True,1,1
3,38,28,2.908977285707106,True,100.0,0.995,120,True,1,1
3,28,58,3.18154340031884,True,100.0,0.995,120,True,1,1
3,58,28,3.18154340031884,True,100.0,0.995,120,True,1,1
3,28,61,3.0298442532942667,True,100.0,0.995,120,True,1,1
3,61,28,3.0298442532942667,True,100.0,0.995,120,True,1,1
3,29,30,4.6197452614937875,True,100.0,0.995,120,False,1,1
3,30,29,4.6197452614937875,True,100.0,0.995,120,False,1,1
3,29,39,0.9425681052655317,True,100.0,0.995,120,True,1,1
3,39,29,0.9425681052655317,True,100.0,0.995,120,True,1,1
3,29,59,2.252885451157978,True,100.0,0.995,120,True,1,1
3,59,29,2.252885451157978,True,100.0,0.995,120,True,1,1
3,29,62,2.9736949958347547,True,100.0,0.995,120,True,1,1
3,62,29,2.9736949958347547,True,100.0,0.995,120,True,1,1
3,30,40,3.9617936603989805,True,100.0,0.995,120,True,1,1
3,40,30,3.9617936603989805,True,100.0,0.995,120,True,1,1
3,30,60,2.0306158626170085,True,100.0,0.995,120,True,1,1
3,60,30,2.0306158626170085,True,100.0,0.995,120,True,1,1
3,30,63,2.775218784417104,True,100.0,0.995,120,True,1,1
3,63,30,2.775218784417104,True,100.0,0.995,120,True,1,1
3,30,64,7.78332312781627,True,100.0,0.995,120,True,1,1
3,64,30,7.78332312781627,True,100.0,0.995,120,True,1,1
3,31,32,0.9738255095278447,True,100.0,0.995,120,False,1,1
3,32,31,0.9738255095278447,True,100.0,0.995,120,False,1,1
3,32,33,3.638652459527295,True,100.0,0.995,120,False,1,1
3,33,32,3.638652459527295,True,100.0,0.995,120,False,1,1
3,33,34,4.6031367793574125,True,100.0,0.995,120,False,1,1
3,34,33,4.6031367793574125,True,100.0,0.995,120,False,1,1
3,34,35,0.0695812724856257,True,100.0,0.995,120,False,1,1
3,35,34,0.0695812724856257,True,100.0,0.995,120,False,1,1
3,35,36,2.3175072904572858,True,100.0,0.995,120,False,1,1
3,36,35,2.3175072904572858,True,100.0,0.995,120,False,1,1
3,37,38,8.01371026149469,True,100.0,0.995,120,False,1,1
3,38,37,8.01371026149469,True,100.0,0.995,120,False,1,1
3,37,50,3.43517502166164,True,100.0,0.995,120,True,1,1
3,50,37,3.43517502166164,True,100.0,0.995,120,True,1,1
3,37,51,1.4862343923101733,True,100.0,0.995,120,True,1,1
3,51,37,1.4862343923101733,True,100.0,0.995,120,True,1,1
3,37,52,1.7974485516959262,True,100.0,0.995,120,True,1,1
3,52,37,1.7974485516959262,True,100.0,0.995,120,True,1,1
3,37,55,1.3200199915395803,True,100.0,0.995,120,True,1,1
3,55,37,1.3200199915395803,True,100.0,0.995,120,True,1,1
3,38,39,8.019949294663615,True,100.0,0.995,120,False,1,1
3,39,38,8.019949294663615,True,100.0,0.995,120,False,1,1
3,38,53,2.217852731146065,True,100.0,0.995,120,True,1,1
3,53,38,2.217852731146065,True,100.0,0.995,120,True,1,1
3,38,54,0.738539512915688,True,100.0,0.995,120,True,1,1
3,54,38,0.738539512915688,True,100.0,0.995,120,True,1,1
3,38,58,1.5753741692429535,True,100.0,0.995,120,True,1,1
3,58,38,1.5753741692429535,True,100.0,0.995,120,True,1,1
3,38,61,2.1601664705351578,True,100.0,0.995,120,True,1,1
3,61,38,2.1601664705351578,True,100.0,0.995,120,True,1,1
3,39,40,8.016575539599456,True,100.0,0.995,120,False,1,1
3,40,39,8.016575539599456,True,100.0,0.995,120,False,1,1
3,39,59,2.0601319766816895,True,100.0,0.995,120,True,1,1
3,59,39,2.0601319766816895,True,100.0,0.995,120,True,1,1
3,39,60,3.3646850759422597,True,100.0,0.995,120,True,1,1
3,60,39,3.3646850759422597,True,100.0,0.995,120,True,1,1
3,39,62,2.850304307465653,True,100.0,0.995,120,True,1,1
3,62,39,2.850304307465653,True,100.0,0.995,120,True,1,1
3,39,63,2.926873763551299,True,100.0,0.995,120,True,1,1
3,63,39,2.926873763551299,True,100.0,0.995,120,True,1,1
3,40,41,8.021409327237595,True,100.0,0.995,120,False,1,1
3,41,40,8.021409327237595,True,100.0,0.995,120,False,1,1
3,40,60,5.009742323597527,True,100.0,0.995,120,True,1,1
3,60,40,5.009742323597527,True,100.0,0.995,120,True,1,1
3,40,64,3.935956697386048,True,100.0,0.995,120,True,1,1
3,64,40,3.935956697386048,True,100.0,0.995,120,True,1,1
3,40,65,8.384381481261899,True,100.0,0.995,120,True,1,1
3,65,40,8.384381481261899,True,100.0,0.995,120,True,1,1
3,41,42,8.01685407809543,True,100.0,0.995,120,False,1,1
3,42,41,8.01685407809543,True,100.0,0.995,120,False,1,1
3,41,64,4.438294177095628,True,100.0,0.995,120,True,1,1
3,64,41,4.438294177095628,True,100.0,0.995,120,True,1,1
3,41,65,0.9809790346804029,True,100.0,0.995,120,True,1,1
3,65,41,0.9809790346804029,True,100.0,0.995,120,True,1,1
3,41,66,8.475389332652242,True,100.0,0.995,120,True,1,1
3,66,41,8.475389332652242,True,100.0,0.995,120,True,1,1
3,42,64,12.194845897683672,True,100.0,0.995,120,True,1,1
3,64,42,12.194845897683672,True,100.0,0.995,120,True,1,1
3,42,65,7.663447723746624,True,100.0,0.995,120,True,1,1
3,65,42,7.663447723746624,True,100.0,0.995,120,True,1,1
3,42,66,0.5240166482904166,True,100.0,0.995,120,True,1,1
3,66,42,0.5240166482904166,True,100.0,0.995,120,True,1,1
3,43,44,4.621551362312334,True,100.0,0.995,120,False,1,1
3,44,43,4.621551362312334,True,100.0,0.995,120,False,1,1
3,44,45,4.617288173504997,True,100.0,0.995,120,False,1,1
3,45,44,4.617288173504997,True,100.0,0.995,120,False,1,1
3,45,46,4.612434421300446,True,100.0,0.995,120,False,1,1
3,46,45,4.612434421300446,True,100.0,0.995,120,False,1,1
3,46,47,4.630218399138631,True,100.0,0.995,120,False,1,1
3,47,46,4.630218399138631,True,100.0,0.995,120,False,1,1
3,47,48,4.5999861443657375,True,100.0,0.995,120,False,1,1
3,48,47,4.5999861443657375,True,100.0,0.995,120,False,1,1
3,49,50,4.616254125069869,True,100.0,0.995,120,False,1,1
3,50,49,4.616254125069869,True,100.0,0.995,120,False,1,1
3,50,51,4.635478376187026,True,100.0,0.995,120,False,1,1
3,51,50,4.635478376187026,True,100.0,0.995,120,False,1,1
3,50,55,3.87641904037475,True,100.0,0.995,120,True,1,1
3,55,50,3.87641904037475,True,100.0,0.995,120,True,1,1
3,51,52,1.4368743030753364,True,100.0,0.995,120,False,1,1
3,52,51,1.4368743030753364,True,100.0,0.995,120,False,1,1
3,51,55,0.9940030885794607,True,100.0,0.995,120,True,1,1
3,55,51,0.9940030885794607,True,100.0,0.995,120,True,1,1
3,51,56,0.975419928787803,True,100.0,0.995,120,True,1,1
3,56,51,0.975419928787803,True,100.0,0.995,120,True,1,1
3,51,57,2.8271743719607927,True,100.0,0.995,120,True,1,1
3,57,51,2.8271743719607927,True,100.0,0.995,120,True,1,1
3,52,53,4.491144419687035,True,100.0,0.995,120,False,1,1
3,53,52,4.491144419687035,True,100.0,0.995,120,False,1,1
3,52,55,2.2627894964093485,True,100.0,0.995,120,True,1,1
3,55,52,2.2627894964093485,True,100.0,0.995,120,True,1,1
3,52,56,2.2063954238024723,True,100.0,0.995,120,True,1,1
3,56,52,2.2063954238024723,True,100.0,0.995,120,True,1,1
3,53,54,1.9829905750570562,True,100.0,0.995,120,False,1,1
3,54,53,1.9829905750570562,True,100.0,0.995,120,False,1,1
3,53,57,1.9796367594909552,True,100.0,0.995,120,True,1,1
3,57,53,1.9796367594909552,True,100.0,0.995,120,True,1,1
3,53,58,2.7110782332962886,True,100.0,0.995,120,True,1,1
3,58,53,2.7110782332962886,True,100.0,0.995,120,True,1,1
3,54,58,1.0175090429298563,True,100.0,0.995,120,True,1,1
3,58,54,1.0175090429298563,True,100.0,0.995,120,True,1,1
3,54,61,1.6626630884812874,True,100.0,0.995,120,True,1,1
3,61,54,1.6626630884812874,True,100.0,0.995,120,True,1,1
3,55,56,1.3996255403631417,True,100.0,0.995,120,False,1,1
3,56,55,1.3996255403631417,True,100.0,0.995,120,False,1,1
3,56,57,2.2042701868183445,True,100.0,0.995,120,False,1,1
3,57,56,2.2042701868183445,True,100.0,0.995,120,False,1,1
3,57,58,4.429070005497009,True,100.0,0.995,120,False,1,1
3,58,57,4.429070005497009,True,100.0,0.995,120,False,1,1
3,58,59,5.911352448652485,True,100.0,0.995,120,False,1,1
3,59,58,5.911352448652485,True,100.0,0.995,120,False,1,1
3,58,61,0.7283634470983729,True,100.0,0.995,120,True,1,1
3,61,58,0.7283634470983729,True,100.0,0.995,120,True,1,1
3,59,60,4.676724270254063,True,100.0,0.995,120,False,1,1
3,60,59,4.676724270254063,True,100.0,0.995,120,False,1,1
3,59,62,0.7932533981350428,True,100.0,0.995,120,True,1,1
3,62,59,0.7932533981350428,True,100.0,0.995,120,True,1,1
3,60,63,0.8293582261866803,True,100.0,0.995,120,True,1,1
3,63,60,0.8293582261866803,True,100.0,0.995,120,True,1,1
3,61,62,4.62140397759562,True,100.0,0.995,120,False,1,1
3,62,61,4.62140397759562,True,100.0,0.995,120,False,1,1
3,62,63,4.6145255301479695,True,100.0,0.995,120,False,1,1
3,63,62,4.6145255301479695,True,100.0,0.995,120,False,1,1
3,63,64,9.203689655043355,True,100.0,0.995,120,False,1,1
3,64,63,9.203689655043355,True,100.0,0.995,120,False,1,1
3,64,65,4.61322832092003,True,100.0,0.995,120,False,1,1
3,65,64,4.61322832092003,True,100.0,0.995,120,False,1,1
3,65,66,8.0932891671424,True,100.0,0.995,120,False,1,1
3,66,65,8.0932891671424,True,100.0,0.995,120,False,1,1
4,1,2,4.608417709080134,True,100.0,0.995,120,False,1,1
4,2,1,4.608417709080134,True,100.0,0.995,120,False,1,1
4,1,43,11.08487307535257,True,100.0,0.995,120,True,1,1
4,43,1,11.08487307535257,True,100.0,0.995,120,True,1,1
4,1,44,6.689629257401005,True,100.0,0.995,120,True,1,1
4,44,1,6.689629257401005,True,100.0,0.995,120,True,1,1
4,1,45,2.7449601352699124,True,100.0,0.995,120,True,1,1
4,45,1,2.7449601352699124,True,100.0,0.995,120,True,1,1
4,1,46,3.555380080850963,True,100.0,0.995,120,True,1,1
4,46,1,3.555380080850963,True,100.0,0.995,120,True,1,1
4,2,3,4.637924582542291,True,100.0,0.995,120,False,1,1
4,3,2,4.637924582542291,True,100.0,0.995,120,False,1,1
4,2,44,11.026548357321193,True,100.0,0.995,120,True,1,1
4,44,2,11.026548357321193,True,100.0,0.995,120,True,1,1
4,2,45,6.594932726784238,True,100.0,0.995,120,True,1,1
4,45,2,6.594932726784238,True,100.0,0.995,120,True,1,1
4,2,46,2.509301319668737,True,100.0,0.995,120,True,1,1
4,46,2,2.509301319668737,True,100.0,0.995,120,True,1,1
4,2,47,3.390041716211866,True,100.0,0.995,120,True,1,1
4,47,2,3.390041716211866,True,100.0,0.995,120,True,1,1
4,3,4,2.9615631906820656,True,100.0,0.995,120,False,1,1
4,4,3,2.9615631906820656,True,100.0,0.995,120,False,1,1
4,3,19,3.7576997352536345,True,100.0,0.995,120,True,1,1
4,19,3,3.7576997352536345,True,100.0,0.995,120,True,1,1
4,3,45,10.993886877766087,True,100.0,0.995,120,True,1,1
4,45,3,10.993886877766087,True,100.0,0.995,120,True,1,1
4,3,46,6.52842582122756,True,100.0,0.995,120,True,1,1
4,46,3,6.52842582122756,True,100.0,0.995,120,True,1,1
4,3,47,2.261592130685005,True,100.0,0.995,120,True,1,1
4,47,3,2.261592130685005,True,100.0,0.995,120,True,1,1
4,3,48,3.1787802401099756,True,100.0,0.995,120,True,1,1
4,48,3,3.1787802401099756,True,100.0,0.995,120,True,1,1
4,4,5,1.6456210108047158,True,100.0,0.995,120,False,1,1
4,5,4,1.6456210108047158,True,100.0,0.995,120,False,1,1
4,4,19,0.8750139611381267,True,100.0,0.995,120,True,1,1
4,19,4,0.8750139611381267,True,100.0,0.995,120,True,1,1
4,4,47,4.869773177850502,True,100.0,0.995,120,True,1,1
4,47,4,4.869773177850502,True,100.0,0.995,120,True,1,1
4,4,48,1.2341942283641274,True,100.0,0.995,120,True,1,1
4,48,4,1.2341942283641274,True,100.0,0.995,120,True,1,1
4,5,6,4.624440235443107,True,100.0,0.995,120,False,1,1
4,6,5,4.624440235443107,True,100.0,0.995,120,False,1,1
4,5,19,0.8911663141437335,True,100.0,0.995,120,True,1,1
4,19,5,0.8911663141437335,True,100.0,0.995,120,True,1,1
4,5,20,5.74521794399154,True,100.0,0.995,120,True,1,1
4,20,5,5.74521794399154,True,100.0,0.995,120,True,1,1
4,5,48,1.9719727886771334,True,100.0,0.995,120,True,1,1
4,48,5,1.9719727886771334,True,100.0,0.995,120,True,1,1
4,6,20,1.1292399361874943,True,100.0,0.995,120,True,1,1
4,20,6,1.1292399361874943,True,100.0,0.995,120,True,1,1
4,6,21,1.4492891071489762,True,100.0,0.995,120,True,1,1
4,21,6,1.4492891071489762,True,100.0,0.995,120,True,1,1
4,6,22,3.7550942912213903,True,100.0,0.995,120,True,1,1
4,22,6,3.7550942912213903,True,100.0,0.995,120,True,1,1
4,6,31,3.0945220792141943,True,100.0,0.995,120,True,1,1
4,31,6,3.0945220792141943,True,100.0,0.995,120,True,1,1
4,7,8,4.622011964536484,True,100.0,0.995,120,False,1,1
4,8,7,4.622011964536484,True,100.0,0.995,120,False,1,1
4,7,42,13.904034252632808,True,100.0,0.995,120,True,1,1
4,42,7,13.904034252632808,True,100.0,0.995,120,True,1,1
4,7,66,13.414550565585095,True,100.0,0.995,120,True,1,1
4,66,7,13.414550565585095,True,100.0,0.995,120,True,1,1
4,8,9,3.373235427508455,True,100.0,0.995,120,False,1,1
4,9,8,3.373235427508455,True,100.0,0.995,120,False,1,1
4,9,10,5.851884087311334,True,100.0,0.995,120,False,1,1
4,10,9,5.851884087311334,True,100.0,0.995,120,False,1,1
4,10,11,4.5899790861300565,True,100.0,0.995,120,False,1,1
4,11,10,4.5899790861300565,True,100.0,0.995,120,False,1,1
4,10,43,12.269118081042336,True,100.0,0.995,120,True,1,1
4,43,10,12.269118081042336,True,100.0,0.995,120,True,1,1
4,11,12,4.64521837372456,True,100.0,0.995,120,False,1,1
4,12,11,4.64521837372456,True,100.0,0.995,120,False,1,1
4,11,43,7.96735430654365,True,100.0,0.995,120,True,1,1
4,43,11,7.96735430654365,True,100.0,0.995,120,True,1,1
4,11,44,12.329800755150545,True,100.0,0.995,120,True,1,1
4,44,11,12.329800755150545,True,100.0,0.995,120,True,1,1
4,12,43,3.804314362186689,True,100.0,0.995,120,True,1,1
4,43,12,3.804314362186689,True,100.0,0.995,120,True,1,1
4,12,44,7.903326169010435,True,100.0,0.995,120,True,1,1
4,44,12,7.903326169010435,True,100.0,0.995,120,True,1,1
4,12,45,12.268667604770979,True,100.0,0.995,120,True,1,1
4,45,12,12.268667604770979,True,100.0,0.995,120,True,1,1
4,13,14,0.08415184610127184,True,100.0,0.995,120,False,1,1
4,14,13,0.08415184610127184,True,100.0,0.995,120,False,1,1
4,13,23,2.359299104442039,True,100.0,0.995,120,True,1,1
4,23,13,2.359299104442039,True,100.0,0.995,120,True,1,1
4,13,24,2.2561116337126226,True,100.0,0.995,120,True,1,1
4,24,13,2.2561116337126226,True,100.0,0.995,120,True,1,1
4,13,33,5.353067542760821,True,100.0,0.995,120,True,1,1
4,33,13,5.353067542760821,True,100.0,0.995,120,True,1,1
4,13,34,0.8114355832621293,True,100.0,0.995,120,True,1,1
4,34,13,0.8114355832621293,True,100.0,0.995,120,True,1,1
4,13,35,0.7717084672786296,True,100.0,0.995,120,True,1,1
4,35,13,0.7717084672786296,True,100.0,0.995,120,True,1,1
4,13,36,1.6558398087053874,True,100.0,0.995,120,True,1,1
4,36,13,1.6558398087053874,True,100.0,0.995,120,True,1,1
4,14,15,4.560759647712319,True,100.0,0.995,120,False,1,1
4,15,14,4.560759647712319,True,100.0,0.995,120,False,1,1
4,14,24,2.2202460786232097,True,100.0,0.995,120,True,1,1
4,24,14,2.2202460786232097,True,100.0,0.995,120,True,1,1
4,14,34,0.8219251231596342,True,100.0,0.995,120,True,1,1
4,34,14,0.8219251231596342,True,100.0,0.995,120,True,1,1
4,14,35,0.7766363821664132,True,100.0,0.995,120,True,1,1
4,35,14,0.7766363821664132,True,100.0,0.995,120,True,1,1
4,14,36,1.609034324770677,True,100.0,0.995,120,True,1,1
4,36,14,1.609034324770677,True,100.0,0.995,120,True,1,1
4,15,16,1.4221406924081532,True,100.0,0.995,120,False,1,1
4,16,15,1.4221406924081532,True,100.0,0.995,120,False,1,1
4,15,24,2.3489131467817357,True,100.0,0.995,120,True,1,1
4,24,15,2.3489131467817357,True,100.0,0.995,120,True,1,1
4,15,25,4.06966970516318,True,100.0,0.995,120,True,1,1
4,25,15,4.06966970516318,True,100.0,0.995,120,True,1,1
4,15,36,3.0075399144406445,True,100.0,0.995,120,True,1,1
4,36,15,3.0075399144406445,True,100.0,0.995,120,True,1,1
4,16,17,0.8929202929631006,True,100.0,0.995,120,False,1,1
4,17,16,0.8929202929631006,True,100.0,0.995,120,False,1,1
4,16,24,3.763980099731275,True,100.0,0.995,120,True,1,1
4,24,16,3.763980099731275,True,100.0,0.995,120,True,1,1
4,16,25,2.657831453213102,True,100.0,0.995,120,True,1,1
4,25,16,2.657831453213102,True,100.0,0.995,120,True,1,1
4,16,36,4.410131834463474,True,100.0,0.995,120,True,1,1
4,36,16,4.410131834463474,True,100.0,0.995,120,True,1,1
4,17,18,4.596955113482859,True,100.0,0.995,120,False,1,1
4,18,17,4.596955113482859,True,100.0,0.995,120,False,1,1
4,17,24,4.653687351675045,True,100.0,0.995,120,True,1,1
4,24,17,4.653687351675045,True,100.0,0.995,120,True,1,1
4,17,25,1.8082624049045497,True,100.0,0.995,120,True,1,1
4,25,17,1.8082624049045497,True,100.0,0.995,120,True,1,1
4,17,36,5.301195804109384,True,100.0,0.995,120,True,1,1
4,36,17,5.301195804109384,True,100.0,0.995,120,True,1,1
4,18,25,2.8808600451370223,True,100.0,0.995,120,True,1,1
4,25,18,2.8808600451370223,True,100.0,0.995,120,True,1,1
4,18,26,6.2984837762081485,True,100.0,0.995,120,True,1,1
4,26,18,6.2984837762081485,True,100.0,0.995,120,True,1,1
4,18,49,2.1914923925313277,True,100.0,0.995,120,True,1,1
4,49,18,2.1914923925313277,True,100.0,0.995,120,True,1,1
4,19,20,6.596668307838289,True,100.0,0.995,120,False,1,1
4,20,19,6.596668307838289,True,100.0,0.995,120,False,1,1
4,19,48,1.157771010326304,True,100.0,0.995,120,True,1,1
4,48,19,1.157771010326304,True,100.0,0.995,120,True,1,1
4,20,21,0.3217345293869841,True,100.0,0.995,120,False,1,1
4,21,20,0.3217345293869841,True,100.0,0.995,120,False,1,1
4,20,31,1.9699596092480096,True,100.0,0.995,120,True,1,1
4,31,20,1.9699596092480096,True,100.0,0.995,120,True,1,1
4,20,32,2.9424613133594555,True,100.0,0.995,120,True,1,1
4,32,20,2.9424613133594555,True,100.0,0.995,120,True,1,1
4,21,22,2.3137368251420147,True,100.0,0.995,120,False,1,1
4,22,21,2.3137368251420147,True,100.0,0.995,120,False,1,1
4,21,31,1.6522312154795724,True,100.0,0.995,120,True,1,1
4,31,21,1.6522312154795724,True,100.0,0.995,120,True,1,1
4,21,32,2.624676099275546,True,100.0,0.995,120,True,1,1
4,32,21,2.624676099275546,True,100.0,0.995,120,True,1,1
4,22,23,6.936065842409714,True,100.0,0.995,120,False,1,1
4,23,22,6.936065842409714,True,100.0,0.995,120,False,1,1
4,22,31,0.6623434252878728,True,100.0,0.995,120,True,1,1
4,31,22,0.6623434252878728,True,100.0,0.995,120,True,1,1
4,22,32,0.31107873258207724,True,100.0,0.995,120,True,1,1
4,32,22,0.31107873258207724,True,100.0,0.995,120,True,1,1
4,22,33,3.948234172487058,True,100.0,0.995,120,True,1,1
4,33,22,3.948234172487058,True,100.0,0.995,120,True,1,1
4,23,24,4.607690157208782,True,100.0,0.995,120,False,1,1
4,24,23,4.607690157208782,True,100.0,0.995,120,False,1,1
4,23,33,3.005107528773275,True,100.0,0.995,120,True,1,1
4,33,23,3.005107528773275,True,100.0,0.995,120,True,1,1
4,23,34,1.6208318014556973,True,100.0,0.995,120,True,1,1
4,34,23,1.6208318014556973,True,100.0,0.995,120,True,1,1
4,23,35,1.6744167775638419,True,100.0,0.995,120,True,1,1
4,35,23,1.6744167775638419,True,100.0,0.995,120,True,1,1
4,24,36,0.7041345677422973,True,100.0,0.995,120,True,1,1
4,36,24,0.7041345677422973,True,100.0,0.995,120,True,1,1
4,25,26,9.061659774873991,True,100.0,0.995,120,False,1,1
4,26,25,9.061659774873991,True,100.0,0.995,120,False,1,1
4,25,49,4.4187509248017145,True,100.0,0.995,120,True,1,1
4,49,25,4.4187509248017145,True,100.0,0.995,120,True,1,1
4,26,27,4.808132564329482,True,100.0,0.995,120,False,1,1
4,27,26,4.808132564329482,True,100.0,0.995,120,False,1,1
4,26,37,3.2234301668919296,True,100.0,0.995,120,True,1,1
4,37,26,3.2234301668919296,True,100.0,0.995,120,True,1,1
4,26,49,4.994617391721352,True,100.0,0.995,120,True,1,1
4,49,26,4.994617391721352,True,100.0,0.995,120,True,1,1
4,26,50,1.3297790199538546,True,100.0,0.995,120,True,1,1
4,50,26,1.3297790199538546,True,100.0,0.995,120,True,1,1
4,26,55,4.078626474824194,True,100.0,0.995,120,True,1,1
4,55,26,4.078626474824194,True,100.0,0.995,120,True,1,1
4,27,28,9.014165222793643,True,100.0,0.995,120,False,1,1
4,28,27,9.014165222793643,True,100.0,0.995,120,False,1,1
4,27,37,1.8707610343791918,True,100.0,0.995,120,True,1,1
4,37,27,1.8707610343791918,True,100.0,0.995,120,True,1,1
4,27,51,1.4594856268106104,True,100.0,0.995,120,True,1,1
4,51,27,1.4594856268106104,True,100.0,0.995,120,True,1,1
4,27,52,0.07663013287337771,True,100.0,0.995,120,True,1,1
4,52,27,0.07663013287337771,True,100.0,0.995,120,True,1,1
4,27,56,2.204769928228368,True,100.0,0.995,120,True,1,1
4,56,27,2.204769928228368,True,100.0,0.995,120,True,1,1
4,27,57,3.168170574955968,True,100.0,0.995,120,True,1,1
4,57,27,3.168170574955968,True,100.0,0.995,120,True,1,1
4,28,29,4.611529267599237,True,100.0,0.995,120,False,1,1
4,29,28,4.611529267599237,True,100.0,0.995,120,False,1,1
4,28,38,2.9128832881039792,True,100.0,0.995,120,True,1,1
4,38,28,2.9128832881039792,True,100.0,0.995,120,True,1,1
4,28,58,3.181836196479369,True,100.0,0.995,120,True,1,1
4,58,28,3.181836196479369,True,100.0,0.995,120,True,1,1
4,28,61,3.0270042210055075,True,100.0,0.995,120,True,1,1
4,61,28,3.0270042210055075,True,100.0,0.995,120,True,1,1
4,29,30,4.619803642096299,True,100.0,0.995,120,False,1,1
4,30,29,4.619803642096299,True,100.0,0.995,120,False,1,1
4,29,39,0.9374850660147666,True,100.0,0.995,120,True,1,1
4,39,29,0.9374850660147666,True,100.0,0.995,120,True,1,1
4,29,59,2.245662546104704,True,100.0,0.995,120,True,1,1
4,59,29,2.245662546104704,True,100.0,0.995,120,True,1,1
4,29,62,2.9660750362794426,True,100.0,0.995,120,True,1,1
4,62,29,2.9660750362794426,True,100.0,0.995,120,True,1,1
4,30,40,3.9568461904923913,True,100.0,0.995,120,True,1,1
4,40,30,3.9568461904923913,True,100.0,0.995,120,True,1,1
4,30,60,2.0198524846851753,True,100.0,0.995,120,True,1,1
4,60,30,2.0198524846851753,True,100.0,0.995,120,True,1,1
4,30,63,2.763850681284222,True,100.0,0.995,120,True,1,1
4,63,30,2.763850681284222,True,100.0,0.995,120,True,1,1
4,30,64,7.778396199764164,True,100.0,0.995,120,True,1,1
4,64,30,7.778396199764164,True,100.0,0.995,120,True,1,1
4,31,32,0.9730074727231045,True,100.0,0.995,120,False,1,1
4,32,31,0.9730074727231045,True,100.0,0.995,120,False,1,1
4,32,33,3.6395048963070193,True,100.0,0.995,120,False,1,1
4,33,32,3.6395048963070193,True,100.0,0.995,120,False,1,1
4,33,34,4.6024370645473756,True,100.0,0.995,120,False,1,1
4,34,33,4.6024370645473756,True,100.0,0.995,120,False,1,1
4,34,35,0.07026030441296667,True,100.0,0.995,120,False,1,1
4,35,34,0.07026030441296667,True,100.0,0.995,120,False,1,1
4,35,36,2.3168451019934095,True,100.0,0.995,120,False,1,1
4,36,35,2.3168451019934095,True,100.0,0.995,120,False,1,1
4,37,38,8.013811289375504,True,100.0,0.995,120,False,1,1
4,38,37,8.013811289375504,True,100.0,0.995,120,False,1,1
4,37,50,3.4316046413524717,True,100.0,0.995,120,True,1,1
4,50,37,3.4316046413524717,True,100.0,0.995,120,True,1,1
4,37,51,1.4909586650705107,True,100.0,0.995,120,True,1,1
4,51,37,1.4909586650705107,True,100.0,0.995,120,True,1,1
4,37,52,1.8020172929479332,True,100.0,0.995,120,True,1,1
4,52,37,1.8020172929479332,True,100.0,0.995,120,True,1,1
4,37,55,1.3247176325532113,True,100.0,0.995,120,True,1,1
4,55,37,1.3247176325532113,True,100.0,0.995,120,True,1,1
4,38,39,8.020005857981172,True,100.0,0.995,120,False,1,1
4,39,38,8.020005857981172,True,100.0,0.995,120,False,1,1
4,38,53,2.2138732147045017,True,100.0,0.995,120,True,1,1
4,53,38,2.2138732147045017,True,100.0,0.995,120,True,1,1
4,38,54,0.7376547060579454,True,100.0,0.995,120,True,1,1
4,54,38,0.7376547060579454,True,100.0,0.995,120,True,1,1
4,38,58,1.5751101239729315,True,100.0,0.995,120,True,1,1
4,58,38,1.5751101239729315,True,100.0,0.995,120,True,1,1
4,38,61,2.1614939909331956,True,100.0,0.995,120,True,1,1
4,61,38,2.1614939909331956,True,100.0,0.995,120,True,1,1
4,39,40,8.01660471676406,True,100.0,0.995,120,False,1,1
4,40,39,8.01660471676406,True,100.0,0.995,120,False,1,1
4,39,59,2.053640579384592,True,100.0,0.995,120,True,1,1
4,59,39,2.053640579384592,True,100.0,0.995,120,True,1,1
4,39,60,3.3662359289924573,True,100.0,0.995,120,True,1,1
4,60,39,3.3662359289924573,True,100.0,0.995,120,True,1,1
4,39,62,2.8430380844840166,True,100.0,0.995,120,True,1,1
4,62,39,2.8430380844840166,True,100.0,0.995,120,True,1,1
4,39,63,2.9256272263909233,True,100.0,0.995,120,True,1,1
4,63,39,2.9256272263909233,True,100.0,0.995,120,True,1,1
4,40,41,8.021401526305386,True,100.0,0.995,120,False,1,1
4,41,40,8.021401526305386,True,100.0,0.995,120,False,1,1
4,40,60,5.003651568280772,True,100.0,0.995,120,True,1,1
4,60,40,5.003651568280772,True,100.0,0.995,120,True,1,1
4,40,64,3.934846596656213,True,100.0,0.995,120,True,1,1
4,64,40,3.934846596656213,True,100.0,0.995,120,True,1,1
4,40,65,8.386248503976482,True,100.0,0.995,120,True,1,1
4,65,40,8.386248503976482,True,100.0,0.995,120,True,1,1
4,41,42,8.016897337121264,True,100.0,0.995,120,False,1,1
4,42,41,8.016897337121264,True,100.0,0.995,120,False,1,1
4,41,64,4.430111602785965,True,100.0,0.995,120,True,1,1
4,64,41,4.430111602785965,True,100.0,0.995,120,True,1,1
4,41,65,0.9660727438711326,True,100.0,0.995,120,True,1,1
4,65,41,0.9660727438711326,True,100.0,0.995,120,True,1,1
4,41,66,8.475722809543761,True,100.0,0.995,120,True,1,1
4,66,41,8.475722809543761,True,100.0,0.995,120,True,1,1
4,42,64,12.189616487981947,True,100.0,0.995,120,True,1,1
4,64,42,12.189616487981947,True,100.0,0.995,120,True,1,1
4,42,65,7.6578314443876305,True,100.0,0.995,120,True,1,1
4,65,42,7.6578314443876305,True,100.0,0.995,120,True,1,1
4,42,66,0.5181762779343039,True,100.0,0.995,120,True,1,1
4,66,42,0.5181762779343039,True,100.0,0.995,120,True,1,1
4,43,44,4.6214721513250625,True,100.0,0.995,120,False,1,1
4,44,43,4.6214721513250625,True,100.0,0.995,120,False,1,1
4,44,45,4.617243367626703,True,100.0,0.995,120,False,1,1
4,45,44,4.617243367626703,True,100.0,0.995,120,False,1,1
4,45,46,4.61234814998124,True,100.0,0.995,120,False,1,1
4,46,45,4.61234814998124,True,100.0,0.995,120,False,1,1
4,46,47,4.630168157809894,True,100.0,0.995,120,False,1,1
4,47,46,4.630168157809894,True,100.0,0.995,120,False,1,1
4,47,48,4.5999214110735,True,100.0,0.995,120,False,1,1
4,48,47,4.5999214110735,True,100.0,0.995,120,False,1,1
4,49,50,4.616304792323498,True,100.0,0.995,120,False,1,1
4,50,49,4.616304792323498,True,100.0,0.995,120,False,1,1
4,50,51,4.63558809209045,True,100.0,0.995,120,False,1,1
4,51,50,4.63558809209045,True,100.0,0.995,120,False,1,1
4,50,55,3.8747080754641354,True,100.0,0.995,120,True,1,1
4,55,50,3.8747080754641354,True,100.0,0.995,120,True,1,1
4,51,52,1.440398605516217,True,100.0,0.995,120,False,1,1
4,52,51,1.440398605516217,True,100.0,0.995,120,False,1,1
4,51,55,0.9968064271066145,True,100.0,0.995,120,True,1,1
4,55,51,0.9968064271066145,True,100.0,0.995,120,True,1,1
4,51,56,0.9754286819209813,True,100.0,0.995,120,True,1,1
4,56,51,0.9754286819209813,True,100.0,0.995,120,True,1,1
4,51,57,2.8291060524172114,True,100.0,0.995,120,True,1,1
4,57,51,2.8291060524172114,True,100.0,0.995,120,True,1,1
4,52,53,4.4919662698992795,True,100.0,0.995,120,False,1,1
4,53,52,4.4919662698992795,True,100.0,0.995,120,False,1,1
4,52,55,2.2687260767973836,True,100.0,0.995,120,True,1,1
4,55,52,2.2687260767973836,True,100.0,0.995,120,True,1,1
4,52,56,2.2116955565237024,True,100.0,0.995,120,True,1,1
4,56,52,2.2116955565237024,True,100.0,0.995,120,True,1,1
4,53,54,1.9831918650493885,True,100.0,0.995,120,False,1,1
4,54,53,1.9831918650493885,True,100.0,0.995,120,False,1,1
4,53,57,1.9783701735824066,True,100.0,0.995,120,True,1,1
4,57,53,1.9783701735824066,True,100.0,0.995,120,True,1,1
4,53,58,2.7082844036106377,True,100.0,0.995,120,True,1,1
4,58,53,2.7082844036106377,True,100.0,0.995,120,True,1,1
4,54,58,1.0154537109785267,True,100.0,0.995,120,True,1,1
4,58,54,1.0154537109785267,True,100.0,0.995,120,True,1,1
4,54,61,1.6622169424981783,True,100.0,0.995,120,True,1,1
4,61,54,1.6622169424981783,True,100.0,0.995,120,True,1,1
4,55,56,1.3987850066902012,True,100.0,0.995,120,False,1,1
4,56,55,1.3987850066902012,True,100.0,0.995,120,False,1,1
4,56,57,2.208995642369037,True,100.0,0.995,120,False,1,1
4,57,56,2.208995642369037,True,100.0,0.995,120,False,1,1
4,57,58,4.42451259016832,True,100.0,0.995,120,False,1,1
4,58,57,4.42451259016832,True,100.0,0.995,120,False,1,1
4,58,59,5.914360248219098,True,100.0,0.995,120,False,1,1
4,59,58,5.914360248219098,True,100.0,0.995,120,False,1,1
4,58,61,0.7308269406811153,True,100.0,0.995,120,True,1,1
4,61,58,0.7308269406811153,True,100.0,0.995,120,True,1,1
4,59,60,4.676758271343733,True,100.0,0.995,120,False,1,1
4,60,59,4.676758271343733,True,100.0,0.995,120,False,1,1
4,59,62,0.7925107049560587,True,100.0,0.995,120,True,1,1
4,62,59,0.7925107049560587,True,100.0,0.995,120,True,1,1
4,60,63,0.8282258090933043,True,100.0,0.995,120,True,1,1
4,63,60,0.8282258090933043,True,100.0,0.995,120,True,1,1
4,61,62,4.621432104835946,True,100.0,0.995,120,False,1,1
4,62,61,4.621432104835946,True,100.0,0.995,120,False,1,1
4,62,63,4.6145703936704745,True,100.0,0.995,120,False,1,1
4,63,62,4.6145703936704745,True,100.0,0.995,120,False,1,1
4,63,64,9.203677903896926,True,100.0,0.995,120,False,1,1
4,64,63,9.203677903896926,True,100.0,0.995,120,False,1,1
4,64,65,4.613241331229691,True,100.0,0.995,120,False,1,1
4,65,64,4.613241331229691,True,100.0,0.995,120,False,1,1
4,65,66,8.09034084558316,True,100.0,0.995,120,False,1,1
4,66,65,8.09034084558316,True,100.0,0.995,120,False,1,1
5,1,2,4.608335697134803,True,100.0,0.995,120,False,1,1
5,2,1,4.608335697134803,True,100.0,0.995,120,False,1,1
5,1,43,11.082616329104741,True,100.0,0.995,120,True,1,1
5,43,1,11.082616329104741,True,100.0,0.995,120,True,1,1
5,1,44,6.685351587995793,True,100.0,0.995,120,True,1,1
5,44,1,6.685351587995793,True,100.0,0.995,120,True,1,1
5,1,45,2.7333544765392386,True,100.0,0.995,120,True,1,1
5,45,1,2.7333544765392386,True,100.0,0.995,120,True,1,1
5,1,46,3.545728016951901,True,100.0,0.995,120,True,1,1
5,46,1,3.545728016951901,True,100.0,0.995,120,True,1,1
5,2,3,4.6378641737144175,True,100.0,0.995,120,False,1,1
5,3,2,4.6378641737144175,True,100.0,0.995,120,False,1,1
5,2,44,11.023458443759028,True,100.0,0.995,120,True,1,1
5,44,2,11.023458443759028,True,100.0,0.995,120,True,1,1
5,2,45,6.589557518072906,True,100.0,0.995,120,True,1,1
5,45,2,6.589557518072906,True,100.0,0.995,120,True,1,1
5,2,46,2.4950145977689777,True,100.0,0.995,120,True,1,1
5,46,2,2.4950145977689777,True,100.0,0.995,120,True,1,1
5,2,47,3.379631353929142,True,100.0,0.995,120,True,1,1
5,47,2,3.379631353929142,True,100.0,0.995,120,True,1,1
5,3,4,2.960710522315689,True,100.0,0.995,120,False,1,1
5,4,3,2.960710522315689,True,100.0,0.995,120,False,1,1
5,3,19,3.7563658422878428,True,100.0,0.995,120,True,1,1
5,19,3,3.7563658422878428,True,100.0,0.995,120,True,1,1
5,3,45,10.99030029619561,True,100.0,0.995,120,True,1,1
5,45,3,10.99030029619561,True,100.0,0.995,120,True,1,1
5,3,46,6.522653205045507,True,100.0,0.995,120,True,1,1
5,46,3,6.522653205045507,True,100.0,0.995,120,True,1,1
5,3,47,2.2460010129813646,True,100.0,0.995,120,True,1,1
5,47,3,2.2460010129813646,True,100.0,0.995,120,True,1,1
5,3,48,3.168826043950312,True,100.0,0.995,120,True,1,1
5,48,3,3.168826043950312,True,100.0,0.995,120,True,1,1
5,4,5,1.6461519068427566,True,100.0,0.995,120,False,1,1
5,5,4,1.6461519068427566,True,100.0,0.995,120,False,1,1
5,4,19,0.8707617008978069,True,100.0,0.995,120,True,1,1
5,19,4,0.8707617008978069,True,100.0,0.995,120,True,1,1
5,4,47,4.8608401569359705,True,100.0,0.995,120,True,1,1
5,47,4,4.8608401569359705,True,100.0,0.995,120,True,1,1
5,4,48,1.205895400409361,True,100.0,0.995,120,True,1,1
5,48,4,1.205895400409361,True,100.0,0.995,120,True,1,1
5,5,6,4.624402391536035,True,100.0,0.995,120,False,1,1
5,6,5,4.624402391536035,True,100.0,0.995,120,False,1,1
5,5,19,0.8898835623750709,True,100.0,0.995,120,True,1,1
5,19,5,0.8898835623750709,True,100.0,0.995,120,True,1,1
5,5,20,5.744856896359715,True,100.0,0.995,120,True,1,1
5,20,5,5.744856896359715,True,100.0,0.995,120,True,1,1
5,5,48,1.958551139958167,True,100.0,0.995,120,True,1,1
5,48,5,1.958551139958167,True,100.0,0.995,120,True,1,1
5,6,20,1.1285041601081216,True,100.0,0.995,120,True,1,1
5,20,6,1.1285041601081216,True,100.0,0.995,120,True,1,1
5,6,21,1.448153548076751,True,100.0,0.995,120,True,1,1
5,21,6,1.448153548076751,True,100.0,0.995,120,True,1,1
5,6,22,3.7543100812588004,True,100.0,0.995,120,True,1,1
5,22,6,3.7543100812588004,True,100.0,0.995,120,True,1,1
5,6,31,3.0939161274342255,True,100.0,0.995,120,True,1,1
5,31,6,3.0939161274342255,True,100.0,0.995,120,True,1,1
5,7,8,4.6220056955354805,True,100.0,0.995,120,False,1,1
5,8,7,4.6220056955354805,True,100.0,0.995,120,False,1,1
5,7,42,13.908809690971017,True,100.0,0.995,120,True,1,1
5,42,7,13.908809690971017,True,100.0,0.995,120,True,1,1
5,7,66,13.419658863259665,True,100.0,0.995,120,True,1,1
5,66,7,13.419658863259665,True,100.0,0.995,120,True,1,1
5,8,9,3.372846370161191,True,100.0,0.995,120,False,1,1
5,9,8,3.372846370161191,True,100.0,0.995,120,False,1,1
5,9,10,5.852262565509527,True,100.0,0.995,120,False,1,1
5,10,9,5.852262565509527,True,100.0,0.995,120,False,1,1
5,10,11,4.589957578569934,True,100.0,0.995,120,False,1,1
5,11,10,4.589957578569934,True,100.0,0.995,120,False,1,1
5,10,43,12.269924344483776,True,100.0,0.995,120,True,1,1
5,43,10,12.269924344483776,True,100.0,0.995,120,True,1,1
5,11,12,4.645213964238127,True,100.0,0.995,120,False,1,1
5,12,11,4.645213964238127,True,100.0,0.995,120,False,1,1
5,11,43,7.96789927941237,True,100.0,0.995,120,True,1,1
5,43,11,7.96789927941237,True,100.0,0.995,120,True,1,1
5,11,44,12.329489990471052,True,100.0,0.995,120,True,1,1
5,44,11,12.329489990471052,True,100.0,0.995,120,True,1,1
5,12,43,3.8036839385505816,True,100.0,0.995,120,True,1,1
5,43,12,3.8036839385505816,True,100.0,0.995,120,True,1,1
5,12,44,7.90213588467167,True,100.0,0.995,120,True,1,1
5,44,12,7.90213588467167,True,100.0,0.995,120,True,1,1
5,12,45,12.267345762625254,True,100.0,0.995,120,True,1,1
5,45,12,12.267345762625254,True,100.0,0.995,120,True,1,1
5,13,14,0.08572657474624033,True,100.0,0.995,120,False,1,1
5,14,13,0.08572657474624033,True,100.0,0.995,120,False,1,1
5,13,23,2.3593528551005143,True,100.0,0.995,120,True,1,1
5,23,13,2.3593528551005143,True,100.0,0.995,120,True,1,1
5,13,24,2.2561701122913878,True,100.0,0.995,120,True,1,1
5,24,13,2.2561701122913878,True,100.0,0.995,120,True,1,1
5,13,33,5.352795371049083,True,100.0,0.995,120,True,1,1
5,33,13,5.352795371049083,True,100.0,0.995,120,True,1,1
5,13,34,0.814636954437889,True,100.0,0.995,120,True,1,1
5,34,13,0.814636954437889,True,100.0,0.995,120,True,1,1
5,13,35,0.774892144845268,True,100.0,0.995,120,True,1,1
5,35,13,0.774892144845268,True,100.0,0.995,120,True,1,1
5,13,36,1.6575430507338138,True,100.0,0.995,120,True,1,1
5,36,13,1.6575430507338138,True,100.0,0.995,120,True,1,1
5,14,15,4.560157041740344,True,100.0,0.995,120,False,1,1
5,15,14,4.560157041740344,True,100.0,0.995,120,False,1,1
5,14,24,2.219591324011903,True,100.0,0.995,120,True,1,1
5,24,14,2.219591324011903,True,100.0,0.995,120,True,1,1
5,14,34,0.8245776247413806,True,100.0,0.995,120,True,1,1
5,34,14,0.8245776247413806,True,100.0,0.995,120,True,1,1
5,14,35,0.7790947393017359,True,100.0,0.995,120,True,1,1
5,35,14,0.7790947393017359,True,100.0,0.995,120,True,1,1
5,14,36,1.6094933754080027,True,100.0,0.995,120,True,1,1
5,36,14,1.6094933754080027,True,100.0,0.995,120,True,1,1
5,15,16,1.4227733688939643,True,100.0,0.995,120,False,1,1
5,16,15,1.4227733688939643,True,100.0,0.995,120,False,1,1
5,15,24,2.348975559719407,True,100.0,0.995,120,True,1,1
5,24,15,2.348975559719407,True,100.0,0.995,120,True,1,1
5,15,25,4.072481539005295,True,100.0,0.995,120,True,1,1
5,25,15,4.072481539005295,True,100.0,0.995,120,True,1,1
5,15,36,3.008527676966513,True,100.0,0.995,120,True,1,1
5,36,15,3.008527676966513,True,100.0,0.995,120,True,1,1
5,16,17,0.8924256620047402,True,100.0,0.995,120,False,1,1
5,17,16,0.8924256620047402,True,100.0,0.995,120,False,1,1
5,16,24,3.7646077075597644,True,100.0,0.995,120,True,1,1
5,24,16,3.7646077075597644,True,100.0,0.995,120,True,1,1
5,16,25,2.6601491538991424,True,100.0,0.995,120,True,1,1
5,25,16,2.6601491538991424,True,100.0,0.995,120,True,1,1
5,16,36,4.411257810291026,True,100.0,0.995,120,True,1,1
5,36,16,4.411257810291026,True,100.0,0.995,120,True,1,1
5,17,18,4.597036900550216,True,100.0,0.995,120,False,1,1
5,18,17,4.597036900550216,True,100.0,0.995,120,False,1,1
5,17,24,4.653765260826202,True,100.0,0.995,120,True,1,1
5,24,17,4.653765260826202,True,100.0,0.995,120,True,1,1
5,17,25,1.8119088436163855,True,100.0,0.995,120,True,1,1
5,25,17,1.8119088436163855,True,100.0,0.995,120,True,1,1
5,17,36,5.301831305148979,True,100.0,0.995,120,True,1,1
5,36,17,5.301831305148979,True,100.0,0.995,120,True,1,1
5,18,25,2.879643014810927,True,100.0,0.995,120,True,1,1
5,25,18,2.879643014810927,True,100.0,0.995,120,True,1,1
5,18,26,6.299538305472647,True,100.0,0.995,120,True,1,1
5,26,18,6.299538305472647,True,100.0,0.995,120,True,1,1
5,18,49,2.2025978416521115,True,100.0,0.995,120,True,1,1
5,49,18,2.2025978416521115,True,100.0,0.995,120,True,1,1
5,19,20,6.597168920045396,True,100.0,0.995,120,False,1,1
5,20,19,6.597168920045396,True,100.0,0.995,120,False,1,1
5,19,48,1.144360422645696,True,100.0,0.995,120,True,1,1
5,48,19,1.144360422645696,True,100.0,0.995,120,True,1,1
5,20,21,0.32117763394025156,True,100.0,0.995,120,False,1,1
5,21,20,0.32117763394025156,True,100.0,0.995,120,False,1,1
5,20,31,1.9698939216813216,True,100.0,0.995,120,True,1,1
5,31,20,1.9698939216813216,True,100.0,0.995,120,True,1,1
5,20,32,2.941604646519269,True,100.0,0.995,120,True,1,1
5,32,20,2.941604646519269,True,100.0,0.995,120,True,1,1
5,21,22,2.313744507541165,True,100.0,0.995,120,False,1,1
5,22,21,2.313744507541165,True,100.0,0.995,120,False,1,1
5,21,31,1.6527126756182067,True,100.0,0.995,120,True,1,1
5,31,21,1.6527126756182067,True,100.0,0.995,120,True,1,1
5,21,32,2.6243826499419796,True,100.0,0.995,120,True,1,1
5,32,21,2.6243826499419796,True,100.0,0.995,120,True,1,1
5,22,23,6.936108645313608,True,100.0,0.995,120,False,1,1
5,23,22,6.936108645313608,True,100.0,0.995,120,False,1,1
5,22,31,0.6615697104061579,True,100.0,0.995,120,True,1,1
5,31,22,0.6615697104061579,True,100.0,0.995,120,True,1,1
5,22,32,0.3109681343973187,True,100.0,0.995,120,True,1,1
5,32,22,0.3109681343973187,True,100.0,0.995,120,True,1,1
5,22,33,3.949040071690119,True,100.0,0.995,120,True,1,1
5,33,22,3.949040071690119,True,100.0,0.995,120,True,1,1
5,23,24,4.607706966332855,True,100.0,0.995,120,False,1,1
5,24,23,4.607706966332855,True,100.0,0.995,120,False,1,1
5,23,33,3.004797812835614,True,100.0,0.995,120,True,1,1
5,33,23,3.004797812835614,True,100.0,0.995,120,True,1,1
5,23,34,1.6216814007849292,True,100.0,0.995,120,True,1,1
5,34,23,1.6216814007849292,True,100.0,0.995,120,True,1,1
5,23,35,1.6760887858577664,True,100.0,0.995,120,True,1,1
5,35,23,1.6760887858577664,True,100.0,0.995,120,True,1,1
5,24,36,0.706913428360242,True,100.0,0.995,120,True,1,1
5,36,24,0.706913428360242,True,100.0,0.995,120,True,1,1
5,25,26,9.060414185843074,True,100.0,0.995,120,False,1,1
5,26,25,9.060414185843074,True,100.0,0.995,120,False,1,1
5,25,49,4.420076489101384,True,100.0,0.995,120,True,1,1
5,49,25,4.420076489101384,True,100.0,0.995,120,True,1,1
5,26,27,4.807942700890119,True,100.0,0.995,120,False,1,1
5,27,26,4.807942700890119,True,100.0,0.995,120,False,1,1
5,26,37,3.2199471549414698,True,100.0,0.995,120,True,1,1
5,37,26,3.2199471549414698,True,100.0,0.995,120,True,1,1
5,26,49,4.996703693428021,True,100.0,0.995,120,True,1,1
5,49,26,4.996703693428021,True,100.0,0.995,120,True,1,1
5,26,50,1.3363095538730594,True,100.0,0.995,120,True,1,1
5,50,26,1.3363095538730594,True,100.0,0.995,120,True,1,1
5,26,55,4.080377172838121,True,100.0,0.995,120,True,1,1
5,55,26,4.080377172838121,True,100.0,0.995,120,True,1,1
5,27,28,9.014545257141602,True,100.0,0.995,120,False,1,1
5,28,27,9.014545257141602,True,100.0,0.995,120,False,1,1
5,27,37,1.8751775004901492,True,100.0,0.995,120,True,1,1
5,37,27,1.8751775004901492,True,100.0,0.995,120,True,1,1
5,27,51,1.4627235983187115,True,100.0,0.995,120,True,1,1
5,51,27,1.4627235983187115,True,100.0,0.995,120,True,1,1
5,27,52,0.07650302418747083,True,100.0,0.995,120,True,1,1
5,52,27,0.07650302418747083,True,100.0,0.995,120,True,1,1
5,27,56,2.209893871039807,True,100.0,0.995,120,True,1,1
5,56,27,2.209893871039807,True,100.0,0.995,120,True,1,1
5,27,57,3.172131900646889,True,100.0,0.995,120,True,1,1
5,57,27,3.172131900646889,True,100.0,0.995,120,True,1,1
5,28,29,4.6115398693188485,True,100.0,0.995,120,False,1,1
5,29,28,4.6115398693188485,True,100.0,0.995,120,False,1,1
5,28,38,2.916769146739958,True,100.0,0.995,120,True,1,1
5,38,28,2.916769146739958,True,100.0,0.995,120,True,1,1
5,28,58,3.1819496705265395,True,100.0,0.995,120,True,1,1
5,58,28,3.1819496705265395,True,100.0,0.995,120,True,1,1
5,28,61,3.0239047307116653,True,100.0,0.995,120,True,1,1
5,61,28,3.0239047307116653,True,100.0,0.995,120,True,1,1
5,29,30,4.619861162270124,True,100.0,0.995,120,False,1,1
5,30,29,4.619861162270124,True,100.0,0.995,120,False,1,1
5,29,39,0.9323396936299597,True,100.0,0.995,120,True,1,1
5,39,29,0.9323396936299597,True,100.0,0.995,120,True,1,1
5,29,59,2.2382233142477896,True,100.0,0.995,120,True,1,1
5,59,29,2.2382233142477896,True,100.0,0.995,120,True,1,1
5,29,62,2.9582125896155835,True,100.0,0.995,120,True,1,1
5,62,29,2.9582125896155835,True,100.0,0.995,120,True,1,1
5,30,40,3.951893708343553,True,100.0,0.995,120,True,1,1
5,40,30,3.951893708343553,True,100.0,0.995,120,True,1,1
5,30,60,2.0089115355610563,True,100.0,0.995,120,True,1,1
5,60,30,2.0089115355610563,True,100.0,0.995,120,True,1,1
5,30,63,2.7522935184077704,True,100.0,0.995,120,True,1,1
5,63,30,2.7522935184077704,True,100.0,0.995,120,True,1,1
5,30,64,7.773455678817435,True,100.0,0.995,120,True,1,1
5,64,30,7.773455678817435,True,100.0,0.995,120,True,1,1
5,31,32,0.9721976985134538,True,100.0,0.995,120,False,1,1
5,32,31,0.9721976985134538,True,100.0,0.995,120,False,1,1
5,32,33,3.6403608259536533,True,100.0,0.995,120,False,1,1
5,33,32,3.6403608259536533,True,100.0,0.995,120,False,1,1
5,33,34,4.601738193304786,True,100.0,0.995,120,False,1,1
5,34,33,4.601738193304786,True,100.0,0.995,120,False,1,1
5,34,35,0.07094357814226476,True,100.0,0.995,120,False,1,1
5,35,34,0.07094357814226476,True,100.0,0.995,120,False,1,1
5,35,36,2.3161836715422313,True,100.0,0.995,120,False,1,1
5,36,35,2.3161836715422313,True,100.0,0.995,120,False,1,1
5,37,38,8.013911422940046,True,100.0,0.995,120,False,1,1
5,38,37,8.013911422940046,True,100.0,0.995,120,False,1,1
5,37,50,3.4280224423921806,True,100.0,0.995,120,True,1,1
5,50,37,3.4280224423921806,True,100.0,0.995,120,True,1,1
5,37,51,1.4956461462563722,True,100.0,0.995,120,True,1,1
5,51,37,1.4956461462563722,True,100.0,0.995,120,True,1,1
5,37,52,1.8065488185145289,True,100.0,0.995,120,True,1,1
5,52,37,1.8065488185145289,True,100.0,0.995,120,True,1,1
5,37,55,1.329278288881817,True,100.0,0.995,120,True,1,1
5,55,37,1.329278288881817,True,100.0,0.995,120,True,1,1
5,38,39,8.02006124234432,True,100.0,0.995,120,False,1,1
5,39,38,8.02006124234432,True,100.0,0.995,120,False,1,1
5,38,53,2.209867930980278,True,100.0,0.995,120,True,1,1
5,53,38,2.209867930980278,True,100.0,0.995,120,True,1,1
5,38,54,0.7367182984600867,True,100.0,0.995,120,True,1,1
5,54,38,0.7367182984600867,True,100.0,0.995,120,True,1,1
5,38,58,1.57467611366701,True,100.0,0.995,120,True,1,1
5,58,38,1.57467611366701,True,100.0,0.995,120,True,1,1
5,38,61,2.162638842427787,True,100.0,0.995,120,True,1,1
5,61,38,2.162638842427787,True,100.0,0.995,120,True,1,1
5,39,40,8.016632967343284,True,100.0,0.995,120,False,1,1
5,40,39,8.016632967343284,True,100.0,0.995,120,False,1,1
5,39,59,2.0470514444198753,True,100.0,0.995,120,True,1,1
5,59,39,2.0470514444198753,True,100.0,0.995,120,True,1,1
5,39,60,3.3677496371605344,True,100.0,0.995,120,True,1,1
5,60,39,3.3677496371605344,True,100.0,0.995,120,True,1,1
5,39,62,2.835645052650948,True,100.0,0.995,120,True,1,1
5,62,39,2.835645052650948,True,100.0,0.995,120,True,1,1
5,39,63,2.924295852795268,True,100.0,0.995,120,True,1,1
5,63,39,2.924295852795268,True,100.0,0.995,120,True,1,1
5,40,41,8.021393154871223,True,100.0,0.995,120,False,1,1
5,41,40,8.021393154871223,True,100.0,0.995,120,False,1,1
5,40,60,4.997542264095824,True,100.0,0.995,120,True,1,1
5,60,40,4.997542264095824,True,100.0,0.995,120,True,1,1
5,40,64,3.933746606752065,True,100.0,0.995,120,True,1,1
5,64,40,3.933746606752065,True,100.0,0.995,120,True,1,1
5,40,65,8.38812960239314,True,100.0,0.995,120,True,1,1
5,65,40,8.38812960239314,True,100.0,0.995,120,True,1,1
5,41,42,8.01694089218977,True,100.0,0.995,120,False,1,1
5,42,41,8.01694089218977,True,100.0,0.995,120,False,1,1
5,41,64,4.4219550553129325,True,100.0,0.995,120,True,1,1
5,64,41,4.4219550553129325,True,100.0,0.995,120,True,1,1
5,41,65,0.9512044947867595,True,100.0,0.995,120,True,1,1
5,65,41,0.9512044947867595,True,100.0,0.995,120,True,1,1
5,41,66,8.476086136288071,True,100.0,0.995,120,True,1,1
5,66,41,8.476086136288071,True,100.0,0.995,120,True,1,1
5,42,64,12.184409568678026,True,100.0,0.995,120,True,1,1
5,64,42,12.184409568678026,True,100.0,0.995,120,True,1,1
5,42,65,7.652258401210465,True,100.0,0.995,120,True,1,1
5,65,42,7.652258401210465,True,100.0,0.995,120,True,1,1
5,42,66,0.5128439322476679,True,100.0,0.995,120,True,1,1
5,66,42,0.5128439322476679,True,100.0,0.995,120,True,1,1
5,43,44,4.621392072559245,True,100.0,0.995,120,False,1,1
5,44,43,4.621392072559245,True,100.0,0.995,120,False,1,1
5,44,45,4.617198347664775,True,100.0,0.995,120,False,1,1
5,45,44,4.617198347664775,True,100.0,0.995,120,False,1,1
5,45,46,4.612261792756054,True,100.0,0.995,120,False,1,1
5,46,45,4.612261792756054,True,100.0,0.995,120,False,1,1
5,46,47,4.630118476771739,True,100.0,0.995,120,False,1,1
5,47,46,4.630118476771739,True,100.0,0.995,120,False,1,1
5,47,48,4.599856993454083,True,100.0,0.995,120,False,1,1
5,48,47,4.599856993454083,True,100.0,0.995,120,False,1,1
5,49,50,4.616355492788943,True,100.0,0.995,120,False,1,1
5,50,49,4.616355492788943,True,100.0,0.995,120,False,1,1
5,50,51,4.6356970324472995,True,100.0,0.995,120,False,1,1
5,51,50,4.6356970324472995,True,100.0,0.995,120,False,1,1
5,50,55,3.872989822619468,True,100.0,0.995,120,True,1,1
5,55,50,3.872989822619468,True,100.0,0.995,120,True,1,1
5,51,52,1.4437527211547323,True,100.0,0.995,120,False,1,1
5,52,51,1.4437527211547323,True,100.0,0.995,120,False,1,1
5,51,55,0.999570735845688,True,100.0,0.995,120,True,1,1
5,55,51,0.999570735845688,True,100.0,0.995,120,True,1,1
5,51,56,0.9753767988702098,True,100.0,0.995,120,True,1,1
5,56,51,0.9753767988702098,True,100.0,0.995,120,True,1,1
5,51,57,2.8310161365257773,True,100.0,0.995,120,True,1,1
5,57,51,2.8310161365257773,True,100.0,0.995,120,True,1,1
5,52,53,4.492733368024966,True,100.0,0.995,120,False,1,1
5,53,52,4.492733368024966,True,100.0,0.995,120,False,1,1
5,52,55,2.2744530219296935,True,100.0,0.995,120,True,1,1
5,55,52,2.2744530219296935,True,100.0,0.995,120,True,1,1
5,52,56,2.2167343105281017,True,100.0,0.995,120,True,1,1
5,56,52,2.2167343105281017,True,100.0,0.995,120,True,1,1
5,53,54,1.983392617974217,True,100.0,0.995,120,False,1,1
5,54,53,1.983392617974217,True,100.0,0.995,120,False,1,1
5,53,57,1.9770703292988636,True,100.0,0.995,120,True,1,1
5,57,53,1.9770703292988636,True,100.0,0.995,120,True,1,1
5,53,58,2.7054614376198645,True,100.0,0.995,120,True,1,1
5,58,53,2.7054614376198645,True,100.0,0.995,120,True,1,1
5,54,58,1.0133256091444214,True,100.0,0.995,120,True,1,1
5,58,54,1.0133256091444214,True,100.0,0.995,120,True,1,1
5,54,61,1.6616720138923302,True,100.0,0.995,120,True,1,1
5,61,54,1.6616720138923302,True,100.0,0.995,120,True,1,1
5,55,56,1.397940780047335,True,100.0,0.995,120,False,1,1
5,56,55,1.397940780047335,True,100.0,0.995,120,False,1,1
5,56,57,2.213720852070096,True,100.0,0.995,120,False,1,1
5,57,56,2.213720852070096,True,100.0,0.995,120,False,1,1
5,57,58,4.419954313513953,True,100.0,0.995,120,False,1,1
5,58,57,4.419954313513953,True,100.0,0.995,120,False,1,1
5,58,59,5.917366544328245,True,100.0,0.995,120,False,1,1
5,59,58,5.917366544328245,True,100.0,0.995,120,False,1,1
5,58,61,0.7332738312872296,True,100.0,0.995,120,True,1,1
5,61,58,0.7332738312872296,True,100.0,0.995,120,True,1,1
5,59,60,4.676791549238026,True,100.0,0.995,120,False,1,1
5,60,59,4.676791549238026,True,100.0,0.995,120,False,1,1
5,59,62,0.7917392281727392,True,100.0,0.995,120,True,1,1
5,62,59,0.7917392281727392,True,100.0,0.995,120,True,1,1
5,60,63,0.8270736329421152,True,100.0,0.995,120,True,1,1
5,63,60,0.8270736329421152,True,100.0,0.995,120,True,1,1
5,61,62,4.621459390394494,True,100.0,0.995,120,False,1,1
5,62,61,4.621459390394494,True,100.0,0.995,120,False,1,1
5,62,63,4.614614426056306,True,100.0,0.995,120,False,1,1
5,63,62,4.614614426056306,True,100.0,0.995,120,False,1,1
5,63,64,9.20366579584712,True,100.0,0.995,120,False,1,1
5,64,63,9.20366579584712,True,100.0,0.995,120,False,1,1
5,64,65,4.613253558280689,True,100.0,0.995,120,False,1,1
5,65,64,4.613253558280689,True,100.0,0.995,120,False,1,1
5,65,66,8.087393472947591,True,100.0,0.995,120,False,1,1
5,66,65,8.087393472947591,True,100.0,0.995,120,False,1,1
6,1,2,4.6082539726812035,True,100.0,0.995,120,False,1,1
6,2,1,4.6082539726812035,True,100.0,0.995,120,False,1,1
6,1,43,11.080302401357121,True,100.0,0.995,120,True,1,1
6,43,1,11.080302401357121,True,100.0,0.995,120,True,1,1
6,1,44,6.680996764458342,True,100.0,0.995,120,True,1,1
6,44,1,6.680996764458342,True,100.0,0.995,120,True,1,1
6,1,45,2.721568159809431,True,100.0,0.995,120,True,1,1
6,45,1,2.721568159809431,True,100.0,0.995,120,True,1,1
6,1,46,3.535991267363849,True,100.0,0.995,120,True,1,1
6,46,1,3.535991267363849,True,100.0,0.995,120,True,1,1
6,2,3,4.637804183756681,True,100.0,0.995,120,False,1,1
6,3,2,4.637804183756681,True,100.0,0.995,120,False,1,1
6,2,44,11.020334990011948,True,100.0,0.995,120,True,1,1
6,44,2,11.020334990011948,True,100.0,0.995,120,True,1,1
6,2,45,6.584146687631139,True,100.0,0.995,120,True,1,1
6,45,2,6.584146687631139,True,100.0,0.995,120,True,1,1
6,2,46,2.48062655579335,True,100.0,0.995,120,True,1,1
6,46,2,2.48062655579335,True,100.0,0.995,120,True,1,1
6,2,47,3.3692226537528027,True,100.0,0.995,120,True,1,1
6,47,2,3.3692226537528027,True,100.0,0.995,120,True,1,1
6,3,4,2.9598599348896184,True,100.0,0.995,120,False,1,1
6,4,3,2.9598599348896184,True,100.0,0.995,120,False,1,1
6,3,19,3.7550427954652417,True,100.0,0.995,120,True,1,1
6,19,3,3.7550427954652417,True,100.0,0.995,120,True,1,1
6,3,45,10.986708887415347,True,100.0,0.995,120,True,1,1
6,45,3,10.986708887415347,True,100.0,0.995,120,True,1,1
6,3,46,6.516894664507267,True,100.0,0.995,120,True,1,1
6,46,3,6.516894664507267,True,100.0,0.995,120,True,1,1
6,3,47,2.2304278024171578,True,100.0,0.995,120,True,1,1
6,47,3,2.2304278024171578,True,100.0,0.995,120,True,1,1
6,3,48,3.158976490999437,True,100.0,0.995,120,True,1,1
6,48,3,3.158976490999437,True,100.0,0.995,120,True,1,1
6,4,5,1.6466883328099775,True,100.0,0.995,120,False,1,1
6,5,4,1.6466883328099775,True,100.0,0.995,120,False,1,1
6,4,19,0.8665836845825413,True,100.0,0.995,120,True,1,1
6,19,4,0.8665836845825413,True,100.0,0.995,120,True,1,1
6,4,47,4.851987285639377,True,100.0,0.995,120,True,1,1
6,47,4,4.851987285639377,True,100.0,0.995,120,True,1,1
6,4,48,1.1774487290630917,True,100.0,0.995,120,True,1,1
6,48,4,1.1774487290630917,True,100.0,0.995,120,True,1,1
6,5,6,4.624365856970595,True,100.0,0.995,120,False,1,1
6,6,5,4.624365856970595,True,100.0,0.995,120,False,1,1
6,5,19,0.8886481776743131,True,100.0,0.995,120,True,1,1
6,19,5,0.8886481776743131,True,100.0,0.995,120,True,1,1
6,5,20,5.744506114873298,True,100.0,0.995,120,True,1,1
6,20,5,5.744506114873298,True,100.0,0.995,120,True,1,1
6,5,48,1.9453167282592578,True,100.0,0.995,120,True,1,1
6,48,5,1.9453167282592578,True,100.0,0.995,120,True,1,1
6,6,20,1.12782244722574,True,100.0,0.995,120,True,1,1
6,20,6,1.12782244722574,True,100.0,0.995,120,True,1,1
6,6,21,1.4470597446985143,True,100.0,0.995,120,True,1,1
6,21,6,1.4470597446985143,True,100.0,0.995,120,True,1,1
6,6,22,3.7535429158511473,True,100.0,0.995,120,True,1,1
6,22,6,3.7535429158511473,True,100.0,0.995,120,True,1,1
6,6,31,3.09338286435579,True,100.0,0.995,120,True,1,1
6,31,6,3.09338286435579,True,100.0,0.995,120,True,1,1
6,7,8,4.621999184541535,True,100.0,0.995,120,False,1,1
6,8,7,4.621999184541535,True,100.0,0.995,120,False,1,1
6,7,42,13.913616738463428,True,100.0,0.995,120,True,1,1
6,42,7,13.913616738463428,True,100.0,0.995,120,True,1,1
6,7,66,13.42487286766693,True,100.0,0.995,120,True,1,1
6,66,7,13.42487286766693,True,100.0,0.995,120,True,1,1
6,8,9,3.372457018728552,True,100.0,0.995,120,False,1,1
6,9,8,3.372457018728552,True,100.0,0.995,120,False,1,1
6,9,10,5.852639957629002,True,100.0,0.995,120,False,1,1
6,10,9,5.852639957629002,True,100.0,0.995,120,False,1,1
6,10,11,4.589935319865364,True,100.0,0.995,120,False,1,1
6,11,10,4.589935319865364,True,100.0,0.995,120,False,1,1
6,10,43,12.270674125104444,True,100.0,0.995,120,True,1,1
6,43,10,12.270674125104444,True,100.0,0.995,120,True,1,1
6,11,12,4.645208177373306,True,100.0,0.995,120,False,1,1
6,12,11,4.645208177373306,True,100.0,0.995,120,False,1,1
6,11,43,7.968344410627549,True,100.0,0.995,120,True,1,1
6,43,11,7.968344410627549,True,100.0,0.995,120,True,1,1
6,11,44,12.329113981555121,True,100.0,0.995,120,True,1,1
6,44,11,12.329113981555121,True,100.0,0.995,120,True,1,1
6,12,43,3.802864326159247,True,100.0,0.995,120,True,1,1
6,43,12,3.802864326159247,True,100.0,0.995,120,True,1,1
6,12,44,7.900857924308549,True,100.0,0.995,120,True,1,1
6,44,12,7.900857924308549,True,100.0,0.995,120,True,1,1
6,12,45,12.26597187537221,True,100.0,0.995,120,True,1,1
6,45,12,12.26597187537221,True,100.0,0.995,120,True,1,1
6,13,14,0.0873028613099504,True,100.0,0.995,120,False,1,1
6,14,13,0.0873028613099504,True,100.0,0.995,120,False,1,1
6,13,23,2.3594080696669457,True,100.0,0.995,120,True,1,1
6,23,13,2.3594080696669457,True,100.0,0.995,120,True,1,1
6,13,24,2.2562299480936443,True,100.0,0.995,120,True,1,1
6,24,13,2.2562299480936443,True,100.0,0.995,120,True,1,1
6,13,33,5.35253708619047,True,100.0,0.995,120,True,1,1
6,33,13,5.35253708619047,True,100.0,0.995,120,True,1,1
6,13,34,0.8178950251739373,True,100.0,0.995,120,True,1,1
6,34,13,0.8178950251739373,True,100.0,0.995,120,True,1,1
6,13,35,0.7781460746491293,True,100.0,0.995,120,True,1,1
6,35,13,0.7781460746491293,True,100.0,0.995,120,True,1,1
6,13,36,1.6592752891755305,True,100.0,0.995,120,True,1,1
6,36,13,1.6592752891755305,True,100.0,0.995,120,True,1,1
6,14,15,4.559554865353106,True,100.0,0.995,120,False,1,1
6,15,14,4.559554865353106,True,100.0,0.995,120,False,1,1
6,14,24,2.2189365904473384,True,100.0,0.995,120,True,1,1
6,24,14,2.2189365904473384,True,100.0,0.995,120,True,1,1
6,14,34,0.8272666917597411,True,100.0,0.995,120,True,1,1
6,34,14,0.8272666917597411,True,100.0,0.995,120,True,1,1
6,14,35,0.7816004074178133,True,100.0,0.995,120,True,1,1
6,35,14,0.7816004074178133,True,100.0,0.995,120,True,1,1
6,14,36,1.6099725450628048,True,100.0,0.995,120,True,1,1
6,36,14,1.6099725450628048,True,100.0,0.995,120,True,1,1
6,15,16,1.4234066247828818,True,100.0,0.995,120,False,1,1
6,16,15,1.4234066247828818,True,100.0,0.995,120,False,1,1
6,15,24,2.349038462712059,True,100.0,0.995,120,True,1,1
6,24,15,2.349038462712059,True,100.0,0.995,120,True,1,1
6,15,25,4.075296939266469,True,100.0,0.995,120,True,1,1
6,25,15,4.075296939266469,True,100.0,0.995,120,True,1,1
6,15,36,3.0095262124342916,True,100.0,0.995,120,True,1,1
6,36,15,3.0095262124342916,True,100.0,0.995,120,True,1,1
6,16,17,0.8919313941318324,True,100.0,0.995,120,False,1,1
6,17,16,0.8919313941318324,True,100.0,0.995,120,False,1,1
6,16,24,3.7652359457582123,True,100.0,0.995,120,True,1,1
6,24,16,3.7652359457582123,True,100.0,0.995,120,True,1,1
6,16,25,2.662469775803905,True,100.0,0.995,120,True,1,1
6,25,16,2.662469775803905,True,100.0,0.995,120,True,1,1
6,16,36,4.412389172647931,True,100.0,0.995,120,True,1,1
6,36,16,4.412389172647931,True,100.0,0.995,120,True,1,1
6,17,18,4.597118939533683,True,100.0,0.995,120,False,1,1
6,18,17,4.597118939533683,True,100.0,0.995,120,False,1,1
6,17,24,4.653843935610986,True,100.0,0.995,120,True,1,1
6,24,17,4.653843935610986,True,100.0,0.995,120,True,1,1
6,17,25,1.815556848574474,True,100.0,0.995,120,True,1,1
6,25,17,1.815556848574474,True,100.0,0.995,120,True,1,1
6,17,36,5.302472397959528,True,100.0,0.995,120,True,1,1
6,36,17,5.302472397959528,True,100.0,0.995,120,True,1,1
6,18,25,2.8784282823779686,True,100.0,0.995,120,True,1,1
6,25,18,2.8784282823779686,True,100.0,0.995,120,True,1,1
6,18,26,6.30058866482455,True,100.0,0.995,120,True,1,1
6,26,18,6.30058866482455,True,100.0,0.995,120,True,1,1
6,18,49,2.2135813282193118,True,100.0,0.995,120,True,1,1
6,49,18,2.2135813282193118,True,100.0,0.995,120,True,1,1
6,19,20,6.597671344487681,True,100.0,0.995,120,False,1,1
6,20,19,6.597671344487681,True,100.0,0.995,120,False,1,1
6,19,48,1.1310317098503004,True,100.0,0.995,120,True,1,1
6,48,19,1.1310317098503004,True,100.0,0.995,120,True,1,1
6,20,21,0.3206203929701797,True,100.0,0.995,120,False,1,1
6,21,20,0.3206203929701797,True,100.0,0.995,120,False,1,1
6,20,31,1.9698540185608928,True,100.0,0.995,120,True,1,1
6,31,20,1.9698540185608928,True,100.0,0.995,120,True,1,1
6,20,32,2.9407816493309515,True,100.0,0.995,120,True,1,1
6,32,20,2.9407816493309515,True,100.0,0.995,120,True,1,1
6,21,22,2.31375307534177,True,100.0,0.995,120,False,1,1
6,22,21,2.31375307534177,True,100.0,0.995,120,False,1,1
6,21,31,1.6532253385902624,True,100.0,0.995,120,True,1,1
6,31,21,1.6532253385902624,True,100.0,0.995,120,True,1,1
6,21,32,2.624127315849433,True,100.0,0.995,120,True,1,1
6,32,21,2.624127315849433,True,100.0,0.995,120,True,1,1
6,22,23,6.93615322610567,True,100.0,0.995,120,False,1,1
6,23,22,6.93615322610567,True,100.0,0.995,120,False,1,1
6,22,31,0.6608748381950437,True,100.0,0.995,120,True,1,1
6,31,22,0.6608748381950437,True,100.0,0.995,120,True,1,1
6,22,32,0.31117785045943225,True,100.0,0.995,120,True,1,1
6,32,22,0.31117785045943225,True,100.0,0.995,120,True,1,1
6,22,33,3.9498597571375074,True,100.0,0.995,120,True,1,1
6,33,22,3.9498597571375074,True,100.0,0.995,120,True,1,1
6,23,24,4.607724730625531,True,100.0,0.995,120,False,1,1
6,24,23,4.607724730625531,True,100.0,0.995,120,False,1,1
6,23,33,3.0045042732119565,True,100.0,0.995,120,True,1,1
6,33,23,3.0045042732119565,True,100.0,0.995,120,True,1,1
6,23,34,1.6225550267338422,True,100.0,0.995,120,True,1,1
6,34,23,1.6225550267338422,True,100.0,0.995,120,True,1,1
6,23,35,1.6777871025840663,True,100.0,0.995,120,True,1,1
6,35,23,1.6777871025840663,True,100.0,0.995,120,True,1,1
6,24,36,0.7097218538343589,True,100.0,0.995,120,True,1,1
6,36,24,0.7097218538343589,True,100.0,0.995,120,True,1,1
6,25,26,9.059169557085326,True,100.0,0.995,120,False,1,1
6,26,25,9.059169557085326,True,100.0,0.995,120,False,1,1
6,25,49,4.421391371778468,True,100.0,0.995,120,True,1,1
6,49,25,4.421391371778468,True,100.0,0.995,120,True,1,1
6,26,27,4.807751969101201,True,100.0,0.995,120,False,1,1
6,27,26,4.807751969101201,True,100.0,0.995,120,False,1,1
6,26,37,3.216448765677914,True,100.0,0.995,120,True,1,1
6,37,26,3.216448765677914,True,100.0,0.995,120,True,1,1
6,26,49,4.998762717477436,True,100.0,0.995,120,True,1,1
6,49,26,4.998762717477436,True,100.0,0.995,120,True,1,1
6,26,50,1.342679208318254,True,100.0,0.995,120,True,1,1
6,50,26,1.342679208318254,True,100.0,0.995,120,True,1,1
6,26,55,4.082032741692723,True,100.0,0.995,120,True,1,1
6,55,26,4.082032741692723,True,100.0,0.995,120,True,1,1
6,27,28,9.014924359088694,True,100.0,0.995,120,False,1,1
6,28,27,9.014924359088694,True,100.0,0.995,120,False,1,1
6,27,37,1.879558431804705,True,100.0,0.995,120,True,1,1
6,37,27,1.879558431804705,True,100.0,0.995,120,True,1,1
6,27,51,1.4657936262592364,True,100.0,0.995,120,True,1,1
6,51,27,1.4657936262592364,True,100.0,0.995,120,True,1,1
6,27,52,0.07637646117891088,True,100.0,0.995,120,True,1,1
6,52,27,0.07637646117891088,True,100.0,0.995,120,True,1,1
6,27,56,2.214753724980467,True,100.0,0.995,120,True,1,1
6,56,27,2.214753724980467,True,100.0,0.995,120,True,1,1
6,27,57,3.1759142792086315,True,100.0,0.995,120,True,1,1
6,57,27,3.1759142792086315,True,100.0,0.995,120,True,1,1
6,28,29,4.611549919026869,True,100.0,0.995,120,False,1,1
6,29,28,4.611549919026869,True,100.0,0.995,120,False,1,1
6,28,38,2.920635062906759,True,100.0,0.995,120,True,1,1
6,38,28,2.920635062906759,True,100.0,0.995,120,True,1,1
6,28,58,3.1818848590890307,True,100.0,0.995,120,True,1,1
6,58,28,3.1818848590890307,True,100.0,0.995,120,True,1,1
6,28,61,3.0205465399772504,True,100.0,0.995,120,True,1,1
6,61,28,3.0205465399772504,True,100.0,0.995,120,True,1,1
6,29,30,4.619917825417918,True,100.0,0.995,120,False,1,1
6,30,29,4.619917825417918,True,100.0,0.995,120,False,1,1
6,29,39,0.9271322538005707,True,100.0,0.995,120,True,1,1
6,39,29,0.9271322538005707,True,100.0,0.995,120,True,1,1
6,29,59,2.2305693295771487,True,100.0,0.995,120,True,1,1
6,59,29,2.2305693295771487,True,100.0,0.995,120,True,1,1
6,29,62,2.9501096678733956,True,100.0,0.995,120,True,1,1
6,62,29,2.9501096678733956,True,100.0,0.995,120,True,1,1
6,30,40,3.9469365674318304,True,100.0,0.995,120,True,1,1
6,40,30,3.9469365674318304,True,100.0,0.995,120,True,1,1
6,30,60,1.9977956203000617,True,100.0,0.995,120,True,1,1
6,60,30,1.9977956203000617,True,100.0,0.995,120,True,1,1
6,30,63,2.7405507308677772,True,100.0,0.995,120,True,1,1
6,63,30,2.7405507308677772,True,100.0,0.995,120,True,1,1
6,30,64,7.768503999411229,True,100.0,0.995,120,True,1,1
6,64,30,7.768503999411229,True,100.0,0.995,120,True,1,1
6,31,32,0.9713962151624197,True,100.0,0.995,120,False,1,1
6,32,31,0.9713962151624197,True,100.0,0.995,120,False,1,1
6,32,33,3.6412202376352587,True,100.0,0.995,120,False,1,1
6,33,32,3.6412202376352587,True,100.0,0.995,120,False,1,1
6,33,34,4.601040159811737,True,100.0,0.995,120,False,1,1
6,34,33,4.601040159811737,True,100.0,0.995,120,False,1,1
6,34,35,0.07163089575830461,True,100.0,0.995,120,False,1,1
6,35,34,0.07163089575830461,True,100.0,0.995,120,False,1,1
6,35,36,2.3155229884317894,True,100.0,0.995,120,False,1,1
6,36,35,2.3155229884317894,True,100.0,0.995,120,False,1,1
6,37,38,8.014010646258022,True,100.0,0.995,120,False,1,1
6,38,37,8.014010646258022,True,100.0,0.995,120,False,1,1
6,37,50,3.4244281162646755,True,100.0,0.995,120,True,1,1
6,50,37,3.4244281162646755,True,100.0,0.995,120,True,1,1
6,37,51,1.5002967251283874,True,100.0,0.995,120,True,1,1
6,51,37,1.5002967251283874,True,100.0,0.995,120,True,1,1
6,37,52,1.8110430013378904,True,100.0,0.995,120,True,1,1
6,52,37,1.8110430013378904,True,100.0,0.995,120,True,1,1
6,37,55,1.3337015389764262,True,100.0,0.995,120,True,1,1
6,55,37,1.3337015389764262,True,100.0,0.995,120,True,1,1
6,38,39,8.020115449190627,True,100.0,0.995,120,False,1,1
6,39,38,8.020115449190627,True,100.0,0.995,120,False,1,1
6,38,53,2.2058367513452213,True,100.0,0.995,120,True,1,1
6,53,38,2.2058367513452213,True,100.0,0.995,120,True,1,1
6,38,54,0.7357302784762777,True,100.0,0.995,120,True,1,1
6,54,38,0.7357302784762777,True,100.0,0.995,120,True,1,1
6,38,58,1.5740723998409532,True,100.0,0.995,120,True,1,1
6,58,38,1.5740723998409532,True,100.0,0.995,120,True,1,1
6,38,61,2.163601825085544,True,100.0,0.995,120,True,1,1
6,61,38,2.163601825085544,True,100.0,0.995,120,True,1,1
6,39,40,8.016660304525951,True,100.0,0.995,120,False,1,1
6,40,39,8.016660304525951,True,100.0,0.995,120,False,1,1
6,39,59,2.040365273054196,True,100.0,0.995,120,True,1,1
6,59,39,2.040365273054196,True,100.0,0.995,120,True,1,1
6,39,60,3.36922744733522,True,100.0,0.995,120,True,1,1
6,60,39,3.36922744733522,True,100.0,0.995,120,True,1,1
6,39,62,2.8281262267073095,True,100.0,0.995,120,True,1,1
6,62,39,2.8281262267073095,True,100.0,0.995,120,True,1,1
6,39,63,2.922881897171733,True,100.0,0.995,120,True,1,1
6,63,39,2.922881897171733,True,100.0,0.995,120,True,1,1
6,40,41,8.02138423113689,True,100.0,0.995,120,False,1,1
6,41,40,8.02138423113689,True,100.0,0.995,120,False,1,1
6,40,60,4.99141534313383,True,100.0,0.995,120,True,1,1
6,60,40,4.99141534313383,True,100.0,0.995,120,True,1,1
6,40,64,3.9326592338529514,True,100.0,0.995,120,True,1,1
6,64,40,3.9326592338529514,True,100.0,0.995,120,True,1,1
6,40,65,8.390025888611556,True,100.0,0.995,120,True,1,1
6,65,40,8.390025888611556,True,100.0,0.995,120,True,1,1
6,41,42,8.016984747894142,True,100.0,0.995,120,False,1,1
6,42,41,8.016984747894142,True,100.0,0.995,120,False,1,1
6,41,64,4.413826688750476,True,100.0,0.995,120,True,1,1
6,64,41,4.413826688750476,True,100.0,0.995,120,True,1,1
6,41,65,0.9363843260130623,True,100.0,0.995,120,True,1,1
6,65,41,0.9363843260130623,True,100.0,0.995,120,True,1,1
6,41,66,8.476479761331982,True,100.0,0.995,120,True,1,1
6,66,41,8.476479761331982,True,100.0,0.995,120,True,1,1
6,42,64,12.179225754697478,True,100.0,0.995,120,True,1,1
6,64,42,12.179225754697478,True,100.0,0.995,120,True,1,1
6,42,65,7.646729396561722,True,100.0,0.995,120,True,1,1
6,65,42,7.646729396561722,True,100.0,0.995,120,True,1,1
6,42,66,0.5080387983851997,True,100.0,0.995,120,True,1,1
6,66,42,0.5080387983851997,True,100.0,0.995,120,True,1,1
6,43,44,4.62131114007393,True,100.0,0.995,120,False,1,1
6,44,43,4.62131114007393,True,100.0,0.995,120,False,1,1
6,44,45,4.617153126724322,True,100.0,0.995,120,False,1,1
6,45,44,4.617153126724322,True,100.0,0.995,120,False,1,1
6,45,46,4.612175370721221,True,100.0,0.995,120,False,1,1
6,46,45,4.612175370721221,True,100.0,0.995,120,False,1,1
6,46,47,4.630069373192455,True,100.0,0.995,120,False,1,1
6,47,46,4.630069373192455,True,100.0,0.995,120,False,1,1
6,47,48,4.599792910452449,True,100.0,0.995,120,False,1,1
6,48,47,4.599792910452449,True,100.0,0.995,120,False,1,1
6,49,50,4.61640620996309,True,100.0,0.995,120,False,1,1
6,50,49,4.61640620996309,True,100.0,0.995,120,False,1,1
6,50,51,4.635805175709011,True,100.0,0.995,120,False,1,1
6,51,50,4.635805175709011,True,100.0,0.995,120,False,1,1
6,50,55,3.8712641016022027,True,100.0,0.995,120,True,1,1
6,55,50,3.8712641016022027,True,100.0,0.995,120,True,1,1
6,51,52,1.4469361408616797,True,100.0,0.995,120,False,1,1
6,52,51,1.4469361408616797,True,100.0,0.995,120,False,1,1
6,51,55,1.0022958357597331,True,100.0,0.995,120,True,1,1
6,55,51,1.0022958357597331,True,100.0,0.995,120,True,1,1
6,51,56,0.975263408948754,True,100.0,0.995,120,True,1,1
6,56,51,0.975263408948754,True,100.0,0.995,120,True,1,1
6,51,57,2.8329044928643548,True,100.0,0.995,120,True,1,1
6,57,51,2.8329044928643548,True,100.0,0.995,120,True,1,1
6,52,53,4.493445441184304,True,100.0,0.995,120,False,1,1
6,53,52,4.493445441184304,True,100.0,0.995,120,False,1,1
6,52,55,2.2799695627834256,True,100.0,0.995,120,True,1,1
6,55,52,2.2799695627834256,True,100.0,0.995,120,True,1,1
6,52,56,2.2215108171321964,True,100.0,0.995,120,True,1,1
6,56,52,2.2215108171321964,True,100.0,0.995,120,True,1,1
6,53,54,1.983592829760649,True,100.0,0.995,120,False,1,1
6,54,53,1.983592829760649,True,100.0,0.995,120,False,1,1
6,53,57,1.9757370599827615,True,100.0,0.995,120,True,1,1
6,57,53,1.9757370599827615,True,100.0,0.995,120,True,1,1
6,53,58,2.7026092468639806,True,100.0,0.995,120,True,1,1
6,58,53,2.7026092468639806,True,100.0,0.995,120,True,1,1
6,54,58,1.011124418770586,True,100.0,0.995,120,True,1,1
6,58,54,1.011124418770586,True,100.0,0.995,120,True,1,1
6,54,61,1.661028411880219,True,100.0,0.995,120,True,1,1
6,61,54,1.661028411880219,True,100.0,0.995,120,True,1,1
6,55,56,1.3970928108684555,True,100.0,0.995,120,False,1,1
6,56,55,1.3970928108684555,True,100.0,0.995,120,False,1,1
6,56,57,2.2184457879111226,True,100.0,0.995,120,False,1,1
6,57,56,2.2184457879111226,True,100.0,0.995,120,False,1,1
6,57,58,4.41539518060304,True,100.0,0.995,120,False,1,1
6,58,57,4.41539518060304,True,100.0,0.995,120,False,1,1
6,58,59,5.920371329125029,True,100.0,0.995,120,False,1,1
6,59,58,5.920371329125029,True,100.0,0.995,120,False,1,1
6,58,61,0.7357043160027844,True,100.0,0.995,120,True,1,1
6,61,58,0.7357043160027844,True,100.0,0.995,120,True,1,1
6,59,60,4.676824108177195,True,100.0,0.995,120,False,1,1
6,60,59,4.676824108177195,True,100.0,0.995,120,False,1,1
6,59,62,0.7909392736503774,True,100.0,0.995,120,True,1,1
6,62,59,0.7909392736503774,True,100.0,0.995,120,True,1,1
6,60,63,0.8259021941773718,True,100.0,0.995,120,True,1,1
6,63,60,0.8259021941773718,True,100.0,0.995,120,True,1,1
6,61,62,4.6214858342582765,True,100.0,0.995,120,False,1,1
6,62,61,4.6214858342582765,True,100.0,0.995,120,False,1,1
6,62,63,4.614657628874545,True,100.0,0.995,120,False,1,1
6,63,62,4.614657628874545,True,100.0,0.995,120,False,1,1
6,63,64,9.20365335447656,True,100.0,0.995,120,False,1,1
6,64,63,9.20365335447656,True,100.0,0.995,120,False,1,1
6,64,65,4.613265011898276,True,100.0,0.995,120,False,1,1
6,65,64,4.613265011898276,True,100.0,0.995,120,False,1,1
6,65,66,8.084447077873074,True,100.0,0.995,120,False,1,1
6,66,65,8.084447077873074,True,100.0,0.995,120,False,1,1
7,1,2,4.608172557632207,True,100.0,0.995,120,False,1,1
7,2,1,4.608172557632207,True,100.0,0.995,120,False,1,1
7,1,43,11.077932361421325,True,100.0,0.995,120,True,1,1
7,43,1,11.077932361421325,True,100.0,0.995,120,True,1,1
7,1,44,6.676566787218208,True,100.0,0.995,120,True,1,1
7,44,1,6.676566787218208,True,100.0,0.995,120,True,1,1
7,1,45,2.7096047355082575,True,100.0,0.995,120,True,1,1
7,45,1,2.7096047355082575,True,100.0,0.995,120,True,1,1
7,1,46,3.5261739993624523,True,100.0,0.995,120,True,1,1
7,46,1,3.5261739993624523,True,100.0,0.995,120,True,1,1
7,2,3,4.637744632539724,True,100.0,0.995,120,False,1,1
7,3,2,4.637744632539724,True,100.0,0.995,120,False,1,1
7,2,44,11.017179482605624,True,100.0,0.995,120,True,1,1
7,44,2,11.017179482605624,True,100.0,0.995,120,True,1,1
7,2,45,6.578702813347075,True,100.0,0.995,120,True,1,1
7,45,2,6.578702813347075,True,100.0,0.995,120,True,1,1
7,2,46,2.4661426376840594,True,100.0,0.995,120,True,1,1
7,46,2,2.4661426376840594,True,100.0,0.995,120,True,1,1
7,2,47,3.358820837960679,True,100.0,0.995,120,True,1,1
7,47,2,3.358820837960679,True,100.0,0.995,120,True,1,1
7,3,4,2.95901148465055,True,100.0,0.995,120,False,1,1
7,4,3,2.95901148465055,True,100.0,0.995,120,False,1,1
7,3,19,3.7537309168984643,True,100.0,0.995,120,True,1,1
7,19,3,3.7537309168984643,True,100.0,0.995,120,True,1,1
7,3,45,10.983114392529089,True,100.0,0.995,120,True,1,1
7,45,3,10.983114392529089,True,100.0,0.995,120,True,1,1
7,3,46,6.511153083574783,True,100.0,0.995,120,True,1,1
7,46,3,6.511153083574783,True,100.0,0.995,120,True,1,1
7,3,47,2.2148806870534044,True,100.0,0.995,120,True,1,1
7,47,3,2.2148806870534044,True,100.0,0.995,120,True,1,1
7,3,48,3.1492374800386647,True,100.0,0.995,120,True,1,1
7,48,3,3.1492374800386647,True,100.0,0.995,120,True,1,1
7,4,5,1.6472303797158598,True,100.0,0.995,120,False,1,1
7,5,4,1.6472303797158598,True,100.0,0.995,120,False,1,1
7,4,19,0.8624830869145109,True,100.0,0.995,120,True,1,1
7,19,4,0.8624830869145109,True,100.0,0.995,120,True,1,1
7,4,47,4.843219036408492,True,100.0,0.995,120,True,1,1
7,47,4,4.843219036408492,True,100.0,0.995,120,True,1,1
7,4,48,1.1488578233129658,True,100.0,0.995,120,True,1,1
7,48,4,1.1488578233129658,True,100.0,0.995,120,True,1,1
7,5,6,4.6243306415101655,True,100.0,0.995,120,False,1,1
7,6,5,4.6243306415101655,True,100.0,0.995,120,False,1,1
7,5,19,0.887461301103128,True,100.0,0.995,120,True,1,1
7,19,5,0.887461301103128,True,100.0,0.995,120,True,1,1
7,5,20,5.744165699268378,True,100.0,0.995,120,True,1,1
7,20,5,5.744165699268378,True,100.0,0.995,120,True,1,1
7,5,48,1.932280030766444,True,100.0,0.995,120,True,1,1
7,48,5,1.932280030766444,True,100.0,0.995,120,True,1,1
7,6,20,1.1271951655715107,True,100.0,0.995,120,True,1,1
7,20,6,1.1271951655715107,True,100.0,0.995,120,True,1,1
7,6,21,1.44600798852918,True,100.0,0.995,120,True,1,1
7,21,6,1.44600798852918,True,100.0,0.995,120,True,1,1
7,6,22,3.7527928429218904,True,100.0,0.995,120,True,1,1
7,22,6,3.7527928429218904,True,100.0,0.995,120,True,1,1
7,6,31,3.0929225757119077,True,100.0,0.995,120,True,1,1
7,31,6,3.0929225757119077,True,100.0,0.995,120,True,1,1
7,7,8,4.621992420987535,True,100.0,0.995,120,False,1,1
7,8,7,4.621992420987535,True,100.0,0.995,120,False,1,1
7,7,42,13.918454967841223,True,100.0,0.995,120,True,1,1
7,42,7,13.918454967841223,True,100.0,0.995,120,True,1,1
7,7,66,13.43019126318135,True,100.0,0.995,120,True,1,1
7,66,7,13.43019126318135,True,100.0,0.995,120,True,1,1
7,8,9,3.37206733847252,True,100.0,0.995,120,False,1,1
7,9,8,3.37206733847252,True,100.0,0.995,120,False,1,1
7,9,10,5.853016259542008,True,100.0,0.995,120,False,1,1
7,10,9,5.853016259542008,True,100.0,0.995,120,False,1,1
7,10,11,4.589912303107215,True,100.0,0.995,120,False,1,1
7,11,10,4.589912303107215,True,100.0,0.995,120,False,1,1
7,10,43,12.271367035681592,True,100.0,0.995,120,True,1,1
7,43,10,12.271367035681592,True,100.0,0.995,120,True,1,1
7,11,12,4.645201010920791,True,100.0,0.995,120,False,1,1
7,12,11,4.645201010920791,True,100.0,0.995,120,False,1,1
7,11,43,7.968689489093378,True,100.0,0.995,120,True,1,1
7,43,11,7.968689489093378,True,100.0,0.995,120,True,1,1
7,11,44,12.32867288015498,True,100.0,0.995,120,True,1,1
7,44,11,12.32867288015498,True,100.0,0.995,120,True,1,1
7,12,43,3.8018558162866287,True,100.0,0.995,120,True,1,1
7,43,12,3.8018558162866287,True,100.0,0.995,120,True,1,1
7,12,44,7.899492860273254,True,100.0,0.995,120,True,1,1
7,44,12,7.899492860273254,True,100.0,0.995,120,True,1,1
7,12,45,12.264546577523154,True,100.0,0.995,120,True,1,1
7,45,12,12.264546577523154,True,100.0,0.995,120,True,1,1
7,13,14,0.08888000632653988,True,100.0,0.995,120,False,1,1
7,14,13,0.08888000632653988,True,100.0,0.995,120,False,1,1
7,13,23,2.359464719392212,True,100.0,0.995,120,True,1,1
7,23,13,2.359464719392212,True,100.0,0.995,120,True,1,1
7,13,24,2.256291110259244,True,100.0,0.995,120,True,1,1
7,24,13,2.256291110259244,True,100.0,0.995,120,True,1,1
7,13,33,5.352292481424911,True,100.0,0.995,120,True,1,1
7,33,13,5.352292481424911,True,100.0,0.995,120,True,1,1
7,13,34,0.8212075353388615,True,100.0,0.995,120,True,1,1
7,34,13,0.8212075353388615,True,100.0,0.995,120,True,1,1
7,13,35,0.7814674783589689,True,100.0,0.995,120,True,1,1
7,35,13,0.7814674783589689,True,100.0,0.995,120,True,1,1
7,13,36,1.6610355762804592,True,100.0,0.995,120,True,1,1
7,36,13,1.6610355762804592,True,100.0,0.995,120,True,1,1
7,14,15,4.558953092783053,True,100.0,0.995,120,False,1,1
7,15,14,4.558953092783053,True,100.0,0.995,120,False,1,1
7,14,24,2.218281868246725,True,100.0,0.995,120,True,1,1
7,24,14,2.218281868246725,True,100.0,0.995,120,True,1,1
7,14,34,0.829990975424924,True,100.0,0.995,120,True,1,1
7,34,14,0.829990975424924,True,100.0,0.995,120,True,1,1
7,14,35,0.7841516929260212,True,100.0,0.995,120,True,1,1
7,35,14,0.7841516929260212,True,100.0,0.995,120,True,1,1
7,14,36,1.610471248685759,True,100.0,0.995,120,True,1,1
7,36,14,1.610471248685759,True,100.0,0.995,120,True,1,1
7,15,16,1.424040431236997,True,100.0,0.995,120,False,1,1
7,16,15,1.424040431236997,True,100.0,0.995,120,False,1,1
7,15,24,2.349101833534652,True,100.0,0.995,120,True,1,1
7,24,15,2.349101833534652,True,100.0,0.995,120,True,1,1
7,15,25,4.078115544447179,True,100.0,0.995,120,True,1,1
7,25,15,4.078115544447179,True,100.0,0.995,120,True,1,1
7,15,36,3.010535027605089,True,100.0,0.995,120,True,1,1
7,36,15,3.010535027605089,True,100.0,0.995,120,True,1,1
7,16,17,0.8914374544725581,True,100.0,0.995,120,False,1,1
7,17,16,0.8914374544725581,True,100.0,0.995,120,False,1,1
7,16,24,3.7658647964516905,True,100.0,0.995,120,True,1,1
7,24,16,3.7658647964516905,True,100.0,0.995,120,True,1,1
7,16,25,2.6647929150141234,True,100.0,0.995,120,True,1,1
7,25,16,2.6647929150141234,True,100.0,0.995,120,True,1,1
7,16,36,4.413525651187212,True,100.0,0.995,120,True,1,1
7,36,16,4.413525651187212,True,100.0,0.995,120,True,1,1
7,17,18,4.597201205230746,True,100.0,0.995,120,False,1,1
7,18,17,4.597201205230746,True,100.0,0.995,120,False,1,1
7,17,24,4.65392335013581,True,100.0,0.995,120,True,1,1
7,24,17,4.65392335013581,True,100.0,0.995,120,True,1,1
7,17,25,1.8192056057495347,True,100.0,0.995,120,True,1,1
7,25,17,1.8192056057495347,True,100.0,0.995,120,True,1,1
7,17,36,5.303118778416796,True,100.0,0.995,120,True,1,1
7,36,17,5.303118778416796,True,100.0,0.995,120,True,1,1
7,18,25,2.8772154294608856,True,100.0,0.995,120,True,1,1
7,25,18,2.8772154294608856,True,100.0,0.995,120,True,1,1
7,18,26,6.301634685227723,True,100.0,0.995,120,True,1,1
7,26,18,6.301634685227723,True,100.0,0.995,120,True,1,1
7,18,49,2.22443946520082,True,100.0,0.995,120,True,1,1
7,49,18,2.22443946520082,True,100.0,0.995,120,True,1,1
7,19,20,6.598175594946278,True,100.0,0.995,120,False,1,1
7,20,19,6.598175594946278,True,100.0,0.995,120,False,1,1
7,19,48,1.1177942567009294,True,100.0,0.995,120,True,1,1
7,48,19,1.1177942567009294,True,100.0,0.995,120,True,1,1
7,20,21,0.32006280645402724,True,100.0,0.995,120,False,1,1
7,21,20,0.32006280645402724,True,100.0,0.995,120,False,1,1
7,20,31,1.9698399729855343,True,100.0,0.995,120,True,1,1
7,31,20,1.9698399729855343,True,100.0,0.995,120,True,1,1
7,20,32,2.93999241684117,True,100.0,0.995,120,True,1,1
7,32,20,2.93999241684117,True,100.0,0.995,120,True,1,1
7,21,22,2.313762527961721,True,100.0,0.995,120,False,1,1
7,22,21,2.313762527961721,True,100.0,0.995,120,False,1,1
7,21,31,1.6537692516966378,True,100.0,0.995,120,True,1,1
7,31,21,1.6537692516966378,True,100.0,0.995,120,True,1,1
7,21,32,2.623910171716516,True,100.0,0.995,120,True,1,1
7,32,21,2.623910171716516,True,100.0,0.995,120,True,1,1
7,22,23,6.936199574800708,True,100.0,0.995,120,False,1,1
7,23,22,6.936199574800708,True,100.0,0.995,120,False,1,1
7,22,31,0.6602590732769704,True,100.0,0.995,120,True,1,1
7,31,22,0.6602590732769704,True,100.0,0.995,120,True,1,1
7,22,32,0.3117070658719147,True,100.0,0.995,120,True,1,1
7,32,22,0.3117070658719147,True,100.0,0.995,120,True,1,1
7,22,33,3.950693163142641,True,100.0,0.995,120,True,1,1
7,33,22,3.950693163142641,True,100.0,0.995,120,True,1,1
7,23,24,4.60774343848713,True,100.0,0.995,120,False,1,1
7,24,23,4.60774343848713,True,100.0,0.995,120,False,1,1
7,23,33,3.0042267231513193,True,100.0,0.995,120,True,1,1
7,33,23,3.0042267231513193,True,100.0,0.995,120,True,1,1
7,23,34,1.6234521940541982,True,100.0,0.995,120,True,1,1
7,34,23,1.6234521940541982,True,100.0,0.995,120,True,1,1
7,23,35,1.6795111383359715,True,100.0,0.995,120,True,1,1
7,35,23,1.6795111383359715,True,100.0,0.995,120,True,1,1
7,24,36,0.7125581173282236,True,100.0,0.995,120,True,1,1
7,36,24,0.7125581173282236,True,100.0,0.995,120,True,1,1
7,25,26,9.057925843128679,True,100.0,0.995,120,False,1,1
7,26,25,9.057925843128679,True,100.0,0.995,120,False,1,1
7,25,49,4.42269425917086,True,100.0,0.995,120,True,1,1
7,49,25,4.42269425917086,True,100.0,0.995,120,True,1,1
7,26,27,4.8075603502095365,True,100.0,0.995,120,False,1,1
7,27,26,4.8075603502095365,True,100.0,0.995,120,False,1,1
7,26,37,3.212934651280859,True,100.0,0.995,120,True,1,1
7,37,26,3.212934651280859,True,100.0,0.995,120,True,1,1
7,26,49,5.000793476702206,True,100.0,0.995,120,True,1,1
7,49,26,5.000793476702206,True,100.0,0.995,120,True,1,1
7,26,50,1.3488871015810011,True,100.0,0.995,120,True,1,1
7,50,26,1.3488871015810011,True,100.0,0.995,120,True,1,1
7,26,55,4.083591566264645,True,100.0,0.995,120,True,1,1
7,55,26,4.083591566264645,True,100.0,0.995,120,True,1,1
7,27,28,9.015302518280416,True,100.0,0.995,120,False,1,1
7,28,27,9.015302518280416,True,100.0,0.995,120,False,1,1
7,27,37,1.8839037094168811,True,100.0,0.995,120,True,1,1
7,37,27,1.8839037094168811,True,100.0,0.995,120,True,1,1
7,27,51,1.4686951914514186,True,100.0,0.995,120,True,1,1
7,51,27,1.4686951914514186,True,100.0,0.995,120,True,1,1
7,27,52,0.07625044535854965,True,100.0,0.995,120,True,1,1
7,52,27,0.07625044535854965,True,100.0,0.995,120,True,1,1
7,27,56,2.219348724421059,True,100.0,0.995,120,True,1,1
7,56,27,2.219348724421059,True,100.0,0.995,120,True,1,1
7,27,57,3.179517156371571,True,100.0,0.995,120,True,1,1
7,57,27,3.179517156371571,True,100.0,0.995,120,True,1,1
7,28,29,4.611559422881545,True,100.0,0.995,120,False,1,1
7,29,28,4.611559422881545,True,100.0,0.995,120,False,1,1
7,28,38,2.924481246697818,True,100.0,0.995,120,True,1,1
7,38,28,2.924481246697818,True,100.0,0.995,120,True,1,1
7,28,58,3.1816428582456364,True,100.0,0.995,120,True,1,1
7,58,28,3.1816428582456364,True,100.0,0.995,120,True,1,1
7,28,61,3.016930471015392,True,100.0,0.995,120,True,1,1
7,61,28,3.016930471015392,True,100.0,0.995,120,True,1,1
7,29,30,4.61997363518855,True,100.0,0.995,120,False,1,1
7,30,29,4.61997363518855,True,100.0,0.995,120,False,1,1
7,29,39,0.9218630318754175,True,100.0,0.995,120,True,1,1
7,39,29,0.9218630318754175,True,100.0,0.995,120,True,1,1
7,29,59,2.2227022206091975,True,100.0,0.995,120,True,1,1
7,59,29,2.2227022206091975,True,100.0,0.995,120,True,1,1
7,29,62,2.941768356111023,True,100.0,0.995,120,True,1,1
7,62,29,2.941768356111023,True,100.0,0.995,120,True,1,1
7,30,40,3.941975124374822,True,100.0,0.995,120,True,1,1
7,40,30,3.941975124374822,True,100.0,0.995,120,True,1,1
7,30,60,1.9865074133609717,True,100.0,0.995,120,True,1,1
7,60,30,1.9865074133609717,True,100.0,0.995,120,True,1,1
7,30,63,2.728625843202671,True,100.0,0.995,120,True,1,1
7,63,30,2.728625843202671,True,100.0,0.995,120,True,1,1
7,30,64,7.763543606215784,True,100.0,0.995,120,True,1,1
7,64,30,7.763543606215784,True,100.0,0.995,120,True,1,1
7,31,32,0.9706030467965825,True,100.0,0.995,120,False,1,1
7,32,31,0.9706030467965825,True,100.0,0.995,120,False,1,1
7,32,33,3.642083119059625,True,100.0,0.995,120,False,1,1
7,33,32,3.642083119059625,True,100.0,0.995,120,False,1,1
7,33,34,4.60034295793572,True,100.0,0.995,120,False,1,1
7,34,33,4.60034295793572,True,100.0,0.995,120,False,1,1
7,34,35,0.07232206437121068,True,100.0,0.995,120,False,1,1
7,35,34,0.07232206437121068,True,100.0,0.995,120,False,1,1
7,35,36,2.3148630417816234,True,100.0,0.995,120,False,1,1
7,36,35,2.3148630417816234,True,100.0,0.995,120,False,1,1
7,37,38,8.014108943888,True,100.0,0.995,120,False,1,1
7,38,37,8.014108943888,True,100.0,0.995,120,False,1,1
7,37,50,3.4208213597934183,True,100.0,0.995,120,True,1,1
7,50,37,3.4208213597934183,True,100.0,0.995,120,True,1,1
7,37,51,1.5049103062718283,True,100.0,0.995,120,True,1,1
7,51,37,1.5049103062718283,True,100.0,0.995,120,True,1,1
7,37,52,1.8154997302310032,True,100.0,0.995,120,True,1,1
7,52,37,1.8154997302310032,True,100.0,0.995,120,True,1,1
7,37,55,1.337986985299307,True,100.0,0.995,120,True,1,1
7,55,37,1.337986985299307,True,100.0,0.995,120,True,1,1
7,38,39,8.020168480447687,True,100.0,0.995,120,False,1,1
7,39,38,8.020168480447687,True,100.0,0.995,120,False,1,1
7,38,53,2.2017795584386306,True,100.0,0.995,120,True,1,1
7,53,38,2.2017795584386306,True,100.0,0.995,120,True,1,1
7,38,54,0.7346906614580503,True,100.0,0.995,120,True,1,1
7,54,38,0.7346906614580503,True,100.0,0.995,120,True,1,1
7,38,58,1.5732992724461496,True,100.0,0.995,120,True,1,1
7,58,38,1.5732992724461496,True,100.0,0.995,120,True,1,1
7,38,61,2.164383784797584,True,100.0,0.995,120,True,1,1
7,61,38,2.164383784797584,True,100.0,0.995,120,True,1,1
7,39,40,8.016686741765858,True,100.0,0.995,120,False,1,1
7,40,39,8.016686741765858,True,100.0,0.995,120,False,1,1
7,39,59,2.0335828034724805,True,100.0,0.995,120,True,1,1
7,59,39,2.0335828034724805,True,100.0,0.995,120,True,1,1
7,39,60,3.3706706229455317,True,100.0,0.995,120,True,1,1
7,60,39,3.3706706229455317,True,100.0,0.995,120,True,1,1
7,39,62,2.8204826708332456,True,100.0,0.995,120,True,1,1
7,62,39,2.8204826708332456,True,100.0,0.995,120,True,1,1
7,39,63,2.9213876544950126,True,100.0,0.995,120,True,1,1
7,63,39,2.9213876544950126,True,100.0,0.995,120,True,1,1
7,40,41,8.021374773250116,True,100.0,0.995,120,False,1,1
7,41,40,8.021374773250116,True,100.0,0.995,120,False,1,1
7,40,60,4.985271748383141,True,100.0,0.995,120,True,1,1
7,60,40,4.985271748383141,True,100.0,0.995,120,True,1,1
7,40,64,3.9315869827996157,True,100.0,0.995,120,True,1,1
7,64,40,3.9315869827996157,True,100.0,0.995,120,True,1,1
7,40,65,8.391938466789416,True,100.0,0.995,120,True,1,1
7,65,40,8.391938466789416,True,100.0,0.995,120,True,1,1
7,41,42,8.017028908452648,True,100.0,0.995,120,False,1,1
7,42,41,8.017028908452648,True,100.0,0.995,120,False,1,1
7,41,64,4.405728652645497,True,100.0,0.995,120,True,1,1
7,64,41,4.405728652645497,True,100.0,0.995,120,True,1,1
7,41,65,0.9216227829689216,True,100.0,0.995,120,True,1,1
7,65,41,0.9216227829689216,True,100.0,0.995,120,True,1,1
7,41,66,8.476904117898979,True,100.0,0.995,120,True,1,1
7,66,41,8.476904117898979,True,100.0,0.995,120,True,1,1
7,42,64,12.174065649301054,True,100.0,0.995,120,True,1,1
7,64,42,12.174065649301054,True,100.0,0.995,120,True,1,1
7,42,65,7.64124521140763,True,100.0,0.995,120,True,1,1
7,65,42,7.64124521140763,True,100.0,0.995,120,True,1,1
7,42,66,0.5037788963807786,True,100.0,0.995,120,True,1,1
7,66,42,0.5037788963807786,True,100.0,0.995,120,True,1,1
7,43,44,4.621229368272742,True,100.0,0.995,120,False,1,1
7,44,43,4.621229368272742,True,100.0,0.995,120,False,1,1
7,44,45,4.6171077181198195,True,100.0,0.995,120,False,1,1
7,45,44,4.6171077181198195,True,100.0,0.995,120,False,1,1
7,45,46,4.612088905082277,True,100.0,0.995,120,False,1,1
7,46,45,4.612088905082277,True,100.0,0.995,120,False,1,1
7,46,47,4.630020864171797,True,100.0,0.995,120,False,1,1
7,47,46,4.630020864171797,True,100.0,0.995,120,False,1,1
7,47,48,4.599729180875263,True,100.0,0.995,120,False,1,1
7,48,47,4.599729180875263,True,100.0,0.995,120,False,1,1
7,49,50,4.616456927455552,True,100.0,0.995,120,False,1,1
7,50,49,4.616456927455552,True,100.0,0.995,120,False,1,1
7,50,51,4.635912500619936,True,100.0,0.995,120,False,1,1
7,51,50,4.635912500619936,True,100.0,0.995,120,False,1,1
7,50,55,3.8695307358058315,True,100.0,0.995,120,True,1,1
7,55,50,3.8695307358058315,True,100.0,0.995,120,True,1,1
7,51,52,1.4499483808430074,True,100.0,0.995,120,False,1,1
7,52,51,1.4499483808430074,True,100.0,0.995,120,False,1,1
7,51,55,1.0049815627481782,True,100.0,0.995,120,True,1,1
7,55,51,1.0049815627481782,True,100.0,0.995,120,True,1,1
7,51,56,0.9750876646294281,True,100.0,0.995,120,True,1,1
7,56,51,0.9750876646294281,True,100.0,0.995,120,True,1,1
7,51,57,2.8347710008743645,True,100.0,0.995,120,True,1,1
7,57,51,2.8347710008743645,True,100.0,0.995,120,True,1,1
7,52,53,4.494102242463545,True,100.0,0.995,120,False,1,1
7,53,52,4.494102242463545,True,100.0,0.995,120,False,1,1
7,52,55,2.2852749770140814,True,100.0,0.995,120,True,1,1
7,55,52,2.2852749770140814,True,100.0,0.995,120,True,1,1
7,52,56,2.2260242477170546,True,100.0,0.995,120,True,1,1
7,56,52,2.2260242477170546,True,100.0,0.995,120,True,1,1
7,53,54,1.9837924965156069,True,100.0,0.995,120,False,1,1
7,54,53,1.9837924965156069,True,100.0,0.995,120,False,1,1
7,53,57,1.9743702138654666,True,100.0,0.995,120,True,1,1
7,57,53,1.9743702138654666,True,100.0,0.995,120,True,1,1
7,53,58,2.699727756130536,True,100.0,0.995,120,True,1,1
7,58,53,2.699727756130536,True,100.0,0.995,120,True,1,1
7,54,58,1.0088498414227938,True,100.0,0.995,120,True,1,1
7,58,54,1.0088498414227938,True,100.0,0.995,120,True,1,1
7,54,61,1.6602862776141019,True,100.0,0.995,120,True,1,1
7,61,54,1.6602862776141019,True,100.0,0.995,120,True,1,1
7,55,56,1.3962410513007955,True,100.0,0.995,120,False,1,1
7,56,55,1.3962410513007955,True,100.0,0.995,120,False,1,1
7,56,57,2.223170422118377,True,100.0,0.995,120,False,1,1
7,57,56,2.223170422118377,True,100.0,0.995,120,False,1,1
7,57,58,4.410835196884931,True,100.0,0.995,120,False,1,1
7,58,57,4.410835196884931,True,100.0,0.995,120,False,1,1
7,58,59,5.923374595336571,True,100.0,0.995,120,False,1,1
7,59,58,5.923374595336571,True,100.0,0.995,120,False,1,1
7,58,61,0.7381185980854921,True,100.0,0.995,120,True,1,1
7,61,58,0.7381185980854921,True,100.0,0.995,120,True,1,1
7,59,60,4.676855952672002,True,100.0,0.995,120,False,1,1
7,60,59,4.676855952672002,True,100.0,0.995,120,False,1,1
7,59,62,0.7901111592542196,True,100.0,0.995,120,True,1,1
7,62,59,0.7901111592542196,True,100.0,0.995,120,True,1,1
7,60,63,0.8247119995271934,True,100.0,0.995,120,True,1,1
7,63,60,0.8247119995271934,True,100.0,0.995,120,True,1,1
7,61,62,4.62151143676249,True,100.0,0.995,120,False,1,1
7,62,61,4.62151143676249,True,100.0,0.995,120,False,1,1
7,62,63,4.614700003991795,True,100.0,0.995,120,False,1,1
7,63,62,4.614700003991795,True,100.0,0.995,120,False,1,1
7,63,64,9.203640603534778,True,100.0,0.995,120,False,1,1
7,64,63,9.203640603534778,True,100.0,0.995,120,False,1,1
7,64,65,4.613275701911787,True,100.0,0.995,120,False,1,1
7,65,64,4.613275701911787,True,100.0,0.995,120,False,1,1
7,65,66,8.081501688149187,True,100.0,0.995,120,False,1,1
7,66,65,8.081501688149187,True,100.0,0.995,120,False,1,1
8,1,2,4.608091473881609,True,100.0,0.995,120,False,1,1
8,2,1,4.608091473881609,True,100.0,0.995,120,False,1,1
8,1,43,11.075507306466875,True,100.0,0.995,120,True,1,1
8,43,1,11.075507306466875,True,100.0,0.995,120,True,1,1
8,1,44,6.672063695512417,True,100.0,0.995,120,True,1,1
8,44,1,6.672063695512417,True,100.0,0.995,120,True,1,1
8,1,45,2.6974678441561544,True,100.0,0.995,120,True,1,1
8,45,1,2.6974678441561544,True,100.0,0.995,120,True,1,1
8,1,46,3.5162804472797853,True,100.0,0.995,120,True,1,1
8,46,1,3.5162804472797853,True,100.0,0.995,120,True,1,1
8,2,3,4.6376855397888805,True,100.0,0.995,120,False,1,1
8,3,2,4.6376855397888805,True,100.0,0.995,120,False,1,1
8,2,44,11.013993425208085,True,100.0,0.995,120,True,1,1
8,44,2,11.013993425208085,True,100.0,0.995,120,True,1,1
8,2,45,6.57322849534911,True,100.0,0.995,120,True,1,1
8,45,2,6.57322849534911,True,100.0,0.995,120,True,1,1
8,2,46,2.451568409707206,True,100.0,0.995,120,True,1,1
8,46,2,2.451568409707206,True,100.0,0.995,120,True,1,1
8,2,47,3.3484311737057975,True,100.0,0.995,120,True,1,1
8,47,2,3.3484311737057975,True,100.0,0.995,120,True,1,1
8,3,4,2.9581652269103036,True,100.0,0.995,120,False,1,1
8,4,3,2.9581652269103036,True,100.0,0.995,120,False,1,1
8,3,19,3.752430523532292,True,100.0,0.995,120,True,1,1
8,19,3,3.752430523532292,True,100.0,0.995,120,True,1,1
8,3,45,10.979518556031547,True,100.0,0.995,120,True,1,1
8,45,3,10.979518556031547,True,100.0,0.995,120,True,1,1
8,3,46,6.5054313452748636,True,100.0,0.995,120,True,1,1
8,46,3,6.5054313452748636,True,100.0,0.995,120,True,1,1
8,3,47,2.1993680171960333,True,100.0,0.995,120,True,1,1
8,47,3,2.1993680171960333,True,100.0,0.995,120,True,1,1
8,3,48,3.139614900957975,True,100.0,0.995,120,True,1,1
8,48,3,3.139614900957975,True,100.0,0.995,120,True,1,1
8,4,5,1.64777813588213,True,100.0,0.995,120,False,1,1
8,5,4,1.64777813588213,True,100.0,0.995,120,False,1,1
8,4,19,0.8584630744292923,True,100.0,0.995,120,True,1,1
8,19,4,0.8584630744292923,True,100.0,0.995,120,True,1,1
8,4,47,4.834539859695542,True,100.0,0.995,120,True,1,1
8,47,4,4.834539859695542,True,100.0,0.995,120,True,1,1
8,4,48,1.1201263187738475,True,100.0,0.995,120,True,1,1
8,48,4,1.1201263187738475,True,100.0,0.995,120,True,1,1
8,5,6,4.624296754508087,True,100.0,0.995,120,False,1,1
8,6,5,4.624296754508087,True,100.0,0.995,120,False,1,1
8,5,19,0.8863240474336052,True,100.0,0.995,120,True,1,1
8,19,5,0.8863240474336052,True,100.0,0.995,120,True,1,1
8,5,20,5.743835744364922,True,100.0,0.995,120,True,1,1
8,20,5,5.743835744364922,True,100.0,0.995,120,True,1,1
8,5,48,1.9194516060986275,True,100.0,0.995,120,True,1,1
8,48,5,1.9194516060986275,True,100.0,0.995,120,True,1,1
8,6,20,1.1266226489794693,True,100.0,0.995,120,True,1,1
8,20,6,1.1266226489794693,True,100.0,0.995,120,True,1,1
8,6,21,1.44499854716778,True,100.0,0.995,120,True,1,1
8,21,6,1.44499854716778,True,100.0,0.995,120,True,1,1
8,6,22,3.752059901801364,True,100.0,0.995,120,True,1,1
8,22,6,3.752059901801364,True,100.0,0.995,120,True,1,1
8,6,31,3.09253550598267,True,100.0,0.995,120,True,1,1
8,31,6,3.09253550598267,True,100.0,0.995,120,True,1,1
8,7,8,4.621985394295686,True,100.0,0.995,120,False,1,1
8,8,7,4.621985394295686,True,100.0,0.995,120,False,1,1
8,7,42,13.923323935799756,True,100.0,0.995,120,True,1,1
8,42,7,13.923323935799756,True,100.0,0.995,120,True,1,1
8,7,66,13.435612680682505,True,100.0,0.995,120,True,1,1
8,66,7,13.435612680682505,True,100.0,0.995,120,True,1,1
8,8,9,3.371677294794557,True,100.0,0.995,120,False,1,1
8,9,8,3.371677294794557,True,100.0,0.995,120,False,1,1
8,9,10,5.853391467432233,True,100.0,0.995,120,False,1,1
8,10,9,5.853391467432233,True,100.0,0.995,120,False,1,1
8,10,11,4.589888521846114,True,100.0,0.995,120,False,1,1
8,11,10,4.589888521846114,True,100.0,0.995,120,False,1,1
8,10,43,12.272002716794738,True,100.0,0.995,120,True,1,1
8,43,10,12.272002716794738,True,100.0,0.995,120,True,1,1
8,11,12,4.645192463228723,True,100.0,0.995,120,False,1,1
8,12,11,4.645192463228723,True,100.0,0.995,120,False,1,1
8,11,43,7.968934349990547,True,100.0,0.995,120,True,1,1
8,43,11,7.968934349990547,True,100.0,0.995,120,True,1,1
8,11,44,12.3281668694135,True,100.0,0.995,120,True,1,1
8,44,11,12.3281668694135,True,100.0,0.995,120,True,1,1
8,12,43,3.800658766751884,True,100.0,0.995,120,True,1,1
8,43,12,3.800658766751884,True,100.0,0.995,120,True,1,1
8,12,44,7.898041305823976,True,100.0,0.995,120,True,1,1
8,44,12,7.898041305823976,True,100.0,0.995,120,True,1,1
8,12,45,12.263070528919673,True,100.0,0.995,120,True,1,1
8,45,12,12.263070528919673,True,100.0,0.995,120,True,1,1
8,13,14,0.09045734767055606,True,100.0,0.995,120,False,1,1
8,14,13,0.09045734767055606,True,100.0,0.995,120,False,1,1
8,13,23,2.3595227748650816,True,100.0,0.995,120,True,1,1
8,23,13,2.3595227748650816,True,100.0,0.995,120,True,1,1
8,13,24,2.2563535674114212,True,100.0,0.995,120,True,1,1
8,24,13,2.2563535674114212,True,100.0,0.995,120,True,1,1
8,13,33,5.352061343231848,True,100.0,0.995,120,True,1,1
8,33,13,5.352061343231848,True,100.0,0.995,120,True,1,1
8,13,34,0.8245722168252653,True,100.0,0.995,120,True,1,1
8,34,13,0.8245722168252653,True,100.0,0.995,120,True,1,1
8,13,35,0.7848535670775538,True,100.0,0.995,120,True,1,1
8,35,13,0.7848535670775538,True,100.0,0.995,120,True,1,1
8,13,36,1.662822952192322,True,100.0,0.995,120,True,1,1
8,36,13,1.662822952192322,True,100.0,0.995,120,True,1,1
8,14,15,4.55835169803896,True,100.0,0.995,120,False,1,1
8,15,14,4.55835169803896,True,100.0,0.995,120,False,1,1
8,14,24,2.217627147665408,True,100.0,0.995,120,True,1,1
8,24,14,2.217627147665408,True,100.0,0.995,120,True,1,1
8,14,34,0.8327491187556372,True,100.0,0.995,120,True,1,1
8,34,14,0.8327491187556372,True,100.0,0.995,120,True,1,1
8,14,35,0.7867468896836092,True,100.0,0.995,120,True,1,1
8,35,14,0.7867468896836092,True,100.0,0.995,120,True,1,1
8,14,36,1.6109888915190413,True,100.0,0.995,120,True,1,1
8,36,14,1.6109888915190413,True,100.0,0.995,120,True,1,1
8,15,16,1.424674759274698,True,100.0,0.995,120,False,1,1
8,16,15,1.424674759274698,True,100.0,0.995,120,False,1,1
8,15,24,2.3491656497665545,True,100.0,0.995,120,True,1,1
8,24,15,2.3491656497665545,True,100.0,0.995,120,True,1,1
8,15,25,4.080936991775917,True,100.0,0.995,120,True,1,1
8,25,15,4.080936991775917,True,100.0,0.995,120,True,1,1
8,15,36,3.011553624563373,True,100.0,0.995,120,True,1,1
8,36,15,3.011553624563373,True,100.0,0.995,120,True,1,1
8,16,17,0.8909438079773541,True,100.0,0.995,120,False,1,1
8,17,16,0.8909438079773541,True,100.0,0.995,120,False,1,1
8,16,24,3.7664942416104696,True,100.0,0.995,120,True,1,1
8,24,16,3.7664942416104696,True,100.0,0.995,120,True,1,1
8,16,25,2.6671181668612607,True,100.0,0.995,120,True,1,1
8,25,16,2.6671181668612607,True,100.0,0.995,120,True,1,1
8,16,36,4.4146669733213155,True,100.0,0.995,120,True,1,1
8,36,16,4.4146669733213155,True,100.0,0.995,120,True,1,1
8,17,18,4.597283672445661,True,100.0,0.995,120,False,1,1
8,18,17,4.597283672445661,True,100.0,0.995,120,False,1,1
8,17,24,4.65400347830644,True,100.0,0.995,120,True,1,1
8,24,17,4.65400347830644,True,100.0,0.995,120,True,1,1
8,17,25,1.8228543044742456,True,100.0,0.995,120,True,1,1
8,25,17,1.8228543044742456,True,100.0,0.995,120,True,1,1
8,17,36,5.303770140032811,True,100.0,0.995,120,True,1,1
8,36,17,5.303770140032811,True,100.0,0.995,120,True,1,1
8,18,25,2.876004036980327,True,100.0,0.995,120,True,1,1
8,25,18,2.876004036980327,True,100.0,0.995,120,True,1,1
8,18,26,6.302676199986812,True,100.0,0.995,120,True,1,1
8,26,18,6.302676199986812,True,100.0,0.995,120,True,1,1
8,18,49,2.2351689453950283,True,100.0,0.995,120,True,1,1
8,49,18,2.2351689453950283,True,100.0,0.995,120,True,1,1
8,19,20,6.5986816846659915,True,100.0,0.995,120,False,1,1
8,20,19,6.5986816846659915,True,100.0,0.995,120,False,1,1
8,19,48,1.1046577512453724,True,100.0,0.995,120,True,1,1
8,48,19,1.1046577512453724,True,100.0,0.995,120,True,1,1
8,20,21,0.3195048744629728,True,100.0,0.995,120,False,1,1
8,21,20,0.3195048744629728,True,100.0,0.995,120,False,1,1
8,20,31,1.9698518441645188,True,100.0,0.995,120,True,1,1
8,31,20,1.9698518441645188,True,100.0,0.995,120,True,1,1
8,20,32,2.9392370263491645,True,100.0,0.995,120,True,1,1
8,32,20,2.9392370263491645,True,100.0,0.995,120,True,1,1
8,21,22,2.313772864513205,True,100.0,0.995,120,False,1,1
8,22,21,2.313772864513205,True,100.0,0.995,120,False,1,1
8,21,31,1.6543444450332492,True,100.0,0.995,120,True,1,1
8,31,21,1.6543444450332492,True,100.0,0.995,120,True,1,1
8,21,32,2.623731271899385,True,100.0,0.995,120,True,1,1
8,32,21,2.623731271899385,True,100.0,0.995,120,True,1,1
8,22,23,6.936247680849805,True,100.0,0.995,120,False,1,1
8,23,22,6.936247680849805,True,100.0,0.995,120,False,1,1
8,22,31,0.6597226138136129,True,100.0,0.995,120,True,1,1
8,31,22,0.6597226138136129,True,100.0,0.995,120,True,1,1
8,22,32,0.3125538327904881,True,100.0,0.995,120,True,1,1
8,32,22,0.3125538327904881,True,100.0,0.995,120,True,1,1
8,22,33,3.9515402173640735,True,100.0,0.995,120,True,1,1
8,33,22,3.9515402173640735,True,100.0,0.995,120,True,1,1
8,23,24,4.607763078038308,True,100.0,0.995,120,False,1,1
8,24,23,4.607763078038308,True,100.0,0.995,120,False,1,1
8,23,33,3.003964967798439,True,100.0,0.995,120,True,1,1
8,33,23,3.003964967798439,True,100.0,0.995,120,True,1,1
8,23,34,1.624372405695472,True,100.0,0.995,120,True,1,1
8,34,23,1.624372405695472,True,100.0,0.995,120,True,1,1
8,23,35,1.681260291476557,True,100.0,0.995,120,True,1,1
8,35,23,1.681260291476557,True,100.0,0.995,120,True,1,1
8,24,36,0.7154204967686983,True,100.0,0.995,120,True,1,1
8,36,24,0.7154204967686983,True,100.0,0.995,120,True,1,1
8,25,26,9.056682998588931,True,100.0,0.995,120,False,1,1
8,26,25,9.056682998588931,True,100.0,0.995,120,False,1,1
8,25,49,4.423983845370418,True,100.0,0.995,120,True,1,1
8,49,25,4.423983845370418,True,100.0,0.995,120,True,1,1
8,26,27,4.80736782579097,True,100.0,0.995,120,False,1,1
8,27,26,4.80736782579097,True,100.0,0.995,120,False,1,1
8,26,37,3.209404470765265,True,100.0,0.995,120,True,1,1
8,37,26,3.209404470765265,True,100.0,0.995,120,True,1,1
8,26,49,5.002794998801156,True,100.0,0.995,120,True,1,1
8,49,26,5.002794998801156,True,100.0,0.995,120,True,1,1
8,26,50,1.3549323754960112,True,100.0,0.995,120,True,1,1
8,50,26,1.3549323754960112,True,100.0,0.995,120,True,1,1
8,26,55,4.085052075063758,True,100.0,0.995,120,True,1,1
8,55,26,4.085052075063758,True,100.0,0.995,120,True,1,1
8,27,28,9.015679724962693,True,100.0,0.995,120,False,1,1
8,28,27,9.015679724962693,True,100.0,0.995,120,False,1,1
8,27,37,1.8882132298984913,True,100.0,0.995,120,True,1,1
8,37,27,1.8882132298984913,True,100.0,0.995,120,True,1,1
8,27,51,1.4714278017173839,True,100.0,0.995,120,True,1,1
8,51,27,1.4714278017173839,True,100.0,0.995,120,True,1,1
8,27,52,0.07612497816674091,True,100.0,0.995,120,True,1,1
8,52,27,0.07612497816674091,True,100.0,0.995,120,True,1,1
8,27,56,2.223678142155777,True,100.0,0.995,120,True,1,1
8,56,27,2.223678142155777,True,100.0,0.995,120,True,1,1
8,27,57,3.182940038555478,True,100.0,0.995,120,True,1,1
8,57,27,3.182940038555478,True,100.0,0.995,120,True,1,1
8,28,29,4.611568387344224,True,100.0,0.995,120,False,1,1
8,29,28,4.611568387344224,True,100.0,0.995,120,False,1,1
8,28,38,2.9283079169000232,True,100.0,0.995,120,True,1,1
8,38,28,2.9283079169000232,True,100.0,0.995,120,True,1,1
8,28,58,3.1812248235970175,True,100.0,0.995,120,True,1,1
8,58,28,3.1812248235970175,True,100.0,0.995,120,True,1,1
8,28,61,3.0130574109121095,True,100.0,0.995,120,True,1,1
8,61,28,3.0130574109121095,True,100.0,0.995,120,True,1,1
8,29,30,4.620028595470966,True,100.0,0.995,120,False,1,1
8,30,29,4.620028595470966,True,100.0,0.995,120,False,1,1
8,29,39,0.9165323329527192,True,100.0,0.995,120,True,1,1
8,39,29,0.9165323329527192,True,100.0,0.995,120,True,1,1
8,29,59,2.2146236709666844,True,100.0,0.995,120,True,1,1
8,59,29,2.2146236709666844,True,100.0,0.995,120,True,1,1
8,29,62,2.9331908130778896,True,100.0,0.995,120,True,1,1
8,62,29,2.9331908130778896,True,100.0,0.995,120,True,1,1
8,30,40,3.937009738768312,True,100.0,0.995,120,True,1,1
8,40,30,3.937009738768312,True,100.0,0.995,120,True,1,1
8,30,60,1.9750496600788319,True,100.0,0.995,120,True,1,1
8,60,30,1.9750496600788319,True,100.0,0.995,120,True,1,1
8,30,63,2.7165224707440028,True,100.0,0.995,120,True,1,1
8,63,30,2.7165224707440028,True,100.0,0.995,120,True,1,1
8,30,64,7.7585769529677036,True,100.0,0.995,120,True,1,1
8,64,30,7.7585769529677036,True,100.0,0.995,120,True,1,1
8,31,32,0.969818213384262,True,100.0,0.995,120,False,1,1
8,32,31,0.969818213384262,True,100.0,0.995,120,False,1,1
8,32,33,3.642949456480603,True,100.0,0.995,120,False,1,1
8,33,32,3.642949456480603,True,100.0,0.995,120,False,1,1
8,33,34,4.599646581234095,True,100.0,0.995,120,False,1,1
8,34,33,4.599646581234095,True,100.0,0.995,120,False,1,1
8,34,35,0.073016896020735,True,100.0,0.995,120,False,1,1
8,35,34,0.073016896020735,True,100.0,0.995,120,False,1,1
8,35,36,2.314203820507469,True,100.0,0.995,120,False,1,1
8,36,35,2.314203820507469,True,100.0,0.995,120,False,1,1
8,37,38,8.014206300880602,True,100.0,0.995,120,False,1,1
8,38,37,8.014206300880602,True,100.0,0.995,120,False,1,1
8,37,50,3.4172018752865916,True,100.0,0.995,120,True,1,1
8,50,37,3.4172018752865916,True,100.0,0.995,120,True,1,1
8,37,51,1.5094868095507095,True,100.0,0.995,120,True,1,1
8,51,37,1.5094868095507095,True,100.0,0.995,120,True,1,1
8,37,52,1.8199189098501505,True,100.0,0.995,120,True,1,1
8,52,37,1.8199189098501505,True,100.0,0.995,120,True,1,1
8,37,55,1.3421342543856272,True,100.0,0.995,120,True,1,1
8,55,37,1.3421342543856272,True,100.0,0.995,120,True,1,1
8,38,39,8.02022033852922,True,100.0,0.995,120,False,1,1
8,39,38,8.02022033852922,True,100.0,0.995,120,False,1,1
8,38,53,2.197696246242231,True,100.0,0.995,120,True,1,1
8,53,38,2.197696246242231,True,100.0,0.995,120,True,1,1
8,38,54,0.7335994898368572,True,100.0,0.995,120,True,1,1
8,54,38,0.7335994898368572,True,100.0,0.995,120,True,1,1
8,38,58,1.5723570500078854,True,100.0,0.995,120,True,1,1
8,58,38,1.5723570500078854,True,100.0,0.995,120,True,1,1
8,38,61,2.1649856135959107,True,100.0,0.995,120,True,1,1
8,61,38,2.1649856135959107,True,100.0,0.995,120,True,1,1
8,39,40,8.01671229277163,True,100.0,0.995,120,False,1,1
8,40,39,8.01671229277163,True,100.0,0.995,120,False,1,1
8,39,59,2.026704810898345,True,100.0,0.995,120,True,1,1
8,59,39,2.026704810898345,True,100.0,0.995,120,True,1,1
8,39,60,3.37208044345715,True,100.0,0.995,120,True,1,1
8,60,39,3.37208044345715,True,100.0,0.995,120,True,1,1
8,39,62,2.8127154987572567,True,100.0,0.995,120,True,1,1
8,62,39,2.8127154987572567,True,100.0,0.995,120,True,1,1
8,39,63,2.9198154598534845,True,100.0,0.995,120,True,1,1
8,63,39,2.9198154598534845,True,100.0,0.995,120,True,1,1
8,40,41,8.02136479929559,True,100.0,0.995,120,False,1,1
8,41,40,8.02136479929559,True,100.0,0.995,120,False,1,1
8,40,60,4.979112433328472,True,100.0,0.995,120,True,1,1
8,60,40,4.979112433328472,True,100.0,0.995,120,True,1,1
8,40,64,3.93053235577943,True,100.0,0.995,120,True,1,1
8,64,40,3.93053235577943,True,100.0,0.995,120,True,1,1
8,40,65,8.393868432582911,True,100.0,0.995,120,True,1,1
8,65,40,8.393868432582911,True,100.0,0.995,120,True,1,1
8,41,42,8.017073377683603,True,100.0,0.995,120,False,1,1
8,42,41,8.017073377683603,True,100.0,0.995,120,False,1,1
8,41,64,4.39766309085424,True,100.0,0.995,120,True,1,1
8,64,41,4.39766309085424,True,100.0,0.995,120,True,1,1
8,41,65,0.9069309489944465,True,100.0,0.995,120,True,1,1
8,65,41,0.9069309489944465,True,100.0,0.995,120,True,1,1
8,41,66,8.4773596237631,True,100.0,0.995,120,True,1,1
8,66,41,8.4773596237631,True,100.0,0.995,120,True,1,1
8,42,64,12.168929843745111,True,100.0,0.995,120,True,1,1
8,64,42,12.168929843745111,True,100.0,0.995,120,True,1,1
8,42,65,7.63580660485517,True,100.0,0.995,120,True,1,1
8,65,42,7.63580660485517,True,100.0,0.995,120,True,1,1
8,42,66,0.5000808286559605,True,100.0,0.995,120,True,1,1
8,66,42,0.5000808286559605,True,100.0,0.995,120,True,1,1
8,43,44,4.62114677189967,True,100.0,0.995,120,False,1,1
8,44,43,4.62114677189967,True,100.0,0.995,120,False,1,1
8,44,45,4.617062135370069,True,100.0,0.995,120,False,1,1
8,45,44,4.617062135370069,True,100.0,0.995,120,False,1,1
8,45,46,4.6120024171455585,True,100.0,0.995,120,False,1,1
8,46,45,4.6120024171455585,True,100.0,0.995,120,False,1,1
8,46,47,4.629972966734011,True,100.0,0.995,120,False,1,1
8,47,46,4.629972966734011,True,100.0,0.995,120,False,1,1
8,47,48,4.599665823382267,True,100.0,0.995,120,False,1,1
8,48,47,4.599665823382267,True,100.0,0.995,120,False,1,1
8,49,50,4.616507628996261,True,100.0,0.995,120,False,1,1
8,50,49,4.616507628996261,True,100.0,0.995,120,False,1,1
8,50,51,4.636018986223182,True,100.0,0.995,120,False,1,1
8,51,50,4.636018986223182,True,100.0,0.995,120,False,1,1
8,50,55,3.8677895523415993,True,100.0,0.995,120,True,1,1
8,55,50,3.8677895523415993,True,100.0,0.995,120,True,1,1
8,51,52,1.452788982606557,True,100.0,0.995,120,False,1,1
8,52,51,1.452788982606557,True,100.0,0.995,120,False,1,1
8,51,55,1.0076277676199128,True,100.0,0.995,120,True,1,1
8,55,51,1.0076277676199128,True,100.0,0.995,120,True,1,1
8,51,56,0.9748487414355107,True,100.0,0.995,120,True,1,1
8,56,51,0.9748487414355107,True,100.0,0.995,120,True,1,1
8,51,57,2.836615550899116,True,100.0,0.995,120,True,1,1
8,57,51,2.836615550899116,True,100.0,0.995,120,True,1,1
8,52,53,4.494703551002921,True,100.0,0.995,120,False,1,1
8,53,52,4.494703551002921,True,100.0,0.995,120,False,1,1
8,52,55,2.290368588852854,True,100.0,0.995,120,True,1,1
8,55,52,2.290368588852854,True,100.0,0.995,120,True,1,1
8,52,56,2.2302738135818925,True,100.0,0.995,120,True,1,1
8,56,52,2.2302738135818925,True,100.0,0.995,120,True,1,1
8,53,54,1.9839916145246912,True,100.0,0.995,120,False,1,1
8,54,53,1.9839916145246912,True,100.0,0.995,120,False,1,1
8,53,57,1.9729696541365591,True,100.0,0.995,120,True,1,1
8,57,53,1.9729696541365591,True,100.0,0.995,120,True,1,1
8,53,58,2.696816903511115,True,100.0,0.995,120,True,1,1
8,58,53,2.696816903511115,True,100.0,0.995,120,True,1,1
8,54,58,1.006501598809228,True,100.0,0.995,120,True,1,1
8,58,54,1.006501598809228,True,100.0,0.995,120,True,1,1
8,54,61,1.6594457842032262,True,100.0,0.995,120,True,1,1
8,61,54,1.6594457842032262,True,100.0,0.995,120,True,1,1
8,55,56,1.3953854552320435,True,100.0,0.995,120,False,1,1
8,56,55,1.3953854552320435,True,100.0,0.995,120,False,1,1
8,56,57,2.227894727161304,True,100.0,0.995,120,False,1,1
8,57,56,2.227894727161304,True,100.0,0.995,120,False,1,1
8,57,58,4.406274368189488,True,100.0,0.995,120,False,1,1
8,58,57,4.406274368189488,True,100.0,0.995,120,False,1,1
8,58,59,5.926376336269949,True,100.0,0.995,120,False,1,1
8,59,58,5.926376336269949,True,100.0,0.995,120,False,1,1
8,58,61,0.74051688688548,True,100.0,0.995,120,True,1,1
8,61,58,0.74051688688548,True,100.0,0.995,120,True,1,1
8,59,60,4.676887087499511,True,100.0,0.995,120,False,1,1
8,60,59,4.676887087499511,True,100.0,0.995,120,False,1,1
8,59,62,0.7892552148211269,True,100.0,0.995,120,True,1,1
8,62,59,0.7892552148211269,True,100.0,0.995,120,True,1,1
8,60,63,0.823503565898062,True,100.0,0.995,120,True,1,1
8,63,60,0.823503565898062,True,100.0,0.995,120,True,1,1
8,61,62,4.621536198588395,True,100.0,0.995,120,False,1,1
8,62,61,4.621536198588395,True,100.0,0.995,120,False,1,1
8,62,63,4.614741553568586,True,100.0,0.995,120,False,1,1
8,63,62,4.614741553568586,True,100.0,0.995,120,False,1,1
8,63,64,9.20362756692462,True,100.0,0.995,120,False,1,1
8,64,63,9.20362756692462,True,100.0,0.995,120,False,1,1
8,64,65,4.613285638148126,True,100.0,0.995,120,False,1,1
8,65,64,4.613285638148126,True,100.0,0.995,120,False,1,1
8,65,66,8.078557330702072,True,100.0,0.995,120,False,1,1
8,66,65,8.078557330702072,True,100.0,0.995,120,False,1,1
9,1,2,4.608010743296146,True,100.0,0.995,120,False,1,1
9,2,1,4.608010743296146,True,100.0,0.995,120,False,1,1
9,1,43,11.073028361041603,True,100.0,0.995,120,True,1,1
9,43,1,11.073028361041603,True,100.0,0.995,120,True,1,1
9,1,44,6.6674895666434075,True,100.0,0.995,120,True,1,1
9,44,1,6.6674895666434075,True,100.0,0.995,120,True,1,1
9,1,45,2.6851612177350055,True,100.0,0.995,120,True,1,1
9,45,1,2.6851612177350055,True,100.0,0.995,120,True,1,1
9,1,46,3.5063149119357733,True,100.0,0.995,120,True,1,1
9,46,1,3.5063149119357733,True,100.0,0.995,120,True,1,1
9,2,3,4.637626925076581,True,100.0,0.995,120,False,1,1
9,3,2,4.637626925076581,True,100.0,0.995,120,False,1,1
9,2,44,11.010778337935553,True,100.0,0.995,120,True,1,1
9,44,2,11.010778337935553,True,100.0,0.995,120,True,1,1
9,2,45,6.567726354888763,True,100.0,0.995,120,True,1,1
9,45,2,6.567726354888763,True,100.0,0.995,120,True,1,1
9,2,46,2.436909562578751,True,100.0,0.995,120,True,1,1
9,46,2,2.436909562578751,True,100.0,0.995,120,True,1,1
9,2,47,3.338058970977001,True,100.0,0.995,120,True,1,1
9,47,2,3.338058970977001,True,100.0,0.995,120,True,1,1
9,3,4,2.957321216017983,True,100.0,0.995,120,False,1,1
9,4,3,2.957321216017983,True,100.0,0.995,120,False,1,1
9,3,19,3.7511419269749435,True,100.0,0.995,120,True,1,1
9,19,3,3.7511419269749435,True,100.0,0.995,120,True,1,1
9,3,45,10.975923124954148,True,100.0,0.995,120,True,1,1
9,45,3,10.975923124954148,True,100.0,0.995,120,True,1,1
9,3,46,6.499732330207503,True,100.0,0.995,120,True,1,1
9,46,3,6.499732330207503,True,100.0,0.995,120,True,1,1
9,3,47,2.183898306130564,True,100.0,0.995,120,True,1,1
9,47,3,2.183898306130564,True,100.0,0.995,120,True,1,1
9,3,48,3.1301146300780105,True,100.0,0.995,120,True,1,1
9,48,3,3.1301146300780105,True,100.0,0.995,120,True,1,1
9,4,5,1.6483316868966205,True,100.0,0.995,120,False,1,1
9,5,4,1.6483316868966205,True,100.0,0.995,120,False,1,1
9,4,19,0.8545268013411532,True,100.0,0.995,120,True,1,1
9,19,4,0.8545268013411532,True,100.0,0.995,120,True,1,1
9,4,47,4.82595418099205,True,100.0,0.995,120,True,1,1
9,47,4,4.82595418099205,True,100.0,0.995,120,True,1,1
9,4,48,1.0912578785239095,True,100.0,0.995,120,True,1,1
9,48,4,1.0912578785239095,True,100.0,0.995,120,True,1,1
9,5,6,4.624264204905776,True,100.0,0.995,120,False,1,1
9,6,5,4.624264204905776,True,100.0,0.995,120,False,1,1
9,5,19,0.8852375039012993,True,100.0,0.995,120,True,1,1
9,19,5,0.8852375039012993,True,100.0,0.995,120,True,1,1
9,5,20,5.743516340020339,True,100.0,0.995,120,True,1,1
9,20,5,5.743516340020339,True,100.0,0.995,120,True,1,1
9,5,48,1.906842082613278,True,100.0,0.995,120,True,1,1
9,48,5,1.906842082613278,True,100.0,0.995,120,True,1,1
9,6,20,1.1261051967099749,True,100.0,0.995,120,True,1,1
9,20,6,1.1261051967099749,True,100.0,0.995,120,True,1,1
9,6,21,1.44403166394966,True,100.0,0.995,120,True,1,1
9,21,6,1.44403166394966,True,100.0,0.995,120,True,1,1
9,6,22,3.751344123200747,True,100.0,0.995,120,True,1,1
9,22,6,3.751344123200747,True,100.0,0.995,120,True,1,1
9,6,31,3.092221858201998,True,100.0,0.995,120,True,1,1
9,31,6,3.092221858201998,True,100.0,0.995,120,True,1,1
9,7,8,4.621978093884735,True,100.0,0.995,120,False,1,1
9,8,7,4.621978093884735,True,100.0,0.995,120,False,1,1
9,7,42,13.928223183165242,True,100.0,0.995,120,True,1,1
9,42,7,13.928223183165242,True,100.0,0.995,120,True,1,1
9,7,66,13.441135698395605,True,100.0,0.995,120,True,1,1
9,66,7,13.441135698395605,True,100.0,0.995,120,True,1,1
9,8,9,3.3712868532540674,True,100.0,0.995,120,False,1,1
9,9,8,3.3712868532540674,True,100.0,0.995,120,False,1,1
9,9,10,5.8537655778007105,True,100.0,0.995,120,False,1,1
9,10,9,5.8537655778007105,True,100.0,0.995,120,False,1,1
9,10,11,4.589863970098428,True,100.0,0.995,120,False,1,1
9,11,10,4.589863970098428,True,100.0,0.995,120,False,1,1
9,10,43,12.272580836987657,True,100.0,0.995,120,True,1,1
9,43,10,12.272580836987657,True,100.0,0.995,120,True,1,1
9,11,12,4.645182533203484,True,100.0,0.995,120,False,1,1
9,12,11,4.645182533203484,True,100.0,0.995,120,False,1,1
9,11,43,7.969078874831529,True,100.0,0.995,120,True,1,1
9,43,11,7.969078874831529,True,100.0,0.995,120,True,1,1
9,11,44,12.327596163785554,True,100.0,0.995,120,True,1,1
9,44,11,12.327596163785554,True,100.0,0.995,120,True,1,1
9,12,43,3.799273601921337,True,100.0,0.995,120,True,1,1
9,43,12,3.799273601921337,True,100.0,0.995,120,True,1,1
9,12,44,7.896503914896802,True,100.0,0.995,120,True,1,1
9,44,12,7.896503914896802,True,100.0,0.995,120,True,1,1
9,12,45,12.261544414437966,True,100.0,0.995,120,True,1,1
9,45,12,12.261544414437966,True,100.0,0.995,120,True,1,1
9,13,14,0.09203425769846492,True,100.0,0.995,120,False,1,1
9,14,13,0.09203425769846492,True,100.0,0.995,120,False,1,1
9,13,23,2.3595822060273988,True,100.0,0.995,120,True,1,1
9,23,13,2.3595822060273988,True,100.0,0.995,120,True,1,1
9,13,24,2.256417287673074,True,100.0,0.995,120,True,1,1
9,24,13,2.256417287673074,True,100.0,0.995,120,True,1,1
9,13,33,5.351843451439066,True,100.0,0.995,120,True,1,1
9,33,13,5.351843451439066,True,100.0,0.995,120,True,1,1
9,13,34,0.8279867959541409,True,100.0,0.995,120,True,1,1
9,34,13,0.8279867959541409,True,100.0,0.995,120,True,1,1
9,13,35,0.7883015448453495,True,100.0,0.995,120,True,1,1
9,35,13,0.7883015448453495,True,100.0,0.995,120,True,1,1
9,13,36,1.6646364455985558,True,100.0,0.995,120,True,1,1
9,36,13,1.6646364455985558,True,100.0,0.995,120,True,1,1
9,14,15,4.55775065491736,True,100.0,0.995,120,False,1,1
9,15,14,4.55775065491736,True,100.0,0.995,120,False,1,1
9,14,24,2.216972418901008,True,100.0,0.995,120,True,1,1
9,24,14,2.216972418901008,True,100.0,0.995,120,True,1,1
9,14,34,0.8355397577683146,True,100.0,0.995,120,True,1,1
9,34,14,0.8355397577683146,True,100.0,0.995,120,True,1,1
9,14,35,0.7893842807831469,True,100.0,0.995,120,True,1,1
9,35,14,0.7893842807831469,True,100.0,0.995,120,True,1,1
9,14,36,1.6115248694648903,True,100.0,0.995,120,True,1,1
9,36,14,1.6115248694648903,True,100.0,0.995,120,True,1,1
9,15,16,1.4253095797828392,True,100.0,0.995,120,False,1,1
9,16,15,1.4253095797828392,True,100.0,0.995,120,False,1,1
9,15,24,2.349229888801887,True,100.0,0.995,120,True,1,1
9,24,15,2.349229888801887,True,100.0,0.995,120,True,1,1
9,15,25,4.083760917395856,True,100.0,0.995,120,True,1,1
9,25,15,4.083760917395856,True,100.0,0.995,120,True,1,1
9,15,36,3.012581500980139,True,100.0,0.995,120,True,1,1
9,36,15,3.012581500980139,True,100.0,0.995,120,True,1,1
9,16,17,0.8904504194368864,True,100.0,0.995,120,False,1,1
9,17,16,0.8904504194368864,True,100.0,0.995,120,False,1,1
9,16,24,3.767124263055981,True,100.0,0.995,120,True,1,1
9,24,16,3.767124263055981,True,100.0,0.995,120,True,1,1
9,16,25,2.669445126131507,True,100.0,0.995,120,True,1,1
9,25,16,2.669445126131507,True,100.0,0.995,120,True,1,1
9,16,36,4.415812864357467,True,100.0,0.995,120,True,1,1
9,36,16,4.415812864357467,True,100.0,0.995,120,True,1,1
9,17,18,4.597366316000243,True,100.0,0.995,120,False,1,1
9,18,17,4.597366316000243,True,100.0,0.995,120,False,1,1
9,17,24,4.654084293838696,True,100.0,0.995,120,True,1,1
9,24,17,4.654084293838696,True,100.0,0.995,120,True,1,1
9,17,25,1.8265021378151882,True,100.0,0.995,120,True,1,1
9,25,17,1.8265021378151882,True,100.0,0.995,120,True,1,1
9,17,36,5.304426174107947,True,100.0,0.995,120,True,1,1
9,36,17,5.304426174107947,True,100.0,0.995,120,True,1,1
9,18,25,2.8747936853587825,True,100.0,0.995,120,True,1,1
9,25,18,2.8747936853587825,True,100.0,0.995,120,True,1,1
9,18,26,6.303713044826408,True,100.0,0.995,120,True,1,1
9,26,18,6.303713044826408,True,100.0,0.995,120,True,1,1
9,18,49,2.2457665401764975,True,100.0,0.995,120,True,1,1
9,49,18,2.2457665401764975,True,100.0,0.995,120,True,1,1
9,19,20,6.599189626349639,True,100.0,0.995,120,False,1,1
9,20,19,6.599189626349639,True,100.0,0.995,120,False,1,1
9,19,48,1.091632191481406,True,100.0,0.995,120,True,1,1
9,48,19,1.091632191481406,True,100.0,0.995,120,True,1,1
9,20,21,0.31894659706618833,True,100.0,0.995,120,False,1,1
9,21,20,0.31894659706618833,True,100.0,0.995,120,False,1,1
9,20,31,1.969889677380036,True,100.0,0.995,120,True,1,1
9,31,20,1.969889677380036,True,100.0,0.995,120,True,1,1
9,20,32,2.93851553734883,True,100.0,0.995,120,True,1,1
9,32,20,2.93851553734883,True,100.0,0.995,120,True,1,1
9,21,22,2.31378408389833,True,100.0,0.995,120,False,1,1
9,22,21,2.31378408389833,True,100.0,0.995,120,False,1,1
9,21,31,1.6549509315795696,True,100.0,0.995,120,True,1,1
9,31,21,1.6549509315795696,True,100.0,0.995,120,True,1,1
9,21,32,2.6235906504491293,True,100.0,0.995,120,True,1,1
9,32,21,2.6235906504491293,True,100.0,0.995,120,True,1,1
9,22,23,6.936297533144341,True,100.0,0.995,120,False,1,1
9,23,22,6.936297533144341,True,100.0,0.995,120,False,1,1
9,22,31,0.6592655909685408,True,100.0,0.995,120,True,1,1
9,31,22,0.6592655909685408,True,100.0,0.995,120,True,1,1
9,22,32,0.3137150998789495,True,100.0,0.995,120,True,1,1
9,32,22,0.3137150998789495,True,100.0,0.995,120,True,1,1
9,22,33,3.9524008408463014,True,100.0,0.995,120,True,1,1
9,33,22,3.9524008408463014,True,100.0,0.995,120,True,1,1
9,23,24,4.607783637127191,True,100.0,0.995,120,False,1,1
9,24,23,4.607783637127191,True,100.0,0.995,120,False,1,1
9,23,33,3.0037188042967413,True,100.0,0.995,120,True,1,1
9,33,23,3.0037188042967413,True,100.0,0.995,120,True,1,1
9,23,34,1.6253151531343806,True,100.0,0.995,120,True,1,1
9,34,23,1.6253151531343806,True,100.0,0.995,120,True,1,1
9,23,35,1.6830339485501116,True,100.0,0.995,120,True,1,1
9,35,23,1.6830339485501116,True,100.0,0.995,120,True,1,1
9,24,36,0.7183072760783602,True,100.0,0.995,120,True,1,1
9,36,24,0.7183072760783602,True,100.0,0.995,120,True,1,1
9,25,26,9.055440978183462,True,100.0,0.995,120,False,1,1
9,26,25,9.055440978183462,True,100.0,0.995,120,False,1,1
9,25,49,4.425258832826947,True,100.0,0.995,120,True,1,1
9,49,25,4.425258832826947,True,100.0,0.995,120,True,1,1
9,26,27,4.807174377756386,True,100.0,0.995,120,False,1,1
9,27,26,4.807174377756386,True,100.0,0.995,120,False,1,1
9,26,37,3.2058578901427706,True,100.0,0.995,120,True,1,1
9,37,26,3.2058578901427706,True,100.0,0.995,120,True,1,1
9,26,49,5.004766326756,True,100.0,0.995,120,True,1,1
9,49,26,5.004766326756,True,100.0,0.995,120,True,1,1
9,26,50,1.3608141954255142,True,100.0,0.995,120,True,1,1
9,50,26,1.3608141954255142,True,100.0,0.995,120,True,1,1
9,26,55,4.086412740615987,True,100.0,0.995,120,True,1,1
9,55,26,4.086412740615987,True,100.0,0.995,120,True,1,1
9,27,28,9.01605596998267,True,100.0,0.995,120,False,1,1
9,28,27,9.01605596998267,True,100.0,0.995,120,False,1,1
9,27,37,1.892486905275624,True,100.0,0.995,120,True,1,1
9,37,27,1.892486905275624,True,100.0,0.995,120,True,1,1
9,27,51,1.4739909918065712,True,100.0,0.995,120,True,1,1
9,51,27,1.4739909918065712,True,100.0,0.995,120,True,1,1
9,27,52,0.07600006097706988,True,100.0,0.995,120,True,1,1
9,52,27,0.07600006097706988,True,100.0,0.995,120,True,1,1
9,27,56,2.2277412893262927,True,100.0,0.995,120,True,1,1
9,56,27,2.2277412893262927,True,100.0,0.995,120,True,1,1
9,27,57,3.1861824928133076,True,100.0,0.995,120,True,1,1
9,57,27,3.1861824928133076,True,100.0,0.995,120,True,1,1
9,28,29,4.611576819174495,True,100.0,0.995,120,False,1,1
9,29,28,4.611576819174495,True,100.0,0.995,120,False,1,1
9,28,38,2.932115300882685,True,100.0,0.995,120,True,1,1
9,38,28,2.932115300882685,True,100.0,0.995,120,True,1,1
9,28,58,3.1806319703396615,True,100.0,0.995,120,True,1,1
9,58,28,3.1806319703396615,True,100.0,0.995,120,True,1,1
9,28,61,3.008928311868772,True,100.0,0.995,120,True,1,1
9,61,28,3.008928311868772,True,100.0,0.995,120,True,1,1
9,29,30,4.620082710388915,True,100.0,0.995,120,False,1,1
9,30,29,4.620082710388915,True,100.0,0.995,120,False,1,1
9,29,39,0.9111404819797356,True,100.0,0.995,120,True,1,1
9,39,29,0.9111404819797356,True,100.0,0.995,120,True,1,1
9,29,59,2.2063354199903418,True,100.0,0.995,120,True,1,1
9,59,29,2.2063354199903418,True,100.0,0.995,120,True,1,1
9,29,62,2.9243792719086383,True,100.0,0.995,120,True,1,1
9,62,29,2.9243792719086383,True,100.0,0.995,120,True,1,1
9,30,40,3.932040773023771,True,100.0,0.995,120,True,1,1
9,40,30,3.932040773023771,True,100.0,0.995,120,True,1,1
9,30,60,1.9634251782170695,True,100.0,0.995,120,True,1,1
9,60,30,1.9634251782170695,True,100.0,0.995,120,True,1,1
9,30,63,2.7042443209979123,True,100.0,0.995,120,True,1,1
9,63,30,2.7042443209979123,True,100.0,0.995,120,True,1,1
9,30,64,7.753606501287069,True,100.0,0.995,120,True,1,1
9,64,30,7.753606501287069,True,100.0,0.995,120,True,1,1
9,31,32,0.9690417307166824,True,100.0,0.995,120,False,1,1
9,32,31,0.9690417307166824,True,100.0,0.995,120,False,1,1
9,32,33,3.64381923470516,True,100.0,0.995,120,False,1,1
9,33,32,3.64381923470516,True,100.0,0.995,120,False,1,1
9,33,34,4.598951022957883,True,100.0,0.995,120,False,1,1
9,34,33,4.598951022957883,True,100.0,0.995,120,False,1,1
9,34,35,0.07371520757861612,True,100.0,0.995,120,False,1,1
9,35,34,0.07371520757861612,True,100.0,0.995,120,False,1,1
9,35,36,2.313545313326059,True,100.0,0.995,120,False,1,1
9,36,35,2.313545313326059,True,100.0,0.995,120,False,1,1
9,37,38,8.014302702782434,True,100.0,0.995,120,False,1,1
9,38,37,8.014302702782434,True,100.0,0.995,120,False,1,1
9,37,50,3.4135693706796757,True,100.0,0.995,120,True,1,1
9,50,37,3.4135693706796757,True,100.0,0.995,120,True,1,1
9,37,51,1.5140261700618067,True,100.0,0.995,120,True,1,1
9,51,37,1.5140261700618067,True,100.0,0.995,120,True,1,1
9,37,52,1.8243004606609414,True,100.0,0.995,120,True,1,1
9,52,37,1.8243004606609414,True,100.0,0.995,120,True,1,1
9,37,55,1.346142996910652,True,100.0,0.995,120,True,1,1
9,55,37,1.346142996910652,True,100.0,0.995,120,True,1,1
9,38,39,8.020271026331335,True,100.0,0.995,120,False,1,1
9,39,38,8.020271026331335,True,100.0,0.995,120,False,1,1
9,38,53,2.1935867201512087,True,100.0,0.995,120,True,1,1
9,53,38,2.1935867201512087,True,100.0,0.995,120,True,1,1
9,38,54,0.732456833217216,True,100.0,0.995,120,True,1,1
9,54,38,0.732456833217216,True,100.0,0.995,120,True,1,1
9,38,58,1.5712460797688916,True,100.0,0.995,120,True,1,1
9,58,38,1.5712460797688916,True,100.0,0.995,120,True,1,1
9,38,61,2.165408249977761,True,100.0,0.995,120,True,1,1
9,61,38,2.165408249977761,True,100.0,0.995,120,True,1,1
9,39,40,8.01673697149689,True,100.0,0.995,120,False,1,1
9,40,39,8.01673697149689,True,100.0,0.995,120,False,1,1
9,39,59,2.0197321077197907,True,100.0,0.995,120,True,1,1
9,59,39,2.0197321077197907,True,100.0,0.995,120,True,1,1
9,39,60,3.3734582038576275,True,100.0,0.995,120,True,1,1
9,60,39,3.3734582038576275,True,100.0,0.995,120,True,1,1
9,39,62,2.8048258738681473,True,100.0,0.995,120,True,1,1
9,62,39,2.8048258738681473,True,100.0,0.995,120,True,1,1
9,39,63,2.9181676879718217,True,100.0,0.995,120,True,1,1
9,63,39,2.9181676879718217,True,100.0,0.995,120,True,1,1
9,40,41,8.021354327283603,True,100.0,0.995,120,False,1,1
9,41,40,8.021354327283603,True,100.0,0.995,120,False,1,1
9,40,60,4.972938361543985,True,100.0,0.995,120,True,1,1
9,60,40,4.972938361543985,True,100.0,0.995,120,True,1,1
9,40,64,3.9294978509959897,True,100.0,0.995,120,True,1,1
9,64,40,3.9294978509959897,True,100.0,0.995,120,True,1,1
9,40,65,8.395816872589183,True,100.0,0.995,120,True,1,1
9,65,40,8.395816872589183,True,100.0,0.995,120,True,1,1
9,41,42,8.017118159078002,True,100.0,0.995,120,False,1,1
9,42,41,8.017118159078002,True,100.0,0.995,120,False,1,1
9,41,64,4.389632140364373,True,100.0,0.995,120,True,1,1
9,64,41,4.389632140364373,True,100.0,0.995,120,True,1,1
9,41,65,0.8923204777547125,True,100.0,0.995,120,True,1,1
9,65,41,0.8923204777547125,True,100.0,0.995,120,True,1,1
9,41,66,8.477846681015432,True,100.0,0.995,120,True,1,1
9,66,41,8.477846681015432,True,100.0,0.995,120,True,1,1
9,42,64,12.163818917040052,True,100.0,0.995,120,True,1,1
9,64,42,12.163818917040052,True,100.0,0.995,120,True,1,1
9,42,65,7.6304143137791245,True,100.0,0.995,120,True,1,1
9,65,42,7.6304143137791245,True,100.0,0.995,120,True,1,1
9,42,66,0.49695953318865727,True,100.0,0.995,120,True,1,1
9,66,42,0.49695953318865727,True,100.0,0.995,120,True,1,1
9,43,44,4.621063366035793,True,100.0,0.995,120,False,1,1
9,44,43,4.621063366035793,True,100.0,0.995,120,False,1,1
9,44,45,4.6170163921917755,True,100.0,0.995,120,False,1,1
9,45,44,4.6170163921917755,True,100.0,0.995,120,False,1,1
9,45,46,4.611915928311238,True,100.0,0.995,120,False,1,1
9,46,45,4.611915928311238,True,100.0,0.995,120,False,1,1
9,46,47,4.629925697819263,True,100.0,0.995,120,False,1,1
9,47,46,4.629925697819263,True,100.0,0.995,120,False,1,1
9,47,48,4.599602856479595,True,100.0,0.995,120,False,1,1
9,48,47,4.599602856479595,True,100.0,0.995,120,False,1,1
9,49,50,4.616558298441433,True,100.0,0.995,120,False,1,1
9,50,49,4.616558298441433,True,100.0,0.995,120,False,1,1
9,50,51,4.636124611868123,True,100.0,0.995,120,False,1,1
9,51,50,4.636124611868123,True,100.0,0.995,120,False,1,1
9,50,55,3.86604038212376,True,100.0,0.995,120,True,1,1
9,55,50,3.86604038212376,True,100.0,0.995,120,True,1,1
9,51,52,1.4554575129302718,True,100.0,0.995,120,False,1,1
9,52,51,1.4554575129302718,True,100.0,0.995,120,False,1,1
9,51,55,1.010234316066965,True,100.0,0.995,120,True,1,1
9,55,51,1.010234316066965,True,100.0,0.995,120,True,1,1
9,51,56,0.9745458378285266,True,100.0,0.995,120,True,1,1
9,56,51,0.9745458378285266,True,100.0,0.995,120,True,1,1
9,51,57,2.838438044217355,True,100.0,0.995,120,True,1,1
9,57,51,2.838438044217355,True,100.0,0.995,120,True,1,1
9,52,53,4.495249172079765,True,100.0,0.995,120,False,1,1
9,53,52,4.495249172079765,True,100.0,0.995,120,False,1,1
9,52,55,2.295249769016475,True,100.0,0.995,120,True,1,1
9,55,52,2.295249769016475,True,100.0,0.995,120,True,1,1
9,52,56,2.234258765805277,True,100.0,0.995,120,True,1,1
9,56,52,2.234258765805277,True,100.0,0.995,120,True,1,1
9,53,54,1.9841901802527353,True,100.0,0.995,120,False,1,1
9,54,53,1.9841901802527353,True,100.0,0.995,120,False,1,1
9,53,57,1.9715352590080784,True,100.0,0.995,120,True,1,1
9,57,53,1.9715352590080784,True,100.0,0.995,120,True,1,1
9,53,58,2.6938766404525,True,100.0,0.995,120,True,1,1
9,58,53,2.6938766404525,True,100.0,0.995,120,True,1,1
9,54,58,1.004079432700682,True,100.0,0.995,120,True,1,1
9,58,54,1.004079432700682,True,100.0,0.995,120,True,1,1
9,54,61,1.6585071367390563,True,100.0,0.995,120,True,1,1
9,61,54,1.6585071367390563,True,100.0,0.995,120,True,1,1
9,55,56,1.394525978316495,True,100.0,0.995,120,False,1,1
9,56,55,1.394525978316495,True,100.0,0.995,120,False,1,1
9,56,57,2.232618675759404,True,100.0,0.995,120,False,1,1
9,57,56,2.232618675759404,True,100.0,0.995,120,False,1,1
9,57,58,4.401712700726201,True,100.0,0.995,120,False,1,1
9,58,57,4.401712700726201,True,100.0,0.995,120,False,1,1
9,58,59,5.9293765458112295,True,100.0,0.995,120,False,1,1
9,59,58,5.9293765458112295,True,100.0,0.995,120,False,1,1
9,58,61,0.7428993977650976,True,100.0,0.995,120,True,1,1
9,61,58,0.7428993977650976,True,100.0,0.995,120,True,1,1
9,59,60,4.676917517697479,True,100.0,0.995,120,False,1,1
9,60,59,4.676917517697479,True,100.0,0.995,120,False,1,1
9,59,62,0.7883717821291463,True,100.0,0.995,120,True,1,1
9,62,59,0.7883717821291463,True,100.0,0.995,120,True,1,1
9,60,63,0.8222774202636114,True,100.0,0.995,120,True,1,1
9,63,60,0.8222774202636114,True,100.0,0.995,120,True,1,1
9,61,62,4.621560120761449,True,100.0,0.995,120,False,1,1
9,62,61,4.621560120761449,True,100.0,0.995,120,False,1,1
9,62,63,4.61478228005514,True,100.0,0.995,120,False,1,1
9,63,62,4.61478228005514,True,100.0,0.995,120,False,1,1
9,63,64,9.203614268688254,True,100.0,0.995,120,False,1,1
9,64,63,9.203614268688254,True,100.0,0.995,120,False,1,1
9,64,65,4.613294830424341,True,100.0,0.995,120,False,1,1
9,65,64,4.613294830424341,True,100.0,0.995,120,False,1,1
9,65,66,8.075614031562763,True,100.0,0.995,120,False,1,1
9,66,65,8.075614031562763,True,100.0,0.995,120,False,1,1
10,1,2,4.607930387707632,True,100.0,0.995,120,False,1,1
10,2,1,4.607930387707632,True,100.0,0.995,120,False,1,1
10,1,43,11.070496676579452,True,100.0,0.995,120,True,1,1
10,43,1,11.070496676579452,True,100.0,0.995,120,True,1,1
10,1,44,6.662846515218745,True,100.0,0.995,120,True,1,1
10,44,1,6.662846515218745,True,100.0,0.995,120,True,1,1
10,1,45,2.6726886811037223,True,100.0,0.995,120,True,1,1
10,45,1,2.6726886811037223,True,100.0,0.995,120,True,1,1
10,1,46,3.4962817600167697,True,100.0,0.995,120,True,1,1
10,46,1,3.4962817600167697,True,100.0,0.995,120,True,1,1
10,2,3,4.637568807812486,True,100.0,0.995,120,False,1,1
10,3,2,4.637568807812486,True,100.0,0.995,120,False,1,1
10,2,44,11.007535756650546,True,100.0,0.995,120,True,1,1
10,44,2,11.007535756650546,True,100.0,0.995,120,True,1,1
10,2,45,6.56219903320385,True,100.0,0.995,120,True,1,1
10,45,2,6.56219903320385,True,100.0,0.995,120,True,1,1
10,2,46,2.4221719136078916,True,100.0,0.995,120,True,1,1
10,46,2,2.4221719136078916,True,100.0,0.995,120,True,1,1
10,2,47,3.327709580446179,True,100.0,0.995,120,True,1,1
10,47,2,3.327709580446179,True,100.0,0.995,120,True,1,1
10,3,4,2.956479505333695,True,100.0,0.995,120,False,1,1
10,4,3,2.956479505333695,True,100.0,0.995,120,False,1,1
10,3,19,3.7498654333325034,True,100.0,0.995,120,True,1,1
10,19,3,3.7498654333325034,True,100.0,0.995,120,True,1,1
10,3,45,10.972329848005016,True,100.0,0.995,120,True,1,1
10,45,3,10.972329848005016,True,100.0,0.995,120,True,1,1
10,3,46,6.494058915040324,True,100.0,0.995,120,True,1,1
10,46,3,6.494058915040324,True,100.0,0.995,120,True,1,1
10,3,47,2.1684802305579125,True,100.0,0.995,120,True,1,1
10,47,3,2.1684802305579125,True,100.0,0.995,120,True,1,1
10,3,48,3.1207425253191405,True,100.0,0.995,120,True,1,1
10,48,3,3.1207425253191405,True,100.0,0.995,120,True,1,1
10,4,5,1.6488911155710475,True,100.0,0.995,120,False,1,1
10,5,4,1.6488911155710475,True,100.0,0.995,120,False,1,1
10,4,19,0.8506774052144397,True,100.0,0.995,120,True,1,1
10,19,4,0.8506774052144397,True,100.0,0.995,120,True,1,1
10,4,47,4.817466397823501,True,100.0,0.995,120,True,1,1
10,47,4,4.817466397823501,True,100.0,0.995,120,True,1,1
10,4,48,1.0622561941587616,True,100.0,0.995,120,True,1,1
10,48,4,1.0622561941587616,True,100.0,0.995,120,True,1,1
10,5,6,4.624233001228185,True,100.0,0.995,120,False,1,1
10,6,5,4.624233001228185,True,100.0,0.995,120,False,1,1
10,5,19,0.8842027289730439,True,100.0,0.995,120,True,1,1
10,19,5,0.8842027289730439,True,100.0,0.995,120,True,1,1
10,5,20,5.743207571082628,True,100.0,0.995,120,True,1,1
10,20,5,5.743207571082628,True,100.0,0.995,120,True,1,1
10,5,48,1.8944621456033774,True,100.0,0.995,120,True,1,1
10,48,5,1.8944621456033774,True,100.0,0.995,120,True,1,1
10,6,20,1.1256430731095959,True,100.0,0.995,120,True,1,1
10,20,6,1.1256430731095959,True,100.0,0.995,120,True,1,1
10,6,21,1.4431075577411843,True,100.0,0.995,120,True,1,1
10,21,6,1.4431075577411843,True,100.0,0.995,120,True,1,1
10,6,22,3.7506455291923597,True,100.0,0.995,120,True,1,1
10,22,6,3.7506455291923597,True,100.0,0.995,120,True,1,1
10,6,31,3.091981793796633,True,100.0,0.995,120,True,1,1
10,31,6,3.091981793796633,True,100.0,0.995,120,True,1,1
10,7,8,4.621970509176182,True,100.0,0.995,120,False,1,1
10,8,7,4.621970509176182,True,100.0,0.995,120,False,1,1
10,7,42,13.933152235262124,True,100.0,0.995,120,True,1,1
10,42,7,13.933152235262124,True,100.0,0.995,120,True,1,1
10,7,66,13.446758842672624,True,100.0,0.995,120,True,1,1
10,66,7,13.446758842672624,True,100.0,0.995,120,True,1,1
10,8,9,3.370895979586508,True,100.0,0.995,120,False,1,1
10,9,8,3.370895979586508,True,100.0,0.995,120,False,1,1
10,9,10,5.854138587472792,True,100.0,0.995,120,False,1,1
10,10,9,5.854138587472792,True,100.0,0.995,120,False,1,1
10,10,11,4.5898386423511415,True,100.0,0.995,120,False,1,1
10,11,10,4.5898386423511415,True,100.0,0.995,120,False,1,1
10,10,43,12.27310109291707,True,100.0,0.995,120,True,1,1
10,43,10,12.27310109291707,True,100.0,0.995,120,True,1,1
10,11,12,4.645171220311063,True,100.0,0.995,120,False,1,1
10,12,11,4.645171220311063,True,100.0,0.995,120,False,1,1
10,11,43,7.969122991499423,True,100.0,0.995,120,True,1,1
10,43,11,7.969122991499423,True,100.0,0.995,120,True,1,1
10,11,44,12.326961008944268,True,100.0,0.995,120,True,1,1
10,44,11,12.326961008944268,True,100.0,0.995,120,True,1,1
10,12,43,3.7977008127116028,True,100.0,0.995,120,True,1,1
10,43,12,3.7977008127116028,True,100.0,0.995,120,True,1,1
10,12,44,7.894881381859931,True,100.0,0.995,120,True,1,1
10,44,12,7.894881381859931,True,100.0,0.995,120,True,1,1
10,12,45,12.259968943680851,True,100.0,0.995,120,True,1,1
10,45,12,12.259968943680851,True,100.0,0.995,120,True,1,1
10,13,14,0.0936101406385437,True,100.0,0.995,120,False,1,1
10,14,13,0.0936101406385437,True,100.0,0.995,120,False,1,1
10,13,23,2.359642982188572,True,100.0,0.995,120,True,1,1
10,23,13,2.359642982188572,True,100.0,0.995,120,True,1,1
10,13,24,2.2564822386823,True,100.0,0.995,120,True,1,1
10,24,13,2.2564822386823,True,100.0,0.995,120,True,1,1
10,13,33,5.351638579335485,True,100.0,0.995,120,True,1,1
10,33,13,5.351638579335485,True,100.0,0.995,120,True,1,1
10,13,34,0.8314489957800686,True,100.0,0.995,120,True,1,1
10,34,13,0.8314489957800686,True,100.0,0.995,120,True,1,1
10,13,35,0.791808611985003,True,100.0,0.995,120,True,1,1
10,35,13,0.791808611985003,True,100.0,0.995,120,True,1,1
10,13,36,1.6664750743796042,True,100.0,0.995,120,True,1,1
10,36,13,1.6664750743796042,True,100.0,0.995,120,True,1,1
10,14,15,4.557149937012599,True,100.0,0.995,120,False,1,1
10,15,14,4.557149937012599,True,100.0,0.995,120,False,1,1
10,14,24,2.2163176720969577,True,100.0,0.995,120,True,1,1
10,24,14,2.2163176720969577,True,100.0,0.995,120,True,1,1
10,14,34,0.8383615226346585,True,100.0,0.995,120,True,1,1
10,34,14,0.8383615226346585,True,100.0,0.995,120,True,1,1
10,14,35,0.7920621402920466,True,100.0,0.995,120,True,1,1
10,35,14,0.7920621402920466,True,100.0,0.995,120,True,1,1
10,14,36,1.6120785694571989,True,100.0,0.995,120,True,1,1
10,36,14,1.6120785694571989,True,100.0,0.995,120,True,1,1
10,15,16,1.4259448635305167,True,100.0,0.995,120,False,1,1
10,16,15,1.4259448635305167,True,100.0,0.995,120,False,1,1
10,15,24,2.3492945278590884,True,100.0,0.995,120,True,1,1
10,24,15,2.3492945278590884,True,100.0,0.995,120,True,1,1
10,15,25,4.086586956551631,True,100.0,0.995,120,True,1,1
10,25,15,4.086586956551631,True,100.0,0.995,120,True,1,1
10,15,36,3.013618150376396,True,100.0,0.995,120,True,1,1
10,36,15,3.013618150376396,True,100.0,0.995,120,True,1,1
10,16,17,0.8899572534997087,True,100.0,0.995,120,False,1,1
10,17,16,0.8899572534997087,True,100.0,0.995,120,False,1,1
10,16,24,3.7677548424675,True,100.0,0.995,120,True,1,1
10,24,16,3.7677548424675,True,100.0,0.995,120,True,1,1
10,16,25,2.6717733872736296,True,100.0,0.995,120,True,1,1
10,25,16,2.6717733872736296,True,100.0,0.995,120,True,1,1
10,16,36,4.416963047634396,True,100.0,0.995,120,True,1,1
10,36,16,4.416963047634396,True,100.0,0.995,120,True,1,1
10,17,18,4.597449110744162,True,100.0,0.995,120,False,1,1
10,18,17,4.597449110744162,True,100.0,0.995,120,False,1,1
10,17,24,4.654165770269516,True,100.0,0.995,120,True,1,1
10,24,17,4.654165770269516,True,100.0,0.995,120,True,1,1
10,17,25,1.8301483029372994,True,100.0,0.995,120,True,1,1
10,25,17,1.8301483029372994,True,100.0,0.995,120,True,1,1
10,17,36,5.305086569884011,True,100.0,0.995,120,True,1,1
10,36,17,5.305086569884011,True,100.0,0.995,120,True,1,1
10,18,25,2.873583954724946,True,100.0,0.995,120,True,1,1
10,25,18,2.873583954724946,True,100.0,0.995,120,True,1,1
10,18,26,6.3047450579711635,True,100.0,0.995,120,True,1,1
10,26,18,6.3047450579711635,True,100.0,0.995,120,True,1,1
10,18,49,2.2562290982799884,True,100.0,0.995,120,True,1,1
10,49,18,2.2562290982799884,True,100.0,0.995,120,True,1,1
10,19,20,6.599699432152593,True,100.0,0.995,120,False,1,1
10,20,19,6.599699432152593,True,100.0,0.995,120,False,1,1
10,19,48,1.0787278912400204,True,100.0,0.995,120,True,1,1
10,48,19,1.0787278912400204,True,100.0,0.995,120,True,1,1
10,20,21,0.3183879743576639,True,100.0,0.995,120,False,1,1
10,21,20,0.3183879743576639,True,100.0,0.995,120,False,1,1
10,20,31,1.9699535039587688,True,100.0,0.995,120,True,1,1
10,31,20,1.9699535039587688,True,100.0,0.995,120,True,1,1
10,20,32,2.9378279914828,True,100.0,0.995,120,True,1,1
10,32,20,2.9378279914828,True,100.0,0.995,120,True,1,1
10,21,22,2.313796184783197,True,100.0,0.995,120,False,1,1
10,22,21,2.313796184783197,True,100.0,0.995,120,False,1,1
10,21,31,1.6555887071762905,True,100.0,0.995,120,True,1,1
10,31,21,1.6555887071762905,True,100.0,0.995,120,True,1,1
10,21,32,2.623488321060184,True,100.0,0.995,120,True,1,1
10,32,21,2.623488321060184,True,100.0,0.995,120,True,1,1
10,22,23,6.936349120020675,True,100.0,0.995,120,False,1,1
10,23,22,6.936349120020675,True,100.0,0.995,120,False,1,1
10,22,31,0.6588880685083198,True,100.0,0.995,120,True,1,1
10,31,22,0.6588880685083198,True,100.0,0.995,120,True,1,1
10,22,32,0.3151867579053943,True,100.0,0.995,120,True,1,1
10,32,22,0.3151867579053943,True,100.0,0.995,120,True,1,1
10,22,33,3.9532749480628597,True,100.0,0.995,120,True,1,1
10,33,22,3.9532749480628597,True,100.0,0.995,120,True,1,1
10,23,24,4.607805103334677,True,100.0,0.995,120,False,1,1
10,24,23,4.607805103334677,True,100.0,0.995,120,False,1,1
10,23,33,3.0034880218972204,True,100.0,0.995,120,True,1,1
10,33,23,3.0034880218972204,True,100.0,0.995,120,True,1,1
10,23,34,1.6262799167093163,True,100.0,0.995,120,True,1,1
10,34,23,1.6262799167093163,True,100.0,0.995,120,True,1,1
10,23,35,1.684831484696293,True,100.0,0.995,120,True,1,1
10,35,23,1.684831484696293,True,100.0,0.995,120,True,1,1
10,24,36,0.7212167463435749,True,100.0,0.995,120,True,1,1
10,36,24,0.7212167463435749,True,100.0,0.995,120,True,1,1
10,25,26,9.054199736747524,True,100.0,0.995,120,False,1,1
10,26,25,9.054199736747524,True,100.0,0.995,120,False,1,1
10,25,49,4.426517932944949,True,100.0,0.995,120,True,1,1
10,49,25,4.426517932944949,True,100.0,0.995,120,True,1,1
10,26,27,4.8069799883560504,True,100.0,0.995,120,False,1,1
10,27,26,4.8069799883560504,True,100.0,0.995,120,False,1,1
10,26,37,3.202294582580853,True,100.0,0.995,120,True,1,1
10,37,26,3.202294582580853,True,100.0,0.995,120,True,1,1
10,26,49,5.006706519241458,True,100.0,0.995,120,True,1,1
10,49,26,5.006706519241458,True,100.0,0.995,120,True,1,1
10,26,50,1.3665317502480312,True,100.0,0.995,120,True,1,1
10,50,26,1.3665317502480312,True,100.0,0.995,120,True,1,1
10,26,55,4.0876720798297566,True,100.0,0.995,120,True,1,1
10,55,26,4.0876720798297566,True,100.0,0.995,120,True,1,1
10,27,28,9.016431244789132,True,100.0,0.995,120,False,1,1
10,28,27,9.016431244789132,True,100.0,0.995,120,False,1,1
10,27,37,1.8967246629995251,True,100.0,0.995,120,True,1,1
10,37,27,1.8967246629995251,True,100.0,0.995,120,True,1,1
10,27,51,1.4763843233255078,True,100.0,0.995,120,True,1,1
10,51,27,1.4763843233255078,True,100.0,0.995,120,True,1,1
10,27,52,0.07587569509212837,True,100.0,0.995,120,True,1,1
10,52,27,0.07587569509212837,True,100.0,0.995,120,True,1,1
10,27,56,2.231537515349979,True,100.0,0.995,120,True,1,1
10,56,27,2.231537515349979,True,100.0,0.995,120,True,1,1
10,27,57,3.189244146781025,True,100.0,0.995,120,True,1,1
10,57,27,3.189244146781025,True,100.0,0.995,120,True,1,1
10,28,29,4.611584725425437,True,100.0,0.995,120,False,1,1
10,29,28,4.611584725425437,True,100.0,0.995,120,False,1,1
10,28,38,2.935903634481575,True,100.0,0.995,120,True,1,1
10,38,28,2.935903634481575,True,100.0,0.995,120,True,1,1
10,28,58,3.1798655733407726,True,100.0,0.995,120,True,1,1
10,58,28,3.1798655733407726,True,100.0,0.995,120,True,1,1
10,28,61,3.004544191463455,True,100.0,0.995,120,True,1,1
10,61,28,3.004544191463455,True,100.0,0.995,120,True,1,1
10,29,30,4.620135984294924,True,100.0,0.995,120,False,1,1
10,30,29,4.620135984294924,True,100.0,0.995,120,False,1,1
10,29,39,0.9056878238621164,True,100.0,0.995,120,True,1,1
10,39,29,0.9056878238621164,True,100.0,0.995,120,True,1,1
10,29,59,2.197839263384994,True,100.0,0.995,120,True,1,1
10,59,29,2.197839263384994,True,100.0,0.995,120,True,1,1
10,29,62,2.9153360408495876,True,100.0,0.995,120,True,1,1
10,62,29,2.9153360408495876,True,100.0,0.995,120,True,1,1
10,30,40,3.927068592204241,True,100.0,0.995,120,True,1,1
10,40,30,3.927068592204241,True,100.0,0.995,120,True,1,1
10,30,60,1.9516368596018658,True,100.0,0.995,120,True,1,1
10,60,30,1.9516368596018658,True,100.0,0.995,120,True,1,1
10,30,63,2.69179519507365,True,100.0,0.995,120,True,1,1
10,63,30,2.69179519507365,True,100.0,0.995,120,True,1,1
10,30,64,7.748634719481593,True,100.0,0.995,120,True,1,1
10,64,30,7.748634719481593,True,100.0,0.995,120,True,1,1
10,31,32,0.9682736103923425,True,100.0,0.995,120,False,1,1
10,32,31,0.9682736103923425,True,100.0,0.995,120,False,1,1
10,32,33,3.6446924371008125,True,100.0,0.995,120,False,1,1
10,33,32,3.6446924371008125,True,100.0,0.995,120,False,1,1
10,33,34,4.598256276056678,True,100.0,0.995,120,False,1,1
10,34,33,4.598256276056678,True,100.0,0.995,120,False,1,1
10,34,35,0.0744168206481226,True,100.0,0.995,120,False,1,1
10,35,34,0.0744168206481226,True,100.0,0.995,120,False,1,1
10,35,36,2.3128875087598857,True,100.0,0.995,120,False,1,1
10,36,35,2.3128875087598857,True,100.0,0.995,120,False,1,1
10,37,38,8.014398135638837,True,100.0,0.995,120,False,1,1
10,38,37,8.014398135638837,True,100.0,0.995,120,False,1,1
10,37,50,3.4099235596764492,True,100.0,0.995,120,True,1,1
10,50,37,3.4099235596764492,True,100.0,0.995,120,True,1,1
10,37,51,1.5185283380834294,True,100.0,0.995,120,True,1,1
10,51,37,1.5185283380834294,True,100.0,0.995,120,True,1,1
10,37,52,1.828644318906353,True,100.0,0.995,120,True,1,1
10,52,37,1.828644318906353,True,100.0,0.995,120,True,1,1
10,37,55,1.3500128877607422,True,100.0,0.995,120,True,1,1
10,55,37,1.3500128877607422,True,100.0,0.995,120,True,1,1
10,38,39,8.020320547226667,True,100.0,0.995,120,False,1,1
10,39,38,8.020320547226667,True,100.0,0.995,120,False,1,1
10,38,53,2.189450897042815,True,100.0,0.995,120,True,1,1
10,53,38,2.189450897042815,True,100.0,0.995,120,True,1,1
10,38,54,0.7312627884807207,True,100.0,0.995,120,True,1,1
10,54,38,0.7312627884807207,True,100.0,0.995,120,True,1,1
10,38,58,1.569966737838154,True,100.0,0.995,120,True,1,1
10,58,38,1.569966737838154,True,100.0,0.995,120,True,1,1
10,38,61,2.1656526792364006,True,100.0,0.995,120,True,1,1
10,61,38,2.1656526792364006,True,100.0,0.995,120,True,1,1
10,39,40,8.016760792130682,True,100.0,0.995,120,False,1,1
10,40,39,8.016760792130682,True,100.0,0.995,120,False,1,1
10,39,59,2.0126655436212246,True,100.0,0.995,120,True,1,1
10,59,39,2.0126655436212246,True,100.0,0.995,120,True,1,1
10,39,60,3.3748052141319125,True,100.0,0.995,120,True,1,1
10,60,39,3.3748052141319125,True,100.0,0.995,120,True,1,1
10,39,62,2.796815009330435,True,100.0,0.995,120,True,1,1
10,62,39,2.796815009330435,True,100.0,0.995,120,True,1,1
10,39,63,2.9164467527090996,True,100.0,0.995,120,True,1,1
10,63,39,2.9164467527090996,True,100.0,0.995,120,True,1,1
10,40,41,8.021343375139702,True,100.0,0.995,120,False,1,1
10,41,40,8.021343375139702,True,100.0,0.995,120,False,1,1
10,40,60,4.9667505062789035,True,100.0,0.995,120,True,1,1
10,60,40,4.9667505062789035,True,100.0,0.995,120,True,1,1
10,40,64,3.92848596132387,True,100.0,0.995,120,True,1,1
10,64,40,3.92848596132387,True,100.0,0.995,120,True,1,1
10,40,65,8.397784863793174,True,100.0,0.995,120,True,1,1
10,65,40,8.397784863793174,True,100.0,0.995,120,True,1,1
10,41,42,8.017163255671509,True,100.0,0.995,120,False,1,1
10,42,41,8.017163255671509,True,100.0,0.995,120,False,1,1
10,41,64,4.381637930106677,True,100.0,0.995,120,True,1,1
10,64,41,4.381637930106677,True,100.0,0.995,120,True,1,1
10,41,65,0.8778036268201023,True,100.0,0.995,120,True,1,1
10,65,41,0.8778036268201023,True,100.0,0.995,120,True,1,1
10,41,66,8.478365675930558,True,100.0,0.995,120,True,1,1
10,66,41,8.478365675930558,True,100.0,0.995,120,True,1,1
10,42,64,12.158733435521421,True,100.0,0.995,120,True,1,1
10,64,42,12.158733435521421,True,100.0,0.995,120,True,1,1
10,42,65,7.625069052261585,True,100.0,0.995,120,True,1,1
10,65,42,7.625069052261585,True,100.0,0.995,120,True,1,1
10,42,66,0.49442804855259365,True,100.0,0.995,120,True,1,1
10,66,42,0.49442804855259365,True,100.0,0.995,120,True,1,1
10,43,44,4.620979166094407,True,100.0,0.995,120,False,1,1
10,44,43,4.620979166094407,True,100.0,0.995,120,False,1,1
10,44,45,4.616970502494447,True,100.0,0.995,120,False,1,1
10,45,44,4.616970502494447,True,100.0,0.995,120,False,1,1
10,45,46,4.611829460064646,True,100.0,0.995,120,False,1,1
10,46,45,4.611829460064646,True,100.0,0.995,120,False,1,1
10,46,47,4.62987907427655,True,100.0,0.995,120,False,1,1
10,47,46,4.62987907427655,True,100.0,0.995,120,False,1,1
10,47,48,4.599540298512094,True,100.0,0.995,120,False,1,1
10,48,47,4.599540298512094,True,100.0,0.995,120,False,1,1
10,49,50,4.616608919781493,True,100.0,0.995,120,False,1,1
10,50,49,4.616608919781493,True,100.0,0.995,120,False,1,1
10,50,51,4.636229357214885,True,100.0,0.995,120,False,1,1
10,51,50,4.636229357214885,True,100.0,0.995,120,False,1,1
10,50,55,3.864283059951429,True,100.0,0.995,120,True,1,1
10,55,50,3.864283059951429,True,100.0,0.995,120,True,1,1
10,51,52,1.4579535638349974,True,100.0,0.995,120,False,1,1
10,52,51,1.4579535638349974,True,100.0,0.995,120,False,1,1
10,51,55,1.0128010886372418,True,100.0,0.995,120,True,1,1
10,55,51,1.0128010886372418,True,100.0,0.995,120,True,1,1
10,51,56,0.9741781750943298,True,100.0,0.995,120,True,1,1
10,56,51,0.9741781750943298,True,100.0,0.995,120,True,1,1
10,51,57,2.8402383930733817,True,100.0,0.995,120,True,1,1
10,57,51,2.8402383930733817,True,100.0,0.995,120,True,1,1
10,52,53,4.495738937174722,True,100.0,0.995,120,False,1,1
10,53,52,4.495738937174722,True,100.0,0.995,120,False,1,1
10,52,55,2.2999179346358094,True,100.0,0.995,120,True,1,1
10,55,52,2.2999179346358094,True,100.0,0.995,120,True,1,1
10,52,56,2.2379783951121452,True,100.0,0.995,120,True,1,1
10,56,52,2.2379783951121452,True,100.0,0.995,120,True,1,1
10,53,54,1.9843881903440665,True,100.0,0.995,120,False,1,1
10,54,53,1.9843881903440665,True,100.0,0.995,120,False,1,1
10,53,57,1.9700669217743065,True,100.0,0.995,120,True,1,1
10,57,53,1.9700669217743065,True,100.0,0.995,120,True,1,1
10,53,58,2.6909069318030574,True,100.0,0.995,120,True,1,1
10,58,53,2.6909069318030574,True,100.0,0.995,120,True,1,1
10,54,58,1.0015831048518007,True,100.0,0.995,120,True,1,1
10,58,54,1.0015831048518007,True,100.0,0.995,120,True,1,1
10,54,61,1.6574705723235807,True,100.0,0.995,120,True,1,1
10,61,54,1.6574705723235807,True,100.0,0.995,120,True,1,1
10,55,56,1.3936625780005598,True,100.0,0.995,120,False,1,1
10,56,55,1.3936625780005598,True,100.0,0.995,120,False,1,1
10,56,57,2.2373422408887556,True,100.0,0.995,120,False,1,1
10,57,56,2.2373422408887556,True,100.0,0.995,120,False,1,1
10,57,58,4.397150201083349,True,100.0,0.995,120,False,1,1
10,58,57,4.397150201083349,True,100.0,0.995,120,False,1,1
10,58,59,5.932375218423167,True,100.0,0.995,120,False,1,1
10,59,58,5.932375218423167,True,100.0,0.995,120,False,1,1
10,58,61,0.7452663520160613,True,100.0,0.995,120,True,1,1
10,61,58,0.7452663520160613,True,100.0,0.995,120,True,1,1
10,59,60,4.676947248559935,True,100.0,0.995,120,False,1,1
10,60,59,4.676947248559935,True,100.0,0.995,120,False,1,1
10,59,62,0.787461214864553,True,100.0,0.995,120,True,1,1
10,62,59,0.787461214864553,True,100.0,0.995,120,True,1,1
10,60,63,0.8210340995487756,True,100.0,0.995,120,True,1,1
10,63,60,0.8210340995487756,True,100.0,0.995,120,True,1,1
10,61,62,4.62158320464948,True,100.0,0.995,120,False,1,1
10,62,61,4.62158320464948,True,100.0,0.995,120,False,1,1
10,62,63,4.614822186187351,True,100.0,0.995,120,False,1,1
10,63,62,4.614822186187351,True,100.0,0.995,120,False,1,1
10,63,64,9.203600732992752,True,100.0,0.995,120,False,1,1
10,64,63,9.203600732992752,True,100.0,0.995,120,False,1,1
10,64,65,4.613303288541451,True,100.0,0.995,120,False,1,1
10,65,64,4.613303288541451,True,100.0,0.995,120,False,1,1
10,65,66,8.072671815927885,True,100.0,0.995,120,False,1,1
10,66,65,8.072671815927885,True,100.0,0.995,120,False,1,1
11,1,2,4.607850428904053,True,100.0,0.995,120,False,1,1
11,2,1,4.607850428904053,True,100.0,0.995,120,False,1,1
11,1,43,11.067913430895663,True,100.0,0.995,120,True,1,1
11,43,1,11.067913430895663,True,100.0,0.995,120,True,1,1
11,1,44,6.658136692369969,True,100.0,0.995,120,True,1,1
11,44,1,6.658136692369969,True,100.0,0.995,120,True,1,1
11,1,45,2.6600541534603948,True,100.0,0.995,120,True,1,1
11,45,1,2.6600541534603948,True,100.0,0.995,120,True,1,1
11,1,46,3.4861854234011402,True,100.0,0.995,120,True,1,1
11,46,1,3.4861854234011402,True,100.0,0.995,120,True,1,1
11,2,3,4.637511207236113,True,100.0,0.995,120,False,1,1
11,3,2,4.637511207236113,True,100.0,0.995,120,False,1,1
11,2,44,11.004267232248917,True,100.0,0.995,120,True,1,1
11,44,2,11.004267232248917,True,100.0,0.995,120,True,1,1
11,2,45,6.55664919036031,True,100.0,0.995,120,True,1,1
11,45,2,6.55664919036031,True,100.0,0.995,120,True,1,1
11,2,46,2.4073614088481996,True,100.0,0.995,120,True,1,1
11,46,2,2.4073614088481996,True,100.0,0.995,120,True,1,1
11,2,47,3.3173883912009936,True,100.0,0.995,120,True,1,1
11,47,2,3.3173883912009936,True,100.0,0.995,120,True,1,1
11,3,4,2.9556401472020224,True,100.0,0.995,120,False,1,1
11,4,3,2.9556401472020224,True,100.0,0.995,120,False,1,1
11,3,19,3.7486013430445504,True,100.0,0.995,120,True,1,1
11,19,3,3.7486013430445504,True,100.0,0.995,120,True,1,1
11,3,45,10.96874047470638,True,100.0,0.995,120,True,1,1
11,45,3,10.96874047470638,True,100.0,0.995,120,True,1,1
11,3,46,6.488413970989953,True,100.0,0.995,120,True,1,1
11,46,3,6.488413970989953,True,100.0,0.995,120,True,1,1
11,3,47,2.153122630697297,True,100.0,0.995,120,True,1,1
11,47,3,2.153122630697297,True,100.0,0.995,120,True,1,1
11,3,48,3.1115044212192533,True,100.0,0.995,120,True,1,1
11,48,3,3.1115044212192533,True,100.0,0.995,120,True,1,1
11,4,5,1.6494565018990748,True,100.0,0.995,120,False,1,1
11,5,4,1.6494565018990748,True,100.0,0.995,120,False,1,1
11,4,19,0.8469180024455533,True,100.0,0.995,120,True,1,1
11,19,4,0.8469180024455533,True,100.0,0.995,120,True,1,1
11,4,47,4.8090808767068145,True,100.0,0.995,120,True,1,1
11,47,4,4.8090808767068145,True,100.0,0.995,120,True,1,1
11,4,48,1.0331249871086194,True,100.0,0.995,120,True,1,1
11,48,4,1.0331249871086194,True,100.0,0.995,120,True,1,1
11,5,6,4.624203151580328,True,100.0,0.995,120,False,1,1
11,6,5,4.624203151580328,True,100.0,0.995,120,False,1,1
11,5,19,0.8832207511293074,True,100.0,0.995,120,True,1,1
11,19,5,0.8832207511293074,True,100.0,0.995,120,True,1,1
11,5,20,5.742909517348122,True,100.0,0.995,120,True,1,1
11,20,5,5.742909517348122,True,100.0,0.995,120,True,1,1
11,5,48,1.8823225233483158,True,100.0,0.995,120,True,1,1
11,48,5,1.8823225233483158,True,100.0,0.995,120,True,1,1
11,6,20,1.1252365073095312,True,100.0,0.995,120,True,1,1
11,20,6,1.1252365073095312,True,100.0,0.995,120,True,1,1
11,6,21,1.4422264227282118,True,100.0,0.995,120,True,1,1
11,21,6,1.4422264227282118,True,100.0,0.995,120,True,1,1
11,6,22,3.7499641331947617,True,100.0,0.995,120,True,1,1
11,22,6,3.7499641331947617,True,100.0,0.995,120,True,1,1
11,6,31,3.0918154324587945,True,100.0,0.995,120,True,1,1
11,31,6,3.0918154324587945,True,100.0,0.995,120,True,1,1
11,7,8,4.621962629602737,True,100.0,0.995,120,False,1,1
11,8,7,4.621962629602737,True,100.0,0.995,120,False,1,1
11,7,42,13.938110602084134,True,100.0,0.995,120,True,1,1
11,42,7,13.938110602084134,True,100.0,0.995,120,True,1,1
11,7,66,13.45248058898782,True,100.0,0.995,120,True,1,1
11,66,7,13.45248058898782,True,100.0,0.995,120,True,1,1
11,8,9,3.3705046397215157,True,100.0,0.995,120,False,1,1
11,9,8,3.3705046397215157,True,100.0,0.995,120,False,1,1
11,9,10,5.854510493603886,True,100.0,0.995,120,False,1,1
11,10,9,5.854510493603886,True,100.0,0.995,120,False,1,1
11,10,11,4.589812533566643,True,100.0,0.995,120,False,1,1
11,11,10,4.589812533566643,True,100.0,0.995,120,False,1,1
11,10,43,12.273563209488385,True,100.0,0.995,120,True,1,1
11,43,10,12.273563209488385,True,100.0,0.995,120,True,1,1
11,11,12,4.645158524577211,True,100.0,0.995,120,False,1,1
11,12,11,4.645158524577211,True,100.0,0.995,120,False,1,1
11,11,43,7.969066674269899,True,100.0,0.995,120,True,1,1
11,43,11,7.969066674269899,True,100.0,0.995,120,True,1,1
11,11,44,12.326261681673936,True,100.0,0.995,120,True,1,1
11,44,11,12.326261681673936,True,100.0,0.995,120,True,1,1
11,12,43,3.7959409565948024,True,100.0,0.995,120,True,1,1
11,43,12,3.7959409565948024,True,100.0,0.995,120,True,1,1
11,12,44,7.893174441253495,True,100.0,0.995,120,True,1,1
11,44,12,7.893174441253495,True,100.0,0.995,120,True,1,1
11,12,45,12.258344850659025,True,100.0,0.995,120,True,1,1
11,45,12,12.258344850659025,True,100.0,0.995,120,True,1,1
11,13,14,0.0951844302083734,True,100.0,0.995,120,False,1,1
11,14,13,0.0951844302083734,True,100.0,0.995,120,False,1,1
11,13,23,2.3597050720398416,True,100.0,0.995,120,True,1,1
11,23,13,2.3597050720398416,True,100.0,0.995,120,True,1,1
11,13,24,2.2565483876088,True,100.0,0.995,120,True,1,1
11,24,13,2.2565483876088,True,100.0,0.995,120,True,1,1
11,13,33,5.3514464937860655,True,100.0,0.995,120,True,1,1
11,33,13,5.3514464937860655,True,100.0,0.995,120,True,1,1
11,13,34,0.834956538297177,True,100.0,0.995,120,True,1,1
11,34,13,0.834956538297177,True,100.0,0.995,120,True,1,1
11,13,35,0.7953719682834567,True,100.0,0.995,120,True,1,1
11,35,13,0.7953719682834567,True,100.0,0.995,120,True,1,1
11,13,36,1.6683378462586933,True,100.0,0.995,120,True,1,1
11,36,13,1.6683378462586933,True,100.0,0.995,120,True,1,1
11,14,15,4.556549517728191,True,100.0,0.995,120,False,1,1
11,15,14,4.556549517728191,True,100.0,0.995,120,False,1,1
11,14,24,2.21566289734602,True,100.0,0.995,120,True,1,1
11,24,14,2.21566289734602,True,100.0,0.995,120,True,1,1
11,14,34,0.8412130388085207,True,100.0,0.995,120,True,1,1
11,34,14,0.8412130388085207,True,100.0,0.995,120,True,1,1
11,14,35,0.7947787349398847,True,100.0,0.995,120,True,1,1
11,35,14,0.7947787349398847,True,100.0,0.995,120,True,1,1
11,14,36,1.6126493698365192,True,100.0,0.995,120,True,1,1
11,36,14,1.6126493698365192,True,100.0,0.995,120,True,1,1
11,15,16,1.426580581181699,True,100.0,0.995,120,False,1,1
11,16,15,1.426580581181699,True,100.0,0.995,120,False,1,1
11,15,24,2.3493595439918042,True,100.0,0.995,120,True,1,1
11,24,15,2.3493595439918042,True,100.0,0.995,120,True,1,1
11,15,25,4.0894147437761355,True,100.0,0.995,120,True,1,1
11,25,15,4.0894147437761355,True,100.0,0.995,120,True,1,1
11,15,36,3.0146630623886814,True,100.0,0.995,120,True,1,1
11,36,15,3.0146630623886814,True,100.0,0.995,120,True,1,1
11,16,17,0.8894642746906937,True,100.0,0.995,120,False,1,1
11,17,16,0.8894642746906937,True,100.0,0.995,120,False,1,1
11,16,24,3.7683859613889545,True,100.0,0.995,120,True,1,1
11,24,16,3.7683859613889545,True,100.0,0.995,120,True,1,1
11,16,25,2.6741025446073876,True,100.0,0.995,120,True,1,1
11,25,16,2.6741025446073876,True,100.0,0.995,120,True,1,1
11,16,36,4.418117244659472,True,100.0,0.995,120,True,1,1
11,36,16,4.418117244659472,True,100.0,0.995,120,True,1,1
11,17,18,4.597532031565521,True,100.0,0.995,120,False,1,1
11,18,17,4.597532031565521,True,100.0,0.995,120,False,1,1
11,17,24,4.65424788096885,True,100.0,0.995,120,True,1,1
11,24,17,4.65424788096885,True,100.0,0.995,120,True,1,1
11,17,25,1.8337920014622944,True,100.0,0.995,120,True,1,1
11,25,17,1.8337920014622944,True,100.0,0.995,120,True,1,1
11,17,36,5.30575101469852,True,100.0,0.995,120,True,1,1
11,36,17,5.30575101469852,True,100.0,0.995,120,True,1,1
11,18,25,2.872374425117574,True,100.0,0.995,120,True,1,1
11,25,18,2.872374425117574,True,100.0,0.995,120,True,1,1
11,18,26,6.305772080222155,True,100.0,0.995,120,True,1,1
11,26,18,6.305772080222155,True,100.0,0.995,120,True,1,1
11,18,49,2.266553544622342,True,100.0,0.995,120,True,1,1
11,49,18,2.266553544622342,True,100.0,0.995,120,True,1,1
11,19,20,6.600211113679051,True,100.0,0.995,120,False,1,1
11,20,19,6.600211113679051,True,100.0,0.995,120,False,1,1
11,19,48,1.0659554851070465,True,100.0,0.995,120,True,1,1
11,48,19,1.0659554851070465,True,100.0,0.995,120,True,1,1
11,20,21,0.31782900645572254,True,100.0,0.995,120,False,1,1
11,21,20,0.31782900645572254,True,100.0,0.995,120,False,1,1
11,20,31,1.9700433412525802,True,100.0,0.995,120,True,1,1
11,31,20,1.9700433412525802,True,100.0,0.995,120,True,1,1
11,20,32,2.9371744125063,True,100.0,0.995,120,True,1,1
11,32,20,2.9371744125063,True,100.0,0.995,120,True,1,1
11,21,22,2.313809165598504,True,100.0,0.995,120,False,1,1
11,22,21,2.313809165598504,True,100.0,0.995,120,False,1,1
11,21,31,1.6562577505427705,True,100.0,0.995,120,True,1,1
11,31,21,1.6562577505427705,True,100.0,0.995,120,True,1,1
11,21,32,2.6234242770583136,True,100.0,0.995,120,True,1,1
11,32,21,2.6234242770583136,True,100.0,0.995,120,True,1,1
11,22,23,6.936402429264605,True,100.0,0.995,120,False,1,1
11,23,22,6.936402429264605,True,100.0,0.995,120,False,1,1
11,22,31,0.658590042541567,True,100.0,0.995,120,True,1,1
11,31,22,0.658590042541567,True,100.0,0.995,120,True,1,1
11,22,32,0.31696369986504846,True,100.0,0.995,120,True,1,1
11,32,22,0.31696369986504846,True,100.0,0.995,120,True,1,1
11,22,33,3.9541624469630423,True,100.0,0.995,120,True,1,1
11,33,22,3.9541624469630423,True,100.0,0.995,120,True,1,1
11,23,24,4.607827463979933,True,100.0,0.995,120,False,1,1
11,24,23,4.607827463979933,True,100.0,0.995,120,False,1,1
11,23,33,3.0032724020708814,True,100.0,0.995,120,True,1,1
11,33,23,3.0032724020708814,True,100.0,0.995,120,True,1,1
11,23,34,1.6272661659589402,True,100.0,0.995,120,True,1,1
11,34,23,1.6272661659589402,True,100.0,0.995,120,True,1,1
11,23,35,1.6866522640686235,True,100.0,0.995,120,True,1,1
11,35,23,1.6866522640686235,True,100.0,0.995,120,True,1,1
11,24,36,0.7241472069191174,True,100.0,0.995,120,True,1,1
11,36,24,0.7241472069191174,True,100.0,0.995,120,True,1,1
11,25,26,9.052959229247822,True,100.0,0.995,120,False,1,1
11,26,25,9.052959229247822,True,100.0,0.995,120,False,1,1
11,25,49,4.427759866671721,True,100.0,0.995,120,True,1,1
11,49,25,4.427759866671721,True,100.0,0.995,120,True,1,1
11,26,27,4.806784640184656,True,100.0,0.995,120,False,1,1
11,27,26,4.806784640184656,True,100.0,0.995,120,False,1,1
11,26,37,3.1987142285577397,True,100.0,0.995,120,True,1,1
11,37,26,3.1987142285577397,True,100.0,0.995,120,True,1,1
11,26,49,5.008614651024991,True,100.0,0.995,120,True,1,1
11,49,26,5.008614651024991,True,100.0,0.995,120,True,1,1
11,26,50,1.3720842523512589,True,100.0,0.995,120,True,1,1
11,50,26,1.3720842523512589,True,100.0,0.995,120,True,1,1
11,26,55,4.088828654349463,True,100.0,0.995,120,True,1,1
11,55,26,4.088828654349463,True,100.0,0.995,120,True,1,1
11,27,28,9.016805541432962,True,100.0,0.995,120,False,1,1
11,28,27,9.016805541432962,True,100.0,0.995,120,False,1,1
11,27,37,1.9009264459159005,True,100.0,0.995,120,True,1,1
11,37,27,1.9009264459159005,True,100.0,0.995,120,True,1,1
11,27,51,1.478607384671631,True,100.0,0.995,120,True,1,1
11,51,27,1.478607384671631,True,100.0,0.995,120,True,1,1
11,27,52,0.07575188174354504,True,100.0,0.995,120,True,1,1
11,52,27,0.07575188174354504,True,100.0,0.995,120,True,1,1
11,27,56,2.2350662078519776,True,100.0,0.995,120,True,1,1
11,56,27,2.2350662078519776,True,100.0,0.995,120,True,1,1
11,27,57,3.1921246886338825,True,100.0,0.995,120,True,1,1
11,57,27,3.1921246886338825,True,100.0,0.995,120,True,1,1
11,28,29,4.611592113438518,True,100.0,0.995,120,False,1,1
11,29,28,4.611592113438518,True,100.0,0.995,120,False,1,1
11,28,38,2.939673161881004,True,100.0,0.995,120,True,1,1
11,38,28,2.939673161881004,True,100.0,0.995,120,True,1,1
11,28,58,3.178926967213465,True,100.0,0.995,120,True,1,1
11,58,28,3.178926967213465,True,100.0,0.995,120,True,1,1
11,28,61,2.99990613293081,True,100.0,0.995,120,True,1,1
11,61,28,2.99990613293081,True,100.0,0.995,120,True,1,1
11,29,30,4.620188421764901,True,100.0,0.995,120,False,1,1
11,30,29,4.620188421764901,True,100.0,0.995,120,False,1,1
11,29,39,0.9001747235848196,True,100.0,0.995,120,True,1,1
11,39,29,0.9001747235848196,True,100.0,0.995,120,True,1,1
11,29,59,2.1891370539006845,True,100.0,0.995,120,True,1,1
11,59,29,2.1891370539006845,True,100.0,0.995,120,True,1,1
11,29,62,2.9060635040179523,True,100.0,0.995,120,True,1,1
11,62,29,2.9060635040179523,True,100.0,0.995,120,True,1,1
11,30,40,3.9220935638583305,True,100.0,0.995,120,True,1,1
11,40,30,3.9220935638583305,True,100.0,0.995,120,True,1,1
11,30,60,1.9396876718434315,True,100.0,0.995,120,True,1,1
11,60,30,1.9396876718434315,True,100.0,0.995,120,True,1,1
11,30,63,2.6791789891601177,True,100.0,0.995,120,True,1,1
11,63,30,2.6791789891601177,True,100.0,0.995,120,True,1,1
11,30,64,7.743664081338601,True,100.0,0.995,120,True,1,1
11,64,30,7.743664081338601,True,100.0,0.995,120,True,1,1
11,31,32,0.9675138598023771,True,100.0,0.995,120,False,1,1
11,32,31,0.9675138598023771,True,100.0,0.995,120,False,1,1
11,32,33,3.645569045604327,True,100.0,0.995,120,False,1,1
11,33,32,3.645569045604327,True,100.0,0.995,120,False,1,1
11,33,34,4.597562333182021,True,100.0,0.995,120,False,1,1
11,34,33,4.597562333182021,True,100.0,0.995,120,False,1,1
11,34,35,0.07512156146343228,True,100.0,0.995,120,False,1,1
11,35,34,0.07512156146343228,True,100.0,0.995,120,False,1,1
11,35,36,2.3122303951422243,True,100.0,0.995,120,False,1,1
11,36,35,2.3122303951422243,True,100.0,0.995,120,False,1,1
11,37,38,8.014492585997274,True,100.0,0.995,120,False,1,1
11,38,37,8.014492585997274,True,100.0,0.995,120,False,1,1
11,37,50,3.40626416188629,True,100.0,0.995,120,True,1,1
11,50,37,3.40626416188629,True,100.0,0.995,120,True,1,1
11,37,51,1.5229932790255116,True,100.0,0.995,120,True,1,1
11,51,37,1.5229932790255116,True,100.0,0.995,120,True,1,1
11,37,52,1.832950436569588,True,100.0,0.995,120,True,1,1
11,52,37,1.832950436569588,True,100.0,0.995,120,True,1,1
11,37,55,1.3537436261100109,True,100.0,0.995,120,True,1,1
11,55,37,1.3537436261100109,True,100.0,0.995,120,True,1,1
11,38,39,8.020368905060915,True,100.0,0.995,120,False,1,1
11,39,38,8.020368905060915,True,100.0,0.995,120,False,1,1
11,38,53,2.1852887053395142,True,100.0,0.995,120,True,1,1
11,53,38,2.1852887053395142,True,100.0,0.995,120,True,1,1
11,38,54,0.7300174799008038,True,100.0,0.995,120,True,1,1
11,54,38,0.7300174799008038,True,100.0,0.995,120,True,1,1
11,38,58,1.5685194293461502,True,100.0,0.995,120,True,1,1
11,58,38,1.5685194293461502,True,100.0,0.995,120,True,1,1
11,38,61,2.1657199338007724,True,100.0,0.995,120,True,1,1
11,61,38,2.1657199338007724,True,100.0,0.995,120,True,1,1
11,39,40,8.016783769087162,True,100.0,0.995,120,False,1,1
11,40,39,8.016783769087162,True,100.0,0.995,120,False,1,1
11,39,59,2.0055060057218688,True,100.0,0.995,120,True,1,1
11,59,39,2.0055060057218688,True,100.0,0.995,120,True,1,1
11,39,60,3.376122798726577,True,100.0,0.995,120,True,1,1
11,60,39,3.376122798726577,True,100.0,0.995,120,True,1,1
11,39,62,2.788684168203899,True,100.0,0.995,120,True,1,1
11,62,39,2.788684168203899,True,100.0,0.995,120,True,1,1
11,39,63,2.914655106530228,True,100.0,0.995,120,True,1,1
11,63,39,2.914655106530228,True,100.0,0.995,120,True,1,1
11,40,41,8.021331960694182,True,100.0,0.995,120,False,1,1
11,41,40,8.021331960694182,True,100.0,0.995,120,False,1,1
11,40,60,4.960549850036447,True,100.0,0.995,120,True,1,1
11,60,40,4.960549850036447,True,100.0,0.995,120,True,1,1
11,40,64,3.9274991729499327,True,100.0,0.995,120,True,1,1
11,64,40,3.9274991729499327,True,100.0,0.995,120,True,1,1
11,40,65,8.399773473017687,True,100.0,0.995,120,True,1,1
11,65,40,8.399773473017687,True,100.0,0.995,120,True,1,1
11,41,42,8.01720867012794,True,100.0,0.995,120,False,1,1
11,42,41,8.01720867012794,True,100.0,0.995,120,False,1,1
11,41,64,4.373682579755215,True,100.0,0.995,120,True,1,1
11,64,41,4.373682579755215,True,100.0,0.995,120,True,1,1
11,41,65,0.8633932922253392,True,100.0,0.995,120,True,1,1
11,65,41,0.8633932922253392,True,100.0,0.995,120,True,1,1
11,41,66,8.478916978645325,True,100.0,0.995,120,True,1,1
11,66,41,8.478916978645325,True,100.0,0.995,120,True,1,1
11,42,64,12.153673952631197,True,100.0,0.995,120,True,1,1
11,64,42,12.153673952631197,True,100.0,0.995,120,True,1,1
11,42,65,7.619771511252254,True,100.0,0.995,120,True,1,1
11,65,42,7.619771511252254,True,100.0,0.995,120,True,1,1
11,42,66,0.49249729832954076,True,100.0,0.995,120,True,1,1
11,66,42,0.49249729832954076,True,100.0,0.995,120,True,1,1
11,43,44,4.620894187816833,True,100.0,0.995,120,False,1,1
11,44,43,4.620894187816833,True,100.0,0.995,120,False,1,1
11,44,45,4.616924480374712,True,100.0,0.995,120,False,1,1
11,45,44,4.616924480374712,True,100.0,0.995,120,False,1,1
11,45,46,4.611743033968817,True,100.0,0.995,120,False,1,1
11,46,45,4.611743033968817,True,100.0,0.995,120,False,1,1
11,46,47,4.629833112855856,True,100.0,0.995,120,False,1,1
11,47,46,4.629833112855856,True,100.0,0.995,120,False,1,1
11,47,48,4.5994781676559775,True,100.0,0.995,120,False,1,1
11,48,47,4.5994781676559775,True,100.0,0.995,120,False,1,1
11,49,50,4.6166594771469995,True,100.0,0.995,120,False,1,1
11,50,49,4.6166594771469995,True,100.0,0.995,120,False,1,1
11,50,51,4.636333202241302,True,100.0,0.995,120,False,1,1
11,51,50,4.636333202241302,True,100.0,0.995,120,False,1,1
11,50,55,3.8625174245903646,True,100.0,0.995,120,True,1,1
11,55,50,3.8625174245903646,True,100.0,0.995,120,True,1,1
11,51,52,1.4602767525581515,True,100.0,0.995,120,False,1,1
11,52,51,1.4602767525581515,True,100.0,0.995,120,False,1,1
11,51,55,1.0153279807079225,True,100.0,0.995,120,True,1,1
11,55,51,1.0153279807079225,True,100.0,0.995,120,True,1,1
11,51,56,0.9737449972265454,True,100.0,0.995,120,True,1,1
11,56,51,0.9737449972265454,True,100.0,0.995,120,True,1,1
11,51,57,2.8420165207016144,True,100.0,0.995,120,True,1,1
11,57,51,2.8420165207016144,True,100.0,0.995,120,True,1,1
11,52,53,4.496172704033129,True,100.0,0.995,120,False,1,1
11,53,52,4.496172704033129,True,100.0,0.995,120,False,1,1
11,52,55,2.304372549195878,True,100.0,0.995,120,True,1,1
11,55,52,2.304372549195878,True,100.0,0.995,120,True,1,1
11,52,56,2.2414320317473977,True,100.0,0.995,120,True,1,1
11,56,52,2.2414320317473977,True,100.0,0.995,120,True,1,1
11,53,54,1.9845856416229948,True,100.0,0.995,120,False,1,1
11,54,53,1.9845856416229948,True,100.0,0.995,120,False,1,1
11,53,57,1.9685645508670186,True,100.0,0.995,120,True,1,1
11,57,53,1.9685645508670186,True,100.0,0.995,120,True,1,1
11,53,58,2.6879077558544413,True,100.0,0.995,120,True,1,1
11,58,53,2.6879077558544413,True,100.0,0.995,120,True,1,1
11,54,58,0.9990123969231146,True,100.0,0.995,120,True,1,1
11,58,54,0.9990123969231146,True,100.0,0.995,120,True,1,1
11,54,61,1.6563363601013006,True,100.0,0.995,120,True,1,1
11,61,54,1.6563363601013006,True,100.0,0.995,120,True,1,1
11,55,56,1.3927952135472137,True,100.0,0.995,120,False,1,1
11,56,55,1.3927952135472137,True,100.0,0.995,120,False,1,1
11,56,57,2.24206539578852,True,100.0,0.995,120,False,1,1
11,57,56,2.24206539578852,True,100.0,0.995,120,False,1,1
11,57,58,4.392586876227123,True,100.0,0.995,120,False,1,1
11,58,57,4.392586876227123,True,100.0,0.995,120,False,1,1
11,58,59,5.935372349143154,True,100.0,0.995,120,False,1,1
11,59,58,5.935372349143154,True,100.0,0.995,120,False,1,1
11,58,61,0.747617976775025,True,100.0,0.995,120,True,1,1
11,61,58,0.747617976775025,True,100.0,0.995,120,True,1,1
11,59,60,4.676976285632008,True,100.0,0.995,120,False,1,1
11,60,59,4.676976285632008,True,100.0,0.995,120,False,1,1
11,59,62,0.7865238785871297,True,100.0,0.995,120,True,1,1
11,62,59,0.7865238785871297,True,100.0,0.995,120,True,1,1
11,60,63,0.8197741505088972,True,100.0,0.995,120,True,1,1
11,63,60,0.8197741505088972,True,100.0,0.995,120,True,1,1
11,61,62,4.621605451960187,True,100.0,0.995,120,False,1,1
11,62,61,4.621605451960187,True,100.0,0.995,120,False,1,1
11,62,63,4.614861274982243,True,100.0,0.995,120,False,1,1
11,63,62,4.614861274982243,True,100.0,0.995,120,False,1,1
11,63,64,9.203586984116338,True,100.0,0.995,120,False,1,1
11,64,63,9.203586984116338,True,100.0,0.995,120,False,1,1
11,64,65,4.61331102227737,True,100.0,0.995,120,False,1,1
11,65,64,4.61331102227737,True,100.0,0.995,120,False,1,1
11,65,66,8.069730708025565,True,100.0,0.995,120,False,1,1
11,66,65,8.069730708025565,True,100.0,0.995,120,False,1,1
12,1,2,4.607770888621379,True,100.0,0.995,120,False,1,1
12,2,1,4.607770888621379,True,100.0,0.995,120,False,1,1
12,1,43,11.06527982766812,True,100.0,0.995,120,True,1,1
12,43,1,11.06527982766812,True,100.0,0.995,120,True,1,1
12,1,44,6.653362284949712,True,100.0,0.995,120,True,1,1
12,44,1,6.653362284949712,True,100.0,0.995,120,True,1,1
12,1,45,2.6472616498512407,True,100.0,0.995,120,True,1,1
12,45,1,2.6472616498512407,True,100.0,0.995,120,True,1,1
12,1,46,3.4760303984274636,True,100.0,0.995,120,True,1,1
12,46,1,3.4760303984274636,True,100.0,0.995,120,True,1,1
12,2,3,4.6374541424086475,True,100.0,0.995,120,False,1,1
12,3,2,4.6374541424086475,True,100.0,0.995,120,False,1,1
12,2,44,11.000974329936955,True,100.0,0.995,120,True,1,1
12,44,2,11.000974329936955,True,100.0,0.995,120,True,1,1
12,2,45,6.551079504074212,True,100.0,0.995,120,True,1,1
12,45,2,6.551079504074212,True,100.0,0.995,120,True,1,1
12,2,46,2.3924841252518236,True,100.0,0.995,120,True,1,1
12,46,2,2.3924841252518236,True,100.0,0.995,120,True,1,1
12,2,47,3.307100828357364,True,100.0,0.995,120,True,1,1
12,47,2,3.307100828357364,True,100.0,0.995,120,True,1,1
12,3,4,2.9548031929262693,True,100.0,0.995,120,False,1,1
12,4,3,2.9548031929262693,True,100.0,0.995,120,False,1,1
12,3,19,3.747349950724101,True,100.0,0.995,120,True,1,1
12,19,3,3.747349950724101,True,100.0,0.995,120,True,1,1
12,3,45,10.96515675452787,True,100.0,0.995,120,True,1,1
12,45,3,10.96515675452787,True,100.0,0.995,120,True,1,1
12,3,46,6.482800362291225,True,100.0,0.995,120,True,1,1
12,46,3,6.482800362291225,True,100.0,0.995,120,True,1,1
12,3,47,2.137834510017402,True,100.0,0.995,120,True,1,1
12,47,3,2.137834510017402,True,100.0,0.995,120,True,1,1
12,3,48,3.1024061238041654,True,100.0,0.995,120,True,1,1
12,48,3,3.1024061238041654,True,100.0,0.995,120,True,1,1
12,4,5,1.6500279230148598,True,100.0,0.995,120,False,1,1
12,5,4,1.6500279230148598,True,100.0,0.995,120,False,1,1
12,4,19,0.8432516835637213,True,100.0,0.995,120,True,1,1
12,19,4,0.8432516835637213,True,100.0,0.995,120,True,1,1
12,4,47,4.800801950073723,True,100.0,0.995,120,True,1,1
12,47,4,4.800801950073723,True,100.0,0.995,120,True,1,1
12,4,48,1.0038680102752684,True,100.0,0.995,120,True,1,1
12,48,4,1.0038680102752684,True,100.0,0.995,120,True,1,1
12,5,6,4.624174663645293,True,100.0,0.995,120,False,1,1
12,6,5,4.624174663645293,True,100.0,0.995,120,False,1,1
12,5,19,0.8822925676622663,True,100.0,0.995,120,True,1,1
12,19,5,0.8822925676622663,True,100.0,0.995,120,True,1,1
12,5,20,5.742622253521286,True,100.0,0.995,120,True,1,1
12,20,5,5.742622253521286,True,100.0,0.995,120,True,1,1
12,5,48,1.8704339719921224,True,100.0,0.995,120,True,1,1
12,48,5,1.8704339719921224,True,100.0,0.995,120,True,1,1
12,6,20,1.1248856929603803,True,100.0,0.995,120,True,1,1
12,20,6,1.1248856929603803,True,100.0,0.995,120,True,1,1
12,6,21,1.4413884282238403,True,100.0,0.995,120,True,1,1
12,21,6,1.4413884282238403,True,100.0,0.995,120,True,1,1
12,6,22,3.7492999399608085,True,100.0,0.995,120,True,1,1
12,22,6,3.7492999399608085,True,100.0,0.995,120,True,1,1
12,6,31,3.0917228520493665,True,100.0,0.995,120,True,1,1
12,31,6,3.0917228520493665,True,100.0,0.995,120,True,1,1
12,7,8,4.621954444614378,True,100.0,0.995,120,False,1,1
12,8,7,4.621954444614378,True,100.0,0.995,120,False,1,1
12,7,42,13.943097778582237,True,100.0,0.995,120,True,1,1
12,42,7,13.943097778582237,True,100.0,0.995,120,True,1,1
12,7,66,13.458299362763345,True,100.0,0.995,120,True,1,1
12,66,7,13.458299362763345,True,100.0,0.995,120,True,1,1
12,8,9,3.370112799800039,True,100.0,0.995,120,False,1,1
12,9,8,3.370112799800039,True,100.0,0.995,120,False,1,1
12,9,10,5.854881293686023,True,100.0,0.995,120,False,1,1
12,10,9,5.854881293686023,True,100.0,0.995,120,False,1,1
12,10,11,4.589785639187811,True,100.0,0.995,120,False,1,1
12,11,10,4.589785639187811,True,100.0,0.995,120,False,1,1
12,10,43,12.273966939979955,True,100.0,0.995,120,True,1,1
12,43,10,12.273966939979955,True,100.0,0.995,120,True,1,1
12,11,12,4.645144446588591,True,100.0,0.995,120,False,1,1
12,12,11,4.645144446588591,True,100.0,0.995,120,False,1,1
12,11,43,7.968909943817349,True,100.0,0.995,120,True,1,1
12,43,11,7.968909943817349,True,100.0,0.995,120,True,1,1
12,11,44,12.325498489750451,True,100.0,0.995,120,True,1,1
12,44,11,12.325498489750451,True,100.0,0.995,120,True,1,1
12,12,43,3.793994657604874,True,100.0,0.995,120,True,1,1
12,43,12,3.793994657604874,True,100.0,0.995,120,True,1,1
12,12,44,7.891383867513776,True,100.0,0.995,120,True,1,1
12,44,12,7.891383867513776,True,100.0,0.995,120,True,1,1
12,12,45,12.256672893459989,True,100.0,0.995,120,True,1,1
12,45,12,12.256672893459989,True,100.0,0.995,120,True,1,1
12,13,14,0.09675658743926398,True,100.0,0.995,120,False,1,1
12,14,13,0.09675658743926398,True,100.0,0.995,120,False,1,1
12,13,23,2.3597684436707653,True,100.0,0.995,120,True,1,1
12,23,13,2.3597684436707653,True,100.0,0.995,120,True,1,1
12,13,24,2.2566157011699977,True,100.0,0.995,120,True,1,1
12,24,13,2.2566157011699977,True,100.0,0.995,120,True,1,1
12,13,33,5.351266955351718,True,100.0,0.995,120,True,1,1
12,33,13,5.351266955351718,True,100.0,0.995,120,True,1,1
12,13,34,0.8385071465450905,True,100.0,0.995,120,True,1,1
12,34,13,0.8385071465450905,True,100.0,0.995,120,True,1,1
12,13,35,0.7989888160126746,True,100.0,0.995,120,True,1,1
12,35,13,0.7989888160126746,True,100.0,0.995,120,True,1,1
12,13,36,1.6702237594483829,True,100.0,0.995,120,True,1,1
12,36,13,1.6702237594483829,True,100.0,0.995,120,True,1,1
12,14,15,4.555949370287671,True,100.0,0.995,120,False,1,1
12,15,14,4.555949370287671,True,100.0,0.995,120,False,1,1
12,14,24,2.215008084694341,True,100.0,0.995,120,True,1,1
12,24,14,2.215008084694341,True,100.0,0.995,120,True,1,1
12,14,34,0.8440929281195252,True,100.0,0.995,120,True,1,1
12,34,14,0.8440929281195252,True,100.0,0.995,120,True,1,1
12,14,35,0.7975323257524587,True,100.0,0.995,120,True,1,1
12,35,14,0.7975323257524587,True,100.0,0.995,120,True,1,1
12,14,36,1.6132366407267211,True,100.0,0.995,120,True,1,1
12,36,14,1.6132366407267211,True,100.0,0.995,120,True,1,1
12,15,16,1.4272167033081806,True,100.0,0.995,120,False,1,1
12,16,15,1.4272167033081806,True,100.0,0.995,120,False,1,1
12,15,24,2.3494249140987815,True,100.0,0.995,120,True,1,1
12,24,15,2.3494249140987815,True,100.0,0.995,120,True,1,1
12,15,25,4.092243913076834,True,100.0,0.995,120,True,1,1
12,25,15,4.092243913076834,True,100.0,0.995,120,True,1,1
12,15,36,3.01571572303613,True,100.0,0.995,120,True,1,1
12,36,15,3.01571572303613,True,100.0,0.995,120,True,1,1
12,16,17,0.8889714474290603,True,100.0,0.995,120,False,1,1
12,17,16,0.8889714474290603,True,100.0,0.995,120,False,1,1
12,16,24,3.769017601235013,True,100.0,0.995,120,True,1,1
12,24,16,3.769017601235013,True,100.0,0.995,120,True,1,1
12,16,25,2.676432192530482,True,100.0,0.995,120,True,1,1
12,25,16,2.676432192530482,True,100.0,0.995,120,True,1,1
12,16,36,4.4192751752473365,True,100.0,0.995,120,True,1,1
12,36,16,4.4192751752473365,True,100.0,0.995,120,True,1,1
12,17,18,4.597615053401234,True,100.0,0.995,120,False,1,1
12,18,17,4.597615053401234,True,100.0,0.995,120,False,1,1
12,17,24,4.6543305991503745,True,100.0,0.995,120,True,1,1
12,24,17,4.6543305991503745,True,100.0,0.995,120,True,1,1
12,17,25,1.8374324398204493,True,100.0,0.995,120,True,1,1
12,25,17,1.8374324398204493,True,100.0,0.995,120,True,1,1
12,17,36,5.306419194140069,True,100.0,0.995,120,True,1,1
12,36,17,5.306419194140069,True,100.0,0.995,120,True,1,1
12,18,25,2.8711646766889087,True,100.0,0.995,120,True,1,1
12,25,18,2.8711646766889087,True,100.0,0.995,120,True,1,1
12,18,26,6.306793955033655,True,100.0,0.995,120,True,1,1
12,26,18,6.306793955033655,True,100.0,0.995,120,True,1,1
12,18,49,2.2767368791630287,True,100.0,0.995,120,True,1,1
12,49,18,2.2767368791630287,True,100.0,0.995,120,True,1,1
12,19,20,6.6007246819757235,True,100.0,0.995,120,False,1,1
12,20,19,6.6007246819757235,True,100.0,0.995,120,False,1,1
12,19,48,1.0533259321832649,True,100.0,0.995,120,True,1,1
12,48,19,1.0533259321832649,True,100.0,0.995,120,True,1,1
12,20,21,0.31726969350322126,True,100.0,0.995,120,False,1,1
12,21,20,0.31726969350322126,True,100.0,0.995,120,False,1,1
12,20,31,1.9701591926279383,True,100.0,0.995,120,True,1,1
12,31,20,1.9701591926279383,True,100.0,0.995,120,True,1,1
12,20,32,2.9365548062634064,True,100.0,0.995,120,True,1,1
12,32,20,2.9365548062634064,True,100.0,0.995,120,True,1,1
12,21,22,2.313823024539547,True,100.0,0.995,120,False,1,1
12,22,21,2.313823024539547,True,100.0,0.995,120,False,1,1
12,21,31,1.6569580233057128,True,100.0,0.995,120,True,1,1
12,31,21,1.6569580233057128,True,100.0,0.995,120,True,1,1
12,21,32,2.623398491402614,True,100.0,0.995,120,True,1,1
12,32,21,2.623398491402614,True,100.0,0.995,120,True,1,1
12,22,23,6.936457448116586,True,100.0,0.995,120,False,1,1
12,23,22,6.936457448116586,True,100.0,0.995,120,False,1,1
12,22,31,0.6583714413989573,True,100.0,0.995,120,True,1,1
12,31,22,0.6583714413989573,True,100.0,0.995,120,True,1,1
12,22,32,0.3190398935691194,True,100.0,0.995,120,True,1,1
12,32,22,0.3190398935691194,True,100.0,0.995,120,True,1,1
12,22,33,3.9550632390227327,True,100.0,0.995,120,True,1,1
12,33,22,3.9550632390227327,True,100.0,0.995,120,True,1,1
12,23,24,4.607850706127425,True,100.0,0.995,120,False,1,1
12,24,23,4.607850706127425,True,100.0,0.995,120,False,1,1
12,23,33,3.0030717186251814,True,100.0,0.995,120,True,1,1
12,33,23,3.0030717186251814,True,100.0,0.995,120,True,1,1
12,23,34,1.6282733599672974,True,100.0,0.995,120,True,1,1
12,34,23,1.6282733599672974,True,100.0,0.995,120,True,1,1
12,23,35,1.6884956402570994,True,100.0,0.995,120,True,1,1
12,35,23,1.6884956402570994,True,100.0,0.995,120,True,1,1
12,24,36,0.7270969664724227,True,100.0,0.995,120,True,1,1
12,36,24,0.7270969664724227,True,100.0,0.995,120,True,1,1
12,25,26,9.051719410797576,True,100.0,0.995,120,False,1,1
12,26,25,9.051719410797576,True,100.0,0.995,120,False,1,1
12,25,49,4.428983365078099,True,100.0,0.995,120,True,1,1
12,49,25,4.428983365078099,True,100.0,0.995,120,True,1,1
12,26,27,4.8065883161864384,True,100.0,0.995,120,False,1,1
12,27,26,4.8065883161864384,True,100.0,0.995,120,False,1,1
12,26,37,3.1951165160149593,True,100.0,0.995,120,True,1,1
12,37,26,3.1951165160149593,True,100.0,0.995,120,True,1,1
12,26,49,5.010489813358625,True,100.0,0.995,120,True,1,1
12,49,26,5.010489813358625,True,100.0,0.995,120,True,1,1
12,26,50,1.3774709376285124,True,100.0,0.995,120,True,1,1
12,50,26,1.3774709376285124,True,100.0,0.995,120,True,1,1
12,26,55,4.089881070893833,True,100.0,0.995,120,True,1,1
12,55,26,4.089881070893833,True,100.0,0.995,120,True,1,1
12,27,28,9.017178852566753,True,100.0,0.995,120,False,1,1
12,28,27,9.017178852566753,True,100.0,0.995,120,False,1,1
12,27,37,1.9050922122302427,True,100.0,0.995,120,True,1,1
12,37,27,1.9050922122302427,True,100.0,0.995,120,True,1,1
12,27,51,1.4806597909718604,True,100.0,0.995,120,True,1,1
12,51,27,1.4806597909718604,True,100.0,0.995,120,True,1,1
12,27,52,0.0756286220961069,True,100.0,0.995,120,True,1,1
12,52,27,0.0756286220961069,True,100.0,0.995,120,True,1,1
12,27,56,2.238326792600623,True,100.0,0.995,120,True,1,1
12,56,27,2.238326792600623,True,100.0,0.995,120,True,1,1
12,27,57,3.194823867047826,True,100.0,0.995,120,True,1,1
12,57,27,3.194823867047826,True,100.0,0.995,120,True,1,1
12,28,29,4.6115989908383055,True,100.0,0.995,120,False,1,1
12,29,28,4.6115989908383055,True,100.0,0.995,120,False,1,1
12,28,38,2.9434241354921533,True,100.0,0.995,120,True,1,1
12,38,28,2.9434241354921533,True,100.0,0.995,120,True,1,1
12,28,58,3.177817546392703,True,100.0,0.995,120,True,1,1
12,58,28,3.177817546392703,True,100.0,0.995,120,True,1,1
12,28,61,2.9950152854619367,True,100.0,0.995,120,True,1,1
12,61,28,2.9950152854619367,True,100.0,0.995,120,True,1,1
12,29,30,4.620240027591789,True,100.0,0.995,120,False,1,1
12,30,29,4.620240027591789,True,100.0,0.995,120,False,1,1
12,29,39,0.8946015663435661,True,100.0,0.995,120,True,1,1
12,39,29,0.8946015663435661,True,100.0,0.995,120,True,1,1
12,29,59,2.1802307020514298,True,100.0,0.995,120,True,1,1
12,59,29,2.1802307020514298,True,100.0,0.995,120,True,1,1
12,29,62,2.8965641221955063,True,100.0,0.995,120,True,1,1
12,62,29,2.8965641221955063,True,100.0,0.995,120,True,1,1
12,30,40,3.9171160578521467,True,100.0,0.995,120,True,1,1
12,40,30,3.9171160578521467,True,100.0,0.995,120,True,1,1
12,30,60,1.9275806601482117,True,100.0,0.995,120,True,1,1
12,60,30,1.9275806601482117,True,100.0,0.995,120,True,1,1
12,30,63,2.6663996960500267,True,100.0,0.995,120,True,1,1
12,63,30,2.6663996960500267,True,100.0,0.995,120,True,1,1
12,30,64,7.7386970649048745,True,100.0,0.995,120,True,1,1
12,64,30,7.7386970649048745,True,100.0,0.995,120,True,1,1
12,31,32,0.9667624821199056,True,100.0,0.995,120,False,1,1
12,32,31,0.9667624821199056,True,100.0,0.995,120,False,1,1
12,32,33,3.646449040730682,True,100.0,0.995,120,False,1,1
12,33,32,3.646449040730682,True,100.0,0.995,120,False,1,1
12,33,34,4.596869186692501,True,100.0,0.995,120,False,1,1
12,34,33,4.596869186692501,True,100.0,0.995,120,False,1,1
12,34,35,0.07582926078736155,True,100.0,0.995,120,False,1,1
12,35,34,0.07582926078736155,True,100.0,0.995,120,False,1,1
12,35,36,2.3115739606214802,True,100.0,0.995,120,False,1,1
12,36,35,2.3115739606214802,True,100.0,0.995,120,False,1,1
12,37,38,8.01458604090974,True,100.0,0.995,120,False,1,1
12,38,37,8.01458604090974,True,100.0,0.995,120,False,1,1
12,37,50,3.402590902959114,True,100.0,0.995,120,True,1,1
12,50,37,3.402590902959114,True,100.0,0.995,120,True,1,1
12,37,51,1.5274209733761375,True,100.0,0.995,120,True,1,1
12,51,37,1.5274209733761375,True,100.0,0.995,120,True,1,1
12,37,52,1.8372187813295506,True,100.0,0.995,120,True,1,1
12,52,37,1.8372187813295506,True,100.0,0.995,120,True,1,1
12,37,55,1.3573349355008502,True,100.0,0.995,120,True,1,1
12,55,37,1.3573349355008502,True,100.0,0.995,120,True,1,1
12,38,39,8.020416104147124,True,100.0,0.995,120,False,1,1
12,39,38,8.020416104147124,True,100.0,0.995,120,False,1,1
12,38,53,2.1811000850696405,True,100.0,0.995,120,True,1,1
12,53,38,2.1811000850696405,True,100.0,0.995,120,True,1,1
12,38,54,0.7287210592689846,True,100.0,0.995,120,True,1,1
12,54,38,0.7287210592689846,True,100.0,0.995,120,True,1,1
12,38,58,1.5669045886060955,True,100.0,0.995,120,True,1,1
12,58,38,1.5669045886060955,True,100.0,0.995,120,True,1,1
12,38,61,2.1656110935821595,True,100.0,0.995,120,True,1,1
12,61,38,2.1656110935821595,True,100.0,0.995,120,True,1,1
12,39,40,8.016805916995864,True,100.0,0.995,120,False,1,1
12,40,39,8.016805916995864,True,100.0,0.995,120,False,1,1
12,39,59,1.998254418719866,True,100.0,0.995,120,True,1,1
12,59,39,1.998254418719866,True,100.0,0.995,120,True,1,1
12,39,60,3.377412296004624,True,100.0,0.995,120,True,1,1
12,60,39,3.377412296004624,True,100.0,0.995,120,True,1,1
12,39,62,2.780434663565723,True,100.0,0.995,120,True,1,1
12,62,39,2.780434663565723,True,100.0,0.995,120,True,1,1
12,39,63,2.9127952399521795,True,100.0,0.995,120,True,1,1
12,63,39,2.9127952399521795,True,100.0,0.995,120,True,1,1
12,40,41,8.02132010167181,True,100.0,0.995,120,False,1,1
12,41,40,8.02132010167181,True,100.0,0.995,120,False,1,1
12,40,60,4.954337384145577,True,100.0,0.995,120,True,1,1
12,60,40,4.954337384145577,True,100.0,0.995,120,True,1,1
12,40,64,3.9265399640018313,True,100.0,0.995,120,True,1,1
12,64,40,3.9265399640018313,True,100.0,0.995,120,True,1,1
12,40,65,8.401783756378533,True,100.0,0.995,120,True,1,1
12,65,40,8.401783756378533,True,100.0,0.995,120,True,1,1
12,41,42,8.017254404711004,True,100.0,0.995,120,False,1,1
12,42,41,8.017254404711004,True,100.0,0.995,120,False,1,1
12,41,64,4.365768198517225,True,100.0,0.995,120,True,1,1
12,64,41,4.365768198517225,True,100.0,0.995,120,True,1,1
12,41,65,0.8491030437379333,True,100.0,0.995,120,True,1,1
12,65,41,0.8491030437379333,True,100.0,0.995,120,True,1,1
12,41,66,8.479500943053322,True,100.0,0.995,120,True,1,1
12,66,41,8.479500943053322,True,100.0,0.995,120,True,1,1
12,42,64,12.148641008597037,True,100.0,0.995,120,True,1,1
12,64,42,12.148641008597037,True,100.0,0.995,120,True,1,1
12,42,65,7.614522358129018,True,100.0,0.995,120,True,1,1
12,65,42,7.614522358129018,True,100.0,0.995,120,True,1,1
12,42,66,0.49117590368197334,True,100.0,0.995,120,True,1,1
12,66,42,0.49117590368197334,True,100.0,0.995,120,True,1,1
12,43,44,4.620808447268624,True,100.0,0.995,120,False,1,1
12,44,43,4.620808447268624,True,100.0,0.995,120,False,1,1
12,44,45,4.616878340109544,True,100.0,0.995,120,False,1,1
12,45,44,4.616878340109544,True,100.0,0.995,120,False,1,1
12,45,46,4.611656671656069,True,100.0,0.995,120,False,1,1
12,46,45,4.611656671656069,True,100.0,0.995,120,False,1,1
12,46,47,4.6297878302002875,True,100.0,0.995,120,False,1,1
12,47,46,4.6297878302002875,True,100.0,0.995,120,False,1,1
12,47,48,4.599416481911652,True,100.0,0.995,120,False,1,1
12,48,47,4.599416481911652,True,100.0,0.995,120,False,1,1
12,49,50,4.616709954815884,True,100.0,0.995,120,False,1,1
12,50,49,4.616709954815884,True,100.0,0.995,120,False,1,1
12,50,51,4.636436127248063,True,100.0,0.995,120,False,1,1
12,51,50,4.636436127248063,True,100.0,0.995,120,False,1,1
12,50,55,3.8607433188511378,True,100.0,0.995,120,True,1,1
12,55,50,3.8607433188511378,True,100.0,0.995,120,True,1,1
12,51,52,1.462426721528894,True,100.0,0.995,120,False,1,1
12,52,51,1.462426721528894,True,100.0,0.995,120,False,1,1
12,51,55,1.017814902458937,True,100.0,0.995,120,True,1,1
12,55,51,1.017814902458937,True,100.0,0.995,120,True,1,1
12,51,56,0.9732455708083275,True,100.0,0.995,120,True,1,1
12,56,51,0.9732455708083275,True,100.0,0.995,120,True,1,1
12,51,57,2.843772361346642,True,100.0,0.995,120,True,1,1
12,57,51,2.843772361346642,True,100.0,0.995,120,True,1,1
12,52,53,4.496550356719497,True,100.0,0.995,120,False,1,1
12,53,52,4.496550356719497,True,100.0,0.995,120,False,1,1
12,52,55,2.3086131224883286,True,100.0,0.995,120,True,1,1
12,55,52,2.3086131224883286,True,100.0,0.995,120,True,1,1
12,52,56,2.244619045355305,True,100.0,0.995,120,True,1,1
12,56,52,2.244619045355305,True,100.0,0.995,120,True,1,1
12,53,54,1.9847825310940634,True,100.0,0.995,120,False,1,1
12,54,53,1.9847825310940634,True,100.0,0.995,120,False,1,1
12,53,57,1.9670280699058462,True,100.0,0.995,120,True,1,1
12,57,53,1.9670280699058462,True,100.0,0.995,120,True,1,1
12,53,58,2.684879104378712,True,100.0,0.995,120,True,1,1
12,58,53,2.684879104378712,True,100.0,0.995,120,True,1,1
12,54,58,0.9963671104044773,True,100.0,0.995,120,True,1,1
12,58,54,0.9963671104044773,True,100.0,0.995,120,True,1,1
12,54,61,1.655104801294698,True,100.0,0.995,120,True,1,1
12,61,54,1.655104801294698,True,100.0,0.995,120,True,1,1
12,55,56,1.3919238460601697,True,100.0,0.995,120,False,1,1
12,56,55,1.3919238460601697,True,100.0,0.995,120,False,1,1
12,56,57,2.246788113966934,True,100.0,0.995,120,False,1,1
12,57,56,2.246788113966934,True,100.0,0.995,120,False,1,1
12,57,58,4.3880227335005335,True,100.0,0.995,120,False,1,1
12,58,57,4.3880227335005335,True,100.0,0.995,120,False,1,1
12,58,59,5.938367933580688,True,100.0,0.995,120,False,1,1
12,59,58,5.938367933580688,True,100.0,0.995,120,False,1,1
12,58,61,0.7499545049368377,True,100.0,0.995,120,True,1,1
12,61,58,0.7499545049368377,True,100.0,0.995,120,True,1,1
12,59,60,4.6770046347048275,True,100.0,0.995,120,False,1,1
12,60,59,4.6770046347048275,True,100.0,0.995,120,False,1,1
12,59,62,0.7855601506929026,True,100.0,0.995,120,True,1,1
12,62,59,0.7855601506929026,True,100.0,0.995,120,True,1,1
12,60,63,0.8184981296029111,True,100.0,0.995,120,True,1,1
12,63,60,0.8184981296029111,True,100.0,0.995,120,True,1,1
12,61,62,4.621626864738901,True,100.0,0.995,120,False,1,1
12,62,61,4.621626864738901,True,100.0,0.995,120,False,1,1
12,62,63,4.614899549733833,True,100.0,0.995,120,False,1,1
12,63,62,4.614899549733833,True,100.0,0.995,120,False,1,1
12,63,64,9.203573046433656,True,100.0,0.995,120,False,1,1
12,64,63,9.203573046433656,True,100.0,0.995,120,False,1,1
12,64,65,4.613318041380698,True,100.0,0.995,120,False,1,1
12,65,64,4.613318041380698,True,100.0,0.995,120,False,1,1
12,65,66,8.066790731188249,True,100.0,0.995,120,False,1,1
12,66,65,8.066790731188249,True,100.0,0.995,120,False,1,1
13,1,2,4.607691788535566,True,100.0,0.995,120,False,1,1
13,2,1,4.607691788535566,True,100.0,0.995,120,False,1,1
13,1,43,11.062597095906375,True,100.0,0.995,120,True,1,1
13,43,1,11.062597095906375,True,100.0,0.995,120,True,1,1
13,1,44,6.648525514709996,True,100.0,0.995,120,True,1,1
13,44,1,6.648525514709996,True,100.0,0.995,120,True,1,1
13,1,45,2.634315282726921,True,100.0,0.995,120,True,1,1
13,45,1,2.634315282726921,True,100.0,0.995,120,True,1,1
13,1,46,3.4658212451031654,True,100.0,0.995,120,True,1,1
13,46,1,3.4658212451031654,True,100.0,0.995,120,True,1,1
13,2,3,4.63739763220403,True,100.0,0.995,120,False,1,1
13,3,2,4.63739763220403,True,100.0,0.995,120,False,1,1
13,2,44,10.997658628501329,True,100.0,0.995,120,True,1,1
13,44,2,10.997658628501329,True,100.0,0.995,120,True,1,1
13,2,45,6.545492668514316,True,100.0,0.995,120,True,1,1
13,45,2,6.545492668514316,True,100.0,0.995,120,True,1,1
13,2,46,2.377546272817721,True,100.0,0.995,120,True,1,1
13,46,2,2.377546272817721,True,100.0,0.995,120,True,1,1
13,2,47,3.296852350550176,True,100.0,0.995,120,True,1,1
13,47,2,3.296852350550176,True,100.0,0.995,120,True,1,1
13,3,4,2.9539686927430675,True,100.0,0.995,120,False,1,1
13,4,3,2.9539686927430675,True,100.0,0.995,120,False,1,1
13,3,19,3.7461115449986107,True,100.0,0.995,120,True,1,1
13,19,3,3.7461115449986107,True,100.0,0.995,120,True,1,1
13,3,45,10.961580436016527,True,100.0,0.995,120,True,1,1
13,45,3,10.961580436016527,True,100.0,0.995,120,True,1,1
13,3,46,6.477220944653712,True,100.0,0.995,120,True,1,1
13,46,3,6.477220944653712,True,100.0,0.995,120,True,1,1
13,3,47,2.1226250345539053,True,100.0,0.995,120,True,1,1
13,47,3,2.1226250345539053,True,100.0,0.995,120,True,1,1
13,3,48,3.0934534053165548,True,100.0,0.995,120,True,1,1
13,48,3,3.0934534053165548,True,100.0,0.995,120,True,1,1
13,4,5,1.6506054531560783,True,100.0,0.995,120,False,1,1
13,5,4,1.6506054531560783,True,100.0,0.995,120,False,1,1
13,4,19,0.839681508355917,True,100.0,0.995,120,True,1,1
13,19,4,0.839681508355917,True,100.0,0.995,120,True,1,1
13,4,47,4.792633913160869,True,100.0,0.995,120,True,1,1
13,47,4,4.792633913160869,True,100.0,0.995,120,True,1,1
13,4,48,0.9744890500595564,True,100.0,0.995,120,True,1,1
13,48,4,0.9744890500595564,True,100.0,0.995,120,True,1,1
13,5,6,4.6241475446797695,True,100.0,0.995,120,False,1,1
13,6,5,4.6241475446797695,True,100.0,0.995,120,False,1,1
13,5,19,0.881419143499481,True,100.0,0.995,120,True,1,1
13,19,5,0.881419143499481,True,100.0,0.995,120,True,1,1
13,5,20,5.74234584917601,True,100.0,0.995,120,True,1,1
13,20,5,5.74234584917601,True,100.0,0.995,120,True,1,1
13,5,48,1.858807259230473,True,100.0,0.995,120,True,1,1
13,48,5,1.858807259230473,True,100.0,0.995,120,True,1,1
13,6,20,1.1245907880072783,True,100.0,0.995,120,True,1,1
13,20,6,1.1245907880072783,True,100.0,0.995,120,True,1,1
13,6,21,1.4405937184984383,True,100.0,0.995,120,True,1,1
13,21,6,1.4405937184984383,True,100.0,0.995,120,True,1,1
13,6,22,3.74865294557279,True,100.0,0.995,120,True,1,1
13,22,6,3.74865294557279,True,100.0,0.995,120,True,1,1
13,6,31,3.0917040885355456,True,100.0,0.995,120,True,1,1
13,31,6,3.0917040885355456,True,100.0,0.995,120,True,1,1
13,7,8,4.621945943686252,True,100.0,0.995,120,False,1,1
13,8,7,4.621945943686252,True,100.0,0.995,120,False,1,1
13,7,42,13.948113244935323,True,100.0,0.995,120,True,1,1
13,42,7,13.948113244935323,True,100.0,0.995,120,True,1,1
13,7,66,13.464213540325094,True,100.0,0.995,120,True,1,1
13,66,7,13.464213540325094,True,100.0,0.995,120,True,1,1
13,8,9,3.3697204261924925,True,100.0,0.995,120,False,1,1
13,9,8,3.3697204261924925,True,100.0,0.995,120,False,1,1
13,9,10,5.855250985553744,True,100.0,0.995,120,False,1,1
13,10,9,5.855250985553744,True,100.0,0.995,120,False,1,1
13,10,11,4.58975795514264,True,100.0,0.995,120,False,1,1
13,11,10,4.58975795514264,True,100.0,0.995,120,False,1,1
13,10,43,12.274312066153346,True,100.0,0.995,120,True,1,1
13,43,10,12.274312066153346,True,100.0,0.995,120,True,1,1
13,11,12,4.645128987491693,True,100.0,0.995,120,False,1,1
13,12,11,4.645128987491693,True,100.0,0.995,120,False,1,1
13,11,43,7.968652867203531,True,100.0,0.995,120,True,1,1
13,43,11,7.968652867203531,True,100.0,0.995,120,True,1,1
13,11,44,12.324671771805633,True,100.0,0.995,120,True,1,1
13,44,11,12.324671771805633,True,100.0,0.995,120,True,1,1
13,12,43,3.7918626063461125,True,100.0,0.995,120,True,1,1
13,43,12,3.7918626063461125,True,100.0,0.995,120,True,1,1
13,12,44,7.88951047468119,True,100.0,0.995,120,True,1,1
13,44,12,7.88951047468119,True,100.0,0.995,120,True,1,1
13,12,45,12.254953853906503,True,100.0,0.995,120,True,1,1
13,45,12,12.254953853906503,True,100.0,0.995,120,True,1,1
13,13,14,0.09832609869016733,True,100.0,0.995,120,False,1,1
13,14,13,0.09832609869016733,True,100.0,0.995,120,False,1,1
13,13,23,2.3598330645838863,True,100.0,0.995,120,True,1,1
13,23,13,2.3598330645838863,True,100.0,0.995,120,True,1,1
13,13,24,2.256684145647591,True,100.0,0.995,120,True,1,1
13,24,13,2.256684145647591,True,100.0,0.995,120,True,1,1
13,13,33,5.351099718411195,True,100.0,0.995,120,True,1,1
13,33,13,5.351099718411195,True,100.0,0.995,120,True,1,1
13,13,34,0.8420985466139347,True,100.0,0.995,120,True,1,1
13,34,13,0.8420985466139347,True,100.0,0.995,120,True,1,1
13,13,35,0.8026563627865917,True,100.0,0.995,120,True,1,1
13,35,13,0.8026563627865917,True,100.0,0.995,120,True,1,1
13,13,36,1.672131803297808,True,100.0,0.995,120,True,1,1
13,36,13,1.672131803297808,True,100.0,0.995,120,True,1,1
13,14,15,4.555349467746074,True,100.0,0.995,120,False,1,1
13,15,14,4.555349467746074,True,100.0,0.995,120,False,1,1
13,14,24,2.2143532241450363,True,100.0,0.995,120,True,1,1
13,24,14,2.2143532241450363,True,100.0,0.995,120,True,1,1
13,14,34,0.8469998098334671,True,100.0,0.995,120,True,1,1
13,34,14,0.8469998098334671,True,100.0,0.995,120,True,1,1
13,14,35,0.8003211696303377,True,100.0,0.995,120,True,1,1
13,35,14,0.8003211696303377,True,100.0,0.995,120,True,1,1
13,14,36,1.6138397444158032,True,100.0,0.995,120,True,1,1
13,36,14,1.6138397444158032,True,100.0,0.995,120,True,1,1
13,15,16,1.4278532004026172,True,100.0,0.995,120,False,1,1
13,16,15,1.4278532004026172,True,100.0,0.995,120,False,1,1
13,15,24,2.3494906149348327,True,100.0,0.995,120,True,1,1
13,24,15,2.3494906149348327,True,100.0,0.995,120,True,1,1
13,15,25,4.095074098122174,True,100.0,0.995,120,True,1,1
13,25,15,4.095074098122174,True,100.0,0.995,120,True,1,1
13,15,36,3.0167756149871536,True,100.0,0.995,120,True,1,1
13,36,15,3.0167756149871536,True,100.0,0.995,120,True,1,1
13,16,17,0.8884787360462701,True,100.0,0.995,120,False,1,1
13,17,16,0.8884787360462701,True,100.0,0.995,120,False,1,1
13,16,24,3.769649743298279,True,100.0,0.995,120,True,1,1
13,24,16,3.769649743298279,True,100.0,0.995,120,True,1,1
13,16,25,2.6787619257248823,True,100.0,0.995,120,True,1,1
13,25,16,2.6787619257248823,True,100.0,0.995,120,True,1,1
13,16,36,4.4204365576579665,True,100.0,0.995,120,True,1,1
13,36,16,4.4204365576579665,True,100.0,0.995,120,True,1,1
13,17,18,4.597698151247691,True,100.0,0.995,120,False,1,1
13,18,17,4.597698151247691,True,100.0,0.995,120,False,1,1
13,17,24,4.654413897883125,True,100.0,0.995,120,True,1,1
13,24,17,4.654413897883125,True,100.0,0.995,120,True,1,1
13,17,25,1.841068829596189,True,100.0,0.995,120,True,1,1
13,25,17,1.841068829596189,True,100.0,0.995,120,True,1,1
13,17,36,5.307090792202963,True,100.0,0.995,120,True,1,1
13,36,17,5.307090792202963,True,100.0,0.995,120,True,1,1
13,18,25,2.8699542899075046,True,100.0,0.995,120,True,1,1
13,25,18,2.8699542899075046,True,100.0,0.995,120,True,1,1
13,18,26,6.307810528587744,True,100.0,0.995,120,True,1,1
13,26,18,6.307810528587744,True,100.0,0.995,120,True,1,1
13,18,49,2.2867761758017195,True,100.0,0.995,120,True,1,1
13,49,18,2.2867761758017195,True,100.0,0.995,120,True,1,1
13,19,20,6.601240147529152,True,100.0,0.995,120,False,1,1
13,20,19,6.601240147529152,True,100.0,0.995,120,False,1,1
13,19,48,1.0408505184547792,True,100.0,0.995,120,True,1,1
13,48,19,1.0408505184547792,True,100.0,0.995,120,True,1,1
13,20,21,0.3167100356677665,True,100.0,0.995,120,False,1,1
13,21,20,0.3167100356677665,True,100.0,0.995,120,False,1,1
13,20,31,1.9703010474645402,True,100.0,0.995,120,True,1,1
13,31,20,1.9703010474645402,True,100.0,0.995,120,True,1,1
13,20,32,2.9359691606738294,True,100.0,0.995,120,True,1,1
13,32,20,2.9359691606738294,True,100.0,0.995,120,True,1,1
13,21,22,2.313837759567158,True,100.0,0.995,120,False,1,1
13,22,21,2.313837759567158,True,100.0,0.995,120,False,1,1
13,21,31,1.6576894700401756,True,100.0,0.995,120,True,1,1
13,31,21,1.6576894700401756,True,100.0,0.995,120,True,1,1
13,21,32,2.6234109167003457,True,100.0,0.995,120,True,1,1
13,32,21,2.6234109167003457,True,100.0,0.995,120,True,1,1
13,22,23,6.9365141632762155,True,100.0,0.995,120,False,1,1
13,23,22,6.9365141632762155,True,100.0,0.995,120,False,1,1
13,22,31,0.6582321256553546,True,100.0,0.995,120,True,1,1
13,31,22,0.6582321256553546,True,100.0,0.995,120,True,1,1
13,22,32,0.3214084643114791,True,100.0,0.995,120,True,1,1
13,32,22,0.3214084643114791,True,100.0,0.995,120,True,1,1
13,22,33,3.9559772192966896,True,100.0,0.995,120,True,1,1
13,33,22,3.9559772192966896,True,100.0,0.995,120,True,1,1
13,23,24,4.607874816592195,True,100.0,0.995,120,False,1,1
13,24,23,4.607874816592195,True,100.0,0.995,120,False,1,1
13,23,33,3.0028857378254594,True,100.0,0.995,120,True,1,1
13,33,23,3.0028857378254594,True,100.0,0.995,120,True,1,1
13,23,34,1.6293009477122018,True,100.0,0.995,120,True,1,1
13,34,23,1.6293009477122018,True,100.0,0.995,120,True,1,1
13,23,35,1.6903609567132452,True,100.0,0.995,120,True,1,1
13,35,23,1.6903609567132452,True,100.0,0.995,120,True,1,1
13,24,36,0.7300643439655122,True,100.0,0.995,120,True,1,1
13,36,24,0.7300643439655122,True,100.0,0.995,120,True,1,1
13,25,26,9.050480236670568,True,100.0,0.995,120,False,1,1
13,26,25,9.050480236670568,True,100.0,0.995,120,False,1,1
13,25,49,4.430187169929857,True,100.0,0.995,120,True,1,1
13,49,25,4.430187169929857,True,100.0,0.995,120,True,1,1
13,26,27,4.806390999659396,True,100.0,0.995,120,False,1,1
13,27,26,4.806390999659396,True,100.0,0.995,120,False,1,1
13,26,37,3.191501140506998,True,100.0,0.995,120,True,1,1
13,37,26,3.191501140506998,True,100.0,0.995,120,True,1,1
13,26,49,5.012331114362232,True,100.0,0.995,120,True,1,1
13,49,26,5.012331114362232,True,100.0,0.995,120,True,1,1
13,26,50,1.382691065478648,True,100.0,0.995,120,True,1,1
13,50,26,1.382691065478648,True,100.0,0.995,120,True,1,1
13,26,55,4.090827981580804,True,100.0,0.995,120,True,1,1
13,55,26,4.090827981580804,True,100.0,0.995,120,True,1,1
13,27,28,9.017551171444582,True,100.0,0.995,120,False,1,1
13,28,27,9.017551171444582,True,100.0,0.995,120,False,1,1
13,27,37,1.9092219354687283,True,100.0,0.995,120,True,1,1
13,37,27,1.9092219354687283,True,100.0,0.995,120,True,1,1
13,27,51,1.4825411840250207,True,100.0,0.995,120,True,1,1
13,51,27,1.4825411840250207,True,100.0,0.995,120,True,1,1
13,27,52,0.0755059172424832,True,100.0,0.995,120,True,1,1
13,52,27,0.0755059172424832,True,100.0,0.995,120,True,1,1
13,27,56,2.2413187334459064,True,100.0,0.995,120,True,1,1
13,56,27,2.2413187334459064,True,100.0,0.995,120,True,1,1
13,27,57,3.197341491167478,True,100.0,0.995,120,True,1,1
13,57,27,3.197341491167478,True,100.0,0.995,120,True,1,1
13,28,29,4.611605365527265,True,100.0,0.995,120,False,1,1
13,29,28,4.611605365527265,True,100.0,0.995,120,False,1,1
13,28,38,2.947156815827046,True,100.0,0.995,120,True,1,1
13,38,28,2.947156815827046,True,100.0,0.995,120,True,1,1
13,28,58,3.1765387652106956,True,100.0,0.995,120,True,1,1
13,58,28,3.1765387652106956,True,100.0,0.995,120,True,1,1
13,28,61,2.989872864523562,True,100.0,0.995,120,True,1,1
13,61,28,2.989872864523562,True,100.0,0.995,120,True,1,1
13,29,30,4.620290806780118,True,100.0,0.995,120,False,1,1
13,30,29,4.620290806780118,True,100.0,0.995,120,False,1,1
13,29,39,0.8889687576893778,True,100.0,0.995,120,True,1,1
13,39,29,0.8889687576893778,True,100.0,0.995,120,True,1,1
13,29,59,2.171122176872782,True,100.0,0.995,120,True,1,1
13,59,29,2.171122176872782,True,100.0,0.995,120,True,1,1
13,29,62,2.886840433657059,True,100.0,0.995,120,True,1,1
13,62,29,2.886840433657059,True,100.0,0.995,120,True,1,1
13,30,40,3.9121364461996393,True,100.0,0.995,120,True,1,1
13,40,30,3.9121364461996393,True,100.0,0.995,120,True,1,1
13,30,60,1.915318949227085,True,100.0,0.995,120,True,1,1
13,60,30,1.915318949227085,True,100.0,0.995,120,True,1,1
13,30,63,2.6534614067132773,True,100.0,0.995,120,True,1,1
13,63,30,2.6534614067132773,True,100.0,0.995,120,True,1,1
13,30,64,7.733736151254977,True,100.0,0.995,120,True,1,1
13,64,30,7.733736151254977,True,100.0,0.995,120,True,1,1
13,31,32,0.9660194762910321,True,100.0,0.995,120,False,1,1
13,32,31,0.9660194762910321,True,100.0,0.995,120,False,1,1
13,32,33,3.6473324015823145,True,100.0,0.995,120,False,1,1
13,33,32,3.6473324015823145,True,100.0,0.995,120,False,1,1
13,33,34,4.5961768286586935,True,100.0,0.995,120,False,1,1
13,34,33,4.5961768286586935,True,100.0,0.995,120,False,1,1
13,34,35,0.07653975380905231,True,100.0,0.995,120,False,1,1
13,35,34,0.07653975380905231,True,100.0,0.995,120,False,1,1
13,35,36,2.310918193166756,True,100.0,0.995,120,False,1,1
13,36,35,2.310918193166756,True,100.0,0.995,120,False,1,1
13,37,38,8.014678487935369,True,100.0,0.995,120,False,1,1
13,38,37,8.014678487935369,True,100.0,0.995,120,False,1,1
13,37,50,3.3989035147190645,True,100.0,0.995,120,True,1,1
13,50,37,3.3989035147190645,True,100.0,0.995,120,True,1,1
13,37,51,1.5318114166454158,True,100.0,0.995,120,True,1,1
13,51,37,1.5318114166454158,True,100.0,0.995,120,True,1,1
13,37,52,1.8414493365207436,True,100.0,0.995,120,True,1,1
13,52,37,1.8414493365207436,True,100.0,0.995,120,True,1,1
13,37,55,1.3607865639287537,True,100.0,0.995,120,True,1,1
13,55,37,1.3607865639287537,True,100.0,0.995,120,True,1,1
13,38,39,8.020462149260458,True,100.0,0.995,120,False,1,1
13,39,38,8.020462149260458,True,100.0,0.995,120,False,1,1
13,38,53,2.1768849879243057,True,100.0,0.995,120,True,1,1
13,53,38,2.1768849879243057,True,100.0,0.995,120,True,1,1
13,38,54,0.7273737060325034,True,100.0,0.995,120,True,1,1
13,54,38,0.7273737060325034,True,100.0,0.995,120,True,1,1
13,38,58,1.5651226792815118,True,100.0,0.995,120,True,1,1
13,58,38,1.5651226792815118,True,100.0,0.995,120,True,1,1
13,38,61,2.1653272863284174,True,100.0,0.995,120,True,1,1
13,61,38,2.1653272863284174,True,100.0,0.995,120,True,1,1
13,39,40,8.016827250691502,True,100.0,0.995,120,False,1,1
13,40,39,8.016827250691502,True,100.0,0.995,120,False,1,1
13,39,59,1.9909117450436278,True,100.0,0.995,120,True,1,1
13,59,39,1.9909117450436278,True,100.0,0.995,120,True,1,1
13,39,60,3.378675057688673,True,100.0,0.995,120,True,1,1
13,60,39,3.378675057688673,True,100.0,0.995,120,True,1,1
13,39,62,2.7720678586368073,True,100.0,0.995,120,True,1,1
13,62,39,2.7720678586368073,True,100.0,0.995,120,True,1,1
13,39,63,2.9108696809613255,True,100.0,0.995,120,True,1,1
13,63,39,2.9108696809613255,True,100.0,0.995,120,True,1,1
13,40,41,8.021307815681405,True,100.0,0.995,120,False,1,1
13,41,40,8.021307815681405,True,100.0,0.995,120,False,1,1
13,40,60,4.94811410832692,True,100.0,0.995,120,True,1,1
13,60,40,4.94811410832692,True,100.0,0.995,120,True,1,1
13,40,64,3.925610803164408,True,100.0,0.995,120,True,1,1
13,64,40,3.925610803164408,True,100.0,0.995,120,True,1,1
13,40,65,8.403816758743034,True,100.0,0.995,120,True,1,1
13,65,40,8.403816758743034,True,100.0,0.995,120,True,1,1
13,41,42,8.017300461280279,True,100.0,0.995,120,False,1,1
13,42,41,8.017300461280279,True,100.0,0.995,120,False,1,1
13,41,64,4.3578968839133,True,100.0,0.995,120,True,1,1
13,64,41,4.3578968839133,True,100.0,0.995,120,True,1,1
13,41,65,0.8349471604793484,True,100.0,0.995,120,True,1,1
13,65,41,0.8349471604793484,True,100.0,0.995,120,True,1,1
13,41,66,8.480117906597984,True,100.0,0.995,120,True,1,1
13,66,41,8.480117906597984,True,100.0,0.995,120,True,1,1
13,42,64,12.143635130141165,True,100.0,0.995,120,True,1,1
13,64,42,12.143635130141165,True,100.0,0.995,120,True,1,1
13,42,65,7.60932223629528,True,100.0,0.995,120,True,1,1
13,65,42,7.60932223629528,True,100.0,0.995,120,True,1,1
13,42,66,0.49047003112386806,True,100.0,0.995,120,True,1,1
13,66,42,0.49047003112386806,True,100.0,0.995,120,True,1,1
13,43,44,4.620721960834135,True,100.0,0.995,120,False,1,1
13,44,43,4.620721960834135,True,100.0,0.995,120,False,1,1
13,44,45,4.616832096150915,True,100.0,0.995,120,False,1,1
13,45,44,4.616832096150915,True,100.0,0.995,120,False,1,1
13,45,46,4.611570394820458,True,100.0,0.995,120,False,1,1
13,46,45,4.611570394820458,True,100.0,0.995,120,False,1,1
13,46,47,4.629743242838407,True,100.0,0.995,120,False,1,1
13,47,46,4.629743242838407,True,100.0,0.995,120,False,1,1
13,47,48,4.5993552590967575,True,100.0,0.995,120,False,1,1
13,48,47,4.5993552590967575,True,100.0,0.995,120,False,1,1
13,49,50,4.616760337219568,True,100.0,0.995,120,False,1,1
13,50,49,4.616760337219568,True,100.0,0.995,120,False,1,1
13,50,51,4.636538112864707,True,100.0,0.995,120,False,1,1
13,51,50,4.636538112864707,True,100.0,0.995,120,False,1,1
13,50,55,3.8589605896669212,True,100.0,0.995,120,True,1,1
13,55,50,3.8589605896669212,True,100.0,0.995,120,True,1,1
13,51,52,1.4644031383470417,True,100.0,0.995,120,False,1,1
13,52,51,1.4644031383470417,True,100.0,0.995,120,False,1,1
13,51,55,1.0202617788458084,True,100.0,0.995,120,True,1,1
13,55,51,1.0202617788458084,True,100.0,0.995,120,True,1,1
13,51,56,0.9726791848924213,True,100.0,0.995,120,True,1,1
13,56,51,0.9726791848924213,True,100.0,0.995,120,True,1,1
13,51,57,2.845505860279257,True,100.0,0.995,120,True,1,1
13,57,51,2.845505860279257,True,100.0,0.995,120,True,1,1
13,52,53,4.496871805655013,True,100.0,0.995,120,False,1,1
13,53,52,4.496871805655013,True,100.0,0.995,120,False,1,1
13,52,55,2.3126392105813576,True,100.0,0.995,120,True,1,1
13,55,52,2.3126392105813576,True,100.0,0.995,120,True,1,1
13,52,56,2.2475388448630715,True,100.0,0.995,120,True,1,1
13,56,52,2.2475388448630715,True,100.0,0.995,120,True,1,1
13,53,54,1.9849788559423827,True,100.0,0.995,120,False,1,1
13,54,53,1.9849788559423827,True,100.0,0.995,120,False,1,1
13,53,57,1.9654574177444546,True,100.0,0.995,120,True,1,1
13,57,53,1.9654574177444546,True,100.0,0.995,120,True,1,1
13,53,58,2.6818209826601054,True,100.0,0.995,120,True,1,1
13,58,53,2.6818209826601054,True,100.0,0.995,120,True,1,1
13,54,58,0.9936470665392819,True,100.0,0.995,120,True,1,1
13,58,54,0.9936470665392819,True,100.0,0.995,120,True,1,1
13,54,61,1.653776229242971,True,100.0,0.995,120,True,1,1
13,61,54,1.653776229242971,True,100.0,0.995,120,True,1,1
13,55,56,1.3910484385065038,True,100.0,0.995,120,False,1,1
13,56,55,1.3910484385065038,True,100.0,0.995,120,False,1,1
13,56,57,2.251510369207911,True,100.0,0.995,120,False,1,1
13,57,56,2.251510369207911,True,100.0,0.995,120,False,1,1
13,57,58,4.3834577806219714,True,100.0,0.995,120,False,1,1
13,58,57,4.3834577806219714,True,100.0,0.995,120,False,1,1
13,58,59,5.941361967914921,True,100.0,0.995,120,False,1,1
13,59,58,5.941361967914921,True,100.0,0.995,120,False,1,1
13,58,61,0.7522761750660825,True,100.0,0.995,120,True,1,1
13,61,58,0.7522761750660825,True,100.0,0.995,120,True,1,1
13,59,60,4.6770323018099536,True,100.0,0.995,120,False,1,1
13,60,59,4.6770323018099536,True,100.0,0.995,120,False,1,1
13,59,62,0.7845704203744459,True,100.0,0.995,120,True,1,1
13,62,59,0.7845704203744459,True,100.0,0.995,120,True,1,1
13,60,63,0.8172066028612885,True,100.0,0.995,120,True,1,1
13,63,60,0.8172066028612885,True,100.0,0.995,120,True,1,1
13,61,62,4.62164744536607,True,100.0,0.995,120,False,1,1
13,62,61,4.62164744536607,True,100.0,0.995,120,False,1,1
13,62,63,4.6149370140080626,True,100.0,0.995,120,False,1,1
13,63,62,4.6149370140080626,True,100.0,0.995,120,False,1,1
13,63,64,9.203558944402015,True,100.0,0.995,120,False,1,1
13,64,63,9.203558944402015,True,100.0,0.995,120,False,1,1
13,64,65,4.613324355563554,True,100.0,0.995,120,False,1,1
13,65,64,4.613324355563554,True,100.0,0.995,120,False,1,1
13,65,66,8.06385190781723,True,100.0,0.995,120,False,1,1
13,66,65,8.06385190781723,True,100.0,0.995,120,False,1,1
14,1,2,4.607613150254119,True,100.0,0.995,120,False,1,1
14,2,1,4.607613150254119,True,100.0,0.995,120,False,1,1
14,1,43,11.059866489407403,True,100.0,0.995,120,True,1,1
14,43,1,11.059866489407403,True,100.0,0.995,120,True,1,1
14,1,44,6.643628637458248,True,100.0,0.995,120,True,1,1
14,44,1,6.643628637458248,True,100.0,0.995,120,True,1,1
14,1,45,2.6212192635456475,True,100.0,0.995,120,True,1,1
14,45,1,2.6212192635456475,True,100.0,0.995,120,True,1,1
14,1,46,3.45556258624994,True,100.0,0.995,120,True,1,1
14,46,1,3.45556258624994,True,100.0,0.995,120,True,1,1
14,2,3,4.637341695301952,True,100.0,0.995,120,False,1,1
14,3,2,4.637341695301952,True,100.0,0.995,120,False,1,1
14,2,44,10.994321719568159,True,100.0,0.995,120,True,1,1
14,44,2,10.994321719568159,True,100.0,0.995,120,True,1,1
14,2,45,6.539891393083934,True,100.0,0.995,120,True,1,1
14,45,2,6.539891393083934,True,100.0,0.995,120,True,1,1
14,2,46,2.3625541967249353,True,100.0,0.995,120,True,1,1
14,46,2,2.3625541967249353,True,100.0,0.995,120,True,1,1
14,2,47,3.2866484472996857,True,100.0,0.995,120,True,1,1
14,47,2,3.2866484472996857,True,100.0,0.995,120,True,1,1
14,3,4,2.9531366957974288,True,100.0,0.995,120,False,1,1
14,4,3,2.9531366957974288,True,100.0,0.995,120,False,1,1
14,3,19,3.7448864083548585,True,100.0,0.995,120,True,1,1
14,19,3,3.7448864083548585,True,100.0,0.995,120,True,1,1
14,3,45,10.958013265924805,True,100.0,0.995,120,True,1,1
14,45,3,10.958013265924805,True,100.0,0.995,120,True,1,1
14,3,46,6.471678563708832,True,100.0,0.995,120,True,1,1
14,46,3,6.471678563708832,True,100.0,0.995,120,True,1,1
14,3,47,2.1075035317721533,True,100.0,0.995,120,True,1,1
14,47,3,2.1075035317721533,True,100.0,0.995,120,True,1,1
14,3,48,3.0846519988056955,True,100.0,0.995,120,True,1,1
14,48,3,3.0846519988056955,True,100.0,0.995,120,True,1,1
14,4,5,1.651189163624836,True,100.0,0.995,120,False,1,1
14,5,4,1.651189163624836,True,100.0,0.995,120,False,1,1
14,4,19,0.8362105008282325,True,100.0,0.995,120,True,1,1
14,19,4,0.8362105008282325,True,100.0,0.995,120,True,1,1
14,4,47,4.784581020872056,True,100.0,0.995,120,True,1,1
14,47,4,4.784581020872056,True,100.0,0.995,120,True,1,1
14,4,48,0.9449919288688701,True,100.0,0.995,120,True,1,1
14,48,4,0.9449919288688701,True,100.0,0.995,120,True,1,1
14,5,6,4.624121801512524,True,100.0,0.995,120,False,1,1
14,6,5,4.624121801512524,True,100.0,0.995,120,False,1,1
14,5,19,0.8806014100471783,True,100.0,0.995,120,True,1,1
14,19,5,0.8806014100471783,True,100.0,0.995,120,True,1,1
14,5,20,5.742080368721047,True,100.0,0.995,120,True,1,1
14,20,5,5.742080368721047,True,100.0,0.995,120,True,1,1
14,5,48,1.8474531467916866,True,100.0,0.995,120,True,1,1
14,48,5,1.8474531467916866,True,100.0,0.995,120,True,1,1
14,6,20,1.1243519145032053,True,100.0,0.995,120,True,1,1
14,20,6,1.1243519145032053,True,100.0,0.995,120,True,1,1
14,6,21,1.4398424126302354,True,100.0,0.995,120,True,1,1
14,21,6,1.4398424126302354,True,100.0,0.995,120,True,1,1
14,6,22,3.7480231374400272,True,100.0,0.995,120,True,1,1
14,22,6,3.7480231374400272,True,100.0,0.995,120,True,1,1
14,6,31,3.0917591359611523,True,100.0,0.995,120,True,1,1
14,31,6,3.0917591359611523,True,100.0,0.995,120,True,1,1
14,7,8,4.621937116325054,True,100.0,0.995,120,False,1,1
14,8,7,4.621937116325054,True,100.0,0.995,120,False,1,1
14,7,42,13.953156466829931,True,100.0,0.995,120,True,1,1
14,42,7,13.953156466829931,True,100.0,0.995,120,True,1,1
14,7,66,13.470221449862697,True,100.0,0.995,120,True,1,1
14,66,7,13.470221449862697,True,100.0,0.995,120,True,1,1
14,8,9,3.3693274855169184,True,100.0,0.995,120,False,1,1
14,9,8,3.3693274855169184,True,100.0,0.995,120,False,1,1
14,9,10,5.855619567389746,True,100.0,0.995,120,False,1,1
14,10,9,5.855619567389746,True,100.0,0.995,120,False,1,1
14,10,11,4.589729477847846,True,100.0,0.995,120,False,1,1
14,11,10,4.589729477847846,True,100.0,0.995,120,False,1,1
14,10,43,12.2745983983512,True,100.0,0.995,120,True,1,1
14,43,10,12.2745983983512,True,100.0,0.995,120,True,1,1
14,11,12,4.645112148993754,True,100.0,0.995,120,False,1,1
14,12,11,4.645112148993754,True,100.0,0.995,120,False,1,1
14,11,43,7.968295557850768,True,100.0,0.995,120,True,1,1
14,43,11,7.968295557850768,True,100.0,0.995,120,True,1,1
14,11,44,12.323781897179995,True,100.0,0.995,120,True,1,1
14,44,11,12.323781897179995,True,100.0,0.995,120,True,1,1
14,12,43,3.78954556000203,True,100.0,0.995,120,True,1,1
14,43,12,3.78954556000203,True,100.0,0.995,120,True,1,1
14,12,44,7.887555116092538,True,100.0,0.995,120,True,1,1
14,44,12,7.887555116092538,True,100.0,0.995,120,True,1,1
14,12,45,12.253188537202625,True,100.0,0.995,120,True,1,1
14,45,12,12.253188537202625,True,100.0,0.995,120,True,1,1
14,13,14,0.09989247383405081,True,100.0,0.995,120,False,1,1
14,14,13,0.09989247383405081,True,100.0,0.995,120,False,1,1
14,13,23,2.3598989017108782,True,100.0,0.995,120,True,1,1
14,23,13,2.3598989017108782,True,100.0,0.995,120,True,1,1
14,13,24,2.25675368690473,True,100.0,0.995,120,True,1,1
14,24,13,2.25675368690473,True,100.0,0.995,120,True,1,1
14,13,33,5.350944531286076,True,100.0,0.995,120,True,1,1
14,33,13,5.350944531286076,True,100.0,0.995,120,True,1,1
14,13,34,0.8457284695508471,True,100.0,0.995,120,True,1,1
14,34,13,0.8457284695508471,True,100.0,0.995,120,True,1,1
14,13,35,0.806371824257066,True,100.0,0.995,120,True,1,1
14,35,13,0.806371824257066,True,100.0,0.995,120,True,1,1
14,13,36,1.674060958936173,True,100.0,0.995,120,True,1,1
14,36,13,1.674060958936173,True,100.0,0.995,120,True,1,1
14,14,15,4.554749783000973,True,100.0,0.995,120,False,1,1
14,15,14,4.554749783000973,True,100.0,0.995,120,False,1,1
14,14,24,2.2136983056623287,True,100.0,0.995,120,True,1,1
14,24,14,2.2136983056623287,True,100.0,0.995,120,True,1,1
14,14,34,0.8499323016803129,True,100.0,0.995,120,True,1,1
14,34,14,0.8499323016803129,True,100.0,0.995,120,True,1,1
14,14,35,0.8031435208720646,True,100.0,0.995,120,True,1,1
14,35,14,0.8031435208720646,True,100.0,0.995,120,True,1,1
14,14,36,1.614458035737432,True,100.0,0.995,120,True,1,1
14,36,14,1.614458035737432,True,100.0,0.995,120,True,1,1
14,15,16,1.4284900428913778,True,100.0,0.995,120,False,1,1
14,16,15,1.4284900428913778,True,100.0,0.995,120,False,1,1
14,15,24,2.349556623120832,True,100.0,0.995,120,True,1,1
14,24,15,2.349556623120832,True,100.0,0.995,120,True,1,1
14,15,25,4.097904932427517,True,100.0,0.995,120,True,1,1
14,25,15,4.097904932427517,True,100.0,0.995,120,True,1,1
14,15,36,3.0178422178276545,True,100.0,0.995,120,True,1,1
14,36,15,3.0178422178276545,True,100.0,0.995,120,True,1,1
14,16,17,0.887986104804641,True,100.0,0.995,120,False,1,1
14,17,16,0.887986104804641,True,100.0,0.995,120,False,1,1
14,16,24,3.7702823687552782,True,100.0,0.995,120,True,1,1
14,24,16,3.7702823687552782,True,100.0,0.995,120,True,1,1
14,16,25,2.6810913393621756,True,100.0,0.995,120,True,1,1
14,25,16,2.6810913393621756,True,100.0,0.995,120,True,1,1
14,16,36,4.421601108735869,True,100.0,0.995,120,True,1,1
14,36,16,4.421601108735869,True,100.0,0.995,120,True,1,1
14,17,18,4.5977813001708485,True,100.0,0.995,120,False,1,1
14,18,17,4.5977813001708485,True,100.0,0.995,120,False,1,1
14,17,24,4.654497750102624,True,100.0,0.995,120,True,1,1
14,24,17,4.654497750102624,True,100.0,0.995,120,True,1,1
14,17,25,1.8447003878665218,True,100.0,0.995,120,True,1,1
14,25,17,1.8447003878665218,True,100.0,0.995,120,True,1,1
14,17,36,5.307765491443731,True,100.0,0.995,120,True,1,1
14,36,17,5.307765491443731,True,100.0,0.995,120,True,1,1
14,18,25,2.8687428457604995,True,100.0,0.995,120,True,1,1
14,25,18,2.8687428457604995,True,100.0,0.995,120,True,1,1
14,18,26,6.308821649867933,True,100.0,0.995,120,True,1,1
14,26,18,6.308821649867933,True,100.0,0.995,120,True,1,1
14,18,49,2.296668581313737,True,100.0,0.995,120,True,1,1
14,49,18,2.296668581313737,True,100.0,0.995,120,True,1,1
14,19,20,6.601757520260121,True,100.0,0.995,120,False,1,1
14,20,19,6.601757520260121,True,100.0,0.995,120,False,1,1
14,19,48,1.0285408575310138,True,100.0,0.995,120,True,1,1
14,48,19,1.0285408575310138,True,100.0,0.995,120,True,1,1
14,20,21,0.31615003314265133,True,100.0,0.995,120,False,1,1
14,21,20,0.31615003314265133,True,100.0,0.995,120,False,1,1
14,20,31,1.970468881164002,True,100.0,0.995,120,True,1,1
14,31,20,1.970468881164002,True,100.0,0.995,120,True,1,1
14,20,32,2.9354174457317237,True,100.0,0.995,120,True,1,1
14,32,20,2.9354174457317237,True,100.0,0.995,120,True,1,1
14,21,22,2.3138533684069538,True,100.0,0.995,120,False,1,1
14,22,21,2.3138533684069538,True,100.0,0.995,120,False,1,1
14,21,31,1.6584520183229905,True,100.0,0.995,120,True,1,1
14,31,21,1.6584520183229905,True,100.0,0.995,120,True,1,1
14,21,32,2.623461485235308,True,100.0,0.995,120,True,1,1
14,32,21,2.623461485235308,True,100.0,0.995,120,True,1,1
14,22,23,6.936572560908668,True,100.0,0.995,120,False,1,1
14,23,22,6.936572560908668,True,100.0,0.995,120,False,1,1
14,22,31,0.6581718882914162,True,100.0,0.995,120,True,1,1
14,31,22,0.6581718882914162,True,100.0,0.995,120,True,1,1
14,22,32,0.32406178504313005,True,100.0,0.995,120,True,1,1
14,32,22,0.32406178504313005,True,100.0,0.995,120,True,1,1
14,22,33,3.9569042764771245,True,100.0,0.995,120,True,1,1
14,33,22,3.9569042764771245,True,100.0,0.995,120,True,1,1
14,23,24,4.607899781946815,True,100.0,0.995,120,False,1,1
14,24,23,4.607899781946815,True,100.0,0.995,120,False,1,1
14,23,33,3.0027142185191544,True,100.0,0.995,120,True,1,1
14,33,23,3.0027142185191544,True,100.0,0.995,120,True,1,1
14,23,34,1.630348368417661,True,100.0,0.995,120,True,1,1
14,34,23,1.630348368417661,True,100.0,0.995,120,True,1,1
14,23,35,1.6922475471784717,True,100.0,0.995,120,True,1,1
14,35,23,1.6922475471784717,True,100.0,0.995,120,True,1,1
14,24,36,0.7330476695797927,True,100.0,0.995,120,True,1,1
14,36,24,0.7330476695797927,True,100.0,0.995,120,True,1,1
14,25,26,9.049241662315469,True,100.0,0.995,120,False,1,1
14,26,25,9.049241662315469,True,100.0,0.995,120,False,1,1
14,25,49,4.431370034251542,True,100.0,0.995,120,True,1,1
14,49,25,4.431370034251542,True,100.0,0.995,120,True,1,1
14,26,27,4.80619267425995,True,100.0,0.995,120,False,1,1
14,27,26,4.80619267425995,True,100.0,0.995,120,False,1,1
14,26,37,3.1878678053464826,True,100.0,0.995,120,True,1,1
14,37,26,3.1878678053464826,True,100.0,0.995,120,True,1,1
14,26,49,5.014137679397526,True,100.0,0.995,120,True,1,1
14,49,26,5.014137679397526,True,100.0,0.995,120,True,1,1
14,26,50,1.387743918808648,True,100.0,0.995,120,True,1,1
14,50,26,1.387743918808648,True,100.0,0.995,120,True,1,1
14,26,55,4.091668084239035,True,100.0,0.995,120,True,1,1
14,55,26,4.091668084239035,True,100.0,0.995,120,True,1,1
14,27,28,9.017922491921059,True,100.0,0.995,120,False,1,1
14,28,27,9.017922491921059,True,100.0,0.995,120,False,1,1
14,27,37,1.9133156044373287,True,100.0,0.995,120,True,1,1
14,37,27,1.9133156044373287,True,100.0,0.995,120,True,1,1
14,27,51,1.4842512322480066,True,100.0,0.995,120,True,1,1
14,51,27,1.4842512322480066,True,100.0,0.995,120,True,1,1
14,27,52,0.07538376820428568,True,100.0,0.995,120,True,1,1
14,52,27,0.07538376820428568,True,100.0,0.995,120,True,1,1
14,27,56,2.2440415322606992,True,100.0,0.995,120,True,1,1
14,56,27,2.2440415322606992,True,100.0,0.995,120,True,1,1
14,27,57,3.1996774305793267,True,100.0,0.995,120,True,1,1
14,57,27,3.1996774305793267,True,100.0,0.995,120,True,1,1
14,28,29,4.6116112456803995,True,100.0,0.995,120,False,1,1
14,29,28,4.6116112456803995,True,100.0,0.995,120,False,1,1
14,28,38,2.9508714713705864,True,100.0,0.995,120,True,1,1
14,38,28,2.9508714713705864,True,100.0,0.995,120,True,1,1
14,28,58,3.1750921379715336,True,100.0,0.995,120,True,1,1
14,58,28,3.1750921379715336,True,100.0,0.995,120,True,1,1
14,28,61,2.984480152198037,True,100.0,0.995,120,True,1,1
14,61,28,2.984480152198037,True,100.0,0.995,120,True,1,1
14,29,30,4.62034076453926,True,100.0,0.995,120,False,1,1
14,30,29,4.62034076453926,True,100.0,0.995,120,False,1,1
14,29,39,0.8832767236856287,True,100.0,0.995,120,True,1,1
14,39,29,0.8832767236856287,True,100.0,0.995,120,True,1,1
14,29,59,2.161813506720928,True,100.0,0.995,120,True,1,1
14,59,29,2.161813506720928,True,100.0,0.995,120,True,1,1
14,29,62,2.8768950550356602,True,100.0,0.995,120,True,1,1
14,62,29,2.8768950550356602,True,100.0,0.995,120,True,1,1
14,30,40,3.9071551028910223,True,100.0,0.995,120,True,1,1
14,40,30,3.9071551028910223,True,100.0,0.995,120,True,1,1
14,30,60,1.9029057453033322,True,100.0,0.995,120,True,1,1
14,60,30,1.9029057453033322,True,100.0,0.995,120,True,1,1
14,30,63,2.6403683119179777,True,100.0,0.995,120,True,1,1
14,63,30,2.6403683119179777,True,100.0,0.995,120,True,1,1
14,30,64,7.728783823249104,True,100.0,0.995,120,True,1,1
14,64,30,7.728783823249104,True,100.0,0.995,120,True,1,1
14,31,32,0.9652848370281067,True,100.0,0.995,120,False,1,1
14,32,31,0.9652848370281067,True,100.0,0.995,120,False,1,1
14,32,33,3.648219105860252,True,100.0,0.995,120,False,1,1
14,33,32,3.648219105860252,True,100.0,0.995,120,False,1,1
14,33,34,4.595485250866985,True,100.0,0.995,120,False,1,1
14,34,33,4.595485250866985,True,100.0,0.995,120,False,1,1
14,34,35,0.07725288004249062,True,100.0,0.995,120,False,1,1
14,35,34,0.07725288004249062,True,100.0,0.995,120,False,1,1
14,35,36,2.310263080572633,True,100.0,0.995,120,False,1,1
14,36,35,2.310263080572633,True,100.0,0.995,120,False,1,1
14,37,38,8.01476991514285,True,100.0,0.995,120,False,1,1
14,38,37,8.01476991514285,True,100.0,0.995,120,False,1,1
14,37,50,3.3952017352929875,True,100.0,0.995,120,True,1,1
14,50,37,3.3952017352929875,True,100.0,0.995,120,True,1,1
14,37,51,1.5361646193089407,True,100.0,0.995,120,True,1,1
14,51,37,1.5361646193089407,True,100.0,0.995,120,True,1,1
14,37,52,1.8456421010858994,True,100.0,0.995,120,True,1,1
14,52,37,1.8456421010858994,True,100.0,0.995,120,True,1,1
14,37,55,1.3640982839320577,True,100.0,0.995,120,True,1,1
14,55,37,1.3640982839320577,True,100.0,0.995,120,True,1,1
14,38,39,8.020507045633074,True,100.0,0.995,120,False,1,1
14,39,38,8.020507045633074,True,100.0,0.995,120,False,1,1
14,38,53,2.1726433773099965,True,100.0,0.995,120,True,1,1
14,53,38,2.1726433773099965,True,100.0,0.995,120,True,1,1
14,38,54,0.7259756274436874,True,100.0,0.995,120,True,1,1
14,54,38,0.7259756274436874,True,100.0,0.995,120,True,1,1
14,38,58,1.5631741945612494,True,100.0,0.995,120,True,1,1
14,58,38,1.5631741945612494,True,100.0,0.995,120,True,1,1
14,38,61,2.164869687986413,True,100.0,0.995,120,True,1,1
14,61,38,2.164869687986413,True,100.0,0.995,120,True,1,1
14,39,40,8.016847785203344,True,100.0,0.995,120,False,1,1
14,40,39,8.016847785203344,True,100.0,0.995,120,False,1,1
14,39,59,1.9834789850096655,True,100.0,0.995,120,True,1,1
14,59,39,1.9834789850096655,True,100.0,0.995,120,True,1,1
14,39,60,3.3799124482949403,True,100.0,0.995,120,True,1,1
14,60,39,3.3799124482949403,True,100.0,0.995,120,True,1,1
14,39,62,2.763585166911233,True,100.0,0.995,120,True,1,1
14,62,39,2.763585166911233,True,100.0,0.995,120,True,1,1
14,39,63,2.908880994403583,True,100.0,0.995,120,True,1,1
14,63,39,2.908880994403583,True,100.0,0.995,120,True,1,1
14,40,41,8.021295120205744,True,100.0,0.995,120,False,1,1
14,41,40,8.021295120205744,True,100.0,0.995,120,False,1,1
14,40,60,4.941881030250671,True,100.0,0.995,120,True,1,1
14,60,40,4.941881030250671,True,100.0,0.995,120,True,1,1
14,40,64,3.924714148285777,True,100.0,0.995,120,True,1,1
14,64,40,3.924714148285777,True,100.0,0.995,120,True,1,1
14,40,65,8.4058735131952,True,100.0,0.995,120,True,1,1
14,65,40,8.4058735131952,True,100.0,0.995,120,True,1,1
14,41,42,8.017346841287408,True,100.0,0.995,120,False,1,1
14,42,41,8.017346841287408,True,100.0,0.995,120,False,1,1
14,41,64,4.35007072054833,True,100.0,0.995,120,True,1,1
14,64,41,4.35007072054833,True,100.0,0.995,120,True,1,1
14,41,65,0.8209406664412235,True,100.0,0.995,120,True,1,1
14,65,41,0.8209406664412235,True,100.0,0.995,120,True,1,1
14,41,66,8.480768190098306,True,100.0,0.995,120,True,1,1
14,66,41,8.480768190098306,True,100.0,0.995,120,True,1,1
14,42,64,12.138656830195425,True,100.0,0.995,120,True,1,1
14,64,42,12.138656830195425,True,100.0,0.995,120,True,1,1
14,42,65,7.60417176478801,True,100.0,0.995,120,True,1,1
14,65,42,7.60417176478801,True,100.0,0.995,120,True,1,1
14,42,66,0.49038328199415476,True,100.0,0.995,120,True,1,1
14,66,42,0.49038328199415476,True,100.0,0.995,120,True,1,1
14,43,44,4.620634745212066,True,100.0,0.995,120,False,1,1
14,44,43,4.620634745212066,True,100.0,0.995,120,False,1,1
14,44,45,4.616785763119197,True,100.0,0.995,120,False,1,1
14,45,44,4.616785763119197,True,100.0,0.995,120,False,1,1
14,45,46,4.611484225209532,True,100.0,0.995,120,False,1,1
14,46,45,4.611484225209532,True,100.0,0.995,120,False,1,1
14,46,47,4.629699367176955,True,100.0,0.995,120,False,1,1
14,47,46,4.629699367176955,True,100.0,0.995,120,False,1,1
14,47,48,4.599294516838734,True,100.0,0.995,120,False,1,1
14,48,47,4.599294516838734,True,100.0,0.995,120,False,1,1
14,49,50,4.6168106089498755,True,100.0,0.995,120,False,1,1
14,50,49,4.6168106089498755,True,100.0,0.995,120,False,1,1
14,50,51,4.636639140054666,True,100.0,0.995,120,False,1,1
14,51,50,4.636639140054666,True,100.0,0.995,120,False,1,1
14,50,55,3.857169088168061,True,100.0,0.995,120,True,1,1
14,55,50,3.857169088168061,True,100.0,0.995,120,True,1,1
14,51,52,1.4662056957622494,True,100.0,0.995,120,False,1,1
14,52,51,1.4662056957622494,True,100.0,0.995,120,False,1,1
14,51,55,1.0226685495727776,True,100.0,0.995,120,True,1,1
14,55,51,1.0226685495727776,True,100.0,0.995,120,True,1,1
14,51,56,0.9720451508800809,True,100.0,0.995,120,True,1,1
14,56,51,0.9720451508800809,True,100.0,0.995,120,True,1,1
14,51,57,2.84721697380729,True,100.0,0.995,120,True,1,1
14,57,51,2.84721697380729,True,100.0,0.995,120,True,1,1
14,52,53,4.497136987650487,True,100.0,0.995,120,False,1,1
14,53,52,4.497136987650487,True,100.0,0.995,120,False,1,1
14,52,55,2.3164504157997086,True,100.0,0.995,120,True,1,1
14,55,52,2.3164504157997086,True,100.0,0.995,120,True,1,1
14,52,56,2.250190878369714,True,100.0,0.995,120,True,1,1
14,56,52,2.250190878369714,True,100.0,0.995,120,True,1,1
14,53,54,1.9851746135335484,True,100.0,0.995,120,False,1,1
14,54,53,1.9851746135335484,True,100.0,0.995,120,False,1,1
14,53,57,1.9638525485116447,True,100.0,0.995,120,True,1,1
14,57,53,1.9638525485116447,True,100.0,0.995,120,True,1,1
14,53,58,2.678733409522915,True,100.0,0.995,120,True,1,1
14,58,53,2.678733409522915,True,100.0,0.995,120,True,1,1
14,54,58,0.9908521062509253,True,100.0,0.995,120,True,1,1
14,58,54,0.9908521062509253,True,100.0,0.995,120,True,1,1
14,54,61,1.6523510094445915,True,100.0,0.995,120,True,1,1
14,61,54,1.6523510094445915,True,100.0,0.995,120,True,1,1
14,55,56,1.3901689557391546,True,100.0,0.995,120,False,1,1
14,56,55,1.3901689557391546,True,100.0,0.995,120,False,1,1
14,56,57,2.256232135576673,True,100.0,0.995,120,False,1,1
14,57,56,2.256232135576673,True,100.0,0.995,120,False,1,1
14,57,58,4.37889202568406,True,100.0,0.995,120,False,1,1
14,58,57,4.37889202568406,True,100.0,0.995,120,False,1,1
14,58,59,5.944354448891064,True,100.0,0.995,120,False,1,1
14,59,58,5.944354448891064,True,100.0,0.995,120,False,1,1
14,58,61,0.7545832313058745,True,100.0,0.995,120,True,1,1
14,61,58,0.7545832313058745,True,100.0,0.995,120,True,1,1
14,59,60,4.677059293214472,True,100.0,0.995,120,False,1,1
14,60,59,4.677059293214472,True,100.0,0.995,120,False,1,1
14,59,62,0.7835550885786334,True,100.0,0.995,120,True,1,1
14,62,59,0.7835550885786334,True,100.0,0.995,120,True,1,1
14,60,63,0.8159001457479031,True,100.0,0.995,120,True,1,1
14,63,60,0.8159001457479031,True,100.0,0.995,120,True,1,1
14,61,62,4.621667196554402,True,100.0,0.995,120,False,1,1
14,62,61,4.621667196554402,True,100.0,0.995,120,False,1,1
14,62,63,4.614973671638772,True,100.0,0.995,120,False,1,1
14,63,62,4.614973671638772,True,100.0,0.995,120,False,1,1
14,63,64,9.203544702546488,True,100.0,0.995,120,False,1,1
14,64,63,9.203544702546488,True,100.0,0.995,120,False,1,1
14,64,65,4.6133299744956435,True,100.0,0.995,120,False,1,1
14,65,64,4.6133299744956435,True,100.0,0.995,120,False,1,1
14,65,66,8.060914259370128,True,100.0,0.995,120,False,1,1
14,66,65,8.060914259370128,True,100.0,0.995,120,False,1,1
15,1,2,4.607534995307476,True,100.0,0.995,120,False,1,1
15,2,1,4.607534995307476,True,100.0,0.995,120,False,1,1
15,1,43,11.057089286200583,True,100.0,0.995,120,True,1,1
15,43,1,11.057089286200583,True,100.0,0.995,120,True,1,1
15,1,44,6.638673942194313,True,100.0,0.995,120,True,1,1
15,44,1,6.638673942194313,True,100.0,0.995,120,True,1,1
15,1,45,2.607977904423894,True,100.0,0.995,120,True,1,1
15,45,1,2.607977904423894,True,100.0,0.995,120,True,1,1
15,1,46,3.4452591065814993,True,100.0,0.995,120,True,1,1
15,46,1,3.4452591065814993,True,100.0,0.995,120,True,1,1
15,2,3,4.637286350178746,True,100.0,0.995,120,False,1,1
15,3,2,4.637286350178746,True,100.0,0.995,120,False,1,1
15,2,44,10.990965206855162,True,100.0,0.995,120,True,1,1
15,44,2,10.990965206855162,True,100.0,0.995,120,True,1,1
15,2,45,6.534278401184198,True,100.0,0.995,120,True,1,1
15,45,2,6.534278401184198,True,100.0,0.995,120,True,1,1
15,2,46,2.3475143794417956,True,100.0,0.995,120,True,1,1
15,46,2,2.3475143794417956,True,100.0,0.995,120,True,1,1
15,2,47,3.2764946362485317,True,100.0,0.995,120,True,1,1
15,47,2,3.2764946362485317,True,100.0,0.995,120,True,1,1
15,3,4,2.9523072501184635,True,100.0,0.995,120,False,1,1
15,4,3,2.9523072501184635,True,100.0,0.995,120,False,1,1
15,3,19,3.743674816986897,True,100.0,0.995,120,True,1,1
15,19,3,3.743674816986897,True,100.0,0.995,120,True,1,1
15,3,45,10.95445698833519,True,100.0,0.995,120,True,1,1
15,45,3,10.95445698833519,True,100.0,0.995,120,True,1,1
15,3,46,6.4661760534460555,True,100.0,0.995,120,True,1,1
15,46,3,6.4661760534460555,True,100.0,0.995,120,True,1,1
15,3,47,2.0924794889280562,True,100.0,0.995,120,True,1,1
15,47,3,2.0924794889280562,True,100.0,0.995,120,True,1,1
15,3,48,3.0760075925862265,True,100.0,0.995,120,True,1,1
15,48,3,3.0760075925862265,True,100.0,0.995,120,True,1,1
15,4,5,1.651779122753131,True,100.0,0.995,120,False,1,1
15,5,4,1.651779122753131,True,100.0,0.995,120,False,1,1
15,4,19,0.8328416440142465,True,100.0,0.995,120,True,1,1
15,19,4,0.8328416440142465,True,100.0,0.995,120,True,1,1
15,4,47,4.776647484614371,True,100.0,0.995,120,True,1,1
15,47,4,4.776647484614371,True,100.0,0.995,120,True,1,1
15,4,48,0.9153805082173379,True,100.0,0.995,120,True,1,1
15,48,4,0.9153805082173379,True,100.0,0.995,120,True,1,1
15,5,6,4.624097440541215,True,100.0,0.995,120,False,1,1
15,6,5,4.624097440541215,True,100.0,0.995,120,False,1,1
15,5,19,0.8798402640638757,True,100.0,0.995,120,True,1,1
15,19,5,0.8798402640638757,True,100.0,0.995,120,True,1,1
15,5,20,5.741825871367039,True,100.0,0.995,120,True,1,1
15,20,5,5.741825871367039,True,100.0,0.995,120,True,1,1
15,5,48,1.8363823717130996,True,100.0,0.995,120,True,1,1
15,48,5,1.8363823717130996,True,100.0,0.995,120,True,1,1
15,6,20,1.1241691584629807,True,100.0,0.995,120,True,1,1
15,20,6,1.1241691584629807,True,100.0,0.995,120,True,1,1
15,6,21,1.4391346043762654,True,100.0,0.995,120,True,1,1
15,21,6,1.4391346043762654,True,100.0,0.995,120,True,1,1
15,6,22,3.747410494302507,True,100.0,0.995,120,True,1,1
15,22,6,3.747410494302507,True,100.0,0.995,120,True,1,1
15,6,31,3.0918879464493094,True,100.0,0.995,120,True,1,1
15,31,6,3.0918879464493094,True,100.0,0.995,120,True,1,1
15,7,8,4.621927952076831,True,100.0,0.995,120,False,1,1
15,8,7,4.621927952076831,True,100.0,0.995,120,False,1,1
15,7,42,13.958226895746105,True,100.0,0.995,120,True,1,1
15,42,7,13.958226895746105,True,100.0,0.995,120,True,1,1
15,7,66,13.476321372414104,True,100.0,0.995,120,True,1,1
15,66,7,13.476321372414104,True,100.0,0.995,120,True,1,1
15,8,9,3.368933944655179,True,100.0,0.995,120,False,1,1
15,9,8,3.368933944655179,True,100.0,0.995,120,False,1,1
15,9,10,5.855987037731054,True,100.0,0.995,120,False,1,1
15,10,9,5.855987037731054,True,100.0,0.995,120,False,1,1
15,10,11,4.589700204213411,True,100.0,0.995,120,False,1,1
15,11,10,4.589700204213411,True,100.0,0.995,120,False,1,1
15,10,43,12.27482577558231,True,100.0,0.995,120,True,1,1
15,43,10,12.27482577558231,True,100.0,0.995,120,True,1,1
15,11,12,4.645093933361951,True,100.0,0.995,120,False,1,1
15,12,11,4.645093933361951,True,100.0,0.995,120,False,1,1
15,11,43,7.967838175497612,True,100.0,0.995,120,True,1,1
15,43,11,7.967838175497612,True,100.0,0.995,120,True,1,1
15,11,44,12.322829265760827,True,100.0,0.995,120,True,1,1
15,44,11,12.322829265760827,True,100.0,0.995,120,True,1,1
15,12,43,3.787044342345747,True,100.0,0.995,120,True,1,1
15,43,12,3.787044342345747,True,100.0,0.995,120,True,1,1
15,12,44,7.885518684057912,True,100.0,0.995,120,True,1,1
15,44,12,7.885518684057912,True,100.0,0.995,120,True,1,1
15,12,45,12.251377771569736,True,100.0,0.995,120,True,1,1
15,45,12,12.251377771569736,True,100.0,0.995,120,True,1,1
15,13,14,0.10145524460094064,True,100.0,0.995,120,False,1,1
15,14,13,0.10145524460094064,True,100.0,0.995,120,False,1,1
15,13,23,2.3599659214286817,True,100.0,0.995,120,True,1,1
15,23,13,2.3599659214286817,True,100.0,0.995,120,True,1,1
15,13,24,2.2568242904019526,True,100.0,0.995,120,True,1,1
15,24,13,2.2568242904019526,True,100.0,0.995,120,True,1,1
15,13,33,5.350801136369416,True,100.0,0.995,120,True,1,1
15,33,13,5.350801136369416,True,100.0,0.995,120,True,1,1
15,13,34,0.8493946531666817,True,100.0,0.995,120,True,1,1
15,34,13,0.8493946531666817,True,100.0,0.995,120,True,1,1
15,13,35,0.8101324266503321,True,100.0,0.995,120,True,1,1
15,35,13,0.8101324266503321,True,100.0,0.995,120,True,1,1
15,13,36,1.6760101999133663,True,100.0,0.995,120,True,1,1
15,36,13,1.6760101999133663,True,100.0,0.995,120,True,1,1
15,14,15,4.554150288803956,True,100.0,0.995,120,False,1,1
15,15,14,4.554150288803956,True,100.0,0.995,120,False,1,1
15,14,24,2.2130433191745427,True,100.0,0.995,120,True,1,1
15,24,14,2.2130433191745427,True,100.0,0.995,120,True,1,1
15,14,34,0.8528890208470915,True,100.0,0.995,120,True,1,1
15,34,14,0.8528890208470915,True,100.0,0.995,120,True,1,1
15,14,35,0.8059976326410757,True,100.0,0.995,120,True,1,1
15,35,14,0.8059976326410757,True,100.0,0.995,120,True,1,1
15,14,36,1.6150908624545095,True,100.0,0.995,120,True,1,1
15,36,14,1.6150908624545095,True,100.0,0.995,120,True,1,1
15,15,16,1.429127201147733,True,100.0,0.995,120,False,1,1
15,16,15,1.429127201147733,True,100.0,0.995,120,False,1,1
15,15,24,2.349622915155299,True,100.0,0.995,120,True,1,1
15,24,15,2.349622915155299,True,100.0,0.995,120,True,1,1
15,15,25,4.100736049540304,True,100.0,0.995,120,True,1,1
15,25,15,4.100736049540304,True,100.0,0.995,120,True,1,1
15,15,36,3.018915008329832,True,100.0,0.995,120,True,1,1
15,36,15,3.018915008329832,True,100.0,0.995,120,True,1,1
15,16,17,0.8874935179153611,True,100.0,0.995,120,False,1,1
15,17,16,0.8874935179153611,True,100.0,0.995,120,False,1,1
15,16,24,3.770915458674356,True,100.0,0.995,120,True,1,1
15,24,16,3.770915458674356,True,100.0,0.995,120,True,1,1
15,16,25,2.683420029307152,True,100.0,0.995,120,True,1,1
15,25,16,2.683420029307152,True,100.0,0.995,120,True,1,1
15,16,36,4.422768544050129,True,100.0,0.995,120,True,1,1
15,36,16,4.422768544050129,True,100.0,0.995,120,True,1,1
15,17,18,4.597864475316607,True,100.0,0.995,120,False,1,1
15,18,17,4.597864475316607,True,100.0,0.995,120,False,1,1
15,17,24,4.65458212862325,True,100.0,0.995,120,True,1,1
15,24,17,4.65458212862325,True,100.0,0.995,120,True,1,1
15,17,25,1.8483263375327945,True,100.0,0.995,120,True,1,1
15,25,17,1.8483263375327945,True,100.0,0.995,120,True,1,1
15,17,36,5.308442973137849,True,100.0,0.995,120,True,1,1
15,36,17,5.308442973137849,True,100.0,0.995,120,True,1,1
15,18,25,2.8675299259556013,True,100.0,0.995,120,True,1,1
15,25,18,2.8675299259556013,True,100.0,0.995,120,True,1,1
15,18,26,6.309827170731213,True,100.0,0.995,120,True,1,1
15,26,18,6.309827170731213,True,100.0,0.995,120,True,1,1
15,18,49,2.306411314321629,True,100.0,0.995,120,True,1,1
15,49,18,2.306411314321629,True,100.0,0.995,120,True,1,1
15,19,20,6.602276809520245,True,100.0,0.995,120,False,1,1
15,20,19,6.602276809520245,True,100.0,0.995,120,False,1,1
15,19,48,1.0164088894776926,True,100.0,0.995,120,True,1,1
15,48,19,1.0164088894776926,True,100.0,0.995,120,True,1,1
15,20,21,0.31558968614601873,True,100.0,0.995,120,False,1,1
15,21,20,0.31558968614601873,True,100.0,0.995,120,False,1,1
15,20,31,1.9706626551662285,True,100.0,0.995,120,True,1,1
15,31,20,1.9706626551662285,True,100.0,0.995,120,True,1,1
15,20,32,2.9348996135148897,True,100.0,0.995,120,True,1,1
15,32,20,2.9348996135148897,True,100.0,0.995,120,True,1,1
15,21,22,2.3138698485509495,True,100.0,0.995,120,False,1,1
15,22,21,2.3138698485509495,True,100.0,0.995,120,False,1,1
15,21,31,1.6592455787986304,True,100.0,0.995,120,True,1,1
15,31,21,1.6592455787986304,True,100.0,0.995,120,True,1,1
15,21,32,2.623550109010617,True,100.0,0.995,120,True,1,1
15,32,21,2.623550109010617,True,100.0,0.995,120,True,1,1
15,22,23,6.936632626649723,True,100.0,0.995,120,False,1,1
15,23,22,6.936632626649723,True,100.0,0.995,120,False,1,1
15,22,31,0.6581904549979555,True,100.0,0.995,120,True,1,1
15,31,22,0.6581904549979555,True,100.0,0.995,120,True,1,1
15,22,32,0.3269915714260613,True,100.0,0.995,120,True,1,1
15,32,22,0.3269915714260613,True,100.0,0.995,120,True,1,1
15,22,33,3.957844292952937,True,100.0,0.995,120,True,1,1
15,33,22,3.957844292952937,True,100.0,0.995,120,True,1,1
15,23,24,4.6079255885267605,True,100.0,0.995,120,False,1,1
15,24,23,4.6079255885267605,True,100.0,0.995,120,False,1,1
15,23,33,3.002556912264863,True,100.0,0.995,120,True,1,1
15,33,23,3.002556912264863,True,100.0,0.995,120,True,1,1
15,23,34,1.6314150519110309,True,100.0,0.995,120,True,1,1
15,34,23,1.6314150519110309,True,100.0,0.995,120,True,1,1
15,23,35,1.694154736114059,True,100.0,0.995,120,True,1,1
15,35,23,1.694154736114059,True,100.0,0.995,120,True,1,1
15,24,36,0.736045285582484,True,100.0,0.995,120,True,1,1
15,36,24,0.736045285582484,True,100.0,0.995,120,True,1,1
15,25,26,9.048003643370265,True,100.0,0.995,120,False,1,1
15,26,25,9.048003643370265,True,100.0,0.995,120,False,1,1
15,25,49,4.432530722880998,True,100.0,0.995,120,True,1,1
15,49,25,4.432530722880998,True,100.0,0.995,120,True,1,1
15,26,27,4.805993324007244,True,100.0,0.995,120,False,1,1
15,27,26,4.805993324007244,True,100.0,0.995,120,False,1,1
15,26,37,3.184216221747485,True,100.0,0.995,120,True,1,1
15,37,26,3.184216221747485,True,100.0,0.995,120,True,1,1
15,26,49,5.015908651434165,True,100.0,0.995,120,True,1,1
15,49,26,5.015908651434165,True,100.0,0.995,120,True,1,1
15,26,50,1.3926288040390316,True,100.0,0.995,120,True,1,1
15,50,26,1.3926288040390316,True,100.0,0.995,120,True,1,1
15,26,55,4.092400122706247,True,100.0,0.995,120,True,1,1
15,55,26,4.092400122706247,True,100.0,0.995,120,True,1,1
15,27,28,9.01829280845035,True,100.0,0.995,120,False,1,1
15,28,27,9.01829280845035,True,100.0,0.995,120,False,1,1
15,27,37,1.9173732231759049,True,100.0,0.995,120,True,1,1
15,37,27,1.9173732231759049,True,100.0,0.995,120,True,1,1
15,27,51,1.4857896306256977,True,100.0,0.995,120,True,1,1
15,51,27,1.4857896306256977,True,100.0,0.995,120,True,1,1
15,27,52,0.07526217593394967,True,100.0,0.995,120,True,1,1
15,52,27,0.07526217593394967,True,100.0,0.995,120,True,1,1
15,27,56,2.246494728884403,True,100.0,0.995,120,True,1,1
15,56,27,2.246494728884403,True,100.0,0.995,120,True,1,1
15,27,57,3.201831615290603,True,100.0,0.995,120,True,1,1
15,57,27,3.201831615290603,True,100.0,0.995,120,True,1,1
15,28,29,4.611616639739372,True,100.0,0.995,120,False,1,1
15,29,28,4.611616639739372,True,100.0,0.995,120,False,1,1
15,28,38,2.954568378448459,True,100.0,0.995,120,True,1,1
15,38,28,2.954568378448459,True,100.0,0.995,120,True,1,1
15,28,58,3.173479239025337,True,100.0,0.995,120,True,1,1
15,58,28,3.173479239025337,True,100.0,0.995,120,True,1,1
15,28,61,2.9788384975440656,True,100.0,0.995,120,True,1,1
15,61,28,2.9788384975440656,True,100.0,0.995,120,True,1,1
15,29,30,4.620389906277766,True,100.0,0.995,120,False,1,1
15,30,29,4.620389906277766,True,100.0,0.995,120,False,1,1
15,29,39,0.8775259110793306,True,100.0,0.995,120,True,1,1
15,39,29,0.8775259110793306,True,100.0,0.995,120,True,1,1
15,29,59,2.152306780114207,True,100.0,0.995,120,True,1,1
15,59,29,2.152306780114207,True,100.0,0.995,120,True,1,1
15,29,62,2.866730682224647,True,100.0,0.995,120,True,1,1
15,62,29,2.866730682224647,True,100.0,0.995,120,True,1,1
15,30,40,3.902172403719892,True,100.0,0.995,120,True,1,1
15,40,30,3.902172403719892,True,100.0,0.995,120,True,1,1
15,30,60,1.890344338226264,True,100.0,0.995,120,True,1,1
15,60,30,1.890344338226264,True,100.0,0.995,120,True,1,1
15,30,63,2.6271247039009546,True,100.0,0.995,120,True,1,1
15,63,30,2.6271247039009546,True,100.0,0.995,120,True,1,1
15,30,64,7.723842564280044,True,100.0,0.995,120,True,1,1
15,64,30,7.723842564280044,True,100.0,0.995,120,True,1,1
15,31,32,0.9645585548060136,True,100.0,0.995,120,False,1,1
15,32,31,0.9645585548060136,True,100.0,0.995,120,False,1,1
15,32,33,3.6491091298746454,True,100.0,0.995,120,False,1,1
15,33,32,3.6491091298746454,True,100.0,0.995,120,False,1,1
15,33,34,4.59479444482541,True,100.0,0.995,120,False,1,1
15,34,33,4.59479444482541,True,100.0,0.995,120,False,1,1
15,34,35,0.07796848322411086,True,100.0,0.995,120,False,1,1
15,35,34,0.07796848322411086,True,100.0,0.995,120,False,1,1
15,35,36,2.3096086104645406,True,100.0,0.995,120,False,1,1
15,36,35,2.3096086104645406,True,100.0,0.995,120,False,1,1
15,37,38,8.01486031111212,True,100.0,0.995,120,False,1,1
15,38,37,8.01486031111212,True,100.0,0.995,120,False,1,1
15,37,50,3.39148530923857,True,100.0,0.995,120,True,1,1
15,50,37,3.39148530923857,True,100.0,0.995,120,True,1,1
15,37,51,1.5404806067472374,True,100.0,0.995,120,True,1,1
15,51,37,1.5404806067472374,True,100.0,0.995,120,True,1,1
15,37,52,1.849797089523101,True,100.0,0.995,120,True,1,1
15,52,37,1.849797089523101,True,100.0,0.995,120,True,1,1
15,37,55,1.3672698926852793,True,100.0,0.995,120,True,1,1
15,55,37,1.3672698926852793,True,100.0,0.995,120,True,1,1
15,38,39,8.02055079894822,True,100.0,0.995,120,False,1,1
15,39,38,8.02055079894822,True,100.0,0.995,120,False,1,1
15,38,53,2.168375228397917,True,100.0,0.995,120,True,1,1
15,53,38,2.168375228397917,True,100.0,0.995,120,True,1,1
15,38,54,0.7245270587213456,True,100.0,0.995,120,True,1,1
15,54,38,0.7245270587213456,True,100.0,0.995,120,True,1,1
15,38,58,1.5610596573411992,True,100.0,0.995,120,True,1,1
15,58,38,1.5610596573411992,True,100.0,0.995,120,True,1,1
15,38,61,2.164239523071727,True,100.0,0.995,120,True,1,1
15,61,38,2.164239523071727,True,100.0,0.995,120,True,1,1
15,39,40,8.016867535745458,True,100.0,0.995,120,False,1,1
15,40,39,8.016867535745458,True,100.0,0.995,120,False,1,1
15,39,59,1.9759571769868642,True,100.0,0.995,120,True,1,1
15,59,39,1.9759571769868642,True,100.0,0.995,120,True,1,1
15,39,60,3.38112584455642,True,100.0,0.995,120,True,1,1
15,60,39,3.38112584455642,True,100.0,0.995,120,True,1,1
15,39,62,2.754988052288916,True,100.0,0.995,120,True,1,1
15,62,39,2.754988052288916,True,100.0,0.995,120,True,1,1
15,39,63,2.906831781344569,True,100.0,0.995,120,True,1,1
15,63,39,2.906831781344569,True,100.0,0.995,120,True,1,1
15,40,41,8.021282032591273,True,100.0,0.995,120,False,1,1
15,41,40,8.021282032591273,True,100.0,0.995,120,False,1,1
15,40,60,4.935639165089465,True,100.0,0.995,120,True,1,1
15,60,40,4.935639165089465,True,100.0,0.995,120,True,1,1
15,40,64,3.923852444972518,True,100.0,0.995,120,True,1,1
15,64,40,3.923852444972518,True,100.0,0.995,120,True,1,1
15,40,65,8.407955040504365,True,100.0,0.995,120,True,1,1
15,65,40,8.407955040504365,True,100.0,0.995,120,True,1,1
15,41,42,8.01739354577223,True,100.0,0.995,120,False,1,1
15,42,41,8.01739354577223,True,100.0,0.995,120,False,1,1
15,41,64,4.342291778874834,True,100.0,0.995,120,True,1,1
15,64,41,4.342291778874834,True,100.0,0.995,120,True,1,1
15,41,65,0.8070993653151539,True,100.0,0.995,120,True,1,1
15,65,41,0.8070993653151539,True,100.0,0.995,120,True,1,1
15,41,66,8.48145209758243,True,100.0,0.995,120,True,1,1
15,66,41,8.48145209758243,True,100.0,0.995,120,True,1,1
15,42,64,12.13370660762348,True,100.0,0.995,120,True,1,1
15,64,42,12.13370660762348,True,100.0,0.995,120,True,1,1
15,42,65,7.599071537899678,True,100.0,0.995,120,True,1,1
15,65,42,7.599071537899678,True,100.0,0.995,120,True,1,1
15,42,66,0.4909166283703658,True,100.0,0.995,120,True,1,1
15,66,42,0.4909166283703658,True,100.0,0.995,120,True,1,1
15,43,44,4.620546817410804,True,100.0,0.995,120,False,1,1
15,44,43,4.620546817410804,True,100.0,0.995,120,False,1,1
15,44,45,4.616739355797254,True,100.0,0.995,120,False,1,1
15,45,44,4.616739355797254,True,100.0,0.995,120,False,1,1
15,45,46,4.6113981846159495,True,100.0,0.995,120,False,1,1
15,46,45,4.6113981846159495,True,100.0,0.995,120,False,1,1
15,46,47,4.629656219493169,True,100.0,0.995,120,False,1,1
15,47,46,4.629656219493169,True,100.0,0.995,120,False,1,1
15,47,48,4.599234272567839,True,100.0,0.995,120,False,1,1
15,48,47,4.599234272567839,True,100.0,0.995,120,False,1,1
15,49,50,4.616860754765743,True,100.0,0.995,120,False,1,1
15,50,49,4.616860754765743,True,100.0,0.995,120,False,1,1
15,50,51,4.636739190120682,True,100.0,0.995,120,False,1,1
15,51,50,4.636739190120682,True,100.0,0.995,120,False,1,1
15,50,55,3.855368669755546,True,100.0,0.995,120,True,1,1
15,55,50,3.855368669755546,True,100.0,0.995,120,True,1,1
15,51,52,1.467834111654683,True,100.0,0.995,120,False,1,1
15,52,51,1.467834111654683,True,100.0,0.995,120,False,1,1
15,51,55,1.0250351690652977,True,100.0,0.995,120,True,1,1
15,55,51,1.0250351690652977,True,100.0,0.995,120,True,1,1
15,51,56,0.9713428023987196,True,100.0,0.995,120,True,1,1
15,56,51,0.9713428023987196,True,100.0,0.995,120,True,1,1
15,51,57,2.848905669282346,True,100.0,0.995,120,True,1,1
15,57,51,2.848905669282346,True,100.0,0.995,120,True,1,1
15,52,53,4.497345865931238,True,100.0,0.995,120,False,1,1
15,53,52,4.497345865931238,True,100.0,0.995,120,False,1,1
15,52,55,2.320046386716928,True,100.0,0.995,120,True,1,1
15,55,52,2.320046386716928,True,100.0,0.995,120,True,1,1
15,52,56,2.2525746330391803,True,100.0,0.995,120,True,1,1
15,56,52,2.2525746330391803,True,100.0,0.995,120,True,1,1
15,53,54,1.985369801413832,True,100.0,0.995,120,False,1,1
15,54,53,1.985369801413832,True,100.0,0.995,120,False,1,1
15,53,57,1.9622134316483757,True,100.0,0.995,120,True,1,1
15,57,53,1.9622134316483757,True,100.0,0.995,120,True,1,1
15,53,58,2.67561641735334,True,100.0,0.995,120,True,1,1
15,58,53,2.67561641735334,True,100.0,0.995,120,True,1,1
15,54,58,0.9879820900697127,True,100.0,0.995,120,True,1,1
15,58,54,0.9879820900697127,True,100.0,0.995,120,True,1,1
15,54,61,1.650829539602716,True,100.0,0.995,120,True,1,1
15,61,54,1.650829539602716,True,100.0,0.995,120,True,1,1
15,55,56,1.3892853645180006,True,100.0,0.995,120,False,1,1
15,56,55,1.3892853645180006,True,100.0,0.995,120,False,1,1
15,56,57,2.260953387425986,True,100.0,0.995,120,False,1,1
15,57,56,2.260953387425986,True,100.0,0.995,120,False,1,1
15,57,58,4.374325477151523,True,100.0,0.995,120,False,1,1
15,58,57,4.374325477151523,True,100.0,0.995,120,False,1,1
15,58,59,5.94734537381819,True,100.0,0.995,120,False,1,1
15,59,58,5.94734537381819,True,100.0,0.995,120,False,1,1
15,58,61,0.7568759232852748,True,100.0,0.995,120,True,1,1
15,61,58,0.7568759232852748,True,100.0,0.995,120,True,1,1
15,59,60,4.677085615414863,True,100.0,0.995,120,False,1,1
15,60,59,4.677085615414863,True,100.0,0.995,120,False,1,1
15,59,62,0.782514567962053,True,100.0,0.995,120,True,1,1
15,62,59,0.782514567962053,True,100.0,0.995,120,True,1,1
15,60,63,0.8145793430162187,True,100.0,0.995,120,True,1,1
15,63,60,0.8145793430162187,True,100.0,0.995,120,True,1,1
15,61,62,4.62168612134623,True,100.0,0.995,120,False,1,1
15,62,61,4.62168612134623,True,100.0,0.995,120,False,1,1
15,62,63,4.615009526722477,True,100.0,0.995,120,False,1,1
15,63,62,4.615009526722477,True,100.0,0.995,120,False,1,1
15,63,64,9.203530345445875,True,100.0,0.995,120,False,1,1
15,64,63,9.203530345445875,True,100.0,0.995,120,False,1,1
15,64,65,4.613334907797534,True,100.0,0.995,120,False,1,1
15,65,64,4.613334907797534,True,100.0,0.995,120,False,1,1
15,65,66,8.057977806349417,True,100.0,0.995,120,False,1,1
15,66,65,8.057977806349417,True,100.0,0.995,120,False,1,1
16,1,2,4.607457345141336,True,100.0,0.995,120,False,1,1
16,2,1,4.607457345141336,True,100.0,0.995,120,False,1,1
16,1,43,11.054266787978072,True,100.0,0.995,120,True,1,1
16,43,1,11.054266787978072,True,100.0,0.995,120,True,1,1
16,1,44,6.6336637502246,True,100.0,0.995,120,True,1,1
16,44,1,6.6336637502246,True,100.0,0.995,120,True,1,1
16,1,45,2.594595619832805,True,100.0,0.995,120,True,1,1
16,45,1,2.594595619832805,True,100.0,0.995,120,True,1,1
16,1,46,3.434915551713382,True,100.0,0.995,120,True,1,1
16,46,1,3.434915551713382,True,100.0,0.995,120,True,1,1
16,2,3,4.637231615100126,True,100.0,0.995,120,False,1,1
16,3,2,4.637231615100126,True,100.0,0.995,120,False,1,1
16,2,44,10.98759070541429,True,100.0,0.995,120,True,1,1
16,44,2,10.98759070541429,True,100.0,0.995,120,True,1,1
16,2,45,6.52865642895744,True,100.0,0.995,120,True,1,1
16,45,2,6.52865642895744,True,100.0,0.995,120,True,1,1
16,2,46,2.332433442798676,True,100.0,0.995,120,True,1,1
16,46,2,2.332433442798676,True,100.0,0.995,120,True,1,1
16,2,47,3.2663964602692057,True,100.0,0.995,120,True,1,1
16,47,2,3.2663964602692057,True,100.0,0.995,120,True,1,1
16,3,4,2.9514804025955264,True,100.0,0.995,120,False,1,1
16,4,3,2.9514804025955264,True,100.0,0.995,120,False,1,1
16,3,19,3.742477040645769,True,100.0,0.995,120,True,1,1
16,19,3,3.742477040645769,True,100.0,0.995,120,True,1,1
16,3,45,10.950913343783922,True,100.0,0.995,120,True,1,1
16,45,3,10.950913343783922,True,100.0,0.995,120,True,1,1
16,3,46,6.460716234640918,True,100.0,0.995,120,True,1,1
16,46,3,6.460716234640918,True,100.0,0.995,120,True,1,1
16,3,47,2.077562550881034,True,100.0,0.995,120,True,1,1
16,47,3,2.077562550881034,True,100.0,0.995,120,True,1,1
16,3,48,3.0675258245714647,True,100.0,0.995,120,True,1,1
16,48,3,3.0675258245714647,True,100.0,0.995,120,True,1,1
16,4,5,1.652375395867998,True,100.0,0.995,120,False,1,1
16,5,4,1.652375395867998,True,100.0,0.995,120,False,1,1
16,4,19,0.8295778746429341,True,100.0,0.995,120,True,1,1
16,19,4,0.8295778746429341,True,100.0,0.995,120,True,1,1
16,4,47,4.7688374691130075,True,100.0,0.995,120,True,1,1
16,47,4,4.7688374691130075,True,100.0,0.995,120,True,1,1
16,4,48,0.8856586925637702,True,100.0,0.995,120,True,1,1
16,48,4,0.8856586925637702,True,100.0,0.995,120,True,1,1
16,5,6,4.62407446773015,True,100.0,0.995,120,False,1,1
16,6,5,4.62407446773015,True,100.0,0.995,120,False,1,1
16,5,19,0.8791365665638581,True,100.0,0.995,120,True,1,1
16,19,5,0.8791365665638581,True,100.0,0.995,120,True,1,1
16,5,20,5.741582411096481,True,100.0,0.995,120,True,1,1
16,20,5,5.741582411096481,True,100.0,0.995,120,True,1,1
16,5,48,1.825605626418049,True,100.0,0.995,120,True,1,1
16,48,5,1.825605626418049,True,100.0,0.995,120,True,1,1
16,6,20,1.1240425697570369,True,100.0,0.995,120,True,1,1
16,20,6,1.1240425697570369,True,100.0,0.995,120,True,1,1
16,6,21,1.4384703620663994,True,100.0,0.995,120,True,1,1
16,21,6,1.4384703620663994,True,100.0,0.995,120,True,1,1
16,6,22,3.746814986268167,True,100.0,0.995,120,True,1,1
16,22,6,3.746814986268167,True,100.0,0.995,120,True,1,1
16,6,31,3.092090430238717,True,100.0,0.995,120,True,1,1
16,31,6,3.092090430238717,True,100.0,0.995,120,True,1,1
16,7,8,4.62191844053372,True,100.0,0.995,120,False,1,1
16,8,7,4.62191844053372,True,100.0,0.995,120,False,1,1
16,7,42,13.96332396925053,True,100.0,0.995,120,True,1,1
16,42,7,13.96332396925053,True,100.0,0.995,120,True,1,1
16,7,66,13.482511542874182,True,100.0,0.995,120,True,1,1
16,66,7,13.482511542874182,True,100.0,0.995,120,True,1,1
16,8,9,3.3685397707715223,True,100.0,0.995,120,False,1,1
16,9,8,3.3685397707715223,True,100.0,0.995,120,False,1,1
16,9,10,5.856353395473741,True,100.0,0.995,120,False,1,1
16,10,9,5.856353395473741,True,100.0,0.995,120,False,1,1
16,10,11,4.58967013164632,True,100.0,0.995,120,False,1,1
16,11,10,4.58967013164632,True,100.0,0.995,120,False,1,1
16,10,43,12.27499406559396,True,100.0,0.995,120,True,1,1
16,43,10,12.27499406559396,True,100.0,0.995,120,True,1,1
16,11,12,4.645074343422565,True,100.0,0.995,120,False,1,1
16,12,11,4.645074343422565,True,100.0,0.995,120,False,1,1
16,11,43,7.967280926138613,True,100.0,0.995,120,True,1,1
16,43,11,7.967280926138613,True,100.0,0.995,120,True,1,1
16,11,44,12.321814307807076,True,100.0,0.995,120,True,1,1
16,44,11,12.321814307807076,True,100.0,0.995,120,True,1,1
16,12,43,3.7843598437516213,True,100.0,0.995,120,True,1,1
16,43,12,3.7843598437516213,True,100.0,0.995,120,True,1,1
16,12,44,7.88340210952197,True,100.0,0.995,120,True,1,1
16,44,12,7.88340210952197,True,100.0,0.995,120,True,1,1
16,12,45,12.249522407871074,True,100.0,0.995,120,True,1,1
16,45,12,12.249522407871074,True,100.0,0.995,120,True,1,1
16,13,14,0.10301396306398002,True,100.0,0.995,120,False,1,1
16,14,13,0.10301396306398002,True,100.0,0.995,120,False,1,1
16,13,23,2.3600340895763496,True,100.0,0.995,120,True,1,1
16,23,13,2.3600340895763496,True,100.0,0.995,120,True,1,1
16,13,24,2.256895921215073,True,100.0,0.995,120,True,1,1
16,24,13,2.256895921215073,True,100.0,0.995,120,True,1,1
16,13,33,5.350669270257311,True,100.0,0.995,120,True,1,1
16,33,13,5.350669270257311,True,100.0,0.995,120,True,1,1
16,13,34,0.8530948437466184,True,100.0,0.995,120,True,1,1
16,34,13,0.8530948437466184,True,100.0,0.995,120,True,1,1
16,13,35,0.8139354091453834,True,100.0,0.995,120,True,1,1
16,35,13,0.8139354091453834,True,100.0,0.995,120,True,1,1
16,13,36,1.6779784928368955,True,100.0,0.995,120,True,1,1
16,36,13,1.6779784928368955,True,100.0,0.995,120,True,1,1
16,14,15,4.553550957771686,True,100.0,0.995,120,False,1,1
16,15,14,4.553550957771686,True,100.0,0.995,120,False,1,1
16,14,24,2.2123882545790603,True,100.0,0.995,120,True,1,1
16,24,14,2.2123882545790603,True,100.0,0.995,120,True,1,1
16,14,34,0.855868584938144,True,100.0,0.995,120,True,1,1
16,34,14,0.855868584938144,True,100.0,0.995,120,True,1,1
16,14,35,0.8088817583748652,True,100.0,0.995,120,True,1,1
16,35,14,0.8088817583748652,True,100.0,0.995,120,True,1,1
16,14,36,1.6157375656440378,True,100.0,0.995,120,True,1,1
16,36,14,1.6157375656440378,True,100.0,0.995,120,True,1,1
16,15,16,1.4297646455049846,True,100.0,0.995,120,False,1,1
16,16,15,1.4297646455049846,True,100.0,0.995,120,False,1,1
16,15,24,2.349689467423593,True,100.0,0.995,120,True,1,1
16,24,15,2.349689467423593,True,100.0,0.995,120,True,1,1
16,15,25,4.103567083225799,True,100.0,0.995,120,True,1,1
16,25,15,4.103567083225799,True,100.0,0.995,120,True,1,1
16,15,36,3.019993460720993,True,100.0,0.995,120,True,1,1
16,36,15,3.019993460720993,True,100.0,0.995,120,True,1,1
16,16,17,0.8870009395570643,True,100.0,0.995,120,False,1,1
16,17,16,0.8870009395570643,True,100.0,0.995,120,False,1,1
16,16,24,3.771548994021101,True,100.0,0.995,120,True,1,1
16,24,16,3.771548994021101,True,100.0,0.995,120,True,1,1
16,16,25,2.6857475923213556,True,100.0,0.995,120,True,1,1
16,25,16,2.6857475923213556,True,100.0,0.995,120,True,1,1
16,16,36,4.423938578034372,True,100.0,0.995,120,True,1,1
16,36,16,4.423938578034372,True,100.0,0.995,120,True,1,1
16,17,18,4.597947651921587,True,100.0,0.995,120,False,1,1
16,18,17,4.597947651921587,True,100.0,0.995,120,False,1,1
16,17,24,4.654667006148712,True,100.0,0.995,120,True,1,1
16,24,17,4.654667006148712,True,100.0,0.995,120,True,1,1
16,17,25,1.8519459076464306,True,100.0,0.995,120,True,1,1
16,25,17,1.8519459076464306,True,100.0,0.995,120,True,1,1
16,17,36,5.309122917436962,True,100.0,0.995,120,True,1,1
16,36,17,5.309122917436962,True,100.0,0.995,120,True,1,1
16,18,25,2.8663151131220546,True,100.0,0.995,120,True,1,1
16,25,18,2.8663151131220546,True,100.0,0.995,120,True,1,1
16,18,26,6.310826945978081,True,100.0,0.995,120,True,1,1
16,26,18,6.310826945978081,True,100.0,0.995,120,True,1,1
16,18,49,2.3160016643036747,True,100.0,0.995,120,True,1,1
16,49,18,2.3160016643036747,True,100.0,0.995,120,True,1,1
16,19,20,6.602798024088474,True,100.0,0.995,120,False,1,1
16,20,19,6.602798024088474,True,100.0,0.995,120,False,1,1
16,19,48,1.0044668774526089,True,100.0,0.995,120,True,1,1
16,48,19,1.0044668774526089,True,100.0,0.995,120,True,1,1
16,20,21,0.31502899492199965,True,100.0,0.995,120,False,1,1
16,21,20,0.31502899492199965,True,100.0,0.995,120,False,1,1
16,20,31,1.9708823169759828,True,100.0,0.995,120,True,1,1
16,31,20,1.9708823169759828,True,100.0,0.995,120,True,1,1
16,20,32,2.934415598231393,True,100.0,0.995,120,True,1,1
16,32,20,2.934415598231393,True,100.0,0.995,120,True,1,1
16,21,22,2.3138871972867925,True,100.0,0.995,120,False,1,1
16,22,21,2.3138871972867925,True,100.0,0.995,120,False,1,1
16,21,31,1.6600700452562334,True,100.0,0.995,120,True,1,1
16,31,21,1.6600700452562334,True,100.0,0.995,120,True,1,1
16,21,32,2.6236766798291185,True,100.0,0.995,120,True,1,1
16,32,21,2.6236766798291185,True,100.0,0.995,120,True,1,1
16,22,23,6.936694345582593,True,100.0,0.995,120,False,1,1
16,23,22,6.936694345582593,True,100.0,0.995,120,False,1,1
16,22,31,0.6582874846479914,True,100.0,0.995,120,True,1,1
16,31,22,0.6582874846479914,True,100.0,0.995,120,True,1,1
16,22,32,0.33018897921261486,True,100.0,0.995,120,True,1,1
16,32,22,0.33018897921261486,True,100.0,0.995,120,True,1,1
16,22,33,3.9587971448441874,True,100.0,0.995,120,True,1,1
16,33,22,3.9587971448441874,True,100.0,0.995,120,True,1,1
16,23,24,4.6079522224380876,True,100.0,0.995,120,False,1,1
16,24,23,4.6079522224380876,True,100.0,0.995,120,False,1,1
16,23,33,3.002413563464726,True,100.0,0.995,120,True,1,1
16,33,23,3.002413563464726,True,100.0,0.995,120,True,1,1
16,23,34,1.6325004189824563,True,100.0,0.995,120,True,1,1
16,34,23,1.6325004189824563,True,100.0,0.995,120,True,1,1
16,23,35,1.6960818391341883,True,100.0,0.995,120,True,1,1
16,35,23,1.6960818391341883,True,100.0,0.995,120,True,1,1
16,24,36,0.7390555471394978,True,100.0,0.995,120,True,1,1
16,36,24,0.7390555471394978,True,100.0,0.995,120,True,1,1
16,25,26,9.046766135675776,True,100.0,0.995,120,False,1,1
16,26,25,9.046766135675776,True,100.0,0.995,120,False,1,1
16,25,49,4.433668013015964,True,100.0,0.995,120,True,1,1
16,49,25,4.433668013015964,True,100.0,0.995,120,True,1,1
16,26,27,4.805792933287121,True,100.0,0.995,120,False,1,1
16,27,26,4.805792933287121,True,100.0,0.995,120,False,1,1
16,26,37,3.1805461089647244,True,100.0,0.995,120,True,1,1
16,37,26,3.1805461089647244,True,100.0,0.995,120,True,1,1
16,26,49,5.017643191405394,True,100.0,0.995,120,True,1,1
16,49,26,5.017643191405394,True,100.0,0.995,120,True,1,1
16,26,50,1.397345051111489,True,100.0,0.995,120,True,1,1
16,50,26,1.397345051111489,True,100.0,0.995,120,True,1,1
16,26,55,4.093022887114912,True,100.0,0.995,120,True,1,1
16,55,26,4.093022887114912,True,100.0,0.995,120,True,1,1
16,27,28,9.018662116084954,True,100.0,0.995,120,False,1,1
16,28,27,9.018662116084954,True,100.0,0.995,120,False,1,1
16,27,37,1.9213948109093706,True,100.0,0.995,120,True,1,1
16,37,27,1.9213948109093706,True,100.0,0.995,120,True,1,1
16,27,51,1.4871561006640441,True,100.0,0.995,120,True,1,1
16,51,27,1.4871561006640441,True,100.0,0.995,120,True,1,1
16,27,52,0.07514114131140837,True,100.0,0.995,120,True,1,1
16,52,27,0.07514114131140837,True,100.0,0.995,120,True,1,1
16,27,56,2.2486779010687306,True,100.0,0.995,120,True,1,1
16,56,27,2.2486779010687306,True,100.0,0.995,120,True,1,1
16,27,57,3.2038040357138082,True,100.0,0.995,120,True,1,1
16,57,27,3.2038040357138082,True,100.0,0.995,120,True,1,1
16,28,29,4.61162155640683,True,100.0,0.995,120,False,1,1
16,29,28,4.61162155640683,True,100.0,0.995,120,False,1,1
16,28,38,2.958247821092094,True,100.0,0.995,120,True,1,1
16,38,28,2.958247821092094,True,100.0,0.995,120,True,1,1
16,28,58,3.171701702839936,True,100.0,0.995,120,True,1,1
16,58,28,3.171701702839936,True,100.0,0.995,120,True,1,1
16,28,61,2.972949316978706,True,100.0,0.995,120,True,1,1
16,61,28,2.972949316978706,True,100.0,0.995,120,True,1,1
16,29,30,4.620438237597159,True,100.0,0.995,120,False,1,1
16,30,29,4.620438237597159,True,100.0,0.995,120,False,1,1
16,29,39,0.8717167874871885,True,100.0,0.995,120,True,1,1
16,39,29,0.8717167874871885,True,100.0,0.995,120,True,1,1
16,29,59,2.14260414662067,True,100.0,0.995,120,True,1,1
16,59,29,2.14260414662067,True,100.0,0.995,120,True,1,1
16,29,62,2.8563500913182818,True,100.0,0.995,120,True,1,1
16,62,29,2.8563500913182818,True,100.0,0.995,120,True,1,1
16,30,40,3.8971887261083986,True,100.0,0.995,120,True,1,1
16,40,30,3.8971887261083986,True,100.0,0.995,120,True,1,1
16,30,60,1.8776381036949432,True,100.0,0.995,120,True,1,1
16,60,30,1.8776381036949432,True,100.0,0.995,120,True,1,1
16,30,63,2.6137349780864,True,100.0,0.995,120,True,1,1
16,63,30,2.6137349780864,True,100.0,0.995,120,True,1,1
16,30,64,7.718914857010395,True,100.0,0.995,120,True,1,1
16,64,30,7.718914857010395,True,100.0,0.995,120,True,1,1
16,31,32,0.9638406158859755,True,100.0,0.995,120,False,1,1
16,32,31,0.9638406158859755,True,100.0,0.995,120,False,1,1
16,32,33,3.6500024485311986,True,100.0,0.995,120,False,1,1
16,33,32,3.6500024485311986,True,100.0,0.995,120,False,1,1
16,33,34,4.594104401768032,True,100.0,0.995,120,False,1,1
16,34,33,4.594104401768032,True,100.0,0.995,120,False,1,1
16,34,35,0.07868641121305768,True,100.0,0.995,120,False,1,1
16,35,34,0.07868641121305768,True,100.0,0.995,120,False,1,1
16,35,36,2.30895477030323,True,100.0,0.995,120,False,1,1
16,36,35,2.30895477030323,True,100.0,0.995,120,False,1,1
16,37,38,8.014949664936164,True,100.0,0.995,120,False,1,1
16,38,37,8.014949664936164,True,100.0,0.995,120,False,1,1
16,37,50,3.3877539876687837,True,100.0,0.995,120,True,1,1
16,50,37,3.3877539876687837,True,100.0,0.995,120,True,1,1
16,37,51,1.5447594191840808,True,100.0,0.995,120,True,1,1
16,51,37,1.5447594191840808,True,100.0,0.995,120,True,1,1
16,37,52,1.8539143318349782,True,100.0,0.995,120,True,1,1
16,52,37,1.8539143318349782,True,100.0,0.995,120,True,1,1
16,37,55,1.3703012120969877,True,100.0,0.995,120,True,1,1
16,55,37,1.3703012120969877,True,100.0,0.995,120,True,1,1
16,38,39,8.020593415334595,True,100.0,0.995,120,False,1,1
16,39,38,8.020593415334595,True,100.0,0.995,120,False,1,1
16,38,53,2.1640805281696394,True,100.0,0.995,120,True,1,1
16,53,38,2.1640805281696394,True,100.0,0.995,120,True,1,1
16,38,54,0.723028263224237,True,100.0,0.995,120,True,1,1
16,54,38,0.723028263224237,True,100.0,0.995,120,True,1,1
16,38,58,1.5587796204140958,True,100.0,0.995,120,True,1,1
16,58,38,1.5587796204140958,True,100.0,0.995,120,True,1,1
16,38,61,2.163438065046596,True,100.0,0.995,120,True,1,1
16,61,38,2.163438065046596,True,100.0,0.995,120,True,1,1
16,39,40,8.0168865177061,True,100.0,0.995,120,False,1,1
16,40,39,8.0168865177061,True,100.0,0.995,120,False,1,1
16,39,59,1.9683473975688777,True,100.0,0.995,120,True,1,1
16,59,39,1.9683473975688777,True,100.0,0.995,120,True,1,1
16,39,60,3.382316634836129,True,100.0,0.995,120,True,1,1
16,60,39,3.382316634836129,True,100.0,0.995,120,True,1,1
16,39,62,2.7462780292115587,True,100.0,0.995,120,True,1,1
16,62,39,2.7462780292115587,True,100.0,0.995,120,True,1,1
16,39,63,2.9047246783997434,True,100.0,0.995,120,True,1,1
16,63,39,2.9047246783997434,True,100.0,0.995,120,True,1,1
16,40,41,8.021268570038394,True,100.0,0.995,120,False,1,1
16,41,40,8.021268570038394,True,100.0,0.995,120,False,1,1
16,40,60,4.929389535063959,True,100.0,0.995,120,True,1,1
16,60,40,4.929389535063959,True,100.0,0.995,120,True,1,1
16,40,64,3.923028125176506,True,100.0,0.995,120,True,1,1
16,64,40,3.923028125176506,True,100.0,0.995,120,True,1,1
16,40,65,8.410062348600276,True,100.0,0.995,120,True,1,1
16,65,40,8.410062348600276,True,100.0,0.995,120,True,1,1
16,41,42,8.017440575359263,True,100.0,0.995,120,False,1,1
16,42,41,8.017440575359263,True,100.0,0.995,120,False,1,1
16,41,64,4.334562113949059,True,100.0,0.995,120,True,1,1
16,64,41,4.334562113949059,True,100.0,0.995,120,True,1,1
16,41,65,0.7934398739169509,True,100.0,0.995,120,True,1,1
16,65,41,0.7934398739169509,True,100.0,0.995,120,True,1,1
16,41,66,8.482169916130367,True,100.0,0.995,120,True,1,1
16,66,41,8.482169916130367,True,100.0,0.995,120,True,1,1
16,42,64,12.128784946950038,True,100.0,0.995,120,True,1,1
16,64,42,12.128784946950038,True,100.0,0.995,120,True,1,1
16,42,65,7.594022124812779,True,100.0,0.995,120,True,1,1
16,65,42,7.594022124812779,True,100.0,0.995,120,True,1,1
16,42,66,0.4920683982296818,True,100.0,0.995,120,True,1,1
16,66,42,0.4920683982296818,True,100.0,0.995,120,True,1,1
16,43,44,4.620458194743424,True,100.0,0.995,120,False,1,1
16,44,43,4.620458194743424,True,100.0,0.995,120,False,1,1
16,44,45,4.616692889123898,True,100.0,0.995,120,False,1,1
16,45,44,4.616692889123898,True,100.0,0.995,120,False,1,1
16,45,46,4.611312294869327,True,100.0,0.995,120,False,1,1
16,46,45,4.611312294869327,True,100.0,0.995,120,False,1,1
16,46,47,4.629613815926912,True,100.0,0.995,120,False,1,1
16,47,46,4.629613815926912,True,100.0,0.995,120,False,1,1
16,47,48,4.59917454351075,True,100.0,0.995,120,False,1,1
16,48,47,4.59917454351075,True,100.0,0.995,120,False,1,1
16,49,50,4.616910759598368,True,100.0,0.995,120,False,1,1
16,50,49,4.616910759598368,True,100.0,0.995,120,False,1,1
16,50,51,4.636838244710381,True,100.0,0.995,120,False,1,1
16,51,50,4.636838244710381,True,100.0,0.995,120,False,1,1
16,50,55,3.85355919417247,True,100.0,0.995,120,True,1,1
16,55,50,3.85355919417247,True,100.0,0.995,120,True,1,1
16,51,52,1.4692881290180042,True,100.0,0.995,120,False,1,1
16,52,51,1.4692881290180042,True,100.0,0.995,120,False,1,1
16,51,55,1.0273616064424813,True,100.0,0.995,120,True,1,1
16,55,51,1.0273616064424813,True,100.0,0.995,120,True,1,1
16,51,56,0.970571495178756,True,100.0,0.995,120,True,1,1
16,56,51,0.970571495178756,True,100.0,0.995,120,True,1,1
16,51,57,2.8505719251016024,True,100.0,0.995,120,True,1,1
16,57,51,2.8505719251016024,True,100.0,0.995,120,True,1,1
16,52,53,4.497498430147314,True,100.0,0.995,120,False,1,1
16,53,52,4.497498430147314,True,100.0,0.995,120,False,1,1
16,52,55,2.3234268181624493,True,100.0,0.995,120,True,1,1
16,55,52,2.3234268181624493,True,100.0,0.995,120,True,1,1
16,52,56,2.2546896349968004,True,100.0,0.995,120,True,1,1
16,56,52,2.2546896349968004,True,100.0,0.995,120,True,1,1
16,53,54,1.9855644173104277,True,100.0,0.995,120,False,1,1
16,54,53,1.9855644173104277,True,100.0,0.995,120,False,1,1
16,53,57,1.9605400519396756,True,100.0,0.995,120,True,1,1
16,57,53,1.9605400519396756,True,100.0,0.995,120,True,1,1
16,53,58,2.6724700521179487,True,100.0,0.995,120,True,1,1
16,58,53,2.6724700521179487,True,100.0,0.995,120,True,1,1
16,54,58,0.9850368980623218,True,100.0,0.995,120,True,1,1
16,58,54,0.9850368980623218,True,100.0,0.995,120,True,1,1
16,54,61,1.649212249674632,True,100.0,0.995,120,True,1,1
16,61,54,1.649212249674632,True,100.0,0.995,120,True,1,1
16,55,56,1.3883976335306085,True,100.0,0.995,120,False,1,1
16,56,55,1.3883976335306085,True,100.0,0.995,120,False,1,1
16,56,57,2.2656740994016484,True,100.0,0.995,120,False,1,1
16,57,56,2.2656740994016484,True,100.0,0.995,120,False,1,1
16,57,58,4.3697581438598965,True,100.0,0.995,120,False,1,1
16,58,57,4.3697581438598965,True,100.0,0.995,120,False,1,1
16,58,59,5.950334740564489,True,100.0,0.995,120,False,1,1
16,59,58,5.950334740564489,True,100.0,0.995,120,False,1,1
16,58,61,0.7591545060240652,True,100.0,0.995,120,True,1,1
16,61,58,0.7591545060240652,True,100.0,0.995,120,True,1,1
16,59,60,4.67711127513233,True,100.0,0.995,120,False,1,1
16,60,59,4.67711127513233,True,100.0,0.995,120,False,1,1
16,59,62,0.7814492828425453,True,100.0,0.995,120,True,1,1
16,62,59,0.7814492828425453,True,100.0,0.995,120,True,1,1
16,60,63,0.8132447885593307,True,100.0,0.995,120,True,1,1
16,63,60,0.8132447885593307,True,100.0,0.995,120,True,1,1
16,61,62,4.621704223110279,True,100.0,0.995,120,False,1,1
16,62,61,4.621704223110279,True,100.0,0.995,120,False,1,1
16,62,63,4.615044583613359,True,100.0,0.995,120,False,1,1
16,63,62,4.615044583613359,True,100.0,0.995,120,False,1,1
16,63,64,9.203515897718102,True,100.0,0.995,120,False,1,1
16,64,63,9.203515897718102,True,100.0,0.995,120,False,1,1
16,64,65,4.613339165034404,True,100.0,0.995,120,False,1,1
16,65,64,4.613339165034404,True,100.0,0.995,120,False,1,1
16,65,66,8.055042568291432,True,100.0,0.995,120,False,1,1
16,66,65,8.055042568291432,True,100.0,0.995,120,False,1,1
17,1,2,4.607380221107968,True,100.0,0.995,120,False,1,1
17,2,1,4.607380221107968,True,100.0,0.995,120,False,1,1
17,1,43,11.051400319514066,True,100.0,0.995,120,True,1,1
17,43,1,11.051400319514066,True,100.0,0.995,120,True,1,1
17,1,44,6.628600414257135,True,100.0,0.995,120,True,1,1
17,44,1,6.628600414257135,True,100.0,0.995,120,True,1,1
17,1,45,2.5810769283417434,True,100.0,0.995,120,True,1,1
17,45,1,2.5810769283417434,True,100.0,0.995,120,True,1,1
17,1,46,3.424536727098514,True,100.0,0.995,120,True,1,1
17,46,1,3.424536727098514,True,100.0,0.995,120,True,1,1
17,2,3,4.637177508113328,True,100.0,0.995,120,False,1,1
17,3,2,4.637177508113328,True,100.0,0.995,120,False,1,1
17,2,44,10.984199840867232,True,100.0,0.995,120,True,1,1
17,44,2,10.984199840867232,True,100.0,0.995,120,True,1,1
17,2,45,6.52302822401247,True,100.0,0.995,120,True,1,1
17,45,2,6.52302822401247,True,100.0,0.995,120,True,1,1
17,2,46,2.3173181500123823,True,100.0,0.995,120,True,1,1
17,46,2,2.3173181500123823,True,100.0,0.995,120,True,1,1
17,2,47,3.256359484439026,True,100.0,0.995,120,True,1,1
17,47,2,3.256359484439026,True,100.0,0.995,120,True,1,1
17,3,4,2.9506561989553175,True,100.0,0.995,120,False,1,1
17,4,3,2.9506561989553175,True,100.0,0.995,120,False,1,1
17,3,19,3.7412933424941706,True,100.0,0.995,120,True,1,1
17,19,3,3.7412933424941706,True,100.0,0.995,120,True,1,1
17,3,45,10.947384068383496,True,100.0,0.995,120,True,1,1
17,45,3,10.947384068383496,True,100.0,0.995,120,True,1,1
17,3,46,6.455301913274471,True,100.0,0.995,120,True,1,1
17,46,3,6.455301913274471,True,100.0,0.995,120,True,1,1
17,3,47,2.0627625173074677,True,100.0,0.995,120,True,1,1
17,47,3,2.0627625173074677,True,100.0,0.995,120,True,1,1
17,3,48,3.059212276489371,True,100.0,0.995,120,True,1,1
17,48,3,3.059212276489371,True,100.0,0.995,120,True,1,1
17,4,5,1.652978045258944,True,100.0,0.995,120,False,1,1
17,5,4,1.652978045258944,True,100.0,0.995,120,False,1,1
17,4,19,0.8264220776839386,True,100.0,0.995,120,True,1,1
17,19,4,0.8264220776839386,True,100.0,0.995,120,True,1,1
17,4,47,4.761155089206954,True,100.0,0.995,120,True,1,1
17,47,4,4.761155089206954,True,100.0,0.995,120,True,1,1
17,4,48,0.8558304340731944,True,100.0,0.995,120,True,1,1
17,48,4,0.8558304340731944,True,100.0,0.995,120,True,1,1
17,5,6,4.624052888607511,True,100.0,0.995,120,False,1,1
17,6,5,4.624052888607511,True,100.0,0.995,120,False,1,1
17,5,19,0.8784911417534945,True,100.0,0.995,120,True,1,1
17,19,5,0.8784911417534945,True,100.0,0.995,120,True,1,1
17,5,20,5.741350036636317,True,100.0,0.995,120,True,1,1
17,20,5,5.741350036636317,True,100.0,0.995,120,True,1,1
17,5,48,1.8151335376157804,True,100.0,0.995,120,True,1,1
17,48,5,1.8151335376157804,True,100.0,0.995,120,True,1,1
17,6,20,1.1239721620464274,True,100.0,0.995,120,True,1,1
17,20,6,1.1239721620464274,True,100.0,0.995,120,True,1,1
17,6,21,1.4378497285182406,True,100.0,0.995,120,True,1,1
17,21,6,1.4378497285182406,True,100.0,0.995,120,True,1,1
17,6,22,3.7462365747172375,True,100.0,0.995,120,True,1,1
17,22,6,3.7462365747172375,True,100.0,0.995,120,True,1,1
17,6,31,3.09236645575276,True,100.0,0.995,120,True,1,1
17,31,6,3.09236645575276,True,100.0,0.995,120,True,1,1
17,7,8,4.621908571341366,True,100.0,0.995,120,False,1,1
17,8,7,4.621908571341366,True,100.0,0.995,120,False,1,1
17,7,42,13.968447111296408,True,100.0,0.995,120,True,1,1
17,42,7,13.968447111296408,True,100.0,0.995,120,True,1,1
17,7,66,13.488790151026498,True,100.0,0.995,120,True,1,1
17,66,7,13.488790151026498,True,100.0,0.995,120,True,1,1
17,8,9,3.3681449313290215,True,100.0,0.995,120,False,1,1
17,9,8,3.3681449313290215,True,100.0,0.995,120,False,1,1
17,9,10,5.856718639879407,True,100.0,0.995,120,False,1,1
17,10,9,5.856718639879407,True,100.0,0.995,120,False,1,1
17,10,11,4.589639258053478,True,100.0,0.995,120,False,1,1
17,11,10,4.589639258053478,True,100.0,0.995,120,False,1,1
17,10,43,12.275103164931156,True,100.0,0.995,120,True,1,1
17,43,10,12.275103164931156,True,100.0,0.995,120,True,1,1
17,11,12,4.645053382560356,True,100.0,0.995,120,False,1,1
17,12,11,4.645053382560356,True,100.0,0.995,120,False,1,1
17,11,43,7.966624061947822,True,100.0,0.995,120,True,1,1
17,43,11,7.966624061947822,True,100.0,0.995,120,True,1,1
17,11,44,12.320737483760302,True,100.0,0.995,120,True,1,1
17,44,11,12.320737483760302,True,100.0,0.995,120,True,1,1
17,12,43,3.781493021207614,True,100.0,0.995,120,True,1,1
17,43,12,3.781493021207614,True,100.0,0.995,120,True,1,1
17,12,44,7.881206361708803,True,100.0,0.995,120,True,1,1
17,44,12,7.881206361708803,True,100.0,0.995,120,True,1,1
17,12,45,12.247623319224738,True,100.0,0.995,120,True,1,1
17,45,12,12.247623319224738,True,100.0,0.995,120,True,1,1
17,13,14,0.10456820025600522,True,100.0,0.995,120,False,1,1
17,14,13,0.10456820025600522,True,100.0,0.995,120,False,1,1
17,13,23,2.3601033714705566,True,100.0,0.995,120,True,1,1
17,23,13,2.3601033714705566,True,100.0,0.995,120,True,1,1
17,13,24,2.2569685440524303,True,100.0,0.995,120,True,1,1
17,24,13,2.2569685440524303,True,100.0,0.995,120,True,1,1
17,13,33,5.350548663882455,True,100.0,0.995,120,True,1,1
17,33,13,5.350548663882455,True,100.0,0.995,120,True,1,1
17,13,34,0.8568267976633279,True,100.0,0.995,120,True,1,1
17,34,13,0.8568267976633279,True,100.0,0.995,120,True,1,1
17,13,35,0.817778026098242,True,100.0,0.995,120,True,1,1
17,35,13,0.817778026098242,True,100.0,0.995,120,True,1,1
17,13,36,1.6799647980063974,True,100.0,0.995,120,True,1,1
17,36,13,1.6799647980063974,True,100.0,0.995,120,True,1,1
17,14,15,4.552951762397769,True,100.0,0.995,120,False,1,1
17,15,14,4.552951762397769,True,100.0,0.995,120,False,1,1
17,14,24,2.2117331017454545,True,100.0,0.995,120,True,1,1
17,24,14,2.2117331017454545,True,100.0,0.995,120,True,1,1
17,14,34,0.8588696129006579,True,100.0,0.995,120,True,1,1
17,34,14,0.8588696129006579,True,100.0,0.995,120,True,1,1
17,14,35,0.8117941531382545,True,100.0,0.995,120,True,1,1
17,35,14,0.8117941531382545,True,100.0,0.995,120,True,1,1
17,14,36,1.6163974800836007,True,100.0,0.995,120,True,1,1
17,36,14,1.6163974800836007,True,100.0,0.995,120,True,1,1
17,15,16,1.4304023462693658,True,100.0,0.995,120,False,1,1
17,16,15,1.4304023462693658,True,100.0,0.995,120,False,1,1
17,15,24,2.3497562562097762,True,100.0,0.995,120,True,1,1
17,24,15,2.3497562562097762,True,100.0,0.995,120,True,1,1
17,15,25,4.106397667650728,True,100.0,0.995,120,True,1,1
17,25,15,4.106397667650728,True,100.0,0.995,120,True,1,1
17,15,36,3.021077046952762,True,100.0,0.995,120,True,1,1
17,36,15,3.021077046952762,True,100.0,0.995,120,True,1,1
17,16,17,0.8865083338938189,True,100.0,0.995,120,False,1,1
17,17,16,0.8865083338938189,True,100.0,0.995,120,False,1,1
17,16,24,3.772182955666199,True,100.0,0.995,120,True,1,1
17,24,16,3.772182955666199,True,100.0,0.995,120,True,1,1
17,16,25,2.6880736262640443,True,100.0,0.995,120,True,1,1
17,25,16,2.6880736262640443,True,100.0,0.995,120,True,1,1
17,16,36,4.425110924126985,True,100.0,0.995,120,True,1,1
17,36,16,4.425110924126985,True,100.0,0.995,120,True,1,1
17,17,18,4.5980308053222085,True,100.0,0.995,120,False,1,1
17,18,17,4.5980308053222085,True,100.0,0.995,120,False,1,1
17,17,24,4.654752355284288,True,100.0,0.995,120,True,1,1
17,24,17,4.654752355284288,True,100.0,0.995,120,True,1,1
17,17,25,1.8555583337273918,True,100.0,0.995,120,True,1,1
17,25,17,1.8555583337273918,True,100.0,0.995,120,True,1,1
17,17,36,5.309805003525759,True,100.0,0.995,120,True,1,1
17,36,17,5.309805003525759,True,100.0,0.995,120,True,1,1
17,18,25,2.8650979910097996,True,100.0,0.995,120,True,1,1
17,25,18,2.8650979910097996,True,100.0,0.995,120,True,1,1
17,18,26,6.31182083342232,True,100.0,0.995,120,True,1,1
17,26,18,6.31182083342232,True,100.0,0.995,120,True,1,1
17,18,49,2.3254369906379764,True,100.0,0.995,120,True,1,1
17,49,18,2.3254369906379764,True,100.0,0.995,120,True,1,1
17,19,20,6.6033211721670195,True,100.0,0.995,120,False,1,1
17,20,19,6.6033211721670195,True,100.0,0.995,120,False,1,1
17,19,48,0.9927274018327471,True,100.0,0.995,120,True,1,1
17,48,19,0.9927274018327471,True,100.0,0.995,120,True,1,1
17,20,21,0.3144679597402333,True,100.0,0.995,120,False,1,1
17,21,20,0.3144679597402333,True,100.0,0.995,120,False,1,1
17,20,31,1.9711278001977113,True,100.0,0.995,120,True,1,1
17,31,20,1.9711278001977113,True,100.0,0.995,120,True,1,1
17,20,32,2.933965316156565,True,100.0,0.995,120,True,1,1
17,32,20,2.933965316156565,True,100.0,0.995,120,True,1,1
17,21,22,2.313905411589916,True,100.0,0.995,120,False,1,1
17,22,21,2.313905411589916,True,100.0,0.995,120,False,1,1
17,21,31,1.660925294719332,True,100.0,0.995,120,True,1,1
17,31,21,1.660925294719332,True,100.0,0.995,120,True,1,1
17,21,32,2.623841069267804,True,100.0,0.995,120,True,1,1
17,32,21,2.623841069267804,True,100.0,0.995,120,True,1,1
17,22,23,6.936757702352368,True,100.0,0.995,120,False,1,1
17,23,22,6.936757702352368,True,100.0,0.995,120,False,1,1
17,22,31,0.6584625697690206,True,100.0,0.995,120,True,1,1
17,31,22,0.6584625697690206,True,100.0,0.995,120,True,1,1
17,22,32,0.3336447015951466,True,100.0,0.995,120,True,1,1
17,32,22,0.3336447015951466,True,100.0,0.995,120,True,1,1
17,22,33,3.959762702177231,True,100.0,0.995,120,True,1,1
17,33,22,3.959762702177231,True,100.0,0.995,120,True,1,1
17,23,24,4.607979669562771,True,100.0,0.995,120,False,1,1
17,24,23,4.607979669562771,True,100.0,0.995,120,False,1,1
17,23,33,3.0022839095012204,True,100.0,0.995,120,True,1,1
17,33,23,3.0022839095012204,True,100.0,0.995,120,True,1,1
17,23,34,1.6336038817476823,True,100.0,0.995,120,True,1,1
17,34,23,1.6336038817476823,True,100.0,0.995,120,True,1,1
17,23,35,1.698028163438677,True,100.0,0.995,120,True,1,1
17,35,23,1.698028163438677,True,100.0,0.995,120,True,1,1
17,24,36,0.7420768230726996,True,100.0,0.995,120,True,1,1
17,36,24,0.7420768230726996,True,100.0,0.995,120,True,1,1
17,25,26,9.045529095289256,True,100.0,0.995,120,False,1,1
17,26,25,9.045529095289256,True,100.0,0.995,120,False,1,1
17,25,49,4.434780694750729,True,100.0,0.995,120,True,1,1
17,49,25,4.434780694750729,True,100.0,0.995,120,True,1,1
17,26,27,4.805591486856651,True,100.0,0.995,120,False,1,1
17,27,26,4.805591486856651,True,100.0,0.995,120,False,1,1
17,26,37,3.176857194429998,True,100.0,0.995,120,True,1,1
17,37,26,3.176857194429998,True,100.0,0.995,120,True,1,1
17,26,49,5.019340478556074,True,100.0,0.995,120,True,1,1
17,49,26,5.019340478556074,True,100.0,0.995,120,True,1,1
17,26,50,1.401892013498334,True,100.0,0.995,120,True,1,1
17,50,26,1.401892013498334,True,100.0,0.995,120,True,1,1
17,26,55,4.093535214165934,True,100.0,0.995,120,True,1,1
17,55,26,4.093535214165934,True,100.0,0.995,120,True,1,1
17,27,28,9.019030410473823,True,100.0,0.995,120,False,1,1
17,28,27,9.019030410473823,True,100.0,0.995,120,False,1,1
17,27,37,1.9253804019953178,True,100.0,0.995,120,True,1,1
17,37,27,1.9253804019953178,True,100.0,0.995,120,True,1,1
17,27,51,1.4883503903464068,True,100.0,0.995,120,True,1,1
17,51,27,1.4883503903464068,True,100.0,0.995,120,True,1,1
17,27,52,0.07502066514788584,True,100.0,0.995,120,True,1,1
17,52,27,0.07502066514788584,True,100.0,0.995,120,True,1,1
17,27,56,2.250590664425269,True,100.0,0.995,120,True,1,1
17,56,27,2.250590664425269,True,100.0,0.995,120,True,1,1
17,27,57,3.205594742656237,True,100.0,0.995,120,True,1,1
17,57,27,3.205594742656237,True,100.0,0.995,120,True,1,1
17,28,29,4.611626004640777,True,100.0,0.995,120,False,1,1
17,29,28,4.611626004640777,True,100.0,0.995,120,False,1,1
17,28,38,2.961910090900047,True,100.0,0.995,120,True,1,1
17,38,28,2.961910090900047,True,100.0,0.995,120,True,1,1
17,28,58,3.1697612240709896,True,100.0,0.995,120,True,1,1
17,58,28,3.1697612240709896,True,100.0,0.995,120,True,1,1
17,28,61,2.9668140946815997,True,100.0,0.995,120,True,1,1
17,61,28,2.9668140946815997,True,100.0,0.995,120,True,1,1
17,29,30,4.620485764285162,True,100.0,0.995,120,False,1,1
17,30,29,4.620485764285162,True,100.0,0.995,120,False,1,1
17,29,39,0.8658498415973676,True,100.0,0.995,120,True,1,1
17,39,29,0.8658498415973676,True,100.0,0.995,120,True,1,1
17,29,59,2.132707817792435,True,100.0,0.995,120,True,1,1
17,59,29,2.132707817792435,True,100.0,0.995,120,True,1,1
17,29,62,2.845756139592136,True,100.0,0.995,120,True,1,1
17,62,29,2.845756139592136,True,100.0,0.995,120,True,1,1
17,30,40,3.8922044489313303,True,100.0,0.995,120,True,1,1
17,40,30,3.8922044489313303,True,100.0,0.995,120,True,1,1
17,30,60,1.8647905055976615,True,100.0,0.995,120,True,1,1
17,60,30,1.8647905055976615,True,100.0,0.995,120,True,1,1
17,30,63,2.600203634852277,True,100.0,0.995,120,True,1,1
17,63,30,2.600203634852277,True,100.0,0.995,120,True,1,1
17,30,64,7.714003182101435,True,100.0,0.995,120,True,1,1
17,64,30,7.714003182101435,True,100.0,0.995,120,True,1,1
17,31,32,0.9631310022217302,True,100.0,0.995,120,False,1,1
17,32,31,0.9631310022217302,True,100.0,0.995,120,False,1,1
17,32,33,3.650899035438266,True,100.0,0.995,120,False,1,1
17,33,32,3.650899035438266,True,100.0,0.995,120,False,1,1
17,33,34,4.593415112660435,True,100.0,0.995,120,False,1,1
17,34,33,4.593415112660435,True,100.0,0.995,120,False,1,1
17,34,35,0.07940651589102841,True,100.0,0.995,120,False,1,1
17,35,34,0.07940651589102841,True,100.0,0.995,120,False,1,1
17,35,36,2.3083015473911725,True,100.0,0.995,120,False,1,1
17,36,35,2.3083015473911725,True,100.0,0.995,120,False,1,1
17,37,38,8.015037966222703,True,100.0,0.995,120,False,1,1
17,38,37,8.015037966222703,True,100.0,0.995,120,False,1,1
17,37,50,3.3840075283730218,True,100.0,0.995,120,True,1,1
17,50,37,3.3840075283730218,True,100.0,0.995,120,True,1,1
17,37,51,1.5490011116217601,True,100.0,0.995,120,True,1,1
17,51,37,1.5490011116217601,True,100.0,0.995,120,True,1,1
17,37,52,1.8579938734681323,True,100.0,0.995,120,True,1,1
17,52,37,1.8579938734681323,True,100.0,0.995,120,True,1,1
17,37,55,1.373192088911744,True,100.0,0.995,120,True,1,1
17,55,37,1.373192088911744,True,100.0,0.995,120,True,1,1
17,38,39,8.020634901360246,True,100.0,0.995,120,False,1,1
17,39,38,8.020634901360246,True,100.0,0.995,120,False,1,1
17,38,53,2.1597592754586734,True,100.0,0.995,120,True,1,1
17,53,38,2.1597592754586734,True,100.0,0.995,120,True,1,1
17,38,54,0.7214795326372194,True,100.0,0.995,120,True,1,1
17,54,38,0.7214795326372194,True,100.0,0.995,120,True,1,1
17,38,58,1.5563346666671691,True,100.0,0.995,120,True,1,1
17,58,38,1.5563346666671691,True,100.0,0.995,120,True,1,1
17,38,61,2.1624666367051364,True,100.0,0.995,120,True,1,1
17,61,38,2.1624666367051364,True,100.0,0.995,120,True,1,1
17,39,40,8.0169047466372,True,100.0,0.995,120,False,1,1
17,40,39,8.0169047466372,True,100.0,0.995,120,False,1,1
17,39,59,1.9606507617525155,True,100.0,0.995,120,True,1,1
17,59,39,1.9606507617525155,True,100.0,0.995,120,True,1,1
17,39,60,3.383486218529656,True,100.0,0.995,120,True,1,1
17,60,39,3.383486218529656,True,100.0,0.995,120,True,1,1
17,39,62,2.7374566628018706,True,100.0,0.995,120,True,1,1
17,62,39,2.7374566628018706,True,100.0,0.995,120,True,1,1
17,39,63,2.902562357033665,True,100.0,0.995,120,True,1,1
17,63,39,2.902562357033665,True,100.0,0.995,120,True,1,1
17,40,41,8.021254749591177,True,100.0,0.995,120,False,1,1
17,41,40,8.021254749591177,True,100.0,0.995,120,False,1,1
17,40,60,4.923133168982999,True,100.0,0.995,120,True,1,1
17,60,40,4.923133168982999,True,100.0,0.995,120,True,1,1
17,40,64,3.922243605774237,True,100.0,0.995,120,True,1,1
17,64,40,3.922243605774237,True,100.0,0.995,120,True,1,1
17,40,65,8.412196432054227,True,100.0,0.995,120,True,1,1
17,65,40,8.412196432054227,True,100.0,0.995,120,True,1,1
17,41,42,8.017487930254669,True,100.0,0.995,120,False,1,1
17,42,41,8.017487930254669,True,100.0,0.995,120,False,1,1
17,41,64,4.326883764179625,True,100.0,0.995,120,True,1,1
17,64,41,4.326883764179625,True,100.0,0.995,120,True,1,1
17,41,65,0.7799796533236114,True,100.0,0.995,120,True,1,1
17,65,41,0.7799796533236114,True,100.0,0.995,120,True,1,1
17,41,66,8.482921915726095,True,100.0,0.995,120,True,1,1
17,66,41,8.482921915726095,True,100.0,0.995,120,True,1,1
17,42,64,12.123892318096374,True,100.0,0.995,120,True,1,1
17,64,42,12.123892318096374,True,100.0,0.995,120,True,1,1
17,42,65,7.589024069246978,True,100.0,0.995,120,True,1,1
17,65,42,7.589024069246978,True,100.0,0.995,120,True,1,1
17,42,66,0.4938343104867505,True,100.0,0.995,120,True,1,1
17,66,42,0.4938343104867505,True,100.0,0.995,120,True,1,1
17,43,44,4.620368894821822,True,100.0,0.995,120,False,1,1
17,44,43,4.620368894821822,True,100.0,0.995,120,False,1,1
17,44,45,4.616646378187337,True,100.0,0.995,120,False,1,1
17,45,44,4.616646378187337,True,100.0,0.995,120,False,1,1
17,45,46,4.611226577828866,True,100.0,0.995,120,False,1,1
17,46,45,4.611226577828866,True,100.0,0.995,120,False,1,1
17,46,47,4.629572172473233,True,100.0,0.995,120,False,1,1
17,47,46,4.629572172473233,True,100.0,0.995,120,False,1,1
17,47,48,4.599115346683398,True,100.0,0.995,120,False,1,1
17,48,47,4.599115346683398,True,100.0,0.995,120,False,1,1
17,49,50,4.616960608558718,True,100.0,0.995,120,False,1,1
17,50,49,4.616960608558718,True,100.0,0.995,120,False,1,1
17,50,51,4.63693628582051,True,100.0,0.995,120,False,1,1
17,51,50,4.63693628582051,True,100.0,0.995,120,False,1,1
17,50,55,3.851740525572826,True,100.0,0.995,120,True,1,1
17,55,50,3.851740525572826,True,100.0,0.995,120,True,1,1
17,51,52,1.4705675159421188,True,100.0,0.995,120,False,1,1
17,52,51,1.4705675159421188,True,100.0,0.995,120,False,1,1
17,51,55,1.0296478454886686,True,100.0,0.995,120,True,1,1
17,55,51,1.0296478454886686,True,100.0,0.995,120,True,1,1
17,51,56,0.9697306069299242,True,100.0,0.995,120,True,1,1
17,56,51,0.9697306069299242,True,100.0,0.995,120,True,1,1
17,51,57,2.852215730705535,True,100.0,0.995,120,True,1,1
17,57,51,2.852215730705535,True,100.0,0.995,120,True,1,1
17,52,53,4.497594696381364,True,100.0,0.995,120,False,1,1
17,53,52,4.497594696381364,True,100.0,0.995,120,False,1,1
17,52,55,2.32659145123729,True,100.0,0.995,120,True,1,1
17,55,52,2.32659145123729,True,100.0,0.995,120,True,1,1
17,52,56,2.256535449229765,True,100.0,0.995,120,True,1,1
17,56,52,2.256535449229765,True,100.0,0.995,120,True,1,1
17,53,54,1.985758459130646,True,100.0,0.995,120,False,1,1
17,54,53,1.985758459130646,True,100.0,0.995,120,False,1,1
17,53,57,1.9588324095427208,True,100.0,0.995,120,True,1,1
17,57,53,1.9588324095427208,True,100.0,0.995,120,True,1,1
17,53,58,2.669294373375867,True,100.0,0.995,120,True,1,1
17,58,53,2.669294373375867,True,100.0,0.995,120,True,1,1
17,54,58,0.9820164297626989,True,100.0,0.995,120,True,1,1
17,58,54,0.9820164297626989,True,100.0,0.995,120,True,1,1
17,54,61,1.6474996019241828,True,100.0,0.995,120,True,1,1
17,61,54,1.6474996019241828,True,100.0,0.995,120,True,1,1
17,55,56,1.3875057334117469,True,100.0,0.995,120,False,1,1
17,56,55,1.3875057334117469,True,100.0,0.995,120,False,1,1
17,56,57,2.270394246448194,True,100.0,0.995,120,False,1,1
17,57,56,2.270394246448194,True,100.0,0.995,120,False,1,1
17,57,58,4.365190035013249,True,100.0,0.995,120,False,1,1
17,58,57,4.365190035013249,True,100.0,0.995,120,False,1,1
17,58,59,5.953322547554674,True,100.0,0.995,120,False,1,1
17,59,58,5.953322547554674,True,100.0,0.995,120,False,1,1
17,58,61,0.7614192398354039,True,100.0,0.995,120,True,1,1
17,61,58,0.7614192398354039,True,100.0,0.995,120,True,1,1
17,59,60,4.677136279305751,True,100.0,0.995,120,False,1,1
17,60,59,4.677136279305751,True,100.0,0.995,120,False,1,1
17,59,62,0.7803596691492705,True,100.0,0.995,120,True,1,1
17,62,59,0.7803596691492705,True,100.0,0.995,120,True,1,1
17,60,63,0.811897085252916,True,100.0,0.995,120,True,1,1
17,63,60,0.811897085252916,True,100.0,0.995,120,True,1,1
17,61,62,4.621721505538708,True,100.0,0.995,120,False,1,1
17,62,61,4.621721505538708,True,100.0,0.995,120,False,1,1
17,62,63,4.615078846918493,True,100.0,0.995,120,False,1,1
17,63,62,4.615078846918493,True,100.0,0.995,120,False,1,1
17,63,64,9.203501384005936,True,100.0,0.995,120,False,1,1
17,64,63,9.203501384005936,True,100.0,0.995,120,False,1,1
17,64,65,4.613342755709769,True,100.0,0.995,120,False,1,1
17,65,64,4.613342755709769,True,100.0,0.995,120,False,1,1
17,65,66,8.052108563755313,True,100.0,0.995,120,False,1,1
17,66,65,8.052108563755313,True,100.0,0.995,120,False,1,1
18,1,2,4.607303644457961,True,100.0,0.995,120,False,1,1
18,2,1,4.607303644457961,True,100.0,0.995,120,False,1,1
18,1,43,11.04849122807248,True,100.0,0.995,120,True,1,1
18,43,1,11.04849122807248,True,100.0,0.995,120,True,1,1
18,1,44,6.623486317474751,True,100.0,0.995,120,True,1,1
18,44,1,6.623486317474751,True,100.0,0.995,120,True,1,1
18,1,45,2.567426454406051,True,100.0,0.995,120,True,1,1
18,45,1,2.567426454406051,True,100.0,0.995,120,True,1,1
18,1,46,3.414127496885694,True,100.0,0.995,120,True,1,1
18,46,1,3.414127496885694,True,100.0,0.995,120,True,1,1
18,2,3,4.637124047039252,True,100.0,0.995,120,False,1,1
18,3,2,4.637124047039252,True,100.0,0.995,120,False,1,1
18,2,44,10.980794248632746,True,100.0,0.995,120,True,1,1
18,44,2,10.980794248632746,True,100.0,0.995,120,True,1,1
18,2,45,6.517396544130261,True,100.0,0.995,120,True,1,1
18,45,2,6.517396544130261,True,100.0,0.995,120,True,1,1
18,2,46,2.3021754076494934,True,100.0,0.995,120,True,1,1
18,46,2,2.3021754076494934,True,100.0,0.995,120,True,1,1
18,2,47,3.246389292879914,True,100.0,0.995,120,True,1,1
18,47,2,3.246389292879914,True,100.0,0.995,120,True,1,1
18,3,4,2.9498346837382945,True,100.0,0.995,120,False,1,1
18,4,3,2.9498346837382945,True,100.0,0.995,120,False,1,1
18,3,19,3.7401239789625476,True,100.0,0.995,120,True,1,1
18,19,3,3.7401239789625476,True,100.0,0.995,120,True,1,1
18,3,45,10.94387089294302,True,100.0,0.995,120,True,1,1
18,45,3,10.94387089294302,True,100.0,0.995,120,True,1,1
18,3,46,6.449935878946665,True,100.0,0.995,120,True,1,1
18,46,3,6.449935878946665,True,100.0,0.995,120,True,1,1
18,3,47,2.0480893392642012,True,100.0,0.995,120,True,1,1
18,47,3,2.0480893392642012,True,100.0,0.995,120,True,1,1
18,3,48,3.051072467989406,True,100.0,0.995,120,True,1,1
18,48,3,3.051072467989406,True,100.0,0.995,120,True,1,1
18,4,5,1.6535871301473015,True,100.0,0.995,120,False,1,1
18,5,4,1.6535871301473015,True,100.0,0.995,120,False,1,1
18,4,19,0.8233770807857685,True,100.0,0.995,120,True,1,1
18,19,4,0.8233770807857685,True,100.0,0.995,120,True,1,1
18,4,47,4.753604406629181,True,100.0,0.995,120,True,1,1
18,47,4,4.753604406629181,True,100.0,0.995,120,True,1,1
18,4,48,0.825899738543833,True,100.0,0.995,120,True,1,1
18,48,4,0.825899738543833,True,100.0,0.995,120,True,1,1
18,5,6,4.624032708264212,True,100.0,0.995,120,False,1,1
18,6,5,4.624032708264212,True,100.0,0.995,120,False,1,1
18,5,19,0.8779047760051385,True,100.0,0.995,120,True,1,1
18,19,5,0.8779047760051385,True,100.0,0.995,120,True,1,1
18,5,20,5.741128791433488,True,100.0,0.995,120,True,1,1
18,20,5,5.741128791433488,True,100.0,0.995,120,True,1,1
18,5,48,1.804976644055954,True,100.0,0.995,120,True,1,1
18,48,5,1.804976644055954,True,100.0,0.995,120,True,1,1
18,6,20,1.1239579127573536,True,100.0,0.995,120,True,1,1
18,20,6,1.1239579127573536,True,100.0,0.995,120,True,1,1
18,6,21,1.4372727209739207,True,100.0,0.995,120,True,1,1
18,21,6,1.4372727209739207,True,100.0,0.995,120,True,1,1
18,6,22,3.745675212471898,True,100.0,0.995,120,True,1,1
18,22,6,3.745675212471898,True,100.0,0.995,120,True,1,1
18,6,31,3.0927158497007863,True,100.0,0.995,120,True,1,1
18,31,6,3.0927158497007863,True,100.0,0.995,120,True,1,1
18,7,8,4.621898334205614,True,100.0,0.995,120,False,1,1
18,8,7,4.621898334205614,True,100.0,0.995,120,False,1,1
18,7,42,13.973595732530018,True,100.0,0.995,120,True,1,1
18,42,7,13.973595732530018,True,100.0,0.995,120,True,1,1
18,7,66,13.49515534259777,True,100.0,0.995,120,True,1,1
18,66,7,13.49515534259777,True,100.0,0.995,120,True,1,1
18,8,9,3.367749394107144,True,100.0,0.995,120,False,1,1
18,9,8,3.367749394107144,True,100.0,0.995,120,False,1,1
18,9,10,5.85708277057938,True,100.0,0.995,120,False,1,1
18,10,9,5.85708277057938,True,100.0,0.995,120,False,1,1
18,10,11,4.589607581845381,True,100.0,0.995,120,False,1,1
18,11,10,4.589607581845381,True,100.0,0.995,120,False,1,1
18,10,43,12.27515299898319,True,100.0,0.995,120,True,1,1
18,43,10,12.27515299898319,True,100.0,0.995,120,True,1,1
18,11,12,4.645031054717164,True,100.0,0.995,120,False,1,1
18,12,11,4.645031054717164,True,100.0,0.995,120,False,1,1
18,11,43,7.96586788118511,True,100.0,0.995,120,True,1,1
18,43,11,7.96586788118511,True,100.0,0.995,120,True,1,1
18,11,44,12.319599284042827,True,100.0,0.995,120,True,1,1
18,44,11,12.319599284042827,True,100.0,0.995,120,True,1,1
18,12,43,3.7784448983281016,True,100.0,0.995,120,True,1,1
18,43,12,3.7784448983281016,True,100.0,0.995,120,True,1,1
18,12,44,7.87893244775208,True,100.0,0.995,120,True,1,1
18,44,12,7.87893244775208,True,100.0,0.995,120,True,1,1
18,12,45,12.245681400607417,True,100.0,0.995,120,True,1,1
18,45,12,12.245681400607417,True,100.0,0.995,120,True,1,1
18,13,14,0.10611754490382828,True,100.0,0.995,120,False,1,1
18,14,13,0.10611754490382828,True,100.0,0.995,120,False,1,1
18,13,23,2.360173731924126,True,100.0,0.995,120,True,1,1
18,23,13,2.360173731924126,True,100.0,0.995,120,True,1,1
18,13,24,2.25704212327185,True,100.0,0.995,120,True,1,1
18,24,13,2.25704212327185,True,100.0,0.995,120,True,1,1
18,13,33,5.350439042651834,True,100.0,0.995,120,True,1,1
18,33,13,5.350439042651834,True,100.0,0.995,120,True,1,1
18,13,34,0.8605882828977771,True,100.0,0.995,120,True,1,1
18,34,13,0.8605882828977771,True,100.0,0.995,120,True,1,1
18,13,35,0.8216575491157194,True,100.0,0.995,120,True,1,1
18,35,13,0.8216575491157194,True,100.0,0.995,120,True,1,1
18,13,36,1.6819680700411828,True,100.0,0.995,120,True,1,1
18,36,13,1.6819680700411828,True,100.0,0.995,120,True,1,1
18,14,15,4.55235267506417,True,100.0,0.995,120,False,1,1
18,15,14,4.55235267506417,True,100.0,0.995,120,False,1,1
18,14,24,2.2110778505197257,True,100.0,0.995,120,True,1,1
18,24,14,2.2110778505197257,True,100.0,0.995,120,True,1,1
18,14,34,0.8618907259165551,True,100.0,0.995,120,True,1,1
18,34,14,0.8618907259165551,True,100.0,0.995,120,True,1,1
18,14,35,0.8147330749185682,True,100.0,0.995,120,True,1,1
18,35,14,0.8147330749185682,True,100.0,0.995,120,True,1,1
18,14,36,1.6170699346375554,True,100.0,0.995,120,True,1,1
18,36,14,1.6170699346375554,True,100.0,0.995,120,True,1,1
18,15,16,1.4310402737328998,True,100.0,0.995,120,False,1,1
18,16,15,1.4310402737328998,True,100.0,0.995,120,False,1,1
18,15,24,2.3498232577068703,True,100.0,0.995,120,True,1,1
18,24,15,2.3498232577068703,True,100.0,0.995,120,True,1,1
18,15,25,4.10922743756755,True,100.0,0.995,120,True,1,1
18,25,15,4.10922743756755,True,100.0,0.995,120,True,1,1
18,15,36,3.0221652369709577,True,100.0,0.995,120,True,1,1
18,36,15,3.0221652369709577,True,100.0,0.995,120,True,1,1
18,16,17,0.8860156650935922,True,100.0,0.995,120,False,1,1
18,17,16,0.8860156650935922,True,100.0,0.995,120,False,1,1
18,16,24,3.772817324391621,True,100.0,0.995,120,True,1,1
18,24,16,3.772817324391621,True,100.0,0.995,120,True,1,1
18,16,25,2.6903977302931454,True,100.0,0.995,120,True,1,1
18,25,16,2.6903977302931454,True,100.0,0.995,120,True,1,1
18,16,36,4.426285294912119,True,100.0,0.995,120,True,1,1
18,36,16,4.426285294912119,True,100.0,0.995,120,True,1,1
18,17,18,4.598113910966131,True,100.0,0.995,120,False,1,1
18,18,17,4.598113910966131,True,100.0,0.995,120,False,1,1
18,17,24,4.654838148547922,True,100.0,0.995,120,True,1,1
18,24,17,4.654838148547922,True,100.0,0.995,120,True,1,1
18,17,25,1.8591628580768482,True,100.0,0.995,120,True,1,1
18,25,17,1.8591628580768482,True,100.0,0.995,120,True,1,1
18,17,36,5.310488909780107,True,100.0,0.995,120,True,1,1
18,36,17,5.310488909780107,True,100.0,0.995,120,True,1,1
18,18,25,2.863878144689142,True,100.0,0.995,120,True,1,1
18,25,18,2.863878144689142,True,100.0,0.995,120,True,1,1
18,18,26,6.312808693958734,True,100.0,0.995,120,True,1,1
18,26,18,6.312808693958734,True,100.0,0.995,120,True,1,1
18,18,49,2.3347147216810638,True,100.0,0.995,120,True,1,1
18,49,18,2.3347147216810638,True,100.0,0.995,120,True,1,1
18,19,20,6.603846261378754,True,100.0,0.995,120,False,1,1
18,20,19,6.603846261378754,True,100.0,0.995,120,False,1,1
18,19,48,0.9812033514978624,True,100.0,0.995,120,True,1,1
18,48,19,0.9812033514978624,True,100.0,0.995,120,True,1,1
18,20,21,0.3139065808965194,True,100.0,0.995,120,False,1,1
18,21,20,0.3139065808965194,True,100.0,0.995,120,False,1,1
18,20,31,1.9713990245799549,True,100.0,0.995,120,True,1,1
18,31,20,1.9713990245799549,True,100.0,0.995,120,True,1,1
18,20,32,2.9335486658097136,True,100.0,0.995,120,True,1,1
18,32,20,2.9335486658097136,True,100.0,0.995,120,True,1,1
18,21,22,2.3139244882772414,True,100.0,0.995,120,False,1,1
18,22,21,2.3139244882772414,True,100.0,0.995,120,False,1,1
18,21,31,1.661811187546801,True,100.0,0.995,120,True,1,1
18,31,21,1.661811187546801,True,100.0,0.995,120,True,1,1
18,21,32,2.624043128893153,True,100.0,0.995,120,True,1,1
18,32,21,2.624043128893153,True,100.0,0.995,120,True,1,1
18,22,23,6.936822681019878,True,100.0,0.995,120,False,1,1
18,23,22,6.936822681019878,True,100.0,0.995,120,False,1,1
18,22,31,0.658715237410487,True,100.0,0.995,120,True,1,1
18,31,22,0.658715237410487,True,100.0,0.995,120,True,1,1
18,22,32,0.33734906437132833,True,100.0,0.995,120,True,1,1
18,32,22,0.33734906437132833,True,100.0,0.995,120,True,1,1
18,22,33,3.9607408288020878,True,100.0,0.995,120,True,1,1
18,33,22,3.9607408288020878,True,100.0,0.995,120,True,1,1
18,23,24,4.608007915566464,True,100.0,0.995,120,False,1,1
18,24,23,4.608007915566464,True,100.0,0.995,120,False,1,1
18,23,33,3.0021676808762154,True,100.0,0.995,120,True,1,1
18,33,23,3.0021676808762154,True,100.0,0.995,120,True,1,1
18,23,34,1.6347248440145528,True,100.0,0.995,120,True,1,1
18,34,23,1.6347248440145528,True,100.0,0.995,120,True,1,1
18,23,35,1.6999930082492678,True,100.0,0.995,120,True,1,1
18,35,23,1.6999930082492678,True,100.0,0.995,120,True,1,1
18,24,36,0.7451074965675366,True,100.0,0.995,120,True,1,1
18,36,24,0.7451074965675366,True,100.0,0.995,120,True,1,1
18,25,26,9.044292478498852,True,100.0,0.995,120,False,1,1
18,26,25,9.044292478498852,True,100.0,0.995,120,False,1,1
18,25,49,4.435867571604418,True,100.0,0.995,120,True,1,1
18,49,25,4.435867571604418,True,100.0,0.995,120,True,1,1
18,26,27,4.805388969846778,True,100.0,0.995,120,False,1,1
18,27,26,4.805388969846778,True,100.0,0.995,120,False,1,1
18,26,37,3.1731492138837085,True,100.0,0.995,120,True,1,1
18,37,26,3.1731492138837085,True,100.0,0.995,120,True,1,1
18,26,49,5.020999710782093,True,100.0,0.995,120,True,1,1
18,49,26,5.020999710782093,True,100.0,0.995,120,True,1,1
18,26,50,1.406269068214052,True,100.0,0.995,120,True,1,1
18,50,26,1.406269068214052,True,100.0,0.995,120,True,1,1
18,26,55,4.093935987388781,True,100.0,0.995,120,True,1,1
18,55,26,4.093935987388781,True,100.0,0.995,120,True,1,1
18,27,28,9.019397687860572,True,100.0,0.995,120,False,1,1
18,28,27,9.019397687860572,True,100.0,0.995,120,False,1,1
18,27,37,1.9293300458679497,True,100.0,0.995,120,True,1,1
18,37,27,1.9293300458679497,True,100.0,0.995,120,True,1,1
18,27,51,1.489372274092766,True,100.0,0.995,120,True,1,1
18,51,27,1.489372274092766,True,100.0,0.995,120,True,1,1
18,27,52,0.07490074818177878,True,100.0,0.995,120,True,1,1
18,52,27,0.07490074818177878,True,100.0,0.995,120,True,1,1
18,27,56,2.2522326723747645,True,100.0,0.995,120,True,1,1
18,56,27,2.2522326723747645,True,100.0,0.995,120,True,1,1
18,27,57,3.2072038473148075,True,100.0,0.995,120,True,1,1
18,57,27,3.2072038473148075,True,100.0,0.995,120,True,1,1
18,28,29,4.611629993648292,True,100.0,0.995,120,False,1,1
18,29,28,4.611629993648292,True,100.0,0.995,120,False,1,1
18,28,38,2.965555486896357,True,100.0,0.995,120,True,1,1
18,38,28,2.965555486896357,True,100.0,0.995,120,True,1,1
18,28,58,3.1676595576292814,True,100.0,0.995,120,True,1,1
18,58,28,3.1676595576292814,True,100.0,0.995,120,True,1,1
18,28,61,2.9604343830218256,True,100.0,0.995,120,True,1,1
18,61,28,2.9604343830218256,True,100.0,0.995,120,True,1,1
18,29,30,4.620532492309655,True,100.0,0.995,120,False,1,1
18,30,29,4.620532492309655,True,100.0,0.995,120,False,1,1
18,29,39,0.8599255833880907,True,100.0,0.995,120,True,1,1
18,39,29,0.8599255833880907,True,100.0,0.995,120,True,1,1
18,29,59,2.1226200681504945,True,100.0,0.995,120,True,1,1
18,59,29,2.1226200681504945,True,100.0,0.995,120,True,1,1
18,29,62,2.8349517665239685,True,100.0,0.995,120,True,1,1
18,62,29,2.8349517665239685,True,100.0,0.995,120,True,1,1
18,30,40,3.887219952338139,True,100.0,0.995,120,True,1,1
18,40,30,3.887219952338139,True,100.0,0.995,120,True,1,1
18,30,60,1.8518050984720134,True,100.0,0.995,120,True,1,1
18,60,30,1.8518050984720134,True,100.0,0.995,120,True,1,1
18,30,63,2.5865352813446227,True,100.0,0.995,120,True,1,1
18,63,30,2.5865352813446227,True,100.0,0.995,120,True,1,1
18,30,64,7.709110016932338,True,100.0,0.995,120,True,1,1
18,64,30,7.709110016932338,True,100.0,0.995,120,True,1,1
18,31,32,0.9624296915962002,True,100.0,0.995,120,False,1,1
18,32,31,0.9624296915962002,True,100.0,0.995,120,False,1,1
18,32,33,3.6517988627868885,True,100.0,0.995,120,False,1,1
18,33,32,3.6517988627868885,True,100.0,0.995,120,False,1,1
18,33,34,4.592726568204906,True,100.0,0.995,120,False,1,1
18,34,33,4.592726568204906,True,100.0,0.995,120,False,1,1
18,34,35,0.08012865306440167,True,100.0,0.995,120,False,1,1
18,35,34,0.08012865306440167,True,100.0,0.995,120,False,1,1
18,35,36,2.3076489288767443,True,100.0,0.995,120,False,1,1
18,36,35,2.3076489288767443,True,100.0,0.995,120,False,1,1
18,37,38,8.015125205095734,True,100.0,0.995,120,False,1,1
18,38,37,8.015125205095734,True,100.0,0.995,120,False,1,1
18,37,50,3.3802456959358302,True,100.0,0.995,120,True,1,1
18,50,37,3.3802456959358302,True,100.0,0.995,120,True,1,1
18,37,51,1.5532057537747088,True,100.0,0.995,120,True,1,1
18,51,37,1.5532057537747088,True,100.0,0.995,120,True,1,1
18,37,52,1.8620357752563303,True,100.0,0.995,120,True,1,1
18,52,37,1.8620357752563303,True,100.0,0.995,120,True,1,1
18,37,55,1.3759423948161165,True,100.0,0.995,120,True,1,1
18,55,37,1.3759423948161165,True,100.0,0.995,120,True,1,1
18,38,39,8.020675264025817,True,100.0,0.995,120,False,1,1
18,39,38,8.020675264025817,True,100.0,0.995,120,False,1,1
18,38,53,2.155411480989307,True,100.0,0.995,120,True,1,1
18,53,38,2.155411480989307,True,100.0,0.995,120,True,1,1
18,38,54,0.7198811871697907,True,100.0,0.995,120,True,1,1
18,54,38,0.7198811871697907,True,100.0,0.995,120,True,1,1
18,38,58,1.553725409288213,True,100.0,0.995,120,True,1,1
18,58,38,1.553725409288213,True,100.0,0.995,120,True,1,1
18,38,61,2.1613266105663587,True,100.0,0.995,120,True,1,1
18,61,38,2.1613266105663587,True,100.0,0.995,120,True,1,1
18,39,40,8.016922238243918,True,100.0,0.995,120,False,1,1
18,40,39,8.016922238243918,True,100.0,0.995,120,False,1,1
18,39,59,1.9528684231244688,True,100.0,0.995,120,True,1,1
18,59,39,1.9528684231244688,True,100.0,0.995,120,True,1,1
18,39,60,3.3846360054591726,True,100.0,0.995,120,True,1,1
18,60,39,3.3846360054591726,True,100.0,0.995,120,True,1,1
18,39,62,2.7285255690055124,True,100.0,0.995,120,True,1,1
18,62,39,2.7285255690055124,True,100.0,0.995,120,True,1,1
18,39,63,2.9003475228272713,True,100.0,0.995,120,True,1,1
18,63,39,2.9003475228272713,True,100.0,0.995,120,True,1,1
18,40,41,8.021240588127943,True,100.0,0.995,120,False,1,1
18,41,40,8.021240588127943,True,100.0,0.995,120,False,1,1
18,40,60,4.916871101776397,True,100.0,0.995,120,True,1,1
18,60,40,4.916871101776397,True,100.0,0.995,120,True,1,1
18,40,64,3.921501287139141,True,100.0,0.995,120,True,1,1
18,64,40,3.921501287139141,True,100.0,0.995,120,True,1,1
18,40,65,8.414358271565774,True,100.0,0.995,120,True,1,1
18,65,40,8.414358271565774,True,100.0,0.995,120,True,1,1
18,41,42,8.017535610243666,True,100.0,0.995,120,False,1,1
18,42,41,8.017535610243666,True,100.0,0.995,120,False,1,1
18,41,64,4.319258750071812,True,100.0,0.995,120,True,1,1
18,64,41,4.319258750071812,True,100.0,0.995,120,True,1,1
18,41,65,0.7667370366580216,True,100.0,0.995,120,True,1,1
18,65,41,0.7667370366580216,True,100.0,0.995,120,True,1,1
18,41,66,8.483708349118524,True,100.0,0.995,120,True,1,1
18,66,41,8.483708349118524,True,100.0,0.995,120,True,1,1
18,42,64,12.119029176124608,True,100.0,0.995,120,True,1,1
18,64,42,12.119029176124608,True,100.0,0.995,120,True,1,1
18,42,65,7.584077889121475,True,100.0,0.995,120,True,1,1
18,65,42,7.584077889121475,True,100.0,0.995,120,True,1,1
18,42,66,0.4962075583123858,True,100.0,0.995,120,True,1,1
18,66,42,0.4962075583123858,True,100.0,0.995,120,True,1,1
18,43,44,4.6202789355521405,True,100.0,0.995,120,False,1,1
18,44,43,4.6202789355521405,True,100.0,0.995,120,False,1,1
18,44,45,4.616599838219074,True,100.0,0.995,120,False,1,1
18,45,44,4.616599838219074,True,100.0,0.995,120,False,1,1
18,45,46,4.611141055373863,True,100.0,0.995,120,False,1,1
18,46,45,4.611141055373863,True,100.0,0.995,120,False,1,1
18,46,47,4.629531304975392,True,100.0,0.995,120,False,1,1
18,47,46,4.629531304975392,True,100.0,0.995,120,False,1,1
18,47,48,4.599056698884153,True,100.0,0.995,120,False,1,1
18,48,47,4.599056698884153,True,100.0,0.995,120,False,1,1
18,49,50,4.617010286943309,True,100.0,0.995,120,False,1,1
18,50,49,4.617010286943309,True,100.0,0.995,120,False,1,1
18,50,51,4.637033295802254,True,100.0,0.995,120,False,1,1
18,51,50,4.637033295802254,True,100.0,0.995,120,False,1,1
18,50,55,3.8499125325885477,True,100.0,0.995,120,True,1,1
18,55,50,3.8499125325885477,True,100.0,0.995,120,True,1,1
18,51,52,1.47167206559869,True,100.0,0.995,120,False,1,1
18,52,51,1.47167206559869,True,100.0,0.995,120,False,1,1
18,51,55,1.0318938846252246,True,100.0,0.995,120,True,1,1
18,55,51,1.0318938846252246,True,100.0,0.995,120,True,1,1
18,51,56,0.9688195372166467,True,100.0,0.995,120,True,1,1
18,56,51,0.9688195372166467,True,100.0,0.995,120,True,1,1
18,51,57,2.853837086570236,True,100.0,0.995,120,True,1,1
18,57,51,2.853837086570236,True,100.0,0.995,120,True,1,1
18,52,53,4.497634707138849,True,100.0,0.995,120,False,1,1
18,53,52,4.497634707138849,True,100.0,0.995,120,False,1,1
18,52,55,2.329540073345674,True,100.0,0.995,120,True,1,1
18,55,52,2.329540073345674,True,100.0,0.995,120,True,1,1
18,52,56,2.258111679490111,True,100.0,0.995,120,True,1,1
18,56,52,2.258111679490111,True,100.0,0.995,120,True,1,1
18,53,54,1.985951924962639,True,100.0,0.995,120,False,1,1
18,54,53,1.985951924962639,True,100.0,0.995,120,False,1,1
18,53,57,1.9570905200094835,True,100.0,0.995,120,True,1,1
18,57,53,1.9570905200094835,True,100.0,0.995,120,True,1,1
18,53,58,2.666089454287386,True,100.0,0.995,120,True,1,1
18,58,53,2.666089454287386,True,100.0,0.995,120,True,1,1
18,54,58,0.978920604104771,True,100.0,0.995,120,True,1,1
18,58,54,0.978920604104771,True,100.0,0.995,120,True,1,1
18,54,61,1.6456920909773756,True,100.0,0.995,120,True,1,1
18,61,54,1.6456920909773756,True,100.0,0.995,120,True,1,1
18,55,56,1.3866096367621625,True,100.0,0.995,120,False,1,1
18,56,55,1.3866096367621625,True,100.0,0.995,120,False,1,1
18,56,57,2.275113803814395,True,100.0,0.995,120,False,1,1
18,57,56,2.275113803814395,True,100.0,0.995,120,False,1,1
18,57,58,4.36062116018219,True,100.0,0.995,120,False,1,1
18,58,57,4.36062116018219,True,100.0,0.995,120,False,1,1
18,58,59,5.956308793765178,True,100.0,0.995,120,False,1,1
18,59,58,5.956308793765178,True,100.0,0.995,120,False,1,1
18,58,61,0.7636703902262658,True,100.0,0.995,120,True,1,1
18,61,58,0.7636703902262658,True,100.0,0.995,120,True,1,1
18,59,60,4.677160635087219,True,100.0,0.995,120,False,1,1
18,60,59,4.677160635087219,True,100.0,0.995,120,False,1,1
18,59,62,0.7792461743683889,True,100.0,0.995,120,True,1,1
18,62,59,0.7792461743683889,True,100.0,0.995,120,True,1,1
18,60,63,0.81053684479296,True,100.0,0.995,120,True,1,1
18,63,60,0.81053684479296,True,100.0,0.995,120,True,1,1
18,61,62,4.621737972643633,True,100.0,0.995,120,False,1,1
18,62,61,4.621737972643633,True,100.0,0.995,120,False,1,1
18,62,63,4.615112321492645,True,100.0,0.995,120,False,1,1
18,63,62,4.615112321492645,True,100.0,0.995,120,False,1,1
18,63,64,9.203486828962358,True,100.0,0.995,120,False,1,1
18,64,63,9.203486828962358,True,100.0,0.995,120,False,1,1
18,64,65,4.613345689259008,True,100.0,0.995,120,False,1,1
18,65,64,4.613345689259008,True,100.0,0.995,120,False,1,1
18,65,66,8.04917581031388,True,100.0,0.995,120,False,1,1
18,66,65,8.04917581031388,True,100.0,0.995,120,False,1,1
19,1,2,4.607227636332949,True,100.0,0.995,120,False,1,1
19,2,1,4.607227636332949,True,100.0,0.995,120,False,1,1
19,1,43,11.045540882801326,True,100.0,0.995,120,True,1,1
19,43,1,11.045540882801326,True,100.0,0.995,120,True,1,1
19,1,44,6.618323872586824,True,100.0,0.995,120,True,1,1
19,44,1,6.618323872586824,True,100.0,0.995,120,True,1,1
19,1,45,2.553648930199414,True,100.0,0.995,120,True,1,1
19,45,1,2.553648930199414,True,100.0,0.995,120,True,1,1
19,1,46,3.4036927826990757,True,100.0,0.995,120,True,1,1
19,46,1,3.4036927826990757,True,100.0,0.995,120,True,1,1
19,2,3,4.63707124946473,True,100.0,0.995,120,False,1,1
19,3,2,4.63707124946473,True,100.0,0.995,120,False,1,1
19,2,44,10.977375573146931,True,100.0,0.995,120,True,1,1
19,44,2,10.977375573146931,True,100.0,0.995,120,True,1,1
19,2,45,6.511764155953052,True,100.0,0.995,120,True,1,1
19,45,2,6.511764155953052,True,100.0,0.995,120,True,1,1
19,2,46,2.2870122675123166,True,100.0,0.995,120,True,1,1
19,46,2,2.2870122675123166,True,100.0,0.995,120,True,1,1
19,2,47,3.236491485461114,True,100.0,0.995,120,True,1,1
19,47,2,3.236491485461114,True,100.0,0.995,120,True,1,1
19,3,4,2.949015900277626,True,100.0,0.995,120,False,1,1
19,4,3,2.949015900277626,True,100.0,0.995,120,False,1,1
19,3,19,3.738969199609714,True,100.0,0.995,120,True,1,1
19,19,3,3.738969199609714,True,100.0,0.995,120,True,1,1
19,3,45,10.940375542089832,True,100.0,0.995,120,True,1,1
19,45,3,10.940375542089832,True,100.0,0.995,120,True,1,1
19,3,46,6.44462090328357,True,100.0,0.995,120,True,1,1
19,46,3,6.44462090328357,True,100.0,0.995,120,True,1,1
19,3,47,2.033553115048789,True,100.0,0.995,120,True,1,1
19,47,3,2.033553115048789,True,100.0,0.995,120,True,1,1
19,3,48,3.0431118506496655,True,100.0,0.995,120,True,1,1
19,48,3,3.0431118506496655,True,100.0,0.995,120,True,1,1
19,4,5,1.6542027066559468,True,100.0,0.995,120,False,1,1
19,5,4,1.6542027066559468,True,100.0,0.995,120,False,1,1
19,4,19,0.8204456486259641,True,100.0,0.995,120,True,1,1
19,19,4,0.8204456486259641,True,100.0,0.995,120,True,1,1
19,4,47,4.746189426778551,True,100.0,0.995,120,True,1,1
19,47,4,4.746189426778551,True,100.0,0.995,120,True,1,1
19,4,48,0.7958706728159313,True,100.0,0.995,120,True,1,1
19,48,4,0.7958706728159313,True,100.0,0.995,120,True,1,1
19,5,6,4.624013931351794,True,100.0,0.995,120,False,1,1
19,6,5,4.624013931351794,True,100.0,0.995,120,False,1,1
19,5,19,0.8773782168701655,True,100.0,0.995,120,True,1,1
19,19,5,0.8773782168701655,True,100.0,0.995,120,True,1,1
19,5,20,5.7409187136323485,True,100.0,0.995,120,True,1,1
19,20,5,5.7409187136323485,True,100.0,0.995,120,True,1,1
19,5,48,1.795145373186163,True,100.0,0.995,120,True,1,1
19,48,5,1.795145373186163,True,100.0,0.995,120,True,1,1
19,6,20,1.1239997630968044,True,100.0,0.995,120,True,1,1
19,20,6,1.1239997630968044,True,100.0,0.995,120,True,1,1
19,6,21,1.4367393310591765,True,100.0,0.995,120,True,1,1
19,21,6,1.4367393310591765,True,100.0,0.995,120,True,1,1
19,6,22,3.7451308437225403,True,100.0,0.995,120,True,1,1
19,22,6,3.7451308437225403,True,100.0,0.995,120,True,1,1
19,6,31,3.093138397212498,True,100.0,0.995,120,True,1,1
19,31,6,3.093138397212498,True,100.0,0.995,120,True,1,1
19,7,8,4.621887718899715,True,100.0,0.995,120,False,1,1
19,8,7,4.621887718899715,True,100.0,0.995,120,False,1,1
19,7,42,13.978769230604213,True,100.0,0.995,120,True,1,1
19,42,7,13.978769230604213,True,100.0,0.995,120,True,1,1
19,7,66,13.5016052203338,True,100.0,0.995,120,True,1,1
19,66,7,13.5016052203338,True,100.0,0.995,120,True,1,1
19,8,9,3.367353127218427,True,100.0,0.995,120,False,1,1
19,9,8,3.367353127218427,True,100.0,0.995,120,False,1,1
19,9,10,5.857445787580311,True,100.0,0.995,120,False,1,1
19,10,9,5.857445787580311,True,100.0,0.995,120,False,1,1
19,10,11,4.589575101938892,True,100.0,0.995,120,False,1,1
19,11,10,4.589575101938892,True,100.0,0.995,120,False,1,1
19,10,43,12.275143522017427,True,100.0,0.995,120,True,1,1
19,43,10,12.275143522017427,True,100.0,0.995,120,True,1,1
19,11,12,4.645007364390908,True,100.0,0.995,120,False,1,1
19,12,11,4.645007364390908,True,100.0,0.995,120,False,1,1
19,11,43,7.965012728086628,True,100.0,0.995,120,True,1,1
19,43,11,7.965012728086628,True,100.0,0.995,120,True,1,1
19,11,44,12.318400228842128,True,100.0,0.995,120,True,1,1
19,44,11,12.318400228842128,True,100.0,0.995,120,True,1,1
19,12,43,3.775216565367124,True,100.0,0.995,120,True,1,1
19,43,12,3.775216565367124,True,100.0,0.995,120,True,1,1
19,12,44,7.8765814123086395,True,100.0,0.995,120,True,1,1
19,44,12,7.8765814123086395,True,100.0,0.995,120,True,1,1
19,12,45,12.24369756844545,True,100.0,0.995,120,True,1,1
19,45,12,12.24369756844545,True,100.0,0.995,120,True,1,1
19,13,14,0.10766160227098212,True,100.0,0.995,120,False,1,1
19,14,13,0.10766160227098212,True,100.0,0.995,120,False,1,1
19,13,23,2.360245135261618,True,100.0,0.995,120,True,1,1
19,23,13,2.360245135261618,True,100.0,0.995,120,True,1,1
19,13,24,2.2571166228987565,True,100.0,0.995,120,True,1,1
19,24,13,2.2571166228987565,True,100.0,0.995,120,True,1,1
19,13,33,5.3503401265856265,True,100.0,0.995,120,True,1,1
19,33,13,5.3503401265856265,True,100.0,0.995,120,True,1,1
19,13,34,0.864377080467326,True,100.0,0.995,120,True,1,1
19,34,13,0.864377080467326,True,100.0,0.995,120,True,1,1
19,13,35,0.8255712689820445,True,100.0,0.995,120,True,1,1
19,35,13,0.8255712689820445,True,100.0,0.995,120,True,1,1
19,13,36,1.6839872585052136,True,100.0,0.995,120,True,1,1
19,36,13,1.6839872585052136,True,100.0,0.995,120,True,1,1
19,14,15,4.55175366805269,True,100.0,0.995,120,False,1,1
19,15,14,4.55175366805269,True,100.0,0.995,120,False,1,1
19,14,24,2.2104224907280163,True,100.0,0.995,120,True,1,1
19,24,14,2.2104224907280163,True,100.0,0.995,120,True,1,1
19,14,34,0.8649305482611171,True,100.0,0.995,120,True,1,1
19,34,14,0.8649305482611171,True,100.0,0.995,120,True,1,1
19,14,35,0.8176967858649798,True,100.0,0.995,120,True,1,1
19,35,14,0.8176967858649798,True,100.0,0.995,120,True,1,1
19,14,36,1.617754252644546,True,100.0,0.995,120,True,1,1
19,36,14,1.617754252644546,True,100.0,0.995,120,True,1,1
19,15,16,1.4316783981866636,True,100.0,0.995,120,False,1,1
19,16,15,1.4316783981866636,True,100.0,0.995,120,False,1,1
19,15,24,2.349890448027755,True,100.0,0.995,120,True,1,1
19,24,15,2.349890448027755,True,100.0,0.995,120,True,1,1
19,15,25,4.112056028496717,True,100.0,0.995,120,True,1,1
19,25,15,4.112056028496717,True,100.0,0.995,120,True,1,1
19,15,36,3.0232574989844876,True,100.0,0.995,120,True,1,1
19,36,15,3.0232574989844876,True,100.0,0.995,120,True,1,1
19,16,17,0.8855228973469459,True,100.0,0.995,120,False,1,1
19,17,16,0.8855228973469459,True,100.0,0.995,120,False,1,1
19,16,24,3.773452080897874,True,100.0,0.995,120,True,1,1
19,24,16,3.773452080897874,True,100.0,0.995,120,True,1,1
19,16,25,2.692719505063092,True,100.0,0.995,120,True,1,1
19,25,16,2.692719505063092,True,100.0,0.995,120,True,1,1
19,16,36,4.427461402260349,True,100.0,0.995,120,True,1,1
19,36,16,4.427461402260349,True,100.0,0.995,120,True,1,1
19,17,18,4.59819694442149,True,100.0,0.995,120,False,1,1
19,18,17,4.59819694442149,True,100.0,0.995,120,False,1,1
19,17,24,4.6549243583825595,True,100.0,0.995,120,True,1,1
19,24,17,4.6549243583825595,True,100.0,0.995,120,True,1,1
19,17,25,1.862758730081441,True,100.0,0.995,120,True,1,1
19,25,17,1.862758730081441,True,100.0,0.995,120,True,1,1
19,17,36,5.311174313925064,True,100.0,0.995,120,True,1,1
19,36,17,5.311174313925064,True,100.0,0.995,120,True,1,1
19,18,25,2.862655160749101,True,100.0,0.995,120,True,1,1
19,25,18,2.862655160749101,True,100.0,0.995,120,True,1,1
19,18,26,6.3137903916280145,True,100.0,0.995,120,True,1,1
19,26,18,6.3137903916280145,True,100.0,0.995,120,True,1,1
19,18,49,2.343832353881428,True,100.0,0.995,120,True,1,1
19,49,18,2.343832353881428,True,100.0,0.995,120,True,1,1
19,19,20,6.60437329876351,True,100.0,0.995,120,False,1,1
19,20,19,6.60437329876351,True,100.0,0.995,120,False,1,1
19,19,48,0.9699079119248989,True,100.0,0.995,120,True,1,1
19,48,19,0.9699079119248989,True,100.0,0.995,120,True,1,1
19,20,21,0.3133448587133158,True,100.0,0.995,120,False,1,1
19,21,20,0.3133448587133158,True,100.0,0.995,120,False,1,1
19,20,31,1.9716958960688478,True,100.0,0.995,120,True,1,1
19,31,20,1.9716958960688478,True,100.0,0.995,120,True,1,1
19,20,32,2.9331655279256723,True,100.0,0.995,120,True,1,1
19,32,20,2.9331655279256723,True,100.0,0.995,120,True,1,1
19,21,22,2.313944423911937,True,100.0,0.995,120,False,1,1
19,22,21,2.313944423911937,True,100.0,0.995,120,False,1,1
19,21,31,1.662727567545682,True,100.0,0.995,120,True,1,1
19,31,21,1.662727567545682,True,100.0,0.995,120,True,1,1
19,21,32,2.624282690273228,True,100.0,0.995,120,True,1,1
19,32,21,2.624282690273228,True,100.0,0.995,120,True,1,1
19,22,23,6.936889265164292,True,100.0,0.995,120,False,1,1
19,23,22,6.936889265164292,True,100.0,0.995,120,False,1,1
19,22,31,0.6590449498945322,True,100.0,0.995,120,True,1,1
19,31,22,0.6590449498945322,True,100.0,0.995,120,True,1,1
19,22,32,0.34129211718872277,True,100.0,0.995,120,True,1,1
19,32,22,0.34129211718872277,True,100.0,0.995,120,True,1,1
19,22,33,3.961731382561365,True,100.0,0.995,120,True,1,1
19,33,22,3.961731382561365,True,100.0,0.995,120,True,1,1
19,23,24,4.608036945904161,True,100.0,0.995,120,False,1,1
19,24,23,4.608036945904161,True,100.0,0.995,120,False,1,1
19,23,33,3.002064601355139,True,100.0,0.995,120,True,1,1
19,33,23,3.002064601355139,True,100.0,0.995,120,True,1,1
19,23,34,1.6358627016498584,True,100.0,0.995,120,True,1,1
19,34,23,1.6358627016498584,True,100.0,0.995,120,True,1,1
19,23,35,1.7019756652440727,True,100.0,0.995,120,True,1,1
19,35,23,1.7019756652440727,True,100.0,0.995,120,True,1,1
19,24,36,0.7481459658296588,True,100.0,0.995,120,True,1,1
19,36,24,0.7481459658296588,True,100.0,0.995,120,True,1,1
19,25,26,9.04305624183632,True,100.0,0.995,120,False,1,1
19,26,25,9.04305624183632,True,100.0,0.995,120,False,1,1
19,25,49,4.436927461040778,True,100.0,0.995,120,True,1,1
19,49,25,4.436927461040778,True,100.0,0.995,120,True,1,1
19,26,27,4.805185367767321,True,100.0,0.995,120,False,1,1
19,27,26,4.805185367767321,True,100.0,0.995,120,False,1,1
19,26,37,3.1694219115056343,True,100.0,0.995,120,True,1,1
19,37,26,3.1694219115056343,True,100.0,0.995,120,True,1,1
19,26,49,5.022620104958619,True,100.0,0.995,120,True,1,1
19,49,26,5.022620104958619,True,100.0,0.995,120,True,1,1
19,26,50,1.4104756158279683,True,100.0,0.995,120,True,1,1
19,50,26,1.4104756158279683,True,100.0,0.995,120,True,1,1
19,26,55,4.094224137392127,True,100.0,0.995,120,True,1,1
19,55,26,4.094224137392127,True,100.0,0.995,120,True,1,1
19,27,28,9.01976394508111,True,100.0,0.995,120,False,1,1
19,28,27,9.01976394508111,True,100.0,0.995,120,False,1,1
19,27,37,1.9332438069781723,True,100.0,0.995,120,True,1,1
19,37,27,1.9332438069781723,True,100.0,0.995,120,True,1,1
19,27,51,1.4902215527219211,True,100.0,0.995,120,True,1,1
19,51,27,1.4902215527219211,True,100.0,0.995,120,True,1,1
19,27,52,0.07478139107973596,True,100.0,0.995,120,True,1,1
19,52,27,0.07478139107973596,True,100.0,0.995,120,True,1,1
19,27,56,2.25360361609774,True,100.0,0.995,120,True,1,1
19,56,27,2.25360361609774,True,100.0,0.995,120,True,1,1
19,27,57,3.208631521275881,True,100.0,0.995,120,True,1,1
19,57,27,3.208631521275881,True,100.0,0.995,120,True,1,1
19,28,29,4.6116335328793125,True,100.0,0.995,120,False,1,1
19,29,28,4.6116335328793125,True,100.0,0.995,120,False,1,1
19,28,38,2.9691843153865465,True,100.0,0.995,120,True,1,1
19,38,28,2.9691843153865465,True,100.0,0.995,120,True,1,1
19,28,58,3.1653985187446687,True,100.0,0.995,120,True,1,1
19,58,28,3.1653985187446687,True,100.0,0.995,120,True,1,1
19,28,61,2.9538118030077025,True,100.0,0.995,120,True,1,1
19,61,28,2.9538118030077025,True,100.0,0.995,120,True,1,1
19,29,30,4.620578427812349,True,100.0,0.995,120,False,1,1
19,30,29,4.620578427812349,True,100.0,0.995,120,False,1,1
19,29,39,0.853944544364494,True,100.0,0.995,120,True,1,1
19,39,29,0.853944544364494,True,100.0,0.995,120,True,1,1
19,29,59,2.1123432362215717,True,100.0,0.995,120,True,1,1
19,59,29,2.1123432362215717,True,100.0,0.995,120,True,1,1
19,29,62,2.823939994856151,True,100.0,0.995,120,True,1,1
19,62,29,2.823939994856151,True,100.0,0.995,120,True,1,1
19,30,40,3.882235617574345,True,100.0,0.995,120,True,1,1
19,40,30,3.882235617574345,True,100.0,0.995,120,True,1,1
19,30,60,1.8386855300922944,True,100.0,0.995,120,True,1,1
19,60,30,1.8386855300922944,True,100.0,0.995,120,True,1,1
19,30,63,2.572734633338074,True,100.0,0.995,120,True,1,1
19,63,30,2.572734633338074,True,100.0,0.995,120,True,1,1
19,30,64,7.704237834312039,True,100.0,0.995,120,True,1,1
19,64,30,7.704237834312039,True,100.0,0.995,120,True,1,1
19,31,32,0.9617366575440973,True,100.0,0.995,120,False,1,1
19,32,31,0.9617366575440973,True,100.0,0.995,120,False,1,1
19,32,33,3.652701901447936,True,100.0,0.995,120,False,1,1
19,33,32,3.652701901447936,True,100.0,0.995,120,False,1,1
19,33,34,4.592038758845296,True,100.0,0.995,120,False,1,1
19,34,33,4.592038758845296,True,100.0,0.995,120,False,1,1
19,34,35,0.08085268236777168,True,100.0,0.995,120,False,1,1
19,35,34,0.08085268236777168,True,100.0,0.995,120,False,1,1
19,35,36,2.30699690176041,True,100.0,0.995,120,False,1,1
19,36,35,2.30699690176041,True,100.0,0.995,120,False,1,1
19,37,38,8.015211372195473,True,100.0,0.995,120,False,1,1
19,38,37,8.015211372195473,True,100.0,0.995,120,False,1,1
19,37,50,3.376468261853549,True,100.0,0.995,120,True,1,1
19,50,37,3.376468261853549,True,100.0,0.995,120,True,1,1
19,37,51,1.5573734299996114,True,100.0,0.995,120,True,1,1
19,51,37,1.5573734299996114,True,100.0,0.995,120,True,1,1
19,37,52,1.866040113355308,True,100.0,0.995,120,True,1,1
19,52,37,1.866040113355308,True,100.0,0.995,120,True,1,1
19,37,55,1.3785520265487556,True,100.0,0.995,120,True,1,1
19,55,37,1.3785520265487556,True,100.0,0.995,120,True,1,1
19,38,39,8.020714510759193,True,100.0,0.995,120,False,1,1
19,39,38,8.020714510759193,True,100.0,0.995,120,False,1,1
19,38,53,2.15103716741007,True,100.0,0.995,120,True,1,1
19,53,38,2.15103716741007,True,100.0,0.995,120,True,1,1
19,38,54,0.718233575767718,True,100.0,0.995,120,True,1,1
19,54,38,0.718233575767718,True,100.0,0.995,120,True,1,1
19,38,58,1.550952491981174,True,100.0,0.995,120,True,1,1
19,58,38,1.550952491981174,True,100.0,0.995,120,True,1,1
19,38,61,2.160019409275759,True,100.0,0.995,120,True,1,1
19,61,38,2.160019409275759,True,100.0,0.995,120,True,1,1
19,39,40,8.016939008374171,True,100.0,0.995,120,False,1,1
19,40,39,8.016939008374171,True,100.0,0.995,120,False,1,1
19,39,59,1.9450015740553492,True,100.0,0.995,120,True,1,1
19,59,39,1.9450015740553492,True,100.0,0.995,120,True,1,1
19,39,60,3.385767415255821,True,100.0,0.995,120,True,1,1
19,60,39,3.385767415255821,True,100.0,0.995,120,True,1,1
19,39,62,2.7194864147358215,True,100.0,0.995,120,True,1,1
19,62,39,2.7194864147358215,True,100.0,0.995,120,True,1,1
19,39,63,2.8980829147120826,True,100.0,0.995,120,True,1,1
19,63,39,2.8980829147120826,True,100.0,0.995,120,True,1,1
19,40,41,8.021226102351626,True,100.0,0.995,120,False,1,1
19,41,40,8.021226102351626,True,100.0,0.995,120,False,1,1
19,40,60,4.910604374023663,True,100.0,0.995,120,True,1,1
19,60,40,4.910604374023663,True,100.0,0.995,120,True,1,1
19,40,64,3.920803551708177,True,100.0,0.995,120,True,1,1
19,64,40,3.920803551708177,True,100.0,0.995,120,True,1,1
19,40,65,8.416548833456352,True,100.0,0.995,120,True,1,1
19,65,40,8.416548833456352,True,100.0,0.995,120,True,1,1
19,41,42,8.017583614686448,True,100.0,0.995,120,False,1,1
19,42,41,8.017583614686448,True,100.0,0.995,120,False,1,1
19,41,64,4.311689072967195,True,100.0,0.995,120,True,1,1
19,64,41,4.311689072967195,True,100.0,0.995,120,True,1,1
19,41,65,0.7537312522562026,True,100.0,0.995,120,True,1,1
19,65,41,0.7537312522562026,True,100.0,0.995,120,True,1,1
19,41,66,8.484529451690612,True,100.0,0.995,120,True,1,1
19,66,41,8.484529451690612,True,100.0,0.995,120,True,1,1
19,42,64,12.114195960987495,True,100.0,0.995,120,True,1,1
19,64,42,12.114195960987495,True,100.0,0.995,120,True,1,1
19,42,65,7.579184076228526,True,100.0,0.995,120,True,1,1
19,65,42,7.579184076228526,True,100.0,0.995,120,True,1,1
19,42,66,0.49917893704110894,True,100.0,0.995,120,True,1,1
19,66,42,0.49917893704110894,True,100.0,0.995,120,True,1,1
19,43,44,4.620188335129078,True,100.0,0.995,120,False,1,1
19,44,43,4.620188335129078,True,100.0,0.995,120,False,1,1
19,44,45,4.616553284586474,True,100.0,0.995,120,False,1,1
19,45,44,4.616553284586474,True,100.0,0.995,120,False,1,1
19,45,46,4.611055749396369,True,100.0,0.995,120,False,1,1
19,46,45,4.611055749396369,True,100.0,0.995,120,False,1,1
19,46,47,4.62949122911701,True,100.0,0.995,120,False,1,1
19,47,46,4.62949122911701,True,100.0,0.995,120,False,1,1
19,47,48,4.59899861668754,True,100.0,0.995,120,False,1,1
19,48,47,4.59899861668754,True,100.0,0.995,120,False,1,1
19,49,50,4.617059780239589,True,100.0,0.995,120,False,1,1
19,50,49,4.617059780239589,True,100.0,0.995,120,False,1,1
19,50,51,4.6371292573661105,True,100.0,0.995,120,False,1,1
19,51,50,4.6371292573661105,True,100.0,0.995,120,False,1,1
19,50,55,3.848075088395186,True,100.0,0.995,120,True,1,1
19,55,50,3.848075088395186,True,100.0,0.995,120,True,1,1
19,51,52,1.472601596226573,True,100.0,0.995,120,False,1,1
19,52,51,1.472601596226573,True,100.0,0.995,120,False,1,1
19,51,55,1.0340997368809492,True,100.0,0.995,120,True,1,1
19,55,51,1.0340997368809492,True,100.0,0.995,120,True,1,1
19,51,56,0.9678377073336305,True,100.0,0.995,120,True,1,1
19,56,51,0.9678377073336305,True,100.0,0.995,120,True,1,1
19,51,57,2.855436004196084,True,100.0,0.995,120,True,1,1
19,57,51,2.855436004196084,True,100.0,0.995,120,True,1,1
19,52,53,4.49761853133428,True,100.0,0.995,120,False,1,1
19,53,52,4.49761853133428,True,100.0,0.995,120,False,1,1
19,52,55,2.3322725182356114,True,100.0,0.995,120,True,1,1
19,55,52,2.3322725182356114,True,100.0,0.995,120,True,1,1
19,52,56,2.2594179682008475,True,100.0,0.995,120,True,1,1
19,56,52,2.2594179682008475,True,100.0,0.995,120,True,1,1
19,53,54,1.986144813074567,True,100.0,0.995,120,False,1,1
19,54,53,1.986144813074567,True,100.0,0.995,120,False,1,1
19,53,57,1.9553144143054342,True,100.0,0.995,120,True,1,1
19,57,53,1.9553144143054342,True,100.0,0.995,120,True,1,1
19,53,58,2.6628553816170095,True,100.0,0.995,120,True,1,1
19,58,53,2.6628553816170095,True,100.0,0.995,120,True,1,1
19,54,58,0.9757493593576578,True,100.0,0.995,120,True,1,1
19,58,54,0.9757493593576578,True,100.0,0.995,120,True,1,1
19,54,61,1.643790243881978,True,100.0,0.995,120,True,1,1
19,61,54,1.643790243881978,True,100.0,0.995,120,True,1,1
19,55,56,1.3857093181664644,True,100.0,0.995,120,False,1,1
19,56,55,1.3857093181664644,True,100.0,0.995,120,False,1,1
19,56,57,2.2798327470585558,True,100.0,0.995,120,False,1,1
19,57,56,2.2798327470585558,True,100.0,0.995,120,False,1,1
19,57,58,4.356051529301564,True,100.0,0.995,120,False,1,1
19,58,57,4.356051529301564,True,100.0,0.995,120,False,1,1
19,58,59,5.959293478719936,True,100.0,0.995,120,False,1,1
19,59,58,5.959293478719936,True,100.0,0.995,120,False,1,1
19,58,61,0.7659082277958779,True,100.0,0.995,120,True,1,1
19,61,58,0.7659082277958779,True,100.0,0.995,120,True,1,1
19,59,60,4.677184349835389,True,100.0,0.995,120,False,1,1
19,60,59,4.677184349835389,True,100.0,0.995,120,False,1,1
19,59,62,0.7781092574856816,True,100.0,0.995,120,True,1,1
19,62,59,0.7781092574856816,True,100.0,0.995,120,True,1,1
19,60,63,0.8091646875252599,True,100.0,0.995,120,True,1,1
19,63,60,0.8091646875252599,True,100.0,0.995,120,True,1,1
19,61,62,4.621753628753776,True,100.0,0.995,120,False,1,1
19,62,61,4.621753628753776,True,100.0,0.995,120,False,1,1
19,62,63,4.615145012432776,True,100.0,0.995,120,False,1,1
19,63,62,4.615145012432776,True,100.0,0.995,120,False,1,1
19,63,64,9.203472257236001,True,100.0,0.995,120,False,1,1
19,64,63,9.203472257236001,True,100.0,0.995,120,False,1,1
19,64,65,4.613347975043726,True,100.0,0.995,120,False,1,1
19,65,64,4.613347975043726,True,100.0,0.995,120,False,1,1
19,65,66,8.046244324543126,True,100.0,0.995,120,False,1,1
19,66,65,8.046244324543126,True,100.0,0.995,120,False,1,1
20,1,2,4.6071522177560755,True,100.0,0.995,120,False,1,1
20,2,1,4.6071522177560755,True,100.0,0.995,120,False,1,1
20,1,43,11.042550674117598,True,100.0,0.995,120,True,1,1
20,43,1,11.042550674117598,True,100.0,0.995,120,True,1,1
20,1,44,6.613115520862112,True,100.0,0.995,120,True,1,1
20,44,1,6.613115520862112,True,100.0,0.995,120,True,1,1
20,1,45,2.5397491974891278,True,100.0,0.995,120,True,1,1
20,45,1,2.5397491974891278,True,100.0,0.995,120,True,1,1
20,1,46,3.3932375623326867,True,100.0,0.995,120,True,1,1
20,46,1,3.3932375623326867,True,100.0,0.995,120,True,1,1
20,2,3,4.6370191327351105,True,100.0,0.995,120,False,1,1
20,3,2,4.6370191327351105,True,100.0,0.995,120,False,1,1
20,2,44,10.97394546707648,True,100.0,0.995,120,True,1,1
20,44,2,10.97394546707648,True,100.0,0.995,120,True,1,1
20,2,45,6.5061338336539825,True,100.0,0.995,120,True,1,1
20,45,2,6.5061338336539825,True,100.0,0.995,120,True,1,1
20,2,46,2.271835928430743,True,100.0,0.995,120,True,1,1
20,46,2,2.271835928430743,True,100.0,0.995,120,True,1,1
20,2,47,3.226671674365059,True,100.0,0.995,120,True,1,1
20,47,2,3.226671674365059,True,100.0,0.995,120,True,1,1
20,3,4,2.948199890676778,True,100.0,0.995,120,False,1,1
20,4,3,2.948199890676778,True,100.0,0.995,120,False,1,1
20,3,19,3.737829246986692,True,100.0,0.995,120,True,1,1
20,19,3,3.737829246986692,True,100.0,0.995,120,True,1,1
20,3,45,10.93689973338949,True,100.0,0.995,120,True,1,1
20,45,3,10.93689973338949,True,100.0,0.995,120,True,1,1
20,3,46,6.439359738339031,True,100.0,0.995,120,True,1,1
20,46,3,6.439359738339031,True,100.0,0.995,120,True,1,1
20,3,47,2.019164085300572,True,100.0,0.995,120,True,1,1
20,47,3,2.019164085300572,True,100.0,0.995,120,True,1,1
20,3,48,3.0353358018951777,True,100.0,0.995,120,True,1,1
20,48,3,3.0353358018951777,True,100.0,0.995,120,True,1,1
20,4,5,1.6548248277829245,True,100.0,0.995,120,False,1,1
20,5,4,1.6548248277829245,True,100.0,0.995,120,False,1,1
20,4,19,0.8176304771968254,True,100.0,0.995,120,True,1,1
20,19,4,0.8176304771968254,True,100.0,0.995,120,True,1,1
20,4,47,4.738914095482452,True,100.0,0.995,120,True,1,1
20,47,4,4.738914095482452,True,100.0,0.995,120,True,1,1
20,4,48,0.7657473740812112,True,100.0,0.995,120,True,1,1
20,48,4,0.7657473740812112,True,100.0,0.995,120,True,1,1
20,5,6,4.623996562079876,True,100.0,0.995,120,False,1,1
20,6,5,4.623996562079876,True,100.0,0.995,120,False,1,1
20,5,19,0.8769121721351731,True,100.0,0.995,120,True,1,1
20,19,5,0.8769121721351731,True,100.0,0.995,120,True,1,1
20,5,20,5.740719836055577,True,100.0,0.995,120,True,1,1
20,20,5,5.740719836055577,True,100.0,0.995,120,True,1,1
20,5,48,1.7856500167735891,True,100.0,0.995,120,True,1,1
20,48,5,1.7856500167735891,True,100.0,0.995,120,True,1,1
20,6,20,1.1240976181103837,True,100.0,0.995,120,True,1,1
20,20,6,1.1240976181103837,True,100.0,0.995,120,True,1,1
20,6,21,1.436249524765066,True,100.0,0.995,120,True,1,1
20,21,6,1.436249524765066,True,100.0,0.995,120,True,1,1
20,6,22,3.744603404078116,True,100.0,0.995,120,True,1,1
20,22,6,3.744603404078116,True,100.0,0.995,120,True,1,1
20,6,31,3.093633842005588,True,100.0,0.995,120,True,1,1
20,31,6,3.093633842005588,True,100.0,0.995,120,True,1,1
20,7,8,4.621876715271638,True,100.0,0.995,120,False,1,1
20,8,7,4.621876715271638,True,100.0,0.995,120,False,1,1
20,7,42,13.983966990497157,True,100.0,0.995,120,True,1,1
20,42,7,13.983966990497157,True,100.0,0.995,120,True,1,1
20,7,66,13.508137845096202,True,100.0,0.995,120,True,1,1
20,66,7,13.508137845096202,True,100.0,0.995,120,True,1,1
20,8,9,3.3669560991250003,True,100.0,0.995,120,False,1,1
20,9,8,3.3669560991250003,True,100.0,0.995,120,False,1,1
20,9,10,5.857807691269073,True,100.0,0.995,120,False,1,1
20,10,9,5.857807691269073,True,100.0,0.995,120,False,1,1
20,10,11,4.589541817760034,True,100.0,0.995,120,False,1,1
20,11,10,4.589541817760034,True,100.0,0.995,120,False,1,1
20,10,43,12.275074717199326,True,100.0,0.995,120,True,1,1
20,43,10,12.275074717199326,True,100.0,0.995,120,True,1,1
20,11,12,4.644982316632858,True,100.0,0.995,120,False,1,1
20,12,11,4.644982316632858,True,100.0,0.995,120,False,1,1
20,11,43,7.964058992737624,True,100.0,0.995,120,True,1,1
20,43,11,7.964058992737624,True,100.0,0.995,120,True,1,1
20,11,44,12.317140867880982,True,100.0,0.995,120,True,1,1
20,44,11,12.317140867880982,True,100.0,0.995,120,True,1,1
20,12,43,3.771809179232094,True,100.0,0.995,120,True,1,1
20,43,12,3.771809179232094,True,100.0,0.995,120,True,1,1
20,12,44,7.87415433715684,True,100.0,0.995,120,True,1,1
20,44,12,7.87415433715684,True,100.0,0.995,120,True,1,1
20,12,45,12.241672760197526,True,100.0,0.995,120,True,1,1
20,45,12,12.241672760197526,True,100.0,0.995,120,True,1,1
20,13,14,0.10919999309799991,True,100.0,0.995,120,False,1,1
20,14,13,0.10919999309799991,True,100.0,0.995,120,False,1,1
20,13,23,2.36031754533799,True,100.0,0.995,120,True,1,1
20,23,13,2.36031754533799,True,100.0,0.995,120,True,1,1
20,13,24,2.257192006643273,True,100.0,0.995,120,True,1,1
20,24,13,2.257192006643273,True,100.0,0.995,120,True,1,1
20,13,33,5.350251630460961,True,100.0,0.995,120,True,1,1
20,33,13,5.350251630460961,True,100.0,0.995,120,True,1,1
20,13,34,0.8681909857649346,True,100.0,0.995,120,True,1,1
20,34,13,0.8681909857649346,True,100.0,0.995,120,True,1,1
20,13,35,0.8295164974437589,True,100.0,0.995,120,True,1,1
20,35,13,0.8295164974437589,True,100.0,0.995,120,True,1,1
20,13,36,1.6860213085247902,True,100.0,0.995,120,True,1,1
20,36,13,1.6860213085247902,True,100.0,0.995,120,True,1,1
20,14,15,4.5511547135566275,True,100.0,0.995,120,False,1,1
20,15,14,4.5511547135566275,True,100.0,0.995,120,False,1,1
20,14,24,2.2097670121806714,True,100.0,0.995,120,True,1,1
20,24,14,2.2097670121806714,True,100.0,0.995,120,True,1,1
20,14,34,0.8679877081272666,True,100.0,0.995,120,True,1,1
20,34,14,0.8679877081272666,True,100.0,0.995,120,True,1,1
20,14,35,0.8206835534707414,True,100.0,0.995,120,True,1,1
20,35,14,0.8206835534707414,True,100.0,0.995,120,True,1,1
20,14,36,1.6184497523046415,True,100.0,0.995,120,True,1,1
20,36,14,1.6184497523046415,True,100.0,0.995,120,True,1,1
20,15,16,1.4323166899338187,True,100.0,0.995,120,False,1,1
20,16,15,1.4323166899338187,True,100.0,0.995,120,False,1,1
20,15,24,2.3499578032158537,True,100.0,0.995,120,True,1,1
20,24,15,2.3499578032158537,True,100.0,0.995,120,True,1,1
20,15,25,4.114883076909589,True,100.0,0.995,120,True,1,1
20,25,15,4.114883076909589,True,100.0,0.995,120,True,1,1
20,15,36,3.0243532997347033,True,100.0,0.995,120,True,1,1
20,36,15,3.0243532997347033,True,100.0,0.995,120,True,1,1
20,16,17,0.8850299948844974,True,100.0,0.995,120,False,1,1
20,17,16,0.8850299948844974,True,100.0,0.995,120,False,1,1
20,16,24,3.7740872058108064,True,100.0,0.995,120,True,1,1
20,24,16,3.7740872058108064,True,100.0,0.995,120,True,1,1
20,16,25,2.6950385529228202,True,100.0,0.995,120,True,1,1
20,25,16,2.6950385529228202,True,100.0,0.995,120,True,1,1
20,16,36,4.428638957469875,True,100.0,0.995,120,True,1,1
20,36,16,4.428638957469875,True,100.0,0.995,120,True,1,1
20,17,18,4.598279881387404,True,100.0,0.995,120,False,1,1
20,18,17,4.598279881387404,True,100.0,0.995,120,False,1,1
20,17,24,4.65501095716683,True,100.0,0.995,120,True,1,1
20,24,17,4.65501095716683,True,100.0,0.995,120,True,1,1
20,17,25,1.8663452065137496,True,100.0,0.995,120,True,1,1
20,25,17,1.8663452065137496,True,100.0,0.995,120,True,1,1
20,17,36,5.3118608931922235,True,100.0,0.995,120,True,1,1
20,36,17,5.3118608931922235,True,100.0,0.995,120,True,1,1
20,18,25,2.861428627492955,True,100.0,0.995,120,True,1,1
20,25,18,2.861428627492955,True,100.0,0.995,120,True,1,1
20,18,26,6.314765793682539,True,100.0,0.995,120,True,1,1
20,26,18,6.314765793682539,True,100.0,0.995,120,True,1,1
20,18,49,2.3527874509265865,True,100.0,0.995,120,True,1,1
20,49,18,2.3527874509265865,True,100.0,0.995,120,True,1,1
20,19,20,6.604902290775949,True,100.0,0.995,120,False,1,1
20,20,19,6.604902290775949,True,100.0,0.995,120,False,1,1
20,19,48,0.9588545497324372,True,100.0,0.995,120,True,1,1
20,48,19,0.9588545497324372,True,100.0,0.995,120,True,1,1
20,20,21,0.31278279353927313,True,100.0,0.995,120,False,1,1
20,21,20,0.31278279353927313,True,100.0,0.995,120,False,1,1
20,20,31,1.9720183068698707,True,100.0,0.995,120,True,1,1
20,31,20,1.9720183068698707,True,100.0,0.995,120,True,1,1
20,20,32,2.9328157655395692,True,100.0,0.995,120,True,1,1
20,32,20,2.9328157655395692,True,100.0,0.995,120,True,1,1
20,21,22,2.313965214827568,True,100.0,0.995,120,False,1,1
20,22,21,2.313965214827568,True,100.0,0.995,120,False,1,1
20,21,31,1.6636742620958336,True,100.0,0.995,120,True,1,1
20,31,21,1.6636742620958336,True,100.0,0.995,120,True,1,1
20,21,32,2.6245595651060687,True,100.0,0.995,120,True,1,1
20,32,21,2.6245595651060687,True,100.0,0.995,120,True,1,1
20,22,23,6.9369574378663446,True,100.0,0.995,120,False,1,1
20,23,22,6.9369574378663446,True,100.0,0.995,120,False,1,1
20,22,31,0.6594511058122061,True,100.0,0.995,120,True,1,1
20,31,22,0.6594511058122061,True,100.0,0.995,120,True,1,1
20,22,32,0.34546371938289233,True,100.0,0.995,120,True,1,1
20,32,22,0.34546371938289233,True,100.0,0.995,120,True,1,1
20,22,33,3.962734215342455,True,100.0,0.995,120,True,1,1
20,33,22,3.962734215342455,True,100.0,0.995,120,True,1,1
20,23,24,4.6080667458276094,True,100.0,0.995,120,False,1,1
20,24,23,4.6080667458276094,True,100.0,0.995,120,False,1,1
20,23,33,3.0019743881140624,True,100.0,0.995,120,True,1,1
20,33,23,3.0019743881140624,True,100.0,0.995,120,True,1,1
20,23,34,1.6370168429504535,True,100.0,0.995,120,True,1,1
20,34,23,1.6370168429504535,True,100.0,0.995,120,True,1,1
20,23,35,1.7039754189946048,True,100.0,0.995,120,True,1,1
20,35,23,1.7039754189946048,True,100.0,0.995,120,True,1,1
20,24,36,0.7511906446946656,True,100.0,0.995,120,True,1,1
20,36,24,0.7511906446946656,True,100.0,0.995,120,True,1,1
20,25,26,9.041820342090404,True,100.0,0.995,120,False,1,1
20,26,25,9.041820342090404,True,100.0,0.995,120,False,1,1
20,25,49,4.437959194977056,True,100.0,0.995,120,True,1,1
20,49,25,4.437959194977056,True,100.0,0.995,120,True,1,1
20,26,27,4.804980666509696,True,100.0,0.995,120,False,1,1
20,27,26,4.804980666509696,True,100.0,0.995,120,False,1,1
20,26,37,3.165675040039675,True,100.0,0.995,120,True,1,1
20,37,26,3.165675040039675,True,100.0,0.995,120,True,1,1
20,26,49,5.024200897261813,True,100.0,0.995,120,True,1,1
20,49,26,5.024200897261813,True,100.0,0.995,120,True,1,1
20,26,50,1.414511080478379,True,100.0,0.995,120,True,1,1
20,50,26,1.414511080478379,True,100.0,0.995,120,True,1,1
20,26,55,4.094398642100939,True,100.0,0.995,120,True,1,1
20,55,26,4.094398642100939,True,100.0,0.995,120,True,1,1
20,27,28,9.02012917956099,True,100.0,0.995,120,False,1,1
20,28,27,9.02012917956099,True,100.0,0.995,120,False,1,1
20,27,37,1.9371217647304009,True,100.0,0.995,120,True,1,1
20,37,27,1.9371217647304009,True,100.0,0.995,120,True,1,1
20,27,51,1.4908980534162208,True,100.0,0.995,120,True,1,1
20,51,27,1.4908980534162208,True,100.0,0.995,120,True,1,1
20,27,52,0.07466259443852413,True,100.0,0.995,120,True,1,1
20,52,27,0.07466259443852413,True,100.0,0.995,120,True,1,1
20,27,56,2.2547032244862346,True,100.0,0.995,120,True,1,1
20,56,27,2.2547032244862346,True,100.0,0.995,120,True,1,1
20,27,57,3.209877996519826,True,100.0,0.995,120,True,1,1
20,57,27,3.209877996519826,True,100.0,0.995,120,True,1,1
20,28,29,4.6116366320206925,True,100.0,0.995,120,False,1,1
20,29,28,4.6116366320206925,True,100.0,0.995,120,False,1,1
20,28,38,2.9727968898086425,True,100.0,0.995,120,True,1,1
20,38,28,2.9727968898086425,True,100.0,0.995,120,True,1,1
20,28,58,3.162979983026382,True,100.0,0.995,120,True,1,1
20,58,28,3.162979983026382,True,100.0,0.995,120,True,1,1
20,28,61,2.946948044760806,True,100.0,0.995,120,True,1,1
20,61,28,2.946948044760806,True,100.0,0.995,120,True,1,1
20,29,30,4.620623577101879,True,100.0,0.995,120,False,1,1
20,30,29,4.620623577101879,True,100.0,0.995,120,False,1,1
20,29,39,0.8479072778141055,True,100.0,0.995,120,True,1,1
20,39,29,0.8479072778141055,True,100.0,0.995,120,True,1,1
20,29,59,2.1018797256297543,True,100.0,0.995,120,True,1,1
20,59,29,2.1018797256297543,True,100.0,0.995,120,True,1,1
20,29,62,2.8127239317016586,True,100.0,0.995,120,True,1,1
20,62,29,2.8127239317016586,True,100.0,0.995,120,True,1,1
20,30,40,3.877251826801007,True,100.0,0.995,120,True,1,1
20,40,30,3.877251826801007,True,100.0,0.995,120,True,1,1
20,30,60,1.8254355441885244,True,100.0,0.995,120,True,1,1
20,60,30,1.8254355441885244,True,100.0,0.995,120,True,1,1
20,30,63,2.558806517141802,True,100.0,0.995,120,True,1,1
20,63,30,2.558806517141802,True,100.0,0.995,120,True,1,1
20,30,64,7.6993891011843925,True,100.0,0.995,120,True,1,1
20,64,30,7.6993891011843925,True,100.0,0.995,120,True,1,1
20,31,32,0.9610518693797915,True,100.0,0.995,120,False,1,1
20,32,31,0.9610518693797915,True,100.0,0.995,120,False,1,1
20,32,33,3.653608120965904,True,100.0,0.995,120,False,1,1
20,33,32,3.653608120965904,True,100.0,0.995,120,False,1,1
20,33,34,4.59135167477367,True,100.0,0.995,120,False,1,1
20,34,33,4.59135167477367,True,100.0,0.995,120,False,1,1
20,34,35,0.08157846716907202,True,100.0,0.995,120,False,1,1
20,35,34,0.08157846716907202,True,100.0,0.995,120,False,1,1
20,35,36,2.3063454528995706,True,100.0,0.995,120,False,1,1
20,36,35,2.3063454528995706,True,100.0,0.995,120,False,1,1
20,37,38,8.015296458680524,True,100.0,0.995,120,False,1,1
20,38,37,8.015296458680524,True,100.0,0.995,120,False,1,1
20,37,50,3.37267500464645,True,100.0,0.995,120,True,1,1
20,50,37,3.37267500464645,True,100.0,0.995,120,True,1,1
20,37,51,1.5615042392236802,True,100.0,0.995,120,True,1,1
20,51,37,1.5615042392236802,True,100.0,0.995,120,True,1,1
20,37,52,1.8700069791738445,True,100.0,0.995,120,True,1,1
20,52,37,1.8700069791738445,True,100.0,0.995,120,True,1,1
20,37,55,1.3810209060145715,True,100.0,0.995,120,True,1,1
20,55,37,1.3810209060145715,True,100.0,0.995,120,True,1,1
20,38,39,8.02075264940751,True,100.0,0.995,120,False,1,1
20,39,38,8.02075264940751,True,100.0,0.995,120,False,1,1
20,38,53,2.1466363693254316,True,100.0,0.995,120,True,1,1
20,53,38,2.1466363693254316,True,100.0,0.995,120,True,1,1
20,38,54,0.7165370763377017,True,100.0,0.995,120,True,1,1
20,54,38,0.7165370763377017,True,100.0,0.995,120,True,1,1
20,38,58,1.5480165891902555,True,100.0,0.995,120,True,1,1
20,58,38,1.5480165891902555,True,100.0,0.995,120,True,1,1
20,38,61,2.158546506013104,True,100.0,0.995,120,True,1,1
20,61,38,2.158546506013104,True,100.0,0.995,120,True,1,1
20,39,40,8.016955073007798,True,100.0,0.995,120,False,1,1
20,40,39,8.016955073007798,True,100.0,0.995,120,False,1,1
20,39,59,1.9370514459005221,True,100.0,0.995,120,True,1,1
20,59,39,1.9370514459005221,True,100.0,0.995,120,True,1,1
20,39,60,3.3868818767342086,True,100.0,0.995,120,True,1,1
20,60,39,3.3868818767342086,True,100.0,0.995,120,True,1,1
20,39,62,2.710340918021327,True,100.0,0.995,120,True,1,1
20,62,39,2.710340918021327,True,100.0,0.995,120,True,1,1
20,39,63,2.8957713041710766,True,100.0,0.995,120,True,1,1
20,63,39,2.8957713041710766,True,100.0,0.995,120,True,1,1
20,40,41,8.021211308779872,True,100.0,0.995,120,False,1,1
20,41,40,8.021211308779872,True,100.0,0.995,120,False,1,1
20,40,60,4.904334031474811,True,100.0,0.995,120,True,1,1
20,60,40,4.904334031474811,True,100.0,0.995,120,True,1,1
20,40,64,3.9201527625454258,True,100.0,0.995,120,True,1,1
20,64,40,3.9201527625454258,True,100.0,0.995,120,True,1,1
20,40,65,8.418769069170015,True,100.0,0.995,120,True,1,1
20,65,40,8.418769069170015,True,100.0,0.995,120,True,1,1
20,41,42,8.017631942517525,True,100.0,0.995,120,False,1,1
20,42,41,8.017631942517525,True,100.0,0.995,120,False,1,1
20,41,64,4.304176713778166,True,100.0,0.995,120,True,1,1
20,64,41,4.304176713778166,True,100.0,0.995,120,True,1,1
20,41,65,0.7409824407304958,True,100.0,0.995,120,True,1,1
20,65,41,0.7409824407304958,True,100.0,0.995,120,True,1,1
20,41,66,8.485385441339751,True,100.0,0.995,120,True,1,1
20,66,41,8.485385441339751,True,100.0,0.995,120,True,1,1
20,42,64,12.109393097287477,True,100.0,0.995,120,True,1,1
20,64,42,12.109393097287477,True,100.0,0.995,120,True,1,1
20,42,65,7.574343095923776,True,100.0,0.995,120,True,1,1
20,65,42,7.574343095923776,True,100.0,0.995,120,True,1,1
20,42,66,0.5027370111656722,True,100.0,0.995,120,True,1,1
20,66,42,0.5027370111656722,True,100.0,0.995,120,True,1,1
20,43,44,4.620097112030175,True,100.0,0.995,120,False,1,1
20,44,43,4.620097112030175,True,100.0,0.995,120,False,1,1
20,44,45,4.616506732787044,True,100.0,0.995,120,False,1,1
20,45,44,4.616506732787044,True,100.0,0.995,120,False,1,1
20,45,46,4.610970681792946,True,100.0,0.995,120,False,1,1
20,46,45,4.610970681792946,True,100.0,0.995,120,False,1,1
20,46,47,4.6294519604143485,True,100.0,0.995,120,False,1,1
20,47,46,4.6294519604143485,True,100.0,0.995,120,False,1,1
20,47,48,4.598941116437518,True,100.0,0.995,120,False,1,1
20,48,47,4.598941116437518,True,100.0,0.995,120,False,1,1
20,49,50,4.617109074132805,True,100.0,0.995,120,False,1,1
20,50,49,4.617109074132805,True,100.0,0.995,120,False,1,1
20,50,51,4.637224153585921,True,100.0,0.995,120,False,1,1
20,51,50,4.637224153585921,True,100.0,0.995,120,False,1,1
20,50,55,3.8462280707741328,True,100.0,0.995,120,True,1,1
20,55,50,3.8462280707741328,True,100.0,0.995,120,True,1,1
20,51,52,1.473355951117928,True,100.0,0.995,120,False,1,1
20,52,51,1.473355951117928,True,100.0,0.995,120,False,1,1
20,51,55,1.0362654298623146,True,100.0,0.995,120,True,1,1
20,55,51,1.0362654298623146,True,100.0,0.995,120,True,1,1
20,51,56,0.9667845601810875,True,100.0,0.995,120,True,1,1
20,56,51,0.9667845601810875,True,100.0,0.995,120,True,1,1
20,51,57,2.8570125060913227,True,100.0,0.995,120,True,1,1
20,57,51,2.8570125060913227,True,100.0,0.995,120,True,1,1
20,52,53,4.49754626426869,True,100.0,0.995,120,False,1,1
20,53,52,4.49754626426869,True,100.0,0.995,120,False,1,1
20,52,55,2.334788666050703,True,100.0,0.995,120,True,1,1
20,55,52,2.334788666050703,True,100.0,0.995,120,True,1,1
20,52,56,2.2604539963646655,True,100.0,0.995,120,True,1,1
20,56,52,2.2604539963646655,True,100.0,0.995,120,True,1,1
20,53,54,1.986337121914208,True,100.0,0.995,120,False,1,1
20,54,53,1.986337121914208,True,100.0,0.995,120,False,1,1
20,53,57,1.953504138823701,True,100.0,0.995,120,True,1,1
20,57,53,1.953504138823701,True,100.0,0.995,120,True,1,1
20,53,58,2.6595922557314116,True,100.0,0.995,120,True,1,1
20,58,53,2.6595922557314116,True,100.0,0.995,120,True,1,1
20,54,58,0.9725026530625948,True,100.0,0.995,120,True,1,1
20,58,54,0.9725026530625948,True,100.0,0.995,120,True,1,1
20,54,61,1.641794620169614,True,100.0,0.995,120,True,1,1
20,61,54,1.641794620169614,True,100.0,0.995,120,True,1,1
20,55,56,1.3848047542103283,True,100.0,0.995,120,False,1,1
20,56,55,1.3848047542103283,True,100.0,0.995,120,False,1,1
20,56,57,2.2845510520535766,True,100.0,0.995,120,False,1,1
20,57,56,2.2845510520535766,True,100.0,0.995,120,False,1,1
20,57,58,4.351481152667815,True,100.0,0.995,120,False,1,1
20,58,57,4.351481152667815,True,100.0,0.995,120,False,1,1
20,58,59,5.962276602486836,True,100.0,0.995,120,False,1,1
20,59,58,5.962276602486836,True,100.0,0.995,120,False,1,1
20,58,61,0.7681330281317008,True,100.0,0.995,120,True,1,1
20,61,58,0.7681330281317008,True,100.0,0.995,120,True,1,1
20,59,60,4.677207431109469,True,100.0,0.995,120,False,1,1
20,60,59,4.677207431109469,True,100.0,0.995,120,False,1,1
20,59,62,0.7769493889268786,True,100.0,0.995,120,True,1,1
20,62,59,0.7769493889268786,True,100.0,0.995,120,True,1,1
20,60,63,0.8077812422693671,True,100.0,0.995,120,True,1,1
20,63,60,0.8077812422693671,True,100.0,0.995,120,True,1,1
20,61,62,4.621768478510792,True,100.0,0.995,120,False,1,1
20,62,61,4.621768478510792,True,100.0,0.995,120,False,1,1
20,62,63,4.615176925073014,True,100.0,0.995,120,False,1,1
20,63,62,4.615176925073014,True,100.0,0.995,120,False,1,1
20,63,64,9.203457693456988,True,100.0,0.995,120,False,1,1
20,64,63,9.203457693456988,True,100.0,0.995,120,False,1,1
20,64,65,4.613349622345214,True,100.0,0.995,120,False,1,1
20,65,64,4.613349622345214,True,100.0,0.995,120,False,1,1
20,65,66,8.043314122013781,True,100.0,0.995,120,False,1,1
20,66,65,8.043314122013781,True,100.0,0.995,120,False,1,1
21,1,2,4.607077409624978,True,100.0,0.995,120,False,1,1
21,2,1,4.607077409624978,True,100.0,0.995,120,False,1,1
21,1,43,11.039522013078283,True,100.0,0.995,120,True,1,1
21,43,1,11.039522013078283,True,100.0,0.995,120,True,1,1
21,1,44,6.607863731138077,True,100.0,0.995,120,True,1,1
21,44,1,6.607863731138077,True,100.0,0.995,120,True,1,1
21,1,45,2.525732209551505,True,100.0,0.995,120,True,1,1
21,45,1,2.525732209551505,True,100.0,0.995,120,True,1,1
21,1,46,3.382766868357895,True,100.0,0.995,120,True,1,1
21,46,1,3.382766868357895,True,100.0,0.995,120,True,1,1
21,2,3,4.6369677139471985,True,100.0,0.995,120,False,1,1
21,3,2,4.6369677139471985,True,100.0,0.995,120,False,1,1
21,2,44,10.970505590524931,True,100.0,0.995,120,True,1,1
21,44,2,10.970505590524931,True,100.0,0.995,120,True,1,1
21,2,45,6.5005083575906415,True,100.0,0.995,120,True,1,1
21,45,2,6.5005083575906415,True,100.0,0.995,120,True,1,1
21,2,46,2.2566537379439735,True,100.0,0.995,120,True,1,1
21,46,2,2.2566537379439735,True,100.0,0.995,120,True,1,1
21,2,47,3.216935480513259,True,100.0,0.995,120,True,1,1
21,47,2,3.216935480513259,True,100.0,0.995,120,True,1,1
21,3,4,2.947386695788812,True,100.0,0.995,120,False,1,1
21,4,3,2.947386695788812,True,100.0,0.995,120,False,1,1
21,3,19,3.73670435650311,True,100.0,0.995,120,True,1,1
21,19,3,3.73670435650311,True,100.0,0.995,120,True,1,1
21,3,45,10.933445176467776,True,100.0,0.995,120,True,1,1
21,45,3,10.933445176467776,True,100.0,0.995,120,True,1,1
21,3,46,6.434155114995108,True,100.0,0.995,120,True,1,1
21,46,3,6.434155114995108,True,100.0,0.995,120,True,1,1
21,3,47,2.0049326272882646,True,100.0,0.995,120,True,1,1
21,47,3,2.0049326272882646,True,100.0,0.995,120,True,1,1
21,3,48,3.0277496188372788,True,100.0,0.995,120,True,1,1
21,48,3,3.0277496188372788,True,100.0,0.995,120,True,1,1
21,4,5,1.6554535433736624,True,100.0,0.995,120,False,1,1
21,5,4,1.6554535433736624,True,100.0,0.995,120,False,1,1
21,4,19,0.8149341880459714,True,100.0,0.995,120,True,1,1
21,19,4,0.8149341880459714,True,100.0,0.995,120,True,1,1
21,4,47,4.731782295759367,True,100.0,0.995,120,True,1,1
21,47,4,4.731782295759367,True,100.0,0.995,120,True,1,1
21,4,48,0.7355340616515984,True,100.0,0.995,120,True,1,1
21,48,4,0.7355340616515984,True,100.0,0.995,120,True,1,1
21,5,6,4.623980604215944,True,100.0,0.995,120,False,1,1
21,6,5,4.623980604215944,True,100.0,0.995,120,False,1,1
21,5,19,0.876507308922627,True,100.0,0.995,120,True,1,1
21,19,5,0.876507308922627,True,100.0,0.995,120,True,1,1
21,5,20,5.740532186187584,True,100.0,0.995,120,True,1,1
21,20,5,5.740532186187584,True,100.0,0.995,120,True,1,1
21,5,48,1.776500705567155,True,100.0,0.995,120,True,1,1
21,48,5,1.776500705567155,True,100.0,0.995,120,True,1,1
21,6,20,1.1242513467783817,True,100.0,0.995,120,True,1,1
21,20,6,1.1242513467783817,True,100.0,0.995,120,True,1,1
21,6,21,1.435803242450815,True,100.0,0.995,120,True,1,1
21,21,6,1.435803242450815,True,100.0,0.995,120,True,1,1
21,6,22,3.744092820596539,True,100.0,0.995,120,True,1,1
21,22,6,3.744092820596539,True,100.0,0.995,120,True,1,1
21,6,31,3.0942018865837846,True,100.0,0.995,120,True,1,1
21,31,6,3.0942018865837846,True,100.0,0.995,120,True,1,1
21,7,8,4.6218653132508525,True,100.0,0.995,120,False,1,1
21,8,7,4.6218653132508525,True,100.0,0.995,120,False,1,1
21,7,42,13.989188384838087,True,100.0,0.995,120,True,1,1
21,42,7,13.989188384838087,True,100.0,0.995,120,True,1,1
21,7,66,13.514751236978674,True,100.0,0.995,120,True,1,1
21,66,7,13.514751236978674,True,100.0,0.995,120,True,1,1
21,8,9,3.366558278655569,True,100.0,0.995,120,False,1,1
21,9,8,3.366558278655569,True,100.0,0.995,120,False,1,1
21,9,10,5.85816848241735,True,100.0,0.995,120,False,1,1
21,10,9,5.85816848241735,True,100.0,0.995,120,False,1,1
21,10,11,4.589507729246141,True,100.0,0.995,120,False,1,1
21,11,10,4.589507729246141,True,100.0,0.995,120,False,1,1
21,10,43,12.274946596601,True,100.0,0.995,120,True,1,1
21,43,10,12.274946596601,True,100.0,0.995,120,True,1,1
21,11,12,4.64495591704685,True,100.0,0.995,120,False,1,1
21,12,11,4.64495591704685,True,100.0,0.995,120,False,1,1
21,11,43,7.96300711093052,True,100.0,0.995,120,True,1,1
21,43,11,7.96300711093052,True,100.0,0.995,120,True,1,1
21,11,44,12.315821780176082,True,100.0,0.995,120,True,1,1
21,44,11,12.315821780176082,True,100.0,0.995,120,True,1,1
21,12,43,3.768223963497158,True,100.0,0.995,120,True,1,1
21,43,12,3.768223963497158,True,100.0,0.995,120,True,1,1
21,12,44,7.87165234077886,True,100.0,0.995,120,True,1,1
21,44,12,7.87165234077886,True,100.0,0.995,120,True,1,1
21,12,45,12.239607933925244,True,100.0,0.995,120,True,1,1
21,45,12,12.239607933925244,True,100.0,0.995,120,True,1,1
21,13,14,0.11073235263257276,True,100.0,0.995,120,False,1,1
21,14,13,0.11073235263257276,True,100.0,0.995,120,False,1,1
21,13,23,2.360390925555114,True,100.0,0.995,120,True,1,1
21,23,13,2.360390925555114,True,100.0,0.995,120,True,1,1
21,13,24,2.2572682379187046,True,100.0,0.995,120,True,1,1
21,24,13,2.2572682379187046,True,100.0,0.995,120,True,1,1
21,13,33,5.35017326395524,True,100.0,0.995,120,True,1,1
21,33,13,5.35017326395524,True,100.0,0.995,120,True,1,1
21,13,34,0.8720278098112526,True,100.0,0.995,120,True,1,1
21,34,13,0.8720278098112526,True,100.0,0.995,120,True,1,1
21,13,35,0.8334905688565738,True,100.0,0.995,120,True,1,1
21,35,13,0.8334905688565738,True,100.0,0.995,120,True,1,1
21,13,36,1.6880691614020222,True,100.0,0.995,120,True,1,1
21,36,13,1.6880691614020222,True,100.0,0.995,120,True,1,1
21,14,15,4.55055578369293,True,100.0,0.995,120,False,1,1
21,15,14,4.55055578369293,True,100.0,0.995,120,False,1,1
21,14,24,2.2091114046761793,True,100.0,0.995,120,True,1,1
21,24,14,2.2091114046761793,True,100.0,0.995,120,True,1,1
21,14,34,0.8710608384177005,True,100.0,0.995,120,True,1,1
21,34,14,0.8710608384177005,True,100.0,0.995,120,True,1,1
21,14,35,0.8236916517003691,True,100.0,0.995,120,True,1,1
21,35,14,0.8236916517003691,True,100.0,0.995,120,True,1,1
21,14,36,1.6191557470665603,True,100.0,0.995,120,True,1,1
21,36,14,1.6191557470665603,True,100.0,0.995,120,True,1,1
21,15,16,1.432955119302021,True,100.0,0.995,120,False,1,1
21,16,15,1.432955119302021,True,100.0,0.995,120,False,1,1
21,15,24,2.3500252992564548,True,100.0,0.995,120,True,1,1
21,24,15,2.3500252992564548,True,100.0,0.995,120,True,1,1
21,15,25,4.117708220408693,True,100.0,0.995,120,True,1,1
21,25,15,4.117708220408693,True,100.0,0.995,120,True,1,1
21,15,36,3.025452104764583,True,100.0,0.995,120,True,1,1
21,36,15,3.025452104764583,True,100.0,0.995,120,True,1,1
21,16,17,0.8845369219962856,True,100.0,0.995,120,False,1,1
21,17,16,0.8845369219962856,True,100.0,0.995,120,False,1,1
21,16,24,3.7747226796884643,True,100.0,0.995,120,True,1,1
21,24,16,3.7747226796884643,True,100.0,0.995,120,True,1,1
21,16,25,2.697354478111042,True,100.0,0.995,120,True,1,1
21,25,16,2.697354478111042,True,100.0,0.995,120,True,1,1
21,16,36,4.429817671407364,True,100.0,0.995,120,True,1,1
21,36,16,4.429817671407364,True,100.0,0.995,120,True,1,1
21,17,18,4.598362697703496,True,100.0,0.995,120,False,1,1
21,18,17,4.598362697703496,True,100.0,0.995,120,False,1,1
21,17,24,4.6550979172276765,True,100.0,0.995,120,True,1,1
21,24,17,4.6550979172276765,True,100.0,0.995,120,True,1,1
21,17,25,1.869921551823287,True,100.0,0.995,120,True,1,1
21,25,17,1.869921551823287,True,100.0,0.995,120,True,1,1
21,17,36,5.312548324478568,True,100.0,0.995,120,True,1,1
21,36,17,5.312548324478568,True,100.0,0.995,120,True,1,1
21,18,25,2.8601981351346986,True,100.0,0.995,120,True,1,1
21,25,18,2.8601981351346986,True,100.0,0.995,120,True,1,1
21,18,26,6.315734770648387,True,100.0,0.995,120,True,1,1
21,26,18,6.315734770648387,True,100.0,0.995,120,True,1,1
21,18,49,2.3615776429230775,True,100.0,0.995,120,True,1,1
21,49,18,2.3615776429230775,True,100.0,0.995,120,True,1,1
21,19,20,6.605433243282454,True,100.0,0.995,120,False,1,1
21,20,19,6.605433243282454,True,100.0,0.995,120,False,1,1
21,19,48,0.9480569933109959,True,100.0,0.995,120,True,1,1
21,48,19,0.9480569933109959,True,100.0,0.995,120,True,1,1
21,20,21,0.3122203857500086,True,100.0,0.995,120,False,1,1
21,21,20,0.3122203857500086,True,100.0,0.995,120,False,1,1
21,20,31,1.9723661355190558,True,100.0,0.995,120,True,1,1
21,31,20,1.9723661355190558,True,100.0,0.995,120,True,1,1
21,20,32,2.9324992240641694,True,100.0,0.995,120,True,1,1
21,32,20,2.9324992240641694,True,100.0,0.995,120,True,1,1
21,21,22,2.313986857128762,True,100.0,0.995,120,False,1,1
21,22,21,2.313986857128762,True,100.0,0.995,120,False,1,1
21,21,31,1.6646510822852165,True,100.0,0.995,120,True,1,1
21,31,21,1.6646510822852165,True,100.0,0.995,120,True,1,1
21,21,32,2.624873545341296,True,100.0,0.995,120,True,1,1
21,32,21,2.624873545341296,True,100.0,0.995,120,True,1,1
21,22,23,6.9370271817163545,True,100.0,0.995,120,False,1,1
21,23,22,6.9370271817163545,True,100.0,0.995,120,False,1,1
21,22,31,0.6599330411193918,True,100.0,0.995,120,True,1,1
21,31,22,0.6599330411193918,True,100.0,0.995,120,True,1,1
21,22,32,0.3498536193372448,True,100.0,0.995,120,True,1,1
21,32,22,0.3498536193372448,True,100.0,0.995,120,True,1,1
21,22,33,3.963749173158255,True,100.0,0.995,120,True,1,1
21,33,22,3.963749173158255,True,100.0,0.995,120,True,1,1
21,23,24,4.608097300391688,True,100.0,0.995,120,False,1,1
21,24,23,4.608097300391688,True,100.0,0.995,120,False,1,1
21,23,33,3.001896751889404,True,100.0,0.995,120,True,1,1
21,33,23,3.001896751889404,True,100.0,0.995,120,True,1,1
21,23,34,1.6381866490142285,True,100.0,0.995,120,True,1,1
21,34,23,1.6381866490142285,True,100.0,0.995,120,True,1,1
21,23,35,1.7059915474012788,True,100.0,0.995,120,True,1,1
21,35,23,1.7059915474012788,True,100.0,0.995,120,True,1,1
21,24,36,0.7542399631917737,True,100.0,0.995,120,True,1,1
21,36,24,0.7542399631917737,True,100.0,0.995,120,True,1,1
21,25,26,9.040584736320081,True,100.0,0.995,120,False,1,1
21,26,25,9.040584736320081,True,100.0,0.995,120,False,1,1
21,25,49,4.438961620285414,True,100.0,0.995,120,True,1,1
21,49,25,4.438961620285414,True,100.0,0.995,120,True,1,1
21,26,27,4.804774852350403,True,100.0,0.995,120,False,1,1
21,27,26,4.804774852350403,True,100.0,0.995,120,False,1,1
21,26,37,3.1619083609163576,True,100.0,0.995,120,True,1,1
21,37,26,3.1619083609163576,True,100.0,0.995,120,True,1,1
21,26,49,5.025741343479707,True,100.0,0.995,120,True,1,1
21,49,26,5.025741343479707,True,100.0,0.995,120,True,1,1
21,26,50,1.4183749098877136,True,100.0,0.995,120,True,1,1
21,50,26,1.4183749098877136,True,100.0,0.995,120,True,1,1
21,26,55,4.094458526983502,True,100.0,0.995,120,True,1,1
21,55,26,4.094458526983502,True,100.0,0.995,120,True,1,1
21,27,28,9.020493389312648,True,100.0,0.995,120,False,1,1
21,28,27,9.020493389312648,True,100.0,0.995,120,False,1,1
21,27,37,1.9409640134154633,True,100.0,0.995,120,True,1,1
21,37,27,1.9409640134154633,True,100.0,0.995,120,True,1,1
21,27,51,1.4914016296888655,True,100.0,0.995,120,True,1,1
21,51,27,1.4914016296888655,True,100.0,0.995,120,True,1,1
21,27,52,0.07454435878167961,True,100.0,0.995,120,True,1,1
21,52,27,0.07454435878167961,True,100.0,0.995,120,True,1,1
21,27,56,2.2555312640966103,True,100.0,0.995,120,True,1,1
21,56,27,2.2555312640966103,True,100.0,0.995,120,True,1,1
21,27,57,3.2109435654304637,True,100.0,0.995,120,True,1,1
21,57,27,3.2109435654304637,True,100.0,0.995,120,True,1,1
21,28,29,4.611639300989508,True,100.0,0.995,120,False,1,1
21,29,28,4.611639300989508,True,100.0,0.995,120,False,1,1
21,28,38,2.976393530583289,True,100.0,0.995,120,True,1,1
21,38,28,2.976393530583289,True,100.0,0.995,120,True,1,1
21,28,58,3.160405886518511,True,100.0,0.995,120,True,1,1
21,58,28,3.160405886518511,True,100.0,0.995,120,True,1,1
21,28,61,2.9398448680143194,True,100.0,0.995,120,True,1,1
21,61,28,2.9398448680143194,True,100.0,0.995,120,True,1,1
21,29,30,4.620667946647489,True,100.0,0.995,120,False,1,1
21,30,29,4.620667946647489,True,100.0,0.995,120,False,1,1
21,29,39,0.8418143590831417,True,100.0,0.995,120,True,1,1
21,39,29,0.8418143590831417,True,100.0,0.995,120,True,1,1
21,29,59,2.0912320062464578,True,100.0,0.995,120,True,1,1
21,59,29,2.0912320062464578,True,100.0,0.995,120,True,1,1
21,29,62,2.801306769693467,True,100.0,0.995,120,True,1,1
21,62,29,2.801306769693467,True,100.0,0.995,120,True,1,1
21,30,40,3.8722689629134956,True,100.0,0.995,120,True,1,1
21,40,30,3.8722689629134956,True,100.0,0.995,120,True,1,1
21,30,60,1.8120589833045329,True,100.0,0.995,120,True,1,1
21,60,30,1.8120589833045329,True,100.0,0.995,120,True,1,1
21,30,63,2.5447558715492336,True,100.0,0.995,120,True,1,1
21,63,30,2.5447558715492336,True,100.0,0.995,120,True,1,1
21,30,64,7.694566277325687,True,100.0,0.995,120,True,1,1
21,64,30,7.694566277325687,True,100.0,0.995,120,True,1,1
21,31,32,0.9603752922085541,True,100.0,0.995,120,False,1,1
21,32,31,0.9603752922085541,True,100.0,0.995,120,False,1,1
21,32,33,3.6545174895750945,True,100.0,0.995,120,False,1,1
21,33,32,3.6545174895750945,True,100.0,0.995,120,False,1,1
21,33,34,4.5906653059344515,True,100.0,0.995,120,False,1,1
21,34,33,4.5906653059344515,True,100.0,0.995,120,False,1,1
21,34,35,0.08230587447689308,True,100.0,0.995,120,False,1,1
21,35,34,0.08230587447689308,True,100.0,0.995,120,False,1,1
21,35,36,2.3056945690143285,True,100.0,0.995,120,False,1,1
21,36,35,2.3056945690143285,True,100.0,0.995,120,False,1,1
21,37,38,8.015380456227414,True,100.0,0.995,120,False,1,1
21,38,37,8.015380456227414,True,100.0,0.995,120,False,1,1
21,37,50,3.368865709969111,True,100.0,0.995,120,True,1,1
21,50,37,3.368865709969111,True,100.0,0.995,120,True,1,1
21,37,51,1.565598294870153,True,100.0,0.995,120,True,1,1
21,51,37,1.565598294870153,True,100.0,0.995,120,True,1,1
21,37,52,1.8739364793058586,True,100.0,0.995,120,True,1,1
21,52,37,1.8739364793058586,True,100.0,0.995,120,True,1,1
21,37,55,1.383348980403116,True,100.0,0.995,120,True,1,1
21,55,37,1.383348980403116,True,100.0,0.995,120,True,1,1
21,38,39,8.020789688231407,True,100.0,0.995,120,False,1,1
21,39,38,8.020789688231407,True,100.0,0.995,120,False,1,1
21,38,53,2.142209133322281,True,100.0,0.995,120,True,1,1
21,53,38,2.142209133322281,True,100.0,0.995,120,True,1,1
21,38,54,0.7147920959852859,True,100.0,0.995,120,True,1,1
21,54,38,0.7147920959852859,True,100.0,0.995,120,True,1,1
21,38,58,1.5449184063350427,True,100.0,0.995,120,True,1,1
21,58,38,1.5449184063350427,True,100.0,0.995,120,True,1,1
21,38,61,2.156909424909358,True,100.0,0.995,120,True,1,1
21,61,38,2.156909424909358,True,100.0,0.995,120,True,1,1
21,39,40,8.016970448246042,True,100.0,0.995,120,False,1,1
21,40,39,8.016970448246042,True,100.0,0.995,120,False,1,1
21,39,59,1.9290193092103993,True,100.0,0.995,120,True,1,1
21,59,39,1.9290193092103993,True,100.0,0.995,120,True,1,1
21,39,60,3.387980827255701,True,100.0,0.995,120,True,1,1
21,60,39,3.387980827255701,True,100.0,0.995,120,True,1,1
21,39,62,2.701090848155429,True,100.0,0.995,120,True,1,1
21,62,39,2.701090848155429,True,100.0,0.995,120,True,1,1
21,39,63,2.8934154944046315,True,100.0,0.995,120,True,1,1
21,63,39,2.8934154944046315,True,100.0,0.995,120,True,1,1
21,40,41,8.021196223735881,True,100.0,0.995,120,False,1,1
21,41,40,8.021196223735881,True,100.0,0.995,120,False,1,1
21,40,60,4.8980611245675885,True,100.0,0.995,120,True,1,1
21,60,40,4.8980611245675885,True,100.0,0.995,120,True,1,1
21,40,64,3.9195512619011077,True,100.0,0.995,120,True,1,1
21,64,40,3.9195512619011077,True,100.0,0.995,120,True,1,1
21,40,65,8.421019914780537,True,100.0,0.995,120,True,1,1
21,65,40,8.421019914780537,True,100.0,0.995,120,True,1,1
21,41,42,8.017680592242147,True,100.0,0.995,120,False,1,1
21,42,41,8.017680592242147,True,100.0,0.995,120,False,1,1
21,41,64,4.296723631722079,True,100.0,0.995,120,True,1,1
21,64,41,4.296723631722079,True,100.0,0.995,120,True,1,1
21,41,65,0.728511664207633,True,100.0,0.995,120,True,1,1
21,65,41,0.728511664207633,True,100.0,0.995,120,True,1,1
21,41,66,8.48627651836561,True,100.0,0.995,120,True,1,1
21,66,41,8.48627651836561,True,100.0,0.995,120,True,1,1
21,42,64,12.104620994042556,True,100.0,0.995,120,True,1,1
21,64,42,12.104620994042556,True,100.0,0.995,120,True,1,1
21,42,65,7.569555386828978,True,100.0,0.995,120,True,1,1
21,65,42,7.569555386828978,True,100.0,0.995,120,True,1,1
21,42,66,0.5068683135297222,True,100.0,0.995,120,True,1,1
21,66,42,0.5068683135297222,True,100.0,0.995,120,True,1,1
21,43,44,4.620005285010107,True,100.0,0.995,120,False,1,1
21,44,43,4.620005285010107,True,100.0,0.995,120,False,1,1
21,44,45,4.616460198441076,True,100.0,0.995,120,False,1,1
21,45,44,4.616460198441076,True,100.0,0.995,120,False,1,1
21,45,46,4.610885874455696,True,100.0,0.995,120,False,1,1
21,46,45,4.610885874455696,True,100.0,0.995,120,False,1,1
21,46,47,4.6294135142099115,True,100.0,0.995,120,False,1,1
21,47,46,4.6294135142099115,True,100.0,0.995,120,False,1,1
21,47,48,4.598884214241233,True,100.0,0.995,120,False,1,1
21,48,47,4.598884214241233,True,100.0,0.995,120,False,1,1
21,49,50,4.617158154510985,True,100.0,0.995,120,False,1,1
21,50,49,4.617158154510985,True,100.0,0.995,120,False,1,1
21,50,51,4.637317967903647,True,100.0,0.995,120,False,1,1
21,51,50,4.637317967903647,True,100.0,0.995,120,False,1,1
21,50,55,3.844371362173893,True,100.0,0.995,120,True,1,1
21,55,50,3.844371362173893,True,100.0,0.995,120,True,1,1
21,51,52,1.4739349986062227,True,100.0,0.995,120,False,1,1
21,52,51,1.4739349986062227,True,100.0,0.995,120,False,1,1
21,51,55,1.038391005722741,True,100.0,0.995,120,True,1,1
21,55,51,1.038391005722741,True,100.0,0.995,120,True,1,1
21,51,56,0.9656595601399285,True,100.0,0.995,120,True,1,1
21,56,51,0.9656595601399285,True,100.0,0.995,120,True,1,1
21,51,57,2.8585666257513176,True,100.0,0.995,120,True,1,1
21,57,51,2.8585666257513176,True,100.0,0.995,120,True,1,1
21,52,53,4.49741802759219,True,100.0,0.995,120,False,1,1
21,53,52,4.49741802759219,True,100.0,0.995,120,False,1,1
21,52,55,2.337088443395792,True,100.0,0.995,120,True,1,1
21,55,52,2.337088443395792,True,100.0,0.995,120,True,1,1
21,52,56,2.2612194834744077,True,100.0,0.995,120,True,1,1
21,56,52,2.2612194834744077,True,100.0,0.995,120,True,1,1
21,53,54,1.9865288501090772,True,100.0,0.995,120,False,1,1
21,54,53,1.9865288501090772,True,100.0,0.995,120,False,1,1
21,53,57,1.951659755394014,True,100.0,0.995,120,True,1,1
21,57,53,1.951659755394014,True,100.0,0.995,120,True,1,1
21,53,58,2.656300190593618,True,100.0,0.995,120,True,1,1
21,58,53,2.656300190593618,True,100.0,0.995,120,True,1,1
21,54,58,0.9691804619727236,True,100.0,0.995,120,True,1,1
21,58,54,0.9691804619727236,True,100.0,0.995,120,True,1,1
21,54,61,1.6397058119214545,True,100.0,0.995,120,True,1,1
21,61,54,1.6397058119214545,True,100.0,0.995,120,True,1,1
21,55,56,1.3838959234963824,True,100.0,0.995,120,False,1,1
21,56,55,1.3838959234963824,True,100.0,0.995,120,False,1,1
21,56,57,2.2892686949922503,True,100.0,0.995,120,False,1,1
21,57,56,2.2892686949922503,True,100.0,0.995,120,False,1,1
21,57,58,4.346910040936549,True,100.0,0.995,120,False,1,1
21,58,57,4.346910040936549,True,100.0,0.995,120,False,1,1
21,58,59,5.965258165671503,True,100.0,0.995,120,False,1,1
21,59,58,5.965258165671503,True,100.0,0.995,120,False,1,1
21,58,61,0.7703450717030516,True,100.0,0.995,120,True,1,1
21,61,58,0.7703450717030516,True,100.0,0.995,120,True,1,1
21,59,60,4.677229886663547,True,100.0,0.995,120,False,1,1
21,60,59,4.677229886663547,True,100.0,0.995,120,False,1,1
21,59,62,0.7757670504923769,True,100.0,0.995,120,True,1,1
21,62,59,0.7757670504923769,True,100.0,0.995,120,True,1,1
21,60,63,0.8063871461341641,True,100.0,0.995,120,True,1,1
21,63,60,0.8063871461341641,True,100.0,0.995,120,True,1,1
21,61,62,4.621782526865482,True,100.0,0.995,120,False,1,1
21,62,61,4.621782526865482,True,100.0,0.995,120,False,1,1
21,62,63,4.615208064978977,True,100.0,0.995,120,False,1,1
21,63,62,4.615208064978977,True,100.0,0.995,120,False,1,1
21,63,64,9.20344316222192,True,100.0,0.995,120,False,1,1
21,64,63,9.20344316222192,True,100.0,0.995,120,False,1,1
21,64,65,4.613350640358964,True,100.0,0.995,120,False,1,1
21,65,64,4.613350640358964,True,100.0,0.995,120,False,1,1
21,65,66,8.040385217282909,True,100.0,0.995,120,False,1,1
21,66,65,8.040385217282909,True,100.0,0.995,120,False,1,1
22,1,2,4.60700323270314,True,100.0,0.995,120,False,1,1
22,2,1,4.60700323270314,True,100.0,0.995,120,False,1,1
22,1,43,11.036456330742027,True,100.0,0.995,120,True,1,1
22,43,1,11.036456330742027,True,100.0,0.995,120,True,1,1
22,1,44,6.602570998810871,True,100.0,0.995,120,True,1,1
22,44,1,6.602570998810871,True,100.0,0.995,120,True,1,1
22,1,45,2.511603033126809,True,100.0,0.995,120,True,1,1
22,45,1,2.511603033126809,True,100.0,0.995,120,True,1,1
22,1,46,3.3722857866399827,True,100.0,0.995,120,True,1,1
22,46,1,3.3722857866399827,True,100.0,0.995,120,True,1,1
22,2,3,4.636917009941305,True,100.0,0.995,120,False,1,1
22,3,2,4.636917009941305,True,100.0,0.995,120,False,1,1
22,2,44,10.967057610232617,True,100.0,0.995,120,True,1,1
22,44,2,10.967057610232617,True,100.0,0.995,120,True,1,1
22,2,45,6.494890512941345,True,100.0,0.995,120,True,1,1
22,45,2,6.494890512941345,True,100.0,0.995,120,True,1,1
22,2,46,2.241473193849485,True,100.0,0.995,120,True,1,1
22,46,2,2.241473193849485,True,100.0,0.995,120,True,1,1
22,2,47,3.2072885298525895,True,100.0,0.995,120,True,1,1
22,47,2,3.2072885298525895,True,100.0,0.995,120,True,1,1
22,3,4,2.9465763551962985,True,100.0,0.995,120,False,1,1
22,4,3,2.9465763551962985,True,100.0,0.995,120,False,1,1
22,3,19,3.735594756298812,True,100.0,0.995,120,True,1,1
22,19,3,3.735594756298812,True,100.0,0.995,120,True,1,1
22,3,45,10.930013572132257,True,100.0,0.995,120,True,1,1
22,45,3,10.930013572132257,True,100.0,0.995,120,True,1,1
22,3,46,6.4290097413572145,True,100.0,0.995,120,True,1,1
22,46,3,6.4290097413572145,True,100.0,0.995,120,True,1,1
22,3,47,1.990869248326258,True,100.0,0.995,120,True,1,1
22,47,3,1.990869248326258,True,100.0,0.995,120,True,1,1
22,3,48,3.0203585120481216,True,100.0,0.995,120,True,1,1
22,48,3,3.0203585120481216,True,100.0,0.995,120,True,1,1
22,4,5,1.6560889000979215,True,100.0,0.995,120,False,1,1
22,5,4,1.6560889000979215,True,100.0,0.995,120,False,1,1
22,4,19,0.8123593224999387,True,100.0,0.995,120,True,1,1
22,19,4,0.8123593224999387,True,100.0,0.995,120,True,1,1
22,4,47,4.724797844582881,True,100.0,0.995,120,True,1,1
22,47,4,4.724797844582881,True,100.0,0.995,120,True,1,1
22,4,48,0.7052350519426971,True,100.0,0.995,120,True,1,1
22,48,4,0.7052350519426971,True,100.0,0.995,120,True,1,1
22,5,6,4.623966061083077,True,100.0,0.995,120,False,1,1
22,6,5,4.623966061083077,True,100.0,0.995,120,False,1,1
22,5,19,0.8761642528412211,True,100.0,0.995,120,True,1,1
22,19,5,0.8761642528412211,True,100.0,0.995,120,True,1,1
22,5,20,5.740355786160097,True,100.0,0.995,120,True,1,1
22,20,5,5.740355786160097,True,100.0,0.995,120,True,1,1
22,5,48,1.767707383096925,True,100.0,0.995,120,True,1,1
22,48,5,1.767707383096925,True,100.0,0.995,120,True,1,1
22,6,20,1.1244607821539065,True,100.0,0.995,120,True,1,1
22,20,6,1.1244607821539065,True,100.0,0.995,120,True,1,1
22,6,21,1.4354003988704167,True,100.0,0.995,120,True,1,1
22,21,6,1.4354003988704167,True,100.0,0.995,120,True,1,1
22,6,22,3.7435990118213187,True,100.0,0.995,120,True,1,1
22,22,6,3.7435990118213187,True,100.0,0.995,120,True,1,1
22,6,31,3.0948421924940788,True,100.0,0.995,120,True,1,1
22,31,6,3.0948421924940788,True,100.0,0.995,120,True,1,1
22,7,8,4.621853502855334,True,100.0,0.995,120,False,1,1
22,8,7,4.621853502855334,True,100.0,0.995,120,False,1,1
22,7,42,13.994432774238629,True,100.0,0.995,120,True,1,1
22,42,7,13.994432774238629,True,100.0,0.995,120,True,1,1
22,7,66,13.521443376443099,True,100.0,0.995,120,True,1,1
22,66,7,13.521443376443099,True,100.0,0.995,120,True,1,1
22,8,9,3.366159635021163,True,100.0,0.995,120,False,1,1
22,9,8,3.366159635021163,True,100.0,0.995,120,False,1,1
22,9,10,5.858528162185894,True,100.0,0.995,120,False,1,1
22,10,9,5.858528162185894,True,100.0,0.995,120,False,1,1
22,10,11,4.589472836848622,True,100.0,0.995,120,False,1,1
22,11,10,4.589472836848622,True,100.0,0.995,120,False,1,1
22,10,43,12.274759201195945,True,100.0,0.995,120,True,1,1
22,43,10,12.274759201195945,True,100.0,0.995,120,True,1,1
22,11,12,4.644928171786417,True,100.0,0.995,120,False,1,1
22,12,11,4.644928171786417,True,100.0,0.995,120,False,1,1
22,11,43,7.961857564004671,True,100.0,0.995,120,True,1,1
22,43,11,7.961857564004671,True,100.0,0.995,120,True,1,1
22,11,44,12.314443573782174,True,100.0,0.995,120,True,1,1
22,44,11,12.314443573782174,True,100.0,0.995,120,True,1,1
22,12,43,3.76446220841628,True,100.0,0.995,120,True,1,1
22,43,12,3.76446220841628,True,100.0,0.995,120,True,1,1
22,12,44,7.869076577927803,True,100.0,0.995,120,True,1,1
22,44,12,7.869076577927803,True,100.0,0.995,120,True,1,1
22,12,45,12.237504067854458,True,100.0,0.995,120,True,1,1
22,45,12,12.237504067854458,True,100.0,0.995,120,True,1,1
22,13,14,0.11225832974077667,True,100.0,0.995,120,False,1,1
22,14,13,0.11225832974077667,True,100.0,0.995,120,False,1,1
22,13,23,2.3604652388807237,True,100.0,0.995,120,True,1,1
22,23,13,2.3604652388807237,True,100.0,0.995,120,True,1,1
22,13,24,2.2573452798592215,True,100.0,0.995,120,True,1,1
22,24,13,2.2573452798592215,True,100.0,0.995,120,True,1,1
22,13,33,5.3501047317949455,True,100.0,0.995,120,True,1,1
22,33,13,5.3501047317949455,True,100.0,0.995,120,True,1,1
22,13,34,0.8758853804229286,True,100.0,0.995,120,True,1,1
22,34,13,0.8758853804229286,True,100.0,0.995,120,True,1,1
22,13,35,0.8374908417008304,True,100.0,0.995,120,True,1,1
22,35,13,0.8374908417008304,True,100.0,0.995,120,True,1,1
22,13,36,1.6901297552206387,True,100.0,0.995,120,True,1,1
22,36,13,1.6901297552206387,True,100.0,0.995,120,True,1,1
22,14,15,4.549956850513172,True,100.0,0.995,120,False,1,1
22,15,14,4.549956850513172,True,100.0,0.995,120,False,1,1
22,14,24,2.2084556580051573,True,100.0,0.995,120,True,1,1
22,24,14,2.2084556580051573,True,100.0,0.995,120,True,1,1
22,14,34,0.8741485775037745,True,100.0,0.995,120,True,1,1
22,34,14,0.8741485775037745,True,100.0,0.995,120,True,1,1
22,14,35,0.8267193620621424,True,100.0,0.995,120,True,1,1
22,35,14,0.8267193620621424,True,100.0,0.995,120,True,1,1
22,14,36,1.6198715460138735,True,100.0,0.995,120,True,1,1
22,36,14,1.6198715460138735,True,100.0,0.995,120,True,1,1
22,15,16,1.433593656657049,True,100.0,0.995,120,False,1,1
22,16,15,1.433593656657049,True,100.0,0.995,120,False,1,1
22,15,24,2.3500929120867995,True,100.0,0.995,120,True,1,1
22,24,15,2.3500929120867995,True,100.0,0.995,120,True,1,1
22,15,25,4.120531097908233,True,100.0,0.995,120,True,1,1
22,25,15,4.120531097908233,True,100.0,0.995,120,True,1,1
22,15,36,3.026553378686822,True,100.0,0.995,120,True,1,1
22,36,15,3.026553378686822,True,100.0,0.995,120,True,1,1
22,16,17,0.8840436430491873,True,100.0,0.995,120,False,1,1
22,17,16,0.8840436430491873,True,100.0,0.995,120,False,1,1
22,16,24,3.7753584830279503,True,100.0,0.995,120,True,1,1
22,24,16,3.7753584830279503,True,100.0,0.995,120,True,1,1
22,16,25,2.6996668869498293,True,100.0,0.995,120,True,1,1
22,25,16,2.6996668869498293,True,100.0,0.995,120,True,1,1
22,16,36,4.4309972546493706,True,100.0,0.995,120,True,1,1
22,36,16,4.4309972546493706,True,100.0,0.995,120,True,1,1
22,17,18,4.598445369360216,True,100.0,0.995,120,False,1,1
22,18,17,4.598445369360216,True,100.0,0.995,120,False,1,1
22,17,24,4.655185210851061,True,100.0,0.995,120,True,1,1
22,24,17,4.655185210851061,True,100.0,0.995,120,True,1,1
22,17,25,1.873487038422764,True,100.0,0.995,120,True,1,1
22,25,17,1.873487038422764,True,100.0,0.995,120,True,1,1
22,17,36,5.313236284503971,True,100.0,0.995,120,True,1,1
22,36,17,5.313236284503971,True,100.0,0.995,120,True,1,1
22,18,25,2.858963275993008,True,100.0,0.995,120,True,1,1
22,25,18,2.858963275993008,True,100.0,0.995,120,True,1,1
22,18,26,6.316697196386807,True,100.0,0.995,120,True,1,1
22,26,18,6.316697196386807,True,100.0,0.995,120,True,1,1
22,18,49,2.3702006256085064,True,100.0,0.995,120,True,1,1
22,49,18,2.3702006256085064,True,100.0,0.995,120,True,1,1
22,19,20,6.6059661615592065,True,100.0,0.995,120,False,1,1
22,20,19,6.6059661615592065,True,100.0,0.995,120,False,1,1
22,19,48,0.9375292091776546,True,100.0,0.995,120,True,1,1
22,48,19,0.9375292091776546,True,100.0,0.995,120,True,1,1
22,20,21,0.31165763574869354,True,100.0,0.995,120,False,1,1
22,21,20,0.31165763574869354,True,100.0,0.995,120,False,1,1
22,20,31,1.9727392469885574,True,100.0,0.995,120,True,1,1
22,31,20,1.9727392469885574,True,100.0,0.995,120,True,1,1
22,20,32,2.932215731377573,True,100.0,0.995,120,True,1,1
22,32,20,2.932215731377573,True,100.0,0.995,120,True,1,1
22,21,22,2.314009346692043,True,100.0,0.995,120,False,1,1
22,22,21,2.314009346692043,True,100.0,0.995,120,False,1,1
22,21,31,1.6656578230821102,True,100.0,0.995,120,True,1,1
22,31,21,1.6656578230821102,True,100.0,0.995,120,True,1,1
22,21,32,2.625224403314094,True,100.0,0.995,120,True,1,1
22,32,21,2.625224403314094,True,100.0,0.995,120,True,1,1
22,22,23,6.937098478820323,True,100.0,0.995,120,False,1,1
22,23,22,6.937098478820323,True,100.0,0.995,120,False,1,1
22,22,31,0.6604900303247132,True,100.0,0.995,120,True,1,1
22,31,22,0.6604900303247132,True,100.0,0.995,120,True,1,1
22,22,32,0.35445152661415513,True,100.0,0.995,120,True,1,1
22,32,22,0.35445152661415513,True,100.0,0.995,120,True,1,1
22,22,33,3.9647760962278396,True,100.0,0.995,120,True,1,1
22,33,22,3.9647760962278396,True,100.0,0.995,120,True,1,1
22,23,24,4.608128594462136,True,100.0,0.995,120,False,1,1
22,24,23,4.608128594462136,True,100.0,0.995,120,False,1,1
22,23,33,3.001831397131732,True,100.0,0.995,120,True,1,1
22,33,23,3.001831397131732,True,100.0,0.995,120,True,1,1
22,23,34,1.6393714941142563,True,100.0,0.995,120,True,1,1
22,34,23,1.6393714941142563,True,100.0,0.995,120,True,1,1
22,23,35,1.7080233221296088,True,100.0,0.995,120,True,1,1
22,35,23,1.7080233221296088,True,100.0,0.995,120,True,1,1
22,24,36,0.7572923680643191,True,100.0,0.995,120,True,1,1
22,36,24,0.7572923680643191,True,100.0,0.995,120,True,1,1
22,25,26,9.039349381867487,True,100.0,0.995,120,False,1,1
22,26,25,9.039349381867487,True,100.0,0.995,120,False,1,1
22,25,49,4.439933599283891,True,100.0,0.995,120,True,1,1
22,49,25,4.439933599283891,True,100.0,0.995,120,True,1,1
22,26,27,4.8045679119541855,True,100.0,0.995,120,False,1,1
22,27,26,4.8045679119541855,True,100.0,0.995,120,False,1,1
22,26,37,3.158121644371748,True,100.0,0.995,120,True,1,1
22,37,26,3.158121644371748,True,100.0,0.995,120,True,1,1
22,26,49,5.027240719314841,True,100.0,0.995,120,True,1,1
22,49,26,5.027240719314841,True,100.0,0.995,120,True,1,1
22,26,50,1.4220665753783945,True,100.0,0.995,120,True,1,1
22,50,26,1.4220665753783945,True,100.0,0.995,120,True,1,1
22,26,55,4.094402865267259,True,100.0,0.995,120,True,1,1
22,55,26,4.094402865267259,True,100.0,0.995,120,True,1,1
22,27,28,9.020856572932223,True,100.0,0.995,120,False,1,1
22,28,27,9.020856572932223,True,100.0,0.995,120,False,1,1
22,27,37,1.944770662139584,True,100.0,0.995,120,True,1,1
22,37,27,1.944770662139584,True,100.0,0.995,120,True,1,1
22,27,51,1.4917321613536365,True,100.0,0.995,120,True,1,1
22,51,27,1.4917321613536365,True,100.0,0.995,120,True,1,1
22,27,52,0.07442668456262254,True,100.0,0.995,120,True,1,1
22,52,27,0.07442668456262254,True,100.0,0.995,120,True,1,1
22,27,56,2.2560875391030635,True,100.0,0.995,120,True,1,1
22,56,27,2.2560875391030635,True,100.0,0.995,120,True,1,1
22,27,57,3.21182858080891,True,100.0,0.995,120,True,1,1
22,57,27,3.21182858080891,True,100.0,0.995,120,True,1,1
22,28,29,4.61164154992666,True,100.0,0.995,120,False,1,1
22,29,28,4.61164154992666,True,100.0,0.995,120,False,1,1
22,28,38,2.97997456495955,True,100.0,0.995,120,True,1,1
22,38,28,2.97997456495955,True,100.0,0.995,120,True,1,1
22,28,58,3.157678225750487,True,100.0,0.995,120,True,1,1
22,58,28,3.157678225750487,True,100.0,0.995,120,True,1,1
22,28,61,2.9325041026366856,True,100.0,0.995,120,True,1,1
22,61,28,2.9325041026366856,True,100.0,0.995,120,True,1,1
22,29,30,4.620711543072419,True,100.0,0.995,120,False,1,1
22,30,29,4.620711543072419,True,100.0,0.995,120,False,1,1
22,29,39,0.8356663858743008,True,100.0,0.995,120,True,1,1
22,39,29,0.8356663858743008,True,100.0,0.995,120,True,1,1
22,29,59,2.080402615400099,True,100.0,0.995,120,True,1,1
22,59,29,2.080402615400099,True,100.0,0.995,120,True,1,1
22,29,62,2.7896917881794203,True,100.0,0.995,120,True,1,1
22,62,29,2.7896917881794203,True,100.0,0.995,120,True,1,1
22,30,40,3.8672874093587266,True,100.0,0.995,120,True,1,1
22,40,30,3.8672874093587266,True,100.0,0.995,120,True,1,1
22,30,60,1.7985597918001,True,100.0,0.995,120,True,1,1
22,60,30,1.7985597918001,True,100.0,0.995,120,True,1,1
22,30,63,2.5305877498298064,True,100.0,0.995,120,True,1,1
22,63,30,2.5305877498298064,True,100.0,0.995,120,True,1,1
22,30,64,7.689771814037658,True,100.0,0.995,120,True,1,1
22,64,30,7.689771814037658,True,100.0,0.995,120,True,1,1
22,31,32,0.9597068869140288,True,100.0,0.995,120,False,1,1
22,32,31,0.9597068869140288,True,100.0,0.995,120,False,1,1
22,32,33,3.655429974213976,True,100.0,0.995,120,False,1,1
22,33,32,3.655429974213976,True,100.0,0.995,120,False,1,1
22,33,34,4.589979642031339,True,100.0,0.995,120,False,1,1
22,34,33,4.589979642031339,True,100.0,0.995,120,False,1,1
22,34,35,0.08303477484930534,True,100.0,0.995,120,False,1,1
22,35,34,0.08303477484930534,True,100.0,0.995,120,False,1,1
22,35,36,2.305044236692966,True,100.0,0.995,120,False,1,1
22,36,35,2.305044236692966,True,100.0,0.995,120,False,1,1
22,37,38,8.01546335703098,True,100.0,0.995,120,False,1,1
22,38,37,8.01546335703098,True,100.0,0.995,120,False,1,1
22,37,50,3.3650401707171627,True,100.0,0.995,120,True,1,1
22,50,37,3.3650401707171627,True,100.0,0.995,120,True,1,1
22,37,51,1.5696557247808227,True,100.0,0.995,120,True,1,1
22,51,37,1.5696557247808227,True,100.0,0.995,120,True,1,1
22,37,52,1.8778287354528773,True,100.0,0.995,120,True,1,1
22,52,37,1.8778287354528773,True,100.0,0.995,120,True,1,1
22,37,55,1.3855362223109284,True,100.0,0.995,120,True,1,1
22,55,37,1.3855362223109284,True,100.0,0.995,120,True,1,1
22,38,39,8.020825635897676,True,100.0,0.995,120,False,1,1
22,39,38,8.020825635897676,True,100.0,0.995,120,False,1,1
22,38,53,2.1377555179931806,True,100.0,0.995,120,True,1,1
22,53,38,2.1377555179931806,True,100.0,0.995,120,True,1,1
22,38,54,0.7129990712664096,True,100.0,0.995,120,True,1,1
22,54,38,0.7129990712664096,True,100.0,0.995,120,True,1,1
22,38,58,1.5416586800555583,True,100.0,0.995,120,True,1,1
22,58,38,1.5416586800555583,True,100.0,0.995,120,True,1,1
22,38,61,2.155109741470462,True,100.0,0.995,120,True,1,1
22,61,38,2.155109741470462,True,100.0,0.995,120,True,1,1
22,39,40,8.016985150300831,True,100.0,0.995,120,False,1,1
22,40,39,8.016985150300831,True,100.0,0.995,120,False,1,1
22,39,59,1.9209064739467647,True,100.0,0.995,120,True,1,1
22,59,39,1.9209064739467647,True,100.0,0.995,120,True,1,1
22,39,60,3.3890657120837187,True,100.0,0.995,120,True,1,1
22,60,39,3.3890657120837187,True,100.0,0.995,120,True,1,1
22,39,62,2.6917380258480597,True,100.0,0.995,120,True,1,1
22,62,39,2.6917380258480597,True,100.0,0.995,120,True,1,1
22,39,63,2.891018319461332,True,100.0,0.995,120,True,1,1
22,63,39,2.891018319461332,True,100.0,0.995,120,True,1,1
22,40,41,8.02118086333926,True,100.0,0.995,120,False,1,1
22,41,40,8.02118086333926,True,100.0,0.995,120,False,1,1
22,40,60,4.891786707937747,True,100.0,0.995,120,True,1,1
22,60,40,4.891786707937747,True,100.0,0.995,120,True,1,1
22,40,64,3.919001369770741,True,100.0,0.995,120,True,1,1
22,64,40,3.919001369770741,True,100.0,0.995,120,True,1,1
22,40,65,8.423302290507028,True,100.0,0.995,120,True,1,1
22,65,40,8.423302290507028,True,100.0,0.995,120,True,1,1
22,41,42,8.017729561934912,True,100.0,0.995,120,False,1,1
22,42,41,8.017729561934912,True,100.0,0.995,120,False,1,1
22,41,64,4.2893317630521235,True,100.0,0.995,120,True,1,1
22,64,41,4.2893317630521235,True,100.0,0.995,120,True,1,1
22,41,65,0.7163409057844213,True,100.0,0.995,120,True,1,1
22,65,41,0.7163409057844213,True,100.0,0.995,120,True,1,1
22,41,66,8.487202865368147,True,100.0,0.995,120,True,1,1
22,66,41,8.487202865368147,True,100.0,0.995,120,True,1,1
22,42,64,12.099880044460155,True,100.0,0.995,120,True,1,1
22,64,42,12.099880044460155,True,100.0,0.995,120,True,1,1
22,42,65,7.564821360550237,True,100.0,0.995,120,True,1,1
22,65,42,7.564821360550237,True,100.0,0.995,120,True,1,1
22,42,66,0.5115575689284148,True,100.0,0.995,120,True,1,1
22,66,42,0.5115575689284148,True,100.0,0.995,120,True,1,1
22,43,44,4.619912873095232,True,100.0,0.995,120,False,1,1
22,44,43,4.619912873095232,True,100.0,0.995,120,False,1,1
22,44,45,4.616413697284789,True,100.0,0.995,120,False,1,1
22,45,44,4.616413697284789,True,100.0,0.995,120,False,1,1
22,45,46,4.610801349264728,True,100.0,0.995,120,False,1,1
22,46,45,4.610801349264728,True,100.0,0.995,120,False,1,1
22,46,47,4.6293759056641655,True,100.0,0.995,120,False,1,1
22,47,46,4.6293759056641655,True,100.0,0.995,120,False,1,1
22,47,48,4.598827925962888,True,100.0,0.995,120,False,1,1
22,48,47,4.598827925962888,True,100.0,0.995,120,False,1,1
22,49,50,4.617207007471373,True,100.0,0.995,120,False,1,1
22,50,49,4.617207007471373,True,100.0,0.995,120,False,1,1
22,50,51,4.637410684133219,True,100.0,0.995,120,False,1,1
22,51,50,4.637410684133219,True,100.0,0.995,120,False,1,1
22,50,55,3.8425048497683836,True,100.0,0.995,120,True,1,1
22,55,50,3.8425048497683836,True,100.0,0.995,120,True,1,1
22,51,52,1.4743386320535314,True,100.0,0.995,120,False,1,1
22,52,51,1.4743386320535314,True,100.0,0.995,120,False,1,1
22,51,55,1.0404765211310152,True,100.0,0.995,120,True,1,1
22,55,51,1.0404765211310152,True,100.0,0.995,120,True,1,1
22,51,56,0.9644621929472466,True,100.0,0.995,120,True,1,1
22,56,51,0.9644621929472466,True,100.0,0.995,120,True,1,1
22,51,57,2.860098407633112,True,100.0,0.995,120,True,1,1
22,57,51,2.860098407633112,True,100.0,0.995,120,True,1,1
22,52,53,4.497233969263917,True,100.0,0.995,120,False,1,1
22,53,52,4.497233969263917,True,100.0,0.995,120,False,1,1
22,52,55,2.339171823410558,True,100.0,0.995,120,True,1,1
22,55,52,2.339171823410558,True,100.0,0.995,120,True,1,1
22,52,56,2.2617141874259397,True,100.0,0.995,120,True,1,1
22,56,52,2.2617141874259397,True,100.0,0.995,120,True,1,1
22,53,54,1.9867199964656637,True,100.0,0.995,120,False,1,1
22,54,53,1.9867199964656637,True,100.0,0.995,120,False,1,1
22,53,57,1.949781341287948,True,100.0,0.995,120,True,1,1
22,57,53,1.949781341287948,True,100.0,0.995,120,True,1,1
22,53,58,2.6529793137511772,True,100.0,0.995,120,True,1,1
22,58,53,2.6529793137511772,True,100.0,0.995,120,True,1,1
22,54,58,0.965782781995032,True,100.0,0.995,120,True,1,1
22,58,54,0.965782781995032,True,100.0,0.995,120,True,1,1
22,54,61,1.6375244438368977,True,100.0,0.995,120,True,1,1
22,61,54,1.6375244438368977,True,100.0,0.995,120,True,1,1
22,55,56,1.3829828066595748,True,100.0,0.995,120,False,1,1
22,56,55,1.3829828066595748,True,100.0,0.995,120,False,1,1
22,56,57,2.293985652391858,True,100.0,0.995,120,False,1,1
22,57,56,2.293985652391858,True,100.0,0.995,120,False,1,1
22,57,58,4.342338205119773,True,100.0,0.995,120,False,1,1
22,58,57,4.342338205119773,True,100.0,0.995,120,False,1,1
22,58,59,5.968238169413391,True,100.0,0.995,120,False,1,1
22,59,58,5.968238169413391,True,100.0,0.995,120,False,1,1
22,58,61,0.7725446437526795,True,100.0,0.995,120,True,1,1
22,61,58,0.7725446437526795,True,100.0,0.995,120,True,1,1
22,59,60,4.677251724439929,True,100.0,0.995,120,False,1,1
22,60,59,4.677251724439929,True,100.0,0.995,120,False,1,1
22,59,62,0.7745627352900433,True,100.0,0.995,120,True,1,1
22,62,59,0.7745627352900433,True,100.0,0.995,120,True,1,1
22,60,63,0.8049830443270586,True,100.0,0.995,120,True,1,1
22,63,60,0.8049830443270586,True,100.0,0.995,120,True,1,1
22,61,62,4.621795779073962,True,100.0,0.995,120,False,1,1
22,62,61,4.621795779073962,True,100.0,0.995,120,False,1,1
22,62,63,4.61523843794218,True,100.0,0.995,120,False,1,1
22,63,62,4.61523843794218,True,100.0,0.995,120,False,1,1
22,63,64,9.203428688079994,True,100.0,0.995,120,False,1,1
22,64,63,9.203428688079994,True,100.0,0.995,120,False,1,1
22,64,65,4.613351038188527,True,100.0,0.995,120,False,1,1
22,65,64,4.613351038188527,True,100.0,0.995,120,False,1,1
22,65,66,8.037457623885695,True,100.0,0.995,120,False,1,1
22,66,65,8.037457623885695,True,100.0,0.995,120,False,1,1
23,1,2,4.606929707612078,True,100.0,0.995,120,False,1,1
23,2,1,4.606929707612078,True,100.0,0.995,120,False,1,1
23,1,43,11.033355077518532,True,100.0,0.995,120,True,1,1
23,43,1,11.033355077518532,True,100.0,0.995,120,True,1,1
23,1,44,6.597239844804349,True,100.0,0.995,120,True,1,1
23,44,1,6.597239844804349,True,100.0,0.995,120,True,1,1
23,1,45,2.4973668504100965,True,100.0,0.995,120,True,1,1
23,45,1,2.4973668504100965,True,100.0,0.995,120,True,1,1
23,1,46,3.36179945475934,True,100.0,0.995,120,True,1,1
23,46,1,3.36179945475934,True,100.0,0.995,120,True,1,1
23,2,3,4.636867037294481,True,100.0,0.995,120,False,1,1
23,3,2,4.636867037294481,True,100.0,0.995,120,False,1,1
23,2,44,10.963603198771283,True,100.0,0.995,120,True,1,1
23,44,2,10.963603198771283,True,100.0,0.995,120,True,1,1
23,2,45,6.489283088325507,True,100.0,0.995,120,True,1,1
23,45,2,6.489283088325507,True,100.0,0.995,120,True,1,1
23,2,46,2.226301945600278,True,100.0,0.995,120,True,1,1
23,46,2,2.226301945600278,True,100.0,0.995,120,True,1,1
23,2,47,3.197736449501797,True,100.0,0.995,120,True,1,1
23,47,2,3.197736449501797,True,100.0,0.995,120,True,1,1
23,3,4,2.9457689071911197,True,100.0,0.995,120,False,1,1
23,4,3,2.9457689071911197,True,100.0,0.995,120,False,1,1
23,3,19,3.7345006671177123,True,100.0,0.995,120,True,1,1
23,19,3,3.7345006671177123,True,100.0,0.995,120,True,1,1
23,3,45,10.926606611496727,True,100.0,0.995,120,True,1,1
23,45,3,10.926606611496727,True,100.0,0.995,120,True,1,1
23,3,46,6.423926301150662,True,100.0,0.995,120,True,1,1
23,46,3,6.423926301150662,True,100.0,0.995,120,True,1,1
23,3,47,1.9769845782643984,True,100.0,0.995,120,True,1,1
23,47,3,1.9769845782643984,True,100.0,0.995,120,True,1,1
23,3,48,3.013167599280819,True,100.0,0.995,120,True,1,1
23,48,3,3.013167599280819,True,100.0,0.995,120,True,1,1
23,4,5,1.6567309414466178,True,100.0,0.995,120,False,1,1
23,5,4,1.6567309414466178,True,100.0,0.995,120,False,1,1
23,4,19,0.8099083358948063,True,100.0,0.995,120,True,1,1
23,19,4,0.8099083358948063,True,100.0,0.995,120,True,1,1
23,4,47,4.717964489652655,True,100.0,0.995,120,True,1,1
23,47,4,4.717964489652655,True,100.0,0.995,120,True,1,1
23,4,48,0.6748547777028814,True,100.0,0.995,120,True,1,1
23,48,4,0.6748547777028814,True,100.0,0.995,120,True,1,1
23,5,6,4.623952935539037,True,100.0,0.995,120,False,1,1
23,6,5,4.623952935539037,True,100.0,0.995,120,False,1,1
23,5,19,0.8758835872058096,True,100.0,0.995,120,True,1,1
23,19,5,0.8758835872058096,True,100.0,0.995,120,True,1,1
23,5,20,5.7401906527493205,True,100.0,0.995,120,True,1,1
23,20,5,5.7401906527493205,True,100.0,0.995,120,True,1,1
23,5,48,1.7592797787365564,True,100.0,0.995,120,True,1,1
23,48,5,1.7592797787365564,True,100.0,0.995,120,True,1,1
23,6,20,1.1247257215688884,True,100.0,0.995,120,True,1,1
23,20,6,1.1247257215688884,True,100.0,0.995,120,True,1,1
23,6,21,1.4350408832199706,True,100.0,0.995,120,True,1,1
23,21,6,1.4350408832199706,True,100.0,0.995,120,True,1,1
23,6,22,3.743121887822271,True,100.0,0.995,120,True,1,1
23,22,6,3.743121887822271,True,100.0,0.995,120,True,1,1
23,6,31,3.0955543804928,True,100.0,0.995,120,True,1,1
23,31,6,3.0955543804928,True,100.0,0.995,120,True,1,1
23,7,8,4.621841274198298,True,100.0,0.995,120,False,1,1
23,8,7,4.621841274198298,True,100.0,0.995,120,False,1,1
23,7,42,13.999699507629716,True,100.0,0.995,120,True,1,1
23,42,7,13.999699507629716,True,100.0,0.995,120,True,1,1
23,7,66,13.528212205472927,True,100.0,0.995,120,True,1,1
23,66,7,13.528212205472927,True,100.0,0.995,120,True,1,1
23,8,9,3.3657601378324036,True,100.0,0.995,120,False,1,1
23,9,8,3.3657601378324036,True,100.0,0.995,120,False,1,1
23,9,10,5.8588867321296965,True,100.0,0.995,120,False,1,1
23,10,9,5.8588867321296965,True,100.0,0.995,120,False,1,1
23,10,11,4.58943714153355,True,100.0,0.995,120,False,1,1
23,11,10,4.58943714153355,True,100.0,0.995,120,False,1,1
23,10,43,12.274512600840426,True,100.0,0.995,120,True,1,1
23,43,10,12.274512600840426,True,100.0,0.995,120,True,1,1
23,11,12,4.64489908755244,True,100.0,0.995,120,False,1,1
23,12,11,4.64489908755244,True,100.0,0.995,120,False,1,1
23,11,43,7.960610878670936,True,100.0,0.995,120,True,1,1
23,43,11,7.960610878670936,True,100.0,0.995,120,True,1,1
23,11,44,12.313006885523116,True,100.0,0.995,120,True,1,1
23,44,11,12.313006885523116,True,100.0,0.995,120,True,1,1
23,12,43,3.7605252709361534,True,100.0,0.995,120,True,1,1
23,43,12,3.7605252709361534,True,100.0,0.995,120,True,1,1
23,12,44,7.866428239178422,True,100.0,0.995,120,True,1,1
23,44,12,7.866428239178422,True,100.0,0.995,120,True,1,1
23,12,45,12.235362159926112,True,100.0,0.995,120,True,1,1
23,45,12,12.235362159926112,True,100.0,0.995,120,True,1,1
23,13,14,0.11377758609257722,True,100.0,0.995,120,False,1,1
23,14,13,0.11377758609257722,True,100.0,0.995,120,False,1,1
23,13,23,2.360540447865315,True,100.0,0.995,120,True,1,1
23,23,13,2.360540447865315,True,100.0,0.995,120,True,1,1
23,13,24,2.2574230953380576,True,100.0,0.995,120,True,1,1
23,24,13,2.2574230953380576,True,100.0,0.995,120,True,1,1
23,13,33,5.350045733904809,True,100.0,0.995,120,True,1,1
23,33,13,5.350045733904809,True,100.0,0.995,120,True,1,1
23,13,34,0.8797615432995656,True,100.0,0.995,120,True,1,1
23,34,13,0.8797615432995656,True,100.0,0.995,120,True,1,1
23,13,35,0.8415146999685902,True,100.0,0.995,120,True,1,1
23,35,13,0.8415146999685902,True,100.0,0.995,120,True,1,1
23,13,36,1.6922020254467114,True,100.0,0.995,120,True,1,1
23,36,13,1.6922020254467114,True,100.0,0.995,120,True,1,1
23,14,15,4.549357886015903,True,100.0,0.995,120,False,1,1
23,15,14,4.549357886015903,True,100.0,0.995,120,False,1,1
23,14,24,2.207799761954272,True,100.0,0.995,120,True,1,1
23,24,14,2.207799761954272,True,100.0,0.995,120,True,1,1
23,14,34,0.8772495699525117,True,100.0,0.995,120,True,1,1
23,34,14,0.8772495699525117,True,100.0,0.995,120,True,1,1
23,14,35,0.8297649746257989,True,100.0,0.995,120,True,1,1
23,35,14,0.8297649746257989,True,100.0,0.995,120,True,1,1
23,14,36,1.6205964542515177,True,100.0,0.995,120,True,1,1
23,36,14,1.6205964542515177,True,100.0,0.995,120,True,1,1
23,15,16,1.4342322724152885,True,100.0,0.995,120,False,1,1
23,16,15,1.4342322724152885,True,100.0,0.995,120,False,1,1
23,15,24,2.3501606176076058,True,100.0,0.995,120,True,1,1
23,24,15,2.3501606176076058,True,100.0,0.995,120,True,1,1
23,15,25,4.1233513498132774,True,100.0,0.995,120,True,1,1
23,25,15,4.1233513498132774,True,100.0,0.995,120,True,1,1
23,15,36,3.0276565854515445,True,100.0,0.995,120,True,1,1
23,36,15,3.0276565854515445,True,100.0,0.995,120,True,1,1
23,16,17,0.8835501225056915,True,100.0,0.995,120,False,1,1
23,17,16,0.8835501225056915,True,100.0,0.995,120,False,1,1
23,16,24,3.775994596272598,True,100.0,0.995,120,True,1,1
23,24,16,3.775994596272598,True,100.0,0.995,120,True,1,1
23,16,25,2.7019753880372877,True,100.0,0.995,120,True,1,1
23,25,16,2.7019753880372877,True,100.0,0.995,120,True,1,1
23,16,36,4.432177417622772,True,100.0,0.995,120,True,1,1
23,36,16,4.432177417622772,True,100.0,0.995,120,True,1,1
23,17,18,4.598527872508331,True,100.0,0.995,120,False,1,1
23,18,17,4.598527872508331,True,100.0,0.995,120,False,1,1
23,17,24,4.655272810294358,True,100.0,0.995,120,True,1,1
23,24,17,4.655272810294358,True,100.0,0.995,120,True,1,1
23,17,25,1.8770409469673723,True,100.0,0.995,120,True,1,1
23,25,17,1.8770409469673723,True,100.0,0.995,120,True,1,1
23,17,36,5.313924449969084,True,100.0,0.995,120,True,1,1
23,36,17,5.313924449969084,True,100.0,0.995,120,True,1,1
23,18,25,2.8577236446835905,True,100.0,0.995,120,True,1,1
23,25,18,2.8577236446835905,True,100.0,0.995,120,True,1,1
23,18,26,6.317652948153786,True,100.0,0.995,120,True,1,1
23,26,18,6.317652948153786,True,100.0,0.995,120,True,1,1
23,18,49,2.3786541595952957,True,100.0,0.995,120,True,1,1
23,49,18,2.3786541595952957,True,100.0,0.995,120,True,1,1
23,19,20,6.606501050318058,True,100.0,0.995,120,False,1,1
23,20,19,6.606501050318058,True,100.0,0.995,120,False,1,1
23,19,48,0.9272853737036405,True,100.0,0.995,120,True,1,1
23,48,19,0.9272853737036405,True,100.0,0.995,120,True,1,1
23,20,21,0.3110945439374323,True,100.0,0.995,120,False,1,1
23,21,20,0.3110945439374323,True,100.0,0.995,120,False,1,1
23,20,31,1.973137492650273,True,100.0,0.995,120,True,1,1
23,31,20,1.973137492650273,True,100.0,0.995,120,True,1,1
23,20,32,2.93196509789361,True,100.0,0.995,120,True,1,1
23,32,20,2.93196509789361,True,100.0,0.995,120,True,1,1
23,21,22,2.314032679167708,True,100.0,0.995,120,False,1,1
23,22,21,2.314032679167708,True,100.0,0.995,120,False,1,1
23,21,31,1.6666942633968598,True,100.0,0.995,120,True,1,1
23,31,21,1.6666942633968598,True,100.0,0.995,120,True,1,1
23,21,32,2.6256118918929534,True,100.0,0.995,120,True,1,1
23,32,21,2.6256118918929534,True,100.0,0.995,120,True,1,1
23,22,23,6.937171310808149,True,100.0,0.995,120,False,1,1
23,23,22,6.937171310808149,True,100.0,0.995,120,False,1,1
23,22,31,0.6611212879091583,True,100.0,0.995,120,True,1,1
23,31,22,0.6611212879091583,True,100.0,0.995,120,True,1,1
23,22,32,0.35924717642572074,True,100.0,0.995,120,True,1,1
23,32,22,0.35924717642572074,True,100.0,0.995,120,True,1,1
23,22,33,3.965814819061852,True,100.0,0.995,120,True,1,1
23,33,22,3.965814819061852,True,100.0,0.995,120,True,1,1
23,23,24,4.608160612721503,True,100.0,0.995,120,False,1,1
23,24,23,4.608160612721503,True,100.0,0.995,120,False,1,1
23,23,33,3.0017780221628714,True,100.0,0.995,120,True,1,1
23,33,23,3.0017780221628714,True,100.0,0.995,120,True,1,1
23,23,34,1.640570746072049,True,100.0,0.995,120,True,1,1
23,34,23,1.640570746072049,True,100.0,0.995,120,True,1,1
23,23,35,1.7100700090450291,True,100.0,0.995,120,True,1,1
23,35,23,1.7100700090450291,True,100.0,0.995,120,True,1,1
23,24,36,0.7603463232474837,True,100.0,0.995,120,True,1,1
23,36,24,0.7603463232474837,True,100.0,0.995,120,True,1,1
23,25,26,9.038114236370303,True,100.0,0.995,120,False,1,1
23,26,25,9.038114236370303,True,100.0,0.995,120,False,1,1
23,25,49,4.440874010217896,True,100.0,0.995,120,True,1,1
23,49,25,4.440874010217896,True,100.0,0.995,120,True,1,1
23,26,27,4.8043598323769805,True,100.0,0.995,120,False,1,1
23,27,26,4.8043598323769805,True,100.0,0.995,120,False,1,1
23,26,37,3.1543146695624493,True,100.0,0.995,120,True,1,1
23,37,26,3.1543146695624493,True,100.0,0.995,120,True,1,1
23,26,49,5.028698320677498,True,100.0,0.995,120,True,1,1
23,49,26,5.028698320677498,True,100.0,0.995,120,True,1,1
23,26,50,1.4255855718895787,True,100.0,0.995,120,True,1,1
23,50,26,1.4255855718895787,True,100.0,0.995,120,True,1,1
23,26,55,4.094230778143794,True,100.0,0.995,120,True,1,1
23,55,26,4.094230778143794,True,100.0,0.995,120,True,1,1
23,27,28,9.021218729595956,True,100.0,0.995,120,False,1,1
23,28,27,9.021218729595956,True,100.0,0.995,120,False,1,1
23,27,37,1.9485418347499335,True,100.0,0.995,120,True,1,1
23,37,27,1.9485418347499335,True,100.0,0.995,120,True,1,1
23,27,51,1.4918895544969242,True,100.0,0.995,120,True,1,1
23,51,27,1.4918895544969242,True,100.0,0.995,120,True,1,1
23,27,52,0.07430957216103902,True,100.0,0.995,120,True,1,1
23,52,27,0.07430957216103902,True,100.0,0.995,120,True,1,1
23,27,56,2.2563718912518316,True,100.0,0.995,120,True,1,1
23,56,27,2.2563718912518316,True,100.0,0.995,120,True,1,1
23,27,57,3.212533455891652,True,100.0,0.995,120,True,1,1
23,57,27,3.212533455891652,True,100.0,0.995,120,True,1,1
23,28,29,4.611643389190218,True,100.0,0.995,120,False,1,1
23,29,28,4.611643389190218,True,100.0,0.995,120,False,1,1
23,28,38,2.9835403268571956,True,100.0,0.995,120,True,1,1
23,38,28,2.9835403268571956,True,100.0,0.995,120,True,1,1
23,28,58,3.1547990577818967,True,100.0,0.995,120,True,1,1
23,58,28,3.1547990577818967,True,100.0,0.995,120,True,1,1
23,28,61,2.924927649181546,True,100.0,0.995,120,True,1,1
23,61,28,2.924927649181546,True,100.0,0.995,120,True,1,1
23,29,30,4.620754373147092,True,100.0,0.995,120,False,1,1
23,30,29,4.620754373147092,True,100.0,0.995,120,False,1,1
23,29,39,0.829463978567764,True,100.0,0.995,120,True,1,1
23,39,29,0.829463978567764,True,100.0,0.995,120,True,1,1
23,29,59,2.0693941591499843,True,100.0,0.995,120,True,1,1
23,59,29,2.0693941591499843,True,100.0,0.995,120,True,1,1
23,29,62,2.7778823544633533,True,100.0,0.995,120,True,1,1
23,62,29,2.7778823544633533,True,100.0,0.995,120,True,1,1
23,30,40,3.8623075499519106,True,100.0,0.995,120,True,1,1
23,40,30,3.8623075499519106,True,100.0,0.995,120,True,1,1
23,30,60,1.7849420190037633,True,100.0,0.995,120,True,1,1
23,60,30,1.7849420190037633,True,100.0,0.995,120,True,1,1
23,30,63,2.5163073217601903,True,100.0,0.995,120,True,1,1
23,63,30,2.5163073217601903,True,100.0,0.995,120,True,1,1
23,30,64,7.685008152834533,True,100.0,0.995,120,True,1,1
23,64,30,7.685008152834533,True,100.0,0.995,120,True,1,1
23,31,32,0.9590466102705161,True,100.0,0.995,120,False,1,1
23,32,31,0.9590466102705161,True,100.0,0.995,120,False,1,1
23,32,33,3.656345540541837,True,100.0,0.995,120,False,1,1
23,33,32,3.656345540541837,True,100.0,0.995,120,False,1,1
23,33,34,4.589294672532447,True,100.0,0.995,120,False,1,1
23,34,33,4.589294672532447,True,100.0,0.995,120,False,1,1
23,34,35,0.08376504230571112,True,100.0,0.995,120,False,1,1
23,35,34,0.08376504230571112,True,100.0,0.995,120,False,1,1
23,35,36,2.304394442397523,True,100.0,0.995,120,False,1,1
23,36,35,2.304394442397523,True,100.0,0.995,120,False,1,1
23,37,38,8.015545153805293,True,100.0,0.995,120,False,1,1
23,38,37,8.015545153805293,True,100.0,0.995,120,False,1,1
23,37,50,3.361198187131576,True,100.0,0.995,120,True,1,1
23,50,37,3.361198187131576,True,100.0,0.995,120,True,1,1
23,37,51,1.5736766711360914,True,100.0,0.995,120,True,1,1
23,51,37,1.5736766711360914,True,100.0,0.995,120,True,1,1
23,37,52,1.8816838843494506,True,100.0,0.995,120,True,1,1
23,52,37,1.8816838843494506,True,100.0,0.995,120,True,1,1
23,37,55,1.3875826298680725,True,100.0,0.995,120,True,1,1
23,55,37,1.3875826298680725,True,100.0,0.995,120,True,1,1
23,38,39,8.020860501471292,True,100.0,0.995,120,False,1,1
23,39,38,8.020860501471292,True,100.0,0.995,120,False,1,1
23,38,53,2.133275593956978,True,100.0,0.995,120,True,1,1
23,53,38,2.133275593956978,True,100.0,0.995,120,True,1,1
23,38,54,0.7111584684525319,True,100.0,0.995,120,True,1,1
23,54,38,0.7111584684525319,True,100.0,0.995,120,True,1,1
23,38,58,1.5382381784681884,True,100.0,0.995,120,True,1,1
23,58,38,1.5382381784681884,True,100.0,0.995,120,True,1,1
23,38,61,2.15314908300801,True,100.0,0.995,120,True,1,1
23,61,38,2.15314908300801,True,100.0,0.995,120,True,1,1
23,39,40,8.016999195484123,True,100.0,0.995,120,False,1,1
23,40,39,8.016999195484123,True,100.0,0.995,120,False,1,1
23,39,59,1.9127142897084735,True,100.0,0.995,120,True,1,1
23,59,39,1.9127142897084735,True,100.0,0.995,120,True,1,1
23,39,60,3.3901379837290344,True,100.0,0.995,120,True,1,1
23,60,39,3.3901379837290344,True,100.0,0.995,120,True,1,1
23,39,62,2.682284323379441,True,100.0,0.995,120,True,1,1
23,62,39,2.682284323379441,True,100.0,0.995,120,True,1,1
23,39,63,2.8885826433322634,True,100.0,0.995,120,True,1,1
23,63,39,2.8885826433322634,True,100.0,0.995,120,True,1,1
23,40,41,8.02116524349662,True,100.0,0.995,120,False,1,1
23,41,40,8.02116524349662,True,100.0,0.995,120,False,1,1
23,40,60,4.885511839924933,True,100.0,0.995,120,True,1,1
23,60,40,4.885511839924933,True,100.0,0.995,120,True,1,1
23,40,64,3.9185053824525977,True,100.0,0.995,120,True,1,1
23,64,40,3.9185053824525977,True,100.0,0.995,120,True,1,1
23,40,65,8.425617100235911,True,100.0,0.995,120,True,1,1
23,65,40,8.425617100235911,True,100.0,0.995,120,True,1,1
23,41,42,8.01777884923766,True,100.0,0.995,120,False,1,1
23,42,41,8.01777884923766,True,100.0,0.995,120,False,1,1
23,41,64,4.282003019788892,True,100.0,0.995,120,True,1,1
23,64,41,4.282003019788892,True,100.0,0.995,120,True,1,1
23,41,65,0.7044930570065517,True,100.0,0.995,120,True,1,1
23,65,41,0.7044930570065517,True,100.0,0.995,120,True,1,1
23,41,66,8.488164647154923,True,100.0,0.995,120,True,1,1
23,66,41,8.488164647154923,True,100.0,0.995,120,True,1,1
23,42,64,12.095170625719184,True,100.0,0.995,120,True,1,1
23,64,42,12.095170625719184,True,100.0,0.995,120,True,1,1
23,42,65,7.56014140141104,True,100.0,0.995,120,True,1,1
23,65,42,7.56014140141104,True,100.0,0.995,120,True,1,1
23,42,66,0.5167879339537491,True,100.0,0.995,120,True,1,1
23,66,42,0.5167879339537491,True,100.0,0.995,120,True,1,1
23,43,44,4.6198198955767875,True,100.0,0.995,120,False,1,1
23,44,43,4.6198198955767875,True,100.0,0.995,120,False,1,1
23,44,45,4.616367245163662,True,100.0,0.995,120,False,1,1
23,45,44,4.616367245163662,True,100.0,0.995,120,False,1,1
23,45,46,4.610717128079571,True,100.0,0.995,120,False,1,1
23,46,45,4.610717128079571,True,100.0,0.995,120,False,1,1
23,46,47,4.62933914974918,True,100.0,0.995,120,False,1,1
23,47,46,4.62933914974918,True,100.0,0.995,120,False,1,1
23,47,48,4.598772267217114,True,100.0,0.995,120,False,1,1
23,48,47,4.598772267217114,True,100.0,0.995,120,False,1,1
23,49,50,4.617255619325435,True,100.0,0.995,120,False,1,1
23,50,49,4.617255619325435,True,100.0,0.995,120,False,1,1
23,50,51,4.637502286465097,True,100.0,0.995,120,False,1,1
23,51,50,4.637502286465097,True,100.0,0.995,120,False,1,1
23,50,55,3.8406284255136853,True,100.0,0.995,120,True,1,1
23,55,50,3.8406284255136853,True,100.0,0.995,120,True,1,1
23,51,52,1.474566769839989,True,100.0,0.995,120,False,1,1
23,52,51,1.474566769839989,True,100.0,0.995,120,False,1,1
23,51,55,1.0425220472390269,True,100.0,0.995,120,True,1,1
23,55,51,1.0425220472390269,True,100.0,0.995,120,True,1,1
23,51,56,0.9631919655720277,True,100.0,0.995,120,True,1,1
23,56,51,0.9631919655720277,True,100.0,0.995,120,True,1,1
23,51,57,2.8616079071254523,True,100.0,0.995,120,True,1,1
23,57,51,2.8616079071254523,True,100.0,0.995,120,True,1,1
23,52,53,4.49699426349539,True,100.0,0.995,120,False,1,1
23,53,52,4.49699426349539,True,100.0,0.995,120,False,1,1
23,52,55,2.3410388258578894,True,100.0,0.995,120,True,1,1
23,55,52,2.3410388258578894,True,100.0,0.995,120,True,1,1
23,52,56,2.2619379044322843,True,100.0,0.995,120,True,1,1
23,56,52,2.2619379044322843,True,100.0,0.995,120,True,1,1
23,53,54,1.9869105599686414,True,100.0,0.995,120,False,1,1
23,54,53,1.9869105599686414,True,100.0,0.995,120,False,1,1
23,53,57,1.94786898921895,True,100.0,0.995,120,True,1,1
23,57,53,1.94786898921895,True,100.0,0.995,120,True,1,1
23,53,58,2.6496297663199515,True,100.0,0.995,120,True,1,1
23,58,53,2.6496297663199515,True,100.0,0.995,120,True,1,1
23,54,58,0.9623096281354142,True,100.0,0.995,120,True,1,1
23,58,54,0.9623096281354142,True,100.0,0.995,120,True,1,1
23,54,61,1.6352511733055561,True,100.0,0.995,120,True,1,1
23,61,54,1.6352511733055561,True,100.0,0.995,120,True,1,1
23,55,56,1.38206538638155,True,100.0,0.995,120,False,1,1
23,56,55,1.38206538638155,True,100.0,0.995,120,False,1,1
23,56,57,2.2987019010990184,True,100.0,0.995,120,False,1,1
23,57,56,2.2987019010990184,True,100.0,0.995,120,False,1,1
23,57,58,4.337765656582721,True,100.0,0.995,120,False,1,1
23,58,57,4.337765656582721,True,100.0,0.995,120,False,1,1
23,58,59,5.97121661538006,True,100.0,0.995,120,False,1,1
23,59,58,5.97121661538006,True,100.0,0.995,120,False,1,1
23,58,61,0.7747320341857995,True,100.0,0.995,120,True,1,1
23,61,58,0.7747320341857995,True,100.0,0.995,120,True,1,1
23,59,60,4.677272952563303,True,100.0,0.995,120,False,1,1
23,60,59,4.677272952563303,True,100.0,0.995,120,False,1,1
23,59,62,0.7733369476628803,True,100.0,0.995,120,True,1,1
23,62,59,0.7733369476628803,True,100.0,0.995,120,True,1,1
23,60,63,0.8035695899552527,True,100.0,0.995,120,True,1,1
23,63,60,0.8035695899552527,True,100.0,0.995,120,True,1,1
23,61,62,4.621808240693758,True,100.0,0.995,120,False,1,1
23,62,61,4.621808240693758,True,100.0,0.995,120,False,1,1
23,62,63,4.615268049974413,True,100.0,0.995,120,False,1,1
23,63,62,4.615268049974413,True,100.0,0.995,120,False,1,1
23,63,64,9.203414295518103,True,100.0,0.995,120,False,1,1
23,64,63,9.203414295518103,True,100.0,0.995,120,False,1,1
23,64,65,4.613350824839645,True,100.0,0.995,120,False,1,1
23,65,64,4.613350824839645,True,100.0,0.995,120,False,1,1
23,65,66,8.034531354328747,True,100.0,0.995,120,False,1,1
23,66,65,8.034531354328747,True,100.0,0.995,120,False,1,1
24,1,2,4.606856854823441,True,100.0,0.995,120,False,1,1
24,2,1,4.606856854823441,True,100.0,0.995,120,False,1,1
24,1,43,11.030219722507315,True,100.0,0.995,120,True,1,1
24,43,1,11.030219722507315,True,100.0,0.995,120,True,1,1
24,1,44,6.591872814516738,True,100.0,0.995,120,True,1,1
24,44,1,6.591872814516738,True,100.0,0.995,120,True,1,1
24,1,45,2.483028961074571,True,100.0,0.995,120,True,1,1
24,45,1,2.483028961074571,True,100.0,0.995,120,True,1,1
24,1,46,3.3513130603348404,True,100.0,0.995,120,True,1,1
24,46,1,3.3513130603348404,True,100.0,0.995,120,True,1,1
24,2,3,4.63681781231356,True,100.0,0.995,120,False,1,1
24,3,2,4.63681781231356,True,100.0,0.995,120,False,1,1
24,2,44,10.96014403373142,True,100.0,0.995,120,True,1,1
24,44,2,10.96014403373142,True,100.0,0.995,120,True,1,1
24,2,45,6.483688874407286,True,100.0,0.995,120,True,1,1
24,45,2,6.483688874407286,True,100.0,0.995,120,True,1,1
24,2,46,2.211147795525136,True,100.0,0.995,120,True,1,1
24,46,2,2.211147795525136,True,100.0,0.995,120,True,1,1
24,2,47,3.188284863757779,True,100.0,0.995,120,True,1,1
24,47,2,3.188284863757779,True,100.0,0.995,120,True,1,1
24,3,4,2.9449643887553765,True,100.0,0.995,120,False,1,1
24,4,3,2.9449643887553765,True,100.0,0.995,120,False,1,1
24,3,19,3.733422302185777,True,100.0,0.995,120,True,1,1
24,19,3,3.733422302185777,True,100.0,0.995,120,True,1,1
24,3,45,10.92322597510641,True,100.0,0.995,120,True,1,1
24,45,3,10.92322597510641,True,100.0,0.995,120,True,1,1
24,3,46,6.418907452116052,True,100.0,0.995,120,True,1,1
24,46,3,6.418907452116052,True,100.0,0.995,120,True,1,1
24,3,47,1.9632893609951603,True,100.0,0.995,120,True,1,1
24,47,3,1.9632893609951603,True,100.0,0.995,120,True,1,1
24,3,48,3.0061818991512483,True,100.0,0.995,120,True,1,1
24,48,3,3.0061818991512483,True,100.0,0.995,120,True,1,1
24,4,5,1.6573797076244463,True,100.0,0.995,120,False,1,1
24,5,4,1.6573797076244463,True,100.0,0.995,120,False,1,1
24,4,19,0.8075835918420653,True,100.0,0.995,120,True,1,1
24,19,4,0.8075835918420653,True,100.0,0.995,120,True,1,1
24,4,47,4.711285906177895,True,100.0,0.995,120,True,1,1
24,47,4,4.711285906177895,True,100.0,0.995,120,True,1,1
24,4,48,0.6443978129152652,True,100.0,0.995,120,True,1,1
24,48,4,0.6443978129152652,True,100.0,0.995,120,True,1,1
24,5,6,4.623941230061641,True,100.0,0.995,120,False,1,1
24,6,5,4.623941230061641,True,100.0,0.995,120,False,1,1
24,5,19,0.875665852206008,True,100.0,0.995,120,True,1,1
24,19,5,0.875665852206008,True,100.0,0.995,120,True,1,1
24,5,20,5.740036797348331,True,100.0,0.995,120,True,1,1
24,20,5,5.740036797348331,True,100.0,0.995,120,True,1,1
24,5,48,1.7512273800385998,True,100.0,0.995,120,True,1,1
24,48,5,1.7512273800385998,True,100.0,0.995,120,True,1,1
24,6,20,1.1250459267454058,True,100.0,0.995,120,True,1,1
24,20,6,1.1250459267454058,True,100.0,0.995,120,True,1,1
24,6,21,1.434724559207594,True,100.0,0.995,120,True,1,1
24,21,6,1.434724559207594,True,100.0,0.995,120,True,1,1
24,6,22,3.7426613502409283,True,100.0,0.995,120,True,1,1
24,22,6,3.7426613502409283,True,100.0,0.995,120,True,1,1
24,6,31,3.0963380309743487,True,100.0,0.995,120,True,1,1
24,31,6,3.0963380309743487,True,100.0,0.995,120,True,1,1
24,7,8,4.621828617495638,True,100.0,0.995,120,False,1,1
24,8,7,4.621828617495638,True,100.0,0.995,120,False,1,1
24,7,42,14.00498792260442,True,100.0,0.995,120,True,1,1
24,42,7,14.00498792260442,True,100.0,0.995,120,True,1,1
24,7,66,13.535055628744637,True,100.0,0.995,120,True,1,1
24,66,7,13.535055628744637,True,100.0,0.995,120,True,1,1
24,8,9,3.365359757114121,True,100.0,0.995,120,False,1,1
24,9,8,3.365359757114121,True,100.0,0.995,120,False,1,1
24,9,10,5.859244194201082,True,100.0,0.995,120,False,1,1
24,10,9,5.859244194201082,True,100.0,0.995,120,False,1,1
24,10,11,4.589400644785042,True,100.0,0.995,120,False,1,1
24,11,10,4.589400644785042,True,100.0,0.995,120,False,1,1
24,10,43,12.274206894243772,True,100.0,0.995,120,True,1,1
24,43,10,12.274206894243772,True,100.0,0.995,120,True,1,1
24,11,12,4.644868671590368,True,100.0,0.995,120,False,1,1
24,12,11,4.644868671590368,True,100.0,0.995,120,False,1,1
24,11,43,7.959267626818579,True,100.0,0.995,120,True,1,1
24,43,11,7.959267626818579,True,100.0,0.995,120,True,1,1
24,11,44,12.311512380710596,True,100.0,0.995,120,True,1,1
24,44,11,12.311512380710596,True,100.0,0.995,120,True,1,1
24,12,43,3.756414574707494,True,100.0,0.995,120,True,1,1
24,43,12,3.756414574707494,True,100.0,0.995,120,True,1,1
24,12,44,7.863708550463074,True,100.0,0.995,120,True,1,1
24,44,12,7.863708550463074,True,100.0,0.995,120,True,1,1
24,12,45,12.233183227337596,True,100.0,0.995,120,True,1,1
24,45,12,12.233183227337596,True,100.0,0.995,120,True,1,1
24,13,14,0.11528979541491725,True,100.0,0.995,120,False,1,1
24,14,13,0.11528979541491725,True,100.0,0.995,120,False,1,1
24,13,23,2.360616514661457,True,100.0,0.995,120,True,1,1
24,23,13,2.360616514661457,True,100.0,0.995,120,True,1,1
24,13,24,2.257501646985595,True,100.0,0.995,120,True,1,1
24,24,13,2.257501646985595,True,100.0,0.995,120,True,1,1
24,13,33,5.349995965560227,True,100.0,0.995,120,True,1,1
24,33,13,5.349995965560227,True,100.0,0.995,120,True,1,1
24,13,34,0.8836541630327197,True,100.0,0.995,120,True,1,1
24,34,13,0.8836541630327197,True,100.0,0.995,120,True,1,1
24,13,35,0.8455595544304457,True,100.0,0.995,120,True,1,1
24,35,13,0.8455595544304457,True,100.0,0.995,120,True,1,1
24,13,36,1.6942849055207088,True,100.0,0.995,120,True,1,1
24,36,13,1.6942849055207088,True,100.0,0.995,120,True,1,1
24,14,15,4.5487588621584925,True,100.0,0.995,120,False,1,1
24,15,14,4.5487588621584925,True,100.0,0.995,120,False,1,1
24,14,24,2.2071437063103567,True,100.0,0.995,120,True,1,1
24,24,14,2.2071437063103567,True,100.0,0.995,120,True,1,1
24,14,34,0.8803624672218825,True,100.0,0.995,120,True,1,1
24,34,14,0.8803624672218825,True,100.0,0.995,120,True,1,1
24,14,35,0.8328267889884565,True,100.0,0.995,120,True,1,1
24,35,14,0.8328267889884565,True,100.0,0.995,120,True,1,1
24,14,36,1.6213297732898737,True,100.0,0.995,120,True,1,1
24,36,14,1.6213297732898737,True,100.0,0.995,120,True,1,1
24,15,16,1.434870937056417,True,100.0,0.995,120,False,1,1
24,16,15,1.434870937056417,True,100.0,0.995,120,False,1,1
24,15,24,2.3502283916938693,True,100.0,0.995,120,True,1,1
24,24,15,2.3502283916938693,True,100.0,0.995,120,True,1,1
24,15,25,4.126168618196591,True,100.0,0.995,120,True,1,1
24,25,15,4.126168618196591,True,100.0,0.995,120,True,1,1
24,15,36,3.0287611886141637,True,100.0,0.995,120,True,1,1
24,36,15,3.0287611886141637,True,100.0,0.995,120,True,1,1
24,16,17,0.8830563249419502,True,100.0,0.995,120,False,1,1
24,17,16,0.8830563249419502,True,100.0,0.995,120,False,1,1
24,16,24,3.7766309998186993,True,100.0,0.995,120,True,1,1
24,24,16,3.7766309998186993,True,100.0,0.995,120,True,1,1
24,16,25,2.704279592436968,True,100.0,0.995,120,True,1,1
24,25,16,2.704279592436968,True,100.0,0.995,120,True,1,1
24,16,36,4.433357870746233,True,100.0,0.995,120,True,1,1
24,36,16,4.433357870746233,True,100.0,0.995,120,True,1,1
24,17,18,4.598610183468496,True,100.0,0.995,120,False,1,1
24,18,17,4.598610183468496,True,100.0,0.995,120,False,1,1
24,17,24,4.655360687797602,True,100.0,0.995,120,True,1,1
24,24,17,4.655360687797602,True,100.0,0.995,120,True,1,1
24,17,25,1.8805825666268468,True,100.0,0.995,120,True,1,1
24,25,17,1.8805825666268468,True,100.0,0.995,120,True,1,1
24,17,36,5.314612497713504,True,100.0,0.995,120,True,1,1
24,36,17,5.314612497713504,True,100.0,0.995,120,True,1,1
24,18,25,2.856478838310857,True,100.0,0.995,120,True,1,1
24,25,18,2.856478838310857,True,100.0,0.995,120,True,1,1
24,18,26,6.318601906657967,True,100.0,0.995,120,True,1,1
24,26,18,6.318601906657967,True,100.0,0.995,120,True,1,1
24,18,49,2.3869360696451762,True,100.0,0.995,120,True,1,1
24,49,18,2.3869360696451762,True,100.0,0.995,120,True,1,1
24,19,20,6.607037913600348,True,100.0,0.995,120,False,1,1
24,20,19,6.607037913600348,True,100.0,0.995,120,False,1,1
24,19,48,0.9173398398864709,True,100.0,0.995,120,True,1,1
24,48,19,0.9173398398864709,True,100.0,0.995,120,True,1,1
24,20,21,0.31053111082276263,True,100.0,0.995,120,False,1,1
24,21,20,0.31053111082276263,True,100.0,0.995,120,False,1,1
24,20,31,1.9735607106139113,True,100.0,0.995,120,True,1,1
24,31,20,1.9735607106139113,True,100.0,0.995,120,True,1,1
24,20,32,2.931747116776843,True,100.0,0.995,120,True,1,1
24,32,20,2.931747116776843,True,100.0,0.995,120,True,1,1
24,21,22,2.314056849981466,True,100.0,0.995,120,False,1,1
24,22,21,2.314056849981466,True,100.0,0.995,120,False,1,1
24,21,31,1.6677601663858446,True,100.0,0.995,120,True,1,1
24,31,21,1.6677601663858446,True,100.0,0.995,120,True,1,1
24,21,32,2.626035744639351,True,100.0,0.995,120,True,1,1
24,32,21,2.626035744639351,True,100.0,0.995,120,True,1,1
24,22,23,6.937245658840201,True,100.0,0.995,120,False,1,1
24,23,22,6.937245658840201,True,100.0,0.995,120,False,1,1
24,22,31,0.6618259696232269,True,100.0,0.995,120,True,1,1
24,31,22,0.6618259696232269,True,100.0,0.995,120,True,1,1
24,22,32,0.3642303862879036,True,100.0,0.995,120,True,1,1
24,32,22,0.3642303862879036,True,100.0,0.995,120,True,1,1
24,22,33,3.9668651705501214,True,100.0,0.995,120,True,1,1
24,33,22,3.9668651705501214,True,100.0,0.995,120,True,1,1
24,23,24,4.608193339677144,True,100.0,0.995,120,False,1,1
24,24,23,4.608193339677144,True,100.0,0.995,120,False,1,1
24,23,33,3.001736319334822,True,100.0,0.995,120,True,1,1
24,33,23,3.001736319334822,True,100.0,0.995,120,True,1,1
24,23,34,1.6417837666333879,True,100.0,0.995,120,True,1,1
24,34,23,1.6417837666333879,True,100.0,0.995,120,True,1,1
24,23,35,1.7121308686472576,True,100.0,0.995,120,True,1,1
24,35,23,1.7121308686472576,True,100.0,0.995,120,True,1,1
24,24,36,0.7634003103077321,True,100.0,0.995,120,True,1,1
24,36,24,0.7634003103077321,True,100.0,0.995,120,True,1,1
24,25,26,9.036879257774762,True,100.0,0.995,120,False,1,1
24,26,25,9.036879257774762,True,100.0,0.995,120,False,1,1
24,25,49,4.4417817477331765,True,100.0,0.995,120,True,1,1
24,49,25,4.4417817477331765,True,100.0,0.995,120,True,1,1
24,26,27,4.804150601069027,True,100.0,0.995,120,False,1,1
24,27,26,4.804150601069027,True,100.0,0.995,120,False,1,1
24,26,37,3.1504872246771645,True,100.0,0.995,120,True,1,1
24,37,26,3.1504872246771645,True,100.0,0.995,120,True,1,1
24,26,49,5.030113463969456,True,100.0,0.995,120,True,1,1
24,49,26,5.030113463969456,True,100.0,0.995,120,True,1,1
24,26,50,1.4289314179940822,True,100.0,0.995,120,True,1,1
24,50,26,1.4289314179940822,True,100.0,0.995,120,True,1,1
24,26,55,4.093941434963805,True,100.0,0.995,120,True,1,1
24,55,26,4.093941434963805,True,100.0,0.995,120,True,1,1
24,27,28,9.021579859056418,True,100.0,0.995,120,False,1,1
24,28,27,9.021579859056418,True,100.0,0.995,120,False,1,1
24,27,37,1.9522776697565363,True,100.0,0.995,120,True,1,1
24,37,27,1.9522776697565363,True,100.0,0.995,120,True,1,1
24,27,51,1.4918737414520293,True,100.0,0.995,120,True,1,1
24,51,27,1.4918737414520293,True,100.0,0.995,120,True,1,1
24,27,52,0.07419302188603318,True,100.0,0.995,120,True,1,1
24,52,27,0.07419302188603318,True,100.0,0.995,120,True,1,1
24,27,56,2.256384199815781,True,100.0,0.995,120,True,1,1
24,56,27,2.256384199815781,True,100.0,0.995,120,True,1,1
24,27,57,3.213058664372804,True,100.0,0.995,120,True,1,1
24,57,27,3.213058664372804,True,100.0,0.995,120,True,1,1
24,28,29,4.611644829348648,True,100.0,0.995,120,False,1,1
24,29,28,4.611644829348648,True,100.0,0.995,120,False,1,1
24,28,38,2.987091156708484,True,100.0,0.995,120,True,1,1
24,38,28,2.987091156708484,True,100.0,0.995,120,True,1,1
24,28,58,3.1517705002403678,True,100.0,0.995,120,True,1,1
24,58,28,3.1517705002403678,True,100.0,0.995,120,True,1,1
24,28,61,2.917117479463978,True,100.0,0.995,120,True,1,1
24,61,28,2.917117479463978,True,100.0,0.995,120,True,1,1
24,29,30,4.620796443782333,True,100.0,0.995,120,False,1,1
24,30,29,4.620796443782333,True,100.0,0.995,120,False,1,1
24,29,39,0.8232077805667821,True,100.0,0.995,120,True,1,1
24,39,29,0.8232077805667821,True,100.0,0.995,120,True,1,1
24,29,59,2.0582093136264126,True,100.0,0.995,120,True,1,1
24,59,29,2.0582093136264126,True,100.0,0.995,120,True,1,1
24,29,62,2.765881925093535,True,100.0,0.995,120,True,1,1
24,62,29,2.765881925093535,True,100.0,0.995,120,True,1,1
24,30,40,3.857329768691493,True,100.0,0.995,120,True,1,1
24,40,30,3.857329768691493,True,100.0,0.995,120,True,1,1
24,30,60,1.771209822522766,True,100.0,0.995,120,True,1,1
24,60,30,1.771209822522766,True,100.0,0.995,120,True,1,1
24,30,63,2.50191987569247,True,100.0,0.995,120,True,1,1
24,63,30,2.50191987569247,True,100.0,0.995,120,True,1,1
24,30,64,7.680277724126374,True,100.0,0.995,120,True,1,1
24,64,30,7.680277724126374,True,100.0,0.995,120,True,1,1
24,31,32,0.9583944148258142,True,100.0,0.995,120,False,1,1
24,32,31,0.9583944148258142,True,100.0,0.995,120,False,1,1
24,32,33,3.65726415295567,True,100.0,0.995,120,False,1,1
24,33,32,3.65726415295567,True,100.0,0.995,120,False,1,1
24,33,34,4.588610386676151,True,100.0,0.995,120,False,1,1
24,34,33,4.588610386676151,True,100.0,0.995,120,False,1,1
24,34,35,0.0844965542399927,True,100.0,0.995,120,False,1,1
24,35,34,0.0844965542399927,True,100.0,0.995,120,False,1,1
24,35,36,2.3037451724691973,True,100.0,0.995,120,False,1,1
24,36,35,2.3037451724691973,True,100.0,0.995,120,False,1,1
24,37,38,8.015625839782105,True,100.0,0.995,120,False,1,1
24,38,37,8.015625839782105,True,100.0,0.995,120,False,1,1
24,37,50,3.357339566898907,True,100.0,0.995,120,True,1,1
24,50,37,3.357339566898907,True,100.0,0.995,120,True,1,1
24,37,51,1.5776612903722527,True,100.0,0.995,120,True,1,1
24,51,37,1.5776612903722527,True,100.0,0.995,120,True,1,1
24,37,52,1.8855020776788602,True,100.0,0.995,120,True,1,1
24,52,37,1.8855020776788602,True,100.0,0.995,120,True,1,1
24,37,55,1.389488226869011,True,100.0,0.995,120,True,1,1
24,55,37,1.389488226869011,True,100.0,0.995,120,True,1,1
24,38,39,8.020894294409347,True,100.0,0.995,120,False,1,1
24,39,38,8.020894294409347,True,100.0,0.995,120,False,1,1
24,38,53,2.1287694438732254,True,100.0,0.995,120,True,1,1
24,53,38,2.1287694438732254,True,100.0,0.995,120,True,1,1
24,38,54,0.7092707838096936,True,100.0,0.995,120,True,1,1
24,54,38,0.7092707838096936,True,100.0,0.995,120,True,1,1
24,38,58,1.5346577014343152,True,100.0,0.995,120,True,1,1
24,58,38,1.5346577014343152,True,100.0,0.995,120,True,1,1
24,38,61,2.15102912907912,True,100.0,0.995,120,True,1,1
24,61,38,2.15102912907912,True,100.0,0.995,120,True,1,1
24,39,40,8.017012600196976,True,100.0,0.995,120,False,1,1
24,40,39,8.017012600196976,True,100.0,0.995,120,False,1,1
24,39,59,1.9044441459641481,True,100.0,0.995,120,True,1,1
24,59,39,1.9044441459641481,True,100.0,0.995,120,True,1,1
24,39,60,3.391199101286444,True,100.0,0.995,120,True,1,1
24,60,39,3.391199101286444,True,100.0,0.995,120,True,1,1
24,39,62,2.6727316647548323,True,100.0,0.995,120,True,1,1
24,62,39,2.6727316647548323,True,100.0,0.995,120,True,1,1
24,39,63,2.8861113590086527,True,100.0,0.995,120,True,1,1
24,63,39,2.8861113590086527,True,100.0,0.995,120,True,1,1
24,40,41,8.021149379892515,True,100.0,0.995,120,False,1,1
24,41,40,8.021149379892515,True,100.0,0.995,120,False,1,1
24,40,60,4.879237582072842,True,100.0,0.995,120,True,1,1
24,60,40,4.879237582072842,True,100.0,0.995,120,True,1,1
24,40,64,3.9180655711077104,True,100.0,0.995,120,True,1,1
24,64,40,3.9180655711077104,True,100.0,0.995,120,True,1,1
24,40,65,8.427965231052932,True,100.0,0.995,120,True,1,1
24,65,40,8.427965231052932,True,100.0,0.995,120,True,1,1
24,41,42,8.01782845135862,True,100.0,0.995,120,False,1,1
24,42,41,8.01782845135862,True,100.0,0.995,120,False,1,1
24,41,64,4.27473928845148,True,100.0,0.995,120,True,1,1
24,64,41,4.27473928845148,True,100.0,0.995,120,True,1,1
24,41,65,0.6929918909654251,True,100.0,0.995,120,True,1,1
24,65,41,0.6929918909654251,True,100.0,0.995,120,True,1,1
24,41,66,8.489162010658582,True,100.0,0.995,120,True,1,1
24,66,41,8.489162010658582,True,100.0,0.995,120,True,1,1
24,42,64,12.09049309876008,True,100.0,0.995,120,True,1,1
24,64,42,12.09049309876008,True,100.0,0.995,120,True,1,1
24,42,65,7.555515866199645,True,100.0,0.995,120,True,1,1
24,65,42,7.555515866199645,True,100.0,0.995,120,True,1,1
24,42,66,0.5225412450334982,True,100.0,0.995,120,True,1,1
24,66,42,0.5225412450334982,True,100.0,0.995,120,True,1,1
24,43,44,4.6197263720057915,True,100.0,0.995,120,False,1,1
24,44,43,4.6197263720057915,True,100.0,0.995,120,False,1,1
24,44,45,4.6163208580251105,True,100.0,0.995,120,False,1,1
24,45,44,4.6163208580251105,True,100.0,0.995,120,False,1,1
24,45,46,4.610633232730555,True,100.0,0.995,120,False,1,1
24,46,45,4.610633232730555,True,100.0,0.995,120,False,1,1
24,46,47,4.629303261240905,True,100.0,0.995,120,False,1,1
24,47,46,4.629303261240905,True,100.0,0.995,120,False,1,1
24,47,48,4.59871725336346,True,100.0,0.995,120,False,1,1
24,48,47,4.59871725336346,True,100.0,0.995,120,False,1,1
24,49,50,4.617303976604719,True,100.0,0.995,120,False,1,1
24,50,49,4.617303976604719,True,100.0,0.995,120,False,1,1
24,50,51,4.637592759469736,True,100.0,0.995,120,False,1,1
24,51,50,4.637592759469736,True,100.0,0.995,120,False,1,1
24,50,55,3.8387419862019607,True,100.0,0.995,120,True,1,1
24,55,50,3.8387419862019607,True,100.0,0.995,120,True,1,1
24,51,52,1.4746193553523157,True,100.0,0.995,120,False,1,1
24,52,51,1.4746193553523157,True,100.0,0.995,120,False,1,1
24,51,55,1.0445276696481258,True,100.0,0.995,120,True,1,1
24,55,51,1.0445276696481258,True,100.0,0.995,120,True,1,1
24,51,56,0.9618484060912859,True,100.0,0.995,120,True,1,1
24,56,51,0.9618484060912859,True,100.0,0.995,120,True,1,1
24,51,57,2.863095190514374,True,100.0,0.995,120,True,1,1
24,57,51,2.863095190514374,True,100.0,0.995,120,True,1,1
24,52,53,4.496699110691027,True,100.0,0.995,120,False,1,1
24,53,52,4.496699110691027,True,100.0,0.995,120,False,1,1
24,52,55,2.342689517219613,True,100.0,0.995,120,True,1,1
24,55,52,2.342689517219613,True,100.0,0.995,120,True,1,1
24,52,56,2.261890468939598,True,100.0,0.995,120,True,1,1
24,56,52,2.261890468939598,True,100.0,0.995,120,True,1,1
24,53,54,1.9871005397807124,True,100.0,0.995,120,False,1,1
24,54,53,1.9871005397807124,True,100.0,0.995,120,False,1,1
24,53,57,1.9459228073380073,True,100.0,0.995,120,True,1,1
24,57,53,1.9459228073380073,True,100.0,0.995,120,True,1,1
24,53,58,2.6462517029631045,True,100.0,0.995,120,True,1,1
24,58,53,2.6462517029631045,True,100.0,0.995,120,True,1,1
24,54,58,0.9587610344461673,True,100.0,0.995,120,True,1,1
24,58,54,0.9587610344461673,True,100.0,0.995,120,True,1,1
24,54,61,1.6328866904819999,True,100.0,0.995,120,True,1,1
24,61,54,1.6328866904819999,True,100.0,0.995,120,True,1,1
24,55,56,1.3811436474038878,True,100.0,0.995,120,False,1,1
24,56,55,1.3811436474038878,True,100.0,0.995,120,False,1,1
24,56,57,2.303417418294339,True,100.0,0.995,120,False,1,1
24,57,56,2.303417418294339,True,100.0,0.995,120,False,1,1
24,57,58,4.333192407040962,True,100.0,0.995,120,False,1,1
24,58,57,4.333192407040962,True,100.0,0.995,120,False,1,1
24,58,59,5.974193505761775,True,100.0,0.995,120,False,1,1
24,59,58,5.974193505761775,True,100.0,0.995,120,False,1,1
24,58,61,0.7769075374571516,True,100.0,0.995,120,True,1,1
24,61,58,0.7769075374571516,True,100.0,0.995,120,True,1,1
24,59,60,4.677293579333958,True,100.0,0.995,120,False,1,1
24,60,59,4.677293579333958,True,100.0,0.995,120,False,1,1
24,59,62,0.7720902031131567,True,100.0,0.995,120,True,1,1
24,62,59,0.7720902031131567,True,100.0,0.995,120,True,1,1
24,60,63,0.8021474438191555,True,100.0,0.995,120,True,1,1
24,63,60,0.8021474438191555,True,100.0,0.995,120,True,1,1
24,61,62,4.621819917579328,True,100.0,0.995,120,False,1,1
24,62,61,4.621819917579328,True,100.0,0.995,120,False,1,1
24,62,63,4.615296907301927,True,100.0,0.995,120,False,1,1
24,63,62,4.615296907301927,True,100.0,0.995,120,False,1,1
24,63,64,9.203400008946534,True,100.0,0.995,120,False,1,1
24,64,63,9.203400008946534,True,100.0,0.995,120,False,1,1
24,64,65,4.613350009215053,True,100.0,0.995,120,False,1,1
24,65,64,4.613350009215053,True,100.0,0.995,120,False,1,1
24,65,66,8.031606420082747,True,100.0,0.995,120,False,1,1
24,66,65,8.031606420082747,True,100.0,0.995,120,False,1,1
25,1,2,4.60678469465085,True,100.0,0.995,120,False,1,1
25,2,1,4.60678469465085,True,100.0,0.995,120,False,1,1
25,1,43,11.02705175282656,True,100.0,0.995,120,True,1,1
25,43,1,11.02705175282656,True,100.0,0.995,120,True,1,1
25,1,44,6.586472476749201,True,100.0,0.995,120,True,1,1
25,44,1,6.586472476749201,True,100.0,0.995,120,True,1,1
25,1,45,2.4685947843256972,True,100.0,0.995,120,True,1,1
25,45,1,2.4685947843256972,True,100.0,0.995,120,True,1,1
25,1,46,3.3408318392441942,True,100.0,0.995,120,True,1,1
25,46,1,3.3408318392441942,True,100.0,0.995,120,True,1,1
25,2,3,4.636769351027708,True,100.0,0.995,120,False,1,1
25,3,2,4.636769351027708,True,100.0,0.995,120,False,1,1
25,2,44,10.95668179690666,True,100.0,0.995,120,True,1,1
25,44,2,10.95668179690666,True,100.0,0.995,120,True,1,1
25,2,45,6.478110662485518,True,100.0,0.995,120,True,1,1
25,45,2,6.478110662485518,True,100.0,0.995,120,True,1,1
25,2,46,2.1960186998477873,True,100.0,0.995,120,True,1,1
25,46,2,2.1960186998477873,True,100.0,0.995,120,True,1,1
25,2,47,3.1789393899627996,True,100.0,0.995,120,True,1,1
25,47,2,3.1789393899627996,True,100.0,0.995,120,True,1,1
25,3,4,2.9441628355431497,True,100.0,0.995,120,False,1,1
25,4,3,2.9441628355431497,True,100.0,0.995,120,False,1,1
25,3,19,3.732359867093711,True,100.0,0.995,120,True,1,1
25,19,3,3.732359867093711,True,100.0,0.995,120,True,1,1
25,3,45,10.919873332066445,True,100.0,0.995,120,True,1,1
25,45,3,10.919873332066445,True,100.0,0.995,120,True,1,1
25,3,46,6.413955824406079,True,100.0,0.995,120,True,1,1
25,46,3,6.413955824406079,True,100.0,0.995,120,True,1,1
25,3,47,1.9497944449226379,True,100.0,0.995,120,True,1,1
25,47,3,1.9497944449226379,True,100.0,0.995,120,True,1,1
25,3,48,2.999406324795177,True,100.0,0.995,120,True,1,1
25,48,3,2.999406324795177,True,100.0,0.995,120,True,1,1
25,4,5,1.6580352356689982,True,100.0,0.995,120,False,1,1
25,5,4,1.6580352356689982,True,100.0,0.995,120,False,1,1
25,4,19,0.8053873565594152,True,100.0,0.995,120,True,1,1
25,19,4,0.8053873565594152,True,100.0,0.995,120,True,1,1
25,4,47,4.704765693677027,True,100.0,0.995,120,True,1,1
25,47,4,4.704765693677027,True,100.0,0.995,120,True,1,1
25,4,48,0.6138689053743656,True,100.0,0.995,120,True,1,1
25,48,4,0.6138689053743656,True,100.0,0.995,120,True,1,1
25,5,6,4.623930946609856,True,100.0,0.995,120,False,1,1
25,6,5,4.623930946609856,True,100.0,0.995,120,False,1,1
25,5,19,0.8755115443524198,True,100.0,0.995,120,True,1,1
25,19,5,0.8755115443524198,True,100.0,0.995,120,True,1,1
25,5,20,5.7398942259708035,True,100.0,0.995,120,True,1,1
25,20,5,5.7398942259708035,True,100.0,0.995,120,True,1,1
25,5,48,1.7435594047957568,True,100.0,0.995,120,True,1,1
25,48,5,1.7435594047957568,True,100.0,0.995,120,True,1,1
25,6,20,1.1254211242003231,True,100.0,0.995,120,True,1,1
25,20,6,1.1254211242003231,True,100.0,0.995,120,True,1,1
25,6,21,1.4344512651462977,True,100.0,0.995,120,True,1,1
25,21,6,1.4344512651462977,True,100.0,0.995,120,True,1,1
25,6,22,3.742217292340085,True,100.0,0.995,120,True,1,1
25,22,6,3.742217292340085,True,100.0,0.995,120,True,1,1
25,6,31,3.097192684210714,True,100.0,0.995,120,True,1,1
25,31,6,3.097192684210714,True,100.0,0.995,120,True,1,1
25,7,8,4.62181552307232,True,100.0,0.995,120,False,1,1
25,8,7,4.62181552307232,True,100.0,0.995,120,False,1,1
25,7,42,14.010297345765295,True,100.0,0.995,120,True,1,1
25,42,7,14.010297345765295,True,100.0,0.995,120,True,1,1
25,7,66,13.541971514815073,True,100.0,0.995,120,True,1,1
25,66,7,13.541971514815073,True,100.0,0.995,120,True,1,1
25,8,9,3.3649584633220604,True,100.0,0.995,120,False,1,1
25,9,8,3.3649584633220604,True,100.0,0.995,120,False,1,1
25,9,10,5.859600550755021,True,100.0,0.995,120,False,1,1
25,10,9,5.859600550755021,True,100.0,0.995,120,False,1,1
25,10,11,4.589363348604858,True,100.0,0.995,120,False,1,1
25,11,10,4.589363348604858,True,100.0,0.995,120,False,1,1
25,10,43,12.273842208923355,True,100.0,0.995,120,True,1,1
25,43,10,12.273842208923355,True,100.0,0.995,120,True,1,1
25,11,12,4.644836931687483,True,100.0,0.995,120,False,1,1
25,12,11,4.644836931687483,True,100.0,0.995,120,False,1,1
25,11,43,7.957828425306419,True,100.0,0.995,120,True,1,1
25,43,11,7.957828425306419,True,100.0,0.995,120,True,1,1
25,11,44,12.309960752848694,True,100.0,0.995,120,True,1,1
25,44,11,12.309960752848694,True,100.0,0.995,120,True,1,1
25,12,43,3.75213161009548,True,100.0,0.995,120,True,1,1
25,43,12,3.75213161009548,True,100.0,0.995,120,True,1,1
25,12,44,7.86091877259057,True,100.0,0.995,120,True,1,1
25,44,12,7.86091877259057,True,100.0,0.995,120,True,1,1
25,12,45,12.230968306073619,True,100.0,0.995,120,True,1,1
25,45,12,12.230968306073619,True,100.0,0.995,120,True,1,1
25,13,14,0.11679464280662866,True,100.0,0.995,120,False,1,1
25,14,13,0.11679464280662866,True,100.0,0.995,120,False,1,1
25,13,23,2.3606934010414453,True,100.0,0.995,120,True,1,1
25,23,13,2.3606934010414453,True,100.0,0.995,120,True,1,1
25,13,24,2.2575808972075535,True,100.0,0.995,120,True,1,1
25,24,13,2.2575808972075535,True,100.0,0.995,120,True,1,1
25,13,33,5.349955117541644,True,100.0,0.995,120,True,1,1
25,33,13,5.349955117541644,True,100.0,0.995,120,True,1,1
25,13,34,0.8875611240390883,True,100.0,0.995,120,True,1,1
25,34,13,0.8875611240390883,True,100.0,0.995,120,True,1,1
25,13,35,0.8496228437847263,True,100.0,0.995,120,True,1,1
25,35,13,0.8496228437847263,True,100.0,0.995,120,True,1,1
25,13,36,1.696377327444229,True,100.0,0.995,120,True,1,1
25,36,13,1.696377327444229,True,100.0,0.995,120,True,1,1
25,14,15,4.548159750868355,True,100.0,0.995,120,False,1,1
25,15,14,4.548159750868355,True,100.0,0.995,120,False,1,1
25,14,24,2.2064874808639265,True,100.0,0.995,120,True,1,1
25,24,14,2.2064874808639265,True,100.0,0.995,120,True,1,1
25,14,34,0.8834859283250683,True,100.0,0.995,120,True,1,1
25,34,14,0.8834859283250683,True,100.0,0.995,120,True,1,1
25,14,35,0.8359031151879411,True,100.0,0.995,120,True,1,1
25,35,14,0.8359031151879411,True,100.0,0.995,120,True,1,1
25,14,36,1.6220708014289469,True,100.0,0.995,120,True,1,1
25,36,14,1.6220708014289469,True,100.0,0.995,120,True,1,1
25,15,16,1.4355096211368081,True,100.0,0.995,120,False,1,1
25,16,15,1.4355096211368081,True,100.0,0.995,120,False,1,1
25,15,24,2.3502962102056495,True,100.0,0.995,120,True,1,1
25,24,15,2.3502962102056495,True,100.0,0.995,120,True,1,1
25,15,25,4.128982546976536,True,100.0,0.995,120,True,1,1
25,25,15,4.128982546976536,True,100.0,0.995,120,True,1,1
25,15,36,3.029866651600368,True,100.0,0.995,120,True,1,1
25,36,15,3.029866651600368,True,100.0,0.995,120,True,1,1
25,16,17,0.8825622150659392,True,100.0,0.995,120,False,1,1
25,17,16,0.8825622150659392,True,100.0,0.995,120,False,1,1
25,16,24,3.77726767402296,True,100.0,0.995,120,True,1,1
25,24,16,3.77726767402296,True,100.0,0.995,120,True,1,1
25,16,25,2.7065791138669084,True,100.0,0.995,120,True,1,1
25,25,16,2.7065791138669084,True,100.0,0.995,120,True,1,1
25,16,36,4.434538324570133,True,100.0,0.995,120,True,1,1
25,36,16,4.434538324570133,True,100.0,0.995,120,True,1,1
25,17,18,4.59869227874125,True,100.0,0.995,120,False,1,1
25,18,17,4.59869227874125,True,100.0,0.995,120,False,1,1
25,17,24,4.655448815595605,True,100.0,0.995,120,True,1,1
25,24,17,4.655448815595605,True,100.0,0.995,120,True,1,1
25,17,25,1.8841111953524046,True,100.0,0.995,120,True,1,1
25,25,17,1.8841111953524046,True,100.0,0.995,120,True,1,1
25,17,36,5.315300104872544,True,100.0,0.995,120,True,1,1
25,36,17,5.315300104872544,True,100.0,0.995,120,True,1,1
25,18,25,2.8552284566571284,True,100.0,0.995,120,True,1,1
25,25,18,2.8552284566571284,True,100.0,0.995,120,True,1,1
25,18,26,6.319543956116647,True,100.0,0.995,120,True,1,1
25,26,18,6.319543956116647,True,100.0,0.995,120,True,1,1
25,18,49,2.395044243973232,True,100.0,0.995,120,True,1,1
25,49,18,2.395044243973232,True,100.0,0.995,120,True,1,1
25,19,20,6.607576754921684,True,100.0,0.995,120,False,1,1
25,20,19,6.607576754921684,True,100.0,0.995,120,False,1,1
25,19,48,0.9077070988752931,True,100.0,0.995,120,True,1,1
25,48,19,0.9077070988752931,True,100.0,0.995,120,True,1,1
25,20,21,0.30996733686883876,True,100.0,0.995,120,False,1,1
25,21,20,0.30996733686883876,True,100.0,0.995,120,False,1,1
25,20,31,1.97400872559944,True,100.0,0.995,120,True,1,1
25,31,20,1.97400872559944,True,100.0,0.995,120,True,1,1
25,20,32,2.931561563915172,True,100.0,0.995,120,True,1,1
25,32,20,2.931561563915172,True,100.0,0.995,120,True,1,1
25,21,22,2.314081854334842,True,100.0,0.995,120,False,1,1
25,22,21,2.314081854334842,True,100.0,0.995,120,False,1,1
25,21,31,1.6688552795447056,True,100.0,0.995,120,True,1,1
25,31,21,1.6688552795447056,True,100.0,0.995,120,True,1,1
25,21,32,2.626495675979478,True,100.0,0.995,120,True,1,1
25,32,21,2.626495675979478,True,100.0,0.995,120,True,1,1
25,22,23,6.937321503615945,True,100.0,0.995,120,False,1,1
25,23,22,6.937321503615945,True,100.0,0.995,120,False,1,1
25,22,31,0.6626031740989666,True,100.0,0.995,120,True,1,1
25,31,22,0.6626031740989666,True,100.0,0.995,120,True,1,1
25,22,32,0.3693911049353859,True,100.0,0.995,120,True,1,1
25,32,22,0.3693911049353859,True,100.0,0.995,120,True,1,1
25,22,33,3.967926974052471,True,100.0,0.995,120,True,1,1
25,33,22,3.967926974052471,True,100.0,0.995,120,True,1,1
25,23,24,4.608226759667459,True,100.0,0.995,120,False,1,1
25,24,23,4.608226759667459,True,100.0,0.995,120,False,1,1
25,23,33,3.0017059751931336,True,100.0,0.995,120,True,1,1
25,33,23,3.0017059751931336,True,100.0,0.995,120,True,1,1
25,23,34,1.6430099118435397,True,100.0,0.995,120,True,1,1
25,34,23,1.6430099118435397,True,100.0,0.995,120,True,1,1
25,23,35,1.7142051565032779,True,100.0,0.995,120,True,1,1
25,35,23,1.7142051565032779,True,100.0,0.995,120,True,1,1
25,24,36,0.7664528288426632,True,100.0,0.995,120,True,1,1
25,36,24,0.7664528288426632,True,100.0,0.995,120,True,1,1
25,25,26,9.035644404347426,True,100.0,0.995,120,False,1,1
25,26,25,9.035644404347426,True,100.0,0.995,120,False,1,1
25,25,49,4.442655723337659,True,100.0,0.995,120,True,1,1
25,49,25,4.442655723337659,True,100.0,0.995,120,True,1,1
25,26,27,4.803940205876766,True,100.0,0.995,120,False,1,1
25,27,26,4.803940205876766,True,100.0,0.995,120,False,1,1
25,26,37,3.146639107044738,True,100.0,0.995,120,True,1,1
25,37,26,3.146639107044738,True,100.0,0.995,120,True,1,1
25,26,49,5.03148548635921,True,100.0,0.995,120,True,1,1
25,49,26,5.03148548635921,True,100.0,0.995,120,True,1,1
25,26,50,1.4321036559159563,True,100.0,0.995,120,True,1,1
25,50,26,1.4321036559159563,True,100.0,0.995,120,True,1,1
25,26,55,4.093534053421409,True,100.0,0.995,120,True,1,1
25,55,26,4.093534053421409,True,100.0,0.995,120,True,1,1
25,27,28,9.021939961638676,True,100.0,0.995,120,False,1,1
25,28,27,9.021939961638676,True,100.0,0.995,120,False,1,1
25,27,37,1.9559783202492682,True,100.0,0.995,120,True,1,1
25,37,27,1.9559783202492682,True,100.0,0.995,120,True,1,1
25,27,51,1.4916846807756314,True,100.0,0.995,120,True,1,1
25,51,27,1.4916846807756314,True,100.0,0.995,120,True,1,1
25,27,52,0.07407703397393461,True,100.0,0.995,120,True,1,1
25,52,27,0.07407703397393461,True,100.0,0.995,120,True,1,1
25,27,56,2.2561243815495384,True,100.0,0.995,120,True,1,1
25,56,27,2.2561243815495384,True,100.0,0.995,120,True,1,1
25,27,57,3.213404740430661,True,100.0,0.995,120,True,1,1
25,57,27,3.213404740430661,True,100.0,0.995,120,True,1,1
25,28,29,4.61164588117415,True,100.0,0.995,120,False,1,1
25,29,28,4.61164588117415,True,100.0,0.995,120,False,1,1
25,28,38,2.990627401293846,True,100.0,0.995,120,True,1,1
25,38,28,2.990627401293846,True,100.0,0.995,120,True,1,1
25,28,58,3.148594731352325,True,100.0,0.995,120,True,1,1
25,58,28,3.148594731352325,True,100.0,0.995,120,True,1,1
25,28,61,2.9090756371645603,True,100.0,0.995,120,True,1,1
25,61,28,2.9090756371645603,True,100.0,0.995,120,True,1,1
25,29,30,4.620837762022687,True,100.0,0.995,120,False,1,1
25,30,29,4.620837762022687,True,100.0,0.995,120,False,1,1
25,29,39,0.8168984586697774,True,100.0,0.995,120,True,1,1
25,39,29,0.8168984586697774,True,100.0,0.995,120,True,1,1
25,29,59,2.0468508264409526,True,100.0,0.995,120,True,1,1
25,59,29,2.0468508264409526,True,100.0,0.995,120,True,1,1
25,29,62,2.7536940471994957,True,100.0,0.995,120,True,1,1
25,62,29,2.7536940471994957,True,100.0,0.995,120,True,1,1
25,30,40,3.8523544495740403,True,100.0,0.995,120,True,1,1
25,40,30,3.8523544495740403,True,100.0,0.995,120,True,1,1
25,30,60,1.757367471715925,True,100.0,0.995,120,True,1,1
25,60,30,1.757367471715925,True,100.0,0.995,120,True,1,1
25,30,63,2.4874308206558604,True,100.0,0.995,120,True,1,1
25,63,30,2.4874308206558604,True,100.0,0.995,120,True,1,1
25,30,64,7.6755829458989275,True,100.0,0.995,120,True,1,1
25,64,30,7.6755829458989275,True,100.0,0.995,120,True,1,1
25,31,32,0.9577502490072436,True,100.0,0.995,120,False,1,1
25,32,31,0.9577502490072436,True,100.0,0.995,120,False,1,1
25,32,33,3.658185774607053,True,100.0,0.995,120,False,1,1
25,33,32,3.658185774607053,True,100.0,0.995,120,False,1,1
25,33,34,4.587926773477425,True,100.0,0.995,120,False,1,1
25,34,33,4.587926773477425,True,100.0,0.995,120,False,1,1
25,34,35,0.08522919133665516,True,100.0,0.995,120,False,1,1
25,35,34,0.08522919133665516,True,100.0,0.995,120,False,1,1
25,35,36,2.303096413134097,True,100.0,0.995,120,False,1,1
25,36,35,2.303096413134097,True,100.0,0.995,120,False,1,1
25,37,38,8.015705408711408,True,100.0,0.995,120,False,1,1
25,38,37,8.015705408711408,True,100.0,0.995,120,False,1,1
25,37,50,3.3534641252497632,True,100.0,0.995,120,True,1,1
25,50,37,3.3534641252497632,True,100.0,0.995,120,True,1,1
25,37,51,1.581609753094908,True,100.0,0.995,120,True,1,1
25,51,37,1.581609753094908,True,100.0,0.995,120,True,1,1
25,37,52,1.889283481989009,True,100.0,0.995,120,True,1,1
25,52,37,1.889283481989009,True,100.0,0.995,120,True,1,1
25,37,55,1.391253062907443,True,100.0,0.995,120,True,1,1
25,55,37,1.391253062907443,True,100.0,0.995,120,True,1,1
25,38,39,8.020927024552352,True,100.0,0.995,120,False,1,1
25,39,38,8.020927024552352,True,100.0,0.995,120,False,1,1
25,38,53,2.1242371624557173,True,100.0,0.995,120,True,1,1
25,53,38,2.1242371624557173,True,100.0,0.995,120,True,1,1
25,38,54,0.707336543891593,True,100.0,0.995,120,True,1,1
25,54,38,0.707336543891593,True,100.0,0.995,120,True,1,1
25,38,58,1.5309180808401053,True,100.0,0.995,120,True,1,1
25,58,38,1.5309180808401053,True,100.0,0.995,120,True,1,1
25,38,61,2.1487516119314134,True,100.0,0.995,120,True,1,1
25,61,38,2.1487516119314134,True,100.0,0.995,120,True,1,1
25,39,40,8.01702538091879,True,100.0,0.995,120,False,1,1
25,40,39,8.01702538091879,True,100.0,0.995,120,False,1,1
25,39,59,1.8960974722939252,True,100.0,0.995,120,True,1,1
25,59,39,1.8960974722939252,True,100.0,0.995,120,True,1,1
25,39,60,3.3922505297625674,True,100.0,0.995,120,True,1,1
25,60,39,3.3922505297625674,True,100.0,0.995,120,True,1,1
25,39,62,2.663082025860989,True,100.0,0.995,120,True,1,1
25,62,39,2.663082025860989,True,100.0,0.995,120,True,1,1
25,39,63,2.883607387501167,True,100.0,0.995,120,True,1,1
25,63,39,2.883607387501167,True,100.0,0.995,120,True,1,1
25,40,41,8.021133287981147,True,100.0,0.995,120,False,1,1
25,41,40,8.021133287981147,True,100.0,0.995,120,False,1,1
25,40,60,4.872964998624813,True,100.0,0.995,120,True,1,1
25,60,40,4.872964998624813,True,100.0,0.995,120,True,1,1
25,40,64,3.917684180321761,True,100.0,0.995,120,True,1,1
25,64,40,3.917684180321761,True,100.0,0.995,120,True,1,1
25,40,65,8.430347552781985,True,100.0,0.995,120,True,1,1
25,65,40,8.430347552781985,True,100.0,0.995,120,True,1,1
25,41,42,8.017878365070489,True,100.0,0.995,120,False,1,1
25,42,41,8.017878365070489,True,100.0,0.995,120,False,1,1
25,41,64,4.267542428791856,True,100.0,0.995,120,True,1,1
25,64,41,4.267542428791856,True,100.0,0.995,120,True,1,1
25,41,65,0.6818620184292836,True,100.0,0.995,120,True,1,1
25,65,41,0.6818620184292836,True,100.0,0.995,120,True,1,1
25,41,66,8.49019508486227,True,100.0,0.995,120,True,1,1
25,66,41,8.49019508486227,True,100.0,0.995,120,True,1,1
25,42,64,12.085847808083257,True,100.0,0.995,120,True,1,1
25,64,42,12.085847808083257,True,100.0,0.995,120,True,1,1
25,42,65,7.55094508393265,True,100.0,0.995,120,True,1,1
25,65,42,7.55094508393265,True,100.0,0.995,120,True,1,1
25,42,66,0.5287982671544104,True,100.0,0.995,120,True,1,1
25,66,42,0.5287982671544104,True,100.0,0.995,120,True,1,1
25,43,44,4.619632322185776,True,100.0,0.995,120,False,1,1
25,44,43,4.619632322185776,True,100.0,0.995,120,False,1,1
25,44,45,4.616274551911962,True,100.0,0.995,120,False,1,1
25,45,44,4.616274551911962,True,100.0,0.995,120,False,1,1
25,45,46,4.610549685011121,True,100.0,0.995,120,False,1,1
25,46,45,4.610549685011121,True,100.0,0.995,120,False,1,1
25,46,47,4.629268254712365,True,100.0,0.995,120,False,1,1
25,47,46,4.629268254712365,True,100.0,0.995,120,False,1,1
25,47,48,4.598662899500073,True,100.0,0.995,120,False,1,1
25,48,47,4.598662899500073,True,100.0,0.995,120,False,1,1
25,49,50,4.617352066065904,True,100.0,0.995,120,False,1,1
25,50,49,4.617352066065904,True,100.0,0.995,120,False,1,1
25,50,51,4.637682088101277,True,100.0,0.995,120,False,1,1
25,51,50,4.637682088101277,True,100.0,0.995,120,False,1,1
25,50,55,3.8368454335137008,True,100.0,0.995,120,True,1,1
25,55,50,3.8368454335137008,True,100.0,0.995,120,True,1,1
25,51,52,1.4744963569740408,True,100.0,0.995,120,False,1,1
25,52,51,1.4744963569740408,True,100.0,0.995,120,False,1,1
25,51,55,1.046493488374313,True,100.0,0.995,120,True,1,1
25,55,51,1.046493488374313,True,100.0,0.995,120,True,1,1
25,51,56,0.9604310635670747,True,100.0,0.995,120,True,1,1
25,56,51,0.9604310635670747,True,100.0,0.995,120,True,1,1
25,51,57,2.864560334944522,True,100.0,0.995,120,True,1,1
25,57,51,2.864560334944522,True,100.0,0.995,120,True,1,1
25,52,53,4.496348737374525,True,100.0,0.995,120,False,1,1
25,53,52,4.496348737374525,True,100.0,0.995,120,False,1,1
25,52,55,2.3441240108059325,True,100.0,0.995,120,True,1,1
25,55,52,2.3441240108059325,True,100.0,0.995,120,True,1,1
25,52,56,2.2615717535441817,True,100.0,0.995,120,True,1,1
25,56,52,2.2615717535441817,True,100.0,0.995,120,True,1,1
25,53,54,1.9872899352415763,True,100.0,0.995,120,False,1,1
25,54,53,1.9872899352415763,True,100.0,0.995,120,False,1,1
25,53,57,1.9439429192248288,True,100.0,0.995,120,True,1,1
25,57,53,1.9439429192248288,True,100.0,0.995,120,True,1,1
25,53,58,2.642845291864779,True,100.0,0.995,120,True,1,1
25,58,53,2.642845291864779,True,100.0,0.995,120,True,1,1
25,54,58,0.955137053976815,True,100.0,0.995,120,True,1,1
25,58,54,0.955137053976815,True,100.0,0.995,120,True,1,1
25,54,61,1.6304317183635457,True,100.0,0.995,120,True,1,1
25,61,54,1.6304317183635457,True,100.0,0.995,120,True,1,1
25,55,56,1.3802175765407687,True,100.0,0.995,120,False,1,1
25,56,55,1.3802175765407687,True,100.0,0.995,120,False,1,1
25,56,57,2.308132181496687,True,100.0,0.995,120,False,1,1
25,57,56,2.308132181496687,True,100.0,0.995,120,False,1,1
25,57,58,4.3286184685569316,True,100.0,0.995,120,False,1,1
25,58,57,4.3286184685569316,True,100.0,0.995,120,False,1,1
25,58,59,5.977168843265726,True,100.0,0.995,120,False,1,1
25,59,58,5.977168843265726,True,100.0,0.995,120,False,1,1
25,58,61,0.7790714524555667,True,100.0,0.995,120,True,1,1
25,61,58,0.7790714524555667,True,100.0,0.995,120,True,1,1
25,59,60,4.677313613221995,True,100.0,0.995,120,False,1,1
25,60,59,4.677313613221995,True,100.0,0.995,120,False,1,1
25,59,62,0.7708230282218614,True,100.0,0.995,120,True,1,1
25,62,59,0.7708230282218614,True,100.0,0.995,120,True,1,1
25,60,63,0.8007172741983121,True,100.0,0.995,120,True,1,1
25,63,60,0.8007172741983121,True,100.0,0.995,120,True,1,1
25,61,62,4.621830815877838,True,100.0,0.995,120,False,1,1
25,62,61,4.621830815877838,True,100.0,0.995,120,False,1,1
25,62,63,4.615325016359821,True,100.0,0.995,120,False,1,1
25,63,62,4.615325016359821,True,100.0,0.995,120,False,1,1
25,63,64,9.203385852684718,True,100.0,0.995,120,False,1,1
25,64,63,9.203385852684718,True,100.0,0.995,120,False,1,1
25,64,65,4.613348600108575,True,100.0,0.995,120,False,1,1
25,65,64,4.613348600108575,True,100.0,0.995,120,False,1,1
25,65,66,8.028682831576397,True,100.0,0.995,120,False,1,1
25,66,65,8.028682831576397,True,100.0,0.995,120,False,1,1
26,1,2,4.606713247242371,True,100.0,0.995,120,False,1,1
26,2,1,4.606713247242371,True,100.0,0.995,120,False,1,1
26,1,43,11.023852672930412,True,100.0,0.995,120,True,1,1
26,43,1,11.023852672930412,True,100.0,0.995,120,True,1,1
26,1,44,6.581041422610703,True,100.0,0.995,120,True,1,1
26,44,1,6.581041422610703,True,100.0,0.995,120,True,1,1
26,1,45,2.45406986097955,True,100.0,0.995,120,True,1,1
26,45,1,2.45406986097955,True,100.0,0.995,120,True,1,1
26,1,46,3.3303610737392466,True,100.0,0.995,120,True,1,1
26,46,1,3.3303610737392466,True,100.0,0.995,120,True,1,1
26,2,3,4.6367216691820445,True,100.0,0.995,120,False,1,1
26,3,2,4.6367216691820445,True,100.0,0.995,120,False,1,1
26,2,44,10.953218173470756,True,100.0,0.995,120,True,1,1
26,44,2,10.953218173470756,True,100.0,0.995,120,True,1,1
26,2,45,6.472551243067865,True,100.0,0.995,120,True,1,1
26,45,2,6.472551243067865,True,100.0,0.995,120,True,1,1
26,2,46,2.180922769477225,True,100.0,0.995,120,True,1,1
26,46,2,2.180922769477225,True,100.0,0.995,120,True,1,1
26,2,47,3.1697056342336234,True,100.0,0.995,120,True,1,1
26,47,2,3.1697056342336234,True,100.0,0.995,120,True,1,1
26,3,4,2.9433642818627828,True,100.0,0.995,120,False,1,1
26,4,3,2.9433642818627828,True,100.0,0.995,120,False,1,1
26,3,19,3.7313135596819467,True,100.0,0.995,120,True,1,1
26,19,3,3.7313135596819467,True,100.0,0.995,120,True,1,1
26,3,45,10.916550339173067,True,100.0,0.995,120,True,1,1
26,45,3,10.916550339173067,True,100.0,0.995,120,True,1,1
26,3,46,6.409074018985776,True,100.0,0.995,120,True,1,1
26,46,3,6.409074018985776,True,100.0,0.995,120,True,1,1
26,3,47,1.936510772342786,True,100.0,0.995,120,True,1,1
26,47,3,1.936510772342786,True,100.0,0.995,120,True,1,1
26,3,48,2.9928456775159766,True,100.0,0.995,120,True,1,1
26,48,3,2.9928456775159766,True,100.0,0.995,120,True,1,1
26,4,5,1.6586975593339595,True,100.0,0.995,120,False,1,1
26,5,4,1.6586975593339595,True,100.0,0.995,120,False,1,1
26,4,19,0.8033217932942006,True,100.0,0.995,120,True,1,1
26,19,4,0.8033217932942006,True,100.0,0.995,120,True,1,1
26,4,47,4.698407372800328,True,100.0,0.995,120,True,1,1
26,47,4,4.698407372800328,True,100.0,0.995,120,True,1,1
26,4,48,0.5832730197881506,True,100.0,0.995,120,True,1,1
26,48,4,0.5832730197881506,True,100.0,0.995,120,True,1,1
26,5,6,4.623922086749829,True,100.0,0.995,120,False,1,1
26,6,5,4.623922086749829,True,100.0,0.995,120,False,1,1
26,5,19,0.8754211157471818,True,100.0,0.995,120,True,1,1
26,19,5,0.8754211157471818,True,100.0,0.995,120,True,1,1
26,5,20,5.739762939253732,True,100.0,0.995,120,True,1,1
26,20,5,5.739762939253732,True,100.0,0.995,120,True,1,1
26,5,48,1.7362847725551365,True,100.0,0.995,120,True,1,1
26,48,5,1.7362847725551365,True,100.0,0.995,120,True,1,1
26,6,20,1.1258510054187438,True,100.0,0.995,120,True,1,1
26,20,6,1.1258510054187438,True,100.0,0.995,120,True,1,1
26,6,21,1.4342208140396642,True,100.0,0.995,120,True,1,1
26,21,6,1.4342208140396642,True,100.0,0.995,120,True,1,1
26,6,22,3.7417895990303753,True,100.0,0.995,120,True,1,1
26,22,6,3.7417895990303753,True,100.0,0.995,120,True,1,1
26,6,31,3.0981178406983925,True,100.0,0.995,120,True,1,1
26,31,6,3.0981178406983925,True,100.0,0.995,120,True,1,1
26,7,8,4.62180198136934,True,100.0,0.995,120,False,1,1
26,8,7,4.62180198136934,True,100.0,0.995,120,False,1,1
26,7,42,14.01562709307815,True,100.0,0.995,120,True,1,1
26,42,7,14.01562709307815,True,100.0,0.995,120,True,1,1
26,7,66,13.548957697324893,True,100.0,0.995,120,True,1,1
26,66,7,13.548957697324893,True,100.0,0.995,120,True,1,1
26,8,9,3.3645562273583036,True,100.0,0.995,120,False,1,1
26,9,8,3.3645562273583036,True,100.0,0.995,120,False,1,1
26,9,10,5.859955804551532,True,100.0,0.995,120,False,1,1
26,10,9,5.859955804551532,True,100.0,0.995,120,False,1,1
26,10,11,4.589325255514861,True,100.0,0.995,120,False,1,1
26,11,10,4.589325255514861,True,100.0,0.995,120,False,1,1
26,10,43,12.27341870114894,True,100.0,0.995,120,True,1,1
26,43,10,12.27341870114894,True,100.0,0.995,120,True,1,1
26,11,12,4.644803876169152,True,100.0,0.995,120,False,1,1
26,12,11,4.644803876169152,True,100.0,0.995,120,False,1,1
26,11,43,7.956293935736701,True,100.0,0.995,120,True,1,1
26,43,11,7.956293935736701,True,100.0,0.995,120,True,1,1
26,11,44,12.308352723326685,True,100.0,0.995,120,True,1,1
26,44,11,12.308352723326685,True,100.0,0.995,120,True,1,1
26,12,43,3.7476779341886766,True,100.0,0.995,120,True,1,1
26,43,12,3.7476779341886766,True,100.0,0.995,120,True,1,1
26,12,44,7.858060200751226,True,100.0,0.995,120,True,1,1
26,44,12,7.858060200751226,True,100.0,0.995,120,True,1,1
26,12,45,12.228718450428321,True,100.0,0.995,120,True,1,1
26,45,12,12.228718450428321,True,100.0,0.995,120,True,1,1
26,13,14,0.11829182410939507,True,100.0,0.995,120,False,1,1
26,14,13,0.11829182410939507,True,100.0,0.995,120,False,1,1
26,13,23,2.3607710684163337,True,100.0,0.995,120,True,1,1
26,23,13,2.3607710684163337,True,100.0,0.995,120,True,1,1
26,13,24,2.2576608082039025,True,100.0,0.995,120,True,1,1
26,24,13,2.2576608082039025,True,100.0,0.995,120,True,1,1
26,13,33,5.3499228762915,True,100.0,0.995,120,True,1,1
26,33,13,5.3499228762915,True,100.0,0.995,120,True,1,1
26,13,34,0.8914803314222756,True,100.0,0.995,120,True,1,1
26,34,13,0.8914803314222756,True,100.0,0.995,120,True,1,1
26,13,35,0.8537020356976124,True,100.0,0.995,120,True,1,1
26,35,13,0.8537020356976124,True,100.0,0.995,120,True,1,1
26,13,36,1.6984782223573907,True,100.0,0.995,120,True,1,1
26,36,13,1.6984782223573907,True,100.0,0.995,120,True,1,1
26,14,15,4.547560524055752,True,100.0,0.995,120,False,1,1
26,15,14,4.547560524055752,True,100.0,0.995,120,False,1,1
26,14,24,2.2058310754140753,True,100.0,0.995,120,True,1,1
26,24,14,2.2058310754140753,True,100.0,0.995,120,True,1,1
26,14,34,0.8866186204644492,True,100.0,0.995,120,True,1,1
26,34,14,0.8866186204644492,True,100.0,0.995,120,True,1,1
26,14,35,0.8389922745666619,True,100.0,0.995,120,True,1,1
26,35,14,0.8389922745666619,True,100.0,0.995,120,True,1,1
26,14,36,1.6228188341398844,True,100.0,0.995,120,True,1,1
26,36,14,1.6228188341398844,True,100.0,0.995,120,True,1,1
26,15,16,1.4361482953013982,True,100.0,0.995,120,False,1,1
26,16,15,1.4361482953013982,True,100.0,0.995,120,False,1,1
26,15,24,2.350364048999055,True,100.0,0.995,120,True,1,1
26,24,15,2.350364048999055,True,100.0,0.995,120,True,1,1
26,15,25,4.131792782090335,True,100.0,0.995,120,True,1,1
26,25,15,4.131792782090335,True,100.0,0.995,120,True,1,1
26,15,36,3.030972437972707,True,100.0,0.995,120,True,1,1
26,36,15,3.030972437972707,True,100.0,0.995,120,True,1,1
26,16,17,0.8820677577355134,True,100.0,0.995,120,False,1,1
26,17,16,0.8820677577355134,True,100.0,0.995,120,False,1,1
26,16,24,3.777904599208701,True,100.0,0.995,120,True,1,1
26,24,16,3.777904599208701,True,100.0,0.995,120,True,1,1
26,16,25,2.708873568884835,True,100.0,0.995,120,True,1,1
26,25,16,2.708873568884835,True,100.0,0.995,120,True,1,1
26,16,36,4.43571848991741,True,100.0,0.995,120,True,1,1
26,36,16,4.43571848991741,True,100.0,0.995,120,True,1,1
26,17,18,4.598774135016169,True,100.0,0.995,120,False,1,1
26,18,17,4.598774135016169,True,100.0,0.995,120,False,1,1
26,17,24,4.655537165928766,True,100.0,0.995,120,True,1,1
26,24,17,4.655537165928766,True,100.0,0.995,120,True,1,1
26,17,25,1.8876261401355436,True,100.0,0.995,120,True,1,1
26,25,17,1.8876261401355436,True,100.0,0.995,120,True,1,1
26,17,36,5.315986949034807,True,100.0,0.995,120,True,1,1
26,36,17,5.315986949034807,True,100.0,0.995,120,True,1,1
26,18,25,2.8539721023711646,True,100.0,0.995,120,True,1,1
26,25,18,2.8539721023711646,True,100.0,0.995,120,True,1,1
26,18,26,6.320478984310311,True,100.0,0.995,120,True,1,1
26,26,18,6.320478984310311,True,100.0,0.995,120,True,1,1
26,18,49,2.4029766335815492,True,100.0,0.995,120,True,1,1
26,49,18,2.4029766335815492,True,100.0,0.995,120,True,1,1
26,19,20,6.608117577179196,True,100.0,0.995,120,False,1,1
26,20,19,6.608117577179196,True,100.0,0.995,120,False,1,1
26,19,48,0.8984017360049653,True,100.0,0.995,120,True,1,1
26,48,19,0.8984017360049653,True,100.0,0.995,120,True,1,1
26,20,21,0.30940322259013014,True,100.0,0.995,120,False,1,1
26,21,20,0.30940322259013014,True,100.0,0.995,120,False,1,1
26,20,31,1.9744813491643844,True,100.0,0.995,120,True,1,1
26,31,20,1.9744813491643844,True,100.0,0.995,120,True,1,1
26,20,32,2.9314081981434206,True,100.0,0.995,120,True,1,1
26,32,20,2.9314081981434206,True,100.0,0.995,120,True,1,1
26,21,22,2.314107687207248,True,100.0,0.995,120,False,1,1
26,22,21,2.314107687207248,True,100.0,0.995,120,False,1,1
26,21,31,1.6699793349182328,True,100.0,0.995,120,True,1,1
26,31,21,1.6699793349182328,True,100.0,0.995,120,True,1,1
26,21,32,2.6269913813885295,True,100.0,0.995,120,True,1,1
26,32,21,2.6269913813885295,True,100.0,0.995,120,True,1,1
26,22,23,6.937398825381425,True,100.0,0.995,120,False,1,1
26,23,22,6.937398825381425,True,100.0,0.995,120,False,1,1
26,22,31,0.6634519444507714,True,100.0,0.995,120,True,1,1
26,31,22,0.6634519444507714,True,100.0,0.995,120,True,1,1
26,22,32,0.3747194537583218,True,100.0,0.995,120,True,1,1
26,32,22,0.3747194537583218,True,100.0,0.995,120,True,1,1
26,22,33,3.969000047491648,True,100.0,0.995,120,True,1,1
26,33,22,3.969000047491648,True,100.0,0.995,120,True,1,1
26,23,24,4.608260856869994,True,100.0,0.995,120,False,1,1
26,24,23,4.608260856869994,True,100.0,0.995,120,False,1,1
26,23,33,3.001686670642377,True,100.0,0.995,120,True,1,1
26,33,23,3.001686670642377,True,100.0,0.995,120,True,1,1
26,23,34,1.6442485324229412,True,100.0,0.995,120,True,1,1
26,34,23,1.6442485324229412,True,100.0,0.995,120,True,1,1
26,23,35,1.716292123677991,True,100.0,0.995,120,True,1,1
26,35,23,1.716292123677991,True,100.0,0.995,120,True,1,1
26,24,36,0.7695023968470623,True,100.0,0.995,120,True,1,1
26,36,24,0.7695023968470623,True,100.0,0.995,120,True,1,1
26,25,26,9.03440963468802,True,100.0,0.995,120,False,1,1
26,26,25,9.03440963468802,True,100.0,0.995,120,False,1,1
26,25,49,4.443494865855484,True,100.0,0.995,120,True,1,1
26,49,25,4.443494865855484,True,100.0,0.995,120,True,1,1
26,26,27,4.803728635046271,True,100.0,0.995,120,False,1,1
26,27,26,4.803728635046271,True,100.0,0.995,120,False,1,1
26,26,37,3.142770123238231,True,100.0,0.995,120,True,1,1
26,37,26,3.142770123238231,True,100.0,0.995,120,True,1,1
26,26,49,5.032813746047183,True,100.0,0.995,120,True,1,1
26,49,26,5.032813746047183,True,100.0,0.995,120,True,1,1
26,26,50,1.435101851547883,True,100.0,0.995,120,True,1,1
26,50,26,1.435101851547883,True,100.0,0.995,120,True,1,1
26,26,55,4.09300789972906,True,100.0,0.995,120,True,1,1
26,55,26,4.09300789972906,True,100.0,0.995,120,True,1,1
26,27,28,9.022299038235504,True,100.0,0.995,120,False,1,1
26,28,27,9.022299038235504,True,100.0,0.995,120,False,1,1
26,27,37,1.9596439538128254,True,100.0,0.995,120,True,1,1
26,37,27,1.9596439538128254,True,100.0,0.995,120,True,1,1
26,27,51,1.4913223572262089,True,100.0,0.995,120,True,1,1
26,51,27,1.4913223572262089,True,100.0,0.995,120,True,1,1
26,27,52,0.07396160859043119,True,100.0,0.995,120,True,1,1
26,52,27,0.07396160859043119,True,100.0,0.995,120,True,1,1
26,27,56,2.2555923906445283,True,100.0,0.995,120,True,1,1
26,56,27,2.2555923906445283,True,100.0,0.995,120,True,1,1
26,27,57,3.2135722787572747,True,100.0,0.995,120,True,1,1
26,57,27,3.2135722787572747,True,100.0,0.995,120,True,1,1
26,28,29,4.611646555635274,True,100.0,0.995,120,False,1,1
26,29,28,4.611646555635274,True,100.0,0.995,120,False,1,1
26,28,38,2.9941494135773414,True,100.0,0.995,120,True,1,1
26,38,28,2.9941494135773414,True,100.0,0.995,120,True,1,1
26,28,58,3.145273989965499,True,100.0,0.995,120,True,1,1
26,58,28,3.145273989965499,True,100.0,0.995,120,True,1,1
26,28,61,2.9008042384618595,True,100.0,0.995,120,True,1,1
26,61,28,2.9008042384618595,True,100.0,0.995,120,True,1,1
26,29,30,4.620878335039692,True,100.0,0.995,120,False,1,1
26,30,29,4.620878335039692,True,100.0,0.995,120,False,1,1
26,29,39,0.8105367034704666,True,100.0,0.995,120,True,1,1
26,39,29,0.8105367034704666,True,100.0,0.995,120,True,1,1
26,29,59,2.0353215181696203,True,100.0,0.995,120,True,1,1
26,59,29,2.0353215181696203,True,100.0,0.995,120,True,1,1
26,29,62,2.741322359877995,True,100.0,0.995,120,True,1,1
26,62,29,2.741322359877995,True,100.0,0.995,120,True,1,1
26,30,40,3.847381976407931,True,100.0,0.995,120,True,1,1
26,40,30,3.847381976407931,True,100.0,0.995,120,True,1,1
26,30,60,1.7434193513365879,True,100.0,0.995,120,True,1,1
26,60,30,1.7434193513365879,True,100.0,0.995,120,True,1,1
26,30,63,2.472845688488471,True,100.0,0.995,120,True,1,1
26,63,30,2.472845688488471,True,100.0,0.995,120,True,1,1
26,30,64,7.670926222390418,True,100.0,0.995,120,True,1,1
26,64,30,7.670926222390418,True,100.0,0.995,120,True,1,1
26,31,32,0.9571140571241789,True,100.0,0.995,120,False,1,1
26,32,31,0.9571140571241789,True,100.0,0.995,120,False,1,1
26,32,33,3.6591103674201593,True,100.0,0.995,120,False,1,1
26,33,32,3.6591103674201593,True,100.0,0.995,120,False,1,1
26,33,34,4.587243821733849,True,100.0,0.995,120,False,1,1
26,34,33,4.587243821733849,True,100.0,0.995,120,False,1,1
26,34,35,0.08596283748856738,True,100.0,0.995,120,False,1,1
26,35,34,0.08596283748856738,True,100.0,0.995,120,False,1,1
26,35,36,2.3024481505090533,True,100.0,0.995,120,False,1,1
26,36,35,2.3024481505090533,True,100.0,0.995,120,False,1,1
26,37,38,8.015783854860516,True,100.0,0.995,120,False,1,1
26,38,37,8.015783854860516,True,100.0,0.995,120,False,1,1
26,37,50,3.3495716850527306,True,100.0,0.995,120,True,1,1
26,50,37,3.3495716850527306,True,100.0,0.995,120,True,1,1
26,37,51,1.5855222439912295,True,100.0,0.995,120,True,1,1
26,51,37,1.5855222439912295,True,100.0,0.995,120,True,1,1
26,37,52,1.8930282786024644,True,100.0,0.995,120,True,1,1
26,52,37,1.8930282786024644,True,100.0,0.995,120,True,1,1
26,37,55,1.3928772135158365,True,100.0,0.995,120,True,1,1
26,55,37,1.3928772135158365,True,100.0,0.995,120,True,1,1
26,38,39,8.02095870211701,True,100.0,0.995,120,False,1,1
26,39,38,8.02095870211701,True,100.0,0.995,120,False,1,1
26,38,53,2.11967885648033,True,100.0,0.995,120,True,1,1
26,53,38,2.11967885648033,True,100.0,0.995,120,True,1,1
26,38,54,0.7053563058468119,True,100.0,0.995,120,True,1,1
26,54,38,0.7053563058468119,True,100.0,0.995,120,True,1,1
26,38,58,1.527020180890256,True,100.0,0.995,120,True,1,1
26,58,38,1.527020180890256,True,100.0,0.995,120,True,1,1
26,38,61,2.146318316956592,True,100.0,0.995,120,True,1,1
26,61,38,2.146318316956592,True,100.0,0.995,120,True,1,1
26,39,40,8.01703755419666,True,100.0,0.995,120,False,1,1
26,40,39,8.01703755419666,True,100.0,0.995,120,False,1,1
26,39,59,1.8876757386381895,True,100.0,0.995,120,True,1,1
26,59,39,1.8876757386381895,True,100.0,0.995,120,True,1,1
26,39,60,3.3932937393951126,True,100.0,0.995,120,True,1,1
26,60,39,3.3932937393951126,True,100.0,0.995,120,True,1,1
26,39,62,2.653337434622476,True,100.0,0.995,120,True,1,1
26,62,39,2.653337434622476,True,100.0,0.995,120,True,1,1
26,39,63,2.8810736768210448,True,100.0,0.995,120,True,1,1
26,63,39,2.8810736768210448,True,100.0,0.995,120,True,1,1
26,40,41,8.021116982977125,True,100.0,0.995,120,False,1,1
26,41,40,8.021116982977125,True,100.0,0.995,120,False,1,1
26,40,60,4.8666951560147735,True,100.0,0.995,120,True,1,1
26,60,40,4.8666951560147735,True,100.0,0.995,120,True,1,1
26,40,64,3.9173634266710415,True,100.0,0.995,120,True,1,1
26,64,40,3.9173634266710415,True,100.0,0.995,120,True,1,1
26,40,65,8.432764917532882,True,100.0,0.995,120,True,1,1
26,65,40,8.432764917532882,True,100.0,0.995,120,True,1,1
26,41,42,8.017928586709631,True,100.0,0.995,120,False,1,1
26,42,41,8.017928586709631,True,100.0,0.995,120,False,1,1
26,41,64,4.260414272531378,True,100.0,0.995,120,True,1,1
26,64,41,4.260414272531378,True,100.0,0.995,120,True,1,1
26,41,65,0.671128824320194,True,100.0,0.995,120,True,1,1
26,65,41,0.671128824320194,True,100.0,0.995,120,True,1,1
26,41,66,8.491263980736413,True,100.0,0.995,120,True,1,1
26,66,41,8.491263980736413,True,100.0,0.995,120,True,1,1
26,42,64,12.081235081555835,True,100.0,0.995,120,True,1,1
26,64,42,12.081235081555835,True,100.0,0.995,120,True,1,1
26,42,65,7.546429355633545,True,100.0,0.995,120,True,1,1
26,65,42,7.546429355633545,True,100.0,0.995,120,True,1,1
26,42,66,0.5355389366308997,True,100.0,0.995,120,True,1,1
26,66,42,0.5355389366308997,True,100.0,0.995,120,True,1,1
26,43,44,4.619537766167328,True,100.0,0.995,120,False,1,1
26,44,43,4.619537766167328,True,100.0,0.995,120,False,1,1
26,44,45,4.616228342954659,True,100.0,0.995,120,False,1,1
26,45,44,4.616228342954659,True,100.0,0.995,120,False,1,1
26,45,46,4.610466506669126,True,100.0,0.995,120,False,1,1
26,46,45,4.610466506669126,True,100.0,0.995,120,False,1,1
26,46,47,4.6292341445264285,True,100.0,0.995,120,False,1,1
26,47,46,4.6292341445264285,True,100.0,0.995,120,False,1,1
26,47,48,4.5986092204582585,True,100.0,0.995,120,False,1,1
26,48,47,4.5986092204582585,True,100.0,0.995,120,False,1,1
26,49,50,4.617399874696182,True,100.0,0.995,120,False,1,1
26,50,49,4.617399874696182,True,100.0,0.995,120,False,1,1
26,50,51,4.637770257701621,True,100.0,0.995,120,False,1,1
26,51,50,4.637770257701621,True,100.0,0.995,120,False,1,1
26,50,55,3.8349386740673035,True,100.0,0.995,120,True,1,1
26,55,50,3.8349386740673035,True,100.0,0.995,120,True,1,1
26,51,52,1.4741977680752234,True,100.0,0.995,120,False,1,1
26,52,51,1.4741977680752234,True,100.0,0.995,120,False,1,1
26,51,55,1.048419617812934,True,100.0,0.995,120,True,1,1
26,55,51,1.048419617812934,True,100.0,0.995,120,True,1,1
26,51,56,0.9589395079236042,True,100.0,0.995,120,True,1,1
26,56,51,0.9589395079236042,True,100.0,0.995,120,True,1,1
26,51,57,2.866003428375165,True,100.0,0.995,120,True,1,1
26,57,51,2.866003428375165,True,100.0,0.995,120,True,1,1
26,52,53,4.495943396108773,True,100.0,0.995,120,False,1,1
26,53,52,4.495943396108773,True,100.0,0.995,120,False,1,1
26,52,55,2.345342466873981,True,100.0,0.995,120,True,1,1
26,55,52,2.345342466873981,True,100.0,0.995,120,True,1,1
26,52,56,2.2609816689106466,True,100.0,0.995,120,True,1,1
26,56,52,2.2609816689106466,True,100.0,0.995,120,True,1,1
26,53,54,1.9874787458673673,True,100.0,0.995,120,False,1,1
26,54,53,1.9874787458673673,True,100.0,0.995,120,False,1,1
26,53,57,1.9419294638740965,True,100.0,0.995,120,True,1,1
26,57,53,1.9419294638740965,True,100.0,0.995,120,True,1,1
26,53,58,2.6394107146993697,True,100.0,0.995,120,True,1,1
26,58,53,2.6394107146993697,True,100.0,0.995,120,True,1,1
26,54,58,0.9514377587281639,True,100.0,0.995,120,True,1,1
26,58,54,0.9514377587281639,True,100.0,0.995,120,True,1,1
26,54,61,1.6278870128709144,True,100.0,0.995,120,True,1,1
26,61,54,1.6278870128709144,True,100.0,0.995,120,True,1,1
26,55,56,1.3792871626906031,True,100.0,0.995,120,False,1,1
26,56,55,1.3792871626906031,True,100.0,0.995,120,False,1,1
26,56,57,2.3128461685674964,True,100.0,0.995,120,False,1,1
26,57,56,2.3128461685674964,True,100.0,0.995,120,False,1,1
26,57,58,4.324043853536607,True,100.0,0.995,120,False,1,1
26,58,57,4.324043853536607,True,100.0,0.995,120,False,1,1
26,58,59,5.9801426311103,True,100.0,0.995,120,False,1,1
26,59,58,5.9801426311103,True,100.0,0.995,120,False,1,1
26,58,61,0.7812240823861604,True,100.0,0.995,120,True,1,1
26,61,58,0.7812240823861604,True,100.0,0.995,120,True,1,1
26,59,60,4.677333062860085,True,100.0,0.995,120,False,1,1
26,60,59,4.677333062860085,True,100.0,0.995,120,False,1,1
26,59,62,0.7695359605639712,True,100.0,0.995,120,True,1,1
26,62,59,0.7695359605639712,True,100.0,0.995,120,True,1,1
26,60,63,0.7992797566288715,True,100.0,0.995,120,True,1,1
26,63,60,0.7992797566288715,True,100.0,0.995,120,True,1,1
26,61,62,4.621840942024822,True,100.0,0.995,120,False,1,1
26,62,61,4.621840942024822,True,100.0,0.995,120,False,1,1
26,62,63,4.615352383785732,True,100.0,0.995,120,False,1,1
26,63,62,4.615352383785732,True,100.0,0.995,120,False,1,1
26,63,64,9.203371850946485,True,100.0,0.995,120,False,1,1
26,64,63,9.203371850946485,True,100.0,0.995,120,False,1,1
26,64,65,4.613346606199718,True,100.0,0.995,120,False,1,1
26,65,64,4.613346606199718,True,100.0,0.995,120,False,1,1
26,65,66,8.025760598191246,True,100.0,0.995,120,False,1,1
26,66,65,8.025760598191246,True,100.0,0.995,120,False,1,1
27,1,2,4.606642532572127,True,100.0,0.995,120,False,1,1
27,2,1,4.606642532572127,True,100.0,0.995,120,False,1,1
27,1,43,11.020624003916932,True,100.0,0.995,120,True,1,1
27,43,1,11.020624003916932,True,100.0,0.995,120,True,1,1
27,1,44,6.575582264404472,True,100.0,0.995,120,True,1,1
27,44,1,6.575582264404472,True,100.0,0.995,120,True,1,1
27,1,45,2.4394598555624767,True,100.0,0.995,120,True,1,1
27,45,1,2.4394598555624767,True,100.0,0.995,120,True,1,1
27,1,46,3.3199060904507123,True,100.0,0.995,120,True,1,1
27,46,1,3.3199060904507123,True,100.0,0.995,120,True,1,1
27,2,3,4.636674782231136,True,100.0,0.995,120,False,1,1
27,3,2,4.636674782231136,True,100.0,0.995,120,False,1,1
27,2,44,10.949754851151399,True,100.0,0.995,120,True,1,1
27,44,2,10.949754851151399,True,100.0,0.995,120,True,1,1
27,2,45,6.467013404431399,True,100.0,0.995,120,True,1,1
27,45,2,6.467013404431399,True,100.0,0.995,120,True,1,1
27,2,46,2.165868270539726,True,100.0,0.995,120,True,1,1
27,46,2,2.165868270539726,True,100.0,0.995,120,True,1,1
27,2,47,3.160589187054871,True,100.0,0.995,120,True,1,1
27,47,2,3.160589187054871,True,100.0,0.995,120,True,1,1
27,3,4,2.9425687606585713,True,100.0,0.995,120,False,1,1
27,4,3,2.9425687606585713,True,100.0,0.995,120,False,1,1
27,3,19,3.7302835699311343,True,100.0,0.995,120,True,1,1
27,19,3,3.7302835699311343,True,100.0,0.995,120,True,1,1
27,3,45,10.913258640048427,True,100.0,0.995,120,True,1,1
27,45,3,10.913258640048427,True,100.0,0.995,120,True,1,1
27,3,46,6.404264606036656,True,100.0,0.995,120,True,1,1
27,46,3,6.404264606036656,True,100.0,0.995,120,True,1,1
27,3,47,1.9234493676832312,True,100.0,0.995,120,True,1,1
27,47,3,1.9234493676832312,True,100.0,0.995,120,True,1,1
27,3,48,2.986504640439355,True,100.0,0.995,120,True,1,1
27,48,3,2.986504640439355,True,100.0,0.995,120,True,1,1
27,4,5,1.6593667091007243,True,100.0,0.995,120,False,1,1
27,5,4,1.6593667091007243,True,100.0,0.995,120,False,1,1
27,4,19,0.8013889568744373,True,100.0,0.995,120,True,1,1
27,19,4,0.8013889568744373,True,100.0,0.995,120,True,1,1
27,4,47,4.692214382177516,True,100.0,0.995,120,True,1,1
27,47,4,4.692214382177516,True,100.0,0.995,120,True,1,1
27,4,48,0.5526153955312806,True,100.0,0.995,120,True,1,1
27,48,4,0.5526153955312806,True,100.0,0.995,120,True,1,1
27,5,6,4.623914651523002,True,100.0,0.995,120,False,1,1
27,6,5,4.623914651523002,True,100.0,0.995,120,False,1,1
27,5,19,0.8753949735370748,True,100.0,0.995,120,True,1,1
27,19,5,0.8753949735370748,True,100.0,0.995,120,True,1,1
27,5,20,5.739642932452974,True,100.0,0.995,120,True,1,1
27,20,5,5.739642932452974,True,100.0,0.995,120,True,1,1
27,5,48,1.7294120760982101,True,100.0,0.995,120,True,1,1
27,48,5,1.7294120760982101,True,100.0,0.995,120,True,1,1
27,6,20,1.1263352273139429,True,100.0,0.995,120,True,1,1
27,20,6,1.1263352273139429,True,100.0,0.995,120,True,1,1
27,6,21,1.4340329938228746,True,100.0,0.995,120,True,1,1
27,21,6,1.4340329938228746,True,100.0,0.995,120,True,1,1
27,6,22,3.7413781470341916,True,100.0,0.995,120,True,1,1
27,22,6,3.7413781470341916,True,100.0,0.995,120,True,1,1
27,6,31,3.099112961647155,True,100.0,0.995,120,True,1,1
27,31,6,3.099112961647155,True,100.0,0.995,120,True,1,1
27,7,8,4.621787982950733,True,100.0,0.995,120,False,1,1
27,8,7,4.621787982950733,True,100.0,0.995,120,False,1,1
27,7,42,14.020976470229249,True,100.0,0.995,120,True,1,1
27,42,7,14.020976470229249,True,100.0,0.995,120,True,1,1
27,7,66,13.55601197621609,True,100.0,0.995,120,True,1,1
27,66,7,13.55601197621609,True,100.0,0.995,120,True,1,1
27,8,9,3.364153020586133,True,100.0,0.995,120,False,1,1
27,9,8,3.364153020586133,True,100.0,0.995,120,False,1,1
27,9,10,5.8603099587606335,True,100.0,0.995,120,False,1,1
27,10,9,5.8603099587606335,True,100.0,0.995,120,False,1,1
27,10,11,4.5892863685567304,True,100.0,0.995,120,False,1,1
27,11,10,4.5892863685567304,True,100.0,0.995,120,False,1,1
27,10,43,12.272936555872679,True,100.0,0.995,120,True,1,1
27,43,10,12.272936555872679,True,100.0,0.995,120,True,1,1
27,11,12,4.644769513895987,True,100.0,0.995,120,False,1,1
27,12,11,4.644769513895987,True,100.0,0.995,120,False,1,1
27,11,43,7.954664864213146,True,100.0,0.995,120,True,1,1
27,43,11,7.954664864213146,True,100.0,0.995,120,True,1,1
27,11,44,12.306689041098613,True,100.0,0.995,120,True,1,1
27,44,11,12.306689041098613,True,100.0,0.995,120,True,1,1
27,12,43,3.7430551708056443,True,100.0,0.995,120,True,1,1
27,43,12,3.7430551708056443,True,100.0,0.995,120,True,1,1
27,12,44,7.855134164004762,True,100.0,0.995,120,True,1,1
27,44,12,7.855134164004762,True,100.0,0.995,120,True,1,1
27,12,45,12.226434732517346,True,100.0,0.995,120,True,1,1
27,45,12,12.226434732517346,True,100.0,0.995,120,True,1,1
27,13,14,0.11978104533052183,True,100.0,0.995,120,False,1,1
27,14,13,0.11978104533052183,True,100.0,0.995,120,False,1,1
27,13,23,2.3608494778543347,True,100.0,0.995,120,True,1,1
27,23,13,2.3608494778543347,True,100.0,0.995,120,True,1,1
27,13,24,2.2577413419869727,True,100.0,0.995,120,True,1,1
27,24,13,2.2577413419869727,True,100.0,0.995,120,True,1,1
27,13,33,5.349898924072145,True,100.0,0.995,120,True,1,1
27,33,13,5.349898924072145,True,100.0,0.995,120,True,1,1
27,13,34,0.8954097117645948,True,100.0,0.995,120,True,1,1
27,34,13,0.8954097117645948,True,100.0,0.995,120,True,1,1
27,13,35,0.8577946277368372,True,100.0,0.995,120,True,1,1
27,35,13,0.8577946277368372,True,100.0,0.995,120,True,1,1
27,13,36,1.7005865211100382,True,100.0,0.995,120,True,1,1
27,36,13,1.7005865211100382,True,100.0,0.995,120,True,1,1
27,14,15,4.5469611536247525,True,100.0,0.995,120,False,1,1
27,15,14,4.5469611536247525,True,100.0,0.995,120,False,1,1
27,14,24,2.205174479771648,True,100.0,0.995,120,True,1,1
27,24,14,2.205174479771648,True,100.0,0.995,120,True,1,1
27,14,34,0.8897592196356727,True,100.0,0.995,120,True,1,1
27,34,14,0.8897592196356727,True,100.0,0.995,120,True,1,1
27,14,35,0.8420926005856469,True,100.0,0.995,120,True,1,1
27,35,14,0.8420926005856469,True,100.0,0.995,120,True,1,1
27,14,36,1.6235731644455387,True,100.0,0.995,120,True,1,1
27,36,14,1.6235731644455387,True,100.0,0.995,120,True,1,1
27,15,16,1.436786930297125,True,100.0,0.995,120,False,1,1
27,16,15,1.436786930297125,True,100.0,0.995,120,False,1,1
27,15,24,2.350431883937052,True,100.0,0.995,120,True,1,1
27,24,15,2.350431883937052,True,100.0,0.995,120,True,1,1
27,15,25,4.134598971669756,True,100.0,0.995,120,True,1,1
27,25,15,4.134598971669756,True,100.0,0.995,120,True,1,1
27,15,36,3.032078011693431,True,100.0,0.995,120,True,1,1
27,36,15,3.032078011693431,True,100.0,0.995,120,True,1,1
27,16,17,0.8815729179764882,True,100.0,0.995,120,False,1,1
27,17,16,0.8815729179764882,True,100.0,0.995,120,False,1,1
27,16,24,3.7785417556735004,True,100.0,0.995,120,True,1,1
27,24,16,3.7785417556735004,True,100.0,0.995,120,True,1,1
27,16,25,2.711162577073521,True,100.0,0.995,120,True,1,1
27,25,16,2.711162577073521,True,100.0,0.995,120,True,1,1
27,16,36,4.436898078022976,True,100.0,0.995,120,True,1,1
27,36,16,4.436898078022976,True,100.0,0.995,120,True,1,1
27,17,18,4.598855729181442,True,100.0,0.995,120,False,1,1
27,18,17,4.598855729181442,True,100.0,0.995,120,False,1,1
27,17,24,4.655625711055367,True,100.0,0.995,120,True,1,1
27,24,17,4.655625711055367,True,100.0,0.995,120,True,1,1
27,17,25,1.8911267172625332,True,100.0,0.995,120,True,1,1
27,25,17,1.8911267172625332,True,100.0,0.995,120,True,1,1
27,17,36,5.316672708398352,True,100.0,0.995,120,True,1,1
27,36,17,5.316672708398352,True,100.0,0.995,120,True,1,1
27,18,25,2.8527093811533524,True,100.0,0.995,120,True,1,1
27,25,18,2.8527093811533524,True,100.0,0.995,120,True,1,1
27,18,26,6.321406882635212,True,100.0,0.995,120,True,1,1
27,26,18,6.321406882635212,True,100.0,0.995,120,True,1,1
27,18,49,2.410731251621095,True,100.0,0.995,120,True,1,1
27,49,18,2.410731251621095,True,100.0,0.995,120,True,1,1
27,19,20,6.608660382671954,True,100.0,0.995,120,False,1,1
27,20,19,6.608660382671954,True,100.0,0.995,120,False,1,1
27,19,48,0.889438381164932,True,100.0,0.995,120,True,1,1
27,48,19,0.889438381164932,True,100.0,0.995,120,True,1,1
27,20,21,0.3088387685292621,True,100.0,0.995,120,False,1,1
27,21,20,0.3088387685292621,True,100.0,0.995,120,False,1,1
27,20,31,1.974978379803206,True,100.0,0.995,120,True,1,1
27,31,20,1.974978379803206,True,100.0,0.995,120,True,1,1
27,20,32,2.9312867613625704,True,100.0,0.995,120,True,1,1
27,32,20,2.9312867613625704,True,100.0,0.995,120,True,1,1
27,21,22,2.3141343433574684,True,100.0,0.995,120,False,1,1
27,22,21,2.3141343433574684,True,100.0,0.995,120,False,1,1
27,21,31,1.671132049299254,True,100.0,0.995,120,True,1,1
27,31,21,1.671132049299254,True,100.0,0.995,120,True,1,1
27,21,32,2.6275225375872124,True,100.0,0.995,120,True,1,1
27,32,21,2.6275225375872124,True,100.0,0.995,120,True,1,1
27,22,23,6.937477603937603,True,100.0,0.995,120,False,1,1
27,23,22,6.937477603937603,True,100.0,0.995,120,False,1,1
27,22,31,0.6643712699807154,True,100.0,0.995,120,True,1,1
27,31,22,0.6643712699807154,True,100.0,0.995,120,True,1,1
27,22,32,0.3802057611678132,True,100.0,0.995,120,True,1,1
27,32,22,0.3802057611678132,True,100.0,0.995,120,True,1,1
27,22,33,3.9700842034499724,True,100.0,0.995,120,True,1,1
27,33,22,3.9700842034499724,True,100.0,0.995,120,True,1,1
27,23,24,4.608295615307927,True,100.0,0.995,120,False,1,1
27,24,23,4.608295615307927,True,100.0,0.995,120,False,1,1
27,23,33,3.001678081114026,True,100.0,0.995,120,True,1,1
27,33,23,3.001678081114026,True,100.0,0.995,120,True,1,1
27,23,34,1.645498974143198,True,100.0,0.995,120,True,1,1
27,34,23,1.645498974143198,True,100.0,0.995,120,True,1,1
27,23,35,1.718391017163986,True,100.0,0.995,120,True,1,1
27,35,23,1.718391017163986,True,100.0,0.995,120,True,1,1
27,24,36,0.7725475510428539,True,100.0,0.995,120,True,1,1
27,36,24,0.7725475510428539,True,100.0,0.995,120,True,1,1
27,25,26,9.033174907740266,True,100.0,0.995,120,False,1,1
27,26,25,9.033174907740266,True,100.0,0.995,120,False,1,1
27,25,49,4.444298121869268,True,100.0,0.995,120,True,1,1
27,49,25,4.444298121869268,True,100.0,0.995,120,True,1,1
27,26,27,4.803515877224902,True,100.0,0.995,120,False,1,1
27,27,26,4.803515877224902,True,100.0,0.995,120,False,1,1
27,26,37,3.138880089175825,True,100.0,0.995,120,True,1,1
27,37,26,3.138880089175825,True,100.0,0.995,120,True,1,1
27,26,49,5.034097622522202,True,100.0,0.995,120,True,1,1
27,49,26,5.034097622522202,True,100.0,0.995,120,True,1,1
27,26,50,1.4379255944688587,True,100.0,0.995,120,True,1,1
27,50,26,1.4379255944688587,True,100.0,0.995,120,True,1,1
27,26,55,4.092362288782465,True,100.0,0.995,120,True,1,1
27,55,26,4.092362288782465,True,100.0,0.995,120,True,1,1
27,27,28,9.022657090303111,True,100.0,0.995,120,False,1,1
27,28,27,9.022657090303111,True,100.0,0.995,120,False,1,1
27,27,37,1.963274752435882,True,100.0,0.995,120,True,1,1
27,37,27,1.963274752435882,True,100.0,0.995,120,True,1,1
27,27,51,1.4907867817446838,True,100.0,0.995,120,True,1,1
27,51,27,1.4907867817446838,True,100.0,0.995,120,True,1,1
27,27,52,0.07384674582569234,True,100.0,0.995,120,True,1,1
27,52,27,0.07384674582569234,True,100.0,0.995,120,True,1,1
27,27,56,2.254788218684413,True,100.0,0.995,120,True,1,1
27,56,27,2.254788218684413,True,100.0,0.995,120,True,1,1
27,27,57,3.213561934592222,True,100.0,0.995,120,True,1,1
27,57,27,3.213561934592222,True,100.0,0.995,120,True,1,1
27,28,29,4.611646863890363,True,100.0,0.995,120,False,1,1
27,29,28,4.611646863890363,True,100.0,0.995,120,False,1,1
27,28,38,2.997657552538161,True,100.0,0.995,120,True,1,1
27,38,28,2.997657552538161,True,100.0,0.995,120,True,1,1
27,28,58,3.1418105755623826,True,100.0,0.995,120,True,1,1
27,58,28,3.1418105755623826,True,100.0,0.995,120,True,1,1
27,28,61,2.8923054726939377,True,100.0,0.995,120,True,1,1
27,61,28,2.8923054726939377,True,100.0,0.995,120,True,1,1
27,29,30,4.62091817012472,True,100.0,0.995,120,False,1,1
27,30,29,4.62091817012472,True,100.0,0.995,120,False,1,1
27,29,39,0.8041232297877178,True,100.0,0.995,120,True,1,1
27,39,29,0.8041232297877178,True,100.0,0.995,120,True,1,1
27,29,59,2.0236242839134593,True,100.0,0.995,120,True,1,1
27,59,29,2.0236242839134593,True,100.0,0.995,120,True,1,1
27,29,62,2.7287705956296775,True,100.0,0.995,120,True,1,1
27,62,29,2.7287705956296775,True,100.0,0.995,120,True,1,1
27,30,40,3.842412732626226,True,100.0,0.995,120,True,1,1
27,40,30,3.842412732626226,True,100.0,0.995,120,True,1,1
27,30,60,1.729369965351135,True,100.0,0.995,120,True,1,1
27,60,30,1.729369965351135,True,100.0,0.995,120,True,1,1
27,30,63,2.458170135994152,True,100.0,0.995,120,True,1,1
27,63,30,2.458170135994152,True,100.0,0.995,120,True,1,1
27,30,64,7.666309942767379,True,100.0,0.995,120,True,1,1
27,64,30,7.666309942767379,True,100.0,0.995,120,True,1,1
27,31,32,0.9564857793942584,True,100.0,0.995,120,False,1,1
27,32,31,0.9564857793942584,True,100.0,0.995,120,False,1,1
27,32,33,3.6600378921104832,True,100.0,0.995,120,False,1,1
27,33,32,3.6600378921104832,True,100.0,0.995,120,False,1,1
27,33,34,4.586561520031751,True,100.0,0.995,120,False,1,1
27,34,33,4.586561520031751,True,100.0,0.995,120,False,1,1
27,34,35,0.08669737971741653,True,100.0,0.995,120,False,1,1
27,35,34,0.08669737971741653,True,100.0,0.995,120,False,1,1
27,35,36,2.301800370607313,True,100.0,0.995,120,False,1,1
27,36,35,2.301800370607313,True,100.0,0.995,120,False,1,1
27,37,38,8.015861173012699,True,100.0,0.995,120,False,1,1
27,38,37,8.015861173012699,True,100.0,0.995,120,False,1,1
27,37,50,3.345662076906078,True,100.0,0.995,120,True,1,1
27,50,37,3.345662076906078,True,100.0,0.995,120,True,1,1
27,37,51,1.5893989617372006,True,100.0,0.995,120,True,1,1
27,51,37,1.5893989617372006,True,100.0,0.995,120,True,1,1
27,37,52,1.8967366635272658,True,100.0,0.995,120,True,1,1
27,52,37,1.8967366635272658,True,100.0,0.995,120,True,1,1
27,37,55,1.394360780308978,True,100.0,0.995,120,True,1,1
27,55,37,1.394360780308978,True,100.0,0.995,120,True,1,1
27,38,39,8.020989337688425,True,100.0,0.995,120,False,1,1
27,39,38,8.020989337688425,True,100.0,0.995,120,False,1,1
27,38,53,2.1150946447896093,True,100.0,0.995,120,True,1,1
27,53,38,2.1150946447896093,True,100.0,0.995,120,True,1,1
27,38,54,0.7033306577403987,True,100.0,0.995,120,True,1,1
27,54,38,0.7033306577403987,True,100.0,0.995,120,True,1,1
27,38,58,1.5229648984151256,True,100.0,0.995,120,True,1,1
27,58,38,1.5229648984151256,True,100.0,0.995,120,True,1,1
27,38,61,2.143731083150256,True,100.0,0.995,120,True,1,1
27,61,38,2.143731083150256,True,100.0,0.995,120,True,1,1
27,39,40,8.01704913663428,True,100.0,0.995,120,False,1,1
27,40,39,8.01704913663428,True,100.0,0.995,120,False,1,1
27,39,59,1.8791804555553673,True,100.0,0.995,120,True,1,1
27,59,39,1.8791804555553673,True,100.0,0.995,120,True,1,1
27,39,60,3.3943302049638264,True,100.0,0.995,120,True,1,1
27,60,39,3.3943302049638264,True,100.0,0.995,120,True,1,1
27,39,62,2.6434999711587386,True,100.0,0.995,120,True,1,1
27,62,39,2.6434999711587386,True,100.0,0.995,120,True,1,1
27,39,63,2.8785132009215464,True,100.0,0.995,120,True,1,1
27,63,39,2.8785132009215464,True,100.0,0.995,120,True,1,1
27,40,41,8.021100479847147,True,100.0,0.995,120,False,1,1
27,41,40,8.021100479847147,True,100.0,0.995,120,False,1,1
27,40,60,4.860429122353256,True,100.0,0.995,120,True,1,1
27,60,40,4.860429122353256,True,100.0,0.995,120,True,1,1
27,40,64,3.917105497295023,True,100.0,0.995,120,True,1,1
27,64,40,3.917105497295023,True,100.0,0.995,120,True,1,1
27,40,65,8.4352181592591,True,100.0,0.995,120,True,1,1
27,65,40,8.4352181592591,True,100.0,0.995,120,True,1,1
27,41,42,8.017979112175706,True,100.0,0.995,120,False,1,1
27,42,41,8.017979112175706,True,100.0,0.995,120,False,1,1
27,41,64,4.253356622101287,True,100.0,0.995,120,True,1,1
27,64,41,4.253356622101287,True,100.0,0.995,120,True,1,1
27,41,65,0.6608183818295896,True,100.0,0.995,120,True,1,1
27,65,41,0.6608183818295896,True,100.0,0.995,120,True,1,1
27,41,66,8.492368791184356,True,100.0,0.995,120,True,1,1
27,66,41,8.492368791184356,True,100.0,0.995,120,True,1,1
27,42,64,12.076655230226898,True,100.0,0.995,120,True,1,1
27,64,42,12.076655230226898,True,100.0,0.995,120,True,1,1
27,42,65,7.541968954126939,True,100.0,0.995,120,True,1,1
27,65,42,7.541968954126939,True,100.0,0.995,120,True,1,1
27,42,66,0.5427425923676801,True,100.0,0.995,120,True,1,1
27,66,42,0.5427425923676801,True,100.0,0.995,120,True,1,1
27,43,44,4.619442724241182,True,100.0,0.995,120,False,1,1
27,44,43,4.619442724241182,True,100.0,0.995,120,False,1,1
27,44,45,4.616182247364407,True,100.0,0.995,120,False,1,1
27,45,44,4.616182247364407,True,100.0,0.995,120,False,1,1
27,45,46,4.610383719398477,True,100.0,0.995,120,False,1,1
27,46,45,4.610383719398477,True,100.0,0.995,120,False,1,1
27,46,47,4.629200944829447,True,100.0,0.995,120,False,1,1
27,47,46,4.629200944829447,True,100.0,0.995,120,False,1,1
27,47,48,4.598556230796264,True,100.0,0.995,120,False,1,1
27,48,47,4.598556230796264,True,100.0,0.995,120,False,1,1
27,49,50,4.61744738971846,True,100.0,0.995,120,False,1,1
27,50,49,4.61744738971846,True,100.0,0.995,120,False,1,1
27,50,51,4.637857254003175,True,100.0,0.995,120,False,1,1
27,51,50,4.637857254003175,True,100.0,0.995,120,False,1,1
27,50,55,3.833021619466409,True,100.0,0.995,120,True,1,1
27,55,50,3.833021619466409,True,100.0,0.995,120,True,1,1
27,51,52,1.473723607004219,True,100.0,0.995,120,False,1,1
27,52,51,1.473723607004219,True,100.0,0.995,120,False,1,1
27,51,55,1.0503061867010826,True,100.0,0.995,120,True,1,1
27,55,51,1.0503061867010826,True,100.0,0.995,120,True,1,1
27,51,56,0.9573733298256467,True,100.0,0.995,120,True,1,1
27,56,51,0.9573733298256467,True,100.0,0.995,120,True,1,1
27,51,57,2.8674245695325284,True,100.0,0.995,120,True,1,1
27,57,51,2.8674245695325284,True,100.0,0.995,120,True,1,1
27,52,53,4.495483365400828,True,100.0,0.995,120,False,1,1
27,53,52,4.495483365400828,True,100.0,0.995,120,False,1,1
27,52,55,2.3463450927603997,True,100.0,0.995,120,True,1,1
27,55,52,2.3463450927603997,True,100.0,0.995,120,True,1,1
27,52,56,2.2601201636906145,True,100.0,0.995,120,True,1,1
27,56,52,2.2601201636906145,True,100.0,0.995,120,True,1,1
27,53,54,1.9876669713495492,True,100.0,0.995,120,False,1,1
27,54,53,1.9876669713495492,True,100.0,0.995,120,False,1,1
27,53,57,1.939882595677627,True,100.0,0.995,120,True,1,1
27,57,53,1.939882595677627,True,100.0,0.995,120,True,1,1
27,53,58,2.6359481665952105,True,100.0,0.995,120,True,1,1
27,58,53,2.6359481665952105,True,100.0,0.995,120,True,1,1
27,54,58,0.9476632396096414,True,100.0,0.995,120,True,1,1
27,58,54,0.9476632396096414,True,100.0,0.995,120,True,1,1
27,54,61,1.6252533629314476,True,100.0,0.995,120,True,1,1
27,61,54,1.6252533629314476,True,100.0,0.995,120,True,1,1
27,55,56,1.3783523968464573,True,100.0,0.995,120,False,1,1
27,56,55,1.3783523968464573,True,100.0,0.995,120,False,1,1
27,56,57,2.317559357714947,True,100.0,0.995,120,False,1,1
27,57,56,2.317559357714947,True,100.0,0.995,120,False,1,1
27,57,58,4.319468574725876,True,100.0,0.995,120,False,1,1
27,58,57,4.319468574725876,True,100.0,0.995,120,False,1,1
27,58,59,5.983114873018736,True,100.0,0.995,120,False,1,1
27,59,58,5.983114873018736,True,100.0,0.995,120,False,1,1
27,58,61,0.7833657346503206,True,100.0,0.995,120,True,1,1
27,61,58,0.7833657346503206,True,100.0,0.995,120,True,1,1
27,59,60,4.677351937037356,True,100.0,0.995,120,False,1,1
27,60,59,4.677351937037356,True,100.0,0.995,120,False,1,1
27,59,62,0.7682295486185725,True,100.0,0.995,120,True,1,1
27,62,59,0.7682295486185725,True,100.0,0.995,120,True,1,1
27,60,63,0.7978355736729944,True,100.0,0.995,120,True,1,1
27,63,60,0.7978355736729944,True,100.0,0.995,120,True,1,1
27,61,62,4.62185030273966,True,100.0,0.995,120,False,1,1
27,62,61,4.62185030273966,True,100.0,0.995,120,False,1,1
27,62,63,4.615379016413915,True,100.0,0.995,120,False,1,1
27,63,62,4.615379016413915,True,100.0,0.995,120,False,1,1
27,63,64,9.203358027826315,True,100.0,0.995,120,False,1,1
27,64,63,9.203358027826315,True,100.0,0.995,120,False,1,1
27,64,65,4.613344036048347,True,100.0,0.995,120,False,1,1
27,65,64,4.613344036048347,True,100.0,0.995,120,False,1,1
27,65,66,8.022839728256175,True,100.0,0.995,120,False,1,1
27,66,65,8.022839728256175,True,100.0,0.995,120,False,1,1
28,1,2,4.606572570433447,True,100.0,0.995,120,False,1,1
28,2,1,4.606572570433447,True,100.0,0.995,120,False,1,1
28,1,43,11.01736728282565,True,100.0,0.995,120,True,1,1
28,43,1,11.01736728282565,True,100.0,0.995,120,True,1,1
28,1,44,6.5700976344932895,True,100.0,0.995,120,True,1,1
28,44,1,6.5700976344932895,True,100.0,0.995,120,True,1,1
28,1,45,2.424770558425728,True,100.0,0.995,120,True,1,1
28,45,1,2.424770558425728,True,100.0,0.995,120,True,1,1
28,1,46,3.309472258281181,True,100.0,0.995,120,True,1,1
28,46,1,3.309472258281181,True,100.0,0.995,120,True,1,1
28,2,3,4.636628705331737,True,100.0,0.995,120,False,1,1
28,3,2,4.636628705331737,True,100.0,0.995,120,False,1,1
28,2,44,10.946293519400394,True,100.0,0.995,120,True,1,1
28,44,2,10.946293519400394,True,100.0,0.995,120,True,1,1
28,2,45,6.461499931170784,True,100.0,0.995,120,True,1,1
28,45,2,6.461499931170784,True,100.0,0.995,120,True,1,1
28,2,46,2.1508636246215747,True,100.0,0.995,120,True,1,1
28,46,2,2.1508636246215747,True,100.0,0.995,120,True,1,1
28,2,47,3.1515956187370966,True,100.0,0.995,120,True,1,1
28,47,2,3.1515956187370966,True,100.0,0.995,120,True,1,1
28,3,4,2.9417763034955824,True,100.0,0.995,120,False,1,1
28,4,3,2.9417763034955824,True,100.0,0.995,120,False,1,1
28,3,19,3.7292700798556586,True,100.0,0.995,120,True,1,1
28,19,3,3.7292700798556586,True,100.0,0.995,120,True,1,1
28,3,45,10.909999864279278,True,100.0,0.995,120,True,1,1
28,45,3,10.909999864279278,True,100.0,0.995,120,True,1,1
28,3,46,6.399530123365618,True,100.0,0.995,120,True,1,1
28,46,3,6.399530123365618,True,100.0,0.995,120,True,1,1
28,3,47,1.9106213245586858,True,100.0,0.995,120,True,1,1
28,47,3,1.9106213245586858,True,100.0,0.995,120,True,1,1
28,3,48,2.9803877721927483,True,100.0,0.995,120,True,1,1
28,48,3,2.9803877721927483,True,100.0,0.995,120,True,1,1
28,4,5,1.660042712163171,True,100.0,0.995,120,False,1,1
28,5,4,1.660042712163171,True,100.0,0.995,120,False,1,1
28,4,19,0.7995907884124157,True,100.0,0.995,120,True,1,1
28,19,4,0.7995907884124157,True,100.0,0.995,120,True,1,1
28,4,47,4.686190075300819,True,100.0,0.995,120,True,1,1
28,47,4,4.686190075300819,True,100.0,0.995,120,True,1,1
28,4,48,0.5219016251301448,True,100.0,0.995,120,True,1,1
28,48,4,0.5219016251301448,True,100.0,0.995,120,True,1,1
28,5,6,4.623908641593873,True,100.0,0.995,120,False,1,1
28,6,5,4.623908641593873,True,100.0,0.995,120,False,1,1
28,5,19,0.8754334794037618,True,100.0,0.995,120,True,1,1
28,19,5,0.8754334794037618,True,100.0,0.995,120,True,1,1
28,5,20,5.739534195444925,True,100.0,0.995,120,True,1,1
28,20,5,5.739534195444925,True,100.0,0.995,120,True,1,1
28,5,48,1.7229495529327057,True,100.0,0.995,120,True,1,1
28,48,5,1.7229495529327057,True,100.0,0.995,120,True,1,1
28,6,20,1.1268734124477227,True,100.0,0.995,120,True,1,1
28,20,6,1.1268734124477227,True,100.0,0.995,120,True,1,1
28,6,21,1.4338875673953695,True,100.0,0.995,120,True,1,1
28,21,6,1.4338875673953695,True,100.0,0.995,120,True,1,1
28,6,22,3.74098280480132,True,100.0,0.995,120,True,1,1
28,22,6,3.74098280480132,True,100.0,0.995,120,True,1,1
28,6,31,3.1001774692454935,True,100.0,0.995,120,True,1,1
28,31,6,3.1001774692454935,True,100.0,0.995,120,True,1,1
28,7,8,4.62177351850962,True,100.0,0.995,120,False,1,1
28,8,7,4.62177351850962,True,100.0,0.995,120,False,1,1
28,7,42,14.026344772988883,True,100.0,0.995,120,True,1,1
28,42,7,14.026344772988883,True,100.0,0.995,120,True,1,1
28,7,66,13.563132118964347,True,100.0,0.995,120,True,1,1
28,66,7,13.563132118964347,True,100.0,0.995,120,True,1,1
28,8,9,3.363748814845807,True,100.0,0.995,120,False,1,1
28,9,8,3.363748814845807,True,100.0,0.995,120,False,1,1
28,9,10,5.860663016964567,True,100.0,0.995,120,False,1,1
28,10,9,5.860663016964567,True,100.0,0.995,120,False,1,1
28,10,11,4.589246691293484,True,100.0,0.995,120,False,1,1
28,11,10,4.589246691293484,True,100.0,0.995,120,False,1,1
28,10,43,12.272395986647306,True,100.0,0.995,120,True,1,1
28,43,10,12.272395986647306,True,100.0,0.995,120,True,1,1
28,11,12,4.644733854259579,True,100.0,0.995,120,False,1,1
28,12,11,4.644733854259579,True,100.0,0.995,120,False,1,1
28,11,43,7.952941961081372,True,100.0,0.995,120,True,1,1
28,43,11,7.952941961081372,True,100.0,0.995,120,True,1,1
28,11,44,12.304970482349349,True,100.0,0.995,120,True,1,1
28,44,11,12.304970482349349,True,100.0,0.995,120,True,1,1
28,12,43,3.7382650104992905,True,100.0,0.995,120,True,1,1
28,43,12,3.7382650104992905,True,100.0,0.995,120,True,1,1
28,12,44,7.852142024752954,True,100.0,0.995,120,True,1,1
28,44,12,7.852142024752954,True,100.0,0.995,120,True,1,1
28,12,45,12.224118241780838,True,100.0,0.995,120,True,1,1
28,45,12,12.224118241780838,True,100.0,0.995,120,True,1,1
28,13,14,0.12126202211217268,True,100.0,0.995,120,False,1,1
28,14,13,0.12126202211217268,True,100.0,0.995,120,False,1,1
28,13,23,2.360928590100417,True,100.0,0.995,120,True,1,1
28,23,13,2.360928590100417,True,100.0,0.995,120,True,1,1
28,13,24,2.2578224603997796,True,100.0,0.995,120,True,1,1
28,24,13,2.2578224603997796,True,100.0,0.995,120,True,1,1
28,13,33,5.349882939127213,True,100.0,0.995,120,True,1,1
28,33,13,5.349882939127213,True,100.0,0.995,120,True,1,1
28,13,34,0.8993472138543737,True,100.0,0.995,120,True,1,1
28,34,13,0.8993472138543737,True,100.0,0.995,120,True,1,1
28,13,35,0.861898148207207,True,100.0,0.995,120,True,1,1
28,35,13,0.861898148207207,True,100.0,0.995,120,True,1,1
28,13,36,1.7027011548232727,True,100.0,0.995,120,True,1,1
28,36,13,1.7027011548232727,True,100.0,0.995,120,True,1,1
28,14,15,4.546361611485563,True,100.0,0.995,120,False,1,1
28,15,14,4.546361611485563,True,100.0,0.995,120,False,1,1
28,14,24,2.204517683763489,True,100.0,0.995,120,True,1,1
28,24,14,2.204517683763489,True,100.0,0.995,120,True,1,1
28,14,34,0.8929064112035661,True,100.0,0.995,120,True,1,1
28,34,14,0.8929064112035661,True,100.0,0.995,120,True,1,1
28,14,35,0.8452024395916117,True,100.0,0.995,120,True,1,1
28,35,14,0.8452024395916117,True,100.0,0.995,120,True,1,1
28,14,36,1.6243330832983194,True,100.0,0.995,120,True,1,1
28,36,14,1.6243330832983194,True,100.0,0.995,120,True,1,1
28,15,16,1.4374254969851041,True,100.0,0.995,120,False,1,1
28,16,15,1.4374254969851041,True,100.0,0.995,120,False,1,1
28,15,24,2.3504996909006097,True,100.0,0.995,120,True,1,1
28,24,15,2.3504996909006097,True,100.0,0.995,120,True,1,1
28,15,25,4.137400766211849,True,100.0,0.995,120,True,1,1
28,25,15,4.137400766211849,True,100.0,0.995,120,True,1,1
28,15,36,3.033182837388073,True,100.0,0.995,120,True,1,1
28,36,15,3.033182837388073,True,100.0,0.995,120,True,1,1
28,16,17,0.8810776610006826,True,100.0,0.995,120,False,1,1
28,17,16,0.8810776610006826,True,100.0,0.995,120,False,1,1
28,16,24,3.779179123696011,True,100.0,0.995,120,True,1,1
28,24,16,3.779179123696011,True,100.0,0.995,120,True,1,1
28,16,25,2.713445761221716,True,100.0,0.995,120,True,1,1
28,25,16,2.713445761221716,True,100.0,0.995,120,True,1,1
28,16,36,4.43807680067357,True,100.0,0.995,120,True,1,1
28,36,16,4.43807680067357,True,100.0,0.995,120,True,1,1
28,17,18,4.598937038333112,True,100.0,0.995,120,False,1,1
28,18,17,4.598937038333112,True,100.0,0.995,120,False,1,1
28,17,24,4.655714423263093,True,100.0,0.995,120,True,1,1
28,24,17,4.655714423263093,True,100.0,0.995,120,True,1,1
28,17,25,1.8946122525602798,True,100.0,0.995,120,True,1,1
28,25,17,1.8946122525602798,True,100.0,0.995,120,True,1,1
28,17,36,5.3173570619272885,True,100.0,0.995,120,True,1,1
28,36,17,5.3173570619272885,True,100.0,0.995,120,True,1,1
28,18,25,2.8514399019410854,True,100.0,0.995,120,True,1,1
28,25,18,2.8514399019410854,True,100.0,0.995,120,True,1,1
28,18,26,6.3223275461541455,True,100.0,0.995,120,True,1,1
28,26,18,6.3223275461541455,True,100.0,0.995,120,True,1,1
28,18,49,2.4183061727810427,True,100.0,0.995,120,True,1,1
28,49,18,2.4183061727810427,True,100.0,0.995,120,True,1,1
28,19,20,6.609205173100204,True,100.0,0.995,120,False,1,1
28,20,19,6.609205173100204,True,100.0,0.995,120,False,1,1
28,19,48,0.8808316534074283,True,100.0,0.995,120,True,1,1
28,48,19,0.8808316534074283,True,100.0,0.995,120,True,1,1
28,20,21,0.3082739752815242,True,100.0,0.995,120,False,1,1
28,21,20,0.3082739752815242,True,100.0,0.995,120,False,1,1
28,20,31,1.975499603078077,True,100.0,0.995,120,True,1,1
28,31,20,1.975499603078077,True,100.0,0.995,120,True,1,1
28,20,32,2.9311969786922907,True,100.0,0.995,120,True,1,1
28,32,20,2.9311969786922907,True,100.0,0.995,120,True,1,1
28,21,22,2.3141618173021063,True,100.0,0.995,120,False,1,1
28,22,21,2.3141618173021063,True,100.0,0.995,120,False,1,1
28,21,31,1.672313124413824,True,100.0,0.995,120,True,1,1
28,31,21,1.672313124413824,True,100.0,0.995,120,True,1,1
28,21,32,2.6280888027262304,True,100.0,0.995,120,True,1,1
28,32,21,2.6280888027262304,True,100.0,0.995,120,True,1,1
28,22,23,6.937557818648056,True,100.0,0.995,120,False,1,1
28,23,22,6.937557818648056,True,100.0,0.995,120,False,1,1
28,22,31,0.6653600879613797,True,100.0,0.995,120,True,1,1
28,31,22,0.6653600879613797,True,100.0,0.995,120,True,1,1
28,22,32,0.38584059039455787,True,100.0,0.995,120,True,1,1
28,32,22,0.38584059039455787,True,100.0,0.995,120,True,1,1
28,22,33,3.971179249267329,True,100.0,0.995,120,True,1,1
28,33,22,3.971179249267329,True,100.0,0.995,120,True,1,1
28,23,24,4.608331018857786,True,100.0,0.995,120,False,1,1
28,24,23,4.608331018857786,True,100.0,0.995,120,False,1,1
28,23,33,3.0016798767374016,True,100.0,0.995,120,True,1,1
28,33,23,3.0016798767374016,True,100.0,0.995,120,True,1,1
28,23,34,1.6467605782019663,True,100.0,0.995,120,True,1,1
28,34,23,1.6467605782019663,True,100.0,0.995,120,True,1,1
28,23,35,1.7205010803084686,True,100.0,0.995,120,True,1,1
28,35,23,1.7205010803084686,True,100.0,0.995,120,True,1,1
28,24,36,0.775586847178282,True,100.0,0.995,120,True,1,1
28,36,24,0.775586847178282,True,100.0,0.995,120,True,1,1
28,25,26,9.03194018280455,True,100.0,0.995,120,False,1,1
28,26,25,9.03194018280455,True,100.0,0.995,120,False,1,1
28,25,49,4.445064456154462,True,100.0,0.995,120,True,1,1
28,49,25,4.445064456154462,True,100.0,0.995,120,True,1,1
28,26,27,4.803301921463591,True,100.0,0.995,120,False,1,1
28,27,26,4.803301921463591,True,100.0,0.995,120,False,1,1
28,26,37,3.1349688302174843,True,100.0,0.995,120,True,1,1
28,37,26,3.1349688302174843,True,100.0,0.995,120,True,1,1
28,26,49,5.035336516808758,True,100.0,0.995,120,True,1,1
28,49,26,5.035336516808758,True,100.0,0.995,120,True,1,1
28,26,50,1.440574497961688,True,100.0,0.995,120,True,1,1
28,50,26,1.440574497961688,True,100.0,0.995,120,True,1,1
28,26,55,4.091596584316009,True,100.0,0.995,120,True,1,1
28,55,26,4.091596584316009,True,100.0,0.995,120,True,1,1
28,27,28,9.023014119855988,True,100.0,0.995,120,False,1,1
28,28,27,9.023014119855988,True,100.0,0.995,120,False,1,1
28,27,37,1.9668709124175054,True,100.0,0.995,120,True,1,1
28,37,27,1.9668709124175054,True,100.0,0.995,120,True,1,1
28,27,51,1.4900779914370215,True,100.0,0.995,120,True,1,1
28,51,27,1.4900779914370215,True,100.0,0.995,120,True,1,1
28,27,52,0.07373244570126537,True,100.0,0.995,120,True,1,1
28,52,27,0.07373244570126537,True,100.0,0.995,120,True,1,1
28,27,56,2.253711894600428,True,100.0,0.995,120,True,1,1
28,56,27,2.253711894600428,True,100.0,0.995,120,True,1,1
28,27,57,3.2133744237594137,True,100.0,0.995,120,True,1,1
28,57,27,3.2133744237594137,True,100.0,0.995,120,True,1,1
28,28,29,4.6116468172799285,True,100.0,0.995,120,False,1,1
28,29,28,4.6116468172799285,True,100.0,0.995,120,False,1,1
28,28,38,3.0011521829992467,True,100.0,0.995,120,True,1,1
28,38,28,3.0011521829992467,True,100.0,0.995,120,True,1,1
28,28,58,3.1382068482637298,True,100.0,0.995,120,True,1,1
28,58,28,3.1382068482637298,True,100.0,0.995,120,True,1,1
28,28,61,2.8835816030499566,True,100.0,0.995,120,True,1,1
28,61,28,2.8835816030499566,True,100.0,0.995,120,True,1,1
28,29,30,4.620957274682436,True,100.0,0.995,120,False,1,1
28,30,29,4.620957274682436,True,100.0,0.995,120,False,1,1
28,29,39,0.7976587771275999,True,100.0,0.995,120,True,1,1
28,39,29,0.7976587771275999,True,100.0,0.995,120,True,1,1
28,29,59,2.0117620949392245,True,100.0,0.995,120,True,1,1
28,59,29,2.0117620949392245,True,100.0,0.995,120,True,1,1
28,29,62,2.716042581846665,True,100.0,0.995,120,True,1,1
28,62,29,2.716042581846665,True,100.0,0.995,120,True,1,1
28,30,40,3.8374471010993005,True,100.0,0.995,120,True,1,1
28,40,30,3.8374471010993005,True,100.0,0.995,120,True,1,1
28,30,60,1.7152239409400223,True,100.0,0.995,120,True,1,1
28,60,30,1.7152239409400223,True,100.0,0.995,120,True,1,1
28,30,63,2.443409947120004,True,100.0,0.995,120,True,1,1
28,63,30,2.443409947120004,True,100.0,0.995,120,True,1,1
28,30,64,7.661736479798536,True,100.0,0.995,120,True,1,1
28,64,30,7.661736479798536,True,100.0,0.995,120,True,1,1
28,31,32,0.9558653519716708,True,100.0,0.995,120,False,1,1
28,32,31,0.9558653519716708,True,100.0,0.995,120,False,1,1
28,32,33,3.6609683082035587,True,100.0,0.995,120,False,1,1
28,33,32,3.6609683082035587,True,100.0,0.995,120,False,1,1
28,33,34,4.585879856752189,True,100.0,0.995,120,False,1,1
28,34,33,4.585879856752189,True,100.0,0.995,120,False,1,1
28,34,35,0.08743270809662912,True,100.0,0.995,120,False,1,1
28,35,34,0.08743270809662912,True,100.0,0.995,120,False,1,1
28,35,36,2.301153059344338,True,100.0,0.995,120,False,1,1
28,36,35,2.301153059344338,True,100.0,0.995,120,False,1,1
28,37,38,8.015937358466553,True,100.0,0.995,120,False,1,1
28,38,37,8.015937358466553,True,100.0,0.995,120,False,1,1
28,37,50,3.3417351392263006,True,100.0,0.995,120,True,1,1
28,50,37,3.3417351392263006,True,100.0,0.995,120,True,1,1
28,37,51,1.5932401189028071,True,100.0,0.995,120,True,1,1
28,51,37,1.5932401189028071,True,100.0,0.995,120,True,1,1
28,37,52,1.9004088473543188,True,100.0,0.995,120,True,1,1
28,52,37,1.9004088473543188,True,100.0,0.995,120,True,1,1
28,37,55,1.3957038911323443,True,100.0,0.995,120,True,1,1
28,55,37,1.3957038911323443,True,100.0,0.995,120,True,1,1
28,38,39,8.021018942211322,True,100.0,0.995,120,False,1,1
28,39,38,8.021018942211322,True,100.0,0.995,120,False,1,1
28,38,53,2.1104846582944137,True,100.0,0.995,120,True,1,1
28,53,38,2.1104846582944137,True,100.0,0.995,120,True,1,1
28,38,54,0.7012602188897331,True,100.0,0.995,120,True,1,1
28,54,38,0.7012602188897331,True,100.0,0.995,120,True,1,1
28,38,58,1.5187531631923286,True,100.0,0.995,120,True,1,1
28,58,38,1.5187531631923286,True,100.0,0.995,120,True,1,1
28,38,61,2.1409918035782365,True,100.0,0.995,120,True,1,1
28,61,38,2.1409918035782365,True,100.0,0.995,120,True,1,1
28,39,40,8.017060144881551,True,100.0,0.995,120,False,1,1
28,40,39,8.017060144881551,True,100.0,0.995,120,False,1,1
28,39,59,1.8706131744872951,True,100.0,0.995,120,True,1,1
28,59,39,1.8706131744872951,True,100.0,0.995,120,True,1,1
28,39,60,3.3953614050936767,True,100.0,0.995,120,True,1,1
28,60,39,3.3953614050936767,True,100.0,0.995,120,True,1,1
28,39,62,2.633571767940717,True,100.0,0.995,120,True,1,1
28,62,39,2.633571767940717,True,100.0,0.995,120,True,1,1
28,39,63,2.875928958599837,True,100.0,0.995,120,True,1,1
28,63,39,2.875928958599837,True,100.0,0.995,120,True,1,1
28,40,41,8.021083793301594,True,100.0,0.995,120,False,1,1
28,41,40,8.021083793301594,True,100.0,0.995,120,False,1,1
28,40,60,4.854167966909523,True,100.0,0.995,120,True,1,1
28,60,40,4.854167966909523,True,100.0,0.995,120,True,1,1
28,40,64,3.9169125484747855,True,100.0,0.995,120,True,1,1
28,64,40,3.9169125484747855,True,100.0,0.995,120,True,1,1
28,40,65,8.437708093323602,True,100.0,0.995,120,True,1,1
28,65,40,8.437708093323602,True,100.0,0.995,120,True,1,1
28,41,42,8.0180299369306,True,100.0,0.995,120,False,1,1
28,42,41,8.0180299369306,True,100.0,0.995,120,False,1,1
28,41,64,4.246371249389996,True,100.0,0.995,120,True,1,1
28,64,41,4.246371249389996,True,100.0,0.995,120,True,1,1
28,41,65,0.6509573415780681,True,100.0,0.995,120,True,1,1
28,65,41,0.6509573415780681,True,100.0,0.995,120,True,1,1
28,41,66,8.493509590997398,True,100.0,0.995,120,True,1,1
28,66,41,8.493509590997398,True,100.0,0.995,120,True,1,1
28,42,64,12.072108548151602,True,100.0,0.995,120,True,1,1
28,64,42,12.072108548151602,True,100.0,0.995,120,True,1,1
28,42,65,7.53756412384864,True,100.0,0.995,120,True,1,1
28,65,42,7.53756412384864,True,100.0,0.995,120,True,1,1
28,42,66,0.5503881912694852,True,100.0,0.995,120,True,1,1
28,66,42,0.5503881912694852,True,100.0,0.995,120,True,1,1
28,43,44,4.619347216931463,True,100.0,0.995,120,False,1,1
28,44,43,4.619347216931463,True,100.0,0.995,120,False,1,1
28,44,45,4.616136281426078,True,100.0,0.995,120,False,1,1
28,45,44,4.616136281426078,True,100.0,0.995,120,False,1,1
28,45,46,4.610301344831476,True,100.0,0.995,120,False,1,1
28,46,45,4.610301344831476,True,100.0,0.995,120,False,1,1
28,46,47,4.629168669543523,True,100.0,0.995,120,False,1,1
28,47,46,4.629168669543523,True,100.0,0.995,120,False,1,1
28,47,48,4.598503944794457,True,100.0,0.995,120,False,1,1
28,48,47,4.598503944794457,True,100.0,0.995,120,False,1,1
28,49,50,4.617494598596001,True,100.0,0.995,120,False,1,1
28,50,49,4.617494598596001,True,100.0,0.995,120,False,1,1
28,50,51,4.6379430631326395,True,100.0,0.995,120,False,1,1
28,51,50,4.6379430631326395,True,100.0,0.995,120,False,1,1
28,50,55,3.8310941863455383,True,100.0,0.995,120,True,1,1
28,55,50,3.8310941863455383,True,100.0,0.995,120,True,1,1
28,51,52,1.4730739170773048,True,100.0,0.995,120,False,1,1
28,52,51,1.4730739170773048,True,100.0,0.995,120,False,1,1
28,51,55,1.0521533380791712,True,100.0,0.995,120,True,1,1
28,55,51,1.0521533380791712,True,100.0,0.995,120,True,1,1
28,51,56,0.9557321405577124,True,100.0,0.995,120,True,1,1
28,56,51,0.9557321405577124,True,100.0,0.995,120,True,1,1
28,51,57,2.8688238678574427,True,100.0,0.995,120,True,1,1
28,57,51,2.8688238678574427,True,100.0,0.995,120,True,1,1
28,52,53,4.494968949607412,True,100.0,0.995,120,False,1,1
28,53,52,4.494968949607412,True,100.0,0.995,120,False,1,1
28,52,55,2.34713214301933,True,100.0,0.995,120,True,1,1
28,55,52,2.34713214301933,True,100.0,0.995,120,True,1,1
28,52,56,2.258987224442959,True,100.0,0.995,120,True,1,1
28,56,52,2.258987224442959,True,100.0,0.995,120,True,1,1
28,53,54,1.987854611554219,True,100.0,0.995,120,False,1,1
28,54,53,1.987854611554219,True,100.0,0.995,120,False,1,1
28,53,57,1.9378024844011357,True,100.0,0.995,120,True,1,1
28,57,53,1.9378024844011357,True,100.0,0.995,120,True,1,1
28,53,58,2.6324578560941423,True,100.0,0.995,120,True,1,1
28,58,53,2.6324578560941423,True,100.0,0.995,120,True,1,1
28,54,58,0.9438136064005193,True,100.0,0.995,120,True,1,1
28,58,54,0.9438136064005193,True,100.0,0.995,120,True,1,1
28,54,61,1.6225315905651998,True,100.0,0.995,120,True,1,1
28,61,54,1.6225315905651998,True,100.0,0.995,120,True,1,1
28,55,56,1.3774132721058558,True,100.0,0.995,120,False,1,1
28,56,55,1.3774132721058558,True,100.0,0.995,120,False,1,1
28,56,57,2.322271727497979,True,100.0,0.995,120,False,1,1
28,57,56,2.322271727497979,True,100.0,0.995,120,False,1,1
28,57,58,4.314892645206782,True,100.0,0.995,120,False,1,1
28,58,57,4.314892645206782,True,100.0,0.995,120,False,1,1
28,58,59,5.986085573212357,True,100.0,0.995,120,False,1,1
28,59,58,5.986085573212357,True,100.0,0.995,120,False,1,1
28,58,61,0.785496720723282,True,100.0,0.995,120,True,1,1
28,61,58,0.785496720723282,True,100.0,0.995,120,True,1,1
28,59,60,4.677370244692874,True,100.0,0.995,120,False,1,1
28,60,59,4.677370244692874,True,100.0,0.995,120,False,1,1
28,59,62,0.7669043516744418,True,100.0,0.995,120,True,1,1
28,62,59,0.7669043516744418,True,100.0,0.995,120,True,1,1
28,60,63,0.7963854146797968,True,100.0,0.995,120,True,1,1
28,63,60,0.7963854146797968,True,100.0,0.995,120,True,1,1
28,61,62,4.621858905020414,True,100.0,0.995,120,False,1,1
28,62,61,4.621858905020414,True,100.0,0.995,120,False,1,1
28,62,63,4.615404921269421,True,100.0,0.995,120,False,1,1
28,63,62,4.615404921269421,True,100.0,0.995,120,False,1,1
28,63,64,9.203344407284481,True,100.0,0.995,120,False,1,1
28,64,63,9.203344407284481,True,100.0,0.995,120,False,1,1
28,64,65,4.613340898089725,True,100.0,0.995,120,False,1,1
28,65,64,4.613340898089725,True,100.0,0.995,120,False,1,1
28,65,66,8.019920229043064,True,100.0,0.995,120,False,1,1
28,66,65,8.019920229043064,True,100.0,0.995,120,False,1,1
29,1,2,4.606503380430206,True,100.0,0.995,120,False,1,1
29,2,1,4.606503380430206,True,100.0,0.995,120,False,1,1
29,1,43,11.014084061925717,True,100.0,0.995,120,True,1,1
29,43,1,11.014084061925717,True,100.0,0.995,120,True,1,1
29,1,44,6.564590184144008,True,100.0,0.995,120,True,1,1
29,44,1,6.564590184144008,True,100.0,0.995,120,True,1,1
29,1,45,2.410007887868766,True,100.0,0.995,120,True,1,1
29,45,1,2.410007887868766,True,100.0,0.995,120,True,1,1
29,1,46,3.2990649861799195,True,100.0,0.995,120,True,1,1
29,46,1,3.2990649861799195,True,100.0,0.995,120,True,1,1
29,2,3,4.636583453336827,True,100.0,0.995,120,False,1,1
29,3,2,4.636583453336827,True,100.0,0.995,120,False,1,1
29,2,44,10.942835868557886,True,100.0,0.995,120,True,1,1
29,44,2,10.942835868557886,True,100.0,0.995,120,True,1,1
29,2,45,6.4560136027319235,True,100.0,0.995,120,True,1,1
29,45,2,6.4560136027319235,True,100.0,0.995,120,True,1,1
29,2,46,2.13591740868837,True,100.0,0.995,120,True,1,1
29,46,2,2.13591740868837,True,100.0,0.995,120,True,1,1
29,2,47,3.1427304747454885,True,100.0,0.995,120,True,1,1
29,47,2,3.1427304747454885,True,100.0,0.995,120,True,1,1
29,3,4,2.9409869405432567,True,100.0,0.995,120,False,1,1
29,4,3,2.9409869405432567,True,100.0,0.995,120,False,1,1
29,3,19,3.728273263402296,True,100.0,0.995,120,True,1,1
29,19,3,3.728273263402296,True,100.0,0.995,120,True,1,1
29,3,45,10.906775626559362,True,100.0,0.995,120,True,1,1
29,45,3,10.906775626559362,True,100.0,0.995,120,True,1,1
29,3,46,6.394873074821731,True,100.0,0.995,120,True,1,1
29,46,3,6.394873074821731,True,100.0,0.995,120,True,1,1
29,3,47,1.8980377915999365,True,100.0,0.995,120,True,1,1
29,47,3,1.8980377915999365,True,100.0,0.995,120,True,1,1
29,3,48,2.974499500625252,True,100.0,0.995,120,True,1,1
29,48,3,2.974499500625252,True,100.0,0.995,120,True,1,1
29,4,5,1.6607255924159807,True,100.0,0.995,120,False,1,1
29,5,4,1.6607255924159807,True,100.0,0.995,120,False,1,1
29,4,19,0.79792911019857,True,100.0,0.995,120,True,1,1
29,19,4,0.79792911019857,True,100.0,0.995,120,True,1,1
29,4,47,4.680337717443426,True,100.0,0.995,120,True,1,1
29,47,4,4.680337717443426,True,100.0,0.995,120,True,1,1
29,4,48,0.4911377626186235,True,100.0,0.995,120,True,1,1
29,48,4,0.4911377626186235,True,100.0,0.995,120,True,1,1
29,5,6,4.6239040571570085,True,100.0,0.995,120,False,1,1
29,6,5,4.6239040571570085,True,100.0,0.995,120,False,1,1
29,5,19,0.8755369491164544,True,100.0,0.995,120,True,1,1
29,19,5,0.8755369491164544,True,100.0,0.995,120,True,1,1
29,5,20,5.739436712731889,True,100.0,0.995,120,True,1,1
29,20,5,5.739436712731889,True,100.0,0.995,120,True,1,1
29,5,48,1.7169050570222466,True,100.0,0.995,120,True,1,1
29,48,5,1.7169050570222466,True,100.0,0.995,120,True,1,1
29,6,20,1.1274651495289145,True,100.0,0.995,120,True,1,1
29,20,6,1.1274651495289145,True,100.0,0.995,120,True,1,1
29,6,21,1.433784272804918,True,100.0,0.995,120,True,1,1
29,21,6,1.433784272804918,True,100.0,0.995,120,True,1,1
29,6,22,3.740603432669327,True,100.0,0.995,120,True,1,1
29,22,6,3.740603432669327,True,100.0,0.995,120,True,1,1
29,6,31,3.101310747196311,True,100.0,0.995,120,True,1,1
29,31,6,3.101310747196311,True,100.0,0.995,120,True,1,1
29,7,8,4.621758578875712,True,100.0,0.995,120,False,1,1
29,8,7,4.621758578875712,True,100.0,0.995,120,False,1,1
29,7,42,14.031731287602742,True,100.0,0.995,120,True,1,1
29,42,7,14.031731287602742,True,100.0,0.995,120,True,1,1
29,7,66,13.570315861822895,True,100.0,0.995,120,True,1,1
29,66,7,13.570315861822895,True,100.0,0.995,120,True,1,1
29,8,9,3.3633435824684668,True,100.0,0.995,120,False,1,1
29,9,8,3.3633435824684668,True,100.0,0.995,120,False,1,1
29,9,10,5.861014983162804,True,100.0,0.995,120,False,1,1
29,10,9,5.861014983162804,True,100.0,0.995,120,False,1,1
29,10,11,4.589206227808586,True,100.0,0.995,120,False,1,1
29,11,10,4.589206227808586,True,100.0,0.995,120,False,1,1
29,10,43,12.271797235530306,True,100.0,0.995,120,True,1,1
29,43,10,12.271797235530306,True,100.0,0.995,120,True,1,1
29,11,12,4.644696907178896,True,100.0,0.995,120,False,1,1
29,12,11,4.644696907178896,True,100.0,0.995,120,False,1,1
29,11,43,7.951126020653512,True,100.0,0.995,120,True,1,1
29,43,11,7.951126020653512,True,100.0,0.995,120,True,1,1
29,11,44,12.303197850149639,True,100.0,0.995,120,True,1,1
29,44,11,12.303197850149639,True,100.0,0.995,120,True,1,1
29,12,43,3.7333092105583647,True,100.0,0.995,120,True,1,1
29,43,12,3.7333092105583647,True,100.0,0.995,120,True,1,1
29,12,44,7.8490851781974325,True,100.0,0.995,120,True,1,1
29,44,12,7.8490851781974325,True,100.0,0.995,120,True,1,1
29,12,45,12.22177008447805,True,100.0,0.995,120,True,1,1
29,45,12,12.22177008447805,True,100.0,0.995,120,True,1,1
29,13,14,0.12273447924402321,True,100.0,0.995,120,False,1,1
29,14,13,0.12273447924402321,True,100.0,0.995,120,False,1,1
29,13,23,2.36100836559454,True,100.0,0.995,120,True,1,1
29,23,13,2.36100836559454,True,100.0,0.995,120,True,1,1
29,13,24,2.2579041251352385,True,100.0,0.995,120,True,1,1
29,24,13,2.2579041251352385,True,100.0,0.995,120,True,1,1
29,13,33,5.3498745958436995,True,100.0,0.995,120,True,1,1
29,33,13,5.3498745958436995,True,100.0,0.995,120,True,1,1
29,13,34,0.9032908093488258,True,100.0,0.995,120,True,1,1
29,34,13,0.9032908093488258,True,100.0,0.995,120,True,1,1
29,13,35,0.8660101568906627,True,100.0,0.995,120,True,1,1
29,35,13,0.8660101568906627,True,100.0,0.995,120,True,1,1
29,13,36,1.7048210554437295,True,100.0,0.995,120,True,1,1
29,36,13,1.7048210554437295,True,100.0,0.995,120,True,1,1
29,14,15,4.545761869566686,True,100.0,0.995,120,False,1,1
29,15,14,4.545761869566686,True,100.0,0.995,120,False,1,1
29,14,24,2.2038606772366873,True,100.0,0.995,120,True,1,1
29,24,14,2.2038606772366873,True,100.0,0.995,120,True,1,1
29,14,34,0.8960588904488442,True,100.0,0.995,120,True,1,1
29,34,14,0.8960588904488442,True,100.0,0.995,120,True,1,1
29,14,35,0.8483201515369021,True,100.0,0.995,120,True,1,1
29,35,14,0.8483201515369021,True,100.0,0.995,120,True,1,1
29,14,36,1.6250978799560243,True,100.0,0.995,120,True,1,1
29,36,14,1.6250978799560243,True,100.0,0.995,120,True,1,1
29,15,16,1.4380639663531138,True,100.0,0.995,120,False,1,1
29,16,15,1.4380639663531138,True,100.0,0.995,120,False,1,1
29,15,24,2.350567445799624,True,100.0,0.995,120,True,1,1
29,24,15,2.350567445799624,True,100.0,0.995,120,True,1,1
29,15,25,4.140197818749937,True,100.0,0.995,120,True,1,1
29,25,15,4.140197818749937,True,100.0,0.995,120,True,1,1
29,15,36,3.0342863806072367,True,100.0,0.995,120,True,1,1
29,36,15,3.0342863806072367,True,100.0,0.995,120,True,1,1
29,16,17,0.8805819522234425,True,100.0,0.995,120,False,1,1
29,17,16,0.8805819522234425,True,100.0,0.995,120,False,1,1
29,16,24,3.779816683542927,True,100.0,0.995,120,True,1,1
29,24,16,3.779816683542927,True,100.0,0.995,120,True,1,1
29,16,25,2.7157227475043118,True,100.0,0.995,120,True,1,1
29,25,16,2.7157227475043118,True,100.0,0.995,120,True,1,1
29,16,36,4.439254370347054,True,100.0,0.995,120,True,1,1
29,36,16,4.439254370347054,True,100.0,0.995,120,True,1,1
29,17,18,4.599018039784281,True,100.0,0.995,120,False,1,1
29,18,17,4.599018039784281,True,100.0,0.995,120,False,1,1
29,17,24,4.655803274880202,True,100.0,0.995,120,True,1,1
29,24,17,4.655803274880202,True,100.0,0.995,120,True,1,1
29,17,25,1.8980820816377562,True,100.0,0.995,120,True,1,1
29,25,17,1.8980820816377562,True,100.0,0.995,120,True,1,1
29,17,36,5.318039689507276,True,100.0,0.995,120,True,1,1
29,36,17,5.318039689507276,True,100.0,0.995,120,True,1,1
29,18,25,2.8501632770904446,True,100.0,0.995,120,True,1,1
29,25,18,2.8501632770904446,True,100.0,0.995,120,True,1,1
29,18,26,6.323240873645646,True,100.0,0.995,120,True,1,1
29,26,18,6.323240873645646,True,100.0,0.995,120,True,1,1
29,18,49,2.4256995327054627,True,100.0,0.995,120,True,1,1
29,49,18,2.4256995327054627,True,100.0,0.995,120,True,1,1
29,19,20,6.609751949564734,True,100.0,0.995,120,False,1,1
29,20,19,6.609751949564734,True,100.0,0.995,120,False,1,1
29,19,48,0.8725960998069486,True,100.0,0.995,120,True,1,1
29,48,19,0.8725960998069486,True,100.0,0.995,120,True,1,1
29,20,21,0.30770884340745996,True,100.0,0.995,120,False,1,1
29,21,20,0.30770884340745996,True,100.0,0.995,120,False,1,1
29,20,31,1.9760447917578206,True,100.0,0.995,120,True,1,1
29,31,20,1.9760447917578206,True,100.0,0.995,120,True,1,1
29,20,32,2.931138558632445,True,100.0,0.995,120,True,1,1
29,32,20,2.931138558632445,True,100.0,0.995,120,True,1,1
29,21,22,2.3141901034047376,True,100.0,0.995,120,False,1,1
29,22,21,2.3141901034047376,True,100.0,0.995,120,False,1,1
29,21,31,1.673522247228152,True,100.0,0.995,120,True,1,1
29,31,21,1.673522247228152,True,100.0,0.995,120,True,1,1
29,21,32,2.628689816693127,True,100.0,0.995,120,True,1,1
29,32,21,2.628689816693127,True,100.0,0.995,120,True,1,1
29,22,23,6.937639448448293,True,100.0,0.995,120,False,1,1
29,23,22,6.937639448448293,True,100.0,0.995,120,False,1,1
29,22,31,0.6664172854860968,True,100.0,0.995,120,True,1,1
29,31,22,0.6664172854860968,True,100.0,0.995,120,True,1,1
29,22,32,0.39161476129228656,True,100.0,0.995,120,True,1,1
29,32,22,0.39161476129228656,True,100.0,0.995,120,True,1,1
29,22,33,3.9722849871428547,True,100.0,0.995,120,True,1,1
29,33,22,3.9722849871428547,True,100.0,0.995,120,True,1,1
29,23,24,4.608367051256527,True,100.0,0.995,120,False,1,1
29,24,23,4.608367051256527,True,100.0,0.995,120,False,1,1
29,23,33,3.0016917225134607,True,100.0,0.995,120,True,1,1
29,33,23,3.0016917225134607,True,100.0,0.995,120,True,1,1
29,23,34,1.6480326815976294,True,100.0,0.995,120,True,1,1
29,34,23,1.6480326815976294,True,100.0,0.995,120,True,1,1
29,23,35,1.722621553238122,True,100.0,0.995,120,True,1,1
29,35,23,1.722621553238122,True,100.0,0.995,120,True,1,1
29,24,36,0.7786188602964964,True,100.0,0.995,120,True,1,1
29,36,24,0.7786188602964964,True,100.0,0.995,120,True,1,1
29,25,26,9.030705419548786,True,100.0,0.995,120,False,1,1
29,26,25,9.030705419548786,True,100.0,0.995,120,False,1,1
29,25,49,4.445792852102838,True,100.0,0.995,120,True,1,1
29,49,25,4.445792852102838,True,100.0,0.995,120,True,1,1
29,26,27,4.803086757219005,True,100.0,0.995,120,False,1,1
29,27,26,4.803086757219005,True,100.0,0.995,120,False,1,1
29,26,37,3.131036181258072,True,100.0,0.995,120,True,1,1
29,37,26,3.131036181258072,True,100.0,0.995,120,True,1,1
29,26,49,5.036529851704577,True,100.0,0.995,120,True,1,1
29,49,26,5.036529851704577,True,100.0,0.995,120,True,1,1
29,26,50,1.4430481990301804,True,100.0,0.995,120,True,1,1
29,50,26,1.4430481990301804,True,100.0,0.995,120,True,1,1
29,26,55,4.090710199049016,True,100.0,0.995,120,True,1,1
29,55,26,4.090710199049016,True,100.0,0.995,120,True,1,1
29,27,28,9.023370129461766,True,100.0,0.995,120,False,1,1
29,28,27,9.023370129461766,True,100.0,0.995,120,False,1,1
29,27,37,1.9704326442694717,True,100.0,0.995,120,True,1,1
29,37,27,1.9704326442694717,True,100.0,0.995,120,True,1,1
29,27,51,1.4891960495586947,True,100.0,0.995,120,True,1,1
29,51,27,1.4891960495586947,True,100.0,0.995,120,True,1,1
29,27,52,0.07361870816384049,True,100.0,0.995,120,True,1,1
29,52,27,0.07361870816384049,True,100.0,0.995,120,True,1,1
29,27,56,2.2523634846265947,True,100.0,0.995,120,True,1,1
29,56,27,2.2523634846265947,True,100.0,0.995,120,True,1,1
29,27,57,3.2130105227067336,True,100.0,0.995,120,True,1,1
29,57,27,3.2130105227067336,True,100.0,0.995,120,True,1,1
29,28,29,4.611646427319659,True,100.0,0.995,120,False,1,1
29,29,28,4.611646427319659,True,100.0,0.995,120,False,1,1
29,28,38,3.004633675454263,True,100.0,0.995,120,True,1,1
29,38,28,3.004633675454263,True,100.0,0.995,120,True,1,1
29,28,58,3.134465228821652,True,100.0,0.995,120,True,1,1
29,58,28,3.134465228821652,True,100.0,0.995,120,True,1,1
29,28,61,2.8746349672927356,True,100.0,0.995,120,True,1,1
29,61,28,2.8746349672927356,True,100.0,0.995,120,True,1,1
29,29,30,4.620995656223433,True,100.0,0.995,120,False,1,1
29,30,29,4.620995656223433,True,100.0,0.995,120,False,1,1
29,29,39,0.7911441101794062,True,100.0,0.995,120,True,1,1
29,39,29,0.7911441101794062,True,100.0,0.995,120,True,1,1
29,29,59,1.9997380004047276,True,100.0,0.995,120,True,1,1
29,59,29,1.9997380004047276,True,100.0,0.995,120,True,1,1
29,29,62,2.7031422423520577,True,100.0,0.995,120,True,1,1
29,62,29,2.7031422423520577,True,100.0,0.995,120,True,1,1
29,30,40,3.8324854639463806,True,100.0,0.995,120,True,1,1
29,40,30,3.8324854639463806,True,100.0,0.995,120,True,1,1
29,30,60,1.7009860326871595,True,100.0,0.995,120,True,1,1
29,60,30,1.7009860326871595,True,100.0,0.995,120,True,1,1
29,30,63,2.428571035148065,True,100.0,0.995,120,True,1,1
29,63,30,2.428571035148065,True,100.0,0.995,120,True,1,1
29,30,64,7.657208188529937,True,100.0,0.995,120,True,1,1
29,64,30,7.657208188529937,True,100.0,0.995,120,True,1,1
29,31,32,0.9552527069764056,True,100.0,0.995,120,False,1,1
29,32,31,0.9552527069764056,True,100.0,0.995,120,False,1,1
29,32,33,3.661901574054731,True,100.0,0.995,120,False,1,1
29,33,32,3.661901574054731,True,100.0,0.995,120,False,1,1
29,33,34,4.585198820077802,True,100.0,0.995,120,False,1,1
29,34,33,4.585198820077802,True,100.0,0.995,120,False,1,1
29,34,35,0.0881687156766169,True,100.0,0.995,120,False,1,1
29,35,34,0.0881687156766169,True,100.0,0.995,120,False,1,1
29,35,36,2.300506202542797,True,100.0,0.995,120,False,1,1
29,36,35,2.300506202542797,True,100.0,0.995,120,False,1,1
29,37,38,8.01601240703426,True,100.0,0.995,120,False,1,1
29,38,37,8.01601240703426,True,100.0,0.995,120,False,1,1
29,37,50,3.337790718332257,True,100.0,0.995,120,True,1,1
29,50,37,3.337790718332257,True,100.0,0.995,120,True,1,1
29,37,51,1.597045941854264,True,100.0,0.995,120,True,1,1
29,51,37,1.597045941854264,True,100.0,0.995,120,True,1,1
29,37,52,1.9040450551628676,True,100.0,0.995,120,True,1,1
29,52,37,1.9040450551628676,True,100.0,0.995,120,True,1,1
29,37,55,1.3969067002149225,True,100.0,0.995,120,True,1,1
29,55,37,1.3969067002149225,True,100.0,0.995,120,True,1,1
29,38,39,8.02104752698266,True,100.0,0.995,120,False,1,1
29,39,38,8.02104752698266,True,100.0,0.995,120,False,1,1
29,38,53,2.105849039970619,True,100.0,0.995,120,True,1,1
29,53,38,2.105849039970619,True,100.0,0.995,120,True,1,1
29,38,54,0.699145640215001,True,100.0,0.995,120,True,1,1
29,54,38,0.699145640215001,True,100.0,0.995,120,True,1,1
29,38,58,1.5143859382838074,True,100.0,0.995,120,True,1,1
29,58,38,1.5143859382838074,True,100.0,0.995,120,True,1,1
29,38,61,2.138102425849903,True,100.0,0.995,120,True,1,1
29,61,38,2.138102425849903,True,100.0,0.995,120,True,1,1
29,39,40,8.017070595623082,True,100.0,0.995,120,False,1,1
29,40,39,8.017070595623082,True,100.0,0.995,120,False,1,1
29,39,59,1.861975488032727,True,100.0,0.995,120,True,1,1
29,59,39,1.861975488032727,True,100.0,0.995,120,True,1,1
29,39,60,3.396388821549752,True,100.0,0.995,120,True,1,1
29,60,39,3.396388821549752,True,100.0,0.995,120,True,1,1
29,39,62,2.6235550099462794,True,100.0,0.995,120,True,1,1
29,62,39,2.6235550099462794,True,100.0,0.995,120,True,1,1
29,39,63,2.873323972357843,True,100.0,0.995,120,True,1,1
29,63,39,2.873323972357843,True,100.0,0.995,120,True,1,1
29,40,41,8.021066937786582,True,100.0,0.995,120,False,1,1
29,41,40,8.021066937786582,True,100.0,0.995,120,False,1,1
29,40,60,4.847912759589096,True,100.0,0.995,120,True,1,1
29,60,40,4.847912759589096,True,100.0,0.995,120,True,1,1
29,40,64,3.9167867042220355,True,100.0,0.995,120,True,1,1
29,64,40,3.9167867042220355,True,100.0,0.995,120,True,1,1
29,40,65,8.440235516075356,True,100.0,0.995,120,True,1,1
29,65,40,8.440235516075356,True,100.0,0.995,120,True,1,1
29,41,42,8.018081055972239,True,100.0,0.995,120,False,1,1
29,42,41,8.018081055972239,True,100.0,0.995,120,False,1,1
29,41,64,4.239459894495639,True,100.0,0.995,120,True,1,1
29,64,41,4.239459894495639,True,100.0,0.995,120,True,1,1
29,41,65,0.6415727935030676,True,100.0,0.995,120,True,1,1
29,65,41,0.6415727935030676,True,100.0,0.995,120,True,1,1
29,41,66,8.49468643682019,True,100.0,0.995,120,True,1,1
29,66,41,8.49468643682019,True,100.0,0.995,120,True,1,1
29,42,64,12.067595312197902,True,100.0,0.995,120,True,1,1
29,64,42,12.067595312197902,True,100.0,0.995,120,True,1,1
29,42,65,7.533215080645754,True,100.0,0.995,120,True,1,1
29,65,42,7.533215080645754,True,100.0,0.995,120,True,1,1
29,42,66,0.5584545046884722,True,100.0,0.995,120,True,1,1
29,66,42,0.5584545046884722,True,100.0,0.995,120,True,1,1
29,43,44,4.619251264989601,True,100.0,0.995,120,False,1,1
29,44,43,4.619251264989601,True,100.0,0.995,120,False,1,1
29,44,45,4.6160904614908915,True,100.0,0.995,120,False,1,1
29,45,44,4.6160904614908915,True,100.0,0.995,120,False,1,1
29,45,46,4.610219404529285,True,100.0,0.995,120,False,1,1
29,46,45,4.610219404529285,True,100.0,0.995,120,False,1,1
29,46,47,4.629137332360465,True,100.0,0.995,120,False,1,1
29,47,46,4.629137332360465,True,100.0,0.995,120,False,1,1
29,47,48,4.598452376449101,True,100.0,0.995,120,False,1,1
29,48,47,4.598452376449101,True,100.0,0.995,120,False,1,1
29,49,50,4.617541489037869,True,100.0,0.995,120,False,1,1
29,50,49,4.617541489037869,True,100.0,0.995,120,False,1,1
29,50,51,4.638027671613713,True,100.0,0.995,120,False,1,1
29,51,50,4.638027671613713,True,100.0,0.995,120,False,1,1
29,50,55,3.8291562964121573,True,100.0,0.995,120,True,1,1
29,55,50,3.8291562964121573,True,100.0,0.995,120,True,1,1
29,51,52,1.4722487665714927,True,100.0,0.995,120,False,1,1
29,52,51,1.4722487665714927,True,100.0,0.995,120,False,1,1
29,51,55,1.0539612292511922,True,100.0,0.995,120,True,1,1
29,55,51,1.0539612292511922,True,100.0,0.995,120,True,1,1
29,51,56,0.9540155719040451,True,100.0,0.995,120,True,1,1
29,56,51,0.9540155719040451,True,100.0,0.995,120,True,1,1
29,51,57,2.870201443447872,True,100.0,0.995,120,True,1,1
29,57,51,2.870201443447872,True,100.0,0.995,120,True,1,1
29,52,53,4.4944004788189025,True,100.0,0.995,120,False,1,1
29,53,52,4.4944004788189025,True,100.0,0.995,120,False,1,1
29,52,55,2.347703919577958,True,100.0,0.995,120,True,1,1
29,55,52,2.347703919577958,True,100.0,0.995,120,True,1,1
29,52,56,2.2575828755535636,True,100.0,0.995,120,True,1,1
29,56,52,2.2575828755535636,True,100.0,0.995,120,True,1,1
29,53,54,1.9880416665212095,True,100.0,0.995,120,False,1,1
29,54,53,1.9880416665212095,True,100.0,0.995,120,False,1,1
29,53,57,1.9356893151570296,True,100.0,0.995,120,True,1,1
29,57,53,1.9356893151570296,True,100.0,0.995,120,True,1,1
29,53,58,2.6289400051051577,True,100.0,0.995,120,True,1,1
29,58,53,2.6289400051051577,True,100.0,0.995,120,True,1,1
29,54,58,0.9398889877145167,True,100.0,0.995,120,True,1,1
29,58,54,0.9398889877145167,True,100.0,0.995,120,True,1,1
29,54,61,1.6197225509732969,True,100.0,0.995,120,True,1,1
29,61,54,1.6197225509732969,True,100.0,0.995,120,True,1,1
29,55,56,1.376469783679724,True,100.0,0.995,120,False,1,1
29,56,55,1.376469783679724,True,100.0,0.995,120,False,1,1
29,56,57,2.3269832568298177,True,100.0,0.995,120,False,1,1
29,57,56,2.3269832568298177,True,100.0,0.995,120,False,1,1
29,57,58,4.310316078393427,True,100.0,0.995,120,False,1,1
29,58,57,4.310316078393427,True,100.0,0.995,120,False,1,1
29,58,59,5.989054736404713,True,100.0,0.995,120,False,1,1
29,59,58,5.989054736404713,True,100.0,0.995,120,False,1,1
29,58,61,0.7876173560299303,True,100.0,0.995,120,True,1,1
29,61,58,0.7876173560299303,True,100.0,0.995,120,True,1,1
29,59,60,4.677387994908509,True,100.0,0.995,120,False,1,1
29,60,59,4.677387994908509,True,100.0,0.995,120,False,1,1
29,59,62,0.7655609397300668,True,100.0,0.995,120,True,1,1
29,62,59,0.7655609397300668,True,100.0,0.995,120,True,1,1
29,60,63,0.7949299755373403,True,100.0,0.995,120,True,1,1
29,63,60,0.7949299755373403,True,100.0,0.995,120,True,1,1
29,61,62,4.621866756139512,True,100.0,0.995,120,False,1,1
29,62,61,4.621866756139512,True,100.0,0.995,120,False,1,1
29,62,63,4.615430105561494,True,100.0,0.995,120,False,1,1
29,63,62,4.615430105561494,True,100.0,0.995,120,False,1,1
29,63,64,9.20333101313336,True,100.0,0.995,120,False,1,1
29,64,63,9.20333101313336,True,100.0,0.995,120,False,1,1
29,64,65,4.613337200628909,True,100.0,0.995,120,False,1,1
29,65,64,4.613337200628909,True,100.0,0.995,120,False,1,1
29,65,66,8.017002106762947,True,100.0,0.995,120,False,1,1
29,66,65,8.017002106762947,True,100.0,0.995,120,False,1,1
30,1,2,4.606434981969944,True,100.0,0.995,120,False,1,1
30,2,1,4.606434981969944,True,100.0,0.995,120,False,1,1
30,1,43,11.010775907994194,True,100.0,0.995,120,True,1,1
30,43,1,11.010775907994194,True,100.0,0.995,120,True,1,1
30,1,44,6.559062582353029,True,100.0,0.995,120,True,1,1
30,44,1,6.559062582353029,True,100.0,0.995,120,True,1,1
30,1,45,2.39517789226564,True,100.0,0.995,120,True,1,1
30,45,1,2.39517789226564,True,100.0,0.995,120,True,1,1
30,1,46,3.288689720798908,True,100.0,0.995,120,True,1,1
30,46,1,3.288689720798908,True,100.0,0.995,120,True,1,1
30,2,3,4.636539040789259,True,100.0,0.995,120,False,1,1
30,3,2,4.636539040789259,True,100.0,0.995,120,False,1,1
30,2,44,10.93938358901585,True,100.0,0.995,120,True,1,1
30,44,2,10.93938358901585,True,100.0,0.995,120,True,1,1
30,2,45,6.450557191936925,True,100.0,0.995,120,True,1,1
30,45,2,6.450557191936925,True,100.0,0.995,120,True,1,1
30,2,46,2.1210383546456266,True,100.0,0.995,120,True,1,1
30,46,2,2.1210383546456266,True,100.0,0.995,120,True,1,1
30,2,47,3.133999270899647,True,100.0,0.995,120,True,1,1
30,47,2,3.133999270899647,True,100.0,0.995,120,True,1,1
30,3,4,2.940200700559876,True,100.0,0.995,120,False,1,1
30,4,3,2.940200700559876,True,100.0,0.995,120,False,1,1
30,3,19,3.7272932863694264,True,100.0,0.995,120,True,1,1
30,19,3,3.7272932863694264,True,100.0,0.995,120,True,1,1
30,3,45,10.903587525839315,True,100.0,0.995,120,True,1,1
30,45,3,10.903587525839315,True,100.0,0.995,120,True,1,1
30,3,46,6.390295928721142,True,100.0,0.995,120,True,1,1
30,46,3,6.390295928721142,True,100.0,0.995,120,True,1,1
30,3,47,1.8857099570233264,True,100.0,0.995,120,True,1,1
30,47,3,1.8857099570233264,True,100.0,0.995,120,True,1,1
30,3,48,2.9688441165879595,True,100.0,0.995,120,True,1,1
30,48,3,2.9688441165879595,True,100.0,0.995,120,True,1,1
30,4,5,1.6614153704432473,True,100.0,0.995,120,False,1,1
30,5,4,1.6614153704432473,True,100.0,0.995,120,False,1,1
30,4,19,0.796405620830156,True,100.0,0.995,120,True,1,1
30,19,4,0.796405620830156,True,100.0,0.995,120,True,1,1
30,4,47,4.674660482622422,True,100.0,0.995,120,True,1,1
30,47,4,4.674660482622422,True,100.0,0.995,120,True,1,1
30,4,48,0.4603304758044514,True,100.0,0.995,120,True,1,1
30,48,4,0.4603304758044514,True,100.0,0.995,120,True,1,1
30,5,6,4.623900897959651,True,100.0,0.995,120,False,1,1
30,6,5,4.623900897959651,True,100.0,0.995,120,False,1,1
30,5,19,0.8757056521318566,True,100.0,0.995,120,True,1,1
30,19,5,0.8757056521318566,True,100.0,0.995,120,True,1,1
30,5,20,5.739350463450457,True,100.0,0.995,120,True,1,1
30,20,5,5.739350463450457,True,100.0,0.995,120,True,1,1
30,5,48,1.711286030961145,True,100.0,0.995,120,True,1,1
30,48,5,1.711286030961145,True,100.0,0.995,120,True,1,1
30,6,20,1.1281099938315653,True,100.0,0.995,120,True,1,1
30,20,6,1.1281099938315653,True,100.0,0.995,120,True,1,1
30,6,21,1.4337228235478734,True,100.0,0.995,120,True,1,1
30,21,6,1.4337228235478734,True,100.0,0.995,120,True,1,1
30,6,22,3.7402398829140653,True,100.0,0.995,120,True,1,1
30,22,6,3.7402398829140653,True,100.0,0.995,120,True,1,1
30,6,31,3.102512141163428,True,100.0,0.995,120,True,1,1
30,31,6,3.102512141163428,True,100.0,0.995,120,True,1,1
30,7,8,4.621743155021335,True,100.0,0.995,120,False,1,1
30,8,7,4.621743155021335,True,100.0,0.995,120,False,1,1
30,7,42,14.037135291070374,True,100.0,0.995,120,True,1,1
30,42,7,14.037135291070374,True,100.0,0.995,120,True,1,1
30,7,66,13.577560911079976,True,100.0,0.995,120,True,1,1
30,66,7,13.577560911079976,True,100.0,0.995,120,True,1,1
30,8,9,3.362937296292038,True,100.0,0.995,120,False,1,1
30,9,8,3.362937296292038,True,100.0,0.995,120,False,1,1
30,9,10,5.861365861772659,True,100.0,0.995,120,False,1,1
30,10,9,5.861365861772659,True,100.0,0.995,120,False,1,1
30,10,11,4.589164982707,True,100.0,0.995,120,False,1,1
30,11,10,4.589164982707,True,100.0,0.995,120,False,1,1
30,10,43,12.271140572977222,True,100.0,0.995,120,True,1,1
30,43,10,12.271140572977222,True,100.0,0.995,120,True,1,1
30,11,12,4.644658683095946,True,100.0,0.995,120,False,1,1
30,12,11,4.644658683095946,True,100.0,0.995,120,False,1,1
30,11,43,7.949217880915879,True,100.0,0.995,120,True,1,1
30,43,11,7.949217880915879,True,100.0,0.995,120,True,1,1
30,11,44,12.301371974097027,True,100.0,0.995,120,True,1,1
30,44,11,12.301371974097027,True,100.0,0.995,120,True,1,1
30,12,43,3.7281895950057735,True,100.0,0.995,120,True,1,1
30,43,12,3.7281895950057735,True,100.0,0.995,120,True,1,1
30,12,44,7.845965051780787,True,100.0,0.995,120,True,1,1
30,44,12,7.845965051780787,True,100.0,0.995,120,True,1,1
30,12,45,12.219391383171425,True,100.0,0.995,120,True,1,1
30,45,12,12.219391383171425,True,100.0,0.995,120,True,1,1
30,13,14,0.12419815021493556,True,100.0,0.995,120,False,1,1
30,14,13,0.12419815021493556,True,100.0,0.995,120,False,1,1
30,13,23,2.3610887644914422,True,100.0,0.995,120,True,1,1
30,23,13,2.3610887644914422,True,100.0,0.995,120,True,1,1
30,13,24,2.2579862977544667,True,100.0,0.995,120,True,1,1
30,24,13,2.2579862977544667,True,100.0,0.995,120,True,1,1
30,13,33,5.349873564916378,True,100.0,0.995,120,True,1,1
30,33,13,5.349873564916378,True,100.0,0.995,120,True,1,1
30,13,34,0.9072384933783257,True,100.0,0.995,120,True,1,1
30,34,13,0.9072384933783257,True,100.0,0.995,120,True,1,1
30,13,35,0.870128245699422,True,100.0,0.995,120,True,1,1
30,35,13,0.870128245699422,True,100.0,0.995,120,True,1,1
30,13,36,1.7069451562895728,True,100.0,0.995,120,True,1,1
30,36,13,1.7069451562895728,True,100.0,0.995,120,True,1,1
30,14,15,4.545161899826236,True,100.0,0.995,120,False,1,1
30,15,14,4.545161899826236,True,100.0,0.995,120,False,1,1
30,14,24,2.203203450062351,True,100.0,0.995,120,True,1,1
30,24,14,2.203203450062351,True,100.0,0.995,120,True,1,1
30,14,34,0.8992153630882278,True,100.0,0.995,120,True,1,1
30,34,14,0.8992153630882278,True,100.0,0.995,120,True,1,1
30,14,35,0.8514441106561711,True,100.0,0.995,120,True,1,1
30,35,14,0.8514441106561711,True,100.0,0.995,120,True,1,1
30,14,36,1.6258668423559546,True,100.0,0.995,120,True,1,1
30,36,14,1.6258668423559546,True,100.0,0.995,120,True,1,1
30,15,16,1.4387023095281166,True,100.0,0.995,120,False,1,1
30,16,15,1.4387023095281166,True,100.0,0.995,120,False,1,1
30,15,24,2.3506351245834614,True,100.0,0.995,120,True,1,1
30,24,15,2.3506351245834614,True,100.0,0.995,120,True,1,1
30,15,25,4.142989785022785,True,100.0,0.995,120,True,1,1
30,25,15,4.142989785022785,True,100.0,0.995,120,True,1,1
30,15,36,3.035388108085303,True,100.0,0.995,120,True,1,1
30,36,15,3.035388108085303,True,100.0,0.995,120,True,1,1
30,16,17,0.8800857572820859,True,100.0,0.995,120,False,1,1
30,17,16,0.8800857572820859,True,100.0,0.995,120,False,1,1
30,16,24,3.7804544154757234,True,100.0,0.995,120,True,1,1
30,24,16,3.7804544154757234,True,100.0,0.995,120,True,1,1
30,16,25,2.7179931656599385,True,100.0,0.995,120,True,1,1
30,25,16,2.7179931656599385,True,100.0,0.995,120,True,1,1
30,16,36,4.440430500349687,True,100.0,0.995,120,True,1,1
30,36,16,4.440430500349687,True,100.0,0.995,120,True,1,1
30,17,18,4.599098711074123,True,100.0,0.995,120,False,1,1
30,18,17,4.599098711074123,True,100.0,0.995,120,False,1,1
30,17,24,4.655892238287493,True,100.0,0.995,120,True,1,1
30,24,17,4.655892238287493,True,100.0,0.995,120,True,1,1
30,17,25,1.9015355501198938,True,100.0,0.995,120,True,1,1
30,25,17,1.9015355501198938,True,100.0,0.995,120,True,1,1
30,17,36,5.318720272099951,True,100.0,0.995,120,True,1,1
30,36,17,5.318720272099951,True,100.0,0.995,120,True,1,1
30,18,25,2.848879122557094,True,100.0,0.995,120,True,1,1
30,25,18,2.848879122557094,True,100.0,0.995,120,True,1,1
30,18,26,6.324146767650993,True,100.0,0.995,120,True,1,1
30,26,18,6.324146767650993,True,100.0,0.995,120,True,1,1
30,18,49,2.432909527435767,True,100.0,0.995,120,True,1,1
30,49,18,2.432909527435767,True,100.0,0.995,120,True,1,1
30,19,20,6.610300712549211,True,100.0,0.995,120,False,1,1
30,20,19,6.610300712549211,True,100.0,0.995,120,False,1,1
30,19,48,0.8647461287117519,True,100.0,0.995,120,True,1,1
30,48,19,0.8647461287117519,True,100.0,0.995,120,True,1,1
30,20,21,0.30714337355536087,True,100.0,0.995,120,False,1,1
30,21,20,0.30714337355536087,True,100.0,0.995,120,False,1,1
30,20,31,1.9766137059625843,True,100.0,0.995,120,True,1,1
30,31,20,1.9766137059625843,True,100.0,0.995,120,True,1,1
30,20,32,2.931111193235613,True,100.0,0.995,120,True,1,1
30,32,20,2.931111193235613,True,100.0,0.995,120,True,1,1
30,21,22,2.3142191957551264,True,100.0,0.995,120,False,1,1
30,22,21,2.3142191957551264,True,100.0,0.995,120,False,1,1
30,21,31,1.6747590900524878,True,100.0,0.995,120,True,1,1
30,31,21,1.6747590900524878,True,100.0,0.995,120,True,1,1
30,21,32,2.6293252012212136,True,100.0,0.995,120,True,1,1
30,32,21,2.6293252012212136,True,100.0,0.995,120,True,1,1
30,22,23,6.937722471853841,True,100.0,0.995,120,False,1,1
30,23,22,6.937722471853841,True,100.0,0.995,120,False,1,1
30,22,31,0.6675417013838796,True,100.0,0.995,120,True,1,1
30,31,22,0.6675417013838796,True,100.0,0.995,120,True,1,1
30,22,32,0.3975193667492584,True,100.0,0.995,120,True,1,1
30,32,22,0.3975193667492584,True,100.0,0.995,120,True,1,1
30,22,33,3.9734012142386206,True,100.0,0.995,120,True,1,1
30,33,22,3.9734012142386206,True,100.0,0.995,120,True,1,1
30,23,24,4.608403696109085,True,100.0,0.995,120,False,1,1
30,24,23,4.608403696109085,True,100.0,0.995,120,False,1,1
30,23,33,3.0017132784901155,True,100.0,0.995,120,True,1,1
30,33,23,3.0017132784901155,True,100.0,0.995,120,True,1,1
30,23,34,1.649314617503223,True,100.0,0.995,120,True,1,1
30,34,23,1.649314617503223,True,100.0,0.995,120,True,1,1
30,23,35,1.7247516732807222,True,100.0,0.995,120,True,1,1
30,35,23,1.7247516732807222,True,100.0,0.995,120,True,1,1
30,24,36,0.781642184974534,True,100.0,0.995,120,True,1,1
30,36,24,0.781642184974534,True,100.0,0.995,120,True,1,1
30,25,26,9.0294705780199,True,100.0,0.995,120,False,1,1
30,26,25,9.0294705780199,True,100.0,0.995,120,False,1,1
30,25,49,4.446482312136653,True,100.0,0.995,120,True,1,1
30,49,25,4.446482312136653,True,100.0,0.995,120,True,1,1
30,26,27,4.802870374355095,True,100.0,0.995,120,False,1,1
30,27,26,4.802870374355095,True,100.0,0.995,120,False,1,1
30,26,37,3.1270819868168336,True,100.0,0.995,120,True,1,1
30,37,26,3.1270819868168336,True,100.0,0.995,120,True,1,1
30,26,49,5.037677072009205,True,100.0,0.995,120,True,1,1
30,49,26,5.037677072009205,True,100.0,0.995,120,True,1,1
30,26,50,1.4453463584161212,True,100.0,0.995,120,True,1,1
30,50,26,1.4453463584161212,True,100.0,0.995,120,True,1,1
30,26,55,4.089702594822706,True,100.0,0.995,120,True,1,1
30,55,26,4.089702594822706,True,100.0,0.995,120,True,1,1
30,27,28,9.02372512223546,True,100.0,0.995,120,False,1,1
30,28,27,9.02372512223546,True,100.0,0.995,120,False,1,1
30,27,37,1.9739601726140272,True,100.0,0.995,120,True,1,1
30,37,27,1.9739601726140272,True,100.0,0.995,120,True,1,1
30,27,51,1.4881410455013977,True,100.0,0.995,120,True,1,1
30,51,27,1.4881410455013977,True,100.0,0.995,120,True,1,1
30,27,52,0.07350553308943973,True,100.0,0.995,120,True,1,1
30,52,27,0.07350553308943973,True,100.0,0.995,120,True,1,1
30,27,56,2.250743092254886,True,100.0,0.995,120,True,1,1
30,56,27,2.250743092254886,True,100.0,0.995,120,True,1,1
30,27,57,3.21247106854881,True,100.0,0.995,120,True,1,1
30,57,27,3.21247106854881,True,100.0,0.995,120,True,1,1
30,28,29,4.611645705693097,True,100.0,0.995,120,False,1,1
30,29,28,4.611645705693097,True,100.0,0.995,120,False,1,1
30,28,38,3.00810240589065,True,100.0,0.995,120,True,1,1
30,38,28,3.00810240589065,True,100.0,0.995,120,True,1,1
30,28,58,3.130588198599936,True,100.0,0.995,120,True,1,1
30,58,28,3.130588198599936,True,100.0,0.995,120,True,1,1
30,28,61,2.8654679785129993,True,100.0,0.995,120,True,1,1
30,61,28,2.8654679785129993,True,100.0,0.995,120,True,1,1
30,29,30,4.621033322357764,True,100.0,0.995,120,False,1,1
30,30,29,4.621033322357764,True,100.0,0.995,120,False,1,1
30,29,39,0.7845800193482079,True,100.0,0.995,120,True,1,1
30,39,29,0.7845800193482079,True,100.0,0.995,120,True,1,1
30,29,59,1.9875551291723532,True,100.0,0.995,120,True,1,1
30,59,29,1.9875551291723532,True,100.0,0.995,120,True,1,1
30,29,62,2.6900735989922526,True,100.0,0.995,120,True,1,1
30,62,29,2.6900735989922526,True,100.0,0.995,120,True,1,1
30,30,40,3.8275282023473025,True,100.0,0.995,120,True,1,1
30,40,30,3.8275282023473025,True,100.0,0.995,120,True,1,1
30,30,60,1.686661126963559,True,100.0,0.995,120,True,1,1
30,60,30,1.686661126963559,True,100.0,0.995,120,True,1,1
30,30,63,2.4136594448955537,True,100.0,0.995,120,True,1,1
30,63,30,2.4136594448955537,True,100.0,0.995,120,True,1,1
30,30,64,7.652727404959416,True,100.0,0.995,120,True,1,1
30,64,30,7.652727404959416,True,100.0,0.995,120,True,1,1
30,31,32,0.9546477725289378,True,100.0,0.995,120,False,1,1
30,32,31,0.9546477725289378,True,100.0,0.995,120,False,1,1
30,32,33,3.662837646869034,True,100.0,0.995,120,False,1,1
30,33,32,3.662837646869034,True,100.0,0.995,120,False,1,1
30,33,34,4.584518397998987,True,100.0,0.995,120,False,1,1
30,34,33,4.584518397998987,True,100.0,0.995,120,False,1,1
30,34,35,0.08890529841175077,True,100.0,0.995,120,False,1,1
30,35,34,0.08890529841175077,True,100.0,0.995,120,False,1,1
30,35,36,2.2998597859397703,True,100.0,0.995,120,False,1,1
30,36,35,2.2998597859397703,True,100.0,0.995,120,False,1,1
30,37,38,8.016086315039926,True,100.0,0.995,120,False,1,1
30,38,37,8.016086315039926,True,100.0,0.995,120,False,1,1
30,37,50,3.3338286685277416,True,100.0,0.995,120,True,1,1
30,50,37,3.3338286685277416,True,100.0,0.995,120,True,1,1
30,37,51,1.6008166706517588,True,100.0,0.995,120,True,1,1
30,51,37,1.6008166706517588,True,100.0,0.995,120,True,1,1
30,37,52,1.90764552641198,True,100.0,0.995,120,True,1,1
30,52,37,1.90764552641198,True,100.0,0.995,120,True,1,1
30,37,55,1.3979693883266573,True,100.0,0.995,120,True,1,1
30,55,37,1.3979693883266573,True,100.0,0.995,120,True,1,1
30,38,39,8.021075103642689,True,100.0,0.995,120,False,1,1
30,39,38,8.021075103642689,True,100.0,0.995,120,False,1,1
30,38,53,2.101187944852827,True,100.0,0.995,120,True,1,1
30,53,38,2.101187944852827,True,100.0,0.995,120,True,1,1
30,38,54,0.6969876046040897,True,100.0,0.995,120,True,1,1
30,54,38,0.6969876046040897,True,100.0,0.995,120,True,1,1
30,38,58,1.5098642203890957,True,100.0,0.995,120,True,1,1
30,58,38,1.5098642203890957,True,100.0,0.995,120,True,1,1
30,38,61,2.1350649525968066,True,100.0,0.995,120,True,1,1
30,61,38,2.1350649525968066,True,100.0,0.995,120,True,1,1
30,39,40,8.017080505568094,True,100.0,0.995,120,False,1,1
30,40,39,8.017080505568094,True,100.0,0.995,120,False,1,1
30,39,59,1.853269030228808,True,100.0,0.995,120,True,1,1
30,59,39,1.853269030228808,True,100.0,0.995,120,True,1,1
30,39,60,3.397413938525264,True,100.0,0.995,120,True,1,1
30,60,39,3.397413938525264,True,100.0,0.995,120,True,1,1
30,39,62,2.613451934814545,True,100.0,0.995,120,True,1,1
30,62,39,2.613451934814545,True,100.0,0.995,120,True,1,1
30,39,63,2.870701287221908,True,100.0,0.995,120,True,1,1
30,63,39,2.870701287221908,True,100.0,0.995,120,True,1,1
30,40,41,8.021049927475403,True,100.0,0.995,120,False,1,1
30,41,40,8.021049927475403,True,100.0,0.995,120,False,1,1
30,40,60,4.841664570408111,True,100.0,0.995,120,True,1,1
30,60,40,4.841664570408111,True,100.0,0.995,120,True,1,1
30,40,64,3.9167300548764015,True,100.0,0.995,120,True,1,1
30,64,40,3.9167300548764015,True,100.0,0.995,120,True,1,1
30,40,65,8.442801204434465,True,100.0,0.995,120,True,1,1
30,65,40,8.442801204434465,True,100.0,0.995,120,True,1,1
30,41,42,8.018132463932822,True,100.0,0.995,120,False,1,1
30,42,41,8.018132463932822,True,100.0,0.995,120,False,1,1
30,41,64,4.232624264488186,True,100.0,0.995,120,True,1,1
30,64,41,4.232624264488186,True,100.0,0.995,120,True,1,1
30,41,65,0.6326920996329454,True,100.0,0.995,120,True,1,1
30,65,41,0.6326920996329454,True,100.0,0.995,120,True,1,1
30,41,66,8.495899367125526,True,100.0,0.995,120,True,1,1
30,66,41,8.495899367125526,True,100.0,0.995,120,True,1,1
30,42,64,12.063115781984246,True,100.0,0.995,120,True,1,1
30,64,42,12.063115781984246,True,100.0,0.995,120,True,1,1
30,42,65,7.528922011716866,True,100.0,0.995,120,True,1,1
30,65,42,7.528922011716866,True,100.0,0.995,120,True,1,1
30,42,66,0.5669202937943043,True,100.0,0.995,120,True,1,1
30,66,42,0.5669202937943043,True,100.0,0.995,120,True,1,1
30,43,44,4.619154889386678,True,100.0,0.995,120,False,1,1
30,44,43,4.619154889386678,True,100.0,0.995,120,False,1,1
30,44,45,4.616044803968647,True,100.0,0.995,120,False,1,1
30,45,44,4.616044803968647,True,100.0,0.995,120,False,1,1
30,45,46,4.610137919975251,True,100.0,0.995,120,False,1,1
30,46,45,4.610137919975251,True,100.0,0.995,120,False,1,1
30,46,47,4.629106946734585,True,100.0,0.995,120,False,1,1
30,47,46,4.629106946734585,True,100.0,0.995,120,False,1,1
30,47,48,4.598401539468234,True,100.0,0.995,120,False,1,1
30,48,47,4.598401539468234,True,100.0,0.995,120,False,1,1
30,49,50,4.617588049002984,True,100.0,0.995,120,False,1,1
30,50,49,4.617588049002984,True,100.0,0.995,120,False,1,1
30,50,51,4.638111066370011,True,100.0,0.995,120,False,1,1
30,51,50,4.638111066370011,True,100.0,0.995,120,False,1,1
30,50,55,3.827207876487791,True,100.0,0.995,120,True,1,1
30,55,50,3.827207876487791,True,100.0,0.995,120,True,1,1
30,51,52,1.47124824871574,True,100.0,0.995,120,False,1,1
30,52,51,1.47124824871574,True,100.0,0.995,120,False,1,1
30,51,55,1.0557300317425518,True,100.0,0.995,120,True,1,1
30,55,51,1.0557300317425518,True,100.0,0.995,120,True,1,1
30,51,56,0.9522232760300462,True,100.0,0.995,120,True,1,1
30,56,51,0.9522232760300462,True,100.0,0.995,120,True,1,1
30,51,57,2.871557426998121,True,100.0,0.995,120,True,1,1
30,57,51,2.871557426998121,True,100.0,0.995,120,True,1,1
30,52,53,4.493778308743686,True,100.0,0.995,120,False,1,1
30,53,52,4.493778308743686,True,100.0,0.995,120,False,1,1
30,52,55,2.34806077189781,True,100.0,0.995,120,True,1,1
30,55,52,2.34806077189781,True,100.0,0.995,120,True,1,1
30,52,56,2.2559071791563956,True,100.0,0.995,120,True,1,1
30,56,52,2.2559071791563956,True,100.0,0.995,120,True,1,1
30,53,54,1.9882281364626093,True,100.0,0.995,120,False,1,1
30,54,53,1.9882281364626093,True,100.0,0.995,120,False,1,1
30,53,57,1.9335432883722592,True,100.0,0.995,120,True,1,1
30,57,53,1.9335432883722592,True,100.0,0.995,120,True,1,1
30,53,58,2.625394848853938,True,100.0,0.995,120,True,1,1
30,58,53,2.625394848853938,True,100.0,0.995,120,True,1,1
30,54,58,0.935889530969242,True,100.0,0.995,120,True,1,1
30,58,54,0.935889530969242,True,100.0,0.995,120,True,1,1
30,54,61,1.6168271326288208,True,100.0,0.995,120,True,1,1
30,61,54,1.6168271326288208,True,100.0,0.995,120,True,1,1
30,55,56,1.3755219288999887,True,100.0,0.995,120,False,1,1
30,56,55,1.3755219288999887,True,100.0,0.995,120,False,1,1
30,56,57,2.3316939249818924,True,100.0,0.995,120,False,1,1
30,57,56,2.3316939249818924,True,100.0,0.995,120,False,1,1
30,57,58,4.30573888802828,True,100.0,0.995,120,False,1,1
30,58,57,4.30573888802828,True,100.0,0.995,120,False,1,1
30,58,59,5.99202236779392,True,100.0,0.995,120,False,1,1
30,59,58,5.99202236779392,True,100.0,0.995,120,False,1,1
30,58,61,0.789727959817247,True,100.0,0.995,120,True,1,1
30,61,58,0.789727959817247,True,100.0,0.995,120,True,1,1
30,59,60,4.677405196902551,True,100.0,0.995,120,False,1,1
30,60,59,4.677405196902551,True,100.0,0.995,120,False,1,1
30,59,62,0.764199893388671,True,100.0,0.995,120,True,1,1
30,62,59,0.764199893388671,True,100.0,0.995,120,True,1,1
30,60,63,0.7934699584164902,True,100.0,0.995,120,True,1,1
30,63,60,0.7934699584164902,True,100.0,0.995,120,True,1,1
30,61,62,4.621873863638545,True,100.0,0.995,120,False,1,1
30,62,61,4.621873863638545,True,100.0,0.995,120,False,1,1
30,62,63,4.615454576677432,True,100.0,0.995,120,False,1,1
30,63,62,4.615454576677432,True,100.0,0.995,120,False,1,1
30,63,64,9.203317869022944,True,100.0,0.995,120,False,1,1
30,64,63,9.203317869022944,True,100.0,0.995,120,False,1,1
30,64,65,4.6133329518362425,True,100.0,0.995,120,False,1,1
30,65,64,4.6133329518362425,True,100.0,0.995,120,False,1,1
30,65,66,8.014085366562822,True,100.0,0.995,120,False,1,1
30,66,65,8.014085366562822,True,100.0,0.995,120,False,1,1
