STARLINK-5096
1 54006U 22125AU  26195.93063947  .00063028  00000+0  33465-2 0  9992
2 54006  53.1624   1.1197 0001444  35.8409 324.2681 15.14752168208689
STARLINK-35085
1 65419U 25192R   26195.73225095  .00008980  00000+0  30075-3 0  9992
2 65419  53.1607   0.9369 0000861  87.4799 272.6301 15.31705025 48850
STARLINK-34238
1 65415U 25192M   26195.91670139  .00050027  00000+0  14835-2 0  9995
2 65415  53.1610   1.4562 0000575  80.2517 232.7646 15.34366872  5760
STARLINK-2380
1 47799U 21018N   26195.72793590  .00001789  00000+0  69381-4 0  9998
2 47799  53.1603   1.0523 0001179  88.3726 271.7411 15.31710653296326
STARLINK-35035
1 65407U 25192D   26195.91670139  .01025058  00000+0  32107-1 0  9994
2 65407  53.1612   1.4364 0001489  78.7212 247.6945 15.29880643  5861
STARLINK-35074
1 65422U 25192U   26195.91670139  .00046661  00000+0  14225-2 0  9995
2 65422  53.1612   1.3962 0001119  76.8885 265.0834 15.33521687  5716
STARLINK-35034
1 65431U 25192AD  26195.91670139  .00046206  00000+0  13716-2 0  9994
2 65431  53.1609   1.3615 0001435  81.0912 278.4445 15.34369238  5862
STARLINK-35807
1 66358U 25254L   26195.78428569  .00014253  00000+0  46993-3 0  9996
2 66358  53.1608   1.4581 0000389  96.6229 263.4817 15.31715609 38444
STARLINK-35036
1 65406U 25192C   26195.91670139  .00051034  00000+0  15121-2 0  9993
2 65406  53.1607   1.3493 0001423  73.7089 297.3723 15.34383791  5865
STARLINK-34830
1 65405U 25192B   26195.78392352  .00006868  00000+0  23280-3 0  9996
2 65405  53.1606   1.2502 0000814  68.9835 291.1253 15.31711925 48869
STARLINK-35003
1 65413U 25192K   26195.91259350  .00007556  00000+0  23457-3 0  9991
2 65413  53.1611   1.3384 0001099  85.3253 274.7875 15.34396222 48865
STARLINK-35146
1 65421U 25192T   26195.77959050  .00008908  00000+0  29834-3 0  9995
2 65421  53.1610   1.2226 0000710 123.5860 236.5209 15.31712612 48842
STARLINK-35817
1 66357U 25254K   26195.91670139  .00079944  00000+0  23709-2 0  9999
2 66357  53.1598   1.4817 0003614 351.2564  55.0393 15.34144761  5917
STARLINK-35138
1 65420U 25192S   26195.77490896  .00015313  00000+0  50353-3 0  9990
2 65420  53.1608   1.2007 0000878  69.0938 291.0157 15.31743018 48853
STARLINK-35822
1 66362U 25254Q   26195.77394985  .00021369  00000+0  64251-3 0  9997
2 66362  53.1608   2.1058 0001288  72.9096 287.2047 15.34364197 38437
STARLINK-32888
1 62966U 25029U   26195.91670139  .00048589  00000+0  14416-2 0  9997
2 62966  53.1599   1.5643 0000807  81.4480 359.2589 15.34363400  5861
STARLINK-35895
1 66354U 25254G   26195.76840804  .00018152  00000+0  56172-3 0  9992
2 66354  53.1596   2.0826 0001018 106.3990 253.7125 15.33559831 38437
STARLINK-35849
1 66348U 25254A   26195.76762045  .00009973  00000+0  30592-3 0  9994
2 66348  53.1602   2.0679 0001110  87.2126 272.9004 15.34397730 39591
STARLINK-35851
1 66356U 25254J   26195.70038225  .00011396  00000+0  34800-3 0  9991
2 66356  53.1599   2.3577 0001061  66.4924 293.6190 15.34391669 38427
STARLINK-35828
1 66351U 25254D   26195.69569920  .00004800  00000+0  16630-3 0  9998
2 66351  53.1600   1.6131 0001446 113.7148 246.4006 15.31707419 38438
STARLINK-32877
1 62960U 25029N   26195.75711798  .00013253  00000+0  40275-3 0  9993
2 62960  53.1599   2.1389 0000996  85.3000 274.8117 15.34395634 80753
STARLINK-34609
1 64768U 25147P   26195.75290084  .00009457  00000+0  29064-3 0  9996
2 64768  53.1599   2.0560 0001091 100.4303 259.6823 15.34402594 58353
STARLINK-35850
1 66352U 25254E   26195.75212908  .00012809  00000+0  44374-3 0  9991
2 66352  53.1592   1.9654 0001082 111.6832 248.4284 15.30207238 38438
STARLINK-35823
1 66360U 25254N   26195.68578012  .00023444  00000+0  80154-3 0  9996
2 66360  53.1599   2.2626 0001252  96.0896 264.0248 15.30185382 38420
STARLINK-32197
1 60416U 24141U   26195.75134436  .00000753  00000+0  36005-4 0  9997
2 60416  53.1623   1.7781 0001126  93.8574 266.2556 15.31708600109125
STARLINK-32889
1 62961U 25029P   26195.75080506  .00014261  00000+0  43236-3 0  9990
2 62961  53.1595   2.1015 0001014  99.3687 260.7430 15.34404029 80777
STARLINK-35846
1 66367U 25254V   26195.74689300 -.00057323  00000+0 -19410-2 0  9994
2 66367  53.1604   1.9295 0011893  21.2339 338.9153 15.30072716 38439
STARLINK-35095
1 65425U 25192X   26195.74701557  .00008328  00000+0  27972-3 0  9990
2 65425  53.1591   1.7245 0000987  88.2354 271.8761 15.31712028 48847
STARLINK-32186
1 60412U 24141Q   26195.80288703 -.00001491  00000+0 -33043-4 0  9997
2 60412  53.1609   9.9376 0000893 133.7051 226.4026 15.34379126109017
STARLINK-32265
1 60415U 24141T   26195.80077642  .00003928  00000+0  12746-3 0  9999
2 60415  53.1616   9.9222 0001397 112.1483 247.9668 15.34370143109074
STARLINK-34566
1 64765U 25147L   26195.79869791  .00015313  00000+0  46338-3 0  9995
2 64765  53.1605  10.1455 0001213 112.0600 248.0531 15.34401710 58241
STARLINK-34652
1 64772U 25147T   26195.79658690  .00021506  00000+0  64536-3 0  9998
2 64772  53.1596  10.1374 0001171  98.2463 261.8673 15.34422664 58244
STARLINK-32178
1 60413U 24141R   26195.79446303  .00000160  00000+0  15877-4 0  9993
2 60413  53.1620   9.8803 0001122 101.8848 258.2281 15.34390171109010
STARLINK-34246
1 64769U 25147Q   26195.79238628  .00007075  00000+0  22037-3 0  9994
2 64769  53.1618  10.1069 0001373 114.5173 245.5973 15.34396999 58243
STARLINK-34541
1 64771U 25147S   26195.72514593  .00008801  00000+0  27129-3 0  9993
2 64771  53.1612  10.3973 0001228  95.1780 264.9362 15.34400531 58169
STARLINK-34638
1 64762U 25147H   26195.78818259  .00011465  00000+0  34998-3 0  9997
2 64762  53.1592  10.0894 0001271  94.9805 265.1343 15.34396866 58244
STARLINK-33965
1 64755U 25147A   26195.78607511  .00006100  00000+0  19153-3 0  9992
2 64755  53.1599  10.0778 0001190  91.5968 268.5171 15.34399156 58282
STARLINK-34612
1 64773U 25147U   26195.71883139  .00010587  00000+0  32398-3 0  9997
2 64773  53.1603  10.3621 0001559 142.0557 218.0556 15.34403781 58235
STARLINK-34261
1 64764U 25147K   26195.78186608  .00007594  00000+0  23567-3 0  9993
2 64764  53.1595  10.0457 0001056  96.9824 263.1299 15.34397681 58286
STARLINK-34547
1 64777U 25147Y   26195.77976130  .00008931  00000+0  27516-3 0  9997
2 64777  53.1587  10.0297 0000845  79.8373 280.2725 15.34399334 58187
STARLINK-34491
1 64780U 25147AB  26195.71252812  .00013809  00000+0  41878-3 0  9996
2 64780  53.1588  10.3191 0001020  74.3546 285.7569 15.34422834 58230
STARLINK-34593
1 64758U 25147D   26195.77557602  .00030482  00000+0  91036-3 0  9999
2 64758  53.1609  10.0068 0001304 100.0556 260.0594 15.34374983 58248
STARLINK-4593
1 53633U 22104AX  26195.72957116 -.00000505  00000+0 -13602-4 0  9997
2 53633  53.1616  13.5835 0001697 100.0256 260.0927 15.08829698215073
STARLINK-35342
1 66181U 25243E   26195.92950987  .00014235  00000+0  43161-3 0  9992
2 66181  53.1595  13.6093 0000980 104.8349 255.2763 15.34400728 40143
STARLINK-35041
1 66188U 25243M   26195.79713345  .00018761  00000+0  56495-3 0  9991
2 66188  53.1583  14.2072 0000930 108.5679 251.5425 15.34402559 40129
STARLINK-4606
1 53632U 22104AW  26195.72588314  .00000351  00000+0  40167-4 0  9999
2 53632  53.1626  13.5617 0001299 116.1296 243.9829 15.08835557215400
STARLINK-35299
1 66072U 25235Q   26195.72987621  .00014671  00000+0  44456-3 0  9997
2 66072  53.1590  14.3546 0000969  96.3572 263.7541 15.34393885 42389
STARLINK-35131
1 66075U 25235T   26195.79290709  .00015099  00000+0  45718-3 0  9998
2 66075  53.1606  14.0307 0001174 104.0184 256.0949 15.34395093 42398
STARLINK-35422
1 66068U 25235L   26195.79080485  .00005213  00000+0  16530-3 0  9995
2 66068  53.1591  14.0160 0001111  91.8617 268.2513 15.34400603 42368
STARLINK-35421
1 66062U 25235E   26195.72356420  .00006310  00000+0  19773-3 0  9998
2 66062  53.1589  14.3115 0001048  99.6737 260.4384 15.34396630 42386
STARLINK-35333
1 66182U 25243F   26195.78661528  .00005553  00000+0  17537-3 0  9998
2 66182  53.1593  14.1428 0001124  74.8854 285.2273 15.34397528 40128
STARLINK-35363
1 66178U 25243B   26195.78451180  .00010067  00000+0  30865-3 0  9999
2 66178  53.1586  14.1258 0000913  87.3803 272.7304 15.34402091 40122
STARLINK-34937
1 66192U 25243R   26195.78240705  .00005867  00000+0  18465-3 0  9998
2 66192  53.1597  14.1152 0001038 109.8440 250.2675 15.34396529 40129
STARLINK-35401
1 66067U 25235K   26195.71514622  .00014682  00000+0  44474-3 0  9999
2 66067  53.1590  14.2584 0001282 121.3205 238.7923 15.34406119 42353
STARLINK-35011
1 66082U 25235AA  26195.77797660  .00007608  00000+0  25657-3 0  9999
2 66082  53.1598  13.9313 0001234 105.3489 254.7649 15.31715067 42396
STARLINK-35325
1 66080U 25235Y   26195.77819319  .00022564  00000+0  67644-3 0  9993
2 66080  53.1592  13.9395 0001013  74.6257 285.4858 15.34423094 42396
STARLINK-35551
1 66200U 25243Z   26195.84752194  .00009647  00000+0  33735-3 0  9992
2 66200  53.1602  14.5111 0001409 125.7897 234.3235 15.30208206 40125
STARLINK-35323
1 66071U 25235P   26195.78112831  .00009938  00000+0  34711-3 0  9998
2 66071  53.1590  14.6585 0001062 118.8571 241.2537 15.30209426 42387
STARLINK-35197
1 66193U 25243S   26195.78010087  .00002978  00000+0  11266-3 0  9999
2 66193  53.1596  14.8014 0001224 106.0335 254.0800 15.30192735 40112
STARLINK-35509
1 66199U 25243Y   26195.77904300  .00007001  00000+0  24823-3 0  9999
2 66199  53.1609  14.7955 0001194 106.4253 253.6879 15.30204345 40117
STARLINK-35562
1 66063U 25235F   26195.77596630  .00005915  00000+0  21169-3 0  9995
2 66063  53.1604  15.3419 0001721 133.4842 226.6302 15.30200938 42379
STARLINK-35375
1 66065U 25235H   26195.77385836  .00010237  00000+0  35727-3 0  9999
2 66065  53.1616  15.3357 0001425 121.7735 238.3404 15.30200939 42371
STARLINK-35291
1 66083U 25235AB  26195.77279988  .00010374  00000+0  36185-3 0  9990
2 66083  53.1604  15.3183 0001057 139.7925 220.3154 15.30203579 42349
STARLINK-35274
1 66073U 25235R   26195.77069642  .00015756  00000+0  54318-3 0  9990
2 66073  53.1604  15.3101 0000994 108.1365 251.9744 15.30187279 42371
STARLINK-35295
1 66070U 25235N   26195.76963684  .00005324  00000+0  19176-3 0  9998
2 66070  53.1620  15.2988 0001588 106.1164 254.0012 15.30198422 42377
STARLINK-35558
1 66060U 25235C   26195.76753138  .00010421  00000+0  36350-3 0  9995
2 66060  53.1619  15.2954 0001823  35.3758 324.7363 15.30199127 42378
STARLINK-35321
1 66074U 25235S   26195.76436332  .00012280  00000+0  42609-3 0  9993
2 66074  53.1616  15.2709 0001286  87.9806 272.1342 15.30197658 42378
STARLINK-35350
1 66187U 25243L   26195.76355998  .00011211  00000+0  34242-3 0  9992
2 66187  53.1613  14.7084 0001041  93.2386 266.8736 15.34402388 40112
STARLINK-35179
1 66066U 25235J   26195.89180988 -.00001920  00000+0 -52739-4 0  9998
2 66066  53.1614  14.6500 0001246  63.4411 296.6717 15.30185518 42397
STARLINK-35379
1 66084U 25235AC  26195.89076799  .00013767  00000+0  47603-3 0  9995
2 66084  53.1610  14.6307 0001175  89.4587 270.6548 15.30203085 42395
STARLINK-4554
1 53626U 22104AQ  26195.91670139  .00073121  00000+0  35696-2 0  9994
2 53626  53.1611  22.0682 0000751  93.8828 179.3967 15.17633925  5595
STARLINK-37353
1 69157U 26111K   26195.86812775  .00005474  00000+0  17306-3 0  9995
2 69157  53.1592  22.0163 0001191 112.7752 247.3376 15.34390089  8514
STARLINK-37363
1 69158U 26111L   26195.93115486  .00007941  00000+0  24588-3 0  9990
2 69158  53.1596  21.6982 0000836  94.7686 265.3412 15.34402035  8520
STARLINK-37343
1 69159U 26111M   26195.92905658  .00010851  00000+0  33185-3 0  9995
2 69159  53.1595  21.7149 0000963 111.7446 248.3660 15.34396853  8527
STARLINK-37328
1 69160U 26111N   26195.79667868  .00006283  00000+0  19694-3 0  9993
2 69160  53.1589  22.2829 0000520  74.0028 286.1032 15.34394352  8502
STARLINK-37311
1 69161U 26111P   26195.79457336  .00012622  00000+0  38407-3 0  9998
2 69161  53.1591  22.2639 0001322 121.9281 238.1850 15.34400138  8504
STARLINK-36286
1 69162U 26111Q   26195.79246999  .00008528  00000+0  26324-3 0  9995
2 69162  53.1599  22.2612 0001303 105.5016 254.6131 15.34398841  8509
STARLINK-37196
1 69163U 26111R   26195.79036556  .00009263  00000+0  28499-3 0  9994
2 69163  53.1601  22.2424 0001056  80.5828 279.5294 15.34393206  8509
STARLINK-36288
1 69164U 26111S   26195.78826217  .00009746  00000+0  29919-3 0  9999
2 69164  53.1611  22.2338 0001246  95.7104 264.4040 15.34400770  8508
STARLINK-37445
1 69165U 26111T   26195.78615797  .00017119  00000+0  51654-3 0  9993
2 69165  53.1607  22.2233 0000450 147.7360 212.3670 15.34404604  8507
STARLINK-37491
1 69166U 26111U   26195.78405103  .00007234  00000+0  22498-3 0  9993
2 69166  53.1611  22.2060 0000690  49.3453 310.7609 15.34407932  8509
STARLINK-1172
1 45074U 20006AG  26195.78488930  .00036160  00000+0  84563-3 0  9992
2 45074  53.1544  22.1879 0002282  93.2870 266.8397 15.41831782356405
STARLINK-37474
1 69167U 26111V   26195.78195090  .00018050  00000+0  54425-3 0  9998
2 69167  53.1605  22.1893 0001276  81.2201 278.8946 15.34388554  8509
STARLINK-37469
1 69168U 26111W   26195.78045133  .00016634  00000+0  48648-3 0  9997
2 69168  53.1603  22.2080 0001389 114.6078 245.5070 15.35414106  8508
STARLINK-31641
1 59374U 24062A   26195.79773039  .00000177  00000+0  16369-4 0  9993
2 59374  53.1593  25.8788 0001302  98.9390 261.1760 15.34387616129119
STARLINK-31713
1 59381U 24062H   26195.79562393  .00001074  00000+0  42926-4 0  9995
2 59381  53.1609  25.8618 0001135  94.2392 265.8741 15.34394880129089
STARLINK-35169
1 65465U 25195H   26195.79359497  .00004967  00000+0  15810-3 0  9997
2 65465  53.1604  26.3988 0001561  94.3446 265.7735 15.34390858 49471
STARLINK-34888
1 65471U 25195P   26195.79148851  .00006621  00000+0  20681-3 0  9995
2 65471  53.1611  26.3796 0001430 110.9370 249.1786 15.34416774 49477
STARLINK-32811
1 63039U 25034L   26195.85454011  .00020805  00000+0  62526-3 0  9994
2 63039  53.1605  26.2314 0001170  92.2497 267.8640 15.34395658 78572
STARLINK-35071
1 65477U 25195V   26195.85241497  .00020078  00000+0  60369-3 0  9997
2 65477  53.1600  26.0490 0001130  83.2161 276.8970 15.34405158 49461
STARLINK-32790
1 63048U 25034V   26195.85033048  .00015962  00000+0  48245-3 0  9997
2 63048  53.1605  26.1997 0001055  97.7247 262.3876 15.34405537 78572
STARLINK-35037
1 65483U 25195AB  26195.84820251  .00019285  00000+0  58053-3 0  9999
2 65483  53.1598  26.0004 0000981  93.0349 267.0766 15.34394279 49461
STARLINK-35159
1 65461U 25195D   26195.84610044  .00021678  00000+0  65058-3 0  9994
2 65461  53.1600  26.0176 0001053  94.3263 265.7860 15.34414455 49482
STARLINK-35027
1 65466U 25195J   26195.84399755  .00008858  00000+0  27300-3 0  9995
2 65466  53.1597  26.0023 0001094 105.7181 254.3943 15.34400152 49489
STARLINK-32810
1 63037U 25034J   26195.84191730  .00011827  00000+0  36065-3 0  9990
2 63037  53.1597  26.1545 0001281 119.2698 240.8433 15.34397810 78574
STARLINK-32738
1 63046U 25034T   26195.83981087  .00008920  00000+0  27482-3 0  9994
2 63046  53.1601  26.1373 0001160 103.2050 256.9082 15.34399005 78576
STARLINK-31430
1 59375U 24062B   26195.83771150  .00000915  00000+0  38225-4 0  9996
2 59375  53.1626  26.1213 0000825  97.3603 262.7493 15.34385690129124
STARLINK-31644
1 59391U 24062T   26195.83561814 -.00001240  00000+0 -25604-4 0  9999
2 59391  53.1605  26.1141 0001312 114.4797 245.6342 15.34375920129124
STARLINK-2408
1 47823U 21018AN  26195.79502566  .00000577  00000+0  30358-4 0  9990
2 47823  53.1621  26.6567 0001495  70.5346 289.5817 15.31699587295976
STARLINK-35143
1 65485U 25195AD  26195.85566109  .00009317  00000+0  31150-3 0  9995
2 65485  53.1605  26.7570 0001209  89.8070 270.3070 15.31712245 49453
STARLINK-3261
1 50193U 21125AP  26195.91670139  .00059049  00000+0  24618-2 0  9997
2 50193  53.1589  27.2744 0000190 134.6152 229.4258 15.23157293  5790
STARLINK-35111
1 65463U 25195F   26195.85099625  .00008697  00000+0  29158-3 0  9990
2 65463  53.1605  26.7477 0001209  97.3508 262.7631 15.31711764 49470
STARLINK-34998
1 65474U 25195S   26195.84810030  .00007927  00000+0  27947-3 0  9991
2 65474  53.1597  27.4377 0001305 103.7032 256.4114 15.30200564 49443
STARLINK-35096
1 65479U 25195X   26195.84632720  .00008594  00000+0  28827-3 0  9993
2 65479  53.1597  26.7177 0001054 109.2563 250.8553 15.31712312 49455
STARLINK-2409
1 47824U 21018AP  26195.84604978 -.00001179  00000+0 -26227-4 0  9998
2 47824  53.1591  27.0829 0001258  88.3501 271.7645 15.31700221295965
STARLINK-35093
1 65478U 25195W   26195.84165964  .00009642  00000+0  32202-3 0  9990
2 65478  53.1592  26.6901 0001200 115.8490 244.2635 15.31704523 49451
STARLINK-34829
1 65470U 25195N   26195.83699218  .00009209  00000+0  30804-3 0  9990
2 65470  53.1587  26.6643 0001326 128.2261 231.8860 15.31711356 49479
STARLINK-4690
1 53604U 22104S   26195.91670139  .00064047  00000+0  33853-2 0  9990
2 53604  53.1607  27.4188 0002976  83.5704  12.6496 15.14902528  5801
STARLINK-34784
1 65458U 25195A   26195.83232720  .00008342  00000+0  28018-3 0  9998
2 65458  53.1583  26.6417 0001169  87.9934 272.1201 15.31710301 49479
STARLINK-2453
1 47845U 21018BL  26195.76679997  .00001562  00000+0  62081-4 0  9997
2 47845  53.1613  27.3566 0001346  84.3980 275.7175 15.31709851295969
STARLINK-32830
1 63034U 25034F   26195.76243322  .00009851  00000+0  32881-3 0  9999
2 63034  53.1595  27.0739 0001277  95.6118 264.5029 15.31696825 78550
STARLINK-2280
1 47861U 21021B   26195.75743447  .00002425  00000+0  89861-4 0  9994
2 47861  53.1596  27.0895 0001248  96.0161 264.0983 15.31712681295863
STARLINK-4677
1 53600U 22104N   26195.91670139  .00100544  00000+0  36060-2 0  9992
2 53600  53.1601  32.0720 0001083 138.3819 125.3947 15.27906577  5758
STARLINK-37257
1 68970U 26099V   26195.86818862  .00009536  00000+0  29302-3 0  9997
2 68970  53.1601  31.7805 0001207  90.8462 269.2679 15.34398669 11525
STARLINK-37367
1 68971U 26099W   26195.86608732  .00015298  00000+0  46301-3 0  9991
2 68971  53.1604  31.7721 0000931 108.9574 251.1530 15.34396956 11527
STARLINK-37259
1 68972U 26099X   26195.86398183  .00009925  00000+0  30451-3 0  9997
2 68972  53.1594  31.7638 0001351  97.3341 262.7816 15.34397352 11529
STARLINK-36671
1 68967U 26099S   26195.86200126  .00008225  00000+0  26107-3 0  9995
2 68967  53.1590  31.7275 0001218 104.6132 255.5006 15.33556986 11528
STARLINK-37362
1 68974U 26099Z   26195.86187974  .00008717  00000+0  26886-3 0  9998
2 68974  53.1593  31.7478 0001371  82.5533 277.5626 15.34397477 11524
STARLINK-36303
1 68969U 26099U   26195.86054971  .00013993  00000+0  43586-3 0  9990
2 68969  53.1585  31.7179 0001244 109.5604 250.5533 15.33558991 11522
STARLINK-36667
1 68975U 26099AA  26195.85976922  .00010239  00000+0  31370-3 0  9993
2 68975  53.1591  31.7241 0001074  90.2824 269.8301 15.34404548 11522
STARLINK-36735
1 68976U 26099AB  26195.85766686  .00014494  00000+0  43927-3 0  9996
2 68976  53.1592  31.7100 0001221  98.8206 261.2935 15.34399061 11522
STARLINK-37371
1 68977U 26099AC  26195.85556888  .00006928  00000+0  21611-3 0  9997
2 68977  53.1590  31.6872 0001511  83.9269 276.1906 15.34380677 11528
STARLINK-37293
1 68978U 26099AD  26195.85345875  .00013754  00000+0  41741-3 0  9991
2 68978  53.1589  31.6813 0001135  96.9011 263.2121 15.34403153 11524
STARLINK-4676
1 53598U 22104L   26195.78417296 -.00000555  00000+0 -14748-4 0  9990
2 53598  53.1608  32.4862 0001573 117.4953 242.6200 15.12114420214819
STARLINK-36248
1 68979U 26099AE  26195.78621953  .00008708  00000+0  26838-3 0  9991
2 68979  53.1585  31.9800 0001093  99.6835 260.4291 15.34421161 11512
STARLINK-4674
1 53591U 22104D   26195.91670139  .00055984  00000+0  22889-2 0  9992
2 53591  53.1590  31.8717 0001040  55.9897 316.9397 15.23840180  5794
STARLINK-36964
1 68184U 26050T   26195.86875823  .00008464  00000+0  26138-3 0  9994
2 68184  53.1600  33.9756 0001330  90.0722 270.0433 15.34396496 20184
STARLINK-37091
1 68191U 26050AA  26195.86665325  .00005644  00000+0  17808-3 0  9997
2 68191  53.1598  33.9501 0001440  94.4306 265.6861 15.34395799 20184
STARLINK-37034
1 68171U 26050E   26195.92968356  .00009697  00000+0  29774-3 0  9999
2 68171  53.1593  33.6449 0001205 111.2730 248.8401 15.34402646 20197
STARLINK-37093
1 68194U 26050AD  26195.92758008  .00019135  00000+0  57599-3 0  9999
2 68194  53.1584  33.6215 0001119  92.4012 267.7119 15.34400823 20191
STARLINK-36677
1 68178U 26050M   26195.86033666  .00012146  00000+0  36994-3 0  9991
2 68178  53.1580  33.9110 0001412  93.7555 266.3609 15.34408391 20184
STARLINK-37098
1 68192U 26050AB  26195.79310146  .00007117  00000+0  22157-3 0  9998
2 68192  53.1594  34.2057 0001292  88.2416 271.8735 15.34400128 20170
STARLINK-3301
1 50169U 21125P   26195.91670139  .00025224  00000+0  73227-3 0  9999
2 50169  53.1592  34.1671 0001007  76.9492 249.8631 15.35371433  5806
STARLINK-37035
1 68180U 26050P   26195.85615278  .00012934  00000+0  39359-3 0  9991
2 68180  53.1585  33.9000 0001487 104.2242 255.8925 15.34375235 20187
STARLINK-37102
1 68183U 26050S   26195.85402593  .00018210  00000+0  54886-3 0  9993
2 68183  53.1578  33.8887 0000943 111.3030 248.8073 15.34394362 20182
STARLINK-36969
1 68167U 26050A   26195.78678936  .00015897  00000+0  48062-3 0  9990
2 68167  53.1581  34.1826 0001134  93.6526 266.4606 15.34400681 20179
STARLINK-36668
1 68177U 26050L   26195.84983732  .00033946  00000+0  10106-2 0  9993
2 68177  53.1569  33.8719 0001053  50.9614 309.1482 15.34419826 20186
STARLINK-37052
1 68179U 26050N   26195.84771621  .00012139  00000+0  36978-3 0  9994
2 68179  53.1581  33.8467 0001071 103.6014 256.5108 15.34402547 20184
STARLINK-36984
1 68168U 26050B   26195.84561621  .00010057  00000+0  30836-3 0  9993
2 68168  53.1576  33.8457 0001342 112.1888 247.9257 15.34403792 20182
STARLINK-36886
1 68175U 26050J   26195.77836991  .00011410  00000+0  34823-3 0  9992
2 68175  53.1583  34.1147 0001239 109.1877 250.9259 15.34408639 20177
STARLINK-35072
1 65505U 25198P   26195.84614667  .00018126  00000+0  54641-3 0  9991
2 65505  53.1582  37.8635 0001173 109.8323 250.2806 15.34392728 48129
STARLINK-3281
1 50183U 21125AD  26195.84152760  .00022263  00000+0  13880-2 0  9990
2 50183  53.1603  38.0009 0004282 122.9652 237.1752 15.09474646255847
STARLINK-35122
1 65510U 25198U   26195.84404289  .00010464  00000+0  32034-3 0  9993
2 65510  53.1589  37.8496 0001220 106.6427 253.4710 15.34405857 48127
STARLINK-3891
1 52650U 22052BE  26195.77513621  .00140051  00000+0  83394-2 0  9993
2 52650  53.1613  38.4315 0001995  99.4531 260.6687 15.10153560230465
STARLINK-4685
1 53709U 22107K   26195.83946435 -.00000055  00000+0  14625-4 0  9993
2 53709  53.1611  37.7595 0001278  87.8622 272.2516 15.08835786213675
STARLINK-35226
1 65492U 25198A   26195.77680594  .00009816  00000+0  30123-3 0  9995
2 65492  53.1582  38.1424 0001357  55.3646 304.7484 15.34403693 48111
STARLINK-35228
1 65517U 25198AB  26195.83983397  .00017157  00000+0  51766-3 0  9990
2 65517  53.1588  37.8143 0001099 105.3380 254.7744 15.34406337 48125
STARLINK-4768
1 53806U 22111AK  26195.83580337 -.00000370  00000+0 -51462-5 0  9993
2 53806  53.1615  37.9248 0001332  93.8422 266.2722 15.08833998213226
STARLINK-35140
1 65501U 25198K   26195.83773434  .00014650  00000+0  44388-3 0  9999
2 65501  53.1584  37.8084 0001019  96.1319 263.9799 15.34398763 48124
STARLINK-32835
1 63051U 25034Y   26195.83567878  .00017524  00000+0  52859-3 0  9994
2 63051  53.1589  38.1919 0000928  92.5330 267.5779 15.34399102 78409
STARLINK-32735
1 63044U 25034R   26195.83357425  .00017195  00000+0  51886-3 0  9994
2 63044  53.1596  38.1736 0001285  91.2548 268.8602 15.34400708 78404
STARLINK-35124
1 65511U 25198V   26195.83142021  .00012777  00000+0  38858-3 0  9995
2 65511  53.1604  37.7684 0001301  83.7869 276.3282 15.34404324 48114
STARLINK-4683
1 53712U 22107N   26195.82472927  .00000237  00000+0  32985-4 0  9996
2 53712  53.1614  37.6780 0001583  90.8541 269.2632 15.08834764213692
STARLINK-32315
1 60740U 24152W   26195.82382220  .00008314  00000+0  29205-3 0  9997
2 60740  53.1617  38.0418 0001849 124.0481 236.0695 15.30252197106180
STARLINK-32828
1 63045U 25034S   26195.85091486  .00029533  00000+0  88217-3 0  9996
2 63045  53.1601  39.6977 0001466  82.0732 278.0437 15.34385726 78387
STARLINK-4641
1 53730U 22107AG  26195.84940262  .00003870  00000+0  12180-3 0  9990
2 53730  53.1609  39.9935 0001564 105.0431 255.0745 15.35398966213797
STARLINK-32779
1 63030U 25034B   26195.84457850  .00010214  00000+0  31294-3 0  9999
2 63030  53.1598  39.6692 0001286  93.2466 266.8683 15.34407181 78386
STARLINK-32798
1 63029U 25034A   26195.84247595  .00013126  00000+0  39897-3 0  9992
2 63029  53.1601  39.6506 0001275 129.4217 230.6899 15.34396571 78385
STARLINK-4642
1 53720U 22107W   26195.91670139  .00015692  00000+0  45990-3 0  9990
2 53720  53.1601  39.5903 0001146  87.9905 328.2501 15.35393230  5802
STARLINK-4652
1 53736U 22107AN  26195.91670139  .00084674  00000+0  25142-2 0  9999
2 53736  53.1607  40.2669 0001950  56.2762  16.6542 15.34082296  5793
STARLINK-35216
1 65516U 25198AA  26195.83830841  .00018889  00000+0  56878-3 0  9996
2 65516  53.1606  39.9347 0001008  97.4372 262.6745 15.34399359 48096
STARLINK-4686
1 53715U 22107R   26195.91670139  .00090836  00000+0  27004-2 0  9992
2 53715  53.1616  40.2230 0001745  68.8007  24.0336 15.34009144  5804
STARLINK-35163
1 65507U 25198R   26195.83199643  .00010579  00000+0  32377-3 0  9990
2 65507  53.1615  39.9022 0001263  97.0679 263.0467 15.34402441 48098
STARLINK-35126
1 65503U 25198M   26195.82989146  .00011297  00000+0  34497-3 0  9993
2 65503  53.1612  39.8900 0001390 110.2735 249.8417 15.34400213 48099
STARLINK-35203
1 65498U 25198G   26195.89082137  .00019065  00000+0  57393-3 0  9998
2 65498  53.1612  39.5630 0001369 102.1600 257.9557 15.34400539 48104
STARLINK-35166
1 65499U 25198H   26195.88871936  .00008247  00000+0  25499-3 0  9993
2 65499  53.1600  39.5494 0001143 100.8893 259.2238 15.34394174 48107
STARLINK-35212
1 65496U 25198E   26195.88661366  .00015664  00000+0  47375-3 0  9992
2 65496  53.1618  39.5303 0001511  90.0497 270.0679 15.34400476 48104
STARLINK-4640
1 53728U 22107AE  26195.88451227  .00002756  00000+0  92694-4 0  9990
2 53728  53.1599  39.5045 0001127  81.9391 278.1740 15.34390797213808
STARLINK-4589
1 53746U 22107AY  26195.91673059 -.00000447  00000+0 -22620-5 0  9993
2 53746  53.1611  49.6899 0001324  89.4113 270.7041 15.33545542213841
STARLINK-31700
1 59436U 24065R   26195.91614189 -.00000878  00000+0 -14874-4 0  9998
2 59436  53.1599  49.6402 0001313  87.3692 272.7461 15.34384540128422
STARLINK-4662
1 53738U 22107AQ  26195.91670139  .00001750  00000+0  61113-4 0  9995
2 53738  53.1598  49.6543 0001205  76.7050 300.2458 15.35374489  5795
STARLINK-4732
1 53870U 22114BE  26195.91191812 -.00014316  00000+0 -41253-3 0  9992
2 53870  53.1603  49.5830 0001386  91.1143 269.0018 15.34461845212641
STARLINK-4607
1 53740U 22107AS  26195.91670139  .00029996  00000+0  11365-2 0  9992
2 53740  53.1578  50.3341 0001260 103.4411 288.7235 15.26676327  5790
STARLINK-31711
1 59438U 24065T   26195.90983087 -.00000185  00000+0  56482-5 0  9997
2 59438  53.1604  49.5990 0001183  88.8343 271.2795 15.34390361128428
STARLINK-4618
1 53735U 22107AM  26195.91670139  .00002442  00000+0  80900-4 0  9996
2 53735  53.1596  49.6110 0001221  85.1449 315.4482 15.35392127  5798
STARLINK-4656
1 53745U 22107AX  26195.90627608  .00000738  00000+0  32071-4 0  9991
2 53745  53.1610  49.6252 0001093  83.0598 277.0530 15.35397662213845
STARLINK-31696
1 59435U 24065Q   26195.90351096  .00000497  00000+0  25860-4 0  9993
2 59435  53.1607  49.5614 0001177 102.4968 257.6167 15.34393012128427
STARLINK-4789
1 53868U 22114BC  26195.91670139  .00033192  00000+0  96189-3 0  9992
2 53868  53.1590  50.1887 0001520  69.7939   3.6522 15.35280917  5649
STARLINK-4645
1 53743U 22107AV  26195.83629636 -.00038763  00000+0 -11354-2 0  9994
2 53743  53.1603  49.8994 0001600  46.2740 313.8395 15.34580649213839
STARLINK-4612
1 53750U 22107BC  26195.91670139  .00001335  00000+0  49179-4 0  9996
2 53750  53.1588  49.5093 0000994  70.5319  24.2678 15.35397146  5793
STARLINK-31613
1 59431U 24065L   26195.83206549  .00001241  00000+0  47879-4 0  9995
2 59431  53.1601  49.8291 0001433  99.3586 260.7579 15.34396078128412
STARLINK-35556
1 66238U 25245E   26195.89517195  .00018201  00000+0  54854-3 0  9991
2 66238  53.1575  50.1054 0001101  91.5210 268.5919 15.34398489 40771
STARLINK-31580
1 59434U 24065P   26195.86922949  .00000094  00000+0  15288-4 0  9994
2 59434  53.1603  52.8959 0000735  85.0386 275.0699 15.30202840128372
STARLINK-35480
1 66242U 25245J   26195.86825973  .00007571  00000+0  26746-3 0  9996
2 66242  53.1607  53.4799 0001409 100.5502 259.5657 15.30201259 40728
STARLINK-30392
1 57855U 23141R   26195.86714488  .00000381  00000+0  24985-4 0  9993
2 57855  53.1603  53.0983 0001533  82.9983 277.1192 15.30193808159809
STARLINK-32371
1 60916U 24154P   26195.86680819  .00006876  00000+0  23311-3 0  9996
2 60916  53.1610  52.5955 0001794 129.0569 231.0592 15.31704121105816
STARLINK-35541
1 66235U 25245B   26195.86650077  .00011634  00000+0  38585-3 0  9998
2 66235  53.1617  52.7710 0001663 136.1655 223.9479 15.31718839 40682
STARLINK-32373
1 60923U 24154W   26195.86613285  .00012565  00000+0  43622-3 0  9996
2 60923  53.1607  53.2994 0001224 106.9001 253.2134 15.30156809105815
STARLINK-35503
1 66245U 25245M   26195.86510135  .00011402  00000+0  39626-3 0  9999
2 66245  53.1608  53.4607 0001259 100.5680 259.5463 15.30219305 40670
STARLINK-30431
1 57852U 23141N   26195.86398481 -.00003983  00000+0 -12240-3 0  9994
2 57852  53.1598  53.0819 0001596  79.5988 280.5193 15.30200729159791
STARLINK-31773
1 59429U 24065J   26195.92820329  .00000540  00000+0  30356-4 0  9993
2 59429  53.1606  52.5544 0001426  78.8803 281.2358 15.30196157128383
STARLINK-32369
1 60917U 24154Q   26195.86212526 -.00008790  00000+0 -27142-3 0  9998
2 60917  53.1607  52.5759 0001187  76.1712 283.9421 15.31744951105815
STARLINK-31706
1 59437U 24065S   26195.86186361 -.00002974  00000+0 -88410-4 0  9995
2 59437  53.1612  52.8567 0001173 101.0428 259.0705 15.30165698128372
STARLINK-31740
1 59433U 24065N   26195.92610463 -.00001094  00000+0 -24810-4 0  9999
2 59433  53.1601  52.5426 0001234  81.7300 278.3840 15.30190462128380
STARLINK-30404
1 57853U 23141P   26195.92507216  .00000612  00000+0  32811-4 0  9991
2 57853  53.1600  52.7502 0001365  93.5482 266.5675 15.30189074159811
STARLINK-30292
1 57844U 23141E   26195.92402368 -.00001626  00000+0 -42785-4 0  9992
2 57844  53.1600  52.7479 0001282  93.3168 266.7980 15.30189007159818
STARLINK-36963
1 68235U 26054D   26195.93042640  .00017477  00000+0  52726-3 0  9992
2 68235  53.1583  57.9355 0001126  86.9730 273.1402 15.34394368 18585
STARLINK-37095
1 68237U 26054F   26195.92832246  .00016305  00000+0  49272-3 0  9993
2 68237  53.1581  57.9222 0001379  92.4340 267.6821 15.34396477 18583
STARLINK-3996
1 52617U 22052V   26195.92598332  .00000485  00000+0  48586-4 0  9997
2 52617  53.1599  57.6737 0001417  88.3152 271.8002 15.08837024230193
STARLINK-36247
1 68245U 26054P   26195.92621692 -.00000552  00000+0 -52115-5 0  9994
2 68245  53.1582  57.9646 0001090  70.0883 290.0237 15.34384274 18580
STARLINK-37084
1 68254U 26054Y   26195.92411244  .00016012  00000+0  48378-3 0  9994
2 68254  53.1580  57.9453 0002076 163.3426 196.7646 15.34416041 18582
STARLINK-37127
1 68236U 26054E   26195.92415328  .00009754  00000+0  29003-3 0  9990
2 68236  53.1596  57.9682 0001321  80.1321 279.9831 15.35415417 18582
STARLINK-3369
1 51142U 22005AQ  26195.92310080  .00019801  00000+0  76150-3 0  9998
2 51142  53.2179  58.1994 0002419 225.6470 134.4332 15.26421367248360
STARLINK-36745
1 68257U 26054AB  26195.85476641  .00021173  00000+0  63602-3 0  9992
2 68257  53.1583  58.1650 0001178  91.6389 268.4748 15.34399610 18574
STARLINK-37101
1 68234U 26054C   26195.91670139 -.00006122  00000+0 -16476-3 0  9998
2 68234  53.1588  57.9466 0001316  30.7901 318.6264 15.35391931  5873
STARLINK-37085
1 68252U 26054W   26195.91780367  .00001008  00000+0  40957-4 0  9991
2 68252  53.1589  57.9053 0001320 106.9201 253.1946 15.34401654 18585
STARLINK-37086
1 68253U 26054X   26195.84845892  .00009927  00000+0  30449-3 0  9991
2 68253  53.1582  58.1917 0000813 107.2514 252.8578 15.34404598 18574
STARLINK-37092
1 68240U 26054J   26195.91347914  .00006270  00000+0  19045-3 0  9994
2 68240  53.1592  57.8965 0000330 122.6361 237.4674 15.35406502 18580
STARLINK-37075
1 68255U 26054Z   26195.90883554  .00007629  00000+0  22931-3 0  9991
2 68255  53.1601  57.8514 0001336  95.9081 264.2074 15.35412713 18588
STARLINK-37043
1 68246U 26054Q   26195.90519320 -.00220034  00000+0 -66362-2 0  9992
2 68246  53.1592  57.8375 0002329  10.5850 349.5201 15.34662777 18587
STARLINK-4734
1 53790U 22111T   26195.86715348  .00000389  00000+0  26333-4 0  9996
2 53790  53.1611  60.9815 0001583  82.7508 277.3672 15.28601793212921
STARLINK-4742
1 53795U 22111Y   26195.91670139  .00024845  00000+0  96796-3 0  9997
2 53795  53.1589  61.4350 0001174 136.1819 144.3371 15.25850492  5798
STARLINK-35423
1 65873U 25223V   26195.92876491  .00005904  00000+0  18574-3 0  9997
2 65873  53.1592  61.2376 0001391  88.3223 271.7939 15.34398086 43711
STARLINK-4722
1 53775U 22111C   26195.92654465  .00000140  00000+0  17185-4 0  9998
2 53775  53.1600  60.6475 0000908  84.7904 275.3200 15.29362783212933
STARLINK-4728
1 53793U 22111W   26195.92475580  .00226660  00000+0  73922-2 0  9993
2 53793  53.1599  60.6300 0001819  87.4745 272.6464 15.30384592212927
STARLINK-4723
1 53797U 22111AA  26195.92295767  .00001048  00000+0  51645-4 0  9995
2 53797  53.1593  60.6154 0000861 105.5247 254.5847 15.27207872212911
STARLINK-4730
1 53794U 22111X   26195.92058822 -.00000145  00000+0  73105-5 0  9995
2 53794  53.1604  60.6027 0001125  87.6796 272.4333 15.29358386212922
STARLINK-34772
1 65020U 25161F   26195.91617785  .00018335  00000+0  55289-3 0  9996
2 65020  53.1583  61.4920 0001001  97.8140 262.2977 15.34375160 54945
STARLINK-34773
1 65024U 25161K   26195.91407763  .00006528  00000+0  20419-3 0  9991
2 65024  53.1587  61.4757 0001245  85.5330 274.5815 15.34397410 54822
STARLINK-31385
1 58985U 24031W   26195.91194803 -.00001020  00000+0 -19033-4 0  9997
2 58985  53.1607  61.3120 0001523 102.7809 257.3364 15.34407779136052
STARLINK-4712
1 53798U 22111AB  26195.91038998  .00134764  00000+0  45073-2 0  9994
2 53798  53.1599  60.5386 0001637 108.2053 251.9126 15.30005663212910
STARLINK-34286
1 65035U 25161W   26195.90986839  .00008497  00000+0  26229-3 0  9990
2 65035  53.1587  61.4496 0001129  85.9681 274.1450 15.34402780 53735
STARLINK-31335
1 58969U 24031E   26195.90774719  .00000492  00000+0  25695-4 0  9999
2 58969  53.1607  61.3307 0001335  77.5340 282.5812 15.34400535136074
STARLINK-4706
1 53779U 22111G   26195.90578892  .00145221  00000+0  47630-2 0  9995
2 53779  53.1613  60.5219 0001439 129.6581 230.4547 15.30587013212939
STARLINK-31264
1 58845U 24017V   26195.90184113  .00001511  00000+0  63099-4 0  9992
2 58845  53.1591  63.0143 0001064 103.0706 257.0414 15.30214623138250
STARLINK-34655
1 65027U 25161N   26195.91670139 -.00012649  00000+0 -36394-3 0  9995
2 65027  53.1605  63.4570 0001967  77.7592   3.4695 15.34389703  5822
STARLINK-35456
1 65867U 25223P   26195.89976274  .00010667  00000+0  37148-3 0  9996
2 65867  53.1596  63.1821 0001161 104.6109 255.5021 15.30225028 43683
STARLINK-34656
1 65032U 25161T   26195.91670139 -.00009108  00000+0 -26596-3 0  9990
2 65032  53.1602  63.4289 0000967  73.6709  22.7214 15.33545110  5822
STARLINK-35199
1 65858U 25223E   26195.89870856  .00006007  00000+0  21480-3 0  9990
2 65858  53.1597  63.1810 0001237  94.0734 266.0408 15.30198004 43681
STARLINK-34776
1 65037U 25161Y   26195.89664638  .00006660  00000+0  23676-3 0  9993
2 65037  53.1602  63.4914 0001121  93.8642 266.2487 15.30202946 53706
STARLINK-4666
1 53789U 22111S   26195.89421476  .00001669  00000+0  12294-3 0  9995
2 53789  53.1598  62.5397 0001386  94.5693 265.5457 15.08833652212898
STARLINK-35433
1 65870U 25223S   26195.89553780  .00007916  00000+0  27907-3 0  9998
2 65870  53.1601  63.1566 0001034 107.5291 252.5823 15.30204498 43699
STARLINK-34819
1 65040U 25161AB  26195.91670139 -.00011659  00000+0 -33459-3 0  9999
2 65040  53.1605  63.3852 0001301  85.4804  30.6185 15.34388904  5876
STARLINK-34108
1 65872U 25223U   26195.89448695  .00010779  00000+0  37550-3 0  9994
2 65872  53.1607  63.1511 0001484 101.3349 258.7819 15.30200944 43686
STARLINK-35471
1 65864U 25223L   26195.89132318  .00008385  00000+0  29489-3 0  9999
2 65864  53.1607  63.1333 0001608  86.0398 274.0787 15.30203160 43688
STARLINK-34610
1 65034U 25161V   26195.89030938  .00026534  00000+0  90384-3 0  9992
2 65034  53.1602  63.4534 0001256  84.6089 275.5055 15.30234610 53700
STARLINK-34858
1 65023U 25161J   26195.91670139 -.00009625  00000+0 -28172-3 0  9996
2 65023  53.1599  63.3308 0000978  71.0863  76.0008 15.33547866  5769
STARLINK-34627
1 65016U 25161B   26195.88926102  .00010488  00000+0  36563-3 0  9998
2 65016  53.1606  63.4494 0001070  88.0240 272.0883 15.30207801 54917
STARLINK-4709
1 53778U 22111F   26195.91670139  .00023721  00000+0  84327-3 0  9997
2 53778  53.1606  66.2867 0000663 125.9031 226.6295 15.28904963  5648
STARLINK-36333
1 68256U 26054AA  26195.91731798  .00009688  00000+0  29746-3 0  9993
2 68256  53.1603  65.7459 0001195  76.4215 283.6921 15.34404574 18472
STARLINK-31315
1 58884U 24020J   26195.91535434  .00091544  00000+0  29949-2 0  9995
2 58884  53.1602  65.5079 0001354 119.9377 240.1759 15.30948136137913
STARLINK-31355
1 58978U 24031P   26195.91519980  .00003508  00000+0  11490-3 0  9995
2 58978  53.1604  65.6243 0001370  87.1483 272.9677 15.34403142135990
STARLINK-31351
1 58972U 24031H   26195.91670139 -.00007567  00000+0 -21319-3 0  9995
2 58972  53.1600  65.5983 0001163  90.1233 289.9103 15.34380217  5767
STARLINK-31379
1 58984U 24031V   26195.91098733 -.00002159  00000+0 -52773-4 0  9993
2 58984  53.1625  65.5991 0001459  77.3555 282.7611 15.34404391135992
STARLINK-31353
1 58980U 24031R   26195.90888813  .00000523  00000+0  26629-4 0  9996
2 58980  53.1620  65.5896 0001329  80.9622 279.1531 15.34386334135995
STARLINK-31296
1 58879U 24020D   26195.90679285  .00048773  00000+0  14577-2 0  9998
2 58879  53.1609  65.5809 0001051  99.9229 260.1892 15.34130003137912
STARLINK-4026
1 52600U 22052C   26195.91670139 -.00016829  00000+0 -57208-3 0  9995
2 52600  53.1606  66.3156 0001049  82.3756 335.1259 15.29362482  5801
STARLINK-31229
1 58986U 24031X   26195.90469974 -.00002827  00000+0 -72596-4 0  9990
2 58986  53.1605  65.5658 0001181  62.3907 297.7215 15.34388491135997
STARLINK-31314
1 58967U 24031C   26195.90245876 -.00002696  00000+0 -78964-4 0  9991
2 58967  53.1609  65.5438 0001578  93.8845 266.2336 15.30178039136016
STARLINK-32199
1 60320U 24133V   26195.90259769 -.00000630  00000+0 -75181-5 0  9991
2 60320  53.1619  65.7129 0001371  96.2501 263.8658 15.34392000111124
STARLINK-31368
1 58970U 24031F   26195.90137900 -.00000299  00000+0  20444-5 0  9990
2 58970  53.1604  65.5494 0001402  83.9369 276.1792 15.30203044136015
STARLINK-31361
1 58974U 24031K   26195.90047320 -.00005353  00000+0 -14752-3 0  9990
2 58974  53.1615  65.5355 0000826  44.0819 316.0249 15.34377252136012
STARLINK-37380
1 69182U 26114A   26195.90317392  .00014934  00000+0  45211-3 0  9993
2 69182  53.1596  70.0667 0001404  85.1331 274.9832 15.34409277  9065
STARLINK-37089
1 69183U 26114B   26195.90106934  .00011400  00000+0  34794-3 0  9991
2 69183  53.1597  70.0540 0001297  73.9997 286.1148 15.34406197  9063
STARLINK-37428
1 69184U 26114C   26195.89906961  .00006924  00000+0  20917-3 0  9995
2 69184  53.1596  70.0467 0001427  95.0750 265.0416 15.35407302  9062
STARLINK-37237
1 69185U 26114D   26195.89686140  .00021816  00000+0  65487-3 0  9998
2 69185  53.1588  70.0326 0000985  68.8471 291.2637 15.34402726  9064
STARLINK-37365
1 69186U 26114E   26195.89475745  .00012509  00000+0  38066-3 0  9998
2 69186  53.1597  70.0166 0001199  87.3617 272.7523 15.34404971  9065
STARLINK-37209
1 69187U 26114F   26195.89264344  .00004711  00000+0  15056-3 0  9990
2 69187  53.1594  70.0022 0000678  13.6522 346.4498 15.34381023  9064
STARLINK-31373
1 58965U 24031A   26194.91418480  .00076683  00000+0  23482-2 0  9990
2 58965  53.1601  70.0481 0000529 274.0595  86.0347 15.33153786135862
STARLINK-37359
1 69188U 26114G   26195.91670139 -.00007393  00000+0 -20792-3 0  9991
2 69188  53.1584  69.8643 0001543  95.5285  49.0813 15.34390739  6075
STARLINK-37440
1 69189U 26114H   26195.95479132  .00011591  00000+0  34252-3 0  9995
2 69189  53.1601  69.6713 0001097  89.4727 270.6402 15.35414893  9077
STARLINK-37422
1 69191U 26114K   26195.91670139 -.00014271  00000+0 -41200-3 0  9995
2 69191  53.1582  69.8088 0001327  84.7661  83.1531 15.34401540  6022
STARLINK-37282
1 69190U 26114J   26195.91670139 -.00013621  00000+0 -39273-3 0  9999
2 69190  53.1583  69.7904 0001100  96.3580  83.1854 15.34399230  6060
STARLINK-37424
1 69192U 26114L   26195.88213138  .00006127  00000+0  19233-3 0  9994
2 69192  53.1589  69.9250 0001285  93.8115 266.3035 15.34396909  9063
STARLINK-36666
1 69193U 26114M   26195.88006364 -.00249585  00000+0 -74677-2 0  9997
2 69193  53.1587  69.9122 0007361 353.9792   6.1121 15.35003959  9069
STARLINK-37355
1 69194U 26114N   26195.87792243  .00012958  00000+0  39396-3 0  9995
2 69194  53.1594  69.8992 0001442 114.2674 245.8479 15.34402588  9061
STARLINK-31988
1 60601U 24150U   26195.93368111  .00000259  00000+0  18808-4 0  9994
2 60601  53.1599  73.8211 0001156  87.3726 272.7409 15.34400081107471
STARLINK-32204
1 60584U 24150B   26195.93157083 -.00001077  00000+0 -20736-4 0  9992
2 60584  53.1600  73.8082 0001280  64.2672 295.8462 15.34400928107556
STARLINK-35091
1 65640U 25210U   26195.92947679  .00016054  00000+0  48512-3 0  9995
2 65640  53.1595  73.8266 0001062  82.6786 277.4338 15.34408129 47247
STARLINK-31911
1 60587U 24150E   26195.92736232  .00002787  00000+0  93608-4 0  9998
2 60587  53.1597  73.7806 0001333  85.4956 274.6199 15.34398603107475
STARLINK-31874
1 60603U 24150W   26195.86012041 -.00003573  00000+0 -94715-4 0  9991
2 60603  53.1594  74.0707 0001512 103.6050 256.5121 15.34384504107549
STARLINK-34877
1 65630U 25210J   26195.92317245  .00017725  00000+0  53530-3 0  9996
2 65630  53.1594  73.7888 0001111  97.9384 262.1744 15.34352282 47242
STARLINK-34868
1 65648U 25210AC  26195.92105838  .00021097  00000+0  63378-3 0  9996
2 65648  53.1593  73.7688 0000262  77.5654 282.5378 15.34398436 47248
STARLINK-31497
1 60592U 24150K   26195.91895048 -.00000096  00000+0  82939-5 0  9992
2 60592  53.1589  73.7305 0001406  72.5727 287.5429 15.34393845107551
STARLINK-32161
1 60593U 24150L   26195.91684980 -.00000894  00000+0 -15339-4 0  9990
2 60593  53.1600  73.7137 0001426  93.4162 266.7004 15.34390892107474
STARLINK-35128
1 65628U 25210G   26195.91475169  .00010146  00000+0  31105-3 0  9996
2 65628  53.1594  73.7375 0001476  95.9812 264.1358 15.34396892 47246
STARLINK-35147
1 65637U 25210R   26195.91264808  .00005081  00000+0  16145-3 0  9991
2 65637  53.1600  73.7226 0001367  89.8361 270.2798 15.34392816 47247
STARLINK-31983
1 60602U 24150V   26195.91054021  .00000260  00000+0  18841-4 0  9994
2 60602  53.1591  73.6783 0001323  90.2916 269.8238 15.34385137107477
STARLINK-35213
1 65638U 25210S   26195.90843907  .00008505  00000+0  26259-3 0  9995
2 65638  53.1591  73.6966 0001336  92.3405 267.7751 15.34395901 47249
STARLINK-35225
1 65626U 25210E   26195.90633497  .00005556  00000+0  17547-3 0  9996
2 65626  53.1593  73.6898 0001292  97.1756 262.9394 15.34393001 47244
STARLINK-31116
1 58947U 24027S   26195.95214733  .00000792  00000+0  37260-4 0  9994
2 58947  53.1598  77.7291 0001192  79.3454 280.7682 15.31715616136823
STARLINK-32275
1 60360U 24138F   26195.95181046  .00003875  00000+0  13650-3 0  9990
2 60360  53.1587  77.6572 0001264  95.7625 264.3521 15.31716056110120
STARLINK-32851
1 62810U 25018E   26195.95149603  .00009288  00000+0  32521-3 0  9995
2 62810  53.1591  78.4188 0001358 114.0252 246.0891 15.30212237 82658
STARLINK-32281
1 60375U 24138W   26195.94889866  .00001193  00000+0  46437-4 0  9991
2 60375  53.1618  77.6414 0001252  85.7433 274.3713 15.34405633110021
STARLINK-31331
1 58946U 24027R   26195.94748480  .00000528  00000+0  28772-4 0  9998
2 58946  53.1618  77.7145 0001913 119.4995 240.6197 15.31708269136822
STARLINK-32844
1 62820U 25018Q   26195.94715415  .00015840  00000+0  52079-3 0  9996
2 62820  53.1588  77.6783 0001319  83.8403 276.2749 15.31720828 82664
STARLINK-3344
1 51110U 22005G   26195.87997939 -.00000130  00000+0  99537-5 0  9993
2 51110  53.1604  77.8578 0001794  96.1865 263.9331 15.08836455248081
STARLINK-3374
1 51112U 22005J   26195.87725335  .00000734  00000+0  64206-4 0  9997
2 51112  53.1607  77.8636 0001389  90.1122 270.0028 15.08834301248081
STARLINK-2153
1 48009U 21024AJ  26195.87752538  .00001462  00000+0  58863-4 0  9994
2 48009  53.1602  77.6159 0001398  97.8865 262.2295 15.31706840294388
STARLINK-32782
1 62821U 25018R   26195.94259894  .00009698  00000+0  29774-3 0  9991
2 62821  53.1601  77.6514 0000999  82.2769 277.8347 15.34404558 82678
STARLINK-32848
1 62808U 25018C   26195.94248622  .00007707  00000+0  25977-3 0  9993
2 62808  53.1589  77.6514 0001261 100.0626 260.0518 15.31713246 82669
STARLINK-31350
1 58933U 24027C   26195.94094652  .00000125  00000+0  16347-4 0  9997
2 58933  53.1611  78.3718 0001373  89.9243 270.1916 15.30196144136819
STARLINK-31345
1 58941U 24027L   26195.93989143  .00000028  00000+0  13095-4 0  9992
2 58941  53.1606  78.3616 0001459  99.1875 260.9291 15.30193834136814
STARLINK-3176
1 51106U 22005C   26195.87259534 -.00040533  00000+0 -25290-2 0  9994
2 51106  53.1603  77.9125 0000642  69.2063 290.8998 15.09041694248077
STARLINK-32039
1 60604U 24150X   26195.92940915 -.00000409  00000+0 -16840-5 0  9998
2 60604  53.1606  78.7583 0001165 102.8693 257.2438 15.30183827107488
STARLINK-32278
1 60356U 24138B   26195.92839153  .00003035  00000+0  11461-3 0  9997
2 60356  53.1600  78.9244 0001404 108.8519 251.2634 15.30189458110102
STARLINK-32290
1 60359U 24138E   26195.92733639 -.00000804  00000+0 -15006-4 0  9995
2 60359  53.1597  78.9291 0001333  97.1011 263.0141 15.30201704 91134
STARLINK-32256
1 60362U 24138H   26195.92626945  .00002353  00000+0  91564-4 0  9992
2 60362  53.1592  78.9099 0001122  91.2334 268.8796 15.30187288110094
STARLINK-32287
1 60358U 24138D   26195.92522637  .00000920  00000+0  43187-4 0  9996
2 60358  53.1597  78.9163 0001574  94.8632 265.2549 15.30201799110100
STARLINK-32268
1 60372U 24138T   26195.92419099 -.00002161  00000+0 -60930-4 0  9995
2 60372  53.1599  78.9069 0001293 103.1186 256.9960 15.30160627110107
STARLINK-32271
1 60368U 24138P   26195.92311547  .00001958  00000+0  78226-4 0  9997
2 60368  53.1592  78.9014 0001233  87.9563 272.1579 15.30194709110101
STARLINK-31294
1 58949U 24027U   26195.92206726  .00000418  00000+0  26249-4 0  9996
2 58949  53.1594  78.9567 0001227 105.7813 254.3323 15.30193519136800
STARLINK-32227
1 60361U 24138G   26195.92100056 -.00002421  00000+0 -69653-4 0  9993
2 60361  53.1605  78.8800 0001828 118.3027 241.8159 15.30186501110114
STARLINK-31362
1 58935U 24027E   26195.91999315 -.00005517  00000+0 -17454-3 0  9997
2 58935  53.1598  78.9522 0001241  97.0580 263.0562 15.30151375136806
STARLINK-31383
1 58936U 24027F   26195.91888351  .00002164  00000+0  85134-4 0  9999
2 58936  53.1612  78.9426 0002155  78.3703 281.7540 15.30220103136800
STARLINK-31377
1 58938U 24027H   26195.91784276  .00001418  00000+0  59988-4 0  9991
2 58938  53.1595  78.9359 0001252  89.6382 270.4762 15.30197457136808
STARLINK-31336
1 58944U 24027P   26195.91679816  .00014451  00000+0  50022-3 0  9991
2 58944  53.1608  78.9259 0002083 105.2649 254.8582 15.30126284136797
STARLINK-32267
1 60363U 24138J   26195.91572422  .00000553  00000+0  30803-4 0  9991
2 60363  53.1589  78.8532 0001260  93.4345 266.6800 15.30192687110104
STARLINK-37042
1 68266U 26055E   26195.92325065  .00012415  00000+0  37791-3 0  9993
2 68266  53.1584  85.9660 0001359 110.0807 250.0342 15.34405454 19444
STARLINK-37016
1 68288U 26055AC  26195.92114697  .00009538  00000+0  29305-3 0  9998
2 68288  53.1574  85.9523 0001235  73.2060 286.9078 15.34403160 19445
STARLINK-3387
1 51125U 22005X   26196.00002315  .00032571  00000+0  11468-2 0  9997
2 51125  53.1592  85.8296 0001304  87.0634 351.6471 15.29049428  5810
STARLINK-37129
1 68274U 26055N   26195.91904179  .00013169  00000+0  40013-3 0  9998
2 68274  53.1583  85.9355 0001370 109.4840 250.6311 15.34405023 19449
STARLINK-37010
1 68289U 26055AD  26195.91693588  .00008615  00000+0  26580-3 0  9996
2 68289  53.1579  85.9028 0001294  74.9896 285.1250 15.34402901 19446
STARLINK-37162
1 68262U 26055A   26195.91483450  .00012696  00000+0  38620-3 0  9994
2 68262  53.1578  85.9115 0001171  72.8748 287.2383 15.34404311 19447
STARLINK-37123
1 68275U 26055P   26195.91272873  .00019818  00000+0  59592-3 0  9997
2 68275  53.1580  85.8933 0001105  98.5556 261.5572 15.34410120 19440
STARLINK-37125
1 68276U 26055Q   26195.91062514  .00014406  00000+0  43659-3 0  9992
2 68276  53.1582  85.8801 0001142  86.1298 273.9835 15.34406713 19446
STARLINK-36934
1 68279U 26055T   26195.90852609  .00018992  00000+0  57180-3 0  9994
2 68279  53.1579  85.8752 0001091  95.8875 264.2252 15.34399951 19442
STARLINK-37151
1 68290U 26055AE  26195.90641661  .00015069  00000+0  45611-3 0  9999
2 68290  53.1585  85.8568 0001152 101.7591 258.3541 15.34407870 19442
STARLINK-36982
1 68278U 26055S   26195.90430786  .00019269  00000+0  57955-3 0  9999
2 68278  53.1583  85.8509 0000861  71.2137 288.8959 15.34422960 19442
STARLINK-36989
1 68277U 26055R   26195.90220916  .00012923  00000+0  39290-3 0  9992
2 68277  53.1584  85.8114 0001401  48.9596 311.1528 15.34403854 19448
STARLINK-37019
1 68273U 26055M   26195.90010586  .00009484  00000+0  29147-3 0  9996
2 68273  53.1591  85.8182 0001366 108.4991 251.6161 15.34399465 19441
STARLINK-37163
1 68264U 26055C   26195.89800816  .00012823  00000+0  39007-3 0  9994
2 68264  53.1590  85.8079 0001421 120.9751 239.1392 15.34394524 19448
STARLINK-32147
1 60152U 24120T   26195.91956114  .00000677  00000+0  31163-4 0  9999
2 60152  53.1603  87.6815 0001401  97.9249 262.1913 15.34406967115876
STARLINK-32022
1 60149U 24120Q   26195.91744294  .00001899  00000+0  67287-4 0  9992
2 60149  53.1591  87.6590 0001996 136.0636 224.0525 15.34421605115953
STARLINK-3400
1 51128U 22005AA  26195.91586665 -.00000522  00000+0 -14680-4 0  9998
2 51128  53.1602  87.7237 0001595  90.5422 269.5752 15.08833431247939
STARLINK-32050
1 60137U 24120C   26195.91325034  .00001100  00000+0  43677-4 0  9998
2 60137  53.1599  87.6443 0001312  84.9735 275.1418 15.34399013115874
STARLINK-32137
1 60155U 24120W   26195.91115672  .00014067  00000+0  42653-3 0  9991
2 60155  53.1591  87.6263 0001314  99.6806 260.4345 15.34412589115870
STARLINK-36974
1 68272U 26055L   26195.90910252  .00019092  00000+0  57462-3 0  9991
2 68272  53.1582  88.0380 0001245  89.9311 270.1835 15.34406232 19412
STARLINK-32129
1 60157U 24120Y   26195.90693827  .00000899  00000+0  37747-4 0  9992
2 60157  53.1598  87.6014 0001573  87.3117 272.8066 15.34402621115951
STARLINK-32048
1 60156U 24120X   26195.90483295 -.00007104  00000+0 -19912-3 0  9998
2 60156  53.1607  87.5815 0001605 103.1439 256.9743 15.34426319115875
STARLINK-37159
1 68284U 26055Y   26195.90279086  .00016816  00000+0  50758-3 0  9999
2 68284  53.1588  87.9891 0001322  88.6097 271.5057 15.34407515 19415
STARLINK-33588
1 62781U 25015Z   26195.90063272  .00013768  00000+0  41782-3 0  9998
2 62781  53.1597  87.5438 0001306  82.4481 277.6670 15.34403934 84012
STARLINK-32029
1 60145U 24120L   26195.89852061 -.00000547  00000+0 -50381-5 0  9996
2 60145  53.1603  87.5460 0001574 114.3322 245.7846 15.34401438115870
STARLINK-32019
1 60147U 24120N   26195.89641953  .00000709  00000+0  32126-4 0  9998
2 60147  53.1597  87.5348 0001391 110.7121 249.4031 15.34402133115873
STARLINK-32127
1 60146U 24120M   26195.89431370  .00000127  00000+0  14903-4 0  9994
2 60146  53.1601  87.5208 0001398  94.2032 265.9130 15.34399890115875
STARLINK-3177
1 51138U 22005AL  26195.89212341  .00009232  00000+0  58107-3 0  9999
2 51138  53.1717  87.7420 0001622 105.2037 254.9135 15.09860488247934
STARLINK-32436
1 61215U 24171R   26195.93063820 -.00001899  00000+0 -45107-4 0  9993
2 61215  53.1601  89.7229 0001502  93.0070 267.1105 15.34382677101872
STARLINK-33573
1 62778U 25015W   26195.92855557  .00009030  00000+0  27809-3 0  9992
2 62778  53.1593  89.9075 0001282 109.9619 250.1522 15.34396126 83989
STARLINK-33568
1 62779U 25015X   26195.92644875  .00010648  00000+0  32581-3 0  9992
2 62779  53.1588  89.8976 0001373 110.1562 249.9589 15.34401842 83829
STARLINK-32049
1 60199U 24124S   26195.92429688  .00001270  00000+0  48714-4 0  9996
2 60199  53.1599  89.5403 0001478 109.7642 250.3520 15.34394700115030
STARLINK-33569
1 62769U 25015M   26195.92224077  .00012280  00000+0  37392-3 0  9998
2 62769  53.1590  89.8743 0001145  84.2486 275.8647 15.34404544 83988
STARLINK-33572
1 62767U 25015K   26195.92013703  .00015217  00000+0  46046-3 0  9997
2 62767  53.1582  89.8603 0001023  75.1405 284.9710 15.34407532 83923
STARLINK-31260
1 58881U 24020F   26195.91801819 -.00001274  00000+0 -26568-4 0  9994
2 58881  53.1603  89.8067 0001376  70.0004 290.1147 15.34406336137578
STARLINK-31306
1 58876U 24020A   26195.91593388 -.00001139  00000+0 -22565-4 0  9990
2 58876  53.1595  89.7952 0001584 104.6417 255.4761 15.34392615138758
STARLINK-31321
1 58887U 24020M   26195.91382016  .00011035  00000+0  33785-3 0  9995
2 58887  53.1594  89.7815 0001606  83.6635 276.4550 15.34344221138737
STARLINK-33598
1 62771U 25015P   26195.90961700  .00012827  00000+0  39008-3 0  9993
2 62771  53.1597  89.7890 0001218  88.7992 271.3150 15.34402598 83989
STARLINK-33594
1 62770U 25015N   26195.90891584  .00010968  00000+0  36453-3 0  9999
2 62770  53.1595  90.4984 0001157  95.1094 265.0040 15.31712602 83970
STARLINK-34417
1 64617U 25137Z   26195.90751845  .00019799  00000+0  59532-3 0  9995
2 64617  53.1592  89.8184 0001336  74.4242 285.6908 15.34413127 60516
STARLINK-33567
1 62773U 25015R   26195.90540990  .00013413  00000+0  40735-3 0  9990
2 62773  53.1601  89.7622 0001398  72.4635 287.6520 15.34404490 83987
STARLINK-33579
1 62764U 25015G   26195.90424930  .00011334  00000+0  37634-3 0  9999
2 62764  53.1601  90.4705 0001379  97.0952 263.0207 15.31709525 83975
STARLINK-32041
1 60202U 24124V   26195.91328883 -.00000629  00000+0 -85091-5 0  9994
2 60202  53.1595  90.8881 0001607  81.7542 278.3642 15.31703224114988
STARLINK-32020
1 60201U 24124U   26195.90861664 -.00000655  00000+0 -93321-5 0  9995
2 60201  53.1599  90.8503 0001569 111.2061 248.9109 15.31710868113784
STARLINK-32002
1 60200U 24124T   26195.90395639 -.00000677  00000+0 -10054-4 0  9993
2 60200  53.1591  90.8285 0001306  86.7283 273.3868 15.31705465113784
STARLINK-33600
1 62772U 25015Q   26195.89967714  .00012356  00000+0  40911-3 0  9995
2 62772  53.1605  91.1488 0001545  92.4779 267.6399 15.31711486 83965
STARLINK-31869
1 60196U 24124P   26195.89929137  .00013811  00000+0  45574-3 0  9997
2 60196  53.1606  90.7998 0001756  87.2932 272.8271 15.31717532113781
STARLINK-33597
1 62763U 25015F   26195.89500868  .00009740  00000+0  32513-3 0  9990
2 62763  53.1596  91.1228 0001409  91.5761 268.5402 15.31710447 83967
STARLINK-31326
1 58877U 24020B   26195.89465509 -.00006048  00000+0 -18303-3 0  9999
2 58877  53.1593  91.0801 0001438  87.7811 272.3355 15.31741844137556
STARLINK-33589
1 62759U 25015B   26195.95559132  .00007806  00000+0  26295-3 0  9991
2 62759  53.1597  90.7961 0001437  81.3871 278.7294 15.31712160 83216
STARLINK-33596
1 62758U 25015A   26195.95092291  .00009773  00000+0  32613-3 0  9994
2 62758  53.1589  90.7623 0001278 100.0367 260.0779 15.31713732 83907
STARLINK-31243
1 58894U 24020U   26195.95057227  .00006897  00000+0  23382-3 0  9992
2 58894  53.1595  90.7197 0000969  82.7031 277.4080 15.31698942137560
STARLINK-33581
1 62784U 25015AC  26195.94625963  .00014794  00000+0  48741-3 0  9998
2 62784  53.1582  90.7275 0001109  94.1125 266.0003 15.31708312 83971
STARLINK-31190
1 58897U 24020X   26195.94589533  .00001895  00000+0  72779-4 0  9992
2 58897  53.1600  90.6915 0001604  91.7834 268.3352 15.31721069137563
STARLINK-31218
1 58895U 24020V   26195.94124279  .00000785  00000+0  37054-4 0  9996
2 58895  53.1591  90.6583 0001077  99.5933 260.5190 15.31703702137569
STARLINK-32425
1 61216U 24171S   26195.93664667  .00001479  00000+0  59398-4 0  9999
2 61216  53.1602  91.1763 0001733  44.4281 315.6859 15.31708106101853
STARLINK-35288
1 65749U 25216R   26195.95798425  .00008721  00000+0  26894-3 0  9998
2 65749  53.1608 101.4129 0000856 120.6892 239.4195 15.34400080 46009
STARLINK-2593
1 48404U 21038BD  26195.95790412  .00003237  00000+0  11605-3 0  9994
2 48404  53.1585 100.5092 0001219  90.5860 269.5282 15.31692465286942
STARLINK-2571
1 48401U 21038BA  26195.89235353  .00000810  00000+0  37851-4 0  9998
2 48401  53.1601 101.0389 0001287  93.8931 266.2218 15.31700602286927
STARLINK-35319
1 65743U 25216K   26195.95728117  .00013110  00000+0  45406-3 0  9991
2 65743  53.1577 101.3997 0001308  94.3634 265.7517 15.30192951 46083
STARLINK-32702
1 62432U 24251A   26195.95514639  .00009716  00000+0  33987-3 0  9991
2 62432  53.1595 101.3096 0001512  77.2097 282.9073 15.30188542 87472
STARLINK-35287
1 65754U 25216W   26195.95409568 -.00001866  00000+0 -50903-4 0  9995
2 65754  53.1599 101.3909 0001537 113.4581 246.6582 15.30191755 45990
STARLINK-34889
1 65761U 25216AD  26195.95377666  .00010909  00000+0  33348-3 0  9995
2 65761  53.1612 101.3876 0001424 105.2187 254.8973 15.34404861 46088
STARLINK-2226
1 48010U 21024AK  26195.95324069 -.00000695  00000+0 -10610-4 0  9996
2 48010  53.1602 100.5337 0001828 113.5078 246.6116 15.31714377294061
STARLINK-32737
1 62444U 24251N   26195.95166389  .00007919  00000+0  24527-3 0  9992
2 62444  53.1603 101.2887 0001288 104.0314 256.0832 15.34399906 87470
STARLINK-1647
1 47978U 21024B   26195.88329620  .00000895  00000+0  40611-4 0  9992
2 47978  53.1582 100.5658 0001179  90.2741 269.8396 15.31702275294110
STARLINK-32693
1 62437U 24251F   26195.94744924  .00015449  00000+0  46731-3 0  9998
2 62437  53.1608 101.1933 0001268  66.2915 293.8221 15.34407366 87473
STARLINK-35121
1 65737U 25216D   26195.94535051  .00034192  00000+0  10170-2 0  9998
2 65737  53.1604 101.3350 0001310  73.9965 286.1182 15.34447729 46033
STARLINK-1992
1 47632U 21012N   26195.87866410  .00003027  00000+0  10922-3 0  9999
2 47632  53.1612 100.9087 0001384  98.7963 261.3195 15.31714502300846
STARLINK-2303
1 47981U 21024E   26195.87830420  .00001007  00000+0  44195-4 0  9997
2 47981  53.1609 100.6560 0001754 122.1162 238.0010 15.31711188294112
STARLINK-34893
1 65752U 25216U   26195.90758072  .00013468  00000+0  40896-3 0  9993
2 65752  53.1593 101.8092 0001226 106.8574 253.2563 15.34404820 45990
STARLINK-35167
1 65736U 25216C   26195.90547488  .00020588  00000+0  61887-3 0  9996
2 65736  53.1594 101.7967 0001134 118.5672 241.5445 15.34396323 46022
STARLINK-5054
1 53906U 22119W   26195.90156976  .00001875  00000+0  13594-3 0  9999
2 53906  53.1591 102.4984 0001389  84.7794 275.3356 15.08824011211035
STARLINK-34704
1 65746U 25216N   26195.90126850  .00017469  00000+0  52694-3 0  9993
2 65746  53.1606 101.7673 0001672  98.7097 261.4096 15.34400530 46016
STARLINK-5169
1 54060U 22136K   26195.89788253 -.00000844  00000+0 -34943-4 0  9996
2 54060  53.1596 102.4590 0001321  78.4288 281.6852 15.08829953206472
STARLINK-35313
1 65758U 25216AA  26195.89915940  .00012267  00000+0  37348-3 0  9990
2 65758  53.1608 101.7504 0001401 110.0537 250.0617 15.34409543 45982
STARLINK-35294
1 65755U 25216X   26195.89618267  .00014446  00000+0  49896-3 0  9991
2 65755  53.1578 101.7316 0001194  98.0870 262.0266 15.30197210 46020
STARLINK-5059
1 53912U 22119AC  26195.89420000 -.00000506  00000+0 -13729-4 0  9999
2 53912  53.1586 102.4570 0001441  86.4311 273.6845 15.08829818211034
STARLINK-35099
1 65735U 25216B   26195.89494587  .00072601  00000+0  21359-2 0  9996
2 65735  53.1593 101.7338 0002786 358.0557   2.0434 15.34447237 45993
STARLINK-5011
1 53925U 22119AR  26195.95675550 -.00000652  00000+0 -22908-4 0  9993
2 53925  53.1589 102.1325 0001306  85.6500 274.4640 15.08832360211046
STARLINK-35260
1 65751U 25216T   26195.91670139 -.00025705  00000+0 -75203-3 0  9999
2 65751  53.1597 101.5786 0001187  89.6973  53.8555 15.34407408  5870
STARLINK-5057
1 53908U 22119Y   26195.91670139  .00007840  00000+0  32620-3 0  9993
2 53908  53.1616 102.2994 0002234  76.2980  75.1788 15.24689090  5598
STARLINK-5018
1 53929U 22119AV  26195.91670139  .00042612  00000+0  15459-2 0  9992
2 53929  53.1611 102.2861 0002354  84.4229  68.0830 15.27940160  5803
STARLINK-5025
1 53920U 22119AL  26195.91670139  .00008165  00000+0  34181-3 0  9992
2 53920  53.1611 102.2648 0002438  81.1400  82.9898 15.24425839  5699
STARLINK-34413
1 64616U 25137Y   26195.89968881  .00014117  00000+0  42808-3 0  9999
2 64616  53.1584 103.4848 0001212  69.1726 290.9407 15.34406116 60329
STARLINK-34500
1 64613U 25137V   26195.89758390  .00013219  00000+0  40163-3 0  9992
2 64613  53.1590 103.4727 0001195 109.3285 250.7846 15.34402546 60320
STARLINK-34494
1 64611U 25137T   26195.89548260  .00015399  00000+0  46587-3 0  9990
2 64611  53.1605 103.4671 0001400  55.4321 304.6814 15.34406117 60225
STARLINK-34463
1 64598U 25137E   26195.95851245  .00015711  00000+0  47502-3 0  9997
2 64598  53.1585 103.1419 0001141  76.3769 283.7360 15.34408146 60231
STARLINK-34517
1 64595U 25137B   26195.95640927  .00013865  00000+0  42061-3 0  9990
2 64595  53.1591 103.1340 0001151  59.7605 300.3511 15.34408291 60238
STARLINK-32690
1 62453U 24251X   26195.95222931  .00014694  00000+0  44525-3 0  9996
2 62453  53.1600 103.4245 0001981 141.5085 218.6059 15.34393717 87064
STARLINK-5003
1 53905U 22119V   26195.88323432 -.00000301  00000+0 -80922-6 0  9995
2 53905  53.1599 103.0860 0001417  88.6928 271.4225 15.08828735211024
STARLINK-32722
1 62450U 24251U   26195.95013723  .00023530  00000+0  70505-3 0  9996
2 62450  53.1603 103.4065 0001239  73.6038 286.5101 15.34413319 87077
STARLINK-32709
1 62439U 24251H   26195.94803386  .00014401  00000+0  43645-3 0  9996
2 62439  53.1595 103.4014 0001196  81.2742 278.8396 15.34405642 87448
STARLINK-5048
1 53911U 22119AB  26195.87954743 -.00000857  00000+0 -35729-4 0  9995
2 53911  53.1597 103.0632 0001410  90.8094 269.3059 15.08832623211020
STARLINK-32721
1 62438U 24251G   26195.94382608  .00015981  00000+0  48300-3 0  9991
2 62438  53.1602 103.3680 0001452  98.3433 261.7734 15.34407564 87380
STARLINK-32656
1 62452U 24251W   26195.94173690  .00005388  00000+0  17062-3 0  9997
2 62452  53.1592 103.3497 0001086 107.4726 252.6395 15.34374626 87283
STARLINK-34516
1 64605U 25137M   26195.93992155  .00012015  00000+0  39816-3 0  9993
2 64605  53.1593 103.0276 0001060  93.5621 266.5502 15.31712432 60338
STARLINK-32720
1 62451U 24251V   26195.93961920  .00013805  00000+0  41894-3 0  9999
2 62451  53.1614 103.3445 0001462  95.4019 264.7150 15.34402080 87075
STARLINK-34440
1 64614U 25137W   26195.92283518  .00019670  00000+0  59150-3 0  9995
2 64614  53.1589 103.6294 0001318  87.0246 273.0907 15.34413619 60224
STARLINK-34416
1 64619U 25137AB  26195.92072790  .00011009  00000+0  33645-3 0  9997
2 64619  53.1588 103.6122 0000888  90.5678 269.5427 15.34403757 60226
STARLINK-34414
1 64620U 25137AC  26195.91862500  .00012800  00000+0  38928-3 0  9993
2 64620  53.1595 103.5984 0001133  96.6797 263.4335 15.34404010 60228
STARLINK-34435
1 64602U 25137J   26195.91652196  .00010366  00000+0  31749-3 0  9990
2 64602  53.1592 103.5936 0001292  99.1719 260.9430 15.34400749 60223
STARLINK-34519
1 64608U 25137Q   26195.91441808  .00011074  00000+0  33835-3 0  9997
2 64608  53.1598 103.5811 0001425 101.1669 258.9494 15.34403613 60223
STARLINK-32719
1 62448U 24251S   26195.91233138  .00016734  00000+0  50499-3 0  9991
2 62448  53.1600 103.7370 0001387 103.2240 256.8918 15.34417982 87269
STARLINK-34510
1 64596U 25137C   26195.91021635  .00001666  00000+0  60450-4 0  9995
2 64596  53.1585 103.5520 0000593  90.2463 269.8607 15.34378328 60228
STARLINK-34475
1 64603U 25137K   26195.90854246  .00011863  00000+0  37129-3 0  9991
2 64603  53.1587 103.5428 0001305 100.4513 259.6636 15.33562331 60225
STARLINK-34521
1 64612U 25137U   26195.90625712  .00009696  00000+0  33903-3 0  9992
2 64612  53.1577 104.2330 0001147  94.0596 266.0536 15.30203311 60214
STARLINK-34569
1 64610U 25137S   26195.90600771  .00016562  00000+0  50046-3 0  9995
2 64610  53.1586 103.5278 0001214 115.0230 245.0898 15.34385333 60227
STARLINK-34508
1 64601U 25137H   26195.90414846  .00011438  00000+0  39766-3 0  9994
2 64601  53.1597 104.2255 0003164 107.6432 252.4914 15.30203732 60217
STARLINK-34294
1 64599U 25137F   26195.90389655  .00014136  00000+0  42860-3 0  9996
2 64599  53.1582 103.5151 0001055  86.0236 274.0888 15.34408307 60223
STARLINK-34280
1 64594U 25137A   26195.90179330  .00013016  00000+0  39565-3 0  9992
2 64594  53.1596 103.5073 0001418 106.7517 253.3642 15.34404178 60221
STARLINK-34488
1 64604U 25137L   26195.90098158  .00017818  00000+0  61209-3 0  9996
2 64604  53.1579 104.2025 0001225  91.3619 268.7522 15.30209473 60210
STARLINK-36237
1 68337U 26059S   26195.50842113  .00016600  00000+0  50142-3 0  9993
2 68337  53.1590 113.3979 0001442  78.7472 281.3692 15.34395439 17679
STARLINK-37464
1 69266U 26117AE  26195.18257230  .00016843  00000+0  49246-3 0  9996
2 69266  53.1610 112.7272 0001126  86.3060 273.8071 15.35413383  7182
STARLINK-37204
1 68329U 26059J   26195.50421319  .00011457  00000+0  34979-3 0  9990
2 68329  53.1580 113.3813 0001289  99.6769 260.4379 15.34391338 17670
STARLINK-34571
1 64914U 25157L   26195.95863804  .00014109  00000+0  42787-3 0  9995
2 64914  53.1598 113.4956 0001854  90.3407 269.7809 15.34403024 55576
STARLINK-35046
1 65701U 25212AB  26195.95653165  .00013010  00000+0  39545-3 0  9997
2 65701  53.1588 113.4716 0001468  78.9453 281.1715 15.34406278 46745
STARLINK-34199
1 64924U 25157W   26195.95598717  .00009941  00000+0  33157-3 0  9993
2 64924  53.1585 113.4770 0000973  84.7706 275.3407 15.31711920 55578
STARLINK-34715
1 64931U 25157AD  26195.95442867  .00013737  00000+0  41685-3 0  9998
2 64931  53.1577 113.4697 0001032  78.4237 281.6882 15.34407304 55625
STARLINK-5028
1 53886U 22119A   26195.95223685 -.00000512  00000+0 -14095-4 0  9990
2 53886  53.1599 112.7853 0001607  93.9556 266.1619 15.08830924210893
STARLINK-34069
1 64920U 25157S   26195.95232456  .00013457  00000+0  40862-3 0  9992
2 64920  53.1580 113.4609 0000987  72.7205 287.3906 15.34405408 55623
STARLINK-36254
1 68338U 26059T   26195.49369240  .00018598  00000+0  56026-3 0  9992
2 68338  53.1571 113.3059 0000905  64.6002 295.5095 15.34396388 17672
STARLINK-37214
1 68345U 26059AA  26195.49158673  .00004551  00000+0  14571-3 0  9999
2 68345  53.1592 113.2953 0000881  96.7344 263.3759 15.34404439 17670
STARLINK-34643
1 64923U 25157V   26195.94390753  .00012975  00000+0  39436-3 0  9998
2 64923  53.1582 113.4028 0001276  89.8505 270.2643 15.34409150 55624
STARLINK-34661
1 64927U 25157Z   26195.94180259  .00010663  00000+0  32627-3 0  9997
2 64927  53.1584 113.3800 0001250 105.9725 254.1415 15.34400461 55346
STARLINK-35230
1 65681U 25212F   26195.93969865  .00011305  00000+0  34519-3 0  9990
2 65681  53.1586 113.3698 0001291 107.3006 252.8138 15.34401831 46758
STARLINK-37191
1 68334U 26059P   26193.82937328  .00018834  00000+0  64307-3 0  9995
2 68334  53.1636 127.1089 0004303  35.9118 324.2172 15.30363629 17338
STARLINK-3611
1 51779U 22017M   26196.00002315  .00005602  00000+0  25682-3 0  9994
2 51779  53.1593 126.8328 0002558  86.6734 353.5588 15.21934803  5818
STARLINK-36122
1 66952U 25286AD  26195.52794683  .00010146  00000+0  31110-3 0  9998
2 66952  53.1590 127.3589 0001177  87.2602 272.8535 15.34391867 34869
STARLINK-36154
1 66939U 25286Q   26195.52373573  .00010167  00000+0  31171-3 0  9994
2 66939  53.1566 127.3368 0001059 106.5077 253.6042 15.34392101 34864
STARLINK-36109
1 66943U 25286U   26195.52163500  .00015743  00000+0  47618-3 0  9994
2 66943  53.1574 127.3205 0001285  84.4941 275.6208 15.34393067 34795
STARLINK-32032
1 60077U 24113U   26195.51954972 -.00000128  00000+0  73578-5 0  9992
2 60077  53.1592 127.4890 0001217  99.3373 260.7767 15.34390505116685
STARLINK-36127
1 66935U 25286L   26195.51742319  .00009442  00000+0  29030-3 0  9992
2 66935  53.1582 127.2968 0000696  95.6933 264.4149 15.34392661 34867
STARLINK-36169
1 66929U 25286E   26195.51532051  .00009565  00000+0  29391-3 0  9991
2 66929  53.1584 127.2847 0001464  93.2432 266.8738 15.34394242 34867
STARLINK-36112
1 66944U 25286V   26195.51321620  .00017020  00000+0  51371-3 0  9994
2 66944  53.1575 127.2676 0001233  83.9945 276.1199 15.34399967 34867
STARLINK-3580
1 51781U 22017P   26196.00002315  .00011077  00000+0  50314-3 0  9990
2 51781  53.1609 126.6859 0001531  72.2249 105.2830 15.21268078  5713
STARLINK-35943
1 66927U 25286C   26195.51111274  .00008772  00000+0  27048-3 0  9995
2 66927  53.1572 127.2563 0001265  92.2229 267.8918 15.34397127 34865
STARLINK-36096
1 66949U 25286AA  26195.50900350  .00009606  00000+0  29510-3 0  9992
2 66949  53.1582 127.2412 0001074 116.9920 243.1192 15.34397682 34860
STARLINK-36111
1 66950U 25286AB  26195.50690506  .00011794  00000+0  35976-3 0  9997
2 66950  53.1574 127.2241 0001185  97.2531 262.8606 15.34389898 34863
STARLINK-3606
1 51807U 22017AR  26196.00002315  .00013597  00000+0  57369-3 0  9995
2 51807  53.1610 126.7329 0001352  69.7670 142.1820 15.23592186  5718
STARLINK-31024
1 58786U 24011X   26195.56611625  .00000048  00000+0  13764-4 0  9993
2 58786  53.1596 142.3720 0001477  81.1239 278.9929 15.30199033139729
STARLINK-31114
1 58766U 24011B   26195.56507154 -.00001316  00000+0 -32344-4 0  9998
2 58766  53.1590 142.3779 0001274  91.6873 268.4274 15.30184916139721
STARLINK-5246
1 54198U 22141AT  26195.91670139  .00023326  00000+0  12644-2 0  9990
2 54198  53.1610 142.4897 0001398  44.5346 113.8187 15.14503494  5805
STARLINK-35210
1 65903U 25224X   26195.55981829  .00012853  00000+0  44530-3 0  9995
2 65903  53.1575 142.4010 0001367  99.2284 260.8871 15.30203067 44270
STARLINK-34791
1 65891U 25224K   26195.55768897  .00008206  00000+0  28886-3 0  9992
2 65891  53.1595 142.3901 0001486  91.1749 268.9422 15.30202842 44298
STARLINK-5250
1 54200U 22141AV  26195.91670139  .00025106  00000+0  14160-2 0  9997
2 54200  53.1612 142.4375 0001882 145.1585  38.2971 15.13042355  5694
STARLINK-35387
1 65909U 25224AD  26195.55558838  .00010727  00000+0  37404-3 0  9991
2 65909  53.1580 142.3737 0000981  98.3006 261.8106 15.30175982 44243
STARLINK-31135
1 58771U 24011G   26195.55448235  .00010393  00000+0  36220-3 0  9996
2 58771  53.1597 142.3086 0001449  73.5379 286.5781 15.30230332139727
STARLINK-2569
1 48277U 21036B   26195.55252131  .00028539  00000+0  85838-3 0  9998
2 48277  53.1222 142.3397 0002212  55.8105 304.3107 15.34183838288713
STARLINK-35193
1 65889U 25224H   26195.55135895  .00008341  00000+0  29327-3 0  9996
2 65889  53.1572 142.3509 0001224  85.7179 274.3962 15.30218407 44272
STARLINK-35278
1 65902U 25224W   26195.55030331  .00005015  00000+0  18142-3 0  9999
2 65902  53.1567 142.3418 0001563  96.4248 263.6931 15.30181991 44299
STARLINK-5205
1 54202U 22141AX  26195.91670139  .00025751  00000+0  14409-2 0  9991
2 54202  53.1606 142.3492 0003436  69.1280 159.6951 15.13311803  5640
STARLINK-34542
1 65890U 25224J   26195.54819109  .00007970  00000+0  28094-3 0  9991
2 65890  53.1559 142.3415 0000564  66.6582 293.4478 15.30195292 44299
STARLINK-32411
1 61547U 24184R   26195.93891294 -.00001020  00000+0 -19087-4 0  9993
2 61547  53.1593 141.8717 0001033 102.9121 257.1998 15.34366616 98002
STARLINK-34906
1 65896U 25224Q   26195.25871320  .00010870  00000+0  36148-3 0  9990
2 65896  53.1572 142.6629 0001147  78.2594 281.8537 15.31704036 44267
STARLINK-4619
1 54191U 22141AL  26195.91670139  .00023829  00000+0  11446-2 0  9990
2 54191  53.1595 142.7207 0001018 109.3337 291.7631 15.18745545  5794
STARLINK-5258
1 54195U 22141AQ  26195.91670139  .00026719  00000+0  14081-2 0  9993
2 54195  53.1599 142.6804 0001975  81.5512 338.6594 15.15427125  5700
STARLINK-5238
1 54188U 22141AH  26195.91670139  .00030096  00000+0  14968-2 0  9992
2 54188  53.1596 142.6559 0003321  78.9036 355.1357 15.17401683  5797
STARLINK-5199
1 54201U 22141AW  26195.91670139  .00025602  00000+0  13612-2 0  9990
2 54201  53.1595 142.6260 0000839  96.2907 350.1095 15.15136421  5801
STARLINK-5244
1 54199U 22141AU  26195.91670139  .00027300  00000+0  15407-2 0  9997
2 54199  53.1598 142.5933 0002500  85.0567  19.0914 15.12973785  5755
STARLINK-5237
1 54196U 22141AR  26195.91670139  .00023093  00000+0  12991-2 0  9994
2 54196  53.1597 142.5463 0001997   6.4220 124.0684 15.13180635  5803
STARLINK-32445
1 61546U 24184Q   26195.56871593  .00009846  00000+0  29498-3 0  9999
2 61546  53.1582 143.1228 0002242  74.8336 285.2914 15.35165175 97950
STARLINK-2099
1 47379U 21005AG  26195.56260484  .00000539  00000+0  29125-4 0  9995
2 47379  53.1609 143.2200 0001352  94.5854 265.5302 15.31701512303166
STARLINK-30703
1 57954U 23148V   26195.56271120  .00000111  00000+0  14438-4 0  9991
2 57954  53.1603 143.0180 0001864  86.6444 273.4771 15.34388562158019
STARLINK-3556
1 51877U 22022AB  26196.00002315 -.00019211  00000+0 -55906-3 0  9994
2 51877  53.1603 142.9471 0001119  96.6009 169.0143 15.34389825  5825
STARLINK-31127
1 58765U 24011A   26195.88266682  .00001196  00000+0  52521-4 0  9993
2 58765  53.1609 142.9121 0001301  85.0198 275.0951 15.30196638139748
STARLINK-5247
1 54203U 22141AY  26195.88122843  .00179907  00000+0  96675-2 0  9990
2 54203  53.1611 142.5820 0001791  75.7612 284.3580 15.13633218205203
STARLINK-31123
1 58775U 24011L   26195.55429631  .00000464  00000+0  24864-4 0  9999
2 58775  53.1623 142.9963 0001499  87.0945 273.0229 15.34393180 12964
STARLINK-30710
1 57938U 23148D   26195.08574162 -.00000053  00000+0  95835-5 0  9999
2 57938  53.1596 145.2286 0001521  86.4071 273.7105 15.34387662157931
STARLINK-3536
1 51888U 22022AN  26196.00002315 -.00028883  00000+0 -86970-3 0  9996
2 51888  53.1616 145.0739 0001611  90.5891 284.2311 15.33567185  5802
STARLINK-31143
1 58770U 24011F   26195.27700795  .00000452  00000+0  24511-4 0  9992
2 58770  53.1606 144.8253 0001322  90.5473 269.5681 15.34391039139663
STARLINK-32406
1 61545U 24184P   26195.27490452 -.00000842  00000+0 -13781-4 0  9995
2 61545  53.1591 144.8393 0001595  88.0459 272.0726 15.34393495 97900
STARLINK-3576
1 51883U 22022AH  26196.00002315 -.00024635  00000+0 -69747-3 0  9995
2 51883  53.1615 144.9956 0001208  83.1548 324.3975 15.35405880  5609
STARLINK-3584
1 51885U 22022AK  26196.00002315 -.00013117  00000+0 -38827-3 0  9995
2 51885  53.1623 145.0339 0001510 105.8412 308.6771 15.33541553  5802
STARLINK-31120
1 58778U 24011P   26195.26859277  .00000376  00000+0  22273-4 0  9997
2 58778  53.1605 144.7595 0001497  86.7132 273.4042 15.34386463139660
STARLINK-31140
1 58767U 24011C   26195.26436900 -.00014616  00000+0 -42160-3 0  9999
2 58767  53.1611 144.7445 0000806 144.1433 215.9624 15.34451106139669
STARLINK-32476
1 61550U 24184U   26195.26228576 -.00000510  00000+0 -39474-5 0  9996
2 61550  53.1598 144.7611 0001742 101.2718 258.8481 15.34385285 97903
STARLINK-3700
1 51956U 22025A   26195.25966087 -.00000589  00000+0 -72123-5 0  9996
2 51956  53.1587 144.7389 0001507  92.7997 267.3177 15.31698746240569
STARLINK-31136
1 58772U 24011H   26195.25808850  .00009590  00000+0  29500-3 0  9997
2 58772  53.1589 144.6987 0001437  98.2743 261.8423 15.34357153139656
STARLINK-32424
1 61548U 24184S   26195.25597579  .00002919  00000+0  97582-4 0  9990
2 61548  53.1594 144.7218 0001656 113.0070 247.1107 15.34369520 97905
STARLINK-3692
1 51958U 22025C   26195.25034144 -.00000416  00000+0 -16292-5 0  9992
2 51958  53.1609 144.6918 0001132  76.9491 283.1637 15.31693992240565
STARLINK-3675
1 51963U 22025H   26195.24566955  .00000265  00000+0  20298-4 0  9997
2 51963  53.1589 144.7119 0001226  87.2129 272.9013 15.31695400240569
STARLINK-34626
1 65082U 25167E   26195.28285844  .00012255  00000+0  37331-3 0  9990
2 65082  53.1578 152.9166 0001114  91.9537 268.1593 15.34393459 52943
STARLINK-34601
1 65084U 25167G   26195.15047363  .00002330  00000+0  80117-4 0  9994
2 65084  53.1546 153.4275 0001923  49.3834 310.7335 15.34389430 52911
STARLINK-34545
1 65105U 25167AD  26195.14836478  .00017096  00000+0  51595-3 0  9992
2 65105  53.1578 153.4082 0000684  69.2853 290.8223 15.34400607 52926
STARLINK-34481
1 65104U 25167AC  26195.27653369  .00014440  00000+0  43778-3 0  9995
2 65104  53.1569 152.7872 0001014  91.7920 268.3199 15.34392933 52932
STARLINK-34815
1 65099U 25167X   26195.92473745  .00005531  00000+0  17474-3 0  9993
2 65099  53.1573 153.2850 0001444  92.4773 267.6395 15.34393398 52995
STARLINK-5245
1 54168U 22141M   26195.26932405 -.00000144  00000+0  67755-5 0  9992
2 54168  53.1617 153.0512 0001311  97.4537 262.6615 15.35395456205008
STARLINK-34160
1 64119U 25110Z   26195.26815522  .00009839  00000+0  30198-3 0  9996
2 64119  53.1582 153.0280 0001192  87.2876 272.8263 15.34397889 65342
STARLINK-5280
1 54166U 22141K   26195.26577245  .00000115  00000+0  14214-4 0  9995
2 54166  53.1620 153.0274 0001188  93.3952 266.7187 15.35395139205000
STARLINK-35883
1 66892U 25283Q   26195.91214189  .00007529  00000+0  26607-3 0  9995
2 66892  53.1566 153.1484 0001513  88.7697 271.3477 15.30201572 35320
STARLINK-35866
1 66878U 25283A   26195.91003368  .00009504  00000+0  33263-3 0  9995
2 66878  53.1580 153.1379 0001464  93.3935 266.7234 15.30196940 35326
STARLINK-31739
1 59766U 24091P   26195.90897845  .00001208  00000+0  52934-4 0  9999
2 59766  53.1574 153.0350 0001302  94.8362 265.2787 15.30186112122522
STARLINK-34771
1 65078U 25167A   26195.90686109  .00027352  00000+0  93072-3 0  9991
2 65078  53.1569 153.2240 0001034 104.1630 255.9486 15.30251717 52993
STARLINK-5278
1 54164U 22141H   26195.32066996  .00000664  00000+0  30791-4 0  9993
2 54164  53.1619 152.6608 0000993  91.3963 268.7153 15.34388345205011
STARLINK-35718
1 66894U 25283S   26195.90581186  .00009601  00000+0  33583-3 0  9994
2 66894  53.1587 153.1099 0001369 108.6256 251.4894 15.30205028 35321
STARLINK-5242
1 54173U 22141S   26195.11955076  .00002738  00000+0  89351-4 0  9996
2 54173  53.1625 153.5369 0001256  94.6667 265.4479 15.35401918204985
STARLINK-35983
1 66902U 25283AA  26195.31278307  .00009167  00000+0  28213-3 0  9998
2 66902  53.1575 154.3898 0001367  91.4675 268.6485 15.34398003 35258
STARLINK-30707
1 57949U 23148Q   26195.31068005  .00000554  00000+0  27540-4 0  9993
2 57949  53.1580 154.3655 0001311  70.7585 289.3560 15.34393873157838
STARLINK-31845
1 60129U 24118S   26195.91670139  .00011059  00000+0  34736-3 0  9994
2 60129  53.1605 153.5352 0001110  79.4720  30.4795 15.33524922  5814
STARLINK-35900
1 66886U 25283J   26195.30857740  .00006266  00000+0  19643-3 0  9996
2 66886  53.1573 154.3661 0000870  85.7083 274.4019 15.34400454 35254
STARLINK-1271
1 45217U 20012AR  26195.17996375  .00040824  00000+0  10755-2 0  9991
2 45217  53.1534 153.7341 0005506  44.2525 315.8919 15.38137036354560
STARLINK-35971
1 66895U 25283T   26195.30436787  .00010082  00000+0  30907-3 0  9997
2 66895  53.1580 154.3409 0001371  86.8439 273.2721 15.34406532 35256
STARLINK-30399
1 57951U 23148S   26195.30226127 -.00000312  00000+0  19170-5 0  9990
2 57951  53.1595 154.2965 0001631  75.8059 284.3125 15.34393398157831
STARLINK-30712
1 57935U 23148A   26195.36527876  .00006727  00000+0  21029-3 0  9992
2 57935  53.1607 154.0133 0001303  92.4905 267.6247 15.34360860157841
STARLINK-35947
1 66883U 25283F   26195.36319490  .00010605  00000+0  32462-3 0  9990
2 66883  53.1574 154.0022 0001278  87.2035 272.9114 15.34393831 35289
STARLINK-30706
1 57947U 23148N   26195.36109027  .00003442  00000+0  11295-3 0  9994
2 57947  53.1587 153.9650 0001359  72.0994 288.0157 15.34402596157846
STARLINK-36064
1 66899U 25283X   26195.29385045  .00015929  00000+0  48173-3 0  9998
2 66899  53.1591 154.2768 0001201  77.4049 282.7088 15.34390142 35254
STARLINK-36043
1 66901U 25283Z   26195.29174686  .00022252  00000+0  66799-3 0  9990
2 66901  53.1589 154.2620 0001332  68.5353 291.5791 15.34388704 35256
STARLINK-35912
1 66882U 25283E   26195.28964311  .00015640  00000+0  47316-3 0  9996
2 66882  53.1582 154.2539 0001304  78.9735 281.1414 15.34393564 35251
STARLINK-32151
1 60299U 24132X   26195.31377884 -.00002489  00000+0 -71972-4 0  9996
2 60299  53.1592 155.8280 0001387  71.9786 288.1366 15.30179997111344
STARLINK-34561
1 65081U 25167D   26195.31166328  .00005214  00000+0  18804-3 0  9999
2 65081  53.1574 155.9050 0001066  92.5801 267.5322 15.30197387 54156
STARLINK-35749
1 66879U 25283B   26195.17995997  .00007357  00000+0  26022-3 0  9991
2 66879  53.1573 156.4013 0000877  82.1886 277.9214 15.30204193 35218
STARLINK-35791
1 66896U 25283U   26195.30742667  .00012314  00000+0  42721-3 0  9992
2 66896  53.1572 155.7730 0001047  69.2479 290.8634 15.30196799 35232
STARLINK-35860
1 66881U 25283D   26195.30424526 -.00007726  00000+0 -24898-3 0  9995
2 66881  53.1584 155.7528 0001035 102.1014 258.0103 15.30201917 35239
STARLINK-3669
1 51971U 22025R   26195.17322650 -.00000058  00000+0  98885-5 0  9999
2 51971  53.1594 155.9827 0001261 110.7144 249.3993 15.31708425240390
STARLINK-30716
1 57936U 23148B   26195.36437159  .00002429  00000+0  94052-4 0  9999
2 57936  53.1601 156.0344 0001103  93.3325 266.7802 15.30214587157810
STARLINK-34104
1 64102U 25110G   26195.36590163  .00025046  00000+0  75053-3 0  9997
2 64102  53.1594 156.4929 0001317 106.7668 253.3480 15.34375177 65306
STARLINK-31792
1 60132U 24118V   26195.36333241 -.00000885  00000+0 -17751-4 0  9993
2 60132  53.1593 155.9448 0001443  91.2834 268.8332 15.30188054115122
STARLINK-30456
1 57943U 23148J   26195.29592951 -.00000158  00000+0  67972-5 0  9991
2 57943  53.1609 156.3976 0001299  83.7572 276.3577 15.30190883157800
STARLINK-34067
1 64115U 25110V   26195.36302984  .00048983  00000+0  13843-2 0  9996
2 64115  53.1600 156.4842 0002600  78.0801 282.0493 15.35885149 65307
STARLINK-30714
1 57939U 23148E   26195.35771224  .00036706  00000+0  11798-2 0  9994
2 57939  53.1596 155.9779 0002295  81.5830 278.5432 15.31941406157817
STARLINK-30455
1 57942U 23148H   26195.35736755  .00000171  00000+0  16538-4 0  9994
2 57942  53.1598 155.9448 0001273  98.7285 261.3861 15.33545828157811
STARLINK-34814
1 65100U 25167Y   26195.35744780  .00008466  00000+0  26149-3 0  9992
2 65100  53.1570 156.1448 0001047 103.9856 256.1263 15.34390584 52901
STARLINK-32015
1 60111U 24117W   26195.44785411 -.00000991  00000+0 -18213-4 0  9990
2 60111  53.1620 167.6405 0001482  67.5640 292.5519 15.34386090116303
STARLINK-32018
1 60105U 24117Q   26195.31547791 -.00000560  00000+0 -54423-5 0  9992
2 60105  53.1595 168.2382 0001419  84.7003 275.4161 15.34385816116287
STARLINK-3677
1 51970U 22025Q   26195.31214887 -.00000347  00000+0  57722-6 0  9993
2 51970  53.1613 168.3143 0001148  87.1281 272.9852 15.31697315240226
STARLINK-2121
1 47399U 21005BC  26195.31138697  .00000506  00000+0  28058-4 0  9998
2 47399  53.1592 167.5458 0001127  78.0872 282.0255 15.31696234302793
STARLINK-32044
1 60092U 24117B   26195.44154430 -.00000603  00000+0 -67095-5 0  9992
2 60092  53.1612 167.6052 0001240  75.3661 284.7479 15.34384280116309
STARLINK-2055
1 47358U 21005K   26195.30970150  .00024091  00000+0  75838-3 0  9992
2 47358  53.1590 168.1908 0003439  47.7349 312.3944 15.32827114302777
STARLINK-32045
1 60106U 24117R   26195.43943969 -.00000462  00000+0 -25306-5 0  9992
2 60106  53.1578 167.5902 0001504  83.1675 276.9499 15.34383563116302
STARLINK-2101
1 47381U 21005AJ  26195.30748945 -.00000128  00000+0  76254-5 0  9994
2 47381  53.1602 168.2854 0001095  97.9248 262.1878 15.31695488302784
STARLINK-31996
1 60100U 24117K   26195.43733281  .00000288  00000+0  19677-4 0  9997
2 60100  53.1603 167.5769 0001428  90.2572 269.8595 15.34389281116307
STARLINK-32001
1 60110U 24117V   26195.43522718  .00000946  00000+0  39133-4 0  9999
2 60110  53.1580 167.5595 0001413  82.1329 277.9834 15.34392179116309
STARLINK-3691
1 51960U 22025E   26195.30205478 -.00000831  00000+0 -15024-4 0  9993
2 51960  53.1593 167.5739 0001261  90.6835 269.4311 15.31697090240236
STARLINK-34300
1 64218U 25117R   26195.95331996  .00009607  00000+0  33594-3 0  9993
2 64218  53.1579 168.2426 0001093 108.8183 251.2936 15.30213186 64013
STARLINK-1202
1 45183U 20012F   26195.36802925  .00030449  00000+0  81954-3 0  9993
2 45183  53.1538 168.3429 0004939  28.1826 331.9444 15.37620680354382
STARLINK-34310
1 64210U 25117H   26195.95226046  .00009691  00000+0  33890-3 0  9996
2 64210  53.1573 168.2377 0001159  95.1547 264.9586 15.30199399 64010
STARLINK-34258
1 64211U 25117J   26195.39375955  .00008761  00000+0  27017-3 0  9990
2 64211  53.1574 169.7318 0001020  91.3626 268.7494 15.34395283 63941
STARLINK-34241
1 64229U 25117AC  26195.32652850  .00013149  00000+0  39963-3 0  9993
2 64229  53.1571 170.0864 0001011  77.8557 282.2559 15.34397971 63961
STARLINK-35603
1 66141U 25237AD  26195.45473291  .00010378  00000+0  31787-3 0  9992
2 66141  53.1587 169.7587 0001156  80.2085 279.9049 15.34397397 42038
STARLINK-34412
1 66132U 25237U   26195.45263102  .00007180  00000+0  22349-3 0  9991
2 66132  53.1575 169.7495 0001671  72.5774 287.5411 15.34390221 41940
STARLINK-35628
1 66123U 25237K   26195.32025261  .00012579  00000+0  38283-3 0  9991
2 66123  53.1577 170.3450 0000924  88.8475 271.2633 15.34397091 42016
STARLINK-35525
1 66134U 25237W   26195.31814705  .00012370  00000+0  37649-3 0  9995
2 66134  53.1564 170.3328 0000832 100.2552 259.8545 15.34411473 42016
STARLINK-35645
1 66124U 25237L   26195.44631751  .00015096  00000+0  45711-3 0  9993
2 66124  53.1584 169.7095 0001378  64.0280 296.0864 15.34392648 42032
STARLINK-35573
1 66116U 25237C   26195.31394102  .00008790  00000+0  27102-3 0  9993
2 66116  53.1572 170.3077 0001163  98.9246 261.1889 15.34393552 42011
STARLINK-35649
1 66125U 25237M   26195.44210873  .00008920  00000+0  27486-3 0  9999
2 66125  53.1588 169.6824 0001248  69.7019 290.4117 15.34394138 42039
STARLINK-35625
1 66140U 25237AC  26195.44000252  .00013290  00000+0  40379-3 0  9996
2 66140  53.1582 169.6670 0001016  88.7678 271.3441 15.34398259 42030
STARLINK-5433
1 54793U 22175AM  26195.36387110 -.00001342  00000+0 -66227-4 0  9995
2 54793  53.1598 170.2089 0001114  77.7483 282.3633 15.08832239199390
STARLINK-35592
1 66136U 25237Y   26195.43791736  .00015049  00000+0  45546-3 0  9999
2 66136  53.1558 169.6538 0001081 134.4239 225.6852 15.34411635 42037
STARLINK-35576
1 66137U 25237Z   26195.30552255  .00017246  00000+0  52067-3 0  9994
2 66137  53.1586 170.2477 0001801  88.9060 271.2149 15.34382972 42019
STARLINK-35496
1 66114U 25237A   26195.43369601  .00007358  00000+0  22872-3 0  9998
2 66114  53.1563 169.6365 0001478  52.5398 307.5739 15.34396176 42039
STARLINK-4091
1 52830U 22062A   26195.91670139  .00065447  00000+0  32581-2 0  9995
2 52830  53.1598 182.7676 0001735  67.6982 104.8725 15.17004589  5701
STARLINK-4089
1 52831U 22062B   26195.91670139  .00063523  00000+0  33516-2 0  9998
2 52831  53.1597 182.6364 0001993  68.4128 112.3827 15.14971147  5696
STARLINK-32000
1 60289U 24132M   26195.49265417 -.00000672  00000+0 -99071-5 0  9995
2 60289  53.1592 182.7995 0001195  77.9754 282.1381 15.31698081110984
STARLINK-4083
1 52832U 22062C   26195.91670139  .00063647  00000+0  34019-2 0  9995
2 52832  53.1588 182.6486 0002165  73.7275 120.1277 15.14510290  5791
STARLINK-32144
1 60269U 24131Q   26195.48830624 -.00000575  00000+0 -67623-5 0  9999
2 60269  53.1592 182.6428 0000855  53.5854 306.5226 15.31696993111198
STARLINK-31526
1 59016U 24036U   26195.48802639 -.00000515  00000+0 -48368-5 0  9995
2 59016  53.1582 183.0518 0001074  67.0717 293.0398 15.31697342135108
STARLINK-4086
1 52833U 22062D   26195.91670139  .00063570  00000+0  34203-2 0  9996
2 52833  53.1589 182.6545 0002089  81.3024 129.8054 15.14276307  5798
STARLINK-32211
1 60270U 24131R   26195.48682750  .00000215  00000+0  17504-4 0  9997
2 60270  53.1607 183.3581 0001292  74.6885 285.4261 15.34385419111138
STARLINK-32158
1 60267U 24131N   26195.48404210 -.00000154  00000+0  69403-5 0  9995
2 60267  53.1593 183.3201 0001263  86.1968 273.9177 15.30188349111031
STARLINK-33656
1 63389U 25063AC  26195.35315045  .00004478  00000+0  15593-3 0  9992
2 63389  53.1593 183.3125 0001241  72.9378 287.1759 15.31711859 74162
STARLINK-32141
1 60290U 24132N   26195.48300498  .00000165  00000+0  17710-4 0  9999
2 60290  53.1591 183.4431 0001079  73.2811 286.8308 15.30170547110972
STARLINK-33640
1 63378U 25063R   26195.48196535  .00007385  00000+0  26132-3 0  9996
2 63378  53.1580 183.3974 0001350  71.4283 288.6864 15.30185182 74175
STARLINK-30999
1 58551U 23192W   26195.48051665 -.00000182  00000+0  57546-5 0  9992
2 58551  53.1611 183.3232 0001103  91.8861 268.2268 15.34392122145548
STARLINK-32163
1 60262U 24131H   26195.47897134 -.00000275  00000+0  29016-5 0  9990
2 60262  53.1590 182.5844 0001180  81.5651 278.5485 15.31698376111145
STARLINK-5468
1 54777U 22175V   26195.91670139  .00076478  00000+0  37420-2 0  9995
2 54777  53.1598 192.3568 0001882  90.6770 175.8259 15.17531634  5799
STARLINK-35606
1 66171U 25240AB  26195.28257007  .00011535  00000+0  35186-3 0  9998
2 66171  53.1564 192.4329 0000879  82.5260 277.5843 15.34413016 41407
STARLINK-5429
1 54801U 22175AV  26195.47652609  .00000493  00000+0  27639-4 0  9993
2 54801  53.1584 191.6039 0000978  69.3262 290.7844 15.31709520199104
STARLINK-35624
1 66166U 25240W   26195.28045649  .00008732  00000+0  26931-3 0  9992
2 66166  53.1560 192.4201 0001104  82.9454 277.1674 15.34394747 41404
STARLINK-31406
1 59017U 24036V   26195.93029656 -.00001829  00000+0 -43015-4 0  9998
2 59017  53.1585 191.5473 0001474  87.4610 272.6561 15.34391987135023
STARLINK-5470
1 54776U 22175U   26195.92801424  .00170718  00000+0  10043-1 0  9991
2 54776  53.1618 192.2423 0000626 108.2991 251.8069 15.10424715199136
STARLINK-31046
1 58552U 23192X   26195.47171458  .00002351  00000+0  80727-4 0  9990
2 58552  53.1587 191.9115 0001036  98.1134 261.9986 15.34384225145423
STARLINK-5442
1 54784U 22175AC  26195.91670139  .00080589  00000+0  38314-2 0  9994
2 54784  53.1607 192.2751 0001409  98.3019 209.8965 15.18505572  5792
STARLINK-5441
1 54787U 22175AF  26195.91670139  .00081243  00000+0  38840-2 0  9999
2 54787  53.1608 192.2474 0001298  93.2979 228.7840 15.18308797  5795
STARLINK-31019
1 58540U 23192K   26195.46750096 -.00000209  00000+0  49635-5 0  9992
2 58540  53.1601 191.8845 0001327  96.9298 263.1855 15.34391400145428
STARLINK-5202
1 54761U 22175D   26195.91670139  .00078613  00000+0  29645-2 0  9991
2 54761  53.1606 192.2521 0001649 135.2471 189.3632 15.26380596  5643
STARLINK-35580
1 66155U 25240K   26195.26993958  .00010519  00000+0  32208-3 0  9993
2 66155  53.1556 192.3676 0000957  79.2943 280.8168 15.34393893 41409
STARLINK-33571
1 63386U 25063Z   26195.39815195  .00009464  00000+0  29093-3 0  9994
2 63386  53.1568 192.0965 0001046  68.9266 291.1848 15.34393072 73994
STARLINK-35586
1 66159U 25240P   26195.39609740  .00015184  00000+0  45929-3 0  9991
2 66159  53.1563 192.4412 0001115  86.5525 273.5606 15.34422040 41418
STARLINK-32168
1 60335U 24136G   26195.47199432  .00000786  00000+0  38676-4 0  9999
2 60335  53.1605 206.9068 0001332 104.0292 256.0857 15.30188953109070
STARLINK-31793
1 60053U 24112R   26195.92883595  .00216985  00000+0  66790-2 0  9996
2 60053  53.1613 207.2576 0000892  77.6934 282.4168 15.32289197118074
STARLINK-32079
1 60336U 24136H   26195.33819011  .00000049  00000+0  13797-4 0  9996
2 60336  53.1586 207.4948 0001368  79.9236 280.1919 15.30210135109052
STARLINK-31992
1 60023U 24111H   26195.46774900 -.00000068  00000+0  98363-5 0  9998
2 60023  53.1591 206.7688 0000882  78.4880 281.6220 15.30195097118457
STARLINK-32006
1 60029U 24111P   26195.46669439 -.00003815  00000+0 -11676-3 0  9998
2 60029  53.1596 206.7593 0001177  88.1714 271.9422 15.30199305118446
STARLINK-3862
1 52471U 22049W   26195.46621963  .00000639  00000+0  32366-4 0  9997
2 52471  53.1611 206.5437 0001206  79.2088 280.9049 15.31702536231436
STARLINK-30561
1 58032U 23156E   26195.91670139  .00055484  00000+0  16428-2 0  9992
2 58032  53.1584 207.4072 0001396  72.8648 252.2480 15.34368805  5812
STARLINK-32078
1 60338U 24136K   26195.33398022 -.00001849  00000+0 -50311-4 0  9996
2 60338  53.1602 207.4705 0001289  98.4116 261.7031 15.30198548109052
STARLINK-31990
1 60024U 24111J   26195.33291324  .00001133  00000+0  50358-4 0  9993
2 60024  53.1599 207.3470 0001064  87.9191 272.1931 15.30196985118423
STARLINK-32175
1 60339U 24136L   26195.33187635  .00001367  00000+0  58290-4 0  9990
2 60339  53.1589 207.4557 0001343  90.4729 269.6426 15.30197345109054
STARLINK-31529
1 59000U 24036C   26195.52679403 -.00000217  00000+0  48005-5 0  9990
2 59000  53.1592 206.7869 0001215  87.5273 272.5866 15.30193209134692
STARLINK-32084
1 60347U 24136U   26195.33032700  .00000441  00000+0  25974-4 0  9996
2 60347  53.1587 206.7325 0001248  88.1812 271.9333 15.31703880109069
STARLINK-32176
1 60340U 24136M   26195.52464115  .00000343  00000+0  23709-4 0  9994
2 60340  53.1597 206.5244 0001223  94.1718 265.9423 15.30196443110252
STARLINK-30565
1 58034U 23156G   26195.91672420  .00000128  00000+0  14921-4 0  9992
2 58034  53.1611 207.3462 0001574  92.5674 267.5509 15.34387870155790
STARLINK-3682
1 52140U 22029BE  26195.89654518  .00000982  00000+0  79797-4 0  9997
2 52140  53.1586 217.8014 0000934  86.8802 273.2296 15.08832211240146
STARLINK-35396
1 65828U 25221F   26195.37629933  .00001415  00000+0  53028-4 0  9998
2 65828  53.1574 218.2033 0001273  84.2770 275.8378 15.34387125 45509
STARLINK-32591
1 61718U 24196M   26195.43929501 -.00000026  00000+0  10368-4 0  9991
2 61718  53.1601 217.5747 0001370  85.1268 274.9891 15.34381623 96770
STARLINK-35314
1 65837U 25221Q   26195.43722724  .00010804  00000+0  33050-3 0  9991
2 65837  53.1572 217.8724 0001271  79.8452 280.2693 15.34392458 44160
STARLINK-34404
1 64442U 25130E   26195.50028183  .00002615  00000+0  88521-4 0  9992
2 64442  53.1575 217.7257 0001356  77.0496 283.0658 15.34388907 60148
STARLINK-35368
1 65830U 25221H   26195.91670139  .00079489  00000+0  23471-2 0  9998
2 65830  53.1567 217.6941 0003352 115.6148  46.3963 15.34286323  5755
STARLINK-34449
1 64465U 25130AD  26195.49607077  .00012763  00000+0  38831-3 0  9993
2 64465  53.1558 217.6878 0001059  80.9584 279.1538 15.34392438 60140
STARLINK-34245
1 64193U 25113Z   26195.91670139  .00043627  00000+0  12959-2 0  9993
2 64193  53.1555 217.7201 0001047  89.0905  96.0264 15.34374129  5889
STARLINK-35308
1 65848U 25221AB  26195.42671396  .00009658  00000+0  29646-3 0  9991
2 65848  53.1570 217.8021 0000942  77.3702 282.7406 15.34415696 45514
STARLINK-34453
1 64441U 25130D   26195.35948648  .00004733  00000+0  15115-3 0  9992
2 64441  53.1563 218.2718 0001125  83.5676 276.5455 15.34394960 60124
STARLINK-30556
1 58031U 23156D   26195.35734662  .00002043  00000+0  71587-4 0  9993
2 58031  53.1592 217.9404 0001252  93.4186 266.6960 15.34394887155583
STARLINK-34433
1 64448U 25130L   26195.91670139  .00049923  00000+0  14806-2 0  9993
2 64448  53.1574 217.7474 0000435  31.8672 188.0478 15.34363110  5765
STARLINK-32308
1 61663U 24193C   26195.91670139  .00049191  00000+0  14590-2 0  9994
2 61663  53.1558 217.6126 0000981  87.7348 143.8981 15.34368355  5878
STARLINK-35148
1 65844U 25221X   26195.41618801  .00010400  00000+0  31853-3 0  9998
2 65844  53.1558 217.7413 0001003  77.0136 283.0978 15.34398254 44165
STARLINK-34403
1 64443U 25130F   26195.57890112  .00008916  00000+0  31285-3 0  9993
2 64443  53.1581 218.9167 0001678  65.3141 294.8035 15.30195619 60133
STARLINK-34465
1 64438U 25130A   26195.25236294  .00010811  00000+0  33067-3 0  9994
2 64438  53.1588 219.0252 0001307  69.8118 290.3025 15.34395562 60103
STARLINK-34410
1 64440U 25130C   26195.57678870  .00003976  00000+0  14633-3 0  9994
2 64440  53.1580 218.9068 0001233  85.7984 274.3158 15.30195211 60134
STARLINK-34450
1 64447U 25130K   26195.57640960  .00004417  00000+0  14181-3 0  9999
2 64447  53.1585 218.9023 0001240  73.7837 286.3302 15.34392863 60139
STARLINK-34423
1 64460U 25130Y   26195.44297065 -.00010782  00000+0 -35262-3 0  9991
2 64460  53.1572 219.4818 0001080  92.6690 267.4435 15.30183670 60112
STARLINK-2061
1 48312U 21036AN  26195.37561699  .00001439  00000+0  58114-4 0  9998
2 48312  53.1592 218.9632 0001392  79.0252 281.0906 15.31705180287639
STARLINK-34402
1 64446U 25130J   26195.43982914  .00005584  00000+0  20059-3 0  9998
2 64446  53.1573 219.4725 0001233  90.0553 270.0589 15.30187414 60114
STARLINK-35252
1 65850U 25221AD  26195.56756648  .00001693  00000+0  62820-4 0  9996
2 65850  53.1583 219.3860 0001354  93.9348 266.1809 15.33537202 45506
STARLINK-3888
1 52454U 22049D   26195.69047494  .00000205  00000+0  30957-4 0  9997
2 52454  53.1589 218.7285 0000939  60.3109 299.7976 15.08826045231280
STARLINK-2517
1 48309U 21036AK  26195.36635642  .00002631  00000+0  96477-4 0  9992
2 48309  53.1593 219.4857 0001250  91.5516 268.5629 15.31710176287628
STARLINK-35320
1 65834U 25221M   26195.55999500  .00005720  00000+0  20524-3 0  9992
2 65834  53.1568 219.3407 0001431  89.0002 271.1163 15.30179271 44151
STARLINK-34392
1 64451U 25130P   26195.55832282  .00121438  00000+0  36551-2 0  9999
2 64451  53.1584 219.4979 0001774  89.7866 270.3340 15.33454844 60121
STARLINK-3678
1 52121U 22029AK  26195.55062339 -.00000732  00000+0 -27921-4 0  9990
2 52121  53.1586 219.3577 0001032  78.3066 281.8041 15.08832011240077
STARLINK-3896
1 52456U 22049F   26195.54789763  .00000118  00000+0  25499-4 0  9993
2 52456  53.1591 219.3701 0001097  74.4001 285.7111 15.08837286231261
STARLINK-34164
1 64177U 25113H   26195.47527733  .00008034  00000+0  28301-3 0  9999
2 64177  53.1566 222.4384 0001122  70.0858 290.0264 15.30206184 64476
STARLINK-32429
1 61682U 24193X   26195.47459120 -.00000674  00000+0 -99509-5 0  9992
2 61682  53.1595 221.6912 0001164  93.7021 266.4114 15.31698401 95949
STARLINK-34197
1 64184U 25113Q   26195.53742615  .00004906  00000+0  17770-3 0  9994
2 64184  53.1572 222.1134 0001125  69.3621 290.7500 15.30193074 64487
STARLINK-32428
1 61666U 24193F   26195.33942407  .00000321  00000+0  22117-4 0  9991
2 61666  53.1597 222.2816 0001279  90.6170 269.4978 15.31700577 95928
STARLINK-33917
1 64181U 25113M   26195.46681242 -.00008482  00000+0 -27463-3 0  9996
2 64181  53.1583 222.3795 0001053  80.4068 279.7052 15.30194312 64474
STARLINK-32412
1 61680U 24193V   26195.40000575 -.00000130  00000+0  75749-5 0  9995
2 61680  53.1585 221.9436 0001173  92.9337 267.1799 15.31700096 95931
STARLINK-33934
1 64187U 25113T   26195.59325466  .00007059  00000+0  25037-3 0  9991
2 64187  53.1583 221.7479 0001082  79.9455 280.1668 15.30181557 64451
STARLINK-32381
1 61066U 24164S   26195.59222349 -.00002708  00000+0 -79374-4 0  9997
2 61066  53.1593 221.8983 0001048  84.3147 275.7973 15.30180645102905
STARLINK-34231
1 64175U 25113F   26195.39500787  .00007354  00000+0  24847-3 0  9993
2 64175  53.1584 221.9313 0001028  77.4753 282.6364 15.31705097 64476
STARLINK-32441
1 61668U 24193H   26195.58692590 -.00001664  00000+0 -44095-4 0  9997
2 61668  53.1591 221.6932 0001246  74.1339 285.9799 15.30174323 95954
STARLINK-32385
1 61068U 24164U   26195.39069996 -.00000550  00000+0 -59542-5 0  9993
2 61068  53.1588 222.0717 0001298  64.2600 295.8535 15.31698052102888
STARLINK-34227
1 64178U 25113J   26195.58585193  .00000035  00000+0  13316-4 0  9990
2 64178  53.1572 221.7038 0001375 100.6231 259.4925 15.30173122 64497
STARLINK-32417
1 61673U 24193N   26195.32475719 -.00000572  00000+0 -66629-5 0  9992
2 61673  53.1600 222.1916 0001262  65.5900 294.5233 15.31695411 95928
STARLINK-32375
1 61070U 24164W   26195.45420887  .00003406  00000+0  12704-3 0  9991
2 61070  53.1582 222.4584 0001373  55.8535 304.2596 15.30205852102881
STARLINK-31098
1 58716U 24002M   26195.77686166 -.00000204  00000+0  52243-5 0  9992
2 58716  53.1621 359.5775 0000840  72.0677 288.0415 15.30192263141476
STARLINK-30856
1 58725U 24002W   26195.77580694 -.00000002  00000+0  12051-4 0  9999
2 58725  53.1617 359.5692 0000952  55.9538 304.1553 15.30192890141478
STARLINK-31100
1 58714U 24002K   26195.77475118 -.00000240  00000+0  40163-5 0  9991
2 58714  53.1625 359.5674 0000901  60.5832 299.5259 15.30189444141479
STARLINK-35795
1 66369U 25254X   26195.77375187  .00010710  00000+0  37319-3 0  9990
2 66369  53.1608 359.9263 0000549  60.4614 299.6441 15.30199216 38464
STARLINK-30972
1 58721U 24002S   26195.77263603  .00001494  00000+0  62537-4 0  9992
2 58721  53.1629 359.5494 0000982  88.7505 271.3608 15.30198813141475
STARLINK-30973
1 58713U 24002J   26195.77158411  .00000890  00000+0  42168-4 0  9990
2 58713  53.1614 359.5463 0001019 106.0013 254.1100 15.30194981141474
STARLINK-35025
1 65430U 25192AC  26195.77133055  .00010623  00000+0  32509-3 0  9994
2 65430  53.1610   0.4630 0001347  71.0294 289.0854 15.34400851 48860
STARLINK-35824
1 66370U 25254Y   26195.77060969  .00016345  00000+0  56289-3 0  9998
2 66370  53.1603 359.9072 0000999  52.1071 308.0020 15.30192792 38463
STARLINK-35664
1 66223U 25244T   26195.76951527  .00005428  00000+0  19524-3 0  9993
2 66223  53.1609 359.8041 0000784  80.8110 279.2979 15.30200904 41118
STARLINK-35709
1 66216U 25244L   26195.76846061  .00007540  00000+0  26643-3 0  9998
2 66216  53.1599 359.7995 0001002  75.9100 284.2012 15.30201672 41110
STARLINK-34861
1 66368U 25254W   26195.76741985  .00002930  00000+0  11100-3 0  9996
2 66368  53.1599 359.8843 0000961  92.8114 267.2997 15.30199097 38461
STARLINK-35734
1 66225U 25244V   26195.76635168  .00002809  00000+0  10697-3 0  9997
2 66225  53.1599 359.7839 0001516  63.7702 296.3455 15.30193587 41110
STARLINK-31029
1 58712U 24002H   26195.76525186 -.00001093  00000+0 -24802-4 0  9998
2 58712  53.1618 359.5082 0001056  74.7518 285.3600 15.30194681141474
STARLINK-32897
1 62967U 25029V   26195.76497400  .00007989  00000+0  24741-3 0  9991
2 62967  53.1603   0.0536 0001049 125.4199 234.6902 15.34389603 80803
STARLINK-1578
1 46082U 20055BH  26195.54186882  .00001017  00000+0  44518-4 0  9991
2 46082  53.1593 231.4339 0001080  88.1491 271.9634 15.31696839328661
STARLINK-2514
1 48331U 21036BH  26195.41086159  .00021067  00000+0  60994-3 0  9994
2 48331  53.1570 231.1808 0006299  14.4600 345.6582 15.35551285287466
STARLINK-1566
1 46079U 20055BE  26195.53747502  .00000502  00000+0  27954-4 0  9991
2 46079  53.1589 230.9382 0001166  87.7266 272.3868 15.31699620328670
STARLINK-32343
1 61712U 24196F   26195.59966294 -.00000579  00000+0 -60152-5 0  9993
2 61712  53.1596 231.3911 0001105  91.8080 268.3049 15.34387148 96596
STARLINK-1552
1 46076U 20055BB  26195.46757807  .00004266  00000+0  14910-3 0  9997
2 46076  53.1566 231.4106 0001155  79.0555 281.0577 15.31711680328647
STARLINK-2495
1 48325U 21036BB  26195.59772989 -.00002651  00000+0 -73680-4 0  9996
2 48325  53.1578 230.6900 0001329  81.6175 278.4977 15.31703045287488
STARLINK-32314
1 61709U 24196C   26195.59755747 -.00000268  00000+0  31931-5 0  9995
2 61709  53.1605 231.3775 0000976  84.2865 275.8249 15.34389821 96598
STARLINK-2515
1 48323U 21036AZ  26195.59304556  .00001709  00000+0  66804-4 0  9996
2 48323  53.1588 230.5818 0001072  81.1715 278.9408 15.31708631287484
STARLINK-32573
1 61725U 24196U   26195.59335026 -.00000045  00000+0  97897-5 0  9993
2 61725  53.1585 231.3500 0001143  90.5117 269.6017 15.34390189 96599
STARLINK-2498
1 48326U 21036BC  26195.58873629  .00019232  00000+0  62964-3 0  9992
2 48326  53.1564 230.6647 0001306  90.3525 269.7626 15.31712813287480
STARLINK-2234
1 48580U 21041AD  26195.39262849  .00001643  00000+0  64679-4 0  9998
2 48580  53.1594 231.4837 0001062  80.0049 280.1073 15.31708087285053
STARLINK-32344
1 61719U 24196N   26195.58703832 -.00000085  00000+0  86269-5 0  9994
2 61719  53.1584 231.3123 0001031  69.9307 290.1807 15.34388548 96591
STARLINK-32457
1 61717U 24196L   26195.58492985  .00000525  00000+0  26680-4 0  9994
2 61717  53.1599 231.2967 0001178  81.9464 278.1672 15.34392286 96590
STARLINK-2502
1 48327U 21036BD  26195.58407075  .00001159  00000+0  49100-4 0  9998
2 48327  53.1591 230.6863 0001093  83.1428 276.9698 15.31708168287483
STARLINK-35336
1 66006U 25232B   26195.39005751  .00006920  00000+0  21582-3 0  9992
2 66006  53.1576 234.0064 0001151  90.5765 269.5369 15.34388200 42848
STARLINK-4284
1 53023U 22076AP  26195.57684103 -.00002480  00000+0 -13781-3 0  9995
2 53023  53.1596 234.2294 0001265  84.7457 275.3679 15.08833541222147
STARLINK-35452
1 66104U 25236U   26195.38793795  .00005401  00000+0  17091-3 0  9999
2 66104  53.1571 233.8884 0001018  86.1335 273.9784 15.34393413 42364
STARLINK-35398
1 66017U 25232N   26195.38584817  .00005169  00000+0  16405-3 0  9990
2 66017  53.1571 233.9806 0001176  89.7353 270.3784 15.34392795 42853
STARLINK-1542
1 46073U 20055AY  26195.58022125  .00002551  00000+0  93898-4 0  9993
2 46073  53.1582 234.3338 0001216  70.2718 289.8414 15.31713670328628
STARLINK-4218
1 53025U 22076AR  26195.70563997  .00000518  00000+0  50649-4 0  9992
2 53025  53.1593 233.6603 0001448  71.9146 288.2003 15.08835724222160
STARLINK-35599
1 66102U 25236S   26195.38162818  .00012416  00000+0  37808-3 0  9995
2 66102  53.1576 233.8493 0001189  87.2640 272.8498 15.34393819 42307
STARLINK-35584
1 66106U 25236W   26195.37952467  .00010285  00000+0  31515-3 0  9996
2 66106  53.1582 233.8344 0001255  81.1465 278.9680 15.34395172 42365
STARLINK-35527
1 66092U 25236G   26195.37742040  .00018991  00000+0  57197-3 0  9990
2 66092  53.1573 233.8260 0001177  89.6896 270.4242 15.34389031 42368
STARLINK-35297
1 66010U 25232F   26195.37532572  .00007748  00000+0  24030-3 0  9991
2 66010  53.1588 233.9154 0001180 102.0899 258.0236 15.34387463 42849
STARLINK-35311
1 66032U 25232AD  26195.37322235  .00007542  00000+0  23418-3 0  9999
2 66032  53.1591 233.8861 0001402  95.8359 264.2803 15.34391279 42858
STARLINK-35326
1 66031U 25232AC  26195.36901381  .00010292  00000+0  31536-3 0  9998
2 66031  53.1581 233.8597 0001118  87.2545 272.8585 15.34395860 42850
STARLINK-34849
1 66005U 25232A   26195.43205020  .00011823  00000+0  36058-3 0  9999
2 66005  53.1578 233.5630 0000736  74.3536 285.7548 15.34391819 42856
STARLINK-35561
1 66105U 25236V   26195.42791071  .00004004  00000+0  12958-3 0  9995
2 66105  53.1582 234.1322 0001048  96.0518 264.0604 15.34395244 42304
STARLINK-35256
1 66011U 25232G   26195.43153381  .00010785  00000+0  37598-3 0  9994
2 66011  53.1586 234.9713 0001447  61.8363 298.2784 15.30178364 42842
STARLINK-34460
1 66099U 25236P   26195.43045119  .00007016  00000+0  24880-3 0  9996
2 66099  53.1574 234.8555 0001070  71.4740 288.6377 15.30199450 42352
STARLINK-4277
1 53009U 22076Z   26195.48853908  .00000496  00000+0  49243-4 0  9996
2 53009  53.1583 234.6358 0001198  84.6677 275.4451 15.08823539222123
STARLINK-35280
1 66025U 25232W   26195.49366174  .00006248  00000+0  22295-3 0  9998
2 66025  53.1573 234.6456 0001175  72.4376 287.6753 15.30193603 42856
STARLINK-35532
1 66091U 25236F   26195.49259015  .00002088  00000+0  82632-4 0  9990
2 66091  53.1587 234.5351 0001593  68.0050 292.1120 15.30195867 42360
STARLINK-4282
1 53019U 22076AK  26195.48475336 -.00002773  00000+0 -15987-3 0  9991
2 53019  53.1588 234.9503 0001230  85.9460 274.1672 15.08027842222129
STARLINK-4265
1 53011U 22076AB  26195.48484695 -.00000525  00000+0 -14907-4 0  9996
2 53011  53.1586 234.6508 0001215  71.0354 289.0769 15.08826924222122
STARLINK-35427
1 66110U 25236AA  26195.49164829  .00004270  00000+0  15622-3 0  9999
2 66110  53.1586 235.2385 0001321  70.1690 289.9454 15.30200092 42359
STARLINK-2705
1 48672U 21044AL  26195.42637245  .00000892  00000+0  40517-4 0  9993
2 48672  53.1592 234.6337 0001215  75.4103 284.7033 15.31700503283376
STARLINK-35293
1 66012U 25232H   26195.49051922  .00015051  00000+0  51937-3 0  9993
2 66012  53.1582 234.6268 0001179  58.3688 301.7427 15.30192226 42852
STARLINK-35574
1 66111U 25236AB  26195.48953629  .00004775  00000+0  17328-3 0  9998
2 66111  53.1577 235.2247 0001197  74.5738 285.5395 15.30193795 42299
STARLINK-35596
1 66086U 25236A   26195.48848205  .00006068  00000+0  21680-3 0  9995
2 66086  53.1566 235.2220 0000929  95.2924 264.8183 15.30205239 42357
STARLINK-35243
1 66016U 25232M   26195.35859971  .00007434  00000+0  23092-3 0  9999
2 66016  53.1576 234.5181 0001554  67.2542 292.8625 15.34403220 42849
STARLINK-35491
1 66113U 25236AD  26195.48743563  .00004824  00000+0  17489-3 0  9997
2 66113  53.1575 235.2103 0000915  52.8720 307.2364 15.30200076 42353
STARLINK-2647
1 48658U 21044W   26195.60550810  .00002510  00000+0  92585-4 0  9990
2 48658  53.1595 243.9552 0001197  74.1194 285.9939 15.31711018283269
STARLINK-34530
1 64491U 25133V   26195.53726705  .00012734  00000+0  38753-3 0  9991
2 64491  53.1565 243.7498 0000664  87.9578 272.1501 15.34387357 60637
STARLINK-2704
1 48643U 21044F   26195.40501316  .00000701  00000+0  34344-4 0  9998
2 48643  53.1586 244.2863 0000968  85.1760 274.9352 15.31705843283242
STARLINK-4253
1 53004U 22076U   26195.52809071  .00004966  00000+0  33010-3 0  9998
2 53004  53.1585 244.4591 0001350  85.5745 274.5401 15.08813472221998
STARLINK-34522
1 64492U 25133W   26195.53306136  .00014818  00000+0  44893-3 0  9991
2 64492  53.1577 243.7227 0001000  90.3541 269.7576 15.34392243 60661
STARLINK-1540
1 46051U 20055AA  26195.46598512  .00000770  00000+0  36579-4 0  9998
2 46051  53.1587 244.3386 0000953  88.9657 271.1453 15.31705740328501
STARLINK-2521
1 48648U 21044L   26195.53087223  .00001093  00000+0  46975-4 0  9991
2 48648  53.1587 243.8260 0001262  93.7978 266.3167 15.31701474283265
STARLINK-34462
1 64493U 25133X   26195.46580564 -.00001483  00000+0 -32774-4 0  9995
2 64493  53.1589 244.0132 0000605  27.1104 332.9930 15.34401094 60658
STARLINK-1570
1 46059U 20055AJ  26195.52653235  .00001496  00000+0  59946-4 0  9996
2 46059  53.1587 243.7649 0001146  71.7700 288.3426 15.31710471328460
STARLINK-2732
1 48646U 21044J   26195.46094600  .00001017  00000+0  44511-4 0  9998
2 48646  53.1587 244.0374 0001072  77.1572 282.9550 15.31705143283253
STARLINK-2672
1 48650U 21044N   26195.52156413  .00001825  00000+0  70575-4 0  9997
2 48650  53.1588 243.8198 0001097  77.2282 282.8842 15.31690933283259
STARLINK-1548
1 46054U 20055AD  26195.51725862 -.00000481  00000+0 -37284-5 0  9993
2 46054  53.1591 243.9843 0001038  71.7167 288.3947 15.31685962328504
STARLINK-2731
1 48651U 21044P   26195.51688403  .00001332  00000+0  54675-4 0  9992
2 48651  53.1586 243.8365 0001107  70.3189 289.7932 15.31707670283259
STARLINK-1573
1 46061U 20055AL  26195.51256145  .00000185  00000+0  17716-4 0  9990
2 46061  53.1593 243.7976 0001237  84.9823 275.1320 15.31701892328505
STARLINK-2190
1 48564U 21041M   26195.53860130  .00001198  00000+0  50369-4 0  9999
2 48564  53.1586 256.4957 0001102  84.7732 275.3395 15.31703121284710
STARLINK-32377
1 61888U 24204Q   26195.47425995 -.00001173  00000+0 -23592-4 0  9999
2 61888  53.1573 255.7164 0001602  64.3099 295.8069 15.34386217 94537
STARLINK-37248
1 68527U 26068V   26195.40699149  .00004606  00000+0  14742-3 0  9991
2 68527  53.1569 255.8071 0001214  87.9871 272.1271 15.34391891 16413
STARLINK-3795
1 52264U 22041D   26195.47008819  .00000828  00000+0  35638-4 0  9994
2 52264  53.1604 255.9917 0001193  85.1094 275.0045 15.34390227233556
STARLINK-3740
1 52265U 22041E   26196.00002315  .00116426  00000+0  37201-2 0  9998
2 52265  53.1590 255.6456 0001490  42.9327  13.0926 15.31572826  5803
STARLINK-32489
1 61893U 24204V   26195.46794784 -.00000991  00000+0 -18226-4 0  9994
2 61893  53.1586 255.6756 0000618  77.0325 283.0747 15.34389476 94534
STARLINK-34253
1 64685U 25139X   26195.46589157  .00002453  00000+0  83729-4 0  9993
2 64685  53.1567 256.0827 0000951  84.1849 275.9262 15.34389252 59725
STARLINK-3781
1 52272U 22041M   26195.79038443  .00037147  00000+0  12815-2 0  9998
2 52272  53.1599 256.1429 0002034 176.4157 183.6858 15.29651245233581
STARLINK-34365
1 64671U 25139H   26195.46378825  .00002998  00000+0  99854-4 0  9996
2 64671  53.1569 256.0754 0000832  77.2696 282.8400 15.34392626 59788
STARLINK-34489
1 64679U 25139R   26195.46168064  .00006744  00000+0  21058-3 0  9999
2 64679  53.1567 256.0586 0001025 131.7270 228.3820 15.34396139 59724
STARLINK-34395
1 64668U 25139E   26195.45958104  .00000106  00000+0  14263-4 0  9995
2 64668  53.1565 256.0503 0000785  85.6298 274.4794 15.34385889 59720
STARLINK-34250
1 64690U 25139AC  26195.45747413  .00003299  00000+0  10875-3 0  9999
2 64690  53.1576 256.0292 0001015  87.5059 272.6060 15.34392672 59729
STARLINK-2107
1 47723U 21017B   26195.65043445  .00001094  00000+0  46995-4 0  9998
2 47723  53.1595 255.9737 0001246  78.2650 281.8491 15.31711841298398
STARLINK-34464
1 64664U 25139A   26195.45327054  .00011382  00000+0  34755-3 0  9990
2 64664  53.1571 256.0133 0001097  89.6123 270.5005 15.34392679 59727
STARLINK-3804
1 52270U 22041K   26195.46966591 -.00000130  00000+0  98957-5 0  9991
2 52270  53.1575 259.7502 0000803  80.2031 279.9051 15.08831377233508
STARLINK-32793
1 62874U 25022W   26195.47748074  .00007447  00000+0  23134-3 0  9999
2 62874  53.1580 259.8718 0000681  95.7763 264.3317 15.34396965 81324
STARLINK-36294
1 68531U 26068Z   26195.47537484  .00003519  00000+0  11524-3 0  9993
2 68531  53.1576 259.8426 0000947  96.8997 263.2113 15.34394905 16363
STARLINK-3784
1 52275U 22041Q   26195.46598311 -.00000607  00000+0 -20062-4 0  9998
2 52275  53.1586 259.7389 0000895  83.8801 276.2292 15.08830618233507
STARLINK-32859
1 62861U 25022H   26195.47327185  .00009177  00000+0  28244-3 0  9990
2 62861  53.1572 259.8399 0000961  95.4826 264.6286 15.34394734 81324
STARLINK-32276
1 60944U 24155W   26195.47118586 -.00000010  00000+0  10842-4 0  9993
2 60944  53.1595 259.9334 0000988  86.6100 273.5015 15.34386901105812
STARLINK-3739
1 52266U 22041F   26195.39634807  .00004497  00000+0  29010-3 0  9991
2 52266  53.2135 260.0742 0001964  27.3330 332.7766 15.10149996233491
STARLINK-36285
1 68530U 26068Y   26195.46906374  .00004083  00000+0  13195-3 0  9992
2 68530  53.1577 259.8089 0001051  89.4986 270.6137 15.34391727 16368
STARLINK-32867
1 62855U 25022B   26195.46695993  .00004340  00000+0  13957-3 0  9999
2 62855  53.1578 259.7878 0000697  76.1880 283.9200 15.34384049 81324
STARLINK-3779
1 52281U 22041W   26195.45589975 -.00000602  00000+0 -19748-4 0  9994
2 52281  53.1591 259.7853 0001073  91.9175 268.1939 15.08833273233507
STARLINK-32808
1 62863U 25022K   26195.46485738  .00007733  00000+0  23986-3 0  9994
2 62863  53.1579 259.7896 0000813  81.9817 278.1278 15.34386015 81324
STARLINK-3778
1 52276U 22041R   26195.45494172 -.00000544  00000+0 -16094-4 0  9998
2 52276  53.1597 259.7894 0001040  94.8847 265.2263 15.08833203233505
STARLINK-37241
1 68528U 26068W   26195.39761738  .00008669  00000+0  26744-3 0  9992
2 68528  53.1572 260.0709 0000934  56.5905 303.5187 15.34395155 16357
STARLINK-32869
1 62859U 25022F   26195.46064733  .00013068  00000+0  39723-3 0  9991
2 62859  53.1586 259.7475 0000834 102.1912 257.9184 15.34399736 81320
STARLINK-33807
1 63518U 25071AB  26195.46861454  .00018856  00000+0  56770-3 0  9994
2 63518  53.1591 267.9340 0001198  85.1597 274.9542 15.34406193 72226
STARLINK-33798
1 63449U 25069S   26195.53165512  .00007724  00000+0  23953-3 0  9993
2 63449  53.1593 267.6894 0001005  87.4938 272.6179 15.34395047 72634
STARLINK-33797
1 63448U 25069R   26195.46441755  .00010385  00000+0  31811-3 0  9999
2 63448  53.1593 267.9958 0000948  87.5366 272.5745 15.34394928 72835
STARLINK-33795
1 63457U 25069AA  26195.46230901  .00008882  00000+0  27368-3 0  9999
2 63457  53.1593 267.9688 0001159 128.5455 231.5651 15.34400739 72788
STARLINK-33780
1 63459U 25069AC  26195.52534114  .00007812  00000+0  24214-3 0  9990
2 63459  53.1588 267.6451 0000501  67.7201 292.3855 15.34392480 72797
STARLINK-33768
1 63454U 25069X   26195.52323691  .00010177  00000+0  31200-3 0  9992
2 63454  53.1584 267.6366 0000957 122.6937 237.4158 15.34393352 72891
STARLINK-33763
1 63452U 25069V   26195.52113171  .00006785  00000+0  21183-3 0  9999
2 63452  53.1593 267.6271 0001062 133.2510 226.8582 15.34391163 72900
STARLINK-33762
1 63442U 25069K   26195.51903504  .00007110  00000+0  22147-3 0  9998
2 63442  53.1596 267.6274 0001703  50.3199 309.7953 15.34385451 72916
STARLINK-33756
1 63458U 25069AB  26195.51692640  .00006756  00000+0  21098-3 0  9990
2 63458  53.1591 267.5850 0001191  77.4953 282.6182 15.34390765 72902
STARLINK-33747
1 63444U 25069M   26195.44969216  .00014269  00000+0  43289-3 0  9997
2 63444  53.1582 267.9098 0001760  37.1960 322.9164 15.34381636 72835
STARLINK-33746
1 63446U 25069P   26195.51271916  .00009764  00000+0  29984-3 0  9990
2 63446  53.1575 267.5836 0001068 128.0014 232.1086 15.34388308 72856
STARLINK-33743
1 63440U 25069H   26195.51061512  .00012331  00000+0  37558-3 0  9993
2 63440  53.1575 267.5747 0001218 129.0397 231.0714 15.34390681 72799
STARLINK-33737
1 63456U 25069Z   26195.50851469  .00022425  00000+0  67346-3 0  9990
2 63456  53.1585 267.5387 0001006  62.7564 297.3541 15.34370538 72793
STARLINK-33736
1 63450U 25069T   26195.44126733  .00016753  00000+0  50596-3 0  9992
2 63450  53.1569 267.8497 0001506 161.9324 198.1732 15.34393051 72846
STARLINK-31836
1 59724U 24088S   26195.47248740 -.00004392  00000+0 -12984-3 0  9994
2 59724  53.1570 270.2797 0000635  79.0388 281.0685 15.31708685123104
STARLINK-33843
1 63507U 25071Q   26195.73324470  .00006116  00000+0  20871-3 0  9993
2 63507  53.1591 269.5850 0001016  90.2146 269.8972 15.31694977 72208
STARLINK-33825
1 63505U 25071N   26195.53268556  .00005138  00000+0  18549-3 0  9993
2 63505  53.1591 270.4974 0001053  72.6211 287.4905 15.30196614 72196
STARLINK-33833
1 63498U 25071F   26195.52815657  .00006977  00000+0  23643-3 0  9996
2 63498  53.1590 270.4770 0001507  52.5717 307.5421 15.31694857 72192
STARLINK-3910
1 52586U 22051BC  26195.51658371 -.00000043  00000+0  15414-4 0  9991
2 52586  53.1601 269.5134 0000944  92.6072 267.5027 15.08833803230730
STARLINK-2253
1 48596U 21041AV  26195.45842225  .00001189  00000+0  50071-4 0  9990
2 48596  53.1589 269.7076 0001186  54.1014 306.0098 15.31705147284973
STARLINK-33829
1 63496U 25071D   26195.52348293  .00003007  00000+0  10862-3 0  9991
2 63496  53.1597 270.4418 0001116  83.0062 277.1067 15.31703473 72131
STARLINK-3953
1 52559U 22051AC  26195.51293109 -.00000143  00000+0  91299-5 0  9992
2 52559  53.1586 269.7099 0000983  88.5905 271.5199 15.08826975230722
STARLINK-33815
1 63497U 25071E   26195.51881644  .00004449  00000+0  15504-3 0  9992
2 63497  53.1578 270.4215 0001181  86.7837 273.3299 15.31700533 72193
STARLINK-3906
1 52585U 22051BB  26195.50922179 -.00000253  00000+0  21989-5 0  9997
2 52585  53.1595 269.5064 0001226  89.0890 271.0242 15.08829572230732
STARLINK-33804
1 63511U 25071U   26195.51414425  .00002366  00000+0  87998-4 0  9991
2 63511  53.1589 270.3518 0001448  56.4507 303.6633 15.31698982 71823
STARLINK-3917
1 52588U 22051BE  26195.50554587  .00000085  00000+0  23414-4 0  9990
2 52588  53.1591 269.5624 0001280  93.0343 267.0795 15.08829478230734
STARLINK-33785
1 63516U 25071Z   26195.50947304  .00002212  00000+0  82994-4 0  9993
2 63516  53.1585 270.3200 0001004  90.6448 269.4669 15.31705581 72175
STARLINK-3956
1 52560U 22051AD  26195.49816408  .00001253  00000+0  96782-4 0  9997
2 52560  53.1585 269.5948 0001086  84.2777 275.8338 15.08845714230723
STARLINK-33818
1 63502U 25071K   26195.47687216  .00008047  00000+0  28358-3 0  9992
2 63502  53.1591 270.8619 0001089  79.9913 280.1210 15.30192303 72180
STARLINK-33845
1 63495U 25071C   26195.47581499  .00001762  00000+0  71633-4 0  9991
2 63495  53.1597 270.8599 0001134  83.5806 276.5324 15.30191461 72164
STARLINK-35938
1 66644U 25271AD  26195.47483488  .00007435  00000+0  26292-3 0  9994
2 66644  53.1604 271.3319 0001590 100.9809 259.1370 15.30199665 36972
STARLINK-33796
1 63515U 25071Y   26195.47369616  .00005880  00000+0  21053-3 0  9994
2 63515  53.1596 270.8029 0000520  31.6908 328.4124 15.30194406 72188
STARLINK-35936
1 66620U 25271D   26195.47274877  .00021765  00000+0  74448-3 0  9996
2 66620  53.1589 271.3314 0001413  83.5070 276.6092 15.30215421 36977
STARLINK-33792
1 63506U 25071P   26195.47159265  .00001587  00000+0  65695-4 0  9992
2 63506  53.1596 270.8296 0001118  92.7760 267.3369 15.30193520 72135
STARLINK-35902
1 66626U 25271K   26195.47061744  .00012595  00000+0  43664-3 0  9996
2 66626  53.1602 271.3212 0001485  82.9025 277.2145 15.30200668 36971
STARLINK-35972
1 66638U 25271X   26195.46954116  .00019587  00000+0  67083-3 0  9991
2 66638  53.1607 271.3099 0001656  44.1104 316.0029 15.30242651 36971
STARLINK-32351
1 61529U 24183W   26195.46841262  .00002039  00000+0  80956-4 0  9992
2 61529  53.1604 270.6898 0001484  58.7972 301.3174 15.30200671 99102
STARLINK-33837
1 63501U 25071J   26195.53281767  .00007666  00000+0  25854-3 0  9993
2 63501  53.1591 270.5072 0000882  84.6829 275.4273 15.31701210 72133
STARLINK-35926
1 66642U 25271AB  26195.53170733  .00012082  00000+0  41932-3 0  9997
2 66642  53.1609 270.9840 0000738  93.8113 266.2972 15.30204849 36945
STARLINK-31045
1 58541U 23192L   26195.46526866 -.00001811  00000+0 -49070-4 0  9992
2 58541  53.1600 270.7231 0001154  64.5210 295.5910 15.30175929144306
STARLINK-35847
1 66621U 25271E   26195.46427948 -.00001414  00000+0 -35637-4 0  9994
2 66621  53.1606 271.2723 0001750  34.7026 325.4089 15.30180543 36979
STARLINK-35968
1 66636U 25271V   26195.52854526  .00008540  00000+0  30010-3 0  9997
2 66636  53.1603 270.9643 0001203  47.9890 312.1213 15.30202304 36980
STARLINK-34960
1 65219U 25176X   26195.51968872  .00018659  00000+0  56221-3 0  9990
2 65219  53.1583 281.8471 0001337  81.7930 278.3224 15.34387203 52565
STARLINK-2467
1 48126U 21027AL  26195.51709221  .00000848  00000+0  39093-4 0  9990
2 48126  53.1612 282.3591 0001126  78.6854 281.4274 15.31707873292125
STARLINK-34999
1 65222U 25176AA  26195.51758071  .00019389  00000+0  58376-3 0  9996
2 65222  53.1584 281.8374 0000982  97.4583 262.6531 15.34384949 52566
STARLINK-34996
1 65223U 25176AB  26195.51547445  .00010197  00000+0  31267-3 0  9996
2 65223  53.1584 281.8178 0000150 149.4876 210.6136 15.34382935 52566
STARLINK-3938
1 52566U 22051AK  26195.91670139  .00004522  00000+0  22420-3 0  9998
2 52566  53.1593 281.8729 0001771  27.0263  41.8669 15.19651167  5691
STARLINK-30616
1 58105U 23161J   26195.51337157 -.00001481  00000+0 -32724-4 0  9994
2 58105  53.1592 281.7503 0000919  75.8167 284.2938 15.34382283154033
STARLINK-3970
1 52706U 22053BC  26195.91670139  .00003332  00000+0  15540-3 0  9999
2 52706  53.1601 281.7403 0002381  56.1476  20.0433 15.22645257  5798
STARLINK-34865
1 65200U 25176C   26195.51126639  .00009511  00000+0  29230-3 0  9994
2 65200  53.1592 281.8053 0001065  95.6275 264.4849 15.34397253 52560
STARLINK-3955
1 52561U 22051AE  26195.91670139  .00005376  00000+0  21252-3 0  9993
2 52561  53.1605 281.5531 0001879  52.6277  39.3151 15.27073589  5644
STARLINK-34907
1 65213U 25176R   26195.50916270  .00003480  00000+0  11410-3 0  9995
2 65213  53.1597 281.7861 0000781  77.4791 282.6299 15.34389163 52562
STARLINK-34901
1 65207U 25176K   26195.50705585  .00014840  00000+0  44941-3 0  9990
2 65207  53.1586 281.7732 0001021  68.6714 291.4397 15.34405112 52565
STARLINK-3844
1 52705U 22053BB  26195.91670139  .00001032  00000+0  53228-4 0  9999
2 52705  53.1594 281.7185 0002022  56.6721  51.1610 15.25710059  5793
STARLINK-4020
1 52703U 22053AZ  26195.91670139  .00004033  00000+0  19131-3 0  9995
2 52703  53.1590 281.7602 0002205 122.2969 350.8606 15.21492806  5795
STARLINK-34941
1 65210U 25176N   26195.50495794  .00015053  00000+0  45589-3 0  9998
2 65210  53.1588 281.7601 0001110  72.9982 287.1142 15.34390892 52568
STARLINK-31523
1 59220U 24046V   26195.53493816 -.00001332  00000+0 -28328-4 0  9993
2 59220  53.1592 283.7811 0000863  94.8098 265.3003 15.34386145132498
STARLINK-31517
1 59213U 24046N   26195.53283313 -.00000073  00000+0  89865-5 0  9998
2 59213  53.1613 283.7995 0001261 104.1177 255.9966 15.34395207132495
STARLINK-31576
1 59208U 24046H   26195.53072882  .00001217  00000+0  47153-4 0  9992
2 59208  53.1591 283.7584 0000809  79.5448 280.5646 15.34391628132505
STARLINK-31604
1 59214U 24046P   26195.52862324  .00000581  00000+0  28320-4 0  9994
2 59214  53.1604 283.7429 0000936  93.6147 266.4963 15.34394946132498
STARLINK-31591
1 59207U 24046G   26195.52651988 -.00000929  00000+0 -16390-4 0  9990
2 59207  53.1587 283.7357 0000859 102.9622 257.1476 15.34391666132500
STARLINK-31602
1 59202U 24046B   26195.52441317  .00000227  00000+0  17864-4 0  9994
2 59202  53.1599 283.7167 0001357 136.7401 223.3708 15.34391772132502
STARLINK-31518
1 59219U 24046U   26195.52020963 -.00000734  00000+0 -10584-4 0  9999
2 59219  53.1591 283.6904 0001179 107.8949 252.2182 15.34389988132499
STARLINK-32461
1 61701U 24195Q   26195.51812634 -.00000494  00000+0 -35034-5 0  9997
2 61701  53.1607 283.8391 0001137  97.4163 262.6969 15.34386451 96639
STARLINK-31499
1 59217U 24046S   26195.51600064 -.00000626  00000+0 -74148-5 0  9999
2 59217  53.1585 283.6630 0000997  97.5721 262.5395 15.34385532132497
STARLINK-31516
1 59221U 24046W   26195.51179500 -.00001082  00000+0 -20914-4 0  9998
2 59221  53.1596 283.6389 0001014  86.5481 273.5638 15.34385972132497
STARLINK-32299
1 61702U 24195R   26195.50970812 -.00000684  00000+0 -91148-5 0  9999
2 61702  53.1588 283.7834 0001005  80.7939 279.3177 15.34390507 96700
STARLINK-31421
1 59218U 24046T   26195.50758825  .00000051  00000+0  12626-4 0  9990
2 59218  53.1589 283.6393 0000740  97.7425 262.3661 15.34392267132494
STARLINK-4007
1 52707U 22053BD  26195.56543837  .00009955  00000+0  59652-3 0  9994
2 52707  53.2151 283.6322 0000629  12.9599 347.1410 15.11569790230546
STARLINK-31601
1 59209U 24046J   26195.50548230 -.00000551  00000+0 -51745-5 0  9990
2 59209  53.1595 283.6006 0001432 108.3621 251.7538 15.34383782132507
STARLINK-3201
1 49771U 21115AZ  26195.91670139  .00001304  00000+0  56568-4 0  9998
2 49771  53.1607 285.6737 0001210 122.8054 215.2483 15.29932429  5709
STARLINK-3227
1 49765U 21115AT  26195.52754028  .00002244  00000+0  84039-4 0  9996
2 49765  53.1601 285.6731 0001069  78.1832 281.9289 15.31704624254885
STARLINK-3193
1 49754U 21115AG  26195.91670139  .00005179  00000+0  18071-3 0  9999
2 49754  53.1603 285.6243 0001124  73.1663 284.4206 15.31301558  5792
STARLINK-3312
1 50850U 22001AZ  26196.00002315  .00000208  00000+0  22937-4 0  9994
2 50850  53.1598 285.8619 0001135  61.0021  60.0031 15.22530086  5760
STARLINK-31490
1 59222U 24046X   26195.51707471 -.00001647  00000+0 -43519-4 0  9996
2 59222  53.1597 286.4999 0001055  91.4529 268.6593 15.30191091132454
STARLINK-31420
1 59223U 24046Y   26195.51390836 -.00000351  00000+0  26719-6 0  9995
2 59223  53.1605 286.4801 0000894  96.7086 263.4017 15.30188876132454
STARLINK-4278
1 53182U 22083BC  26195.91670139  .00007057  00000+0  25637-3 0  9997
2 53182  53.1598 285.6247 0001651  62.9796  15.7786 15.29392060  5790
STARLINK-32515
1 61705U 24195U   26195.57186473 -.00000149  00000+0  70994-5 0  9992
2 61705  53.1605 286.2916 0001130  62.0501 298.0614 15.30188505 96601
STARLINK-31247
1 59206U 24046F   26195.56972910 -.00004404  00000+0 -13672-3 0  9995
2 59206  53.1607 286.1185 0000790  75.0454 285.0635 15.30185378132475
STARLINK-31520
1 59210U 24046K   26195.56656367 -.00000109  00000+0  84480-5 0  9999
2 59210  53.1607 286.1001 0001187  78.5751 281.5383 15.30189242132471
STARLINK-32539
1 62022U 24213Q   26195.56447993  .00006749  00000+0  23981-3 0  9995
2 62022  53.1599 286.2860 0000994  89.6665 270.4450 15.30194793 92757
STARLINK-3987
1 52699U 22053AV  26195.91670139  .00004363  00000+0  16371-3 0  9998
2 52699  53.1583 285.6812 0001374  88.2030  61.3860 15.29300397  5745
STARLINK-4169
1 53280U 22086AQ  26195.91670139 -.00000599  00000+0 -11535-4 0  9998
2 53280  53.1584 286.3030 0001967 120.7703  46.6188 15.22267278  5742
STARLINK-31586
1 59205U 24046E   26195.55600633  .00000908  00000+0  42794-4 0  9994
2 59205  53.1600 286.0383 0001212  87.7017 272.4123 15.30199955132479
STARLINK-35160
1 65911U 25225B   26195.51812306  .00008125  00000+0  25136-3 0  9992
2 65911  53.1596 295.3410 0000987 113.0512 247.0595 15.34395994 43847
STARLINK-35513
1 65930U 25225W   26195.51601909  .00005775  00000+0  18193-3 0  9991
2 65930  53.1606 295.3225 0001396 102.6711 257.4448 15.34396657 43843
STARLINK-35492
1 65926U 25225S   26195.57905234  .00014930  00000+0  45236-3 0  9991
2 65926  53.1588 295.0009 0000898  67.1263 292.9834 15.34382792 43856
STARLINK-2412
1 48094U 21027C   26195.57648553  .00001271  00000+0  52707-4 0  9998
2 48094  53.1613 295.3597 0000626  62.3537 297.7528 15.31704065291954
STARLINK-35192
1 65933U 25225Z   26195.57695808  .00013298  00000+0  40432-3 0  9991
2 65933  53.1596 294.9921 0001205  74.3963 285.7172 15.34374213 43858
STARLINK-35508
1 65912U 25225C   26195.57484437  .00005150  00000+0  16350-3 0  9992
2 65912  53.1585 294.9814 0000714  98.0715 262.0369 15.34387233 43858
STARLINK-34994
1 65924U 25225Q   26195.57273904  .00002023  00000+0  71004-4 0  9994
2 65924  53.1594 294.9619 0001002 103.5564 256.5550 15.34387869 43854
STARLINK-2454
1 48116U 21027AA  26195.57183954  .00003195  00000+0  11459-3 0  9997
2 48116  53.1595 295.4894 0001122  65.4160 294.6958 15.31720734291940
STARLINK-35484
1 65923U 25225P   26195.57063854  .00010221  00000+0  31345-3 0  9996
2 65923  53.1595 294.9506 0001001  78.4542 281.6573 15.34375914 43856
STARLINK-35494
1 65927U 25225T   26195.56853404  .00018995  00000+0  57229-3 0  9992
2 65927  53.1585 294.9413 0001047  82.4134 277.6988 15.34377401 43856
STARLINK-2466
1 48125U 21027AK  26195.56713764  .00002573  00000+0  94621-4 0  9996
2 48125  53.1595 295.2484 0001127  74.4362 285.6763 15.31710501291947
STARLINK-35544
1 65922U 25225N   26195.56642795  .00002072  00000+0  72480-4 0  9992
2 65922  53.1596 294.9293 0001104  94.5800 265.5329 15.34382764 43850
STARLINK-30606
1 58109U 23161N   26195.49920374  .00000150  00000+0  15590-4 0  9996
2 58109  53.1615 295.3191 0001233 106.1364 253.9774 15.34389559153857
STARLINK-2475
1 48133U 21027AT  26195.56245273  .00001412  00000+0  57255-4 0  9993
2 48133  53.1607 295.0730 0001002  57.6192 302.4907 15.31707740291958
STARLINK-3226
1 49740U 21115S   26195.56292164  .00001069  00000+0  46194-4 0  9995
2 49740  53.1602 296.0549 0000709  59.6237 300.4835 15.31704120254734
STARLINK-35526
1 65931U 25225X   26195.56229214  .00006395  00000+0  22788-3 0  9996
2 65931  53.1591 296.3097 0000782 110.7692 249.3393 15.30194574 43839
STARLINK-30493
1 58116U 23161V   26195.56020860 -.00000736  00000+0 -12736-4 0  9994
2 58116  53.1608 296.4049 0001065  80.4703 279.6418 15.30188926153845
STARLINK-35436
1 65932U 25225Y   26195.55913463  .00010597  00000+0  36938-3 0  9993
2 65932  53.1593 296.2861 0001076  58.8091 301.3015 15.30201181 43835
STARLINK-35521
1 65916U 25225G   26195.56021952 -.00015024  00000+0 -43531-3 0  9998
2 65916  53.1597 295.5980 0000846  98.6616 261.4482 15.34336462 43844
STARLINK-3244
1 49741U 21115T   26195.55826390  .00000732  00000+0  35329-4 0  9993
2 49741  53.1611 296.1049 0000899  50.6401 309.4680 15.31703928254737
STARLINK-30595
1 58111U 23161Q   26195.55704419 -.00002131  00000+0 -59848-4 0  9993
2 58111  53.1613 296.3858 0001040  72.9898 287.1217 15.30193029153848
STARLINK-35516
1 65918U 25225J   26195.55596492  .00007525  00000+0  26604-3 0  9992
2 65918  53.1598 296.2744 0000905  81.4306 278.6798 15.30186266 43835
STARLINK-30596
1 58110U 23161P   26195.55601269 -.00000833  00000+0 -13543-4 0  9990
2 58110  53.1608 295.6713 0001103  99.7906 260.3221 15.34389588153850
STARLINK-30593
1 58112U 23161R   26195.55387186  .00000613  00000+0  32815-4 0  9998
2 58112  53.1611 296.3626 0001159  93.2747 266.8387 15.30193266153845
STARLINK-33921
1 65934U 25225AA  26195.55280267  .00008268  00000+0  29096-3 0  9993
2 65934  53.1602 296.2503 0001205  76.0967 284.0168 15.30199122 42947
STARLINK-30572
1 58114U 23161T   26195.55070744  .00000635  00000+0  33562-4 0  9993
2 58114  53.1623 296.3436 0001293  97.6122 262.5026 15.30189632153848
STARLINK-35519
1 65919U 25225K   26195.55179398 -.00020375  00000+0 -59434-3 0  9992
2 65919  53.1604 295.5399 0001046  93.4137 266.6985 15.34356331 43846
STARLINK-35473
1 65937U 25225AD  26195.54968415  .00006539  00000+0  20461-3 0  9999
2 65937  53.1591 295.5285 0000955  79.4290 280.6820 15.34383184 42958
STARLINK-34817
1 65362U 25190M   26195.54177800  .00012068  00000+0  36781-3 0  9998
2 65362  53.1597 297.0633 0001337 100.2887 259.8266 15.34393385 49201
STARLINK-34244
1 65351U 25190A   26195.60481347  .00019287  00000+0  58051-3 0  9991
2 65351  53.1604 296.7758 0000990  71.8336 288.2774 15.34399864 49217
STARLINK-2481
1 48138U 21027AY  26195.60039792  .00001265  00000+0  52517-4 0  9992
2 48138  53.1612 297.2629 0001236  49.1588 310.9520 15.31704737291929
STARLINK-4117
1 53169U 22083AP  26195.91670139 -.00003142  00000+0 -11376-3 0  9990
2 53169  53.1591 297.2425 0001140  88.8710 220.0949 15.24191870  5749
STARLINK-30533
1 58037U 23156K   26195.60066730  .00005337  00000+0  16902-3 0  9999
2 58037  53.1598 297.2498 0000789  90.6582 269.4511 15.34390685154485
STARLINK-34913
1 65369U 25190U   26195.59858425  .00004478  00000+0  14362-3 0  9996
2 65369  53.1593 297.4159 0000947 102.7868 257.3241 15.34389733 49201
STARLINK-31630
1 59271U 24050T   26195.59434071  .00002241  00000+0  77495-4 0  9995
2 59271  53.1601 296.9449 0001123  51.5797 308.5307 15.34380765130187
STARLINK-34860
1 65357U 25190G   26195.59227191  .00008439  00000+0  26064-3 0  9996
2 65357  53.1583 297.3824 0001016 132.0876 228.0214 15.34396470 48736
STARLINK-34943
1 65366U 25190R   26195.58806513  .00004743  00000+0  15146-3 0  9999
2 65366  53.1594 297.3555 0001107  54.9845 305.1262 15.34394020 48737
STARLINK-34797
1 65363U 25190N   26195.58596108  .00006816  00000+0  21273-3 0  9993
2 65363  53.1595 297.3389 0000989  66.5333 293.5773 15.34392568 49203
STARLINK-2428
1 48099U 21027H   26195.58175559  .00002123  00000+0  80130-4 0  9993
2 48099  53.1605 297.3826 0001131  69.4319 290.6804 15.31709020291916
STARLINK-2449
1 48112U 21027W   26195.58141600  .00001325  00000+0  54437-4 0  9993
2 48112  53.1607 297.3713 0001044  96.7188 263.3932 15.31709362291928
STARLINK-30547
1 58044U 23156S   26195.58173118 -.00000777  00000+0 -11876-4 0  9994
2 58044  53.1608 297.1080 0000973  97.7401 262.3712 15.34389409154481
STARLINK-3200
1 49753U 21115AF  26195.91670139  .00004671  00000+0  22539-3 0  9998
2 49753  53.1604 297.0373 0001611  53.8155   8.2664 15.20528075  5800
STARLINK-3225
1 49737U 21115P   26195.58742889 -.00001352  00000+0 -66887-4 0  9995
2 49737  53.1606 299.1976 0001167  85.4508 274.6616 15.08834743254692
STARLINK-3143
1 49738U 21115Q   26195.58573870  .00009312  00000+0  55370-3 0  9994
2 49738  53.2172 298.6730 0000185 103.3193 256.7821 15.11925979254700
STARLINK-30554
1 58048U 23156W   26195.58815190 -.00000595  00000+0 -79668-5 0  9993
2 58048  53.1587 298.6090 0000784  95.7787 264.3303 15.30195033154418
STARLINK-34716
1 65352U 25190B   26195.58712318  .00005665  00000+0  20314-3 0  9990
2 65352  53.1592 298.7673 0000795  86.8038 273.3054 15.30213200 49187
STARLINK-32561
1 62026U 24213U   26195.58499556  .00003856  00000+0  14226-3 0  9991
2 62026  53.1591 298.6675 0000767 354.1228   5.9764 15.30194755 92585
STARLINK-4030
1 52698U 22053AU  26195.64262302 -.00000316  00000+0 -17420-5 0  9990
2 52698  53.1603 298.9399 0001118  88.8769 271.2351 15.08831749230244
STARLINK-34729
1 65364U 25190P   26195.58078900  .00004876  00000+0  17670-3 0  9999
2 65364  53.1586 298.7204 0000766  92.1534 267.9554 15.30191190 49606
STARLINK-32504
1 62024U 24213S   26195.57867247  .00017797  00000+0  61121-3 0  9999
2 62024  53.1575 298.6336 0000901  55.1960 304.9125 15.30219602 92582
STARLINK-34823
1 65355U 25190E   26195.57762470  .00012298  00000+0  42667-3 0  9991
2 65355  53.1583 298.7037 0000619  87.4062 272.7010 15.30199308 49180
STARLINK-30562
1 58033U 23156F   26195.57548794  .00001154  00000+0  51088-4 0  9994
2 58033  53.1607 298.5238 0001427 107.6280 252.4876 15.30196470154468
STARLINK-34900
1 65374U 25190Z   26195.57446689  .00000951  00000+0  44244-4 0  9990
2 65374  53.1592 298.6799 0000765  83.0372 277.0715 15.30183835 48663
STARLINK-4018
1 52697U 22053AT  26195.56630191 -.00000981  00000+0 -43523-4 0  9995
2 52697  53.1627 299.2961 0001321  96.1461 263.9681 15.08835757230242
STARLINK-34305
1 65375U 25190AA  26195.57234758  .00001971  00000+0  78668-4 0  9993
2 65375  53.1584 298.6603 0000849  92.0965 268.0133 15.30190287 49181
STARLINK-4033
1 52702U 22053AY  26195.56534544 -.00000488  00000+0 -12604-4 0  9995
2 52702  53.1609 299.3262 0001075  91.6255 268.4859 15.08833844230243
STARLINK-37074
1 68073U 26042E   26195.57759926  .00016727  00000+0  50498-3 0  9992
2 68073  53.1605 307.1126 0000818  95.7416 264.3680 15.34406458 21760
STARLINK-36973
1 68078U 26042K   26195.57549632  .00017535  00000+0  52875-3 0  9997
2 68078  53.1600 307.1001 0001156  86.1287 273.9847 15.34408624 21766
STARLINK-36790
1 68095U 26042AC  26195.57339119  .00010792  00000+0  33013-3 0  9994
2 68095  53.1608 307.0844 0000942 100.0619 260.0490 15.34395191 21758
STARLINK-37037
1 68084U 26042R   26195.57129183  .00010418  00000+0  31915-3 0  9994
2 68084  53.1598 307.0737 0001069  71.4320 288.6798 15.34389896 21769
STARLINK-2703
1 48452U 21040AA  26195.63540867  .00000310  00000+0  21740-4 0  9993
2 48452  53.1594 307.4673 0000906  69.8553 290.2546 15.31711096286135
STARLINK-34208
1 64740U 25144S   26195.63431520  .00012299  00000+0  37459-3 0  9997
2 64740  53.1606 306.7192 0000946  79.5385 280.5724 15.34395953 59210
STARLINK-36972
1 68072U 26042D   26195.63221431  .00009105  00000+0  28034-3 0  9996
2 68072  53.1603 306.7397 0000771  96.9297 263.1793 15.34392135 21779
STARLINK-36320
1 68090U 26042X   26195.63010360  .00001803  00000+0  64543-4 0  9996
2 68090  53.1591 306.7321 0000805  94.7354 265.3741 15.34366178 21775
STARLINK-34556
1 64733U 25144K   26195.62802109  .00038260  00000+0  11370-2 0  9992
2 64733  53.1610 306.6809 0002299  38.6613 321.4554 15.34419353 59211
STARLINK-2620
1 48453U 21040AB  26195.62610381  .00000820  00000+0  38189-4 0  9993
2 48453  53.1626 307.4846 0001120  78.1302 281.9825 15.31681579286137
STARLINK-37062
1 68087U 26042U   26195.62589906  .00000968  00000+0  39784-4 0  9998
2 68087  53.1598 306.6930 0001077  67.8928 292.2189 15.34385768 21774
STARLINK-36787
1 68094U 26042AB  26195.62379864  .00012131  00000+0  36965-3 0  9998
2 68094  53.1596 306.6875 0001109 101.4121 258.7007 15.34393342 21766
STARLINK-2654
1 48454U 21040AC  26195.62142983  .00000691  00000+0  34019-4 0  9996
2 48454  53.1609 307.4941 0001091  70.2812 289.8307 15.31703821286138
STARLINK-36324
1 68091U 26042Y   26195.55655943  .00005227  00000+0  16576-3 0  9996
2 68091  53.1607 306.9819 0001195 107.2856 252.8277 15.34390368 21760
STARLINK-34591
1 64734U 25144L   26195.58214934  .00020986  00000+0  64742-3 0  9999
2 64734  53.1620 311.3587 0001348  87.0877 273.0280 15.33559326 59125
STARLINK-31639
1 59261U 24050H   26195.58059706 -.00005663  00000+0 -17081-3 0  9998
2 59261  53.1593 311.0724 0000662  95.1216 264.9861 15.31709808129984
STARLINK-31609
1 59269U 24050R   26195.58023575 -.00001161  00000+0 -23233-4 0  9997
2 59269  53.1608 311.0644 0001049  83.6727 276.4395 15.34384967129987
STARLINK-3342
1 50816U 22001P   26195.64005495  .00012038  00000+0  58524-3 0  9991
2 50816  53.2124 311.1915 0000459 313.4913  46.6045 15.18828065249680
STARLINK-32648
1 62301U 24239A   26195.64323719  .00015038  00000+0  45530-3 0  9996
2 62301  53.1596 310.5672 0000873  46.4858 313.6217 15.34401294 89014
STARLINK-31627
1 59268U 24050Q   26195.64114600  .00013619  00000+0  41291-3 0  9995
2 59268  53.1612 310.7314 0002686  36.4344 323.6841 15.34442900129994
STARLINK-31646
1 59265U 24050M   26195.63905567  .00001278  00000+0  48973-4 0  9994
2 59265  53.1606 310.7197 0001421  61.6205 298.4940 15.34386881129999
STARLINK-31579
1 59267U 24050P   26195.63723736 -.00005133  00000+0 -16154-3 0  9993
2 59267  53.1595 311.4204 0000737 110.2658 249.8422 15.30158934129983
STARLINK-34557
1 64726U 25144C   26195.63698470  .00008950  00000+0  27578-3 0  9990
2 64726  53.1604 310.9952 0001286 124.5554 235.5570 15.34391986 59154
STARLINK-32481
1 62320U 24239V   26195.63506349  .00003409  00000+0  12717-3 0  9998
2 62320  53.1604 311.2184 0001135  64.9528 295.1591 15.30197367 89009
STARLINK-31171
1 58834U 24017J   26195.63483957  .00004288  00000+0  13798-3 0  9992
2 58834  53.1610 310.7128 0001089  99.7688 260.3437 15.34398416139825
STARLINK-31629
1 59255U 24050B   26195.63298878 -.00000667  00000+0 -10396-4 0  9994
2 59255  53.1599 311.3926 0001516  54.7847 305.3296 15.30192754129987
STARLINK-31598
1 59263U 24050K   26195.63273991  .00000096  00000+0  13968-4 0  9994
2 59263  53.1597 310.6655 0001250  71.4164 288.6975 15.34388297129999
STARLINK-31506
1 59259U 24050F   26195.62981657  .00001475  00000+0  61910-4 0  9995
2 59259  53.1619 311.3730 0001288  94.4983 265.6165 15.30196806129980
STARLINK-34619
1 64737U 25144P   26195.63621374  .00022034  00000+0  75349-3 0  9999
2 64737  53.1604 311.6915 0001254  43.3425 316.7674 15.30215733 59140
STARLINK-34581
1 64745U 25144X   26195.63408100  .00014087  00000+0  48686-3 0  9991
2 64745  53.1596 311.6775 0000672 104.8219 255.2857 15.30198638 59144
STARLINK-34242
1 64727U 25144D   26195.63197254  .00009532  00000+0  33357-3 0  9994
2 64727  53.1599 311.6691 0000999 106.0622 254.0489 15.30195331 59143
STARLINK-32580
1 62075U 24217U   26195.56243595  .00005116  00000+0  18478-3 0  9991
2 62075  53.1591 311.9796 0001309  95.4073 264.7077 15.30195631 93024
STARLINK-31595
1 59273U 24050V   26195.56134191  .00000095  00000+0  15312-4 0  9999
2 59273  53.1602 311.6691 0000753  91.2997 268.8090 15.30192723129978
STARLINK-34607
1 64742U 25144U   26195.62564051  .00007117  00000+0  25220-3 0  9990
2 64742  53.1583 311.6246 0000788  94.3272 265.7819 15.30194567 59129
STARLINK-4054
1 53158U 22083AC  26195.91670139  .00014130  00000+0  61597-3 0  9995
2 53158  53.1599 311.7828 0001426  71.1335  99.3520 15.22447950  5809
STARLINK-34562
1 64725U 25144B   26195.55927646  .00015091  00000+0  52019-3 0  9992
2 64725  53.1577 311.9303 0000522  51.1538 308.9509 15.30225081 59113
STARLINK-34587
1 64735U 25144M   26195.62249359  .00018109  00000+0  62156-3 0  9995
2 64735  53.1578 311.6156 0001316  95.2402 264.8749 15.30224687 59093
STARLINK-34130
1 64736U 25144N   26195.49198249  .00007055  00000+0  21978-3 0  9997
2 64736  53.1597 311.5050 0001137  91.9436 268.1697 15.34391932 59134
STARLINK-34471
1 64739U 25144R   26195.61930807  .00012771  00000+0  44257-3 0  9994
2 64739  53.1588 311.5874 0000989  79.7208 280.3905 15.30200109 59089
STARLINK-34588
1 64729U 25144F   26195.55293984  .00004818  00000+0  17472-3 0  9996
2 64729  53.1589 311.8895 0001115  94.2004 265.9124 15.30196829 59134
STARLINK-34595
1 64749U 25144AB  26195.61614311  .00001947  00000+0  77855-4 0  9998
2 64749  53.1593 311.5622 0000999  80.7041 279.4073 15.30188471 59144
STARLINK-34536
1 64748U 25144AA  26195.61508709  .00007108  00000+0  25189-3 0  9997
2 64748  53.1594 311.5588 0001121  97.9997 262.1131 15.30200574 59146
STARLINK-35752
1 66275U 25247L   26195.64126175  .00004761  00000+0  15198-3 0  9995
2 66275  53.1600 320.8407 0001301 100.2817 259.8333 15.34396093 40483
STARLINK-1513
1 45786U 20038BJ  26195.63847988 -.00013225  00000+0 -41545-3 0  9995
2 45786  53.1604 320.5168 0001386  69.8243 290.2907 15.31675623336297
STARLINK-4094
1 53147U 22083R   26195.63658465  .00000350  00000+0  20931-4 0  9997
2 53147  53.1624 320.7302 0001046  73.3798 286.7320 15.35401419221082
STARLINK-35774
1 66283U 25247U   26195.63494878  .00008178  00000+0  25299-3 0  9990
2 66283  53.1594 320.7958 0001097 103.4480 256.6645 15.34389125 40486
STARLINK-35745
1 66271U 25247G   26195.63285432  .00020550  00000+0  61815-3 0  9993
2 66271  53.1594 320.7907 0001216  70.1156 289.9977 15.34375619 40536
STARLINK-35727
1 66281U 25247S   26195.63073699  .00006011  00000+0  18888-3 0  9992
2 66281  53.1596 320.7699 0000774  70.0143 290.0943 15.34402853 40481
STARLINK-1152
1 45096U 20006BE  26195.63395500  .00048455  00000+0  75293-3 0  9990
2 45096  53.0328 320.8630 0003583 286.4886  73.5729 15.53483643357224
STARLINK-35776
1 66282U 25247T   26195.62652900  .00007763  00000+0  24067-3 0  9991
2 66282  53.1589 320.7431 0000796 107.7864 252.3225 15.34396210 40483
STARLINK-2685
1 48468U 21040AS  26195.62454460  .00000559  00000+0  29763-4 0  9990
2 48468  53.1601 320.7588 0001138  85.0765 275.0367 15.31710491285956
STARLINK-35069
1 66268U 25247D   26195.62442589  .00015964  00000+0  48269-3 0  9997
2 66268  53.1588 320.7385 0000794 154.4705 205.6337 15.34394876 40486
STARLINK-4101
1 53142U 22083L   26195.62238441  .00000066  00000+0  13327-4 0  9994
2 53142  53.1617 321.0733 0001002  79.4178 280.6937 15.33549950220438
STARLINK-2661
1 48469U 21040AT  26195.61985173  .00000508  00000+0  28123-4 0  9993
2 48469  53.1613 320.5915 0001227  66.7576 293.3554 15.31716592285956
STARLINK-35760
1 66274U 25247K   26195.62022220  .00012141  00000+0  37009-3 0  9994
2 66274  53.1605 320.7145 0000719  90.0034 270.1052 15.34380682 40485
STARLINK-35724
1 66279U 25247Q   26195.61811255  .00010653  00000+0  32601-3 0  9991
2 66279  53.1603 320.6929 0000714 129.9188 230.1878 15.34396439 40483
STARLINK-32447
1 61261U 24175U   26195.67335548 -.00000007  00000+0  10914-4 0  9995
2 61261  53.1608 322.9213 0000968  84.3952 275.7161 15.34386387100915
STARLINK-2494
1 48487U 21040BM  26195.67218934 -.00000023  00000+0  11028-4 0  9992
2 48487  53.1612 323.2049 0001091  77.3494 282.7629 15.31700858285929
STARLINK-32553
1 62071U 24217Q   26195.67120890  .00008247  00000+0  25499-3 0  9990
2 62071  53.1610 322.6078 0001081 100.2551 259.8574 15.34394925 92934
STARLINK-32431
1 61256U 24175P   26195.66704155  .00000418  00000+0  23521-4 0  9995
2 61256  53.1619 322.8794 0001314  64.5750 295.5389 15.34390566100912
STARLINK-4102
1 53143U 22083M   26195.66251275  .00000308  00000+0  33068-4 0  9992
2 53143  53.1627 322.8786 0000558 355.9530   4.1460 15.14256592220409
STARLINK-32604
1 62070U 24217P   26195.66489539  .00003477  00000+0  11401-3 0  9994
2 62070  53.1606 322.5662 0001021  99.1286 260.9832 15.34394899 92885
STARLINK-2531
1 48483U 21040BH  26195.66287399  .00000379  00000+0  23986-4 0  9997
2 48483  53.1616 323.3016 0001249  65.9443 294.1689 15.31703052285917
STARLINK-32432
1 61257U 24175Q   26195.59559785 -.00001027  00000+0 -19267-4 0  9996
2 61257  53.1616 323.1484 0001193  49.8877 310.2230 15.34389379100900
STARLINK-32619
1 62074U 24217T   26195.59344800  .00014628  00000+0  44328-3 0  9995
2 62074  53.1593 322.8350 0001232 129.2957 230.8155 15.34395487 92872
STARLINK-32444
1 62073U 24217S   26195.65648075  .00011953  00000+0  36428-3 0  9992
2 62073  53.1595 322.5330 0000855 125.3293 234.7790 15.34404303 92885
STARLINK-31263
1 58832U 24017G   26195.58925566  .00000725  00000+0  32586-4 0  9990
2 58832  53.1604 322.9233 0000781  74.2109 285.8980 15.34392643139766
STARLINK-32698
1 62312U 24239M   26195.65229586  .00008892  00000+0  27400-3 0  9992
2 62312  53.1589 322.6921 0000355 109.2571 250.8470 15.34396187 88841
STARLINK-31250
1 58839U 24017P   26195.65019222 -.00002269  00000+0 -56086-4 0  9996
2 58839  53.1609 322.5923 0001031  88.8106 271.3015 15.34382948139617
STARLINK-2525
1 48482U 21040BG  26195.64886363  .00000842  00000+0  38897-4 0  9992
2 48482  53.1615 323.1858 0001155  89.7918 270.3216 15.31710614285918
STARLINK-34854
1 65337U 25189Q   26195.65198330  .00009121  00000+0  30527-3 0  9999
2 65337  53.1609 336.4237 0001127 114.7591 245.3528 15.31707263 50499
STARLINK-30321
1 57679U 23124S   26195.71593379 -.00000664  00000+0 -85126-5 0  9997
2 57679  53.1630 336.2682 0002079  43.7957 316.3210 15.34400950163026
STARLINK-3796
1 52372U 22045AT  26195.91670139  .00091130  00000+0  26227-2 0  9995
2 52372  53.1603 335.9907 0001167  47.5452 352.4496 15.35030256  5791
STARLINK-30298
1 57665U 23124C   26195.71383532  .00001610  00000+0  58781-4 0  9996
2 57665  53.1619 336.2478 0000817  93.3987 266.7109 15.34393862163021
STARLINK-34831
1 65345U 25189Y   26195.71256886  .00014193  00000+0  46811-3 0  9994
2 65345  53.1620 336.0895 0001367  29.2285 330.8793 15.31710416 50570
STARLINK-30274
1 57672U 23124K   26195.71175608 -.00010752  00000+0 -30755-3 0  9996
2 57672  53.1629 336.2812 0000895  58.9577 301.1514 15.34399745163020
STARLINK-30283
1 57680U 23124T   26195.91670139  .00055937  00000+0  16068-2 0  9998
2 57680  53.1602 335.9318 0001342  47.9139  21.5713 15.35317537  5712
STARLINK-34777
1 65339U 25189S   26195.70789915  .00007109  00000+0  24055-3 0  9995
2 65339  53.1621 336.0626 0000892  95.6714 264.4389 15.31710647 50571
STARLINK-3785
1 52375U 22045AW  26195.91670139  .00059729  00000+0  18452-2 0  9997
2 52375  53.1598 335.9355 0001613  53.7268  35.3743 15.32989471  5740
STARLINK-34751
1 65338U 25189R   26195.70322961  .00011948  00000+0  39599-3 0  9993
2 65338  53.1610 336.0316 0000607 109.0816 251.0251 15.31714715 50560
STARLINK-34881
1 65347U 25189AA  26195.70291337  .00017639  00000+0  57814-3 0  9998
2 65347  53.1610 336.0361 0001182  34.2929 325.8149 15.31737649 50560
STARLINK-34880
1 65327U 25189E   26195.91670139  .00028242  00000+0  84456-3 0  9994
2 65327  53.1599 335.7294 0001068  79.4761  31.2068 15.34372932  5823
STARLINK-34602
1 65333U 25189L   26195.69856527  .00018498  00000+0  60628-3 0  9990
2 65333  53.1608 336.0018 0001088  69.1922 290.9196 15.31704928 50564
STARLINK-34885
1 65328U 25189F   26195.69822979  .00007099  00000+0  24020-3 0  9999
2 65328  53.1602 336.0043 0001016 124.2419 235.8679 15.31713191 50505
STARLINK-35642
1 66398U 25257U   26195.73446987  .00007817  00000+0  24226-3 0  9995
2 66398  53.1608 344.8597 0000926  58.7343 301.3750 15.34398686 39211
STARLINK-32249
1 60444U 24144V   26195.73234595 -.00000482  00000+0 -31267-5 0  9993
2 60444  53.1614 344.6469 0001006  48.8013 311.3077 15.34384823108830
STARLINK-3754
1 52350U 22045V   26195.91670139  .00030415  00000+0  87965-3 0  9997
2 52350  53.1595 345.4463 0000871  77.2234 227.2690 15.35387921  5798
STARLINK-32222
1 60435U 24144L   26195.73024047 -.00000363  00000+0  39347-6 0  9997
2 60435  53.1627 344.6290 0001307 106.3512 253.7634 15.34388956108798
STARLINK-35657
1 66399U 25257V   26195.72815888  .00007582  00000+0  23535-3 0  9996
2 66399  53.1608 344.8198 0000808 120.0507 240.0576 15.34394686 39203
STARLINK-3807
1 52353U 22045Y   26195.91670139  .00031787  00000+0  97406-3 0  9994
2 52353  53.1592 345.4364 0001191  82.9902 247.1242 15.33538322  5794
STARLINK-35683
1 66405U 25257AB  26195.72605128  .00016983  00000+0  51261-3 0  9990
2 66405  53.1605 344.8015 0001094 146.2406 213.8666 15.34400898 39146
STARLINK-32229
1 60436U 24144M   26195.65879445 -.00000487  00000+0 -32990-5 0  9993
2 60436  53.1625 344.8995 0000927  32.3830 327.7229 15.34387276108784
STARLINK-32240
1 60438U 24144P   26195.65668834 -.00000117  00000+0  76684-5 0  9990
2 60438  53.1611 344.8861 0000654  89.1710 270.9368 15.34387675108828
STARLINK-32252
1 60442U 24144T   26195.71972247  .00004848  00000+0  15458-3 0  9992
2 60442  53.1622 344.5663 0001717  49.9425 310.1728 15.34388030108834
STARLINK-32195
1 60440U 24144R   26195.71761435 -.00000342  00000+0  10193-5 0  9994
2 60440  53.1630 344.5558 0001070  83.7763 276.3362 15.34389059108791
STARLINK-35667
1 66400U 25257W   26195.65039405  .00007951  00000+0  24622-3 0  9992
2 66400  53.1606 345.0346 0001483 139.0898 221.0216 15.34397599 39201
STARLINK-35668
1 66401U 25257X   26195.71342954  .00021175  00000+0  63609-3 0  9998
2 66401  53.1601 344.7227 0001022  58.0859 302.0243 15.34399174 39219
STARLINK-35672
1 66394U 25257Q   26195.71132688  .00011695  00000+0  35678-3 0  9991
2 66394  53.1604 344.7107 0000710  35.4182 324.6867 15.34394833 39210
STARLINK-35662
1 66384U 25257E   26195.73704621  .00011595  00000+0  35376-3 0  9998
2 66384  53.1617 346.2920 0001167  86.2037 273.9099 15.34399535 39197
STARLINK-35158
1 66381U 25257B   26195.73493103  .00011669  00000+0  35572-3 0  9995
2 66381  53.1606 346.2836 0000954  78.2846 281.8263 15.34420109 39193
STARLINK-2431
1 47839U 21018BE  26195.66795582  .00002651  00000+0  97122-4 0  9992
2 47839  53.1600 346.1512 0001150  68.1630 291.9494 15.31707907296556
STARLINK-35681
1 66395U 25257R   26195.73073186  .00011584  00000+0  35343-3 0  9997
2 66395  53.1616 346.2484 0000619 115.1789 244.9278 15.34399673 39112
STARLINK-3728
1 52361U 22045AG  26195.91670139  .00068095  00000+0  22865-2 0  9991
2 52361  53.1589 345.6947 0000895  90.7204 227.5562 15.30253728  5798
STARLINK-2196
1 47773U 21017BD  26195.72851583  .00001962  00000+0  74959-4 0  9996
2 47773  53.1630 345.6416 0001203  86.0775 274.0364 15.31699872297124
STARLINK-3821
1 52357U 22045AC  26195.91670139  .00031522  00000+0  91118-3 0  9999
2 52357  53.1590 345.5763 0001122  77.5568 240.2845 15.35386211  5593
STARLINK-35671
1 66392U 25257N   26195.72863136  .00004769  00000+0  15223-3 0  9997
2 66392  53.1620 346.2396 0001251  84.9447 275.1699 15.34390066 39191
STARLINK-2195
1 47772U 21017BC  26195.72394118  .00001118  00000+0  47787-4 0  9993
2 47772  53.1619 346.2322 0000928  98.7214 261.3892 15.31685701297125
STARLINK-35665
1 66390U 25257L   26195.72441721  .00008448  00000+0  26088-3 0  9996
2 66390  53.1605 346.2004 0000773 135.6074 224.4991 15.34398828 39293
STARLINK-2178
1 47760U 21017AQ  26195.65394221  .00001327  00000+0  54520-4 0  9992
2 47760  53.1621 345.9597 0001244  89.9379 270.1765 15.31703576297141
STARLINK-2388
1 47807U 21018W   26195.71452369 -.00000265  00000+0  32409-5 0  9994
2 47807  53.1605 345.6703 0001186  92.7501 267.3637 15.31715078296544
STARLINK-3819
1 52349U 22045U   26195.91670139  .00069923  00000+0  23479-2 0  9990
2 52349  53.1593 345.8020 0001184  61.9430 340.5517 15.30240383  5492
STARLINK-2319
1 47790U 21018D   26195.70985993  .00001400  00000+0  56841-4 0  9994
2 47790  53.1621 345.6828 0001394  42.9836 317.1274 15.31721293296569
STARLINK-30816
1 58162U 23166N   26195.74949658 -.00000281  00000+0  26259-5 0  9995
2 58162  53.1613 349.3701 0000984  66.1088 294.0015 15.30193558152638
STARLINK-33806
1 63723U 25087AC  26195.74843296  .00012013  00000+0  41705-3 0  9995
2 63723  53.1619 349.3216 0000705 103.0254 257.0826 15.30200179 68656
STARLINK-30803
1 58157U 23166H   26195.74823550  .00000225  00000+0  19007-4 0  9990
2 58157  53.1627 348.6353 0001131 115.5684 244.5435 15.31707239152496
STARLINK-33641
1 63718U 25087X   26195.74792112  .00004775  00000+0  16561-3 0  9997
2 63718  53.1614 348.6100 0000954 137.6277 222.4798 15.31683155 68668
STARLINK-33908
1 63700U 25087D   26195.74737881  .00007939  00000+0  27987-3 0  9999
2 63700  53.1607 349.3203 0000592  57.9361 302.1697 15.30199699 68656
STARLINK-30771
1 58169U 23166V   26195.74635824 -.00003179  00000+0 -95375-4 0  9993
2 58169  53.1626 349.3494 0000789  78.8354 281.2736 15.30164086152639
STARLINK-33982
1 63707U 25087L   26195.74526893  .00009240  00000+0  32370-3 0  9994
2 63707  53.1615 349.3040 0000880  75.4836 284.6262 15.30200568 68653
STARLINK-33725
1 63717U 25087W   26195.74421200  .00002893  00000+0  10975-3 0  9995
2 63717  53.1619 349.2968 0000930  84.9135 275.1972 15.30199622 68650
STARLINK-32652
1 62234U 24231S   26195.74367907  .00013984  00000+0  46119-3 0  9993
2 62234  53.1616 349.2836 0001287  79.7753 280.3393 15.31724147 91218
STARLINK-30764
1 58170U 23166W   26195.74316458 -.00000706  00000+0 -11702-4 0  9999
2 58170  53.1604 349.3322 0001326  52.2243 307.8878 15.30194909152637
STARLINK-33767
1 63722U 25087AB  26195.74210036  .00014608  00000+0  50430-3 0  9991
2 63722  53.1608 349.2835 0000551 134.6609 225.4437 15.30203331 68652
STARLINK-3877
1 52355U 22045AA  26195.73738353  .00001013  00000+0  81735-4 0  9997
2 52355  53.1620 348.5265 0001323  99.1995 260.9146 15.08832927234960
STARLINK-33728
1 63715U 25087U   26195.74104937  .00006138  00000+0  21918-3 0  9993
2 63715  53.1615 349.2780 0001420  70.7466 289.3688 15.30200829 68654
STARLINK-30752
1 58171U 23166X   26195.73999941  .00000087  00000+0  15067-4 0  9991
2 58171  53.1628 349.3016 0000964  82.2302 277.8808 15.30192400152633
