scenario,policy,policy_seed,workload_seed,generated,delivered,dropped,backlog,delivery_ratio,drop_rate,throughput_packets_per_slot,average_delay_slots,p95_delay_slots,mean_queue_packets,max_queue_packets,routing_switches,episode_reward,global_delay_cost,global_queue_cost,global_load_imbalance,global_switch_cost,global_throughput_reward,global_control_overhead_ratio,global_drop_cost,class_0_delivery_ratio,class_1_delivery_ratio,class_2_delivery_ratio
medium_load,mappo_full,7,13001,192,127,9,56,0.6614583333333334,0.046875,4.233333333333333,6.354330708661418,13.0,1.5777777777777777,15,22,-2.37530159647152,0.19695965199621263,0.03641975308641975,0.7101142675593862,0.044315609284649525,0.2751167732050085,0.05446614440630246,0.016973970874899668,0.7102803738317757,0.6122448979591837,0.5833333333333334
medium_load,mappo_full,7,13002,192,122,11,59,0.6354166666666666,0.057291666666666664,4.066666666666666,6.262295081967213,13.949999999999989,1.6347222222222222,17,25,-3.6454561100780607,0.19796804108028637,0.03777777777777778,0.7118826359015201,0.0509906018187752,0.2609906459209865,0.05359604351734346,0.02190359477124183,0.7010309278350515,0.5094339622641509,0.6428571428571429
medium_load,mappo_full,7,13003,192,119,10,63,0.6197916666666666,0.052083333333333336,3.966666666666667,6.159663865546219,13.099999999999994,1.6083333333333334,18,23,-3.4104871719743612,0.2075343808641989,0.03731481481481481,0.7208974275781372,0.04845611689651938,0.2691931732411608,0.05630113634126664,0.019456484348125216,0.6458333333333334,0.5645161290322581,0.6470588235294118
medium_load,mappo_full,7,13004,192,124,5,63,0.6458333333333334,0.026041666666666668,4.133333333333334,6.459677419354839,13.849999999999994,1.573611111111111,16,27,-2.8972459713719743,0.22406938944257873,0.03654320987654321,0.6894047310985295,0.05361181202125474,0.26851919551609954,0.05417193852956581,0.009733688797156288,0.5833333333333334,0.6333333333333333,0.7708333333333334
medium_load,mappo_full,7,13005,192,129,8,55,0.671875,0.041666666666666664,4.3,6.713178294573644,13.599999999999994,1.625,14,21,-2.7605397478797387,0.2216323911726271,0.03743827160493827,0.7258373855217355,0.042726313647366274,0.2842984918991111,0.05540720998951679,0.01601364522417154,0.6941176470588235,0.6376811594202898,0.6842105263157895
medium_load,mappo_full,7,13006,192,122,13,57,0.6354166666666666,0.06770833333333333,4.066666666666666,6.155737704918033,12.0,1.5722222222222222,12,31,-3.3919051340828323,0.20092181953167595,0.03632716049382716,0.7341263240964058,0.06642729876476007,0.2785028675315054,0.05715905783381776,0.02701058201058201,0.6565656565656566,0.5344827586206896,0.7428571428571429
medium_load,mappo_full,7,13007,192,127,5,60,0.6614583333333334,0.026041666666666668,4.233333333333333,6.393700787401575,13.699999999999989,1.5611111111111111,12,18,-0.9684544637851875,0.19271348761668686,0.036172839506172845,0.7268907540787427,0.037040428182069055,0.2925818896445832,0.05726596431603588,0.009606888209829386,0.6831683168316832,0.5636363636363636,0.75
medium_load,mappo_full,7,13008,192,118,8,66,0.6145833333333334,0.041666666666666664,3.933333333333333,6.423728813559322,15.149999999999991,1.6972222222222222,17,31,-3.5172319109255716,0.19919555860078692,0.03938271604938272,0.7182373929527743,0.0590931167788753,0.26009253918309644,0.05459924837155597,0.01516358297705047,0.5929203539823009,0.6304347826086957,0.6666666666666666
medium_load,mappo_full,7,13009,192,127,6,59,0.6614583333333334,0.03125,4.233333333333333,6.118110236220472,13.0,1.5041666666666667,11,19,-2.212116188272513,0.21323070182576925,0.03487654320987654,0.7120938987326799,0.036630076007010993,0.28014085458744903,0.0548314483143122,0.01201543482890232,0.6666666666666666,0.6333333333333333,0.696969696969697
medium_load,mappo_full,7,13010,192,119,11,62,0.6197916666666666,0.057291666666666664,3.966666666666667,6.495798319327731,13.0,1.6430555555555555,17,11,-3.8886313044851386,0.21270933349521437,0.03805555555555555,0.7007318398532979,0.020917551231018724,0.2580687452668877,0.05442543949214496,0.02130639097744361,0.6483516483516484,0.5352112676056338,0.7333333333333333
medium_load,mappo_full,7,13011,192,123,14,55,0.640625,0.07291666666666667,4.1,6.162601626016261,13.0,1.6472222222222221,17,27,-3.276325541633703,0.20846417135397,0.0379320987654321,0.7076980862099169,0.05038003505495766,0.27615155684815135,0.05688126472189051,0.026545469064818913,0.6455696202531646,0.559322033898305,0.7222222222222222
medium_load,mappo_full,7,13012,192,129,10,53,0.671875,0.052083333333333336,4.3,6.953488372093023,18.0,1.7097222222222221,15,8,-3.3295972734889525,0.21609012997860205,0.03925925925925926,0.7220203530668864,0.016133675692499225,0.2719866408101702,0.05349591351889029,0.01893790849673203,0.71875,0.6551724137931034,0.5789473684210527
medium_load,mappo_full,7,13013,192,117,8,67,0.609375,0.041666666666666664,3.9,6.3931623931623935,13.0,1.6694444444444445,18,16,-3.8157509431501904,0.2118781298792351,0.0387962962962963,0.7162167670728251,0.032326281389748884,0.2588069418255177,0.055019028777177244,0.015907436073844743,0.6590909090909091,0.5076923076923077,0.6666666666666666
medium_load,mappo_full,7,13014,192,125,8,59,0.6510416666666666,0.041666666666666664,4.166666666666667,6.744,12.0,1.5902777777777777,14,28,-4.164575381481773,0.2336223094537231,0.03679012345679012,0.7027449706834547,0.053982497407420005,0.26137536526081423,0.05246519508120189,0.015549998676933663,0.6896551724137931,0.6290322580645161,0.6046511627906976
medium_load,mappo_full,7,13015,192,119,7,66,0.6197916666666666,0.036458333333333336,3.966666666666667,6.2521008403361344,12.099999999999994,1.5916666666666666,15,20,-3.618409012406781,0.2115910440987131,0.03703703703703704,0.7219684904990955,0.04154022720199191,0.2634775790658143,0.055152112137340545,0.0157703081232493,0.6407766990291263,0.5740740740740741,0.6285714285714286
medium_load,mappo_full,7,13016,192,131,7,54,0.6822916666666666,0.036458333333333336,4.366666666666666,5.4961832061068705,14.0,1.336111111111111,13,1,-1.0911986360331545,0.19518243123182247,0.030987654320987653,0.717082881449734,0.0023809523809523807,0.28948176279058635,0.05546752053516516,0.015399937752878927,0.7032967032967034,0.6307692307692307,0.7222222222222222
medium_load,mappo_full,7,13017,192,118,10,64,0.6145833333333334,0.052083333333333336,3.933333333333333,6.067796610169491,13.149999999999991,1.6583333333333334,13,20,-3.0942436974650613,0.19343039767929252,0.03845679012345679,0.7429140459702215,0.04119493996428981,0.27313465043728197,0.05784875085859546,0.019867020807423287,0.6595744680851063,0.5272727272727272,0.627906976744186
medium_load,mappo_full,7,13018,192,120,13,59,0.625,0.06770833333333333,4.0,6.416666666666667,13.049999999999997,1.6625,11,28,-3.700588379957544,0.1994856696808215,0.038395061728395054,0.7242239491743105,0.05860575899275589,0.26973268547184953,0.05606943571929966,0.02658826396055498,0.6483516483516484,0.5483870967741935,0.6923076923076923
medium_load,mappo_full,7,13019,192,125,9,58,0.6510416666666666,0.046875,4.166666666666667,5.896,13.799999999999997,1.573611111111111,16,22,-1.4772737041316655,0.1913510248864527,0.036388888888888894,0.7436845301373662,0.049219286905045415,0.29893182711681165,0.05956918883940062,0.019500466853408026,0.6595744680851063,0.5862068965517241,0.725
medium_load,mappo_full,7,13020,192,116,10,66,0.6041666666666666,0.052083333333333336,3.8666666666666667,6.155172413793103,12.0,1.6180555555555556,14,30,-3.4487086588414693,0.20860067300020127,0.03762345679012345,0.721986326190554,0.06258488573117056,0.27238031977196064,0.058413494981590666,0.020833333333333332,0.5348837209302325,0.6,0.7391304347826086
medium_load,mappo_full,7,13021,192,122,8,62,0.6354166666666666,0.041666666666666664,4.066666666666666,6.352459016393443,14.0,1.6541666666666666,19,24,-3.430899186288779,0.19735746309459787,0.038302469135802465,0.7075898048352193,0.04612533407425048,0.2564242919389978,0.05310350021802083,0.015441066215060023,0.6382978723404256,0.6,0.6666666666666666
medium_load,mappo_full,7,13022,192,119,11,62,0.6197916666666666,0.057291666666666664,3.966666666666667,6.495798319327731,14.0,1.6430555555555555,18,28,-4.3687529838348595,0.2057816606341016,0.03805555555555555,0.7283714628947301,0.05708169210104194,0.257008181590225,0.05440157156727036,0.02118656526938261,0.6534653465346535,0.4642857142857143,0.7714285714285715
medium_load,mappo_full,7,13023,192,130,5,57,0.6770833333333334,0.026041666666666668,4.333333333333333,6.061538461538461,11.549999999999997,1.4361111111111111,13,34,-2.232582514335072,0.2077496215597622,0.033302469135802475,0.700396329966802,0.06785515668255607,0.27456246640070164,0.05285517541903037,0.010049019607843136,0.6464646464646465,0.7258064516129032,0.6774193548387096
medium_load,mappo_full,7,13024,192,120,18,54,0.625,0.09375,4.0,6.233333333333333,13.0,1.6111111111111112,14,14,-4.691966141119007,0.20687342518960525,0.037098765432098765,0.7380435665037786,0.029913632119514474,0.26983058608058613,0.056352158352018754,0.039433940242763775,0.7078651685393258,0.53125,0.5897435897435898
medium_load,mappo_full,7,13025,192,119,13,60,0.6197916666666666,0.06770833333333333,3.966666666666667,7.092436974789916,14.0,1.7458333333333333,19,10,-5.085191727886263,0.2298690449376753,0.04027777777777777,0.6957292643902485,0.02022972054318804,0.24866768794787372,0.052278785437029435,0.023806022408963585,0.6702127659574468,0.5,0.6590909090909091
medium_load,mappo_full,7,13026,192,120,10,62,0.625,0.052083333333333336,4.0,6.691666666666666,14.0,1.625,19,28,-3.5739219153429795,0.20701771085703327,0.037654320987654324,0.7164545875693326,0.054532273568651285,0.26434166481380106,0.05452164810527074,0.01804348959147721,0.6571428571428571,0.5576923076923077,0.6285714285714286
medium_load,mappo_full,7,13027,192,124,7,61,0.6458333333333334,0.036458333333333336,4.133333333333334,5.854838709677419,12.0,1.476388888888889,15,24,-2.636402053632518,0.20469033395180306,0.03432098765432099,0.7162731071843067,0.051666650915876924,0.2748605960602865,0.05551371879756052,0.015716440422322776,0.6372549019607843,0.6727272727272727,0.6285714285714286
medium_load,mappo_full,7,13028,192,124,9,59,0.6458333333333334,0.046875,4.133333333333334,6.379032258064516,12.0,1.6027777777777779,16,32,-3.790604807798773,0.21815526484858597,0.0370679012345679,0.7170908217545351,0.0655725679835587,0.267513630733445,0.054881104940112335,0.018211567127975798,0.6792452830188679,0.5806451612903226,0.6666666666666666
medium_load,mappo_full,7,13029,192,116,13,63,0.6041666666666666,0.06770833333333333,3.8666666666666667,6.7844827586206895,14.25,1.761111111111111,20,32,-4.988784077647025,0.212373040194096,0.04070987654320988,0.738838047349963,0.06841325126541846,0.259981498979177,0.056004441870251484,0.02630637050141694,0.6041666666666666,0.5660377358490566,0.6511627906976745
medium_load,mappo_full,7,13030,192,120,7,65,0.625,0.036458333333333336,4.0,6.341666666666667,13.049999999999997,1.586111111111111,15,25,-2.432171716338462,0.20639551272073778,0.036882716049382716,0.7267882844310865,0.05440410352175059,0.28228560927090335,0.05824881552441109,0.014821039526921879,0.6074766355140186,0.5555555555555556,0.8064516129032258
medium_load,mappo_full,7,13031,192,120,11,61,0.625,0.057291666666666664,4.0,6.483333333333333,14.049999999999997,1.6347222222222222,17,18,-3.4675703143834036,0.20159932669646524,0.03783950617283951,0.7353746497604398,0.03858658226305285,0.27138043873337997,0.05700012744925308,0.022685484450190332,0.7157894736842105,0.5333333333333333,0.5405405405405406
medium_load,mappo_full,7,13032,192,117,16,59,0.609375,0.08333333333333333,3.9,6.94017094017094,16.0,1.7458333333333333,18,23,-5.111219163507617,0.22284854752086822,0.040246913580246915,0.720178126238279,0.04602896129211917,0.2596030236819711,0.0557882395270862,0.02983013088276246,0.6236559139784946,0.5645161290322581,0.6486486486486487
medium_load,mappo_full,7,13033,192,128,7,57,0.6666666666666666,0.036458333333333336,4.266666666666667,6.1875,12.649999999999991,1.5166666666666666,13,17,-2.2726852209545383,0.21456347385802602,0.03509259259259259,0.7139930209942086,0.03542424279653381,0.2819415352735787,0.05500480758842507,0.013709928415810767,0.6021505376344086,0.7230769230769231,0.7352941176470589
medium_load,mappo_full,7,13034,192,122,12,58,0.6354166666666666,0.0625,4.066666666666666,6.631147540983607,12.0,1.6305555555555555,13,18,-3.5032850395841075,0.2022516358956326,0.037654320987654324,0.7160141996782159,0.03674358722346338,0.26750082534138264,0.05505457030958808,0.024270725834193325,0.6545454545454545,0.5,0.75
medium_load,mappo_full,7,13035,192,120,11,61,0.625,0.057291666666666664,4.0,6.3,15.0,1.6902777777777778,16,35,-3.7501646001125355,0.1980646721868265,0.039074074074074074,0.7050741464894681,0.06947358183039297,0.26041273526954645,0.054226733731144255,0.022326281389748882,0.64,0.6111111111111112,0.6052631578947368
medium_load,mappo_full,7,13036,192,134,4,54,0.6979166666666666,0.020833333333333332,4.466666666666667,5.529850746268656,10.0,1.3472222222222223,10,13,-0.5882443134747328,0.20105814116264328,0.031234567901234567,0.7147376664368624,0.026454248366013074,0.29462038234097054,0.05481120720975774,0.00733115468409586,0.6344086021505376,0.7580645161290323,0.7567567567567568
medium_load,mappo_full,7,13037,192,134,5,53,0.6979166666666666,0.026041666666666668,4.466666666666667,6.134328358208955,12.0,1.4958333333333333,10,22,-1.2606893651881423,0.2039203467932334,0.034506172839506175,0.7017485094200879,0.04249442264535144,0.2857204820749712,0.05353043052066429,0.008606237816764133,0.759493670886076,0.6875,0.6122448979591837
medium_load,mappo_full,7,13038,192,118,15,59,0.6145833333333334,0.078125,3.933333333333333,6.703389830508475,13.0,1.6902777777777778,16,21,-4.947373121863063,0.21419940536825918,0.03901234567901234,0.7209959291728699,0.042519845995078194,0.25764983783559636,0.05493174190468256,0.030153861589620103,0.7021276595744681,0.43548387096774194,0.6944444444444444
medium_load,mappo_full,7,13039,192,128,10,54,0.6666666666666666,0.052083333333333336,4.266666666666667,6.296875,12.0,1.648611111111111,13,29,-2.7729922080192373,0.21497959189282137,0.037932098765432104,0.727676239065996,0.06287447030094089,0.28817431207137095,0.05696541162863591,0.020673436041083102,0.6767676767676768,0.6610169491525424,0.6470588235294118
medium_load,mappo_full,7,13040,192,119,15,58,0.6197916666666666,0.078125,3.966666666666667,6.34453781512605,14.099999999999994,1.5916666666666666,13,29,-5.002860756328397,0.22057597065667378,0.03679012345679013,0.7141608579376033,0.05611193673887172,0.2575646549872556,0.05449050688442365,0.02906569937916687,0.5647058823529412,0.6451612903225806,0.6888888888888889
medium_load,mappo_full,7,13041,192,120,12,60,0.625,0.0625,4.0,6.783333333333333,15.049999999999997,1.6694444444444445,15,23,-4.6492181123180725,0.2190006139686754,0.03858024691358024,0.7249445709040635,0.0447546814497279,0.2595184273357648,0.05434987798458354,0.023643885354411674,0.6593406593406593,0.5076923076923077,0.75
medium_load,mappo_full,7,13042,192,117,9,66,0.609375,0.046875,3.9,6.367521367521367,12.0,1.5791666666666666,17,32,-4.4490634142999,0.21738766772699597,0.036759259259259255,0.7220290058146788,0.0656201164676397,0.25726709622220456,0.054706935180835345,0.018216005700525825,0.6122448979591837,0.5961538461538461,0.6190476190476191
medium_load,mappo_full,7,13043,192,122,11,59,0.6354166666666666,0.057291666666666664,4.066666666666666,6.311475409836065,14.899999999999977,1.6111111111111112,15,21,-3.5638559453542107,0.20552440903778207,0.037253086419753084,0.7393427283256265,0.04265035546382296,0.2728501602456711,0.05555775711576847,0.022705714764538296,0.6382978723404256,0.5689655172413793,0.725
medium_load,mappo_full,7,13044,192,122,10,60,0.6354166666666666,0.052083333333333336,4.066666666666666,6.10655737704918,12.949999999999989,1.6305555555555555,15,22,-2.6567254769369475,0.19881439271121984,0.03771604938271606,0.7121036457370267,0.0436058078202041,0.2747933672507976,0.05667143484668686,0.01935844513243894,0.6836734693877551,0.6363636363636364,0.5128205128205128
medium_load,mappo_full,7,13045,192,118,7,67,0.6145833333333334,0.036458333333333336,3.933333333333333,6.203389830508475,13.0,1.5680555555555555,17,37,-2.943160481549989,0.20988112526652794,0.03654320987654322,0.726465658838768,0.07264933638772648,0.27556132349476,0.05696986397455441,0.013326310056186218,0.5416666666666666,0.6428571428571429,0.75
medium_load,mappo_full,7,13046,192,128,8,56,0.6666666666666666,0.041666666666666664,4.266666666666667,6.1875,12.649999999999991,1.5833333333333333,16,33,-3.2510346763366504,0.21008385364964824,0.03654320987654321,0.6944484395414718,0.06204596458466428,0.2637156680035937,0.05181435735537476,0.01583294428882664,0.6739130434782609,0.6571428571428571,0.6666666666666666
medium_load,mappo_full,7,13047,192,120,8,64,0.625,0.041666666666666664,4.0,6.308333333333334,14.0,1.6111111111111112,16,17,-2.7728864828460136,0.20067068601987195,0.03740740740740742,0.72033577299369,0.036049288402229575,0.2718598259039436,0.056351625733163276,0.016269841269841268,0.5555555555555556,0.6875,0.75
medium_load,mappo_full,7,13048,192,115,9,68,0.5989583333333334,0.046875,3.8333333333333335,6.773913043478261,14.299999999999997,1.738888888888889,21,24,-4.34455368790883,0.22104735973326337,0.04037037037037037,0.7372043559376192,0.05040962291349289,0.2638437451208349,0.05710099402271094,0.017384044260979243,0.5894736842105263,0.5892857142857143,0.6341463414634146
medium_load,mappo_full,7,13049,192,117,10,65,0.609375,0.052083333333333336,3.9,6.871794871794871,15.0,1.6944444444444444,18,17,-4.0449775358795925,0.21969870525232346,0.03929012345679012,0.7257282988600603,0.03708791208791209,0.26744981325863676,0.0570763036329804,0.021306022408963583,0.6226415094339622,0.6071428571428571,0.5666666666666667
medium_load,mappo_full,7,13050,192,123,13,56,0.640625,0.06770833333333333,4.1,5.975609756097561,13.799999999999983,1.5291666666666666,19,28,-3.108410282400464,0.19911072081215953,0.0353395061728395,0.7194567079558266,0.052563652091515874,0.2730904693288594,0.055038417395132336,0.02333368142578669,0.6842105263157895,0.6140350877192983,0.575
medium_load,mappo_full,42,13001,192,110,6,76,0.5729166666666666,0.03125,3.6666666666666665,5.7727272727272725,11.0,1.6333333333333333,8,72,-4.9322733739378615,0.2090033131520285,0.03827160493827161,0.6746086750408404,0.12108262294407805,0.22984244712253193,0.0499470823559053,0.008978919631093544,0.5420560747663551,0.6530612244897959,0.5555555555555556
medium_load,mappo_full,42,13002,192,111,10,71,0.578125,0.052083333333333336,3.7,6.63063063063063,12.5,1.7430555555555556,13,48,-6.350108132710434,0.2239724757660874,0.04055555555555555,0.6919727962459699,0.08402849991724672,0.22275205399885709,0.0501917746685627,0.016473091652119784,0.5979381443298969,0.5094339622641509,0.6190476190476191
medium_load,mappo_full,42,13003,192,105,11,76,0.546875,0.057291666666666664,3.5,5.523809523809524,10.0,1.6263888888888889,12,41,-5.3602796038616285,0.20318291101652575,0.038117283950617295,0.6913078988952785,0.07546965833730539,0.22849464261228966,0.052185267057209175,0.018011063011063012,0.53125,0.5483870967741935,0.5882352941176471
medium_load,mappo_full,42,13004,192,101,10,81,0.5260416666666666,0.052083333333333336,3.3666666666666667,5.930693069306931,13.0,1.7319444444444445,10,54,-7.303302143429561,0.23318861703742316,0.04061728395061728,0.6630585964475811,0.09054671857185653,0.20346439091088442,0.047951245585253016,0.01512798795407491,0.40476190476190477,0.5666666666666667,0.6875
medium_load,mappo_full,42,13005,192,98,13,81,0.5104166666666666,0.06770833333333333,3.2666666666666666,6.540816326530612,10.149999999999991,1.8125,12,74,-8.794147179048709,0.2406549906978646,0.04240740740740741,0.6793367139443477,0.1208527372417196,0.1964438725550585,0.0484241935654863,0.0213818720054418,0.49411764705882355,0.4927536231884058,0.5789473684210527
medium_load,mappo_full,42,13006,192,115,11,66,0.5989583333333334,0.057291666666666664,3.8333333333333335,5.947826086956522,12.299999999999997,1.6,12,56,-4.489437685815302,0.2056460049812556,0.037222222222222226,0.7019315201115454,0.09937460959519781,0.24963267941209116,0.05286892383039913,0.01868096228390346,0.5757575757575758,0.5862068965517241,0.6857142857142857
medium_load,mappo_full,42,13007,192,107,3,82,0.5572916666666666,0.015625,3.566666666666667,6.289719626168225,13.0,1.7347222222222223,10,69,-5.288988980595705,0.20803181758028164,0.04070987654320988,0.691584040898615,0.1115827419889205,0.22318898373279855,0.05010155704935646,0.004479578392621871,0.5544554455445545,0.5636363636363636,0.5555555555555556
medium_load,mappo_full,42,13008,192,105,9,78,0.546875,0.046875,3.5,6.609523809523809,13.0,1.7986111111111112,10,73,-6.697467568075778,0.22187736045668646,0.04200617283950617,0.6728464853274952,0.11688337449257492,0.21310406634440826,0.04998278989373189,0.014588278172374281,0.49557522123893805,0.6304347826086957,0.6060606060606061
medium_load,mappo_full,42,13009,192,107,9,76,0.5572916666666666,0.046875,3.566666666666667,5.822429906542056,10.0,1.6583333333333334,12,48,-5.296296287142724,0.20792503975404478,0.03882716049382716,0.7043454737914377,0.088880433292198,0.23450416141592612,0.05225849309920057,0.015695045695045696,0.5555555555555556,0.6,0.48484848484848486
medium_load,mappo_full,42,13010,192,111,9,72,0.578125,0.046875,3.7,6.117117117117117,12.0,1.6291666666666667,15,47,-5.450293806288817,0.22200098563355997,0.03805555555555556,0.6674993905723637,0.08151520922031757,0.22768446394220393,0.05041236673918711,0.014752992105933282,0.6043956043956044,0.5774647887323944,0.5
medium_load,mappo_full,42,13011,192,102,19,71,0.53125,0.09895833333333333,3.4,5.745098039215686,11.0,1.6805555555555556,8,55,-6.347253368239474,0.20705464914298588,0.03916666666666666,0.6859489602528369,0.09299273117115357,0.22548183320595486,0.051626246083583106,0.028707572620616097,0.5569620253164557,0.4067796610169492,0.6296296296296297
medium_load,mappo_full,42,13012,192,104,10,78,0.5416666666666666,0.052083333333333336,3.466666666666667,6.490384615384615,14.849999999999994,1.7861111111111112,10,68,-7.52753004452634,0.23123413662379144,0.041728395061728395,0.6811991123662675,0.11368844008028285,0.20831053759509816,0.04929621224439566,0.017327512622135048,0.5625,0.5689655172413793,0.4473684210526316
medium_load,mappo_full,42,13013,192,98,14,80,0.5104166666666666,0.07291666666666667,3.2666666666666666,6.612244897959184,13.0,1.8402777777777777,11,68,-8.335550768718694,0.23739422047599934,0.04299382716049383,0.6792175030833599,0.1189718531668996,0.20482281922297402,0.050071997172849145,0.02364886331991595,0.5454545454545454,0.4,0.6153846153846154
medium_load,mappo_full,42,13014,192,108,11,73,0.5625,0.057291666666666664,3.6,6.425925925925926,11.0,1.6819444444444445,13,45,-7.903827527637509,0.25612167623487575,0.03925925925925926,0.6860583991343694,0.07839304838732757,0.2130722097682658,0.04919401120279795,0.019224521558617667,0.6091954022988506,0.5806451612903226,0.4418604651162791
medium_load,mappo_full,42,13015,192,106,12,74,0.5520833333333334,0.0625,3.533333333333333,5.962264150943396,11.0,1.6625,13,67,-6.043713582136296,0.19400238007266682,0.03885802469135802,0.688722649340495,0.11501629638340499,0.21796022551928465,0.049780705081348214,0.019973058081148,0.5631067961165048,0.48148148148148145,0.6285714285714286
medium_load,mappo_full,42,13016,192,108,13,71,0.5625,0.06770833333333333,3.6,5.62037037037037,10.0,1.573611111111111,11,37,-6.410435932119634,0.22456748228795445,0.03679012345679012,0.6833349255582518,0.06328711578476015,0.2220807256188869,0.05046616598733232,0.022235782693448596,0.5824175824175825,0.5384615384615384,0.5555555555555556
medium_load,mappo_full,42,13017,192,112,8,72,0.5833333333333334,0.041666666666666664,3.7333333333333334,6.098214285714286,11.449999999999989,1.636111111111111,11,44,-4.745616742128832,0.2131372985209382,0.03820987654320987,0.7113796398834683,0.08093991477505409,0.24601920911905437,0.054183801781725625,0.014612130072656387,0.6170212765957447,0.5454545454545454,0.5581395348837209
medium_load,mappo_full,42,13018,192,116,10,66,0.6041666666666666,0.052083333333333336,3.8666666666666667,6.422413793103448,13.25,1.6722222222222223,11,59,-4.941927986469754,0.2133521565956724,0.038827160493827166,0.6982500649396781,0.10778252635450776,0.2452712018230594,0.05235421648594878,0.017471246074187253,0.5604395604395604,0.5967741935483871,0.717948717948718
medium_load,mappo_full,42,13019,192,105,11,76,0.546875,0.057291666666666664,3.5,6.247619047619048,14.799999999999997,1.7416666666666667,12,63,-6.437182513003457,0.22144778357591746,0.040679012345679014,0.6917234996740771,0.11048575091918744,0.22416993509872768,0.05119561608519333,0.01792158277452395,0.5106382978723404,0.5344827586206896,0.65
medium_load,mappo_full,42,13020,192,105,11,76,0.546875,0.057291666666666664,3.5,5.942857142857143,12.0,1.6680555555555556,12,58,-6.03842562980592,0.22660686802451638,0.03904320987654321,0.687649648049216,0.1011640214877528,0.23014331266316732,0.05238004727738809,0.017215205338775134,0.45348837209302323,0.6,0.6521739130434783
medium_load,mappo_full,42,13021,192,105,8,79,0.546875,0.041666666666666664,3.5,5.885714285714286,12.799999999999997,1.6791666666666667,13,61,-5.558156126635309,0.19791869688331765,0.03938271604938272,0.686587001443614,0.10374470289112231,0.21940388977793068,0.050332013097423974,0.01278956905555371,0.5425531914893617,0.52,0.5833333333333334
medium_load,mappo_full,42,13022,192,101,13,78,0.5260416666666666,0.06770833333333333,3.3666666666666667,6.316831683168317,12.0,1.7680555555555555,11,70,-7.87240082204019,0.2225638686245393,0.04132716049382716,0.6882754563225245,0.11959154462469175,0.20473501261056787,0.0495686426873507,0.02162244379063601,0.5544554455445545,0.4107142857142857,0.6285714285714286
medium_load,mappo_full,42,13023,192,103,12,77,0.5364583333333334,0.0625,3.433333333333333,5.796116504854369,11.899999999999991,1.7069444444444444,11,59,-6.849228746527439,0.21539790774909423,0.03993827160493827,0.67029793010394,0.09548753047205058,0.20784833888162063,0.04862408921166705,0.018773448773448775,0.47474747474747475,0.6129032258064516,0.5806451612903226
medium_load,mappo_full,42,13024,192,97,19,76,0.5052083333333334,0.09895833333333333,3.2333333333333334,5.65979381443299,11.199999999999989,1.7486111111111111,12,52,-7.791316594379768,0.2056340276402081,0.04083333333333334,0.6884130828344368,0.08747184918624547,0.20403944352860764,0.05035309389339991,0.03137626262626262,0.5393258426966292,0.4375,0.5384615384615384
medium_load,mappo_full,42,13025,192,101,8,83,0.5260416666666666,0.041666666666666664,3.3666666666666667,6.514851485148514,12.0,1.8083333333333333,13,44,-7.0905517319242435,0.23118843532389374,0.042376543209876556,0.6719033592325172,0.0731571682830264,0.2055745792597993,0.049468650450930324,0.013440617353660832,0.5212765957446809,0.5185185185185185,0.5454545454545454
medium_load,mappo_full,42,13026,192,104,9,79,0.5416666666666666,0.046875,3.466666666666667,6.1923076923076925,11.0,1.7097222222222221,13,69,-6.730999916895876,0.2284556364353244,0.04006172839506173,0.6809454599036641,0.11814487133641796,0.21730126745472017,0.05034065154047891,0.014664205140716112,0.5142857142857142,0.5769230769230769,0.5714285714285714
medium_load,mappo_full,42,13027,192,102,13,77,0.53125,0.06770833333333333,3.4,6.186274509803922,12.949999999999989,1.7944444444444445,15,75,-7.515474303116635,0.2181509130755497,0.04188271604938273,0.6725104720517631,0.12920305815042654,0.205533820324842,0.049184390073131384,0.021456039087618037,0.5098039215686274,0.5636363636363636,0.5428571428571428
medium_load,mappo_full,42,13028,192,106,7,79,0.5520833333333334,0.036458333333333336,3.533333333333333,6.254716981132075,11.0,1.7763888888888888,11,67,-6.531711262836826,0.2193456506722205,0.04154320987654321,0.6788103902798786,0.11357074541672062,0.21206578323064396,0.04919060189124517,0.011118326118326118,0.5283018867924528,0.5483870967741935,0.6666666666666666
medium_load,mappo_full,42,13029,192,98,14,80,0.5104166666666666,0.07291666666666667,3.2666666666666666,6.63265306122449,12.149999999999991,1.9111111111111112,11,54,-8.188509987866722,0.22554418142475013,0.0445679012345679,0.6925393050801154,0.08845696394037354,0.20138711171420823,0.050241362337927066,0.022770436191488826,0.5,0.5283018867924528,0.5116279069767442
medium_load,mappo_full,42,13030,192,99,11,82,0.515625,0.057291666666666664,3.3,6.878787878787879,14.099999999999994,1.8611111111111112,13,74,-7.79192215320589,0.23161829506767814,0.04351851851851852,0.6805004166456601,0.1251968166515885,0.20711513016231015,0.050891175856970804,0.01857459982173941,0.4766355140186916,0.46296296296296297,0.7419354838709677
medium_load,mappo_full,42,13031,192,99,11,82,0.515625,0.057291666666666664,3.3,6.747474747474747,13.0,1.8180555555555555,17,51,-8.105239159981338,0.25402608652606395,0.04256172839506173,0.6991556459400534,0.08552775849955821,0.21322570679869782,0.051887533205306875,0.01833922751542889,0.5684210526315789,0.5,0.40540540540540543
medium_load,mappo_full,42,13032,192,110,10,72,0.5729166666666666,0.052083333333333336,3.6666666666666665,6.463636363636364,13.099999999999994,1.7402777777777778,17,45,-6.054615528363387,0.22953587310880047,0.040524691358024695,0.6767564362772543,0.08381867100907349,0.22691076138057562,0.051248015758365684,0.016709830130882765,0.5376344086021505,0.5806451612903226,0.6486486486486487
medium_load,mappo_full,42,13033,192,108,4,80,0.5625,0.020833333333333332,3.6,6.12037037037037,11.0,1.6333333333333333,11,59,-6.148625742455868,0.24053534361515752,0.03839506172839506,0.6715398473433922,0.10155787810351007,0.2204417665026428,0.04943150147474903,0.006780840991367307,0.46236559139784944,0.676923076923077,0.6176470588235294
medium_load,mappo_full,42,13034,192,99,18,75,0.515625,0.09375,3.3,5.8686868686868685,11.0,1.7277777777777779,11,48,-6.822236980848147,0.17636679546609638,0.04033950617283951,0.6959771562833562,0.0842591024112763,0.20616881307098694,0.05069871800161919,0.030598427337557774,0.5545454545454546,0.3695652173913043,0.5833333333333334
medium_load,mappo_full,42,13035,192,96,11,85,0.5,0.057291666666666664,3.2,5.875,12.0,1.8305555555555555,12,73,-7.704071106904715,0.21245192865903,0.0429320987654321,0.6674662623663205,0.11879580301019933,0.1938722105457198,0.048220538982136664,0.017717418983403635,0.47,0.5370370370370371,0.5263157894736842
medium_load,mappo_full,42,13036,192,110,9,73,0.5729166666666666,0.046875,3.6666666666666665,5.7,11.0,1.5722222222222222,11,44,-5.187968947033069,0.20878290973744745,0.03682098765432099,0.6858631749604895,0.07677653501182911,0.2296225069793181,0.051071873060265276,0.015271765271765271,0.5591397849462365,0.5806451612903226,0.5945945945945946
medium_load,mappo_full,42,13037,192,101,8,83,0.5260416666666666,0.041666666666666664,3.3666666666666667,5.871287128712871,11.0,1.7958333333333334,9,50,-6.464480607002318,0.22344790528774636,0.04209876543209877,0.677944965522136,0.08303067384000215,0.21348068797910633,0.050451051762865934,0.012346711259754738,0.4936708860759494,0.5625,0.5306122448979592
medium_load,mappo_full,42,13038,192,97,13,82,0.5052083333333334,0.06770833333333333,3.2333333333333334,6.505154639175258,12.0,1.8138888888888889,11,62,-8.001561702007816,0.23043343254381937,0.04246913580246914,0.6885620399420771,0.10587612855280103,0.20571704328535664,0.051321621151020555,0.021577830494239163,0.5531914893617021,0.41935483870967744,0.5277777777777778
medium_load,mappo_full,42,13039,192,100,11,81,0.5208333333333334,0.057291666666666664,3.3333333333333335,6.14,12.0,1.7666666666666666,11,58,-8.057170969757598,0.2499655639107117,0.041388888888888885,0.6810373522676417,0.1036455978948239,0.20870392192373619,0.051045122202239404,0.018275613275613275,0.47474747474747475,0.6271186440677966,0.47058823529411764
medium_load,mappo_full,42,13040,192,118,12,62,0.6145833333333334,0.0625,3.933333333333333,6.076271186440678,12.0,1.6125,11,52,-6.00192188555804,0.23096994679146068,0.03737654320987654,0.69886809285383,0.09409934335243932,0.23840072208493263,0.0509448350734337,0.021322963528845877,0.5294117647058824,0.7096774193548387,0.6444444444444445
medium_load,mappo_full,42,13041,192,102,18,72,0.53125,0.09375,3.4,6.627450980392157,12.949999999999989,1.7555555555555555,15,55,-7.647015655700455,0.22415671062351056,0.0408641975308642,0.69098583484933,0.09662430878375151,0.21614358122098062,0.05107878222250298,0.030206979123387788,0.5824175824175825,0.38461538461538464,0.6666666666666666
medium_load,mappo_full,42,13042,192,102,7,83,0.53125,0.036458333333333336,3.4,6.294117647058823,12.0,1.725,11,59,-7.57980367198212,0.24196646080660716,0.040524691358024695,0.6737721328628911,0.10641753628208737,0.20574960657390998,0.049991135290823684,0.013302217218625888,0.47959183673469385,0.6153846153846154,0.5476190476190477
medium_load,mappo_full,42,13043,192,111,12,69,0.578125,0.0625,3.7,6.324324324324325,11.0,1.6972222222222222,10,49,-6.253884880767027,0.21552480753296777,0.03947530864197531,0.6910995409740942,0.08679492577712392,0.22384319470232786,0.04962020659043347,0.02058669400774664,0.5851063829787234,0.5862068965517241,0.55
medium_load,mappo_full,42,13044,192,106,12,74,0.5520833333333334,0.0625,3.533333333333333,6.188679245283019,13.0,1.7291666666666667,11,60,-5.762107998374111,0.20517536785142762,0.04033950617283951,0.698102677880864,0.10034308284308284,0.22908314180373007,0.05242493494054287,0.019213564213564207,0.6122448979591837,0.5454545454545454,0.41025641025641024
medium_load,mappo_full,42,13045,192,100,12,80,0.5208333333333334,0.0625,3.3333333333333335,6.55,13.0,1.85,11,74,-7.108606911296398,0.22503682742850398,0.043209876543209874,0.6899022417642491,0.13106575628247455,0.22003125185787725,0.053054225553639894,0.020470822034289526,0.4166666666666667,0.625,0.625
medium_load,mappo_full,42,13046,192,103,13,76,0.5364583333333334,0.06770833333333333,3.433333333333333,6.310679611650485,10.0,1.7847222222222223,9,44,-7.760390890509729,0.22444125553312888,0.041635802469135806,0.6768672470985595,0.07453983294540568,0.20047016680143617,0.04791421727172299,0.021868560289612926,0.532608695652174,0.5285714285714286,0.5666666666666667
medium_load,mappo_full,42,13047,192,103,10,79,0.5364583333333334,0.052083333333333336,3.433333333333333,5.466019417475728,13.799999999999983,1.6666666666666667,12,75,-5.638699774138842,0.2003902903553235,0.039104938271604946,0.6867360263893836,0.12481329586592745,0.2242003951214478,0.05140414828250925,0.015606060606060606,0.46296296296296297,0.6041666666666666,0.6666666666666666
medium_load,mappo_full,42,13048,192,95,10,87,0.4947916666666667,0.052083333333333336,3.1666666666666665,6.410526315789474,13.0,1.851388888888889,15,56,-8.070984721155702,0.23335574062200662,0.04345679012345679,0.7000469701109852,0.09421628016021609,0.20345883839018855,0.05146654447520343,0.016907966281536076,0.45263157894736844,0.5178571428571429,0.5609756097560976
medium_load,mappo_full,42,13049,192,114,15,63,0.59375,0.078125,3.8,6.552631578947368,13.0,1.6583333333333334,13,34,-5.685795374295451,0.2055480865810885,0.03842592592592593,0.6807296557271296,0.061092950736913586,0.22774010246146464,0.04969795669793098,0.025582338198437266,0.6320754716981132,0.5357142857142857,0.5666666666666667
medium_load,mappo_full,42,13050,192,107,13,72,0.5572916666666666,0.06770833333333333,3.566666666666667,5.579439252336448,11.699999999999989,1.6152777777777778,16,49,-5.552653038996569,0.20935837963510384,0.03774691358024691,0.6837970231424119,0.08164386195732945,0.2289665113581522,0.051276327769201366,0.02005531505531506,0.5894736842105263,0.6140350877192983,0.4
medium_load,mappo_full,1024,13001,192,138,5,49,0.71875,0.026041666666666668,4.6,6.0144927536231885,13.0,1.461111111111111,14,32,-0.6441791199815698,0.19366236908087078,0.03361111111111112,0.6996445814498287,0.064438552074001,0.2931022330209637,0.05396236422034841,0.009509803921568628,0.7476635514018691,0.7551020408163265,0.5833333333333334
medium_load,mappo_full,1024,13002,192,128,10,54,0.6666666666666666,0.052083333333333336,4.266666666666667,6.2421875,14.0,1.5652777777777778,17,34,-3.052138432232014,0.1980389100180399,0.03608024691358025,0.7071335044256981,0.06874596808420337,0.26895120316559945,0.05310812053771926,0.020055244319950205,0.7319587628865979,0.5660377358490566,0.6428571428571429
medium_load,mappo_full,1024,13003,192,124,8,60,0.6458333333333334,0.041666666666666664,4.133333333333334,5.991935483870968,12.849999999999994,1.538888888888889,18,33,-2.4725434310869483,0.19799896357849445,0.035679012345679016,0.7159820573472591,0.07047864444923269,0.2774879994732936,0.055516746723660734,0.016606753812636165,0.6666666666666666,0.5967741935483871,0.6764705882352942
medium_load,mappo_full,1024,13004,192,128,7,57,0.6666666666666666,0.036458333333333336,4.266666666666667,6.2578125,13.0,1.475,14,29,-2.074746243550795,0.21321391860884112,0.03416666666666667,0.7056188076881901,0.0597301669205694,0.284880668580359,0.05571047141832835,0.014022904483430798,0.6666666666666666,0.6,0.75
medium_load,mappo_full,1024,13005,192,132,9,51,0.6875,0.046875,4.4,6.424242424242424,13.349999999999966,1.5277777777777777,13,19,-2.22972682319492,0.21340223203657743,0.03515432098765433,0.7230460269682655,0.03897398410556305,0.288917619904462,0.05502127960863008,0.01790692007797271,0.7176470588235294,0.6376811594202898,0.7105263157894737
medium_load,mappo_full,1024,13006,192,129,11,52,0.671875,0.057291666666666664,4.3,6.10077519379845,12.599999999999994,1.4777777777777779,13,22,-1.7696116152981336,0.20426294066092054,0.03407407407407407,0.7451231992097863,0.04958211178799413,0.30592297408473884,0.05970586767883591,0.02543109668109668,0.7070707070707071,0.5862068965517241,0.7142857142857143
medium_load,mappo_full,1024,13007,192,135,3,54,0.703125,0.015625,4.5,5.866666666666666,13.299999999999997,1.3972222222222221,15,24,0.6650371012514226,0.1876936503926128,0.03234567901234568,0.7320206493682268,0.049431114121516594,0.3141084424404858,0.05732198623923788,0.0054250208855472016,0.7227722772277227,0.6181818181818182,0.7777777777777778
medium_load,mappo_full,1024,13008,192,131,7,54,0.6822916666666666,0.036458333333333336,4.366666666666666,6.145038167938932,13.0,1.5055555555555555,16,45,-1.4786587996962335,0.18531630763324816,0.03475308641975308,0.7213819847115163,0.09284793251124521,0.2890636723957157,0.055704163856750456,0.014733099717619843,0.6902654867256637,0.6956521739130435,0.6363636363636364
medium_load,mappo_full,1024,13009,192,133,4,55,0.6927083333333334,0.020833333333333332,4.433333333333334,6.135338345864661,13.0,1.4319444444444445,10,23,-0.5519125430874321,0.2000823202006325,0.03314814814814815,0.7215388009531604,0.04662103820385554,0.30001255466812743,0.05626382746916492,0.008050682261208577,0.696969696969697,0.65,0.7575757575757576
medium_load,mappo_full,1024,13010,192,135,4,53,0.703125,0.020833333333333332,4.5,6.17037037037037,12.0,1.425,17,18,-1.4642470024663259,0.21869463834500374,0.0329320987654321,0.7069023837075167,0.03577592327979325,0.2890330968194745,0.054570564956975515,0.007885338345864662,0.7252747252747253,0.6619718309859155,0.7333333333333333
medium_load,mappo_full,1024,13011,192,131,13,48,0.6822916666666666,0.06770833333333333,4.366666666666666,5.877862595419847,12.5,1.5041666666666667,16,34,-1.533015775930634,0.19497097840174676,0.03453703703703704,0.7121585526520703,0.06828727487396219,0.2982155211489577,0.05698471462791478,0.0247478786836372,0.7088607594936709,0.576271186440678,0.7592592592592593
medium_load,mappo_full,1024,13012,192,128,10,54,0.6666666666666666,0.052083333333333336,4.266666666666667,6.9765625,15.0,1.7305555555555556,13,22,-3.5042664578693947,0.2232555314076899,0.03975308641975308,0.7221409690460614,0.04488639900404607,0.27665790364319776,0.05476440687912346,0.01977124183006536,0.71875,0.603448275862069,0.631578947368421
medium_load,mappo_full,1024,13013,192,122,7,63,0.6354166666666666,0.036458333333333336,4.066666666666666,6.557377049180328,12.0,1.6180555555555556,18,21,-3.509000769277409,0.22365487221349917,0.03753086419753086,0.7098262357721261,0.04378987426975043,0.2678333720516383,0.054679652861718116,0.014907407407407406,0.7045454545454546,0.5384615384615384,0.6410256410256411
medium_load,mappo_full,1024,13014,192,133,8,51,0.6927083333333334,0.041666666666666664,4.433333333333334,6.06015037593985,12.0,1.426388888888889,15,33,-1.9541802022000994,0.2082563151090309,0.032901234567901234,0.6999641177282651,0.0697772712323796,0.2865710798489436,0.05403519828217276,0.017181582034523208,0.735632183908046,0.6451612903225806,0.6744186046511628
medium_load,mappo_full,1024,13015,192,118,11,63,0.6145833333333334,0.057291666666666664,3.933333333333333,6.728813559322034,15.149999999999991,1.676388888888889,16,23,-3.8963093038473,0.20343985880329227,0.03882716049382716,0.7275242503002259,0.05029938471114941,0.2653286528286528,0.0563602055743447,0.02328733630204218,0.6601941747572816,0.5370370370370371,0.6
medium_load,mappo_full,1024,13016,192,141,5,46,0.734375,0.026041666666666668,4.7,5.702127659574468,11.0,1.2763888888888888,11,7,0.4128821871684344,0.1956660173909724,0.029413580246913585,0.7213679344016632,0.015205026455026452,0.3115433096315449,0.05536012538573021,0.010433006535947713,0.7802197802197802,0.6615384615384615,0.75
medium_load,mappo_full,1024,13017,192,132,7,53,0.6875,0.036458333333333336,4.4,5.856060606060606,13.0,1.4638888888888888,13,21,-0.9670772240728205,0.19089602637574787,0.0337962962962963,0.7390358969875503,0.044107196409827985,0.29977345109311054,0.05678835214213551,0.014915761626287943,0.723404255319149,0.6,0.7209302325581395
medium_load,mappo_full,1024,13018,192,127,10,55,0.6614583333333334,0.052083333333333336,4.233333333333333,6.102362204724409,12.0,1.525,10,36,-2.266637910490339,0.19484645259936215,0.03521604938271605,0.7329226522466301,0.08106434544128044,0.2909366978910322,0.057821245289219954,0.022976190476190473,0.6923076923076923,0.5806451612903226,0.717948717948718
medium_load,mappo_full,1024,13019,192,128,11,53,0.6666666666666666,0.057291666666666664,4.266666666666667,5.953125,14.649999999999991,1.4875,16,11,-1.1699316158341362,0.19342789601133584,0.03432098765432099,0.7427071386843374,0.026597781303663658,0.30770167740755977,0.0600077276273922,0.02542124542124542,0.7021276595744681,0.5862068965517241,0.7
medium_load,mappo_full,1024,13020,192,128,10,54,0.6666666666666666,0.052083333333333336,4.266666666666667,5.8515625,12.0,1.4430555555555555,15,30,-1.2837939983440734,0.19369174609121995,0.0333641975308642,0.7071178940572108,0.06402540728392121,0.295357195121127,0.05792079617960168,0.020484155650564318,0.6627906976744186,0.6333333333333333,0.717391304347826
medium_load,mappo_full,1024,13021,192,134,4,54,0.6979166666666666,0.020833333333333332,4.466666666666667,6.529850746268656,14.349999999999994,1.5486111111111112,18,28,-1.2401695843357556,0.20572436941101765,0.03570987654320988,0.7170718259064656,0.06015736299018034,0.2927601167036152,0.05580738515023613,0.008209412419938734,0.723404255319149,0.68,0.6666666666666666
medium_load,mappo_full,1024,13022,192,119,13,60,0.6197916666666666,0.06770833333333333,3.966666666666667,6.638655462184874,14.099999999999994,1.7,17,36,-4.6417317977475685,0.20387475178897035,0.039259259259259265,0.7137910097724269,0.07301816633085982,0.2536272256009098,0.05386336077187569,0.024905605517060624,0.6633663366336634,0.44642857142857145,0.7714285714285715
medium_load,mappo_full,1024,13023,192,132,5,55,0.6875,0.026041666666666668,4.4,6.053030303030303,12.0,1.4430555555555555,14,24,-1.5898110824494949,0.2037594255539664,0.033395061728395056,0.7062980203805772,0.04847451553720904,0.2830398803696017,0.054109379982051974,0.01017156862745098,0.6666666666666666,0.7258064516129032,0.6774193548387096
medium_load,mappo_full,1024,13024,192,124,13,55,0.6458333333333334,0.06770833333333333,4.133333333333334,6.169354838709677,13.849999999999994,1.6027777777777779,14,21,-3.808159923448606,0.21629159802805112,0.03694444444444444,0.7249035871559708,0.044407485216308745,0.27436259546553665,0.05542234370584791,0.02647058823529412,0.651685393258427,0.59375,0.717948717948718
medium_load,mappo_full,1024,13025,192,130,8,54,0.6770833333333334,0.041666666666666664,4.333333333333333,6.846153846153846,13.549999999999997,1.6041666666666667,16,27,-2.7668274132353736,0.211836733698564,0.036944444444444446,0.6845370326228544,0.054199699222919034,0.2689054492692263,0.05214867581000573,0.01516143299425033,0.7340425531914894,0.5370370370370371,0.7272727272727273
medium_load,mappo_full,1024,13026,192,127,5,60,0.6614583333333334,0.026041666666666668,4.233333333333333,6.291338582677166,14.099999999999966,1.4944444444444445,18,31,-1.9728676802541394,0.1958351940820676,0.03469135802469136,0.7202252012936504,0.06304899535162693,0.27787004905425955,0.05479198264490906,0.00985623781676413,0.6952380952380952,0.6346153846153846,0.6
medium_load,mappo_full,1024,13027,192,128,7,57,0.6666666666666666,0.036458333333333336,4.266666666666667,6.15625,14.0,1.4902777777777778,17,26,-2.0469726983979206,0.20568113531851984,0.034506172839506175,0.7224756100113152,0.055050096961861666,0.28796016619546033,0.05682349746188658,0.01646825396825397,0.6764705882352942,0.6727272727272727,0.6285714285714286
medium_load,mappo_full,1024,13028,192,131,9,52,0.6822916666666666,0.046875,4.366666666666666,6.015267175572519,12.0,1.4236111111111112,14,40,-2.0421301627723896,0.19441075209444353,0.03287037037037037,0.7045598141417293,0.08220878994872803,0.2808000471893661,0.05362212061189395,0.0174400871459695,0.7264150943396226,0.5967741935483871,0.7083333333333334
medium_load,mappo_full,1024,13029,192,124,10,58,0.6458333333333334,0.052083333333333336,4.133333333333334,6.290322580645161,12.0,1.6458333333333333,20,39,-3.2565150043881084,0.20184060745366025,0.037993827160493834,0.7260579298945532,0.08603116167744651,0.2744024266353987,0.05556428243383002,0.019664029354431834,0.6354166666666666,0.6415094339622641,0.6744186046511628
medium_load,mappo_full,1024,13030,192,121,10,61,0.6302083333333334,0.052083333333333336,4.033333333333333,6.2809917355371905,14.0,1.5638888888888889,15,33,-2.674649270817268,0.19903111823765438,0.036265432098765434,0.730907012535189,0.07366910866910865,0.2851215913715913,0.05867203718845942,0.0226500814000814,0.6355140186915887,0.5185185185185185,0.8064516129032258
medium_load,mappo_full,1024,13031,192,122,9,61,0.6354166666666666,0.046875,4.066666666666666,6.352459016393443,13.0,1.5930555555555554,17,31,-3.3686715700318217,0.22136392624392356,0.03691358024691359,0.7269894536515219,0.06671431910595998,0.27933478744624257,0.05703312988603695,0.018761466574934067,0.7157894736842105,0.5666666666666667,0.5405405405405406
medium_load,mappo_full,1024,13032,192,124,12,56,0.6458333333333334,0.0625,4.133333333333334,7.048387096774194,16.849999999999994,1.6819444444444445,18,19,-3.9504863808211925,0.2289031873129724,0.038734567901234564,0.7164490559839806,0.04076905593546461,0.2722938297512601,0.05541024209044566,0.022230166920569398,0.6559139784946236,0.5806451612903226,0.7297297297297297
medium_load,mappo_full,1024,13033,192,127,6,59,0.6614583333333334,0.03125,4.233333333333333,5.937007874015748,11.0,1.4388888888888889,15,22,-2.0285200823780487,0.2092019339733999,0.03342592592592593,0.7161253363211803,0.04851202446790682,0.28477037396155047,0.05621563699402177,0.013914386267327442,0.6344086021505376,0.676923076923077,0.7058823529411765
medium_load,mappo_full,1024,13034,192,130,11,51,0.6770833333333334,0.057291666666666664,4.333333333333333,6.253846153846154,12.0,1.4902777777777778,12,43,-2.5268026614255614,0.19803630243834203,0.03432098765432099,0.7119326807833254,0.09018340377086506,0.28230378668459166,0.054466233179917084,0.021945795862204527,0.7090909090909091,0.5217391304347826,0.7777777777777778
medium_load,mappo_full,1024,13035,192,132,9,51,0.6875,0.046875,4.4,6.568181818181818,14.449999999999989,1.5819444444444444,17,27,-1.726198457076728,0.20580450377749313,0.03635802469135803,0.7108953853415011,0.05747780871232884,0.2931236963357706,0.05574020996774774,0.018189571150097464,0.72,0.6481481481481481,0.6578947368421053
medium_load,mappo_full,1024,13036,192,136,6,50,0.7083333333333334,0.03125,4.533333333333333,5.764705882352941,11.25,1.3597222222222223,9,12,-0.42131012558405556,0.19882894818220545,0.03138888888888889,0.710791350349081,0.024773944665585534,0.30044163324349077,0.05498692183440557,0.012568860877684407,0.6774193548387096,0.7096774193548387,0.7837837837837838
medium_load,mappo_full,1024,13037,192,134,4,54,0.6979166666666666,0.020833333333333332,4.466666666666667,6.388059701492537,13.349999999999994,1.4930555555555556,15,18,-1.3260524248480858,0.21098804258196166,0.03447530864197531,0.6945080880499291,0.03796235340739984,0.285011840441407,0.0538266032674727,0.00771398192450824,0.759493670886076,0.640625,0.673469387755102
medium_load,mappo_full,1024,13038,192,124,11,57,0.6458333333333334,0.057291666666666664,4.133333333333334,6.338709677419355,12.0,1.5833333333333333,15,25,-3.766643811977121,0.21539627914303286,0.03657407407407407,0.7298213917879793,0.055640850807259466,0.2732299709234694,0.05530791284248261,0.022894769918763724,0.7340425531914894,0.5161290322580645,0.6388888888888888
medium_load,mappo_full,1024,13039,192,127,11,54,0.6614583333333334,0.057291666666666664,4.233333333333333,6.149606299212598,12.0,1.5944444444444446,14,15,-2.268983556789196,0.20363262405039853,0.0367283950617284,0.7264673526339632,0.03362718164188752,0.2916481639275757,0.0577725604126634,0.025088702147525677,0.696969696969697,0.6440677966101694,0.5882352941176471
medium_load,mappo_full,1024,13040,192,129,13,50,0.671875,0.06770833333333333,4.3,5.930232558139535,13.0,1.4597222222222221,13,34,-2.7033207816215628,0.20614495253782533,0.03361111111111111,0.7155552538274691,0.07109553358005369,0.2864246447566881,0.05549232885696454,0.026190087145969498,0.6470588235294118,0.6774193548387096,0.7111111111111111
medium_load,mappo_full,1024,13041,192,121,11,60,0.6302083333333334,0.057291666666666664,4.033333333333333,6.950413223140496,15.0,1.6680555555555556,14,27,-4.22622605963612,0.2251928239413201,0.03854938271604938,0.7179552806199255,0.057374318148311954,0.2680619535263498,0.055432518898273955,0.02248501154847904,0.6703296703296703,0.5076923076923077,0.75
medium_load,mappo_full,1024,13042,192,122,10,60,0.6354166666666666,0.052083333333333336,4.066666666666666,6.204918032786885,13.0,1.5347222222222223,15,28,-3.723209616252678,0.20371775487906518,0.03558641975308642,0.7145285667647479,0.061073836867180514,0.26293254188765025,0.05424446958813859,0.021440841293782473,0.673469387755102,0.5961538461538461,0.5952380952380952
medium_load,mappo_full,1024,13043,192,128,10,54,0.6666666666666666,0.052083333333333336,4.266666666666667,6.3359375,14.0,1.5694444444444444,13,25,-3.0671224606481076,0.2064707809574068,0.036172839506172845,0.7284554587982567,0.05191194899012237,0.2771406914092673,0.05412815621280391,0.020543405396346574,0.6808510638297872,0.6379310344827587,0.675
medium_load,mappo_full,1024,13044,192,127,9,56,0.6614583333333334,0.046875,4.233333333333333,5.834645669291339,12.0,1.5097222222222222,14,22,-1.1569724476710805,0.1822468004884999,0.03490740740740741,0.7192432685738874,0.04706103866320585,0.29156425388623525,0.057432120261575376,0.01837223778400249,0.7448979591836735,0.6727272727272727,0.4358974358974359
medium_load,mappo_full,1024,13045,192,130,4,58,0.6770833333333334,0.020833333333333332,4.333333333333333,5.7,11.549999999999997,1.3916666666666666,15,31,-0.8299511615178168,0.19933239264094801,0.03234567901234568,0.7211122664258567,0.061834177890679444,0.29626296189763685,0.056374892431944885,0.00821078431372549,0.59375,0.6964285714285714,0.85
medium_load,mappo_full,1024,13046,192,131,8,53,0.6822916666666666,0.041666666666666664,4.366666666666666,6.3816793893129775,13.0,1.586111111111111,14,26,-2.7442326532544796,0.21877412797960574,0.03651234567901234,0.6897414752962858,0.051497227545989156,0.27519598693360303,0.053294864525425104,0.016691360754828247,0.6956521739130435,0.6857142857142857,0.6333333333333333
medium_load,mappo_full,1024,13047,192,130,4,58,0.6770833333333334,0.020833333333333332,4.333333333333333,5.753846153846154,13.0,1.4180555555555556,13,24,-0.28442580254848504,0.1870400893492902,0.0329320987654321,0.7294845364118939,0.052470391665438106,0.30140346567204157,0.05730285466036167,0.008967695531163025,0.6296296296296297,0.7291666666666666,0.75
medium_load,mappo_full,1024,13048,192,122,8,62,0.6354166666666666,0.041666666666666664,4.066666666666666,6.655737704918033,12.949999999999989,1.6527777777777777,20,28,-3.335107198622458,0.2217005800056874,0.03827160493827161,0.7332507597294607,0.060144938767229796,0.2800424499534407,0.05734559032250641,0.017274174627115804,0.6105263157894737,0.625,0.7073170731707317
medium_load,mappo_full,1024,13049,192,128,7,57,0.6666666666666666,0.036458333333333336,4.266666666666667,6.609375,13.649999999999991,1.5652777777777778,17,22,-2.370133350848672,0.21055810364050845,0.036172839506172845,0.712060164023277,0.046568816460457324,0.28040483939864747,0.054967790934007194,0.014738562091503267,0.6698113207547169,0.6607142857142857,0.6666666666666666
medium_load,mappo_full,1024,13050,192,127,14,51,0.6614583333333334,0.07291666666666667,4.233333333333333,5.84251968503937,13.699999999999989,1.4638888888888888,17,34,-2.2247360252576747,0.18643261328138325,0.033734567901234566,0.7094020049459644,0.07037229511687716,0.2820831269979877,0.054969936475022484,0.025315699379166876,0.6947368421052632,0.631578947368421,0.625
medium_load,mappo_no_queue,7,13001,192,125,13,54,0.6510416666666666,0.06770833333333333,4.166666666666667,5.984,13.0,1.5152777777777777,14,19,-1.339082074675612,0.17922164453181683,0.03496913580246914,0.7162485733436259,0.03694751584844464,0.2784042922162117,0.05605151857021015,0.025552033678968664,0.7476635514018691,0.5306122448979592,0.5277777777777778
medium_load,mappo_no_queue,7,13002,192,110,20,62,0.5729166666666666,0.10416666666666667,3.6666666666666665,6.172727272727273,13.0,1.7097222222222221,15,32,-4.658054546203094,0.18065565292269659,0.03953703703703704,0.7223103873470023,0.062304479146584414,0.2401832194866251,0.053843863943894385,0.037989397513391324,0.711340206185567,0.32075471698113206,0.5714285714285714
medium_load,mappo_no_queue,7,13003,192,116,14,62,0.6041666666666666,0.07291666666666667,3.8666666666666667,5.870689655172414,14.0,1.5777777777777777,18,21,-3.2231599284792036,0.19684389216923445,0.036604938271604937,0.713822409418427,0.04507317573494044,0.2588512141453318,0.05586424351166737,0.02839246809835045,0.6770833333333334,0.5,0.5882352941176471
medium_load,mappo_no_queue,7,13004,192,123,9,60,0.640625,0.046875,4.1,6.2439024390243905,13.0,1.5347222222222223,17,23,-2.03578837379626,0.20898670786666468,0.03558641975308642,0.6955066351986351,0.045976255999475815,0.27020046158978045,0.055263581266703374,0.01839945042344423,0.6666666666666666,0.5666666666666667,0.6875
medium_load,mappo_no_queue,7,13005,192,123,13,56,0.640625,0.06770833333333333,4.1,6.634146341463414,14.799999999999983,1.5805555555555555,16,17,-2.496396654386188,0.21128370218996115,0.036481481481481476,0.7253196981045806,0.03484788832312053,0.2770517797762379,0.055816218918607524,0.025411015283306308,0.7058823529411765,0.5362318840579711,0.6842105263157895
medium_load,mappo_no_queue,7,13006,192,113,18,61,0.5885416666666666,0.09375,3.7666666666666666,6.68141592920354,17.0,1.7152777777777777,19,25,-3.9748911409108487,0.2004811803593421,0.03962962962962963,0.7448693608955981,0.05474257224257225,0.2668732193732194,0.058745683506116496,0.03825193325193325,0.6565656565656566,0.4482758620689655,0.6285714285714286
medium_load,mappo_no_queue,7,13007,192,117,5,70,0.609375,0.026041666666666668,3.9,6.435897435897436,15.0,1.6555555555555554,16,17,-0.779932353669955,0.1987135641610667,0.038580246913580245,0.7309276410692342,0.0352339842819719,0.28548415550737527,0.059465529475774895,0.00989766081871345,0.6435643564356436,0.5818181818181818,0.5555555555555556
medium_load,mappo_no_queue,7,13008,192,117,11,64,0.609375,0.057291666666666664,3.9,6.461538461538462,15.199999999999989,1.7069444444444444,16,33,-2.5741024519242663,0.19755852754219427,0.039537037037037044,0.7189512738790661,0.06649462709060233,0.26684767345371063,0.05686877044933118,0.02173939751339132,0.6194690265486725,0.6086956521739131,0.5757575757575758
medium_load,mappo_no_queue,7,13009,192,120,13,59,0.625,0.06770833333333333,4.0,5.875,12.0,1.5222222222222221,11,34,-2.050294318035694,0.18923994392093296,0.03527777777777778,0.7101855575127067,0.06622446639474504,0.27263476533213377,0.05559687207431633,0.025237685717561877,0.7070707070707071,0.5166666666666667,0.5757575757575758
medium_load,mappo_no_queue,7,13010,192,113,17,62,0.5885416666666666,0.08854166666666667,3.7666666666666666,6.893805309734513,16.0,1.7180555555555554,19,18,-4.67654456048417,0.22300214749639033,0.039722222222222214,0.7036883781635294,0.03528222107556473,0.24846898701000866,0.05531008354916732,0.03269450177731912,0.6923076923076923,0.4507042253521127,0.6
medium_load,mappo_no_queue,7,13011,192,106,21,65,0.5520833333333334,0.109375,3.533333333333333,5.40566037735849,11.75,1.6,20,39,-4.027064489780981,0.18404503887695972,0.037191358024691354,0.7149270240622758,0.07430108390634707,0.2522748729598575,0.057623258847013546,0.03832706766917293,0.620253164556962,0.4576271186440678,0.5555555555555556
medium_load,mappo_no_queue,7,13012,192,122,14,56,0.6354166666666666,0.07291666666666667,4.066666666666666,6.811475409836065,15.949999999999989,1.7569444444444444,16,19,-3.2363316124870263,0.21505874371072103,0.04040123456790123,0.7112967411348088,0.03918241745641127,0.267553467630867,0.055533471787445755,0.029443855364907998,0.7083333333333334,0.5517241379310345,0.5789473684210527
medium_load,mappo_no_queue,7,13013,192,105,19,68,0.546875,0.09895833333333333,3.5,6.447619047619048,13.0,1.7486111111111111,17,20,-5.224134977738746,0.19700348430719997,0.040586419753086425,0.7193230815413593,0.04008947465216815,0.2358758498696579,0.055343843667845526,0.03783611397775485,0.6931818181818182,0.36923076923076925,0.5128205128205128
medium_load,mappo_no_queue,7,13014,192,109,21,62,0.5677083333333334,0.109375,3.6333333333333333,6.587155963302752,12.599999999999994,1.7027777777777777,16,33,-5.424363273510663,0.21155408646850213,0.03938271604938271,0.6862377630224271,0.06486287677464148,0.23951421399950812,0.054295098100279854,0.043382741985683156,0.6781609195402298,0.45161290322580644,0.5116279069767442
medium_load,mappo_no_queue,7,13015,192,113,14,65,0.5885416666666666,0.07291666666666667,3.7666666666666666,6.238938053097345,13.399999999999991,1.6527777777777777,16,31,-3.589857248652845,0.1860140163075067,0.038364197530864196,0.7124731721240836,0.06045625942684766,0.24634792896015809,0.05394939588271952,0.026310486182777204,0.6504854368932039,0.5,0.5428571428571428
medium_load,mappo_no_queue,7,13016,192,115,14,63,0.5989583333333334,0.07291666666666667,3.8333333333333335,5.869565217391305,15.0,1.551388888888889,19,23,-3.393977526457465,0.19088129564480638,0.036049382716049384,0.7023887458759931,0.0445770267171196,0.24832495692015816,0.05404484558188243,0.02669346978557505,0.6813186813186813,0.49230769230769234,0.5833333333333334
medium_load,mappo_no_queue,7,13017,192,117,13,62,0.609375,0.06770833333333333,3.9,6.487179487179487,15.199999999999989,1.7055555555555555,19,15,-2.5165155582303065,0.19508153629622818,0.03944444444444444,0.7432085811260113,0.030588235294117645,0.2749933644786586,0.05886769888168263,0.027590168546050897,0.6914893617021277,0.45454545454545453,0.627906976744186
medium_load,mappo_no_queue,7,13018,192,116,16,60,0.6041666666666666,0.08333333333333333,3.8666666666666667,6.129310344827586,13.0,1.6875,13,35,-3.5479578729841776,0.19600549432053613,0.03898148148148148,0.721862697469394,0.0711327763224048,0.26220772261793934,0.05667447136879246,0.032924931106045656,0.6373626373626373,0.532258064516129,0.6410256410256411
medium_load,mappo_no_queue,7,13019,192,114,17,61,0.59375,0.08854166666666667,3.8,5.780701754385965,14.0,1.625,15,34,-2.908334444949488,0.17551338431737262,0.03762345679012346,0.7373985919159441,0.0731072386219445,0.2720381361557832,0.05920615132373727,0.038133005338887686,0.648936170212766,0.4482758620689655,0.675
medium_load,mappo_no_queue,7,13020,192,104,18,70,0.5416666666666666,0.09375,3.466666666666667,6.096153846153846,14.0,1.7097222222222221,14,38,-4.696508740475654,0.19966735942817634,0.03978395061728395,0.7276019641441347,0.07754881398844246,0.2505990119844609,0.05973611048655529,0.03639829998576129,0.5232558139534884,0.48333333333333334,0.6521739130434783
medium_load,mappo_no_queue,7,13021,192,117,14,61,0.609375,0.07291666666666667,3.9,6.752136752136752,15.0,1.7458333333333333,18,28,-4.084923855721672,0.208718573902342,0.04030864197530864,0.7110006256555159,0.05913806165741151,0.2507341002077844,0.054552665415965186,0.02806528166822285,0.7021276595744681,0.5,0.5416666666666666
medium_load,mappo_no_queue,7,13022,192,110,15,67,0.5729166666666666,0.078125,3.6666666666666665,6.763636363636364,13.549999999999997,1.7597222222222222,19,36,-5.016844359686524,0.2120890945698021,0.04080246913580247,0.7149939950119476,0.06826468981654739,0.23994804186754648,0.05466655631308121,0.02920927169379182,0.6435643564356436,0.4107142857142857,0.6285714285714286
medium_load,mappo_no_queue,7,13023,192,116,10,66,0.6041666666666666,0.052083333333333336,3.8666666666666667,6.129310344827586,12.25,1.5527777777777778,17,26,-3.5455801781734744,0.2132098578675576,0.036172839506172845,0.6968407187025012,0.051632814210213596,0.24855165245258123,0.053280014863284784,0.019002264648549476,0.5858585858585859,0.6451612903225806,0.5806451612903226
medium_load,mappo_no_queue,7,13024,192,109,23,60,0.5677083333333334,0.11979166666666667,3.6333333333333333,6.027522935779817,13.599999999999994,1.6819444444444445,16,27,-5.445365999769603,0.19376320628844632,0.03885802469135802,0.7301100882712336,0.05523240290268154,0.24516256862619087,0.05597763905507885,0.04818742116729733,0.6741573033707865,0.4375,0.5384615384615384
medium_load,mappo_no_queue,7,13025,192,103,18,71,0.5364583333333334,0.09375,3.433333333333333,6.844660194174757,15.0,1.8388888888888888,18,27,-5.863452824883297,0.210836328739934,0.04268518518518517,0.6942986368053501,0.04935776154816403,0.22169594895988087,0.05266178365877221,0.03285847379887628,0.648936170212766,0.4074074074074074,0.45454545454545453
medium_load,mappo_no_queue,7,13026,192,119,14,59,0.6197916666666666,0.07291666666666667,3.966666666666667,6.504201680672269,14.0,1.613888888888889,20,14,-2.7426493207046367,0.2018304989260822,0.037314814814814815,0.7309816557917557,0.029201480637239152,0.27175808425034437,0.056764221824315834,0.028049883696168527,0.6857142857142857,0.5,0.6
medium_load,mappo_no_queue,7,13027,192,110,16,66,0.5729166666666666,0.08333333333333333,3.6666666666666665,6.236363636363636,13.549999999999997,1.648611111111111,17,22,-4.567842723821515,0.20264569735956614,0.03830246913580247,0.7246193392790502,0.050253583562407084,0.2505368188456424,0.05732603893074639,0.03629818710701063,0.6274509803921569,0.509090909090909,0.5142857142857142
medium_load,mappo_no_queue,7,13028,192,108,21,63,0.5625,0.109375,3.6,7.0092592592592595,16.64999999999999,1.7819444444444446,24,16,-6.054096411024379,0.21670075265872743,0.04117283950617285,0.7168340245189012,0.032607560568086884,0.23759925045141767,0.055616283592786024,0.044900404606286956,0.6509433962264151,0.3709677419354839,0.6666666666666666
medium_load,mappo_no_queue,7,13029,192,105,19,68,0.546875,0.09895833333333333,3.5,7.295238095238095,17.799999999999997,1.8944444444444444,23,14,-5.563197275906742,0.20961936655840935,0.04382716049382716,0.7490407549453981,0.029758403361344537,0.24655697243932537,0.05810702014555069,0.04132586367880486,0.59375,0.4716981132075472,0.5348837209302325
medium_load,mappo_no_queue,7,13030,192,117,14,61,0.609375,0.07291666666666667,3.9,6.333333333333333,15.199999999999989,1.6097222222222223,18,22,-2.86124646647255,0.19514798290182495,0.03728395061728395,0.7253453895697156,0.04557082279605499,0.26588931006500666,0.05672736467260278,0.027272961816305466,0.6635514018691588,0.4444444444444444,0.7096774193548387
medium_load,mappo_no_queue,7,13031,192,113,14,65,0.5885416666666666,0.07291666666666667,3.7666666666666666,6.663716814159292,14.0,1.6861111111111111,18,15,-3.752263576271597,0.21545326332141387,0.03910493827160493,0.7333322521963729,0.03372002452884806,0.26488242808676243,0.05836787632767733,0.030070063378886906,0.7157894736842105,0.48333333333333334,0.43243243243243246
medium_load,mappo_no_queue,7,13032,192,112,21,59,0.5833333333333334,0.109375,3.7333333333333334,7.044642857142857,15.0,1.8041666666666667,18,22,-5.115299286201999,0.22022247349003615,0.041543209876543204,0.7138282912562245,0.046393753878274005,0.2504174343028832,0.05609833718250338,0.039659820600223085,0.6559139784946236,0.45161290322580644,0.6216216216216216
medium_load,mappo_no_queue,7,13033,192,111,14,67,0.578125,0.07291666666666667,3.7,6.396396396396397,15.0,1.6777777777777778,17,32,-4.1992774170294505,0.21350525283261104,0.038981481481481485,0.7028935760373458,0.061352257277179884,0.24817646305649405,0.054918375757118304,0.026807255065768996,0.5913978494623656,0.5538461538461539,0.5882352941176471
medium_load,mappo_no_queue,7,13034,192,111,17,64,0.578125,0.08854166666666667,3.7,6.648648648648648,15.0,1.7138888888888888,18,23,-3.9262053823387593,0.18758946425172762,0.03969135802469136,0.7190665759082857,0.04567515602732321,0.2499712201569787,0.05650647574090766,0.03445376103657837,0.6545454545454545,0.3695652173913043,0.6111111111111112
medium_load,mappo_no_queue,7,13035,192,112,15,65,0.5833333333333334,0.078125,3.7333333333333334,6.669642857142857,13.0,1.7930555555555556,15,48,-4.464236642619284,0.20166488065486038,0.04148148148148148,0.7028948031319309,0.09125988992088062,0.24257342860671033,0.05414989166362392,0.028587747964682948,0.67,0.46296296296296297,0.5263157894736842
medium_load,mappo_no_queue,7,13036,192,115,15,62,0.5989583333333334,0.078125,3.8333333333333335,5.373913043478261,12.0,1.4916666666666667,14,15,-3.048105873973902,0.1874239309488887,0.03469135802469136,0.7179383512760447,0.030955083787901124,0.2599415110173624,0.05556686017202865,0.03167287090274706,0.6129032258064516,0.5483870967741935,0.6486486486486487
medium_load,mappo_no_queue,7,13037,192,118,12,62,0.6145833333333334,0.0625,3.933333333333333,6.516949152542373,15.0,1.6277777777777778,14,28,-3.0526259909393425,0.2082686451372864,0.03771604938271605,0.7063065101196054,0.05102783511065245,0.2602117788185899,0.055092309572321994,0.02252052957935311,0.7721518987341772,0.46875,0.5510204081632653
medium_load,mappo_no_queue,7,13038,192,109,19,64,0.5677083333333334,0.09895833333333333,3.6333333333333333,6.963302752293578,15.0,1.7986111111111112,21,37,-5.6572655251529005,0.21429293484457942,0.041574074074074076,0.7207720373598718,0.07289663008703258,0.23884058178949819,0.054473015700186825,0.03577554998607631,0.7021276595744681,0.3709677419354839,0.5555555555555556
medium_load,mappo_no_queue,7,13039,192,108,19,65,0.5625,0.09895833333333333,3.6,6.472222222222222,16.0,1.8208333333333333,18,24,-5.6133831580298965,0.2098209392414556,0.04209876543209876,0.7275787809262344,0.051946210107974816,0.2411905822935235,0.05641423618738498,0.03992647058823529,0.6262626262626263,0.5084745762711864,0.47058823529411764
medium_load,mappo_no_queue,7,13040,192,115,19,58,0.5989583333333334,0.09895833333333333,3.8333333333333335,5.860869565217391,12.899999999999991,1.586111111111111,15,29,-3.5424701199208948,0.1918947720408236,0.036666666666666674,0.7145252364263933,0.05641289939277556,0.26133631404142244,0.05562008616214506,0.037376493332375686,0.6352941176470588,0.5806451612903226,0.5555555555555556
medium_load,mappo_no_queue,7,13041,192,100,19,73,0.5208333333333334,0.09895833333333333,3.3333333333333335,7.12,16.049999999999997,1.8791666666666667,21,37,-6.872596897984552,0.22343428124902104,0.04364197530864198,0.7419204973550898,0.07750913144875994,0.23060878821327738,0.05695021178486913,0.037356381148950804,0.6263736263736264,0.35384615384615387,0.5555555555555556
medium_load,mappo_no_queue,7,13042,192,112,13,67,0.5833333333333334,0.06770833333333333,3.7333333333333334,6.133928571428571,12.0,1.6111111111111112,17,31,-4.33058937544728,0.21333545105843674,0.0375,0.7113978227406945,0.06574714973708781,0.24709790123876815,0.05510319929789242,0.025427334676560685,0.6530612244897959,0.5192307692307693,0.5
medium_load,mappo_no_queue,7,13043,192,120,15,57,0.625,0.078125,4.0,5.916666666666667,14.0,1.5902777777777777,15,22,-3.1076094530618894,0.1917498482895844,0.0367283950617284,0.7369533090755122,0.04508380837715203,0.2665801598928534,0.055292471356991446,0.030987394957983198,0.7021276595744681,0.5344827586206896,0.575
medium_load,mappo_no_queue,7,13044,192,118,15,59,0.6145833333333334,0.078125,3.933333333333333,6.101694915254237,14.0,1.6194444444444445,17,20,-2.1326920705005157,0.1888509576057721,0.037438271604938275,0.7177134422782789,0.03885681555573196,0.2748040921067237,0.05792780116189987,0.02971304896227497,0.7244897959183674,0.5454545454545454,0.4358974358974359
medium_load,mappo_no_queue,7,13045,192,104,18,70,0.5416666666666666,0.09375,3.466666666666667,6.134615384615385,11.849999999999994,1.663888888888889,14,53,-4.794298025379585,0.1962753101182936,0.038765432098765436,0.7240565000934053,0.10272115368864594,0.2464439914517314,0.056799048751606594,0.03408511065244811,0.5520833333333334,0.4642857142857143,0.625
medium_load,mappo_no_queue,7,13046,192,111,18,63,0.578125,0.09375,3.7,6.315315315315315,14.0,1.6847222222222222,20,41,-4.980736969296822,0.20849075187831587,0.03901234567901235,0.6938645903326149,0.07925669975592577,0.24007513284216075,0.053439960214220615,0.03477822415515914,0.6630434782608695,0.4714285714285714,0.5666666666666667
medium_load,mappo_no_queue,7,13047,192,117,12,63,0.609375,0.0625,3.9,6.153846153846154,14.199999999999989,1.6236111111111111,19,14,-1.883396480870938,0.18804222956121877,0.03765432098765432,0.7415974174566805,0.034831663434604615,0.2826233651968947,0.05967576449476942,0.02812588283176519,0.5925925925925926,0.5625,0.7222222222222222
medium_load,mappo_no_queue,7,13048,192,111,15,66,0.578125,0.078125,3.7,6.702702702702703,13.5,1.7277777777777779,25,9,-3.723048385059151,0.20282905851681063,0.040061728395061724,0.7395398220273924,0.019450280112044815,0.2610600837071425,0.05839197273705192,0.031946778711484596,0.6210526315789474,0.48214285714285715,0.6097560975609756
medium_load,mappo_no_queue,7,13049,192,110,16,66,0.5729166666666666,0.08333333333333333,3.6666666666666665,6.8,15.099999999999994,1.7125,19,18,-4.324716695771472,0.20824350636252456,0.03972222222222222,0.7144035693909779,0.03906592375632623,0.2517728809717974,0.056886736590980064,0.03437791783380018,0.6320754716981132,0.48214285714285715,0.5333333333333333
medium_load,mappo_no_queue,7,13050,192,116,15,61,0.6041666666666666,0.078125,3.8666666666666667,6.086206896551724,14.0,1.5916666666666666,22,44,-2.733858289979589,0.18664641358276585,0.03688271604938272,0.7172452432020685,0.08542115564174388,0.26777657799716625,0.05645025958814151,0.02934173669467787,0.6947368421052632,0.5263157894736842,0.5
medium_load,mappo_no_queue,42,13001,192,112,10,70,0.5833333333333334,0.052083333333333336,3.7333333333333334,5.8125,12.0,1.6680555555555556,15,52,-3.4000542858128107,0.20363606833636722,0.03885802469135803,0.701114248050415,0.09487283370797302,0.24910280208267824,0.05429518137039121,0.016471734892787523,0.5700934579439252,0.6326530612244898,0.5555555555555556
medium_load,mappo_no_queue,42,13002,192,97,20,75,0.5052083333333334,0.10416666666666667,3.2333333333333334,5.958762886597938,12.399999999999977,1.8375,22,61,-6.4026257272228015,0.18432184762464202,0.04277777777777778,0.7085800560607752,0.10967559974138923,0.21196399847715636,0.05323415341391833,0.03573922179185337,0.5773195876288659,0.33962264150943394,0.5476190476190477
medium_load,mappo_no_queue,42,13003,192,109,13,70,0.5677083333333334,0.06770833333333333,3.6333333333333333,6.5963302752293576,14.599999999999994,1.7930555555555556,18,51,-5.27654613349026,0.23353005127511753,0.0416358024691358,0.7086633036935559,0.09522897553083312,0.2412165610733722,0.054644206988571,0.02297303716808361,0.59375,0.5161290322580645,0.5882352941176471
medium_load,mappo_no_queue,42,13004,192,104,10,78,0.5416666666666666,0.052083333333333336,3.466666666666667,6.3076923076923075,14.0,1.7319444444444445,16,69,-5.5250916882928,0.23543525207397034,0.040524691358024695,0.6877979443248202,0.11801995519100786,0.2295357927246472,0.05332332883887625,0.017485380116959066,0.4642857142857143,0.5666666666666667,0.6458333333333334
medium_load,mappo_no_queue,42,13005,192,102,12,78,0.53125,0.0625,3.4,5.990196078431373,11.949999999999989,1.761111111111111,16,65,-5.512866346980411,0.2291071802051541,0.04117283950617283,0.6977606005058907,0.11159725334092677,0.22971395008799106,0.05337713638961085,0.018772733488374892,0.5529411764705883,0.5507246376811594,0.4473684210526316
medium_load,mappo_no_queue,42,13006,192,101,17,74,0.5260416666666666,0.08854166666666667,3.3666666666666667,6.366336633663367,15.0,1.8388888888888888,14,58,-6.186986603477602,0.2177573576144239,0.042777777777777776,0.7221295022344346,0.11016850423971165,0.2318551380393485,0.05591849817156566,0.03174775173227185,0.5050505050505051,0.46551724137931033,0.6857142857142857
medium_load,mappo_no_queue,42,13007,192,109,5,78,0.5677083333333334,0.026041666666666668,3.6333333333333333,5.724770642201835,14.0,1.7055555555555555,15,62,-2.3013128708681587,0.19816023223954624,0.03993827160493827,0.7151405816294593,0.10715871759669711,0.261315697303549,0.05703875880857676,0.008237840590781767,0.5643564356435643,0.5818181818181818,0.5555555555555556
medium_load,mappo_no_queue,42,13008,192,109,8,75,0.5677083333333334,0.041666666666666664,3.6333333333333333,6.431192660550459,14.0,1.7930555555555556,15,68,-3.5333461321752435,0.20015208396870868,0.041790123456790125,0.7150029647355218,0.12029906280983144,0.24913513654276206,0.05580829512573703,0.014377134540178018,0.5309734513274337,0.6086956521739131,0.6363636363636364
medium_load,mappo_no_queue,42,13009,192,110,9,73,0.5729166666666666,0.046875,3.6666666666666665,6.081818181818182,13.549999999999997,1.6680555555555556,13,47,-4.232185485201284,0.22610579066531425,0.03895061728395062,0.7071377004027651,0.08696818274604652,0.24669432118735526,0.05414887781304855,0.01598916334210452,0.5656565656565656,0.6166666666666667,0.5151515151515151
medium_load,mappo_no_queue,42,13010,192,105,12,75,0.546875,0.0625,3.5,6.085714285714285,12.0,1.7375,17,48,-5.10277431063667,0.2242681837773027,0.04055555555555555,0.7028992949777296,0.08289805023551153,0.23491474684586142,0.054601538142470596,0.021082187792714105,0.5604395604395604,0.5633802816901409,0.4666666666666667
medium_load,mappo_no_queue,42,13011,192,107,18,67,0.5572916666666666,0.09375,3.566666666666667,5.672897196261682,14.0,1.6972222222222222,21,47,-4.030748732855448,0.19788114890926856,0.039413580246913583,0.7015477625436272,0.08475733267495282,0.24987132286482805,0.05625508887431035,0.031434465610666984,0.5822784810126582,0.5254237288135594,0.5555555555555556
medium_load,mappo_no_queue,42,13012,192,108,9,75,0.5625,0.046875,3.6,6.453703703703703,14.299999999999983,1.8486111111111112,14,64,-5.157442502012585,0.2174455368047189,0.04302469135802469,0.696296934633607,0.11678313903159106,0.2288341233929469,0.05256547931675321,0.017687908496732026,0.5729166666666666,0.603448275862069,0.47368421052631576
medium_load,mappo_no_queue,42,13013,192,102,12,78,0.53125,0.0625,3.4,6.196078431372549,12.949999999999989,1.7625,18,45,-5.316591663212831,0.21257818213127921,0.0412037037037037,0.7103883139923194,0.08309522134212535,0.2278179905463187,0.053614646267092905,0.02155142758857929,0.6022727272727273,0.4461538461538462,0.5128205128205128
medium_load,mappo_no_queue,42,13014,192,105,13,74,0.546875,0.06770833333333333,3.5,6.257142857142857,12.799999999999997,1.6666666666666667,19,60,-6.007127481808491,0.2283671916520337,0.03895061728395062,0.6919116930818833,0.11020762691041329,0.22677589681846647,0.05266614376756286,0.026079099206034188,0.5747126436781609,0.532258064516129,0.5116279069767442
medium_load,mappo_no_queue,42,13015,192,108,10,74,0.5625,0.052083333333333336,3.6,6.462962962962963,14.649999999999991,1.7777777777777777,17,69,-4.600418036951813,0.20547279751344458,0.04141975308641975,0.695384597587959,0.12361251837258028,0.23202251294743553,0.05267585890006224,0.017118553960659224,0.5631067961165048,0.5925925925925926,0.5142857142857142
medium_load,mappo_no_queue,42,13016,192,118,6,68,0.6145833333333334,0.03125,3.933333333333333,5.576271186440678,12.299999999999983,1.5,13,45,-3.050339936543608,0.21808027546386535,0.03506172839506173,0.693379656980979,0.07996466725568892,0.25240446745090706,0.05227050178380799,0.010248422601363777,0.6043956043956044,0.6461538461538462,0.5833333333333334
medium_load,mappo_no_queue,42,13017,192,103,9,80,0.5364583333333334,0.046875,3.433333333333333,5.87378640776699,12.0,1.8069444444444445,14,71,-4.679549969112875,0.20509552740293657,0.04225308641975308,0.7209943570022216,0.1273280257181186,0.2359039720456129,0.055737083143605065,0.015580461849811694,0.5531914893617021,0.5272727272727272,0.5116279069767442
medium_load,mappo_no_queue,42,13018,192,99,17,76,0.515625,0.08854166666666667,3.3,5.606060606060606,12.099999999999994,1.8083333333333333,16,75,-5.698283350527606,0.19251440802936096,0.04216049382716049,0.7027953762106558,0.1309084933814036,0.2224152167921518,0.05409461933246415,0.02963497759550391,0.46153846153846156,0.5645161290322581,0.5641025641025641
medium_load,mappo_no_queue,42,13019,192,110,14,68,0.5729166666666666,0.07291666666666667,3.6666666666666665,6.072727272727272,14.549999999999997,1.7416666666666667,17,40,-3.9149728531920562,0.2007563675572867,0.0404320987654321,0.7318718799572054,0.07723136942177189,0.255942694073499,0.05778565190896878,0.027233668321129625,0.5638297872340425,0.5517241379310345,0.625
medium_load,mappo_no_queue,42,13020,192,99,14,79,0.515625,0.07291666666666667,3.3,5.858585858585859,11.0,1.7930555555555556,15,60,-5.362013598073221,0.21290502648289292,0.04191358024691358,0.719898722939304,0.10792349219980799,0.2371664057190373,0.05793931972323972,0.026416789837842472,0.45348837209302323,0.5333333333333333,0.6086956521739131
medium_load,mappo_no_queue,42,13021,192,101,11,80,0.5260416666666666,0.057291666666666664,3.3666666666666667,6.1683168316831685,12.0,1.8388888888888888,22,49,-5.531496334863544,0.2070065045133994,0.04296296296296296,0.707607851645996,0.08540000762910979,0.21872259276671047,0.05284468347005746,0.019326748243156913,0.5,0.56,0.5416666666666666
medium_load,mappo_no_queue,42,13022,192,99,16,77,0.515625,0.08333333333333333,3.3,6.202020202020202,13.099999999999994,1.825,21,74,-6.386650393786959,0.21119843238859032,0.04256172839506173,0.7030116963662376,0.12990802072323812,0.21935619533445622,0.05385409230503802,0.028764721590808544,0.5445544554455446,0.4107142857142857,0.6
medium_load,mappo_no_queue,42,13023,192,112,8,72,0.5833333333333334,0.041666666666666664,3.7333333333333334,5.839285714285714,13.0,1.6305555555555555,17,62,-3.9430407000571983,0.20288654974111772,0.03808641975308643,0.6879482222697634,0.11353518600422625,0.23628195577498984,0.052044058584511305,0.014613248808295247,0.5353535353535354,0.6612903225806451,0.5806451612903226
medium_load,mappo_no_queue,42,13024,192,102,19,71,0.53125,0.09895833333333333,3.4,5.980392156862745,13.949999999999989,1.7958333333333334,14,66,-7.433638569748596,0.2291266087504198,0.041728395061728395,0.70379286468293,0.11168544229285916,0.21336010678721676,0.05226711297170204,0.03296066252587992,0.5730337078651685,0.484375,0.5128205128205128
medium_load,mappo_no_queue,42,13025,192,96,13,83,0.5,0.06770833333333333,3.2,6.572916666666667,13.25,1.9236111111111112,21,50,-6.497918411206728,0.21766723976831878,0.04493827160493827,0.6892200198293854,0.08406700515076475,0.20501394584262403,0.05172880204891018,0.021180820570375018,0.5319148936170213,0.46296296296296297,0.4772727272727273
medium_load,mappo_no_queue,42,13026,192,100,12,80,0.5208333333333334,0.0625,3.3333333333333335,6.39,13.049999999999997,1.8194444444444444,15,77,-5.537719085698524,0.2231430182871376,0.042530864197530854,0.69546978716042,0.12546686439000346,0.22843829701953275,0.053413312490967875,0.02007730711728558,0.49523809523809526,0.5384615384615384,0.5714285714285714
medium_load,mappo_no_queue,42,13027,192,103,12,77,0.5364583333333334,0.0625,3.433333333333333,5.87378640776699,12.899999999999991,1.726388888888889,16,58,-5.954800943747331,0.21967755623546,0.04037037037037036,0.7048427448867638,0.10870625218148439,0.22318921990748616,0.05370879861625331,0.022830372814892936,0.5392156862745098,0.6,0.42857142857142855
medium_load,mappo_no_queue,42,13028,192,100,15,77,0.5208333333333334,0.078125,3.3333333333333335,6.52,12.0,1.8722222222222222,17,71,-6.284400811473905,0.21260148432162504,0.04361111111111112,0.6984475289816665,0.13131099439165803,0.21998601682240124,0.05361440821480953,0.028001586090830935,0.5377358490566038,0.45161290322580644,0.625
medium_load,mappo_no_queue,42,13029,192,92,17,83,0.4791666666666667,0.08854166666666667,3.066666666666667,6.880434782608695,15.800000000000011,2.0277777777777777,16,73,-7.779215488515734,0.22466342569972855,0.04725308641975309,0.7067152819715835,0.12848756950537135,0.204113980847727,0.053345152058178434,0.029241024426782943,0.46875,0.4528301886792453,0.5348837209302325
medium_load,mappo_no_queue,42,13030,192,99,10,83,0.515625,0.052083333333333336,3.3,5.838383838383838,16.19999999999999,1.7513888888888889,17,51,-4.58967569246708,0.20204286071721808,0.04111111111111111,0.7156565640472771,0.09193555412595661,0.23414036399330523,0.05600775837524092,0.018705444165970486,0.4766355140186916,0.48148148148148145,0.7096774193548387
medium_load,mappo_no_queue,42,13031,192,99,13,80,0.515625,0.06770833333333333,3.3,6.363636363636363,14.0,1.8138888888888889,18,58,-6.18629583223771,0.22831046053265866,0.04240740740740741,0.7099458264919607,0.10602924609503558,0.22393873612913862,0.054220768170826036,0.022088016759069396,0.5789473684210527,0.48333333333333334,0.40540540540540543
medium_load,mappo_no_queue,42,13032,192,95,20,77,0.4947916666666667,0.10416666666666667,3.1666666666666665,6.389473684210526,14.899999999999991,1.9416666666666667,22,45,-7.525444855768387,0.23096708176088476,0.04515432098765431,0.7200786344016941,0.08379879021906886,0.2163127299543708,0.05623982139960009,0.03504174131109116,0.4946236559139785,0.4838709677419355,0.5135135135135135
medium_load,mappo_no_queue,42,13033,192,104,8,80,0.5416666666666666,0.041666666666666664,3.466666666666667,5.8076923076923075,11.849999999999994,1.711111111111111,12,69,-5.432757833872422,0.23023444706579374,0.040123456790123455,0.6899622343901194,0.12437704065800041,0.22570820820046827,0.05273353112224074,0.013572009346003154,0.4838709677419355,0.6307692307692307,0.5294117647058824
medium_load,mappo_no_queue,42,13034,192,104,15,73,0.5416666666666666,0.078125,3.466666666666667,6.894230769230769,14.849999999999994,1.8333333333333333,15,50,-5.952324134942388,0.2220630169163433,0.04262345679012346,0.7149583252529055,0.09094505053483383,0.23302704190088092,0.05519552172774176,0.030607073238652187,0.5909090909090909,0.391304347826087,0.5833333333333334
medium_load,mappo_no_queue,42,13035,192,105,12,75,0.546875,0.0625,3.5,6.0,13.0,1.8402777777777777,20,67,-5.224984579258329,0.20576378053905786,0.0428395061728395,0.6954157702846229,0.12281121985456352,0.22750319111000222,0.05338831608015667,0.022899896800825593,0.53,0.6111111111111112,0.5
medium_load,mappo_no_queue,42,13036,192,114,8,70,0.59375,0.041666666666666664,3.8,5.833333333333333,11.349999999999994,1.601388888888889,10,49,-3.3538067115180827,0.20292440103927073,0.03737654320987655,0.6843600625632217,0.0854144198881041,0.24158568884962076,0.0517686150847981,0.013800378471431103,0.5483870967741935,0.6290322580645161,0.6486486486486487
medium_load,mappo_no_queue,42,13037,192,104,8,80,0.5416666666666666,0.041666666666666664,3.466666666666667,6.3173076923076925,13.849999999999994,1.8,10,68,-5.038418328780363,0.21831735313259537,0.04209876543209877,0.6842112440900666,0.11351454371645514,0.224102665567533,0.05234517047950649,0.013896103896103896,0.5443037974683544,0.53125,0.5510204081632653
medium_load,mappo_no_queue,42,13038,192,93,19,80,0.484375,0.09895833333333333,3.1,6.311827956989247,13.0,1.9041666666666666,19,69,-7.574379060342335,0.21058969522779206,0.044413580246913574,0.7161374482765805,0.1272134301313868,0.2082022564065908,0.054766345301828195,0.03465303745102507,0.5638297872340425,0.3548387096774194,0.5
medium_load,mappo_no_queue,42,13039,192,97,18,77,0.5052083333333334,0.09375,3.2333333333333334,6.43298969072165,17.0,1.9222222222222223,15,72,-7.786690768884152,0.23423336012854465,0.044722222222222226,0.7009011276541732,0.13552583796778842,0.21205101042175345,0.054290472116188544,0.033220120522752104,0.5353535353535354,0.559322033898305,0.3235294117647059
medium_load,mappo_no_queue,42,13040,192,99,17,76,0.515625,0.08854166666666667,3.3,5.767676767676767,12.099999999999994,1.7708333333333333,15,70,-6.471436664829745,0.21920045771331192,0.04132716049382716,0.7045648958024446,0.12544444475946023,0.2229431594950171,0.05439214732092301,0.029794932592920213,0.47058823529411764,0.6290322580645161,0.4444444444444444
medium_load,mappo_no_queue,42,13041,192,92,20,80,0.4791666666666667,0.10416666666666667,3.066666666666667,6.510869565217392,14.0,1.9305555555555556,19,59,-7.499707727263779,0.21710672484640853,0.04499999999999999,0.7176378754274847,0.10250387453241136,0.21385545811780837,0.05586123844684895,0.03784430624987901,0.5164835164835165,0.38461538461538464,0.5555555555555556
medium_load,mappo_no_queue,42,13042,192,98,12,82,0.5104166666666666,0.0625,3.2666666666666666,6.3979591836734695,12.149999999999991,1.7944444444444445,14,77,-7.630019364978284,0.2480641369370059,0.04203703703703703,0.7002437893741912,0.1406303168222673,0.21002530521880372,0.052296958119285225,0.02142139923486673,0.5,0.5576923076923077,0.47619047619047616
medium_load,mappo_no_queue,42,13043,192,108,12,72,0.5625,0.0625,3.6,6.2407407407407405,13.0,1.7486111111111111,16,51,-5.158663966855189,0.20891866289257635,0.04070987654320987,0.7259294934118159,0.08998847199698592,0.23498476111092212,0.05330572730385988,0.02335665552770816,0.5425531914893617,0.5862068965517241,0.575
medium_load,mappo_no_queue,42,13044,192,104,10,78,0.5416666666666666,0.052083333333333336,3.466666666666667,6.096153846153846,12.849999999999994,1.8069444444444445,14,67,-4.588403106798969,0.21582964458434484,0.04219135802469135,0.7024688957001579,0.11684419381787801,0.238396257738363,0.055330323109840186,0.01688666109718741,0.5816326530612245,0.5636363636363636,0.41025641025641024
medium_load,mappo_no_queue,42,13045,192,102,12,78,0.53125,0.0625,3.4,5.980392156862745,12.0,1.7083333333333333,15,78,-5.1180635114404485,0.21630540590025216,0.04000000000000001,0.7063145823085892,0.13950468119198767,0.2369867839991679,0.05515490087804562,0.020848280832800953,0.4479166666666667,0.5714285714285714,0.675
medium_load,mappo_no_queue,42,13046,192,105,11,76,0.546875,0.057291666666666664,3.5,6.438095238095238,13.599999999999994,1.7916666666666667,21,53,-6.173885057822508,0.23323255004680304,0.041790123456790125,0.6927597257899892,0.09369053160461828,0.2185676092912935,0.051302397094510545,0.01972531410224909,0.532608695652174,0.5428571428571428,0.6
medium_load,mappo_no_queue,42,13047,192,105,10,77,0.546875,0.052083333333333336,3.5,6.352380952380952,15.0,1.7375,15,72,-4.429243872345934,0.20042199358548432,0.040617283950617276,0.7056368327762989,0.13190998329156225,0.23758278514857464,0.05479251529254362,0.018852687273739906,0.48148148148148145,0.5625,0.7222222222222222
medium_load,mappo_no_queue,42,13048,192,96,13,83,0.5,0.06770833333333333,3.2,6.625,15.0,1.8916666666666666,22,64,-7.024568427844176,0.23543741013119845,0.0442283950617284,0.7234203853791644,0.11836388356512195,0.219657232602279,0.05542495810810841,0.023551935394040657,0.4842105263157895,0.5,0.5365853658536586
medium_load,mappo_no_queue,42,13049,192,100,14,78,0.5208333333333334,0.07291666666666667,3.3333333333333335,6.66,15.149999999999991,1.8611111111111112,17,46,-5.668220269551087,0.20500132732064694,0.04339506172839505,0.7011061618269083,0.08591466411125852,0.21920870552449495,0.05386549041722426,0.024617098301308826,0.5377358490566038,0.5178571428571429,0.4666666666666667
medium_load,mappo_no_queue,42,13050,192,101,14,77,0.5260416666666666,0.07291666666666667,3.3666666666666667,5.881188118811881,15.0,1.7041666666666666,20,72,-5.157060053564582,0.20337610811406603,0.03987654320987654,0.7051229934219968,0.13385788961640355,0.23300122664286751,0.05450157902838889,0.02487255721001851,0.5684210526315789,0.5263157894736842,0.425
medium_load,mappo_no_queue,1024,13001,192,129,8,55,0.671875,0.041666666666666664,4.3,6.24031007751938,13.0,1.5125,15,33,-1.0772684441233447,0.1945274331557987,0.034938271604938266,0.709356054872486,0.06981501327476561,0.28328957291418594,0.05506575582237427,0.016906527568292275,0.719626168224299,0.6326530612244898,0.5833333333333334
medium_load,mappo_no_queue,1024,13002,192,115,17,60,0.5989583333333334,0.08854166666666667,3.8333333333333335,6.495652173913044,14.0,1.6805555555555556,22,31,-4.438298961315125,0.19585215383124008,0.038827160493827166,0.7340883568684904,0.06583635590988532,0.2529475508151979,0.055276758227871654,0.03612356053532524,0.7010309278350515,0.37735849056603776,0.6428571428571429
medium_load,mappo_no_queue,1024,13003,192,120,10,62,0.625,0.052083333333333336,4.0,6.275,13.0,1.6166666666666667,20,28,-2.391824046493465,0.2050276537525137,0.03746913580246913,0.7218121408944301,0.05605469965764084,0.27293369484545954,0.0567241599833319,0.021388888888888888,0.65625,0.5645161290322581,0.6470588235294118
medium_load,mappo_no_queue,1024,13004,192,120,10,62,0.625,0.052083333333333336,4.0,6.283333333333333,14.0,1.5597222222222222,16,41,-2.4894506061698665,0.21125693277081317,0.0362037037037037,0.6903811199412039,0.0806344544115442,0.266406892041567,0.0548458922372377,0.01886824905400757,0.5833333333333334,0.5666666666666667,0.7708333333333334
medium_load,mappo_no_queue,1024,13005,192,124,7,61,0.6458333333333334,0.036458333333333336,4.133333333333334,6.532258064516129,14.849999999999994,1.5888888888888888,18,29,-1.945352726479335,0.22046301546903518,0.03682098765432099,0.7208429859421093,0.05868688501041442,0.28214876354582236,0.05643407243026548,0.015438662644544998,0.6705882352941176,0.5942028985507246,0.6842105263157895
medium_load,mappo_no_queue,1024,13006,192,113,16,63,0.5885416666666666,0.08333333333333333,3.7666666666666666,6.584070796460177,15.0,1.7194444444444446,15,44,-4.432923247529332,0.21214646502386783,0.039783950617283945,0.7373513431898733,0.09802428780369957,0.2650669265375148,0.05839673603404684,0.035815646771529125,0.6262626262626263,0.46551724137931033,0.6857142857142857
medium_load,mappo_no_queue,1024,13007,192,126,4,62,0.65625,0.020833333333333332,4.2,6.563492063492063,13.75,1.5708333333333333,12,23,0.8409015896968188,0.19823547414622078,0.03645061728395062,0.7499708109477631,0.0546441793500617,0.3180843992608698,0.06178572525391189,0.008905228758169934,0.6534653465346535,0.5818181818181818,0.7777777777777778
medium_load,mappo_no_queue,1024,13008,192,128,8,56,0.6666666666666666,0.041666666666666664,4.266666666666667,6.828125,17.0,1.6569444444444446,18,21,-0.6817780931709758,0.19749467092926318,0.03817901234567901,0.7368557574026966,0.04543271199617949,0.2948893505588551,0.05808689497934398,0.015843428014480646,0.6902654867256637,0.6739130434782609,0.5757575757575758
medium_load,mappo_no_queue,1024,13009,192,124,6,62,0.6458333333333334,0.03125,4.133333333333334,6.596774193548387,14.0,1.5583333333333333,23,33,-2.309347048009196,0.22161519060238496,0.03617283950617283,0.7153157913026125,0.06841183054418348,0.27292562256571545,0.05549408966159477,0.012162309368191722,0.6666666666666666,0.5833333333333334,0.696969696969697
medium_load,mappo_no_queue,1024,13010,192,121,11,60,0.6302083333333334,0.057291666666666664,4.033333333333333,6.586776859504132,16.0,1.5972222222222223,17,22,-2.700737800657812,0.2214721069216256,0.03697530864197531,0.7102904455231686,0.04376375988992088,0.27165162151230265,0.05626313370202444,0.021165720674234605,0.7032967032967034,0.5352112676056338,0.6333333333333333
medium_load,mappo_no_queue,1024,13011,192,118,16,58,0.6145833333333334,0.08333333333333333,3.933333333333333,5.635593220338983,15.149999999999991,1.5902777777777777,21,43,-2.6360032157187745,0.1917953446961385,0.03675925925925926,0.7212863931818093,0.09188376295187438,0.2772056692877127,0.05851240590780615,0.032805788982259575,0.6329113924050633,0.5254237288135594,0.6851851851851852
medium_load,mappo_no_queue,1024,13012,192,123,7,62,0.640625,0.036458333333333336,4.1,6.869918699186992,15.899999999999991,1.7277777777777779,13,33,-2.981400216587735,0.22640479507386166,0.03993827160493827,0.7128757245491142,0.06711757397515912,0.26480890483212466,0.05483786532779325,0.013623929103805261,0.6354166666666666,0.6379310344827587,0.6578947368421053
medium_load,mappo_no_queue,1024,13013,192,113,11,68,0.5885416666666666,0.057291666666666664,3.7666666666666666,6.946902654867257,15.0,1.7527777777777778,16,39,-4.1720660221029755,0.2229961922940561,0.04067901234567901,0.7192260580958335,0.07940085098366831,0.25493323225908365,0.05558763289833755,0.02244358854652972,0.6590909090909091,0.4461538461538462,0.6666666666666666
medium_load,mappo_no_queue,1024,13014,192,127,10,55,0.6614583333333334,0.052083333333333336,4.233333333333333,6.637795275590551,13.399999999999977,1.5583333333333333,18,17,-1.681018839657144,0.2153505528354081,0.03595679012345678,0.7156860424831328,0.03860665206253441,0.28684024036965217,0.056430100034353586,0.021578263784146137,0.7126436781609196,0.5967741935483871,0.6511627906976745
medium_load,mappo_no_queue,1024,13015,192,113,12,67,0.5885416666666666,0.0625,3.7666666666666666,6.424778761061947,14.0,1.6819444444444445,17,23,-3.090279489148801,0.19683147821068375,0.039074074074074074,0.7241256840418034,0.05111261287731876,0.2621204041056982,0.05743171819197397,0.02619505494505494,0.6310679611650486,0.5370370370370371,0.5428571428571428
medium_load,mappo_no_queue,1024,13016,192,127,11,54,0.6614583333333334,0.057291666666666664,4.233333333333333,5.826771653543307,13.0,1.4152777777777779,13,38,-1.3965516606150534,0.1938514879083195,0.032746913580246916,0.712277178938,0.0762361377299458,0.2839897191445179,0.05519345582307312,0.021887254901960782,0.7252747252747253,0.5384615384615384,0.7222222222222222
medium_load,mappo_no_queue,1024,13017,192,124,8,60,0.6458333333333334,0.041666666666666664,4.133333333333334,6.346774193548387,13.0,1.6472222222222221,17,29,-1.5943946019925481,0.2072906320354466,0.03808641975308643,0.7478046731418287,0.06311995738466326,0.2904368382735256,0.05931494513368993,0.017135854341736693,0.6914893617021277,0.5454545454545454,0.6744186046511628
medium_load,mappo_no_queue,1024,13018,192,119,12,61,0.6197916666666666,0.0625,3.966666666666667,6.53781512605042,14.0,1.6569444444444446,18,25,-2.7765094083586517,0.2076269620456944,0.03833333333333334,0.7320888061045163,0.05528100983983337,0.27562139385668794,0.05806478500356011,0.026629527879527878,0.6263736263736264,0.5483870967741935,0.717948717948718
medium_load,mappo_no_queue,1024,13019,192,119,12,61,0.6197916666666666,0.0625,3.966666666666667,6.294117647058823,14.0,1.6583333333333334,19,21,-1.928665318148382,0.2031212275147844,0.0383641975308642,0.7545800849144619,0.048857531357531354,0.2938061938061939,0.06123217211907297,0.027797619047619047,0.6276595744680851,0.5517241379310345,0.7
medium_load,mappo_no_queue,1024,13020,192,121,11,60,0.6302083333333334,0.057291666666666664,4.033333333333333,6.429752066115703,14.0,1.5888888888888888,18,28,-2.172845145501199,0.21273825436704577,0.03679012345679012,0.7341696479897056,0.0610081340228399,0.28766423935541585,0.05983556195035779,0.024874194433017964,0.6046511627906976,0.5833333333333334,0.7391304347826086
medium_load,mappo_no_queue,1024,13021,192,119,8,65,0.6197916666666666,0.041666666666666664,3.966666666666667,7.168067226890757,15.0,1.7305555555555556,17,43,-3.342410153954791,0.22095273500891105,0.04009259259259259,0.7119260535772328,0.0843084631513424,0.25952925041934327,0.055128009980546566,0.015590958605664488,0.6595744680851063,0.56,0.6041666666666666
medium_load,mappo_no_queue,1024,13022,192,110,15,67,0.5729166666666666,0.078125,3.6666666666666665,6.672727272727273,17.549999999999997,1.7777777777777777,21,43,-5.125495163245867,0.19886363974827517,0.04120370370370371,0.709671819461786,0.08996664140239993,0.2331900279230001,0.05376721073983371,0.030080147893615388,0.6138613861386139,0.375,0.7714285714285715
medium_load,mappo_no_queue,1024,13023,192,131,8,53,0.6822916666666666,0.041666666666666664,4.366666666666666,6.0,13.0,1.398611111111111,20,21,-0.8612850122419936,0.19813732499318248,0.032345679012345675,0.7109269545208646,0.04739780100074218,0.2877543970191029,0.05549696698391397,0.017794117647058825,0.6767676767676768,0.6774193548387096,0.7096774193548387
medium_load,mappo_no_queue,1024,13024,192,116,16,60,0.6041666666666666,0.08333333333333333,3.8666666666666667,6.120689655172414,14.25,1.6569444444444446,14,44,-4.552105006945664,0.21042574179105017,0.038302469135802465,0.7201379820581547,0.08831221939968072,0.25303702475142104,0.05448913339311547,0.032102396514161226,0.6404494382022472,0.5625,0.5897435897435898
medium_load,mappo_no_queue,1024,13025,192,118,14,60,0.6145833333333334,0.07291666666666667,3.933333333333333,7.3559322033898304,15.149999999999991,1.788888888888889,21,24,-4.290891480986504,0.22362804817653262,0.041234567901234566,0.7015898814583889,0.04987282253923121,0.25142254503322614,0.054042994378866734,0.028036476623937927,0.7021276595744681,0.42592592592592593,0.6590909090909091
medium_load,mappo_no_queue,1024,13026,192,120,6,66,0.625,0.03125,4.0,6.741666666666666,16.0,1.6416666666666666,25,27,-2.2358563831490215,0.21516744986037278,0.038148148148148146,0.7239210374870014,0.05564303386671808,0.27236096462876647,0.05643759929260841,0.012675070028011205,0.6285714285714286,0.6153846153846154,0.6285714285714286
medium_load,mappo_no_queue,1024,13027,192,118,12,62,0.6145833333333334,0.0625,3.933333333333333,6.288135593220339,15.299999999999983,1.6305555555555555,17,33,-3.218876435596443,0.2033653386579338,0.03777777777777778,0.7158278858693202,0.07150201106083459,0.26299154277095455,0.0556127387392265,0.026069004524886873,0.6372549019607843,0.5818181818181818,0.6
medium_load,mappo_no_queue,1024,13028,192,122,11,59,0.6354166666666666,0.057291666666666664,4.066666666666666,6.827868852459017,13.949999999999989,1.6611111111111112,25,21,-3.051231516312249,0.21385120281051992,0.038364197530864196,0.7231892711599226,0.04487394957983193,0.2669738014823154,0.0550873481910513,0.02286297852474323,0.6886792452830188,0.532258064516129,0.6666666666666666
medium_load,mappo_no_queue,1024,13029,192,109,16,67,0.5677083333333334,0.08333333333333333,3.6333333333333333,7.10091743119266,15.199999999999989,1.8708333333333333,23,27,-5.245215254486017,0.2146621207519462,0.04327160493827161,0.7354890168346262,0.05717512736088588,0.2450662081583134,0.05706064988270491,0.032712602584893606,0.5729166666666666,0.5094339622641509,0.627906976744186
medium_load,mappo_no_queue,1024,13030,192,116,12,64,0.6041666666666666,0.0625,3.8666666666666667,6.405172413793103,15.0,1.6472222222222221,23,14,-1.9805714322862868,0.19706123634061,0.038209876543209884,0.7418454886436032,0.0307083602671838,0.284922667202079,0.060528140393880527,0.02784295769589887,0.6074766355140186,0.48148148148148145,0.8064516129032258
medium_load,mappo_no_queue,1024,13031,192,114,12,66,0.59375,0.0625,3.8,6.482456140350878,14.0,1.6972222222222222,16,15,-3.381876830280105,0.2244225562080559,0.03938271604938271,0.7341949763552026,0.033883352486293664,0.2729675036292683,0.05875013647353277,0.02724625320213555,0.6736842105263158,0.5333333333333333,0.4864864864864865
medium_load,mappo_no_queue,1024,13032,192,114,16,62,0.59375,0.08333333333333333,3.8,7.4035087719298245,18.0,1.8569444444444445,22,22,-4.815706520268507,0.23046747034556025,0.04280864197530864,0.7236921073060523,0.04605722293415791,0.2513215657178506,0.05612752233780839,0.028014480646059596,0.6021505376344086,0.532258064516129,0.6756756756756757
medium_load,mappo_no_queue,1024,13033,192,126,7,59,0.65625,0.036458333333333336,4.2,6.317460317460317,12.75,1.5333333333333334,20,24,-1.7401233720605271,0.2226135492034255,0.0355246913580247,0.7182033759743621,0.050854625250910085,0.28438453201998093,0.05629122110481413,0.014628946045354715,0.6129032258064516,0.6923076923076923,0.7058823529411765
medium_load,mappo_no_queue,1024,13034,192,111,17,64,0.578125,0.08854166666666667,3.7,6.684684684684685,14.0,1.6875,13,28,-4.2268712696381145,0.1996021717050979,0.039104938271604946,0.7261316396198491,0.06571249012425481,0.26140639589168996,0.0590831791822105,0.04099484665661136,0.6181818181818182,0.32608695652173914,0.7777777777777778
medium_load,mappo_no_queue,1024,13035,192,120,10,62,0.625,0.052083333333333336,4.0,6.325,16.049999999999997,1.6902777777777778,23,32,-2.267047817857158,0.20082821356150432,0.03910493827160493,0.7209923744784662,0.07411223036223034,0.27460406423641714,0.05752947112412015,0.021438297541238716,0.64,0.6666666666666666,0.5263157894736842
medium_load,mappo_no_queue,1024,13036,192,126,7,59,0.65625,0.036458333333333336,4.2,6.166666666666667,11.0,1.511111111111111,13,33,-1.5241756091519814,0.2090405287525637,0.03503086419753087,0.7074334511055554,0.06888329807447455,0.28012747328923804,0.05512725076595385,0.014507080610021787,0.6021505376344086,0.6612903225806451,0.7837837837837838
medium_load,mappo_no_queue,1024,13037,192,120,7,65,0.625,0.036458333333333336,4.0,6.316666666666666,13.0,1.7027777777777777,13,32,-2.311417676281811,0.21501852745026803,0.03947530864197531,0.6992343176349173,0.06249176863727948,0.26623748284739,0.05553079113620287,0.013417551231018723,0.620253164556962,0.640625,0.6122448979591837
medium_load,mappo_no_queue,1024,13038,192,117,16,59,0.609375,0.08333333333333333,3.9,6.547008547008547,14.0,1.7083333333333333,17,29,-4.012912760579613,0.2083791718088272,0.03941358024691358,0.7309943183671723,0.06218684909861381,0.262689883645766,0.056778105133682116,0.03357600732600732,0.7127659574468085,0.41935483870967744,0.6666666666666666
medium_load,mappo_no_queue,1024,13039,192,120,12,60,0.625,0.0625,4.0,6.55,13.049999999999997,1.7402777777777778,16,35,-3.4300303055183154,0.21903732433387768,0.04015432098765433,0.7339677300245568,0.08067981038569273,0.27472507612213487,0.05764383769409493,0.02793148028442146,0.6363636363636364,0.5932203389830508,0.6470588235294118
medium_load,mappo_no_queue,1024,13040,192,122,16,54,0.6354166666666666,0.08333333333333333,4.066666666666666,5.918032786885246,13.0,1.5458333333333334,14,34,-2.7670587589655713,0.20049527530243427,0.03564814814814816,0.7145289027944483,0.07048781212480902,0.27594955082184186,0.05643385606281667,0.03331685943915046,0.611764705882353,0.5806451612903226,0.7555555555555555
medium_load,mappo_no_queue,1024,13041,192,115,16,61,0.5989583333333334,0.08333333333333333,3.8333333333333335,7.28695652173913,16.299999999999997,1.7722222222222221,19,32,-4.310961186651711,0.22120503460902532,0.04089506172839506,0.734237820276092,0.06846088551970905,0.26506301432772017,0.05757414769070432,0.033025599128540306,0.6703296703296703,0.4153846153846154,0.75
medium_load,mappo_no_queue,1024,13042,192,117,13,62,0.609375,0.06770833333333333,3.9,6.316239316239316,13.0,1.5847222222222221,18,42,-4.039915165890436,0.2063601151957753,0.03675925925925926,0.7173451209019223,0.08934350235820825,0.2531199873111638,0.05475982340508951,0.026263227513227516,0.6632653061224489,0.5384615384615384,0.5714285714285714
medium_load,mappo_no_queue,1024,13043,192,122,13,57,0.6354166666666666,0.06770833333333333,4.066666666666666,6.385245901639344,14.0,1.6263888888888889,17,15,-2.398051864749509,0.19900096723725555,0.03753086419753086,0.7454892907591522,0.033975376475376476,0.28062491000571493,0.057343448479905544,0.028454924704924705,0.6808510638297872,0.5172413793103449,0.7
medium_load,mappo_no_queue,1024,13044,192,118,11,63,0.6145833333333334,0.057291666666666664,3.933333333333333,5.728813559322034,10.149999999999991,1.6041666666666667,17,28,-1.6880698715217246,0.19190466026372197,0.037222222222222226,0.7219172842476087,0.05639838976526283,0.2786015780172127,0.0583673935069369,0.02174621603027176,0.673469387755102,0.6181818181818182,0.46153846153846156
medium_load,mappo_no_queue,1024,13045,192,119,8,65,0.6197916666666666,0.041666666666666664,3.966666666666667,6.126050420168068,14.0,1.538888888888889,18,27,-1.9537288533362496,0.2084526628772877,0.035833333333333335,0.7370822629797495,0.05821374703727645,0.2815663611987141,0.05868708070488389,0.016875882831765186,0.5625,0.625,0.75
medium_load,mappo_no_queue,1024,13046,192,128,9,55,0.6666666666666666,0.046875,4.266666666666667,6.5390625,14.0,1.6402777777777777,16,33,-1.8486618378637358,0.20926412044372703,0.03777777777777778,0.6968613687545847,0.06875505757858698,0.2770520002872943,0.05431817239783616,0.01942421413009648,0.6630434782608695,0.6714285714285714,0.6666666666666666
medium_load,mappo_no_queue,1024,13047,192,122,7,63,0.6354166666666666,0.036458333333333336,4.066666666666666,6.352459016393443,14.0,1.6083333333333334,19,32,-1.6357538540482834,0.20769637887193074,0.037314814814814815,0.7335941876969831,0.0714495892824066,0.28528678407935376,0.0584396366697281,0.015235671191553541,0.5833333333333334,0.6666666666666666,0.75
medium_load,mappo_no_queue,1024,13048,192,113,13,66,0.5885416666666666,0.06770833333333333,3.7666666666666666,6.672566371681416,14.399999999999991,1.7361111111111112,22,23,-3.4777755938867028,0.2112016311596984,0.04024691358024691,0.7412801165016901,0.05176344896933131,0.27005530417295126,0.05912577135662033,0.028964752567693743,0.6,0.5178571428571429,0.6585365853658537
medium_load,mappo_no_queue,1024,13049,192,119,13,60,0.6197916666666666,0.06770833333333333,3.966666666666667,6.705882352941177,15.0,1.6527777777777777,21,18,-2.8963376853906233,0.20916686948421717,0.03820987654320988,0.7135165178680551,0.040179648782589956,0.2702372137666255,0.057166890302392304,0.028670634920634916,0.6509433962264151,0.5714285714285714,0.6
medium_load,mappo_no_queue,1024,13050,192,125,12,55,0.6510416666666666,0.0625,4.166666666666667,6.304,13.799999999999997,1.5625,20,30,-1.6114313514311345,0.20070102340567583,0.03604938271604938,0.717255207035264,0.060423653716997365,0.2856966826316672,0.05675810126271648,0.024009287925696596,0.6736842105263158,0.6140350877192983,0.65
medium_load,mappo_no_lifetime,7,13001,192,152,2,38,0.7916666666666666,0.010416666666666666,5.066666666666666,5.631578947368421,10.0,1.2180555555555554,10,22,2.889212260003033,0.18170586415447096,0.027870370370370372,0.7080242800689809,0.04933482839829589,0.33840387324520455,0.05601861132408634,0.003508771929824561,0.822429906542056,0.7755102040816326,0.7222222222222222
medium_load,mappo_no_lifetime,7,13002,192,141,6,45,0.734375,0.03125,4.7,6.219858156028369,11.0,1.3972222222222221,13,26,-0.1275257766729272,0.19757463142784618,0.0320679012345679,0.7188794229510744,0.05537390713861302,0.30922360863537335,0.05516255824277238,0.011719187675070027,0.8144329896907216,0.6037735849056604,0.7142857142857143
medium_load,mappo_no_lifetime,7,13003,192,143,2,47,0.7447916666666666,0.010416666666666666,4.766666666666667,5.888111888111888,11.0,1.3305555555555555,15,24,0.9857904542399849,0.2030485749063213,0.030648148148148147,0.7154170095218717,0.05281279178338002,0.3215043616514205,0.056997738412784875,0.004305555555555555,0.75,0.7580645161290323,0.7058823529411765
medium_load,mappo_no_lifetime,7,13004,192,140,4,48,0.7291666666666666,0.020833333333333332,4.666666666666667,5.392857142857143,11.0,1.2166666666666666,14,22,1.663811674122055,0.1884144791286365,0.028148148148148148,0.7136352807373608,0.05304487179487179,0.3292811355311355,0.05853380661170699,0.009444444444444445,0.7738095238095238,0.65,0.75
medium_load,mappo_no_lifetime,7,13005,192,144,0,48,0.75,0.0,4.8,6.069444444444445,12.0,1.3430555555555554,13,18,1.3139602509818158,0.22188184705336772,0.03095679012345679,0.7261282576269237,0.039379458261037205,0.33357879994102907,0.057716252315285224,0.0,0.7411764705882353,0.782608695652174,0.7105263157894737
medium_load,mappo_no_lifetime,7,13006,192,145,6,41,0.7552083333333334,0.03125,4.833333333333333,5.779310344827586,11.0,1.3152777777777778,12,28,1.6974214576315403,0.19263901353247762,0.030123456790123453,0.7385341261487814,0.06485408382467206,0.3431796226649169,0.05910247555394292,0.012446311858076564,0.7676767676767676,0.7068965517241379,0.8
medium_load,mappo_no_lifetime,7,13007,192,144,1,47,0.75,0.005208333333333333,4.8,5.791666666666667,10.0,1.2458333333333333,11,22,3.1752870444531087,0.17959654313101378,0.02876543209876543,0.7332455155676648,0.0516277377306789,0.347548478210243,0.059931570950175345,0.0018518518518518517,0.7920792079207921,0.6363636363636364,0.8055555555555556
medium_load,mappo_no_lifetime,7,13008,192,147,1,44,0.765625,0.005208333333333333,4.9,6.020408163265306,11.699999999999989,1.3319444444444444,10,23,2.176779350018043,0.19064731942904614,0.03058641975308642,0.7318380321425197,0.05098165379512128,0.33672628068525906,0.05739879013999581,0.00196078431372549,0.7610619469026548,0.8260869565217391,0.696969696969697
medium_load,mappo_no_lifetime,7,13009,192,143,2,47,0.7447916666666666,0.010416666666666666,4.766666666666667,5.895104895104895,11.0,1.3180555555555555,12,14,1.6874494120296264,0.19862438387848444,0.030370370370370374,0.720947176663886,0.027991117499631433,0.33040663885478133,0.05682362078481799,0.004945054945054945,0.7878787878787878,0.7,0.696969696969697
medium_load,mappo_no_lifetime,7,13010,192,147,0,45,0.765625,0.0,4.9,6.061224489795919,11.0,1.3,11,14,1.7327719058687803,0.20910738175402727,0.029907407407407403,0.7098498896475174,0.030621009537418205,0.32876206825510235,0.056826185700498646,0.0,0.7692307692307693,0.7605633802816901,0.7666666666666667
medium_load,mappo_no_lifetime,7,13011,192,146,7,39,0.7604166666666666,0.036458333333333336,4.866666666666666,5.431506849315069,10.0,1.2694444444444444,10,21,1.793747187337787,0.19165972364452405,0.029043209876543206,0.719541034343613,0.04859800330388566,0.340274991892639,0.058519037676960504,0.01526104886399004,0.7848101265822784,0.6949152542372882,0.7962962962962963
medium_load,mappo_no_lifetime,7,13012,192,145,4,43,0.7552083333333334,0.020833333333333332,4.833333333333333,6.779310344827586,11.799999999999983,1.4972222222222222,11,26,0.006218339084370195,0.21737644056238753,0.034228395061728395,0.7214669287227701,0.056157317627905864,0.32020718116306346,0.05593177262206591,0.008944911297852472,0.7916666666666666,0.7241379310344828,0.7105263157894737
medium_load,mappo_no_lifetime,7,13013,192,140,2,50,0.7291666666666666,0.010416666666666666,4.666666666666667,5.7785714285714285,11.0,1.3305555555555555,14,27,0.6099292805258152,0.1952101814255875,0.030740740740740735,0.7203677418742646,0.060706304789122124,0.3138872964840457,0.0559348881520524,0.00486111111111111,0.7954545454545454,0.6307692307692307,0.7435897435897436
medium_load,mappo_no_lifetime,7,13014,192,142,2,48,0.7395833333333334,0.010416666666666666,4.733333333333333,6.338028169014085,12.0,1.3888888888888888,11,20,0.027410125193346735,0.22430023033346552,0.03197530864197531,0.7121187305425515,0.043978668390433094,0.3147757308051426,0.055362015022033285,0.004183006535947712,0.7586206896551724,0.7903225806451613,0.627906976744186
medium_load,mappo_no_lifetime,7,13015,192,139,2,51,0.7239583333333334,0.010416666666666666,4.633333333333334,5.870503597122302,11.0,1.3055555555555556,13,21,0.9521538472516884,0.1913898222275893,0.030216049382716048,0.734538924790782,0.04618930905695611,0.3199178517560871,0.057097956791131485,0.005158730158730159,0.7281553398058253,0.7037037037037037,0.7428571428571429
medium_load,mappo_no_lifetime,7,13016,192,150,1,41,0.78125,0.005208333333333333,5.0,5.14,9.0,1.0930555555555554,10,10,2.856906294401688,0.1920197453300881,0.02518518518518519,0.7226744396412321,0.02345816220816221,0.3423860562095857,0.05789601309741274,0.0027777777777777775,0.8021978021978022,0.7538461538461538,0.7777777777777778
medium_load,mappo_no_lifetime,7,13017,192,144,3,45,0.75,0.015625,4.8,5.972222222222222,11.0,1.3041666666666667,14,16,1.8172909269178896,0.18825375299369895,0.029999999999999995,0.740714586666304,0.035558787617611144,0.33403680469856945,0.05764637394600811,0.006004901960784314,0.8191489361702128,0.6545454545454545,0.7209302325581395
medium_load,mappo_no_lifetime,7,13018,192,144,4,44,0.75,0.020833333333333332,4.8,5.875,10.849999999999994,1.325,13,29,1.4160032544803591,0.19414089157612188,0.0304320987654321,0.7293143148597516,0.06654734970911441,0.3331660441954559,0.05747565016849986,0.008465608465608464,0.7802197802197802,0.6935483870967742,0.7692307692307693
medium_load,mappo_no_lifetime,7,13019,192,136,3,53,0.7083333333333334,0.015625,4.533333333333333,6.235294117647059,12.0,1.4111111111111112,12,18,0.377850296584791,0.20901283656474198,0.032623456790123455,0.7314424342627824,0.0418040293040293,0.3212062937062937,0.05923097836535073,0.00735042735042735,0.6914893617021277,0.6896551724137931,0.775
medium_load,mappo_no_lifetime,7,13020,192,141,3,48,0.734375,0.015625,4.7,5.822695035460993,11.0,1.3152777777777778,11,19,1.5639387360266697,0.20073567302175166,0.030339506172839505,0.7191449257691247,0.04446644042232277,0.33266725921137685,0.059185197752536764,0.006905839258780435,0.686046511627907,0.7833333333333333,0.7608695652173914
medium_load,mappo_no_lifetime,7,13021,192,149,3,40,0.7760416666666666,0.015625,4.966666666666667,5.583892617449664,11.0,1.2361111111111112,13,22,2.172425222560447,0.18285429998483374,0.02833333333333333,0.7192649759476267,0.046318865602921325,0.33299184046088076,0.05658060890414614,0.0067471091000502765,0.7872340425531915,0.72,0.8125
medium_load,mappo_no_lifetime,7,13022,192,142,3,47,0.7395833333333334,0.015625,4.733333333333333,6.21830985915493,11.949999999999989,1.3972222222222221,13,30,0.3430475753108112,0.1983439099885201,0.03212962962962963,0.7147927333778974,0.06563590820943763,0.31164637649931776,0.05521965916195377,0.00588235294117647,0.7722772277227723,0.6071428571428571,0.8571428571428571
medium_load,mappo_no_lifetime,7,13023,192,147,1,44,0.765625,0.005208333333333333,4.9,5.918367346938775,11.0,1.2805555555555554,12,12,1.7959368916254432,0.20113069262958844,0.02944444444444444,0.713304932918838,0.027148513251454422,0.3283401565754508,0.05602888357421753,0.0022222222222222222,0.7575757575757576,0.8225806451612904,0.6774193548387096
medium_load,mappo_no_lifetime,7,13024,192,141,5,46,0.734375,0.026041666666666668,4.7,6.035460992907802,11.0,1.4,12,13,0.031004764116333874,0.2071674384875229,0.03216049382716049,0.7262568840312674,0.028926147382029734,0.3155450513538749,0.05595378171638067,0.011325863678804856,0.7528089887640449,0.734375,0.6923076923076923
medium_load,mappo_no_lifetime,7,13025,192,150,1,41,0.78125,0.005208333333333333,5.0,5.653333333333333,11.0,1.2375,13,13,2.5254849378264566,0.19139140166808075,0.028395061728395062,0.7027314376997001,0.029732761791585318,0.33242634186132647,0.05546426499103264,0.0018518518518518517,0.8191489361702128,0.7222222222222222,0.7727272727272727
medium_load,mappo_no_lifetime,7,13026,192,141,3,48,0.734375,0.015625,4.7,6.219858156028369,12.0,1.3902777777777777,15,23,1.6613776988508804,0.19421011669625401,0.032006172839506165,0.7289831341902653,0.05173087533381651,0.33387696453872934,0.05870023467489102,0.005925925925925926,0.7428571428571429,0.75,0.6857142857142857
medium_load,mappo_no_lifetime,7,13027,192,143,2,47,0.7447916666666666,0.010416666666666666,4.766666666666667,5.8671328671328675,11.900000000000006,1.3097222222222222,12,14,1.3154514348282167,0.1999532836656343,0.030185185185185186,0.7293475385169033,0.03252899877899878,0.326620699561876,0.057460040628822304,0.004183006535947712,0.7450980392156863,0.7454545454545455,0.7428571428571429
medium_load,mappo_no_lifetime,7,13028,192,142,1,49,0.7395833333333334,0.005208333333333333,4.733333333333333,6.183098591549296,10.0,1.3388888888888888,13,17,0.8971379939831081,0.2011349989830412,0.03089506172839506,0.7227510582671683,0.03654519500107735,0.3170318881038695,0.057019912812940984,0.00196078431372549,0.7641509433962265,0.7096774193548387,0.7083333333333334
medium_load,mappo_no_lifetime,7,13029,192,138,4,50,0.71875,0.020833333333333332,4.6,6.297101449275362,12.0,1.4430555555555555,12,22,-0.5028068260019566,0.20201440770049361,0.033240740740740744,0.7281562784169285,0.04928990399578635,0.30353372118078004,0.05543808853510081,0.00787037037037037,0.7083333333333334,0.7547169811320755,0.6976744186046512
medium_load,mappo_no_lifetime,7,13030,192,136,2,54,0.7083333333333334,0.010416666666666666,4.533333333333333,6.220588235294118,13.0,1.4,14,26,0.5218627682065733,0.2028302475512874,0.03240740740740741,0.7203304255810489,0.05869505494505494,0.31638685388685395,0.05789313481501737,0.004464285714285714,0.7009345794392523,0.6666666666666666,0.8064516129032258
medium_load,mappo_no_lifetime,7,13031,192,139,4,49,0.7239583333333334,0.020833333333333332,4.633333333333334,6.388489208633094,12.0,1.4347222222222222,13,21,0.17914693200794615,0.2203958283045139,0.03302469135802469,0.7297438329963735,0.04812993379169849,0.3258801683066389,0.0586417645444174,0.009305555555555556,0.8105263157894737,0.6833333333333333,0.5675675675675675
medium_load,mappo_no_lifetime,7,13032,192,140,4,48,0.7291666666666666,0.020833333333333332,4.666666666666667,6.671428571428572,12.0,1.488888888888889,15,24,-0.3476731231056952,0.2213479457684556,0.03419753086419753,0.7218646865094142,0.050505463318930806,0.31485883383329194,0.056414394658746043,0.007962962962962962,0.7311827956989247,0.7258064516129032,0.7297297297297297
medium_load,mappo_no_lifetime,7,13033,192,143,2,47,0.7447916666666666,0.010416666666666666,4.766666666666667,5.580419580419581,10.0,1.2722222222222221,12,6,2.117882145961186,0.1981616360335673,0.029351851851851848,0.7295843334723344,0.01427045177045177,0.33707142258612843,0.05891385963015738,0.004183006535947712,0.6881720430107527,0.8,0.7941176470588235
medium_load,mappo_no_lifetime,7,13034,192,139,4,49,0.7239583333333334,0.020833333333333332,4.633333333333334,6.309352517985611,12.0,1.3972222222222221,13,22,0.8377720829440828,0.19905327966568892,0.03219135802469135,0.7260129071300824,0.052703893973243814,0.3255117122299785,0.0592540859800755,0.009409340659340659,0.7363636363636363,0.6304347826086957,0.8055555555555556
medium_load,mappo_no_lifetime,7,13035,192,141,5,46,0.734375,0.026041666666666668,4.7,6.156028368794326,11.0,1.3888888888888888,11,21,0.11266092281226547,0.2030437515406765,0.031913580246913584,0.7093839268751426,0.04360790897555603,0.3124013622543035,0.05575275960051386,0.01174196174196174,0.74,0.6851851851851852,0.7894736842105263
medium_load,mappo_no_lifetime,7,13036,192,151,0,41,0.7864583333333334,0.0,5.033333333333333,5.311258278145695,10.0,1.1347222222222222,8,9,3.59566077403997,0.1867042051242658,0.026111111111111106,0.7308416672373979,0.021398046398046395,0.35149665393086454,0.058444118156003,0.0,0.7741935483870968,0.7903225806451613,0.8108108108108109
medium_load,mappo_no_lifetime,7,13037,192,153,1,38,0.796875,0.005208333333333333,5.1,5.856209150326797,12.0,1.238888888888889,10,14,3.2570583093689414,0.19642727682149688,0.028333333333333335,0.7208466972440192,0.03196886446886447,0.3522190799396682,0.05791817896425588,0.0020833333333333333,0.8354430379746836,0.765625,0.7755102040816326
medium_load,mappo_no_lifetime,7,13038,192,137,7,48,0.7135416666666666,0.036458333333333336,4.566666666666666,6.321167883211679,12.0,1.5,12,23,-1.0307310265850558,0.21620812933930195,0.03444444444444444,0.7250729063813048,0.05081582633053221,0.30920427611604084,0.05635349393151179,0.015333800186741362,0.776595744680851,0.5967741935483871,0.75
medium_load,mappo_no_lifetime,7,13039,192,144,5,43,0.75,0.026041666666666668,4.8,5.833333333333333,11.0,1.336111111111111,10,19,0.5847420413098326,0.19891724133130076,0.03064814814814815,0.7186533484974169,0.04127567693744164,0.31920474792378817,0.05634310806587068,0.011133107088989442,0.7575757575757576,0.7457627118644068,0.7352941176470589
medium_load,mappo_no_lifetime,7,13040,192,146,3,43,0.7604166666666666,0.015625,4.866666666666666,6.13013698630137,11.0,1.3486111111111112,10,25,0.7325250633213427,0.21641457025627645,0.030925925925925926,0.7192539511302062,0.05577297158179511,0.3272508918097154,0.056147208916779406,0.006266339869281046,0.6941176470588235,0.8548387096774194,0.7555555555555555
medium_load,mappo_no_lifetime,7,13041,192,138,4,50,0.71875,0.020833333333333332,4.6,6.3478260869565215,11.0,1.4361111111111111,11,15,-0.25397714030558904,0.2133602491475658,0.033086419753086425,0.7344386646334174,0.03370421245421245,0.31442677964736787,0.05712443896542301,0.00890873015873016,0.7142857142857143,0.6923076923076923,0.7777777777777778
medium_load,mappo_no_lifetime,7,13042,192,141,5,46,0.734375,0.026041666666666668,4.7,5.8936170212765955,12.0,1.3402777777777777,14,29,0.13033898094542493,0.20025035108948697,0.03083333333333333,0.7087947326387198,0.06517441164499987,0.3120731882496589,0.05541490779754401,0.010955493308434483,0.7448979591836735,0.75,0.6904761904761905
medium_load,mappo_no_lifetime,7,13043,192,141,4,47,0.734375,0.020833333333333332,4.7,6.2695035460992905,12.0,1.3972222222222221,14,29,0.21480266354475158,0.2072149996629852,0.03212962962962963,0.7324229487398256,0.06606626216920335,0.3213439166612541,0.05684314367240863,0.008749999999999999,0.7446808510638298,0.7068965517241379,0.75
medium_load,mappo_no_lifetime,7,13044,192,145,0,47,0.7552083333333334,0.0,4.833333333333333,6.062068965517241,12.0,1.3569444444444445,13,18,2.4105123961127823,0.19779515109511822,0.031234567901234567,0.720364597512613,0.039464016375781084,0.33852647080588255,0.05844620960437101,0.0,0.7857142857142857,0.7636363636363637,0.6666666666666666
medium_load,mappo_no_lifetime,7,13045,192,140,2,50,0.7291666666666666,0.010416666666666666,4.666666666666667,6.021428571428571,11.0,1.3694444444444445,13,22,1.1117109694626046,0.20562560950653774,0.03160493827160493,0.7381530463008449,0.04921296296296296,0.33098880422409843,0.058855510595905575,0.004603174603174604,0.71875,0.7142857142857143,0.775
medium_load,mappo_no_lifetime,7,13046,192,146,3,43,0.7604166666666666,0.015625,4.866666666666666,6.0,12.0,1.3222222222222222,11,16,1.4061574101811098,0.20196299972850396,0.030339506172839505,0.7094755379625665,0.035011954849416146,0.32701515432165595,0.05689412152565402,0.0067471091000502765,0.7608695652173914,0.7285714285714285,0.8333333333333334
medium_load,mappo_no_lifetime,7,13047,192,144,1,47,0.75,0.005208333333333333,4.8,5.909722222222222,11.0,1.3152777777777778,13,20,2.0768122427280202,0.2007824139925737,0.030308641975308644,0.7338984701326019,0.046824050132873656,0.3404743867243868,0.059338815810319426,0.0022222222222222222,0.6759259259259259,0.8541666666666666,0.8333333333333334
medium_load,mappo_no_lifetime,7,13048,192,144,3,45,0.75,0.015625,4.8,6.013888888888889,11.0,1.3333333333333333,14,24,1.443161368182775,0.19643999800957843,0.03064814814814815,0.7339108862830138,0.05309389140271493,0.3335706613647791,0.058023511391306376,0.00735042735042735,0.7684210526315789,0.7142857142857143,0.7560975609756098
medium_load,mappo_no_lifetime,7,13049,192,143,1,48,0.7447916666666666,0.005208333333333333,4.766666666666667,5.7272727272727275,11.0,1.275,14,15,2.3245351687875884,0.184001246050688,0.02944444444444444,0.7214289410644733,0.034867275970217146,0.33135281385281384,0.05809728080184438,0.0020833333333333333,0.7452830188679245,0.8035714285714286,0.6333333333333333
medium_load,mappo_no_lifetime,7,13050,192,146,2,44,0.7604166666666666,0.010416666666666666,4.866666666666666,5.47945205479452,10.75,1.2013888888888888,12,23,2.4670551444639055,0.19162286010171695,0.027685185185185184,0.7169647523213047,0.051081663434604616,0.3393833046038929,0.05728387294883865,0.004166666666666667,0.7578947368421053,0.8245614035087719,0.675
medium_load,mappo_no_lifetime,42,13001,192,146,1,45,0.7604166666666666,0.005208333333333333,4.866666666666666,5.97945205479452,12.0,1.3055555555555556,10,3,2.375352861650271,0.19161514053065798,0.03003086419753086,0.7131956980357251,0.006869658119658119,0.3311852973308082,0.05658984782012867,0.00196078431372549,0.794392523364486,0.8163265306122449,0.5833333333333334
medium_load,mappo_no_lifetime,42,13002,192,136,9,47,0.7083333333333334,0.046875,4.533333333333333,6.323529411764706,11.0,1.4402777777777778,15,11,-1.0538873920268015,0.19886301582794366,0.033086419753086425,0.7221691957009533,0.022844603653427182,0.3004975144681027,0.05550906664943044,0.019794015896957073,0.7835051546391752,0.5471698113207547,0.7380952380952381
medium_load,mappo_no_lifetime,42,13003,192,144,3,45,0.75,0.015625,4.8,5.916666666666667,12.0,1.3569444444444445,11,6,1.6255903260445417,0.202531737476651,0.031172839506172834,0.7212150711241642,0.013389355742296919,0.33205055565349684,0.05786335440362312,0.006686507936507937,0.7604166666666666,0.7419354838709677,0.7352941176470589
medium_load,mappo_no_lifetime,42,13004,192,140,2,50,0.7291666666666666,0.010416666666666666,4.666666666666667,5.728571428571429,12.0,1.2625,15,3,1.6737964893485118,0.20954299327632794,0.029228395061728387,0.7172799195328246,0.006563958916900093,0.3318507717772424,0.05980092611708575,0.004524886877828055,0.7380952380952381,0.6833333333333333,0.7708333333333334
medium_load,mappo_no_lifetime,42,13005,192,144,2,46,0.75,0.010416666666666666,4.8,6.1875,12.0,1.3583333333333334,15,7,1.5548772498902335,0.21677751396880043,0.031234567901234567,0.7365897823240835,0.01695010055304173,0.3405820704350117,0.058848196445773056,0.005,0.7647058823529411,0.7681159420289855,0.6842105263157895
medium_load,mappo_no_lifetime,42,13006,192,135,9,48,0.703125,0.046875,4.5,6.133333333333334,13.0,1.4638888888888888,15,16,-0.427175515213569,0.20234750853563993,0.03364197530864198,0.7542099882941539,0.03844124829418947,0.3228038138332257,0.06019261939335804,0.019886608489549665,0.7373737373737373,0.6379310344827587,0.7142857142857143
medium_load,mappo_no_lifetime,42,13007,192,144,1,47,0.75,0.005208333333333333,4.8,5.9375,12.0,1.2680555555555555,10,7,3.661134718770063,0.19010967430380915,0.02925925925925926,0.7452764511604845,0.01711233211233211,0.3609839506898331,0.06185637040072005,0.0020833333333333333,0.7623762376237624,0.6909090909090909,0.8055555555555556
medium_load,mappo_no_lifetime,42,13008,192,146,1,45,0.7604166666666666,0.005208333333333333,4.866666666666666,6.493150684931507,11.75,1.4111111111111112,11,7,2.262210411362672,0.19942894388657129,0.03237654320987654,0.7397770228979044,0.015786079389020564,0.34222772597772605,0.059106277002293525,0.0023809523809523807,0.7699115044247787,0.782608695652174,0.696969696969697
medium_load,mappo_no_lifetime,42,13009,192,141,3,48,0.734375,0.015625,4.7,5.9361702127659575,12.0,1.336111111111111,12,7,1.2290919890000607,0.19444952122854084,0.03080246913580247,0.7270624752876409,0.015516950369891546,0.32257679455047883,0.056799541015294455,0.006388888888888888,0.7676767676767676,0.6666666666666666,0.7575757575757576
medium_load,mappo_no_lifetime,42,13010,192,141,0,51,0.734375,0.0,4.7,6.184397163120567,12.0,1.3694444444444445,16,5,1.0306975519409234,0.22324629591411563,0.031635802469135804,0.7243157947616304,0.011814713064713064,0.32664098972922506,0.05849616510570451,0.0,0.7582417582417582,0.7323943661971831,0.6666666666666666
medium_load,mappo_no_lifetime,42,13011,192,137,9,46,0.7135416666666666,0.046875,4.566666666666666,5.978102189781022,12.199999999999989,1.3902777777777777,15,20,-0.1492993855588688,0.20593295449305285,0.03194444444444444,0.7156035999554683,0.043919144580909286,0.31907986621221923,0.05823210722298296,0.01961951447245565,0.7341772151898734,0.6101694915254238,0.7962962962962963
medium_load,mappo_no_lifetime,42,13012,192,141,3,48,0.734375,0.015625,4.7,6.50354609929078,13.0,1.5444444444444445,15,5,0.11128423956798306,0.2184611758250277,0.0354320987654321,0.7216158661695842,0.01073062558356676,0.3166971916971917,0.05638281417524283,0.007142857142857143,0.7395833333333334,0.7586206896551724,0.6842105263157895
medium_load,mappo_no_lifetime,42,13013,192,135,6,51,0.703125,0.03125,4.5,6.303703703703704,13.299999999999997,1.4527777777777777,15,22,-0.7370661786387323,0.20088120803415357,0.03348765432098766,0.7076359416943082,0.04540849673202615,0.2979409071320837,0.054951536105413507,0.012192265795206972,0.7840909090909091,0.5538461538461539,0.7692307692307693
medium_load,mappo_no_lifetime,42,13014,192,138,5,49,0.71875,0.026041666666666668,4.6,6.22463768115942,12.0,1.4027777777777777,13,17,-0.33887686496145214,0.2173655588668311,0.03231481481481482,0.7276461749052403,0.03970466080760198,0.31585540820834945,0.0572369428100293,0.011150793650793652,0.7241379310344828,0.7096774193548387,0.7209302325581395
medium_load,mappo_no_lifetime,42,13015,192,137,2,53,0.7135416666666666,0.010416666666666666,4.566666666666666,6.576642335766423,12.0,1.4541666666666666,13,16,-0.08862075132353373,0.21151624410519182,0.03358024691358024,0.7327582820151645,0.03544234360410831,0.3115973839541952,0.056896304769369424,0.004305555555555555,0.7087378640776699,0.7037037037037037,0.7428571428571429
medium_load,mappo_no_lifetime,42,13016,192,149,2,41,0.7760416666666666,0.010416666666666666,4.966666666666667,5.201342281879195,9.0,1.1222222222222222,10,6,3.036178335118807,0.1931762132055684,0.02583333333333333,0.7387027170168928,0.014959484959484959,0.35208037605096437,0.05946161402879035,0.005411255411255411,0.8021978021978022,0.7384615384615385,0.7777777777777778
medium_load,mappo_no_lifetime,42,13017,192,140,4,48,0.7291666666666666,0.020833333333333332,4.666666666666667,5.985714285714286,12.049999999999983,1.3930555555555555,14,7,1.398656206374558,0.19227355989161724,0.032067901234567896,0.7467193644552322,0.015036181139122314,0.33278627418333306,0.05925716755976633,0.009365079365079364,0.7872340425531915,0.6545454545454545,0.6976744186046512
medium_load,mappo_no_lifetime,42,13018,192,148,1,43,0.7708333333333334,0.005208333333333333,4.933333333333334,6.148648648648648,11.0,1.3375,9,14,2.553903496244103,0.20352693234064564,0.030679012345679012,0.7336695577161713,0.03570467930762048,0.3489171694318754,0.05896460623577147,0.0023809523809523807,0.7692307692307693,0.7419354838709677,0.8205128205128205
medium_load,mappo_no_lifetime,42,13019,192,137,4,51,0.7135416666666666,0.020833333333333332,4.566666666666666,5.868613138686132,11.199999999999989,1.3458333333333334,13,4,0.8195307306134718,0.19836700032258717,0.031111111111111103,0.7419239172968862,0.009544159544159544,0.32522732169790997,0.060090516053986916,0.0105006105006105,0.723404255319149,0.6379310344827587,0.8
medium_load,mappo_no_lifetime,42,13020,192,142,3,47,0.7395833333333334,0.015625,4.733333333333333,6.042253521126761,12.949999999999989,1.3375,12,11,1.8673684324992517,0.1995005904774169,0.030802469135802472,0.723681601872186,0.025338887691828866,0.3363533960592785,0.05964655290137023,0.006722689075630252,0.7558139534883721,0.7166666666666667,0.7391304347826086
medium_load,mappo_no_lifetime,42,13021,192,147,3,42,0.765625,0.015625,4.9,6.129251700680272,12.0,1.3402777777777777,10,6,1.7793262281183855,0.19084870478950566,0.03070987654320988,0.7214032865569632,0.012562636165577342,0.32853485838779956,0.05633847769215034,0.0067471091000502765,0.7978723404255319,0.64,0.8333333333333334
medium_load,mappo_no_lifetime,42,13022,192,140,4,48,0.7291666666666666,0.020833333333333332,4.666666666666667,6.214285714285714,12.049999999999983,1.4152777777777779,15,17,0.3268548728173453,0.19482649410480668,0.03256172839506173,0.7228700935650922,0.03789332399626518,0.31180717158658333,0.05567687581361875,0.00863095238095238,0.7524752475247525,0.625,0.8285714285714286
medium_load,mappo_no_lifetime,42,13023,192,141,1,50,0.734375,0.005208333333333333,4.7,5.801418439716312,11.0,1.261111111111111,13,9,1.481942859007722,0.2027339236036766,0.02919753086419753,0.7254133210205809,0.021611721611721608,0.32653926955397544,0.05797585918119393,0.0023809523809523807,0.7070707070707071,0.8064516129032258,0.6774193548387096
medium_load,mappo_no_lifetime,42,13024,192,138,6,48,0.71875,0.03125,4.6,6.043478260869565,12.150000000000006,1.4152777777777779,13,8,-0.5177560028939839,0.21204414125206913,0.03256172839506173,0.7306670970749622,0.018179181929181932,0.3117924477483302,0.05634287182908425,0.014073116426057602,0.7078651685393258,0.71875,0.7435897435897436
medium_load,mappo_no_lifetime,42,13025,192,149,1,42,0.7760416666666666,0.005208333333333333,4.966666666666667,6.174496644295302,11.0,1.3486111111111112,14,10,2.077446002391028,0.20832103955968093,0.030895061728395054,0.7121088498465716,0.021072505925447103,0.3363323215026002,0.05665983430282738,0.0022222222222222222,0.8085106382978723,0.7222222222222222,0.7727272727272727
medium_load,mappo_no_lifetime,42,13026,192,138,5,49,0.71875,0.026041666666666668,4.6,5.898550724637682,12.0,1.3527777777777779,15,4,1.216499440186043,0.18430596900558305,0.03120370370370371,0.7298453893959693,0.009067460317460318,0.32235095786566376,0.058125486216205405,0.011167133520074694,0.7333333333333333,0.6730769230769231,0.7428571428571429
medium_load,mappo_no_lifetime,42,13027,192,139,5,48,0.7239583333333334,0.026041666666666668,4.633333333333334,5.899280575539568,12.099999999999994,1.3472222222222223,14,7,0.4288278261189345,0.20289576592875777,0.031049382716049383,0.7255369978610593,0.01389161220043573,0.3182219468984175,0.05760989141557085,0.011553275156216332,0.7156862745098039,0.7090909090909091,0.7714285714285715
medium_load,mappo_no_lifetime,42,13028,192,141,2,49,0.734375,0.010416666666666666,4.7,6.390070921985815,14.0,1.3944444444444444,16,4,1.2033757187635872,0.20249187996009435,0.03212962962962963,0.7314997087950217,0.009469941822882999,0.3260029431352961,0.05797525629510171,0.005128205128205128,0.7735849056603774,0.6774193548387096,0.7083333333333334
medium_load,mappo_no_lifetime,42,13029,192,141,4,47,0.734375,0.020833333333333332,4.7,6.24822695035461,14.0,1.4083333333333334,11,6,0.06795931142159234,0.20971277210157446,0.03237654320987654,0.7327744001207959,0.012727591036414566,0.3148560698560699,0.056055198937965116,0.008647292250233427,0.6979166666666666,0.8113207547169812,0.7209302325581395
medium_load,mappo_no_lifetime,42,13030,192,132,7,53,0.6875,0.036458333333333336,4.4,6.007575757575758,13.0,1.4013888888888888,14,9,0.3461434725766614,0.18799647819208573,0.032407407407407406,0.7377952852305483,0.021353785103785102,0.31828601953601954,0.05980360102681411,0.01598137973137973,0.7102803738317757,0.5555555555555556,0.8387096774193549
medium_load,mappo_no_lifetime,42,13031,192,138,5,49,0.71875,0.026041666666666668,4.6,6.391304347826087,12.0,1.4416666666666667,13,10,0.21171232936790796,0.2142810677722529,0.033179012345679014,0.735638063434737,0.02232397232397232,0.3248667942824291,0.05917613437508239,0.011825396825396826,0.8210526315789474,0.6333333333333333,0.5945945945945946
medium_load,mappo_no_lifetime,42,13032,192,135,9,48,0.703125,0.046875,4.5,6.718518518518518,13.0,1.525,14,13,-1.5580106867456596,0.2206710971539773,0.035,0.7223803825689318,0.02772759103641457,0.30416779027073143,0.05663117048696707,0.019599673202614378,0.7204301075268817,0.6451612903225806,0.7567567567567568
medium_load,mappo_no_lifetime,42,13033,192,141,2,49,0.734375,0.010416666666666666,4.7,5.780141843971631,12.0,1.323611111111111,14,4,1.5968303930225236,0.20309363160938132,0.030555555555555555,0.7304038452269422,0.00863095238095238,0.3312335703512174,0.05844700362958606,0.004464285714285714,0.6881720430107527,0.7846153846153846,0.7647058823529411
medium_load,mappo_no_lifetime,42,13034,192,137,9,46,0.7135416666666666,0.046875,4.566666666666666,6.0583941605839415,11.0,1.3833333333333333,13,10,0.29268504997182937,0.19244982172510705,0.03179012345679012,0.7311699990192035,0.023380706983648157,0.3228707158854218,0.05895602889097193,0.020973299576240754,0.7545454545454545,0.5434782608695652,0.8055555555555556
medium_load,mappo_no_lifetime,42,13035,192,143,5,44,0.7447916666666666,0.026041666666666668,4.766666666666667,6.545454545454546,14.900000000000006,1.4541666666666666,14,12,0.9944720584807696,0.20334069658937065,0.03330246913580247,0.7203424338092173,0.02589151045033398,0.3288857655072826,0.05709685425265298,0.011790293040293038,0.74,0.6851851851851852,0.8421052631578947
medium_load,mappo_no_lifetime,42,13036,192,150,1,41,0.78125,0.005208333333333333,5.0,5.8,11.0,1.2541666666666667,11,6,2.5629522764704973,0.19944482559254292,0.028765432098765427,0.7204291470383132,0.013373015873015872,0.34046269634504933,0.05702857731322566,0.0022222222222222222,0.7634408602150538,0.7741935483870968,0.8378378378378378
medium_load,mappo_no_lifetime,42,13037,192,148,1,43,0.7708333333333334,0.005208333333333333,4.933333333333334,6.108108108108108,13.0,1.3291666666666666,13,5,2.8508886131859312,0.20162999790291278,0.030493827160493828,0.725453687202896,0.010571895424836601,0.34811866238336836,0.05896977565037845,0.0022222222222222222,0.8354430379746836,0.734375,0.7142857142857143
medium_load,mappo_no_lifetime,42,13038,192,137,5,50,0.7135416666666666,0.026041666666666668,4.566666666666666,6.423357664233577,12.0,1.4805555555555556,14,13,-0.7651638162970702,0.21585006573590818,0.03407407407407407,0.7308969154195845,0.028423596384122698,0.3084803817040659,0.05644356890218309,0.01128968253968254,0.7553191489361702,0.6129032258064516,0.7777777777777778
medium_load,mappo_no_lifetime,42,13039,192,139,9,44,0.7239583333333334,0.046875,4.633333333333334,5.81294964028777,12.099999999999994,1.4,13,9,0.24134201232592203,0.19014963709079843,0.03209876543209876,0.7301201813245572,0.02058105293399411,0.32123898547273166,0.058363882179302586,0.021795949148890322,0.7575757575757576,0.6610169491525424,0.7352941176470589
medium_load,mappo_no_lifetime,42,13040,192,145,6,41,0.7552083333333334,0.03125,4.833333333333333,5.813793103448276,11.0,1.3027777777777778,12,9,0.9695025733788208,0.19883313587221452,0.029845679012345677,0.7243015524316883,0.019100140056022407,0.3259566903684551,0.05618914978697467,0.012648615001556177,0.6941176470588235,0.7903225806451613,0.8222222222222222
medium_load,mappo_no_lifetime,42,13041,192,130,9,53,0.6770833333333334,0.046875,4.333333333333333,6.723076923076923,13.0,1.5722222222222222,13,6,-1.8402178443794508,0.2173413013418043,0.0362037037037037,0.7321021558210938,0.012114641178108669,0.2986822488370476,0.05775971052139288,0.01907542549183416,0.6703296703296703,0.6153846153846154,0.8055555555555556
medium_load,mappo_no_lifetime,42,13042,192,143,1,48,0.7447916666666666,0.005208333333333333,4.766666666666667,6.363636363636363,12.0,1.3944444444444444,14,8,0.7602913674338116,0.2161903237625717,0.03209876543209876,0.7267132505929567,0.017172035480859008,0.322040987335105,0.05634116143737642,0.0022222222222222222,0.7142857142857143,0.8269230769230769,0.7142857142857143
medium_load,mappo_no_lifetime,42,13043,192,142,3,47,0.7395833333333334,0.015625,4.733333333333333,6.457746478873239,12.0,1.4402777777777778,13,12,0.5299535484973945,0.2122115682201147,0.03308641975308642,0.7348363572492662,0.02670284780578898,0.32392067083243553,0.056812156176943775,0.0065277777777777764,0.7127659574468085,0.7241379310344828,0.825
medium_load,mappo_no_lifetime,42,13044,192,143,3,46,0.7447916666666666,0.015625,4.766666666666667,5.874125874125874,13.0,1.3611111111111112,13,5,2.0867043630945807,0.1862805639290591,0.031296296296296294,0.7146409482067069,0.012077922077922076,0.33002381333263686,0.057863614262935424,0.006825396825396826,0.7857142857142857,0.7454545454545455,0.6410256410256411
medium_load,mappo_no_lifetime,42,13045,192,138,3,51,0.71875,0.015625,4.6,5.898550724637682,12.0,1.3583333333333334,16,10,0.8942040996539424,0.20122875400306242,0.03138888888888889,0.7333024356875314,0.02273052383346501,0.32311407818760773,0.058286097732294345,0.0065277777777777764,0.6770833333333334,0.6964285714285714,0.85
medium_load,mappo_no_lifetime,42,13046,192,145,3,44,0.7552083333333334,0.015625,4.833333333333333,6.006896551724138,12.0,1.3347222222222221,11,3,1.5386520434706417,0.2021803799432961,0.030648148148148154,0.7217515779154249,0.006563958916900093,0.3296710479063421,0.05720837009495125,0.006722689075630252,0.7717391304347826,0.7142857142857143,0.8
medium_load,mappo_no_lifetime,42,13047,192,143,3,46,0.7447916666666666,0.015625,4.766666666666667,5.79020979020979,11.0,1.3097222222222222,13,5,2.199968483135801,0.1914301416370701,0.03015432098765432,0.7387430415481065,0.010869514472455648,0.34008294809765405,0.05922912810815786,0.006905839258780436,0.6944444444444444,0.7916666666666666,0.8333333333333334
medium_load,mappo_no_lifetime,42,13048,192,140,4,48,0.7291666666666666,0.020833333333333332,4.666666666666667,6.292857142857143,13.0,1.386111111111111,15,10,1.0788501698602746,0.2068182057467704,0.03191358024691358,0.7489787645984375,0.0226480463980464,0.3375007753684224,0.0602679524001801,0.010822510822510822,0.7263157894736842,0.6785714285714286,0.8048780487804879
medium_load,mappo_no_lifetime,42,13049,192,143,3,46,0.7447916666666666,0.015625,4.766666666666667,6.020979020979021,11.900000000000006,1.3180555555555555,15,5,2.0756214243459277,0.19428113738305167,0.030339506172839505,0.7214292526567073,0.011553275156216332,0.3351650147238383,0.05874148764749156,0.006845238095238095,0.7641509433962265,0.7321428571428571,0.7
medium_load,mappo_no_lifetime,42,13050,192,142,5,45,0.7395833333333334,0.026041666666666668,4.733333333333333,5.816901408450704,13.0,1.3055555555555556,15,9,1.3705998829734447,0.19744017917708848,0.03003086419753086,0.7304969637680541,0.020278855131796312,0.331906051464875,0.0582270327309085,0.010766806722689074,0.7473684210526316,0.7719298245614035,0.675
medium_load,mappo_no_lifetime,1024,13001,192,152,3,37,0.7916666666666666,0.015625,5.066666666666666,5.6644736842105265,11.449999999999989,1.2333333333333334,11,6,3.2971953481601064,0.18003058372642114,0.028179012345679006,0.7170892061590087,0.013556166056166056,0.34538620463930064,0.05684358594836021,0.005675954592363261,0.8411214953271028,0.7551020408163265,0.6944444444444444
medium_load,mappo_no_lifetime,1024,13002,192,134,9,49,0.6979166666666666,0.046875,4.466666666666667,5.708955223880597,10.699999999999989,1.4111111111111112,17,8,-0.593653657741933,0.18664680447594242,0.0325,0.7273762200654633,0.01701058201058201,0.30163718906365955,0.05628167865193997,0.018848817304699658,0.7731958762886598,0.5471698113207547,0.7142857142857143
medium_load,mappo_no_lifetime,1024,13003,192,140,2,50,0.7291666666666666,0.010416666666666666,4.666666666666667,5.821428571428571,12.0,1.3680555555555556,17,8,1.3642308072024725,0.20052513174448422,0.03157407407407407,0.7196923138033984,0.017210072063013237,0.32435109552756625,0.0582193516367115,0.004166666666666667,0.6979166666666666,0.7741935483870968,0.7352941176470589
medium_load,mappo_no_lifetime,1024,13004,192,144,3,45,0.75,0.015625,4.8,5.451388888888889,11.0,1.2138888888888888,14,14,1.595314124316016,0.19516750732695362,0.027993827160493825,0.703007378136088,0.029054212328206132,0.32338261597936513,0.05629572390021797,0.006540710751237066,0.7142857142857143,0.7166666666666667,0.8541666666666666
medium_load,mappo_no_lifetime,1024,13005,192,144,4,44,0.75,0.020833333333333332,4.8,6.006944444444445,13.0,1.3402777777777777,13,11,1.420017370347431,0.2075563894601091,0.030771604938271604,0.7384701030105109,0.024389499389499383,0.3386452436452437,0.058524898342310026,0.00890873015873016,0.7764705882352941,0.7246376811594203,0.7368421052631579
medium_load,mappo_no_lifetime,1024,13006,192,141,7,44,0.734375,0.036458333333333336,4.7,5.4822695035460995,12.0,1.3305555555555555,15,5,1.8718818024082122,0.1865863367437858,0.030555555555555558,0.7561750012967502,0.012087912087912088,0.3475470526205821,0.06165233409755058,0.01749847374847375,0.7171717171717171,0.6896551724137931,0.8571428571428571
medium_load,mappo_no_lifetime,1024,13007,192,146,2,44,0.7604166666666666,0.010416666666666666,4.866666666666666,5.678082191780822,14.5,1.2652777777777777,14,7,3.6558709430231975,0.17672167549489018,0.029104938271604937,0.7481324547709783,0.014573218176159352,0.3566537057713529,0.06092536570475197,0.004183006535947712,0.7821782178217822,0.6727272727272727,0.8333333333333334
medium_load,mappo_no_lifetime,1024,13008,192,148,1,43,0.7708333333333334,0.005208333333333333,4.933333333333334,6.054054054054054,13.0,1.3291666666666666,12,6,2.1385300873980877,0.19223093176860231,0.030493827160493828,0.7374264364541567,0.014300527903469081,0.334855321836746,0.05782545677675013,0.0022222222222222222,0.7522123893805309,0.8478260869565217,0.7272727272727273
medium_load,mappo_no_lifetime,1024,13009,192,141,2,49,0.734375,0.010416666666666666,4.7,5.75177304964539,12.0,1.3208333333333333,13,12,1.4385242103536873,0.18896747403772027,0.030493827160493828,0.7314711767283895,0.025849673202614377,0.3232706073882544,0.05711237882775359,0.004305555555555555,0.7676767676767676,0.7,0.696969696969697
medium_load,mappo_no_lifetime,1024,13010,192,143,1,48,0.7447916666666666,0.005208333333333333,4.766666666666667,5.629370629370629,11.900000000000006,1.2416666666666667,13,12,1.405953438228364,0.20156716458898574,0.028703703703703697,0.7173918019518999,0.02758151978740214,0.3228610931552108,0.05670294772985893,0.0022222222222222222,0.7582417582417582,0.7183098591549296,0.7666666666666667
medium_load,mappo_no_lifetime,1024,13011,192,142,9,41,0.7395833333333334,0.046875,4.733333333333333,5.830985915492958,12.0,1.3611111111111112,15,12,0.9110244102059002,0.2012329418500755,0.03114197530864198,0.7245393497719326,0.026065892168833347,0.3336731052172228,0.059265650488549586,0.01871139481433599,0.7721518987341772,0.6610169491525424,0.7777777777777778
medium_load,mappo_no_lifetime,1024,13012,192,145,6,41,0.7552083333333334,0.03125,4.833333333333333,6.048275862068966,16.0,1.4375,15,8,0.9567944309711723,0.19595249183896743,0.032839506172839504,0.7204148669280291,0.018032212885154057,0.3244914399326165,0.05596577275080273,0.012727591036414566,0.7708333333333334,0.7241379310344828,0.7631578947368421
medium_load,mappo_no_lifetime,1024,13013,192,143,4,45,0.7447916666666666,0.020833333333333332,4.766666666666667,6.188811188811189,15.700000000000017,1.4222222222222223,12,4,0.8311238005874051,0.20187812622136944,0.03262345679012345,0.7257075118250129,0.008928571428571428,0.32162784068356826,0.056406083287338746,0.008647292250233425,0.7840909090909091,0.676923076923077,0.7692307692307693
medium_load,mappo_no_lifetime,1024,13014,192,140,8,44,0.7291666666666666,0.041666666666666664,4.666666666666667,6.021428571428571,12.0,1.3833333333333333,13,17,-0.570964856178046,0.20591410628902748,0.0317283950617284,0.7153707189343191,0.03723975915152386,0.30898962148962145,0.05565888994705341,0.017507691110632287,0.7586206896551724,0.6935483870967742,0.7209302325581395
medium_load,mappo_no_lifetime,1024,13015,192,133,4,55,0.6927083333333334,0.020833333333333332,4.433333333333334,6.172932330827067,13.399999999999991,1.4333333333333333,15,18,-0.8334766257343544,0.2011026208839579,0.033179012345679014,0.7321267239506462,0.03762037856078104,0.29859897970966076,0.0565200706724841,0.009047619047619049,0.6990291262135923,0.6666666666666666,0.7142857142857143
medium_load,mappo_no_lifetime,1024,13016,192,152,1,39,0.7916666666666666,0.005208333333333333,5.066666666666666,5.092105263157895,9.0,1.0944444444444446,10,5,3.277493257145886,0.1800751522417054,0.02515432098765432,0.7233414217522611,0.009968671679197995,0.3417701493552887,0.05665564466677376,0.0023809523809523807,0.8131868131868132,0.7384615384615385,0.8333333333333334
medium_load,mappo_no_lifetime,1024,13017,192,144,5,43,0.75,0.026041666666666668,4.8,5.576388888888889,12.849999999999994,1.2875,16,8,2.0339817645375793,0.17850854271552122,0.029567901234567904,0.7474891335329504,0.01798562204908954,0.3376150079710451,0.05869579648997254,0.01102824463118581,0.8085106382978723,0.6727272727272727,0.7209302325581395
medium_load,mappo_no_lifetime,1024,13018,192,141,4,47,0.734375,0.020833333333333332,4.7,5.907801418439717,11.0,1.363888888888889,17,13,1.3867174396242417,0.2019748286188509,0.03138888888888889,0.7397339732039022,0.03312340437340437,0.33751873126873133,0.0598990893069543,0.009623015873015872,0.7252747252747253,0.7258064516129032,0.7692307692307693
medium_load,mappo_no_lifetime,1024,13019,192,135,6,51,0.703125,0.03125,4.5,5.511111111111111,11.0,1.3458333333333334,16,12,0.45755805135838445,0.18421758119894868,0.03111111111111111,0.7332636149331643,0.028743894993894997,0.3152557981234451,0.05889784853827653,0.01394140989729225,0.7127659574468085,0.6379310344827587,0.775
medium_load,mappo_no_lifetime,1024,13020,192,137,5,50,0.7135416666666666,0.026041666666666668,4.566666666666666,5.795620437956204,13.0,1.3416666666666666,12,6,0.5308963552041868,0.20381664157122262,0.03098765432098765,0.7300823519689781,0.013446969696969699,0.3216067674155909,0.0599589402205263,0.01159188034188034,0.686046511627907,0.7333333333333333,0.7391304347826086
medium_load,mappo_no_lifetime,1024,13021,192,144,6,42,0.75,0.03125,4.8,5.756944444444445,11.849999999999994,1.3222222222222222,14,10,1.2999213172735185,0.18228175298964763,0.030308641975308644,0.716396478889597,0.022048229548229548,0.32232393423569905,0.05639989724776482,0.013270308123249301,0.7872340425531915,0.64,0.7916666666666666
medium_load,mappo_no_lifetime,1024,13022,192,140,4,48,0.7291666666666666,0.020833333333333332,4.666666666666667,6.4,12.0,1.4680555555555554,16,19,-0.5970962159370263,0.21144559302056318,0.033734567901234566,0.7213865252390451,0.04001254392895259,0.3035596517059365,0.05468540595853451,0.007212475633528265,0.7326732673267327,0.6785714285714286,0.8
medium_load,mappo_no_lifetime,1024,13023,192,144,1,47,0.75,0.005208333333333333,4.8,5.645833333333333,12.0,1.2402777777777778,16,6,1.8982248487256053,0.19495673455530899,0.02864197530864197,0.7202003826903525,0.01333898944193062,0.32687495511024933,0.05670777893859944,0.0020833333333333333,0.7171717171717171,0.8225806451612904,0.7096774193548387
medium_load,mappo_no_lifetime,1024,13024,192,141,6,45,0.734375,0.03125,4.7,5.794326241134752,12.0,1.3375,11,3,0.44193925459499195,0.19909626497586758,0.030740740740740742,0.7415727162788539,0.006547619047619048,0.32195207570207585,0.05729373241510551,0.013829365079365078,0.7415730337078652,0.71875,0.7435897435897436
medium_load,mappo_no_lifetime,1024,13025,192,149,2,41,0.7760416666666666,0.010416666666666666,4.966666666666667,5.798657718120805,11.0,1.288888888888889,14,5,2.354643798873729,0.19311182918623468,0.029537037037037035,0.7009942853442136,0.010732091982091982,0.33062965357083013,0.05543023373244329,0.00392156862745098,0.8191489361702128,0.7037037037037037,0.7727272727272727
medium_load,mappo_no_lifetime,1024,13026,192,140,2,50,0.7291666666666666,0.010416666666666666,4.666666666666667,5.885714285714286,12.0,1.3166666666666667,15,13,1.1092099088725293,0.1916015220386145,0.0304320987654321,0.7241431952181979,0.0276952798663325,0.31738189427817914,0.056211591828372175,0.004305555555555555,0.7428571428571429,0.7115384615384616,0.7142857142857143
medium_load,mappo_no_lifetime,1024,13027,192,138,6,48,0.71875,0.03125,4.6,6.1231884057971016,12.0,1.3875,15,7,0.05192806106970832,0.20023020543322467,0.03194444444444444,0.7356556592703382,0.016566113624937154,0.3162476137553537,0.058334566711112014,0.014002011060834593,0.7156862745098039,0.7090909090909091,0.7428571428571429
medium_load,mappo_no_lifetime,1024,13028,192,141,6,45,0.734375,0.03125,4.7,5.99290780141844,12.0,1.3305555555555555,15,9,0.6611875951615542,0.19270923982728122,0.030586419753086416,0.7176625114813023,0.020361721611721614,0.31835913527477,0.05689504444205044,0.014453601953601954,0.7830188679245284,0.6451612903225806,0.75
medium_load,mappo_no_lifetime,1024,13029,192,132,7,53,0.6875,0.036458333333333336,4.4,6.4393939393939394,15.0,1.5027777777777778,13,12,-1.18081153163669,0.20514556175888565,0.03466049382716049,0.7460340860984936,0.02778235653235653,0.30411378654025706,0.057903462360493034,0.015175070028011205,0.6875,0.7169811320754716,0.6511627906976745
medium_load,mappo_no_lifetime,1024,13030,192,136,5,51,0.7083333333333334,0.026041666666666668,4.533333333333333,5.897058823529412,11.25,1.363888888888889,17,7,1.0167628711149264,0.19056503243535436,0.03151234567901234,0.7408522939994248,0.01621031746031746,0.32690961815961816,0.059710341320783705,0.012256493506493504,0.6915887850467289,0.6481481481481481,0.8709677419354839
medium_load,mappo_no_lifetime,1024,13031,192,138,5,49,0.71875,0.026041666666666668,4.6,6.3478260869565215,12.0,1.4222222222222223,12,11,0.3231383733650496,0.21241294981868222,0.032746913580246916,0.7397353780581466,0.026547619047619046,0.32708203475231346,0.05954303220187956,0.011825396825396824,0.8210526315789474,0.65,0.5675675675675675
medium_load,mappo_no_lifetime,1024,13032,192,142,4,46,0.7395833333333334,0.020833333333333332,4.733333333333333,6.119718309859155,12.0,1.3847222222222222,13,7,0.47636263238788723,0.2050183932916228,0.03182098765432099,0.7311822590271859,0.014804016073365919,0.31866873566176973,0.056326589683222475,0.0083994708994709,0.7204301075268817,0.7258064516129032,0.8108108108108109
medium_load,mappo_no_lifetime,1024,13033,192,140,4,48,0.7291666666666666,0.020833333333333332,4.666666666666667,5.578571428571428,11.049999999999983,1.3027777777777778,15,7,1.1910636223387732,0.19794994744204011,0.030061728395061726,0.7311334972090922,0.016005291005291005,0.3269643754937873,0.05847448461327789,0.008806022408963585,0.6666666666666666,0.7846153846153846,0.7941176470588235
medium_load,mappo_no_lifetime,1024,13034,192,140,6,46,0.7291666666666666,0.03125,4.666666666666667,5.571428571428571,11.049999999999983,1.2694444444444444,13,7,1.75518216362678,0.18218698929585742,0.029259259259259263,0.7361107213084218,0.015798229548229546,0.33454359366124076,0.059542516170068775,0.013908730158730157,0.7363636363636363,0.6304347826086957,0.8333333333333334
medium_load,mappo_no_lifetime,1024,13035,192,140,6,46,0.7291666666666666,0.03125,4.666666666666667,6.4071428571428575,14.0,1.425,13,9,0.3480431771823224,0.2107855736582945,0.03271604938271605,0.723549117058937,0.019870448179271707,0.3241155984538338,0.058091432249134385,0.014056776556776557,0.74,0.6666666666666666,0.7894736842105263
medium_load,mappo_no_lifetime,1024,13036,192,145,2,45,0.7552083333333334,0.010416666666666666,4.833333333333333,5.613793103448276,10.0,1.2555555555555555,11,5,1.997241662407149,0.19262261817497933,0.028919753086419756,0.7254599864934214,0.011088845794728148,0.33126922913687623,0.057804289607360636,0.004738562091503268,0.7096774193548387,0.7741935483870968,0.8378378378378378
medium_load,mappo_no_lifetime,1024,13037,192,150,1,41,0.78125,0.005208333333333333,5.0,5.726666666666667,11.0,1.2569444444444444,15,7,2.8203882182128432,0.19768261236596044,0.028827160493827164,0.7193447560127287,0.01586951447245565,0.3437924412189119,0.05814653502184582,0.0020833333333333333,0.810126582278481,0.765625,0.7551020408163265
medium_load,mappo_no_lifetime,1024,13038,192,132,11,49,0.6875,0.057291666666666664,4.4,6.053030303030303,12.449999999999989,1.4791666666666667,13,11,-1.7462696770371329,0.20301496008284886,0.034012345679012346,0.7248066030278327,0.025029178338001865,0.29555377628907037,0.05653156240430506,0.02301470588235294,0.7659574468085106,0.5645161290322581,0.6944444444444444
medium_load,mappo_no_lifetime,1024,13039,192,140,7,45,0.7291666666666666,0.036458333333333336,4.666666666666667,5.771428571428571,13.0,1.3763888888888889,13,7,0.7793964381586713,0.19041842253463898,0.03160493827160494,0.73079235008248,0.01669216404510522,0.3256124159065336,0.05838494569452488,0.017484737484737483,0.7373737373737373,0.6949152542372882,0.7647058823529411
medium_load,mappo_no_lifetime,1024,13040,192,138,12,42,0.71875,0.0625,4.6,5.956521739130435,12.0,1.4069444444444446,12,25,-1.3586233835976746,0.20437870931273652,0.032191358024691356,0.7185622848917432,0.051996581133578045,0.3046650216541858,0.05573208879426261,0.024616013071895426,0.7058823529411765,0.6935483870967742,0.7777777777777778
medium_load,mappo_no_lifetime,1024,13041,192,136,7,49,0.7083333333333334,0.036458333333333336,4.533333333333333,6.4411764705882355,13.0,1.5027777777777778,12,6,-1.203700687533778,0.21264354264446098,0.03453703703703703,0.7289467527854261,0.013139499389499388,0.30168417366946787,0.05585999808220384,0.015265627618568794,0.7252747252747253,0.6307692307692307,0.8055555555555556
medium_load,mappo_no_lifetime,1024,13042,192,134,8,50,0.6979166666666666,0.041666666666666664,4.466666666666667,5.7611940298507465,11.349999999999994,1.3625,12,22,-0.6290618170813254,0.19103550318715437,0.03145061728395062,0.7134338335443421,0.04922143688784556,0.301785922196139,0.056539443348408366,0.018064713064713064,0.7040816326530612,0.6923076923076923,0.6904761904761905
medium_load,mappo_no_lifetime,1024,13043,192,140,7,45,0.7291666666666666,0.036458333333333336,4.666666666666667,6.521428571428571,14.0,1.4625,17,17,-0.6251529581634178,0.21009549471074132,0.03351851851851852,0.7334215099560412,0.03718215063803299,0.31258843280902116,0.05593501649573297,0.01468215063803299,0.7021276595744681,0.6896551724137931,0.85
medium_load,mappo_no_lifetime,1024,13044,192,145,6,41,0.7552083333333334,0.03125,4.833333333333333,5.475862068965517,12.0,1.2875,16,13,2.1970933135055186,0.1764221230769444,0.02950617283950617,0.7179843873402415,0.029346440596440593,0.3344743382978677,0.05791009935697933,0.012516339869281046,0.7959183673469388,0.6909090909090909,0.7435897435897436
medium_load,mappo_no_lifetime,1024,13045,192,134,2,56,0.6979166666666666,0.010416666666666666,4.466666666666667,6.104477611940299,12.0,1.425,19,16,-0.2306301979968867,0.21486388905771847,0.03302469135802469,0.7353176120928792,0.03536344159796172,0.31195470250423807,0.058597195426468,0.00486111111111111,0.6354166666666666,0.7678571428571429,0.75
medium_load,mappo_no_lifetime,1024,13046,192,148,5,39,0.7708333333333334,0.026041666666666668,4.933333333333334,5.121621621621622,10.0,1.1694444444444445,13,6,2.3278306866759646,0.17732958920394445,0.026820987654320987,0.7246871458201465,0.014063390313390314,0.33617826617826624,0.057483207626226177,0.012535612535612535,0.8152173913043478,0.7428571428571429,0.7
medium_load,mappo_no_lifetime,1024,13047,192,145,3,44,0.7552083333333334,0.015625,4.833333333333333,5.503448275862069,12.0,1.2694444444444444,15,4,2.737682752973045,0.1849337561135135,0.02919753086419753,0.7404396360870458,0.009103641456582632,0.34538930840401433,0.05962684675036377,0.006613756613756613,0.7129629629629629,0.7916666666666666,0.8333333333333334
medium_load,mappo_no_lifetime,1024,13048,192,139,4,49,0.7239583333333334,0.020833333333333332,4.633333333333334,6.129496402877698,12.099999999999994,1.4194444444444445,20,10,0.7862358888075448,0.201375767159872,0.032685185185185185,0.7392279780134453,0.02334356819650937,0.32613900260959083,0.0585782869330758,0.009202847805788983,0.7157894736842105,0.7142857142857143,0.7560975609756098
medium_load,mappo_no_lifetime,1024,13049,192,140,2,50,0.7291666666666666,0.010416666666666666,4.666666666666667,5.807142857142857,12.0,1.3083333333333333,17,9,1.5634150022596698,0.19374217199979055,0.030246913580246913,0.7241459693357242,0.02104090354090354,0.3255463980463981,0.058295230155382384,0.004464285714285714,0.7169811320754716,0.7857142857142857,0.6666666666666666
medium_load,mappo_no_lifetime,1024,13050,192,140,8,44,0.7291666666666666,0.041666666666666664,4.666666666666667,5.321428571428571,11.049999999999983,1.2541666666666667,17,13,0.8974018608743479,0.19199420806703635,0.02885802469135802,0.7211012495897748,0.029601827910651437,0.3248369541248798,0.057688075441714205,0.01622004357298475,0.7263157894736842,0.7368421052631579,0.725
medium_load,mappo_no_credit,7,13001,192,137,9,46,0.7135416666666666,0.046875,4.566666666666666,6.452554744525547,16.19999999999999,1.4541666666666666,16,24,-0.5343513732551484,0.1946988692334444,0.03336419753086419,0.7158750269442682,0.0514747336999659,0.30771390016359057,0.056289634873651885,0.01899393090569561,0.7850467289719626,0.6326530612244898,0.6111111111111112
medium_load,mappo_no_credit,7,13002,192,126,13,53,0.65625,0.06770833333333333,4.2,7.357142857142857,18.75,1.7319444444444445,15,37,-3.8384026643916114,0.21782634344357257,0.039753086419753086,0.723866584247133,0.075798139768728,0.2791635842371136,0.05657855785277889,0.026947167755991284,0.711340206185567,0.5094339622641509,0.7142857142857143
medium_load,mappo_no_credit,7,13003,192,131,15,46,0.6822916666666666,0.078125,4.366666666666666,6.648854961832061,16.0,1.551388888888889,18,32,-2.454986399944029,0.20989015844133263,0.03552469135802469,0.7293611541836843,0.06791625714613331,0.3020458291278725,0.057474679840807424,0.03180166511048864,0.7291666666666666,0.5806451612903226,0.7352941176470589
medium_load,mappo_no_credit,7,13004,192,133,14,45,0.6927083333333334,0.07291666666666667,4.433333333333334,5.81203007518797,13.0,1.3777777777777778,15,29,-0.9685034890631945,0.1876341190432596,0.031635802469135804,0.7179248701544434,0.06270462165973002,0.3111972285540398,0.05846237224351703,0.032192774545715716,0.75,0.5333333333333333,0.7916666666666666
medium_load,mappo_no_credit,7,13005,192,124,14,54,0.6458333333333334,0.07291666666666667,4.133333333333334,6.798387096774194,14.0,1.676388888888889,19,25,-4.150587808411886,0.21647851441564164,0.03854938271604938,0.7301342876036975,0.05175176188334083,0.2749785757757894,0.057046821558816865,0.029934939787880963,0.7058823529411765,0.6086956521739131,0.5789473684210527
medium_load,mappo_no_credit,7,13006,192,129,14,49,0.671875,0.07291666666666667,4.3,6.255813953488372,15.599999999999994,1.5291666666666666,20,39,-2.094766004509893,0.19215331551608106,0.03512345679012345,0.7450754287936144,0.08741273432449902,0.30330536293771587,0.05858307725951601,0.03015280471162824,0.7070707070707071,0.603448275862069,0.6857142857142857
medium_load,mappo_no_credit,7,13007,192,128,5,59,0.6666666666666666,0.026041666666666668,4.266666666666667,6.5390625,14.649999999999991,1.636111111111111,19,32,-0.9203455838452896,0.1956282498542364,0.03780864197530864,0.7270588345623091,0.06955487323134382,0.30001158155569924,0.05836020122011966,0.010774886877828054,0.6831683168316832,0.6181818181818182,0.6944444444444444
medium_load,mappo_no_credit,7,13008,192,133,6,53,0.6927083333333334,0.03125,4.433333333333334,7.06015037593985,15.0,1.6069444444444445,17,29,-0.9921723813347191,0.2028339474048516,0.03697530864197531,0.7386829655661719,0.05954676314970432,0.3067362485009545,0.0580316040488784,0.013538359788359789,0.7256637168141593,0.6521739130434783,0.6363636363636364
medium_load,mappo_no_credit,7,13009,192,126,12,54,0.65625,0.0625,4.2,7.150793650793651,14.0,1.6652777777777779,17,23,-3.29966391782751,0.21561735880505514,0.03830246913580247,0.725548989564178,0.04710315412714794,0.2807762272700353,0.055965386684658766,0.02374512670565302,0.7070707070707071,0.5833333333333334,0.6363636363636364
medium_load,mappo_no_credit,7,13010,192,131,12,49,0.6822916666666666,0.0625,4.366666666666666,6.061068702290076,14.0,1.5166666666666666,16,29,-1.9115542496794262,0.20476149103839958,0.03484567901234567,0.7183732877427086,0.06198939404821757,0.30123645145703976,0.057934875929040355,0.028087666690607867,0.7032967032967034,0.6619718309859155,0.6666666666666666
medium_load,mappo_no_credit,7,13011,192,138,11,43,0.71875,0.057291666666666664,4.6,6.043478260869565,14.150000000000006,1.4291666666666667,13,27,-0.9455815610313583,0.19452653967744113,0.03271604938271605,0.723181472321887,0.05534663865546219,0.3073175081998611,0.055900339868595876,0.02360246235246235,0.7848101265822784,0.6101694915254238,0.7407407407407407
medium_load,mappo_no_credit,7,13012,192,129,19,44,0.671875,0.09895833333333333,4.3,7.372093023255814,16.0,1.7291666666666667,17,22,-3.9061770481257394,0.20911485582091396,0.03941358024691359,0.7254617859510807,0.04431112976004616,0.284214749818465,0.056459174577947246,0.040375322418666065,0.7916666666666666,0.46551724137931033,0.6842105263157895
medium_load,mappo_no_credit,7,13013,192,132,12,48,0.6875,0.0625,4.4,6.5227272727272725,16.0,1.6,17,32,-2.5504170222586406,0.20481825391581795,0.03666666666666667,0.7175868924851748,0.06476147476534473,0.28715841577296686,0.05461365275066986,0.0239860192840069,0.7386363636363636,0.6,0.717948717948718
medium_load,mappo_no_credit,7,13014,192,128,14,50,0.6666666666666666,0.07291666666666667,4.266666666666667,7.0,15.0,1.613888888888889,17,26,-3.8616316140644136,0.21272587070608848,0.03703703703703703,0.7122903491965225,0.05502528789293495,0.27405290787643727,0.054255707351242646,0.03094778315366551,0.7586206896551724,0.5806451612903226,0.6046511627906976
medium_load,mappo_no_credit,7,13015,192,130,13,49,0.6770833333333334,0.06770833333333333,4.333333333333333,6.7384615384615385,13.0,1.5583333333333333,15,22,-2.48802242330371,0.20223963511192583,0.035771604938271605,0.730988861670192,0.047098874637574326,0.29160541027027087,0.056472858059352524,0.027363245343121505,0.7184466019417476,0.5370370370370371,0.7714285714285715
medium_load,mappo_no_credit,7,13016,192,136,7,49,0.7083333333333334,0.036458333333333336,4.533333333333333,6.507352941176471,13.75,1.5347222222222223,18,27,-1.221063969933675,0.21208382294354566,0.03524691358024691,0.7260222402177937,0.05661763130803378,0.3049510133256264,0.056845150794320266,0.015151821862348177,0.7582417582417582,0.6461538461538462,0.6944444444444444
medium_load,mappo_no_credit,7,13017,192,125,10,57,0.6510416666666666,0.052083333333333336,4.166666666666667,6.776,14.0,1.6444444444444444,18,30,-2.9276066570573795,0.2065240296910869,0.037932098765432104,0.7332056871467514,0.061555289682224665,0.2832345980759293,0.0566449969332758,0.02130398740692858,0.723404255319149,0.5818181818181818,0.5813953488372093
medium_load,mappo_no_credit,7,13018,192,136,6,50,0.7083333333333334,0.03125,4.533333333333333,6.823529411764706,14.0,1.5583333333333333,14,36,-0.8868566600671312,0.21157762243322212,0.03580246913580247,0.7405353654412019,0.07717360583459655,0.31453100047527294,0.05808787970030864,0.0134465500100175,0.7362637362637363,0.6451612903225806,0.7435897435897436
medium_load,mappo_no_credit,7,13019,192,127,13,52,0.6614583333333334,0.06770833333333333,4.233333333333333,6.4015748031496065,14.0,1.5583333333333333,19,34,-2.341163574024601,0.20031777175758592,0.03586419753086419,0.7313037035154422,0.07025676937441643,0.295958363531893,0.0586035765513971,0.02769140989729225,0.723404255319149,0.6206896551724138,0.575
medium_load,mappo_no_credit,7,13020,192,133,11,48,0.6927083333333334,0.057291666666666664,4.433333333333334,6.383458646616542,14.0,1.4680555555555554,15,29,-1.2397184351526793,0.20157558603494494,0.033734567901234566,0.7298205141049252,0.06225900189135483,0.3085755502667268,0.058457356459010484,0.023352007469654528,0.686046511627907,0.6166666666666667,0.8043478260869565
medium_load,mappo_no_credit,7,13021,192,138,8,46,0.71875,0.041666666666666664,4.6,6.898550724637682,16.150000000000006,1.5986111111111112,15,21,-1.5889708723056422,0.20970872621139194,0.03657407407407408,0.7195567531018623,0.04350987448510669,0.296987085412008,0.05544095074564135,0.01697371728718478,0.7127659574468085,0.66,0.7916666666666666
medium_load,mappo_no_credit,7,13022,192,135,6,51,0.703125,0.03125,4.5,6.711111111111111,12.0,1.5263888888888888,16,22,-1.0235444991928433,0.20482203884654224,0.03512345679012346,0.7303829307059712,0.04639511360099595,0.3025782741223918,0.05660249937014269,0.013111577964519143,0.7128712871287128,0.6071428571428571,0.8285714285714286
medium_load,mappo_no_credit,7,13023,192,136,9,47,0.7083333333333334,0.046875,4.533333333333333,6.448529411764706,14.0,1.4680555555555554,14,24,-1.2496406581650223,0.21010952373656258,0.0337037037037037,0.721029772369774,0.04963176386164001,0.3049846727633105,0.0558615432429211,0.019262077075544566,0.7171717171717171,0.6935483870967742,0.7096774193548387
medium_load,mappo_no_credit,7,13024,192,131,13,48,0.6822916666666666,0.06770833333333333,4.366666666666666,6.931297709923665,13.0,1.6416666666666666,17,30,-3.2535984978840085,0.21921703554893332,0.037592592592592594,0.7338695624400626,0.06190865234982882,0.2897262187703364,0.05576499739457089,0.02686079987550576,0.7415730337078652,0.59375,0.6923076923076923
medium_load,mappo_no_credit,7,13025,192,136,11,45,0.7083333333333334,0.057291666666666664,4.533333333333333,6.602941176470588,13.25,1.5555555555555556,16,29,-1.9902502789016059,0.20924652666899501,0.035586419753086414,0.7223175605332427,0.056197253755303295,0.2962962417412882,0.05493976376657518,0.02166314479007977,0.7553191489361702,0.5555555555555556,0.7954545454545454
medium_load,mappo_no_credit,7,13026,192,127,13,52,0.6614583333333334,0.06770833333333333,4.233333333333333,6.9921259842519685,15.0,1.6611111111111112,14,20,-2.696219050818768,0.2083113380476334,0.038148148148148146,0.7269708153474829,0.0441267147884795,0.2915431001460414,0.05842281654309822,0.027988639900404604,0.6952380952380952,0.5961538461538461,0.6571428571428571
medium_load,mappo_no_credit,7,13027,192,128,11,53,0.6666666666666666,0.057291666666666664,4.266666666666667,6.921875,14.649999999999991,1.6458333333333333,15,23,-3.418298183127932,0.22381050143160872,0.0378395061728395,0.7241557506709095,0.05238936645283395,0.28216557994808766,0.05619426321235822,0.02300857567498434,0.6764705882352942,0.6181818181818182,0.7142857142857143
medium_load,mappo_no_credit,7,13028,192,130,13,49,0.6770833333333334,0.06770833333333333,4.333333333333333,7.338461538461538,15.0,1.6347222222222222,13,27,-2.9999303519290295,0.20714074401295207,0.03746913580246913,0.7398464918409643,0.05764212095094448,0.2901372728578611,0.05701903727513492,0.02800129881012234,0.7830188679245284,0.5,0.6666666666666666
medium_load,mappo_no_credit,7,13029,192,122,9,61,0.6354166666666666,0.046875,4.066666666666666,7.180327868852459,17.94999999999999,1.761111111111111,20,22,-3.5818269285848268,0.21780316272699396,0.04064814814814815,0.7489824780767097,0.045339246809835046,0.2783186720686721,0.057767002467028296,0.018187052598817303,0.6666666666666666,0.6415094339622641,0.5581395348837209
medium_load,mappo_no_credit,7,13030,192,128,13,51,0.6666666666666666,0.06770833333333333,4.266666666666667,6.890625,14.0,1.6166666666666667,17,24,-1.4377102439493419,0.1935682639173697,0.03712962962962963,0.7524363186030284,0.05366210586798822,0.3140611594288066,0.06143958380251964,0.029839743589743593,0.7663551401869159,0.42592592592592593,0.7419354838709677
medium_load,mappo_no_credit,7,13031,192,124,12,56,0.6458333333333334,0.0625,4.133333333333334,7.032258064516129,15.849999999999994,1.6847222222222222,19,37,-3.55296896395008,0.22310780272935743,0.038796296296296294,0.7272163521961511,0.07537397415106394,0.2845567508686704,0.05767852431104143,0.024475068704944862,0.7684210526315789,0.55,0.4864864864864865
medium_load,mappo_no_credit,7,13032,192,128,15,49,0.6666666666666666,0.078125,4.266666666666667,6.6875,16.0,1.6597222222222223,16,26,-2.776280643558328,0.20793155514735026,0.03802469135802469,0.7322681179486341,0.05535345158797171,0.29678686695714557,0.058659644800032364,0.03234720001360868,0.7204301075268817,0.5967741935483871,0.6486486486486487
medium_load,mappo_no_credit,7,13033,192,124,12,56,0.6458333333333334,0.0625,4.133333333333334,6.790322580645161,15.849999999999994,1.6083333333333334,16,26,-3.607157526950835,0.22315697860831413,0.037098765432098765,0.7253369525723561,0.05746133496133495,0.28266823318293904,0.05753613834549628,0.02641235126529244,0.6881720430107527,0.6153846153846154,0.5882352941176471
medium_load,mappo_no_credit,7,13034,192,125,11,56,0.6510416666666666,0.057291666666666664,4.166666666666667,7.288,17.0,1.7666666666666666,18,30,-3.2020427734500183,0.20268162896054642,0.04061728395061728,0.7272783807083469,0.06284044931103756,0.27955325992090696,0.057337597769634416,0.024362391421214952,0.7181818181818181,0.4782608695652174,0.6666666666666666
medium_load,mappo_no_credit,7,13035,192,125,13,54,0.6510416666666666,0.06770833333333333,4.166666666666667,7.712,16.0,1.7916666666666667,14,25,-4.305888814889716,0.22546947938404097,0.04111111111111112,0.70784180639096,0.04724794011171719,0.2685418311192305,0.05514976866322726,0.026684726522187823,0.71,0.5,0.7105263157894737
medium_load,mappo_no_credit,7,13036,192,136,7,49,0.7083333333333334,0.036458333333333336,4.533333333333333,5.823529411764706,14.0,1.4125,17,15,-0.4675034000727485,0.19461146061082413,0.032530864197530866,0.7292202441389523,0.03126984126984127,0.30569416150298506,0.056567125679536666,0.014907407407407406,0.7096774193548387,0.7096774193548387,0.7027027027027027
medium_load,mappo_no_credit,7,13037,192,139,9,44,0.7239583333333334,0.046875,4.633333333333334,6.330935251798561,13.099999999999994,1.4930555555555556,16,15,-0.2828161002404119,0.20631166677054105,0.034166666666666665,0.7222169677652025,0.0337089707677943,0.3194635429929547,0.058181076463185,0.02052045177045177,0.7848101265822784,0.671875,0.6938775510204082
medium_load,mappo_no_credit,7,13038,192,129,10,53,0.671875,0.052083333333333336,4.3,6.852713178294573,15.0,1.636111111111111,17,28,-3.097308080366372,0.21399006504965087,0.03762345679012346,0.7378415445906992,0.05903125870231133,0.2841367746747004,0.05577736975393041,0.020561780267662623,0.7659574468085106,0.5483870967741935,0.6388888888888888
medium_load,mappo_no_credit,7,13039,192,130,10,52,0.6770833333333334,0.052083333333333336,4.333333333333333,6.730769230769231,18.0,1.6083333333333334,19,38,-3.084560904893738,0.2160210619069953,0.03697530864197531,0.7232225548363292,0.0799540927482104,0.28378725577254993,0.054904571812800305,0.02084967320261438,0.6767676767676768,0.6610169491525424,0.7058823529411765
medium_load,mappo_no_credit,7,13040,192,126,14,52,0.65625,0.07291666666666667,4.2,6.428571428571429,12.75,1.6611111111111112,17,24,-3.754646649873566,0.216439580762294,0.03814814814814814,0.7390059265794807,0.05028728337938864,0.2840923233686391,0.05732450389295763,0.030544282715335342,0.611764705882353,0.7419354838709677,0.6222222222222222
medium_load,mappo_no_credit,7,13041,192,124,14,54,0.6458333333333334,0.07291666666666667,4.133333333333334,6.733870967741935,16.0,1.663888888888889,21,42,-4.020442180229078,0.21628187473201946,0.03827160493827161,0.7338070738285413,0.09008939045703751,0.28096794545323955,0.05721428150505105,0.029204314204314203,0.6923076923076923,0.5846153846153846,0.6388888888888888
medium_load,mappo_no_credit,7,13042,192,126,12,54,0.65625,0.0625,4.2,7.055555555555555,15.25,1.7180555555555554,16,25,-4.067307185425704,0.21786180909356112,0.03947530864197531,0.7269269084313251,0.05060340802987862,0.27189219821572763,0.054971089161187286,0.025419000933706817,0.6530612244897959,0.6538461538461539,0.6666666666666666
medium_load,mappo_no_credit,7,13043,192,125,13,54,0.6510416666666666,0.06770833333333333,4.166666666666667,7.288,16.0,1.7013888888888888,15,30,-4.291271905236014,0.22184887541673273,0.039104938271604946,0.7409469884617065,0.06390795206971676,0.2789185161243985,0.05717367725268706,0.029387075342957696,0.723404255319149,0.5517241379310345,0.625
medium_load,mappo_no_credit,7,13044,192,132,9,51,0.6875,0.046875,4.4,6.825757575757576,18.0,1.5888888888888888,16,22,-0.6968025886884276,0.2002242334013175,0.036512345679012355,0.7288865166553382,0.04583409567155696,0.31327842550752766,0.05904856388162976,0.020417280088332716,0.7551020408163265,0.5818181818181818,0.6666666666666666
medium_load,mappo_no_credit,7,13045,192,131,7,54,0.6822916666666666,0.036458333333333336,4.366666666666666,6.854961832061068,15.5,1.5402777777777779,14,26,-1.5547024263638367,0.22253963313171007,0.0355246913580247,0.7292078078825204,0.051112831097351215,0.303573007802884,0.057761660316282236,0.013703703703703702,0.6458333333333334,0.6428571428571429,0.825
medium_load,mappo_no_credit,7,13046,192,132,13,47,0.6875,0.06770833333333333,4.4,6.9393939393939394,16.44999999999999,1.6291666666666667,14,31,-2.901524122100388,0.2085221863277638,0.03728395061728395,0.7119984097669158,0.061918542270709455,0.2841078238640158,0.0551845785996219,0.026341200222779172,0.7608695652173914,0.5857142857142857,0.7
medium_load,mappo_no_credit,7,13047,192,122,11,59,0.6354166666666666,0.057291666666666664,4.066666666666666,6.180327868852459,17.0,1.5777777777777777,20,36,-2.634289017060822,0.1928761764577257,0.03651234567901234,0.7432047284954915,0.08280779405779407,0.2880261296437768,0.05860594378017836,0.023875661375661373,0.6018518518518519,0.6041666666666666,0.7777777777777778
medium_load,mappo_no_credit,7,13048,192,124,9,59,0.6458333333333334,0.046875,4.133333333333334,7.637096774193548,16.0,1.7652777777777777,19,31,-3.4708183930304135,0.2288039804822975,0.04067901234567902,0.7346732033677532,0.06408595489477843,0.2838487900987901,0.05839345353173816,0.018025599128540303,0.6736842105263158,0.5714285714285714,0.6829268292682927
medium_load,mappo_no_credit,7,13049,192,130,8,54,0.6770833333333334,0.041666666666666664,4.333333333333333,7.0,16.0,1.6333333333333333,18,20,-1.6351682815550224,0.20995733871476058,0.037592592592592594,0.7207610088654569,0.042030034235916586,0.2974661232014173,0.0571330240086159,0.01745331465919701,0.7169811320754716,0.625,0.6333333333333333
medium_load,mappo_no_credit,7,13050,192,137,4,51,0.7135416666666666,0.020833333333333332,4.566666666666666,6.2846715328467155,13.599999999999966,1.4166666666666667,14,22,0.3550185431298213,0.20077988499599275,0.03268518518518518,0.7284409462153791,0.04524581942538598,0.3175149129909192,0.05798956286969203,0.008599624060150376,0.7684210526315789,0.7543859649122807,0.525
medium_load,mappo_no_credit,42,13001,192,86,21,85,0.4479166666666667,0.109375,2.8666666666666667,6.77906976744186,13.75,2.1569444444444446,13,146,-11.64982239573942,0.22431260966887037,0.05018518518518518,0.6331790782329075,0.24167784989547675,0.15526182525341223,0.04520346737745996,0.032472425023912434,0.42990654205607476,0.4489795918367347,0.5
medium_load,mappo_no_credit,42,13002,192,76,25,91,0.3958333333333333,0.13020833333333334,2.533333333333333,6.671052631578948,12.0,2.201388888888889,12,116,-13.041584451028163,0.2314339019273918,0.05135802469135802,0.6428357253694653,0.19460071583641375,0.1408852798612524,0.04579725113560675,0.03952599438869461,0.4020618556701031,0.3018867924528302,0.5
medium_load,mappo_no_credit,42,13003,192,84,20,88,0.4375,0.10416666666666667,2.8,8.119047619047619,16.849999999999994,2.261111111111111,11,138,-13.120909277542179,0.26623438709296815,0.052592592592592594,0.6323909329623224,0.23160341403510065,0.15071250171011244,0.045669834112695436,0.031698526069235455,0.4375,0.3709677419354839,0.5588235294117647
medium_load,mappo_no_credit,42,13004,192,82,21,89,0.4270833333333333,0.109375,2.7333333333333334,6.987804878048781,14.0,2.1180555555555554,11,120,-12.411547394821282,0.2411532117987343,0.049444444444444444,0.6488541470200153,0.2050786760165546,0.15375824471665092,0.04682258843341803,0.03520045050819718,0.3333333333333333,0.4,0.625
medium_load,mappo_no_credit,42,13005,192,82,27,83,0.4270833333333333,0.140625,2.7333333333333334,7.853658536585366,16.950000000000003,2.154166666666667,11,136,-14.300575103990912,0.2667917162004303,0.05006172839506173,0.6509778452109037,0.23238465584609078,0.1481778578418436,0.046416657922470024,0.04479646699999371,0.49411764705882355,0.3188405797101449,0.47368421052631576
medium_load,mappo_no_credit,42,13006,192,84,24,84,0.4375,0.125,2.8,7.369047619047619,16.849999999999994,2.111111111111111,9,152,-12.843118160372413,0.24012225097979004,0.0491358024691358,0.6571834687479373,0.2682044628058559,0.1595396207393112,0.04722882226104117,0.04039838902068005,0.4444444444444444,0.3275862068965517,0.6
medium_load,mappo_no_credit,42,13007,192,89,14,89,0.4635416666666667,0.07291666666666667,2.966666666666667,8.157303370786517,15.599999999999994,2.3,9,148,-12.256478019744035,0.2675703106450316,0.05348765432098766,0.6362009522849995,0.24563193599100183,0.15844529001531965,0.046203835285781966,0.021616083192170153,0.42574257425742573,0.4,0.6666666666666666
medium_load,mappo_no_credit,42,13008,192,73,24,95,0.3802083333333333,0.125,2.433333333333333,7.465753424657534,16.0,2.459722222222222,12,191,-14.733752795344671,0.2352086727312463,0.057222222222222216,0.62400794351345,0.3188455449567309,0.12388090960728598,0.044385361641786726,0.03884442248572683,0.34513274336283184,0.3695652173913043,0.5151515151515151
medium_load,mappo_no_credit,42,13009,192,90,21,81,0.46875,0.109375,3.0,7.355555555555555,16.549999999999997,2.0902777777777777,12,162,-11.773186848230171,0.23215792552230916,0.04858024691358024,0.6532089483466135,0.2780213176156439,0.1665936858991106,0.04652036133139245,0.033872018261572705,0.47474747474747475,0.4166666666666667,0.5454545454545454
medium_load,mappo_no_credit,42,13010,192,92,24,76,0.4791666666666667,0.125,3.066666666666667,8.66304347826087,19.0,2.2152777777777777,9,140,-13.470142268876304,0.2824889889334438,0.0512037037037037,0.6436178133612139,0.23362080480080885,0.16228477494596752,0.046096860028576304,0.03848979332388944,0.5384615384615384,0.39436619718309857,0.5
medium_load,mappo_no_credit,42,13011,192,76,30,86,0.3958333333333333,0.15625,2.533333333333333,6.302631578947368,12.0,2.147222222222222,9,128,-13.886536620467233,0.2416046267239362,0.05000000000000001,0.6494154236489289,0.21710060439801995,0.14265279376078274,0.04637440354110769,0.04691012087751219,0.379746835443038,0.3220338983050847,0.5
medium_load,mappo_no_credit,42,13012,192,81,23,88,0.421875,0.11979166666666667,2.7,8.37037037037037,19.0,2.2958333333333334,11,153,-14.439507223266101,0.28576012222837405,0.053364197530864195,0.6376829261719528,0.26647473467116084,0.1493568129584081,0.04689962085925044,0.037376340499910295,0.4375,0.3620689655172414,0.47368421052631576
medium_load,mappo_no_credit,42,13013,192,77,24,91,0.4010416666666667,0.125,2.566666666666667,7.766233766233766,15.200000000000003,2.3958333333333335,12,164,-15.2202451353885,0.27533436904184694,0.055679012345679006,0.6356901642042005,0.27277122569204276,0.13264966818153656,0.044689821402493904,0.037947476288437386,0.42045454545454547,0.26153846153846155,0.5897435897435898
medium_load,mappo_no_credit,42,13014,192,90,22,80,0.46875,0.11458333333333333,3.0,7.733333333333333,14.549999999999997,2.063888888888889,10,132,-13.219665076012387,0.27998359460732286,0.04796296296296296,0.6232033306373242,0.210523151312625,0.15196517176780336,0.043990823839694236,0.03406325156325156,0.47126436781609193,0.45161290322580644,0.4883720930232558
medium_load,mappo_no_credit,42,13015,192,80,21,91,0.4166666666666667,0.109375,2.6666666666666665,7.4875,13.099999999999994,2.3319444444444444,10,136,-12.782701144888087,0.23389742312081932,0.05425925925925926,0.6350849424706965,0.23125645914984988,0.14360306082644217,0.04561270828543265,0.033818147696866224,0.4077669902912621,0.4074074074074074,0.45714285714285713
medium_load,mappo_no_credit,42,13016,192,86,26,80,0.4479166666666667,0.13541666666666666,2.8666666666666667,7.441860465116279,13.0,2.1819444444444445,10,126,-13.080162556075043,0.2512294952918081,0.05058641975308643,0.6450551166223569,0.22375615033476118,0.15604112380916124,0.046098924869543964,0.04225017709739745,0.46153846153846156,0.35384615384615387,0.5833333333333334
medium_load,mappo_no_credit,42,13017,192,89,16,87,0.4635416666666667,0.08333333333333333,2.966666666666667,7.370786516853933,18.599999999999994,2.048611111111111,10,131,-11.675118462128772,0.24961747606179388,0.047839506172839504,0.6704890041458678,0.2340793919329052,0.17061404658019275,0.047610632260399674,0.02784409193952874,0.48936170212765956,0.34545454545454546,0.5581395348837209
medium_load,mappo_no_credit,42,13018,192,81,28,83,0.421875,0.14583333333333334,2.7,7.0246913580246915,14.0,2.254166666666667,10,174,-14.04256471165078,0.23992588907498336,0.052283950617283956,0.6248695996867195,0.28996879129804154,0.13896915976940208,0.04449352542169134,0.04469642485660792,0.37362637362637363,0.3870967741935484,0.5897435897435898
medium_load,mappo_no_credit,42,13019,192,76,25,91,0.3958333333333333,0.13020833333333334,2.533333333333333,6.802631578947368,15.5,2.2527777777777778,15,156,-13.909029402228704,0.22928295913111266,0.0525,0.6575260003766659,0.2775302654288722,0.14043182823368577,0.04636107532990061,0.04215492496839245,0.3617021276595745,0.3793103448275862,0.5
medium_load,mappo_no_credit,42,13020,192,90,20,82,0.46875,0.10416666666666667,3.0,7.266666666666667,17.549999999999997,2.047222222222222,11,127,-12.973546511557789,0.2845741863530762,0.04765432098765431,0.664181832335089,0.22529055036710846,0.16854550754032516,0.04727330748392163,0.03248428266667599,0.3953488372093023,0.4666666666666667,0.6086956521739131
medium_load,mappo_no_credit,42,13021,192,74,20,98,0.3854166666666667,0.10416666666666667,2.466666666666667,7.135135135135135,13.0,2.3569444444444443,13,139,-14.076574606616987,0.2566995384442189,0.055030864197530865,0.6522407240622605,0.2384580030691553,0.13705830742645925,0.047235643516321174,0.03203800580399045,0.35106382978723405,0.38,0.4583333333333333
medium_load,mappo_no_credit,42,13022,192,80,26,86,0.4166666666666667,0.13541666666666666,2.6666666666666665,8.55,18.0,2.4194444444444443,15,149,-14.323536653553974,0.2545406125069471,0.05604938271604939,0.6573904070923291,0.2584438450391136,0.1461827892696785,0.04686482809157533,0.042683113140779036,0.42574257425742573,0.2857142857142857,0.6
medium_load,mappo_no_credit,42,13023,192,85,20,87,0.4427083333333333,0.10416666666666667,2.8333333333333335,7.658823529411765,15.599999999999994,2.188888888888889,10,148,-12.910481701121464,0.25778782900343455,0.05095679012345678,0.6320833183892539,0.24360548036564322,0.150907593569291,0.04547725500663854,0.03215041765267233,0.41414141414141414,0.45161290322580644,0.5161290322580645
medium_load,mappo_no_credit,42,13024,192,77,33,82,0.4010416666666667,0.171875,2.566666666666667,7.116883116883117,13.200000000000003,2.225,10,158,-14.863497073419127,0.24262691899414374,0.051604938271604936,0.64944901101077,0.27083829549824295,0.13861036990260306,0.045656949309322147,0.05265095655255839,0.449438202247191,0.265625,0.5128205128205128
medium_load,mappo_no_credit,42,13025,192,78,23,91,0.40625,0.11979166666666667,2.6,8.076923076923077,17.0,2.3,12,135,-14.264503660719708,0.2791369634956014,0.05354938271604938,0.6295982329347204,0.2259940516899731,0.1409934516533655,0.04570476539372937,0.03546274282544305,0.40425531914893614,0.35185185185185186,0.4772727272727273
medium_load,mappo_no_credit,42,13026,192,81,26,85,0.421875,0.13541666666666666,2.7,7.135802469135802,16.0,2.2055555555555557,11,164,-13.499824697711212,0.2288866158346689,0.05126543209876543,0.6325831065542051,0.27805610652191615,0.13982542495767694,0.04460648286519734,0.04169131106202044,0.42857142857142855,0.3269230769230769,0.5428571428571428
medium_load,mappo_no_credit,42,13027,192,84,22,86,0.4375,0.11458333333333333,2.8,9.119047619047619,19.0,2.2930555555555556,14,158,-14.754890101102756,0.296231105350325,0.053240740740740734,0.6350952650640793,0.2673471984509809,0.14657278106497382,0.0457596631517981,0.03527924784318645,0.4411764705882353,0.41818181818181815,0.45714285714285713
medium_load,mappo_no_credit,42,13028,192,80,21,91,0.4166666666666667,0.109375,2.6666666666666665,7.7,18.0,2.251388888888889,10,148,-13.62108679875091,0.24837718027023914,0.05246913580246913,0.6496440961422069,0.25701173247192227,0.14388316571803583,0.04537700806180979,0.03534398688860931,0.41509433962264153,0.3387096774193548,0.625
medium_load,mappo_no_credit,42,13029,192,86,21,85,0.4479166666666667,0.109375,2.8666666666666667,7.1976744186046515,15.5,2.125,9,160,-12.026272333188643,0.22415612875784402,0.04947530864197532,0.6533908797355541,0.27072078122791543,0.15863576594681045,0.04680434421889943,0.034445435063284034,0.4270833333333333,0.41509433962264153,0.5348837209302325
medium_load,mappo_no_credit,42,13030,192,77,23,92,0.4010416666666667,0.11979166666666667,2.566666666666667,7.220779220779221,18.0,2.311111111111111,12,182,-13.335730145867958,0.2267089709808031,0.053827160493827166,0.6420075805448054,0.3116492650385166,0.142710108313487,0.04627257733967643,0.03610647721631703,0.34579439252336447,0.3333333333333333,0.7096774193548387
medium_load,mappo_no_credit,42,13031,192,81,25,86,0.421875,0.13020833333333334,2.7,6.345679012345679,13.0,2.0944444444444446,10,137,-12.897815406830759,0.23906515827811342,0.04882716049382717,0.6541890732002908,0.23916048792445346,0.15348537058306203,0.047114781990212524,0.03956646116829183,0.5052631578947369,0.36666666666666664,0.2972972972972973
medium_load,mappo_no_credit,42,13032,192,81,31,80,0.421875,0.16145833333333334,2.7,7.839506172839506,16.0,2.2180555555555554,12,145,-13.949755824941292,0.24342160826263548,0.05138888888888889,0.6486308670461312,0.2585380543475509,0.15084194232902,0.04775062552087919,0.05067245958550306,0.45161290322580644,0.2903225806451613,0.5675675675675675
medium_load,mappo_no_credit,42,13033,192,84,23,85,0.4375,0.11979166666666667,2.8,7.773809523809524,16.849999999999994,2.1527777777777777,10,141,-13.518932698789717,0.26764987115907724,0.05009259259259259,0.645618389326218,0.24384875574588183,0.15437997564023945,0.04663839981050117,0.037712155106824644,0.4731182795698925,0.4153846153846154,0.38235294117647056
medium_load,mappo_no_credit,42,13034,192,84,21,87,0.4375,0.109375,2.8,7.904761904761905,19.849999999999994,2.1972222222222224,8,155,-12.560993555979666,0.23789792130665907,0.05114197530864197,0.6446798467415517,0.26451517681477976,0.15586078561512673,0.04623214040532835,0.035871841050869185,0.4727272727272727,0.30434782608695654,0.5
medium_load,mappo_no_credit,42,13035,192,64,28,100,0.3333333333333333,0.14583333333333334,2.1333333333333333,7.84375,19.849999999999994,2.408333333333333,13,145,-16.040500809462173,0.26765971453887355,0.056234567901234565,0.6438938588780296,0.24480448421422982,0.12002087518778864,0.04589564480418996,0.043290175534421056,0.38,0.2037037037037037,0.39473684210526316
medium_load,mappo_no_credit,42,13036,192,75,30,87,0.390625,0.15625,2.5,7.946666666666666,17.299999999999997,2.251388888888889,11,150,-15.132834525890276,0.25000118510217756,0.05234567901234568,0.6353063363543385,0.24292909707164648,0.12796650296852208,0.04381730289025136,0.048931188637070994,0.40860215053763443,0.27419354838709675,0.5405405405405406
medium_load,mappo_no_credit,42,13037,192,84,23,85,0.4375,0.11979166666666667,2.8,6.5476190476190474,13.0,2.1083333333333334,9,123,-12.390796742558505,0.2438404001671414,0.04910493827160494,0.6559663924193674,0.20458356334466848,0.15865894343313913,0.04636447410407844,0.03684186893905564,0.43037974683544306,0.359375,0.5510204081632653
medium_load,mappo_no_credit,42,13038,192,73,29,90,0.3802083333333333,0.15104166666666666,2.433333333333333,8.178082191780822,17.0,2.2583333333333333,13,161,-15.307901740431873,0.25705432976127224,0.0525925925925926,0.6504557116540156,0.2748517017760859,0.13343614635191564,0.0464394952446112,0.04658256725476405,0.4574468085106383,0.1774193548387097,0.5277777777777778
medium_load,mappo_no_credit,42,13039,192,89,20,83,0.4635416666666667,0.10416666666666667,2.966666666666667,7.337078651685394,16.0,2.1083333333333334,12,142,-12.035008284541595,0.24751512482549382,0.04904320987654321,0.6747146899261784,0.2568767783668847,0.1732133811395825,0.04872381074040371,0.03361946532999164,0.43434343434343436,0.4915254237288136,0.5
medium_load,mappo_no_credit,42,13040,192,85,32,75,0.4427083333333333,0.16666666666666666,2.8333333333333335,7.482352941176471,13.799999999999997,2.0555555555555554,10,145,-13.330565011937782,0.24276292318636114,0.047623456790123454,0.6437067296383396,0.24640817277376703,0.15874273376225187,0.04713115490621297,0.05256391555304599,0.43529411764705883,0.3548387096774194,0.5777777777777777
medium_load,mappo_no_credit,42,13041,192,83,22,87,0.4322916666666667,0.11458333333333333,2.7666666666666666,7.843373493975903,17.0,2.272222222222222,10,154,-12.994165659076273,0.23629320786586225,0.052808641975308636,0.6567037147904329,0.2727129415879584,0.15219317737371985,0.046018910442567444,0.035744375923404056,0.43956043956043955,0.35384615384615387,0.5555555555555556
medium_load,mappo_no_credit,42,13042,192,75,29,88,0.390625,0.15104166666666666,2.5,7.72,17.599999999999994,2.2305555555555556,11,167,-14.321961639712326,0.23440310314250448,0.05191358024691358,0.6373609951740955,0.279227512652267,0.13708096715382354,0.04593036549767706,0.048253825812043606,0.45918367346938777,0.28846153846153844,0.35714285714285715
medium_load,mappo_no_credit,42,13043,192,82,21,89,0.4270833333333333,0.109375,2.7333333333333334,8.268292682926829,16.900000000000006,2.327777777777778,10,163,-14.230510972969794,0.27161972397972856,0.05410493827160494,0.6423899104167028,0.27858945134099933,0.14517112101864424,0.045237675349587954,0.03417616009721273,0.4148936170212766,0.39655172413793105,0.5
medium_load,mappo_no_credit,42,13044,192,86,25,81,0.4479166666666667,0.13020833333333334,2.8666666666666667,7.244186046511628,13.0,2.161111111111111,10,145,-12.84159848498676,0.24212071509818897,0.05015432098765433,0.6348095360316353,0.25401771797871536,0.15446875725765885,0.04573030635913759,0.04098264160621139,0.5102040816326531,0.4,0.358974358974359
medium_load,mappo_no_credit,42,13045,192,76,24,92,0.3958333333333333,0.125,2.533333333333333,7.2105263157894735,14.25,2.220833333333333,9,147,-14.156306207556192,0.2472207403823277,0.05182098765432099,0.6427134570294516,0.2526596564732586,0.13524582681518338,0.04506619015448324,0.038647858942481364,0.34375,0.3392857142857143,0.6
medium_load,mappo_no_credit,42,13046,192,79,25,88,0.4114583333333333,0.13020833333333334,2.6333333333333333,7.9113924050632916,18.0,2.3041666666666667,11,128,-13.690545202632535,0.2526456057752029,0.05354938271604938,0.6343953294145128,0.20620105814378262,0.13979507002322994,0.045413409365298515,0.038738658790146215,0.44565217391304346,0.34285714285714286,0.4666666666666667
medium_load,mappo_no_credit,42,13047,192,85,17,90,0.4427083333333333,0.08854166666666667,2.8333333333333335,7.129411764705883,15.599999999999994,2.1166666666666667,10,142,-12.164603712742291,0.24179861156992258,0.04944444444444444,0.654117716460122,0.24587368607845794,0.15655976379054856,0.04644792097593889,0.02818688166850773,0.3333333333333333,0.5,0.6944444444444444
medium_load,mappo_no_credit,42,13048,192,80,23,89,0.4166666666666667,0.11979166666666667,2.6666666666666665,7.2375,16.049999999999997,2.1319444444444446,12,145,-12.897185404672443,0.22428345839318503,0.04975308641975309,0.6605858854511099,0.2553681992952083,0.1493961879281236,0.04691790481522895,0.03927712770844417,0.3894736842105263,0.32142857142857145,0.6097560975609756
medium_load,mappo_no_credit,42,13049,192,73,28,91,0.3802083333333333,0.14583333333333334,2.433333333333333,7.2465753424657535,14.0,2.279166666666667,10,138,-14.31086986827941,0.24058477113818302,0.053086419753086415,0.6445407577058444,0.2304883989942544,0.13470180069453186,0.04584835264043406,0.045212898070954334,0.4056603773584906,0.30357142857142855,0.43333333333333335
medium_load,mappo_no_credit,42,13050,192,76,28,88,0.3958333333333333,0.14583333333333334,2.533333333333333,6.723684210526316,17.0,2.140277777777778,9,120,-13.513206872382497,0.2391507959310416,0.04990740740740741,0.6499624725597385,0.19290719902881698,0.1420609852537097,0.04589932801069565,0.043666434421583154,0.45263157894736844,0.3508771929824561,0.325
medium_load,mappo_no_credit,1024,13001,192,95,22,75,0.4947916666666667,0.11458333333333333,3.1666666666666665,6.905263157894737,16.89999999999999,2.0444444444444443,17,84,-9.43039340999103,0.21852862276377868,0.04737654320987653,0.7009784556252038,0.1665409816648207,0.20984881919479442,0.0550955703668564,0.04415362343767917,0.5607476635514018,0.5102040816326531,0.2777777777777778
medium_load,mappo_no_credit,1024,13002,192,81,31,80,0.421875,0.16145833333333334,2.7,8.296296296296296,18.0,2.2930555555555556,13,109,-13.250390331902295,0.23221457095604175,0.05305555555555554,0.6989146485726138,0.20099639995840696,0.17158376786338156,0.05349925128194762,0.05759083432508524,0.5154639175257731,0.2641509433962264,0.40476190476190477
medium_load,mappo_no_credit,1024,13003,192,94,29,69,0.4895833333333333,0.15104166666666666,3.1333333333333333,7.0212765957446805,15.349999999999994,2.013888888888889,12,107,-10.899999666222747,0.2372315876445403,0.046512345679012336,0.682732249618865,0.2021952552951005,0.20437467188241182,0.0546303461426187,0.05518649565089194,0.53125,0.3870967741935484,0.5588235294117647
medium_load,mappo_no_credit,1024,13004,192,94,26,72,0.4895833333333333,0.13541666666666666,3.1333333333333333,7.382978723404255,15.349999999999994,2.0277777777777777,12,115,-11.126509272631434,0.240984384743333,0.04691358024691357,0.6788958603205146,0.21498415155535897,0.19873134147127958,0.0535091699651035,0.051017699477451786,0.5,0.35,0.6458333333333334
medium_load,mappo_no_credit,1024,13005,192,82,29,81,0.4270833333333333,0.15104166666666666,2.7333333333333334,7.865853658536586,16.900000000000006,2.1819444444444445,14,107,-13.242148708152563,0.24373349210139456,0.05061728395061728,0.6918966484152416,0.20848523939081215,0.1769253700948747,0.054356865019080616,0.05897365963929432,0.49411764705882355,0.3333333333333333,0.4473684210526316
medium_load,mappo_no_credit,1024,13006,192,90,29,73,0.46875,0.15104166666666666,3.0,7.533333333333333,18.099999999999994,2.1069444444444443,17,118,-11.601029968865316,0.23275997664508477,0.04870370370370371,0.7054880996778756,0.22026321144742197,0.19752231872587914,0.05451134495474541,0.053887435090995466,0.5151515151515151,0.3448275862068966,0.5428571428571428
medium_load,mappo_no_credit,1024,13007,192,90,19,83,0.46875,0.09895833333333333,3.0,6.944444444444445,17.0,2.113888888888889,20,114,-9.57514378615808,0.20078596713667374,0.04916666666666667,0.6980101052005158,0.2241052354365048,0.19909910680421516,0.05558054527273323,0.03893310923109685,0.48514851485148514,0.36363636363636365,0.5833333333333334
medium_load,mappo_no_credit,1024,13008,192,91,19,82,0.4739583333333333,0.09895833333333333,3.033333333333333,6.813186813186813,14.5,1.9819444444444445,18,108,-9.487838215528932,0.21576691981997562,0.0462037037037037,0.7022998005540597,0.20781104817095528,0.20663402687783491,0.05604419479094993,0.0392414577166899,0.5309734513274337,0.34782608695652173,0.45454545454545453
medium_load,mappo_no_credit,1024,13009,192,92,26,74,0.4791666666666667,0.13541666666666666,3.066666666666667,8.021739130434783,15.900000000000006,2.1347222222222224,14,116,-11.848662853883567,0.25192761470350306,0.04935185185185185,0.6876739070914003,0.22213377838764836,0.19506306458705838,0.05357439305858046,0.05002565646141498,0.5353535353535354,0.4,0.45454545454545453
medium_load,mappo_no_credit,1024,13010,192,86,31,75,0.4479166666666667,0.16145833333333334,2.8666666666666667,7.1395348837209305,17.75,2.036111111111111,15,109,-11.584111310077702,0.20759616782768905,0.04719135802469135,0.6877376286358383,0.21250370616082687,0.18797773290807349,0.05469486540629761,0.06245210657362361,0.5494505494505495,0.323943661971831,0.43333333333333335
medium_load,mappo_no_credit,1024,13011,192,93,26,73,0.484375,0.13541666666666666,3.1,6.817204301075269,17.0,1.9430555555555555,13,89,-10.542534912052709,0.2173057234107197,0.04506172839506173,0.6916530163606247,0.1661754263108752,0.19349920805029164,0.05244472973675476,0.050377536979704166,0.5569620253164557,0.3728813559322034,0.5
medium_load,mappo_no_credit,1024,13012,192,87,35,70,0.453125,0.18229166666666666,2.9,7.563218390804598,15.700000000000003,2.1625,14,106,-12.738539389917639,0.21553337327783337,0.04984567901234568,0.6985903702095253,0.19911523088767671,0.1820604616115452,0.053285823648620785,0.06944108637607088,0.625,0.27586206896551724,0.2894736842105263
medium_load,mappo_no_credit,1024,13013,192,94,21,77,0.4895833333333333,0.109375,3.1333333333333333,7.595744680851064,16.349999999999994,2.061111111111111,11,109,-10.292006719079604,0.22828397410769297,0.04780864197530863,0.7044058026038399,0.21521896747902938,0.20402477940016636,0.05450838054885073,0.04194401444788442,0.5909090909090909,0.3384615384615385,0.5128205128205128
medium_load,mappo_no_credit,1024,13014,192,85,27,80,0.4427083333333333,0.140625,2.8333333333333335,8.623529411764705,17.0,2.2444444444444445,13,104,-13.222993718207332,0.26447067294076027,0.05197530864197531,0.7063910277084167,0.19817154666225875,0.1877029116967197,0.05544187968450494,0.05587367482878318,0.4827586206896552,0.3709677419354839,0.46511627906976744
medium_load,mappo_no_credit,1024,13015,192,92,22,78,0.4791666666666667,0.11458333333333333,3.066666666666667,7.967391304347826,17.0,2.0861111111111112,14,97,-10.338484036100335,0.2238222123039765,0.04839506172839505,0.7083722278054551,0.192971162824104,0.2040696775990893,0.05541815862020572,0.04594753285929756,0.4854368932038835,0.3333333333333333,0.6857142857142857
medium_load,mappo_no_credit,1024,13016,192,104,24,64,0.5416666666666666,0.125,3.466666666666667,7.365384615384615,14.0,1.9555555555555555,14,89,-8.477731071493382,0.21445594010479418,0.04506172839506173,0.684427002980779,0.162799597346811,0.21917204613412045,0.053633470612094065,0.04514651857144116,0.6593406593406593,0.4,0.5
medium_load,mappo_no_credit,1024,13017,192,98,17,77,0.5104166666666666,0.08854166666666667,3.2666666666666666,7.8061224489795915,18.14999999999999,2.077777777777778,16,115,-9.369375950965134,0.2218949469585532,0.04817901234567901,0.7060214293157825,0.22075711841191717,0.20859436472826565,0.054675779599225295,0.03321669401003766,0.5638297872340425,0.45454545454545453,0.46511627906976744
medium_load,mappo_no_credit,1024,13018,192,98,22,72,0.5104166666666666,0.11458333333333333,3.2666666666666666,7.26530612244898,14.149999999999991,1.9736111111111112,14,130,-9.808529820871225,0.22489967700715582,0.04570987654320987,0.6996649291428699,0.2387201269089814,0.2101116968686628,0.05365780475602998,0.04138226954790423,0.5274725274725275,0.4032258064516129,0.6410256410256411
medium_load,mappo_no_credit,1024,13019,192,85,28,79,0.4427083333333333,0.14583333333333334,2.8333333333333335,6.658823529411765,16.0,2.095833333333333,15,115,-11.18862505179123,0.2073628692890817,0.04864197530864197,0.6826544631032223,0.2142180467451365,0.18442059631688115,0.05378910464662623,0.05298458006275344,0.5,0.3620689655172414,0.425
medium_load,mappo_no_credit,1024,13020,192,103,22,67,0.5364583333333334,0.11458333333333333,3.433333333333333,7.58252427184466,16.0,1.9708333333333334,13,108,-9.925048425602316,0.2530757716095612,0.04549382716049384,0.6819140336177519,0.20562328151724438,0.21497145384142285,0.05347066445567013,0.041939141153537446,0.5465116279069767,0.55,0.5
medium_load,mappo_no_credit,1024,13021,192,86,25,81,0.4479166666666667,0.13020833333333334,2.8666666666666667,8.05813953488372,19.75,2.2694444444444444,14,86,-11.649817080534202,0.22053168436643672,0.052561728395061715,0.7040040380520782,0.158775902173735,0.1798190075318558,0.05433846464303097,0.04809656903697152,0.5212765957446809,0.36,0.3958333333333333
medium_load,mappo_no_credit,1024,13022,192,102,16,74,0.53125,0.08333333333333333,3.4,7.813725490196078,16.0,1.9722222222222223,14,110,-8.770347129605517,0.22908738778536275,0.045740740740740735,0.697769878830205,0.20741334545514112,0.21447471330985263,0.052670133222042954,0.02998986436679935,0.5544554455445545,0.42857142857142855,0.6285714285714286
medium_load,mappo_no_credit,1024,13023,192,87,30,75,0.453125,0.15625,2.9,7.931034482758621,17.700000000000003,2.1819444444444445,13,110,-13.354411780046371,0.25766143813072356,0.05043209876543211,0.6809222581561184,0.2105440889806215,0.17839386419107775,0.0523657933560353,0.058060572182089216,0.5151515151515151,0.43548387096774194,0.2903225806451613
medium_load,mappo_no_credit,1024,13024,192,91,28,73,0.4739583333333333,0.14583333333333334,3.033333333333333,7.285714285714286,15.5,2.0555555555555554,14,114,-11.222774773174688,0.22620843691302053,0.047561728395061724,0.7017538418566686,0.20483688940345288,0.19397811911743804,0.05313780155736968,0.05031641604010026,0.5730337078651685,0.375,0.41025641025641024
medium_load,mappo_no_credit,1024,13025,192,100,18,74,0.5208333333333334,0.09375,3.3333333333333335,7.31,16.0,1.976388888888889,11,95,-8.617016678509993,0.22185629013811697,0.04583333333333332,0.7029861420229256,0.17382246465837797,0.21560199418171552,0.05379104077578938,0.034139126410798235,0.5638297872340425,0.4074074074074074,0.5681818181818182
medium_load,mappo_no_credit,1024,13026,192,87,30,75,0.453125,0.15625,2.9,7.862068965517241,17.400000000000006,2.123611111111111,13,97,-11.267474490167741,0.2117636610759372,0.0491358024691358,0.7040359541224721,0.18725912002227793,0.19446743587223464,0.05661860949764537,0.05915669484167937,0.5428571428571428,0.3076923076923077,0.4
medium_load,mappo_no_credit,1024,13027,192,90,29,73,0.46875,0.15104166666666666,3.0,7.233333333333333,16.0,2.047222222222222,14,103,-11.640206354180425,0.22611632250716338,0.04737654320987654,0.6930818638931899,0.19711790631682274,0.19153418992428284,0.0541440775217884,0.057839390142021725,0.5588235294117647,0.38181818181818183,0.34285714285714286
medium_load,mappo_no_credit,1024,13028,192,94,21,77,0.4895833333333333,0.109375,3.1333333333333333,7.553191489361702,19.0,2.0305555555555554,12,116,-9.881696056226822,0.22395777203600473,0.04712962962962964,0.7031909118544275,0.22453750011025553,0.2085463580393921,0.05601148000077712,0.04135850246531361,0.5471698113207547,0.41935483870967744,0.4166666666666667
medium_load,mappo_no_credit,1024,13029,192,91,18,83,0.4739583333333333,0.09375,3.033333333333333,8.252747252747254,19.5,2.161111111111111,12,103,-11.008533340723147,0.24952132866262433,0.05021604938271605,0.7076927609215159,0.19610479805139247,0.19623557356529497,0.054975071731866484,0.03558162153750389,0.5,0.39622641509433965,0.5116279069767442
medium_load,mappo_no_credit,1024,13030,192,83,26,83,0.4322916666666667,0.13541666666666666,2.7666666666666666,8.63855421686747,19.89999999999999,2.3041666666666667,17,106,-12.264439905176975,0.23660012151961768,0.05339506172839507,0.6949059319716575,0.2108814259356055,0.18660185660572662,0.05637167461699623,0.05371789359018461,0.48598130841121495,0.2962962962962963,0.4838709677419355
medium_load,mappo_no_credit,1024,13031,192,90,25,77,0.46875,0.13020833333333334,3.0,7.266666666666667,16.549999999999997,2.0861111111111112,15,95,-11.1272950539354,0.23672371391620162,0.0483641975308642,0.6902117655877973,0.17876504987960098,0.19564204285566514,0.0543272435199705,0.05024361588990072,0.5368421052631579,0.38333333333333336,0.43243243243243246
medium_load,mappo_no_credit,1024,13032,192,82,35,75,0.4270833333333333,0.18229166666666666,2.7333333333333334,7.304878048780488,17.950000000000003,2.1486111111111112,18,91,-13.050474029823986,0.21858317753762693,0.04969135802469136,0.7140573213527852,0.18531201369436667,0.18321029188676247,0.05645378590156562,0.07168183940242764,0.5376344086021505,0.3225806451612903,0.32432432432432434
medium_load,mappo_no_credit,1024,13033,192,79,31,82,0.4114583333333333,0.16145833333333334,2.6333333333333333,7.670886075949367,16.0,2.1555555555555554,15,93,-13.524738247660634,0.23278977763552536,0.05006172839506173,0.6984334481185399,0.1850964830376595,0.17017390289449114,0.05475695522069743,0.06331076875194523,0.46236559139784944,0.3076923076923077,0.47058823529411764
medium_load,mappo_no_credit,1024,13034,192,85,22,85,0.4427083333333333,0.11458333333333333,2.8333333333333335,8.2,17.799999999999997,2.3125,19,102,-11.644780466069118,0.23399322395684782,0.05364197530864198,0.7093188892470245,0.1921047638578598,0.18617092931721413,0.05592035316947921,0.042460985293802635,0.5,0.34782608695652173,0.3888888888888889
medium_load,mappo_no_credit,1024,13035,192,86,25,81,0.4479166666666667,0.13020833333333334,2.8666666666666667,8.127906976744185,18.75,2.276388888888889,14,106,-12.083416584394888,0.23736177785589596,0.05271604938271604,0.6790248311572726,0.19622112880239811,0.17700658360101088,0.052564377583787576,0.046623011777810544,0.48,0.42592592592592593,0.39473684210526316
medium_load,mappo_no_credit,1024,13036,192,92,25,75,0.4791666666666667,0.13020833333333334,3.066666666666667,7.434782608695652,18.450000000000003,2.0416666666666665,14,89,-10.430234159777447,0.22634285890793276,0.04731481481481481,0.6964391128668124,0.1658120587416253,0.20238704163626764,0.05548756432369591,0.05066155994561567,0.5053763440860215,0.43548387096774194,0.4864864864864865
medium_load,mappo_no_credit,1024,13037,192,96,22,74,0.5,0.11458333333333333,3.2,7.854166666666667,16.25,2.091666666666667,15,97,-10.143242914798767,0.24229216974336618,0.048395061728395056,0.6777128442539712,0.18284957145251263,0.2047553600223879,0.05475684033082107,0.04285428881404114,0.5443037974683544,0.421875,0.5306122448979592
medium_load,mappo_no_credit,1024,13038,192,89,24,79,0.4635416666666667,0.125,2.966666666666667,7.46067415730337,17.0,2.040277777777778,13,111,-11.642169997047649,0.2470793619009165,0.04740740740740741,0.7049963806652487,0.21478599015363722,0.19665537893479065,0.05501044345879357,0.047710685284214696,0.5851063829787234,0.2903225806451613,0.4444444444444444
medium_load,mappo_no_credit,1024,13039,192,90,25,77,0.46875,0.13020833333333334,3.0,8.3,16.549999999999997,2.1638888888888888,20,117,-12.243803346559382,0.25123607886180604,0.05009259259259259,0.701371795534677,0.22404010434583188,0.1904390725946454,0.05357599914900392,0.04842162596032565,0.494949494949495,0.3898305084745763,0.5294117647058824
medium_load,mappo_no_credit,1024,13040,192,76,35,81,0.3958333333333333,0.18229166666666666,2.533333333333333,8.118421052631579,18.0,2.2527777777777778,14,110,-14.735576510913198,0.24303892859216164,0.05219135802469136,0.6982702442415856,0.2117736507558489,0.16509579444176967,0.05519008576209124,0.06978829836027978,0.4,0.3548387096774194,0.4444444444444444
medium_load,mappo_no_credit,1024,13041,192,90,25,77,0.46875,0.13020833333333334,3.0,7.644444444444445,14.549999999999997,2.1486111111111112,15,110,-11.406580069085944,0.23460133904073555,0.04975308641975308,0.6956161333698735,0.20951601288288596,0.1917413159595822,0.05363914377307076,0.04711148787000179,0.4945054945054945,0.4461538461538462,0.4444444444444444
medium_load,mappo_no_credit,1024,13042,192,93,24,75,0.484375,0.125,3.1,8.172043010752688,18.799999999999983,2.2,16,97,-10.942500373834115,0.23260651632777843,0.050833333333333335,0.6930153794343646,0.1896212139826691,0.1974302451934031,0.05407279324646288,0.048249054007567946,0.5204081632653061,0.4230769230769231,0.47619047619047616
medium_load,mappo_no_credit,1024,13043,192,92,23,77,0.4791666666666667,0.11979166666666667,3.066666666666667,7.869565217391305,14.450000000000003,2.0875,14,111,-11.809865597532754,0.24645287903562887,0.048395061728395056,0.6989876605883899,0.21749991809589334,0.19116416449620782,0.05335554135256252,0.046246109554933086,0.5638297872340425,0.3793103448275862,0.425
medium_load,mappo_no_credit,1024,13044,192,86,27,79,0.4479166666666667,0.140625,2.8666666666666667,8.127906976744185,16.75,2.147222222222222,15,111,-12.565811085363976,0.24621360264960973,0.04978395061728395,0.6833388526728869,0.2083298823353003,0.1806075536377394,0.05278708051647211,0.05271030139451192,0.5510204081632653,0.32727272727272727,0.358974358974359
medium_load,mappo_no_credit,1024,13045,192,90,32,70,0.46875,0.16666666666666666,3.0,7.466666666666667,16.549999999999997,2.0625,11,128,-11.194976948345843,0.20456233802194776,0.04762345679012347,0.6850992135754945,0.237356246408104,0.19189101776563078,0.05417895979758942,0.059424039153141324,0.5104166666666666,0.3392857142857143,0.55
medium_load,mappo_no_credit,1024,13046,192,87,28,77,0.453125,0.14583333333333334,2.9,7.160919540229885,16.700000000000003,2.123611111111111,14,104,-11.348735290326637,0.21871471486404484,0.04919753086419753,0.6837375272040397,0.19316209704754597,0.18568600875102426,0.053806369484123685,0.052854317165462676,0.5217391304347826,0.37142857142857144,0.43333333333333335
medium_load,mappo_no_credit,1024,13047,192,90,24,78,0.46875,0.125,3.0,7.766666666666667,16.549999999999997,2.1430555555555557,16,119,-11.519439936357028,0.23825291856110434,0.04966049382716049,0.6972916379161446,0.22568205329815239,0.19204926437511577,0.05382871368646969,0.04546672267647501,0.49074074074074076,0.3541666666666667,0.5555555555555556
medium_load,mappo_no_credit,1024,13048,192,102,19,71,0.53125,0.09895833333333333,3.4,7.607843137254902,16.0,1.9513888888888888,17,115,-8.533378544447386,0.22569523074886727,0.04518518518518519,0.7100940253988071,0.212703941225613,0.22457091440837565,0.05522597147863446,0.034317001654462956,0.5578947368421052,0.42857142857142855,0.6097560975609756
medium_load,mappo_no_credit,1024,13049,192,80,30,82,0.4166666666666667,0.15625,2.6666666666666665,7.8875,17.0,2.2416666666666667,17,102,-13.378521568114182,0.24322446925472985,0.05197530864197531,0.6993811405694941,0.19848612544432984,0.17728778760512506,0.05613483239656112,0.06036014968290511,0.49056603773584906,0.32142857142857145,0.3333333333333333
medium_load,mappo_no_credit,1024,13050,192,88,26,78,0.4583333333333333,0.13541666666666666,2.933333333333333,6.693181818181818,18.0,1.9638888888888888,17,104,-11.378446486824028,0.2279232092463436,0.04567901234567902,0.7127816061601618,0.20553883136700477,0.1968735375391722,0.05509677737301149,0.05277697921273773,0.5578947368421052,0.38596491228070173,0.325
medium_load,mappo_no_packet_context,7,13001,192,128,6,58,0.6666666666666666,0.03125,4.266666666666667,6.234375,12.649999999999991,1.5305555555555554,13,45,-2.7520750080241165,0.20804292145738137,0.0354320987654321,0.7104504779990776,0.08762186543533293,0.27123194329463673,0.05326057898295316,0.009867724867724867,0.6822429906542056,0.6938775510204082,0.5833333333333334
medium_load,mappo_no_packet_context,7,13002,192,119,10,63,0.6197916666666666,0.052083333333333336,3.966666666666667,6.226890756302521,13.099999999999994,1.6125,16,42,-4.499199559182119,0.1982093607898552,0.03740740740740741,0.7178426359895809,0.08279716857503235,0.24867381815524234,0.05256057448516437,0.019224429537897034,0.7010309278350515,0.5094339622641509,0.5714285714285714
medium_load,mappo_no_packet_context,7,13003,192,119,8,65,0.6197916666666666,0.041666666666666664,3.966666666666667,6.084033613445378,13.0,1.575,15,40,-3.792039386885565,0.2170412048116656,0.0366358024691358,0.7119701114226611,0.08263315717650084,0.2639308993952957,0.054809837845902314,0.014960296984290793,0.625,0.6129032258064516,0.6176470588235294
medium_load,mappo_no_packet_context,7,13004,192,117,8,67,0.609375,0.041666666666666664,3.9,6.230769230769231,13.0,1.5625,15,42,-3.8196805543315557,0.20550201726442496,0.03641975308641975,0.7002980244606719,0.08228404407196974,0.2545228392751613,0.05370599044646116,0.014877061935885465,0.5595238095238095,0.5833333333333334,0.7291666666666666
medium_load,mappo_no_packet_context,7,13005,192,125,7,60,0.6510416666666666,0.036458333333333336,4.166666666666667,6.664,14.0,1.5611111111111111,13,40,-3.3849665133584423,0.22159903793712038,0.036172839506172845,0.7221861582811892,0.08304279111554652,0.2731507350005803,0.05429115360916169,0.012732812423214898,0.6823529411764706,0.5797101449275363,0.7105263157894737
medium_load,mappo_no_packet_context,7,13006,192,121,12,59,0.6302083333333334,0.0625,4.033333333333333,6.206611570247934,12.0,1.5888888888888888,11,48,-4.110202385618358,0.21174552284044,0.036759259259259255,0.7220457098851658,0.09931039734832306,0.26767272788557617,0.055539887144580066,0.022380174291939,0.6363636363636364,0.5689655172413793,0.7142857142857143
medium_load,mappo_no_packet_context,7,13007,192,130,3,59,0.6770833333333334,0.015625,4.333333333333333,6.161538461538462,12.0,1.4805555555555556,13,29,-0.3184302238699368,0.18986747569134735,0.03435185185185185,0.7273191740216579,0.05907994281833291,0.2994035044189844,0.05657704399208618,0.005469556243550052,0.6732673267326733,0.6181818181818182,0.7777777777777778
medium_load,mappo_no_packet_context,7,13008,192,122,6,64,0.6354166666666666,0.03125,4.066666666666666,6.368852459016393,13.0,1.6444444444444444,13,53,-3.3552149275532184,0.198616499370081,0.03814814814814815,0.7084686221832569,0.09754724596308256,0.258066931859165,0.052875870754572445,0.009903998027567822,0.6106194690265486,0.6956521739130435,0.6363636363636364
medium_load,mappo_no_packet_context,7,13009,192,124,6,62,0.6458333333333334,0.03125,4.133333333333334,6.379032258064516,14.0,1.5763888888888888,12,44,-3.101525214562405,0.21546524943653547,0.03657407407407407,0.7108755056302768,0.0877391028590719,0.27080432854039665,0.05407963815072683,0.010937392500859991,0.6868686868686869,0.6333333333333333,0.5454545454545454
medium_load,mappo_no_packet_context,7,13010,192,129,6,57,0.671875,0.03125,4.3,6.612403100775194,13.599999999999994,1.5347222222222223,16,30,-2.532454317031434,0.22027661982445135,0.03549382716049383,0.7023379809934146,0.06000611445657886,0.27775146608350937,0.05418229057480381,0.011328976034858388,0.7252747252747253,0.6338028169014085,0.6
medium_load,mappo_no_packet_context,7,13011,192,120,11,61,0.625,0.057291666666666664,4.0,6.141666666666667,14.0,1.5666666666666667,13,49,-3.715763890394818,0.21893775097225596,0.03632716049382716,0.7147485350070281,0.09808728781252,0.2736633218289565,0.055838452160987935,0.020305195177486197,0.6455696202531646,0.559322033898305,0.6666666666666666
medium_load,mappo_no_packet_context,7,13012,192,124,7,61,0.6458333333333334,0.036458333333333336,4.133333333333334,7.209677419354839,16.849999999999994,1.7444444444444445,12,44,-4.57210901177899,0.2317506367726812,0.04027777777777777,0.7023490495166466,0.08495937713816971,0.2547111651678215,0.05208843560782191,0.01223893065998329,0.6666666666666666,0.6551724137931034,0.5789473684210527
medium_load,mappo_no_packet_context,7,13013,192,114,7,71,0.59375,0.036458333333333336,3.8,6.5,13.349999999999994,1.6944444444444444,14,49,-5.055709160528266,0.225302243149974,0.0394753086419753,0.704334614324216,0.09205510347925208,0.24443652838389682,0.05276352901991564,0.012329762314282436,0.6590909090909091,0.49230769230769234,0.6153846153846154
medium_load,mappo_no_packet_context,7,13014,192,123,9,60,0.640625,0.046875,4.1,6.658536585365853,12.0,1.5763888888888888,12,37,-4.307846569226101,0.23540158261491623,0.036512345679012355,0.7048255424598946,0.07778096888778002,0.2661153843003688,0.05404836608649902,0.018920196733664227,0.6781609195402298,0.6451612903225806,0.5581395348837209
medium_load,mappo_no_packet_context,7,13015,192,117,8,67,0.609375,0.041666666666666664,3.9,6.521367521367521,14.199999999999989,1.6194444444444445,17,46,-4.532461952519417,0.20715872851817208,0.03768518518518519,0.7221829179416763,0.09329139055532246,0.25184676277168533,0.05391712640099453,0.016163632119514472,0.6407766990291263,0.5555555555555556,0.6
medium_load,mappo_no_packet_context,7,13016,192,134,7,51,0.6979166666666666,0.036458333333333336,4.466666666666667,5.567164179104478,14.0,1.3305555555555555,12,29,-0.7829205042616652,0.19018120338955452,0.0307716049382716,0.7152664469131941,0.05908867820632527,0.2953625405095993,0.0550326794762115,0.013534858387799564,0.7472527472527473,0.6307692307692307,0.6944444444444444
medium_load,mappo_no_packet_context,7,13017,192,120,7,65,0.625,0.036458333333333336,4.0,6.275,12.0,1.601388888888889,14,53,-3.648753701782539,0.20715800736661594,0.037222222222222226,0.7273304461722738,0.10736670579162838,0.2667576830347728,0.05505080561916717,0.013780529755761954,0.6808510638297872,0.5272727272727272,0.627906976744186
medium_load,mappo_no_packet_context,7,13018,192,126,10,56,0.65625,0.052083333333333336,4.2,6.119047619047619,12.0,1.5402777777777779,12,36,-2.876048474896589,0.19655261119332276,0.03558641975308642,0.7251269614120531,0.07412913883502117,0.27626972156383917,0.0552047967921834,0.02023809523809524,0.6703296703296703,0.5967741935483871,0.717948717948718
medium_load,mappo_no_packet_context,7,13019,192,118,9,65,0.6145833333333334,0.046875,3.933333333333333,6.0423728813559325,12.149999999999991,1.6083333333333334,17,34,-3.577617050363087,0.2074222976023129,0.03737654320987653,0.73186719807298,0.06917170376922699,0.26972837190329446,0.05687800975789477,0.017965686274509802,0.5851063829787234,0.5862068965517241,0.725
medium_load,mappo_no_packet_context,7,13020,192,116,8,68,0.6041666666666666,0.041666666666666664,3.8666666666666667,6.025862068965517,12.25,1.5888888888888888,13,48,-3.7902861645702166,0.20680044389246083,0.03703703703703703,0.7250900285482846,0.10242023012533848,0.2655724010251874,0.05711022731079987,0.016158758825167492,0.5465116279069767,0.6333333333333333,0.6739130434782609
medium_load,mappo_no_packet_context,7,13021,192,125,9,58,0.6510416666666666,0.046875,4.166666666666667,6.464,13.799999999999997,1.6180555555555556,17,41,-3.369097508459747,0.19565541569905992,0.03737654320987654,0.6994622637307988,0.0787989298283416,0.25784903907581924,0.052175570823700175,0.015868101626615557,0.7127659574468085,0.6,0.5833333333333334
medium_load,mappo_no_packet_context,7,13022,192,119,11,62,0.6197916666666666,0.057291666666666664,3.966666666666667,6.470588235294118,13.0,1.6152777777777778,15,62,-4.613484950343455,0.20423663036458142,0.037438271604938275,0.7162730245169747,0.12504543000286034,0.2552605432636392,0.05378176029983279,0.02079644813390943,0.6633663366336634,0.44642857142857145,0.7714285714285715
medium_load,mappo_no_packet_context,7,13023,192,126,6,60,0.65625,0.03125,4.2,6.341269841269841,13.0,1.5194444444444444,13,48,-3.646189552350545,0.21901860188376485,0.03524691358024691,0.6934905806946027,0.08960903446971558,0.2591243948403391,0.05174159951568101,0.011365525742460726,0.6464646464646465,0.6935483870967742,0.6129032258064516
medium_load,mappo_no_packet_context,7,13024,192,116,16,60,0.6041666666666666,0.08333333333333333,3.8666666666666667,6.172413793103448,12.25,1.6333333333333333,13,50,-5.473586828725474,0.20681738690031215,0.03777777777777777,0.7283659745396025,0.10341628329244429,0.25412496330065987,0.05435254735049374,0.03168085655314758,0.6629213483146067,0.5625,0.5384615384615384
medium_load,mappo_no_packet_context,7,13025,192,117,10,65,0.609375,0.052083333333333336,3.9,6.905982905982906,15.0,1.6958333333333333,17,50,-4.998582401880344,0.22067492462319394,0.03932098765432099,0.6877303226082719,0.09488675783567421,0.2443389021252798,0.051871892968737024,0.01756790036588798,0.648936170212766,0.5,0.6590909090909091
medium_load,mappo_no_packet_context,7,13026,192,118,8,66,0.6145833333333334,0.041666666666666664,3.933333333333333,6.296610169491525,12.0,1.5986111111111112,18,47,-3.627752461976271,0.20381507672129692,0.03719135802469135,0.7213796744638065,0.09392217503285612,0.26398923559527276,0.055047940608204386,0.015178161908038067,0.6476190476190476,0.6153846153846154,0.5142857142857142
medium_load,mappo_no_packet_context,7,13027,192,122,7,63,0.6354166666666666,0.036458333333333336,4.066666666666666,6.204918032786885,12.0,1.5555555555555556,14,49,-3.907536403678403,0.21146200205094018,0.03614197530864197,0.717880462073878,0.10289813586253214,0.2626291895525642,0.05456199984059288,0.01507897603485839,0.6372549019607843,0.6545454545454545,0.6
medium_load,mappo_no_packet_context,7,13028,192,126,7,59,0.65625,0.036458333333333336,4.2,6.428571428571429,13.0,1.5541666666666667,14,47,-3.3401150531297117,0.20798722749175796,0.035987654320987654,0.7095174425578069,0.09264445836814257,0.2658424252619299,0.05341529317976025,0.013807762871230363,0.6981132075471698,0.5806451612903226,0.6666666666666666
medium_load,mappo_no_packet_context,7,13029,192,117,11,64,0.609375,0.057291666666666664,3.9,6.6923076923076925,12.0,1.738888888888889,19,52,-5.526583987548364,0.22190861937049908,0.04024691358024692,0.7140297422074179,0.10490476284980928,0.2469678506907609,0.0537666580365657,0.02033826396055498,0.6145833333333334,0.6415094339622641,0.5581395348837209
medium_load,mappo_no_packet_context,7,13030,192,118,8,66,0.6145833333333334,0.041666666666666664,3.933333333333333,6.423728813559322,14.149999999999991,1.6055555555555556,16,49,-3.6608278833170425,0.2080770527317757,0.03734567901234568,0.7261658676067546,0.10114817271938013,0.2687106198754805,0.056270586841933395,0.01627780644421511,0.5981308411214953,0.5555555555555556,0.7741935483870968
medium_load,mappo_no_packet_context,7,13031,192,118,11,63,0.6145833333333334,0.057291666666666664,3.933333333333333,6.483050847457627,14.0,1.6458333333333333,16,40,-4.31330622443127,0.2193542954408635,0.03814814814814815,0.7231239131624351,0.08161990085364697,0.26578441725113555,0.055487742441206446,0.021019091847265223,0.6947368421052632,0.5333333333333333,0.5405405405405406
medium_load,mappo_no_packet_context,7,13032,192,119,14,59,0.6197916666666666,0.07291666666666667,3.966666666666667,6.6722689075630255,15.099999999999994,1.676388888888889,18,29,-4.850413757625232,0.21820561900679036,0.038703703703703705,0.7142831858745506,0.05712336396546923,0.25686731941375907,0.05394674666170384,0.02614278752436647,0.6344086021505376,0.5645161290322581,0.6756756756756757
medium_load,mappo_no_packet_context,7,13033,192,122,6,64,0.6354166666666666,0.03125,4.066666666666666,6.213114754098361,12.0,1.5430555555555556,12,38,-3.3366250519589338,0.22041138890335385,0.035895061728395065,0.7130883727206381,0.07757687960474337,0.270036563596935,0.055113789693126115,0.012297791361258853,0.5806451612903226,0.676923076923077,0.7058823529411765
medium_load,mappo_no_packet_context,7,13034,192,117,12,63,0.609375,0.0625,3.9,6.247863247863248,12.0,1.6125,13,31,-4.251368873573548,0.20157851558691176,0.03740740740740741,0.7100841303778125,0.0608256264719113,0.2539110397972627,0.05426737028425437,0.022698003177879338,0.6454545454545455,0.5,0.6388888888888888
medium_load,mappo_no_packet_context,7,13035,192,121,9,62,0.6302083333333334,0.046875,4.033333333333333,6.743801652892562,14.0,1.6902777777777778,14,58,-4.4647069679180715,0.21425769367958356,0.03910493827160493,0.6952193133345362,0.11519233604372923,0.25336264240289014,0.052620750062255556,0.01704850361197111,0.65,0.6111111111111112,0.6052631578947368
medium_load,mappo_no_packet_context,7,13036,192,127,7,58,0.6614583333333334,0.036458333333333336,4.233333333333333,6.0236220472440944,11.0,1.4791666666666667,10,36,-2.0560386545876415,0.20500748372579677,0.034290123456790125,0.7077511433818913,0.07376374886436807,0.28301390201932,0.05515439581992401,0.013989541160593791,0.6344086021505376,0.6612903225806451,0.7297297297297297
medium_load,mappo_no_packet_context,7,13037,192,127,5,60,0.6614583333333334,0.026041666666666668,4.233333333333333,6.362204724409449,12.0,1.586111111111111,9,42,-2.4730529711341496,0.207275634881115,0.0367283950617284,0.7012626262509402,0.07960885018547557,0.2727753054765439,0.05392488094989378,0.009690893901420217,0.6962025316455697,0.640625,0.6326530612244898
medium_load,mappo_no_packet_context,7,13038,192,117,10,65,0.609375,0.052083333333333336,3.9,6.2905982905982905,12.199999999999989,1.6180555555555556,14,55,-5.225108486729403,0.21685679649020828,0.0375925925925926,0.7159325706171837,0.10926570605750172,0.24795291553418491,0.05304497236008625,0.01901065981948335,0.6914893617021277,0.5,0.5833333333333334
medium_load,mappo_no_packet_context,7,13039,192,117,12,63,0.609375,0.0625,3.9,6.367521367521367,12.0,1.6902777777777778,13,41,-4.944518710585608,0.21471973040948028,0.039135802469135804,0.7201630914980511,0.08685693935693936,0.2569903816227346,0.05539640168954072,0.02488855371208313,0.6161616161616161,0.6271186440677966,0.5588235294117647
medium_load,mappo_no_packet_context,7,13040,192,119,13,60,0.6197916666666666,0.06770833333333333,3.966666666666667,5.890756302521009,12.0,1.5416666666666667,11,52,-4.434250314534482,0.20902635117324644,0.03574074074074074,0.7083654220992899,0.09936843657431894,0.25778014941714633,0.052975316879116045,0.02319788441692466,0.5529411764705883,0.6774193548387096,0.6666666666666666
medium_load,mappo_no_packet_context,7,13041,192,112,15,65,0.5833333333333334,0.078125,3.7333333333333334,6.723214285714286,13.0,1.6972222222222222,13,41,-6.26121079270386,0.22568014734411168,0.03935185185185185,0.7313000075024427,0.08453981862650592,0.24720943100587062,0.0545663858745876,0.028974826772814384,0.6153846153846154,0.46153846153846156,0.7222222222222222
medium_load,mappo_no_packet_context,7,13042,192,119,9,64,0.6197916666666666,0.046875,3.966666666666667,6.571428571428571,15.0,1.5958333333333334,14,54,-4.753248597930337,0.21620241386097266,0.03706790123456791,0.7048610734020971,0.10637894226516517,0.25107899367574293,0.05272914341232906,0.01788181646927777,0.6428571428571429,0.5769230769230769,0.6190476190476191
medium_load,mappo_no_packet_context,7,13043,192,123,11,58,0.640625,0.057291666666666664,4.1,6.260162601626016,13.899999999999991,1.6125,13,50,-3.983287703335386,0.20636009991747362,0.037253086419753084,0.726099224303351,0.10023101525810503,0.2681761971545253,0.053945098158675334,0.022237878507228352,0.6702127659574468,0.603448275862069,0.625
medium_load,mappo_no_packet_context,7,13044,192,115,10,67,0.5989583333333334,0.052083333333333336,3.8333333333333335,5.921739130434783,11.299999999999997,1.6375,14,46,-3.781594616551407,0.19349787820350495,0.03808641975308643,0.7068187938559622,0.09153963712013248,0.2553310211746745,0.05455153910617119,0.01778785198289842,0.673469387755102,0.6,0.41025641025641024
medium_load,mappo_no_packet_context,7,13045,192,120,6,66,0.625,0.03125,4.0,6.108333333333333,12.0,1.5361111111111112,16,41,-2.866092569970003,0.20772795369998012,0.03580246913580247,0.7238871931626147,0.08217026666717069,0.2735474391163245,0.055654635209904296,0.011159127393647517,0.5520833333333334,0.6607142857142857,0.75
medium_load,mappo_no_packet_context,7,13046,192,125,8,59,0.6510416666666666,0.041666666666666664,4.166666666666667,6.488,12.0,1.6208333333333333,17,59,-4.484291681552751,0.22193839647625144,0.03746913580246913,0.691276386042499,0.10962809392762952,0.25304171533660696,0.051529372348973874,0.015464682949203074,0.6630434782608695,0.6285714285714286,0.6666666666666666
medium_load,mappo_no_packet_context,7,13047,192,125,7,60,0.6510416666666666,0.036458333333333336,4.166666666666667,5.976,12.0,1.5055555555555555,15,35,-2.02643306221986,0.19598680287571246,0.034938271604938266,0.7230544253600903,0.07465364013351629,0.282687111220393,0.05601679047979943,0.013462475633528266,0.6203703703703703,0.6666666666666666,0.7222222222222222
medium_load,mappo_no_packet_context,7,13048,192,121,4,67,0.6302083333333334,0.020833333333333332,4.033333333333333,6.628099173553719,14.0,1.6333333333333333,20,41,-3.1434820423461174,0.21704334413617296,0.03799382716049383,0.7360006410180604,0.08511264334793746,0.2740782012105542,0.055977078308542184,0.007440087145969498,0.5894736842105263,0.6785714285714286,0.6585365853658537
medium_load,mappo_no_packet_context,7,13049,192,119,9,64,0.6197916666666666,0.046875,3.966666666666667,6.907563025210084,14.0,1.676388888888889,16,30,-4.029128020549077,0.22064769137417295,0.03885802469135803,0.7067486923638403,0.05989345535785164,0.26125391464400755,0.054198226999055965,0.017152562779497765,0.6320754716981132,0.625,0.5666666666666667
medium_load,mappo_no_packet_context,7,13050,192,121,12,59,0.6302083333333334,0.0625,4.033333333333333,5.859504132231405,12.0,1.5277777777777777,19,57,-3.196322648067164,0.19935043480780823,0.03540123456790124,0.7121162899570894,0.10676529653696835,0.2727564732595693,0.05440794594598287,0.020766806722689077,0.6736842105263158,0.6666666666666666,0.475
medium_load,mappo_no_packet_context,42,13001,192,131,6,55,0.6822916666666666,0.03125,4.366666666666666,6.366412213740458,11.5,1.5180555555555555,13,46,-2.357575644023679,0.20220356259963868,0.03506172839506173,0.6939144153709021,0.0912318873077387,0.27094966250926006,0.05216492702360554,0.009906078327130958,0.7102803738317757,0.6938775510204082,0.5833333333333334
medium_load,mappo_no_packet_context,42,13002,192,126,9,57,0.65625,0.046875,4.2,6.031746031746032,12.0,1.5180555555555555,14,68,-3.9089561920511193,0.19975735887635723,0.03512345679012346,0.705300781571241,0.13447399750805322,0.25776787511307636,0.05125441825771239,0.01665376676986584,0.7216494845360825,0.5471698113207547,0.6428571428571429
medium_load,mappo_no_packet_context,42,13003,192,124,6,62,0.6458333333333334,0.03125,4.133333333333334,5.75,12.0,1.5083333333333333,14,53,-3.294767183751462,0.21387978572515992,0.03506172839506173,0.7036831081506932,0.10419602298859264,0.2655655494316485,0.05354722000727814,0.010496011270005079,0.6458333333333334,0.6290322580645161,0.6764705882352942
medium_load,mappo_no_packet_context,42,13004,192,122,6,64,0.6354166666666666,0.03125,4.066666666666666,6.065573770491803,12.0,1.5097222222222222,13,69,-3.8026596160455273,0.2215712124389811,0.03515432098765432,0.6752888767611793,0.13008792563359126,0.256219166253996,0.05202039671509787,0.010317460317460317,0.5952380952380952,0.6166666666666667,0.7291666666666666
medium_load,mappo_no_packet_context,42,13005,192,127,8,57,0.6614583333333334,0.041666666666666664,4.233333333333333,6.330708661417323,12.0,1.5083333333333333,11,70,-3.3653780459693277,0.21195791297310632,0.0349074074074074,0.7110538109254344,0.13328616601836416,0.2718007279384988,0.053070918510283886,0.014202827329762312,0.6941176470588235,0.6231884057971014,0.6578947368421053
medium_load,mappo_no_packet_context,42,13006,192,125,10,57,0.6510416666666666,0.052083333333333336,4.166666666666667,6.424,13.799999999999997,1.5569444444444445,13,64,-3.3156716884646475,0.20740863229127554,0.035987654320987654,0.7264369754892633,0.13348417291915743,0.28033502359353757,0.05615281097322216,0.01973153881435615,0.6767676767676768,0.5862068965517241,0.6857142857142857
medium_load,mappo_no_packet_context,42,13007,192,132,3,57,0.6875,0.015625,4.4,5.833333333333333,11.0,1.4152777777777779,10,53,-0.2801148631428389,0.18309994921761155,0.032839506172839504,0.7110473358526777,0.10517303975121314,0.29648103244078466,0.055193551827717825,0.0054250208855472016,0.7128712871287128,0.6,0.75
medium_load,mappo_no_packet_context,42,13008,192,129,6,57,0.671875,0.03125,4.3,6.271317829457364,12.599999999999994,1.5194444444444444,13,63,-2.1761212949105966,0.194051816568043,0.03515432098765432,0.7127350008896004,0.12437612768495122,0.2798673922396833,0.054552798164950796,0.011699440909967227,0.672566371681416,0.6956521739130435,0.6363636363636364
medium_load,mappo_no_packet_context,42,13009,192,123,5,64,0.640625,0.026041666666666668,4.1,6.235772357723577,12.0,1.5458333333333334,11,40,-3.101239502246631,0.21234205815324786,0.03595679012345679,0.7194176388588553,0.08061494863352449,0.26871610430046966,0.054284467805809616,0.009219556243550052,0.6666666666666666,0.6333333333333333,0.5757575757575758
medium_load,mappo_no_packet_context,42,13010,192,130,8,54,0.6770833333333334,0.041666666666666664,4.333333333333333,6.3307692307692305,11.549999999999997,1.4819444444444445,14,56,-2.7457213408179926,0.2151153119216195,0.034228395061728395,0.6887383001228071,0.10664682539682539,0.275064012784601,0.053478396319120644,0.014053843759726114,0.7362637362637363,0.6197183098591549,0.6333333333333333
medium_load,mappo_no_packet_context,42,13011,192,135,9,48,0.703125,0.046875,4.5,5.637037037037037,12.0,1.4,11,48,-1.157084911533235,0.2012786385375373,0.03222222222222222,0.7007988458743635,0.09611485650572336,0.29708132381894,0.05444444114691407,0.015304445010327362,0.7341772151898734,0.6610169491525424,0.7037037037037037
medium_load,mappo_no_packet_context,42,13012,192,132,7,53,0.6875,0.036458333333333336,4.4,7.159090909090909,15.0,1.6916666666666667,10,77,-4.023264726400111,0.22520218710734202,0.03885802469135802,0.6910629461938945,0.14281678933381717,0.26303230423973456,0.05102771760391273,0.01234361155413787,0.7291666666666666,0.6724137931034483,0.6052631578947368
medium_load,mappo_no_packet_context,42,13013,192,118,6,68,0.6145833333333334,0.03125,3.933333333333333,6.576271186440678,12.149999999999991,1.6666666666666667,12,56,-4.20513878992414,0.2152612393954142,0.038765432098765436,0.6975502864806086,0.10548996110528618,0.25134983036685826,0.05219818564050064,0.010752207315674807,0.6704545454545454,0.5384615384615384,0.6153846153846154
medium_load,mappo_no_packet_context,42,13014,192,127,8,57,0.6614583333333334,0.041666666666666664,4.233333333333333,6.6299212598425195,11.699999999999989,1.5569444444444445,11,56,-3.8442729473767066,0.22052163669627706,0.035987654320987654,0.6986720061758387,0.10908299374630642,0.2635081986010779,0.051909694857766184,0.014751748652677444,0.7126436781609196,0.6451612903225806,0.5813953488372093
medium_load,mappo_no_packet_context,42,13015,192,123,7,62,0.640625,0.036458333333333336,4.1,6.276422764227642,12.0,1.5375,13,43,-3.6269373489324224,0.20197921831148344,0.035709876543209874,0.718163780413039,0.08333973445428554,0.25800412607688145,0.052451433872591734,0.012682031877078314,0.6893203883495146,0.5925925925925926,0.5714285714285714
medium_load,mappo_no_packet_context,42,13016,192,134,9,49,0.6979166666666666,0.046875,4.466666666666667,5.6716417910447765,11.349999999999994,1.363888888888889,10,47,-1.6603270511373764,0.1929808364981137,0.03145061728395062,0.6903277363621568,0.0839700275071792,0.2807774463811615,0.052585704089884826,0.01577067669172932,0.7472527472527473,0.6153846153846154,0.7222222222222222
medium_load,mappo_no_packet_context,42,13017,192,125,4,63,0.6510416666666666,0.020833333333333332,4.166666666666667,6.4,12.0,1.551388888888889,15,60,-2.926079239604494,0.21156274173187392,0.036049382716049384,0.721803966525166,0.11763833847038181,0.2734045880446809,0.054162446575299755,0.007048503611971104,0.6808510638297872,0.6363636363636364,0.6046511627906976
medium_load,mappo_no_packet_context,42,13018,192,125,8,59,0.6510416666666666,0.041666666666666664,4.166666666666667,6.232,12.0,1.5611111111111111,10,63,-3.053047062594964,0.20273097922399666,0.03614197530864197,0.714719205568297,0.12456974670209964,0.2739674459527401,0.05468333501386637,0.015158341114223468,0.6483516483516484,0.6129032258064516,0.717948717948718
medium_load,mappo_no_packet_context,42,13019,192,120,10,62,0.625,0.052083333333333336,4.0,6.033333333333333,13.0,1.586111111111111,14,45,-3.4925739005743273,0.2081000521725813,0.036790123456790114,0.7248130438381309,0.09269357248072416,0.2729714522090683,0.056622528632108336,0.01911119711042312,0.6276595744680851,0.5862068965517241,0.675
medium_load,mappo_no_packet_context,42,13020,192,120,8,64,0.625,0.041666666666666664,4.0,5.966666666666667,12.0,1.5291666666666666,11,65,-3.1228003434020266,0.2092361101004247,0.03558641975308642,0.7028749756878389,0.1397577147654547,0.2741257930809014,0.05627331228550312,0.014811661506707947,0.5813953488372093,0.65,0.6739130434782609
medium_load,mappo_no_packet_context,42,13021,192,129,8,55,0.671875,0.041666666666666664,4.3,6.4728682170542635,13.0,1.5708333333333333,16,53,-3.114365873313213,0.19855173604304,0.03623456790123456,0.6985289684464772,0.09933330057169067,0.263896157878356,0.051888214601244806,0.014872577686045179,0.6914893617021277,0.58,0.7291666666666666
medium_load,mappo_no_packet_context,42,13022,192,124,10,58,0.6458333333333334,0.052083333333333336,4.133333333333334,6.467741935483871,12.0,1.6055555555555556,13,60,-4.0499221123608535,0.2051346586589882,0.037098765432098765,0.6997030177860917,0.1131654187459141,0.25583636994240705,0.052103174316247274,0.017080781275827718,0.6732673267326733,0.48214285714285715,0.8285714285714286
medium_load,mappo_no_packet_context,42,13023,192,131,4,57,0.6822916666666666,0.020833333333333332,4.366666666666666,6.488549618320611,12.5,1.5027777777777778,13,51,-2.896031488867997,0.21988362924440527,0.03478395061728394,0.6976226764145302,0.09648248480678821,0.26949162120988746,0.05181456615537108,0.007258771929824561,0.6363636363636364,0.7741935483870968,0.6451612903225806
medium_load,mappo_no_packet_context,42,13024,192,122,14,56,0.6354166666666666,0.07291666666666667,4.066666666666666,5.852459016393443,11.0,1.5597222222222222,12,59,-4.637450236428874,0.20630458641631766,0.03601851851851852,0.7150382692199574,0.11952232737449456,0.26221593608203514,0.05410575208784249,0.028529985093452583,0.6741573033707865,0.609375,0.5897435897435898
medium_load,mappo_no_packet_context,42,13025,192,127,7,58,0.6614583333333334,0.036458333333333336,4.233333333333333,6.543307086614173,12.0,1.6055555555555556,15,45,-3.4869223646441543,0.21543739418399158,0.03709876543209877,0.67742816944598,0.08813465917181089,0.257007439728028,0.0507057445533374,0.011858813700918963,0.7127659574468085,0.5740740740740741,0.6590909090909091
medium_load,mappo_no_packet_context,42,13026,192,123,7,62,0.640625,0.036458333333333336,4.1,6.382113821138211,11.899999999999991,1.5597222222222222,14,63,-3.3818452340460405,0.19977350438885685,0.0362037037037037,0.7088451628637252,0.12128742702659111,0.26272426289454154,0.053341828094831775,0.012712991629400297,0.6571428571428571,0.6346153846153846,0.6
medium_load,mappo_no_packet_context,42,13027,192,125,9,58,0.6510416666666666,0.046875,4.166666666666667,6.4,12.0,1.5347222222222223,14,58,-3.54282226020633,0.20926969519541638,0.0355246913580247,0.7044465269544334,0.11887402329352792,0.2677354743066817,0.05367007429340706,0.01725525005323767,0.6666666666666666,0.6181818181818182,0.6571428571428571
medium_load,mappo_no_packet_context,42,13028,192,127,6,59,0.6614583333333334,0.03125,4.233333333333333,6.228346456692913,11.0,1.5263888888888888,13,71,-3.0725350747527838,0.20308038700914188,0.03537037037037037,0.7049880074701255,0.1403216185259529,0.27045188385745667,0.05366508647295379,0.013010042073509566,0.6792452830188679,0.6129032258064516,0.7083333333333334
medium_load,mappo_no_packet_context,42,13029,192,120,10,62,0.625,0.052083333333333336,4.0,6.941666666666666,14.049999999999997,1.6875,14,54,-4.92066491156755,0.2203923683729599,0.03904320987654321,0.7100118484373417,0.10698314098468895,0.2530913775766717,0.0528745861956454,0.01844398578144708,0.6458333333333334,0.6037735849056604,0.6046511627906976
medium_load,mappo_no_packet_context,42,13030,192,122,6,64,0.6354166666666666,0.03125,4.066666666666666,6.278688524590164,12.0,1.5277777777777777,14,59,-3.0256849955254923,0.20231759699759783,0.035555555555555556,0.7119080786067777,0.12257690394687298,0.2695178074705939,0.055164717413504503,0.011571924091273937,0.6261682242990654,0.5555555555555556,0.8064516129032258
medium_load,mappo_no_packet_context,42,13031,192,124,10,58,0.6458333333333334,0.052083333333333336,4.133333333333334,6.645161290322581,12.0,1.6236111111111111,15,50,-3.8616712310508223,0.22170800669266116,0.0375,0.7172413510305511,0.09966922468083458,0.27234152743827666,0.05523936385869445,0.018809482857470472,0.7368421052631579,0.5666666666666667,0.5405405405405406
medium_load,mappo_no_packet_context,42,13032,192,121,14,57,0.6302083333333334,0.07291666666666667,4.033333333333333,6.570247933884297,14.0,1.6388888888888888,15,47,-4.545648230108996,0.21294440843182325,0.03780864197530864,0.701540724155457,0.0935200417630758,0.25752024606513774,0.05351813550409747,0.02427229690387585,0.6559139784946236,0.5483870967741935,0.7027027027027027
medium_load,mappo_no_packet_context,42,13033,192,128,5,59,0.6666666666666666,0.026041666666666668,4.266666666666667,6.0625,11.0,1.4805555555555556,9,71,-2.9938721836394837,0.21254613847779077,0.034351851851851856,0.682899683215161,0.13502019408753155,0.2661061133855252,0.05202879096701398,0.009161793372319687,0.6344086021505376,0.7230769230769231,0.6470588235294118
medium_load,mappo_no_packet_context,42,13034,192,124,8,60,0.6458333333333334,0.041666666666666664,4.133333333333334,6.637096774193548,12.0,1.601388888888889,12,54,-3.84793328593395,0.21371685387713837,0.03706790123456791,0.7031537196653942,0.10910647659873664,0.26225398368974223,0.05351492106083973,0.015325794060314183,0.6545454545454545,0.5652173913043478,0.7222222222222222
medium_load,mappo_no_packet_context,42,13035,192,127,8,57,0.6614583333333334,0.041666666666666664,4.233333333333333,6.6299212598425195,14.699999999999989,1.601388888888889,13,55,-3.3131276564470076,0.20758386307689755,0.03697530864197531,0.7003174344638544,0.10605633773977427,0.2666386916890013,0.05287516302763213,0.014946680426556587,0.69,0.6111111111111112,0.6578947368421053
medium_load,mappo_no_packet_context,42,13036,192,124,9,59,0.6458333333333334,0.046875,4.133333333333334,5.846774193548387,12.0,1.475,11,48,-2.8548277732610883,0.19690304857350208,0.034228395061728395,0.6930168880035602,0.09013840218948577,0.26645933100267466,0.05284039078862451,0.016986829819647158,0.6451612903225806,0.6129032258064516,0.7027027027027027
medium_load,mappo_no_packet_context,42,13037,192,132,4,56,0.6875,0.020833333333333332,4.4,6.409090909090909,12.0,1.5152777777777777,9,48,-2.0840462626344194,0.21007271091604468,0.03503086419753086,0.6964535265712052,0.08789264227344722,0.27651750525589536,0.05299447244949553,0.006650539003480181,0.7721518987341772,0.65625,0.5918367346938775
medium_load,mappo_no_packet_context,42,13038,192,117,12,63,0.609375,0.0625,3.9,6.52991452991453,12.0,1.65,13,74,-5.4915367266356645,0.2201955931589304,0.038240740740740735,0.699346144036894,0.14303753350192977,0.24781613882620074,0.05301175721251576,0.022156780840991368,0.7127659574468085,0.4838709677419355,0.5555555555555556
medium_load,mappo_no_packet_context,42,13039,192,125,11,56,0.6510416666666666,0.057291666666666664,4.166666666666667,5.808,10.799999999999997,1.5361111111111112,13,49,-3.2026660123862665,0.1925115264769673,0.03549382716049383,0.7126100549521021,0.10042625102222624,0.2707533781721088,0.05488216227359741,0.02273860398860399,0.6666666666666666,0.6101694915254238,0.6764705882352942
medium_load,mappo_no_packet_context,42,13040,192,128,12,52,0.6666666666666666,0.0625,4.266666666666667,6.15625,12.0,1.5041666666666667,9,75,-3.8221569464758214,0.2190401820118614,0.03466049382716049,0.6970983024710652,0.14657410400057458,0.2730737319669208,0.05295848701513122,0.02181214883614264,0.6352941176470588,0.7096774193548387,0.6666666666666666
medium_load,mappo_no_packet_context,42,13041,192,123,8,61,0.640625,0.041666666666666664,4.1,6.829268292682927,12.0,1.6402777777777777,14,55,-4.3612199575712784,0.22608033089023027,0.03796296296296296,0.7150031800617157,0.11040276816979602,0.26181109353322973,0.05285158342686377,0.013839091192032367,0.6593406593406593,0.5538461538461539,0.75
medium_load,mappo_no_packet_context,42,13042,192,123,7,62,0.640625,0.036458333333333336,4.1,6.520325203252033,12.0,1.5944444444444446,13,66,-4.419702985524302,0.22197529723916967,0.036975308641975305,0.6967464293347401,0.12831932773109245,0.2543636476182916,0.05199819120664955,0.012629142300194933,0.6428571428571429,0.6346153846153846,0.6428571428571429
medium_load,mappo_no_packet_context,42,13043,192,124,9,59,0.6458333333333334,0.046875,4.133333333333334,6.088709677419355,11.849999999999994,1.551388888888889,10,65,-3.6914098258860975,0.19881381086938013,0.035925925925925924,0.7132121275429755,0.12489165346750486,0.2621630354795989,0.052482229674605,0.01649294805641555,0.6702127659574468,0.6379310344827587,0.6
medium_load,mappo_no_packet_context,42,13044,192,125,7,60,0.6510416666666666,0.036458333333333336,4.166666666666667,5.848,12.0,1.5333333333333334,12,58,-2.4106013501664907,0.20146160624885334,0.03555555555555556,0.7063822410004386,0.1153312081795054,0.2790347107026674,0.055196208329283895,0.01336988304093567,0.7040816326530612,0.7090909090909091,0.4358974358974359
medium_load,mappo_no_packet_context,42,13045,192,119,8,65,0.6197916666666666,0.041666666666666664,3.966666666666667,6.201680672268908,12.099999999999994,1.5930555555555554,14,49,-3.9102162466915513,0.22062523228286707,0.03703703703703703,0.7131830944905527,0.09382671579653004,0.2647915209718616,0.054571782107289774,0.014427326486150015,0.5520833333333334,0.6785714285714286,0.7
medium_load,mappo_no_packet_context,42,13046,192,123,9,60,0.640625,0.046875,4.1,6.4227642276422765,12.0,1.5833333333333333,14,70,-4.929625456067589,0.2266406038267249,0.03666666666666666,0.6740395275933239,0.1270498597549681,0.2459322482929294,0.05043617927689412,0.01636902714302095,0.6630434782608695,0.6142857142857143,0.6333333333333333
medium_load,mappo_no_packet_context,42,13047,192,127,5,60,0.6614583333333334,0.026041666666666668,4.233333333333333,6.086614173228346,12.0,1.4902777777777778,13,66,-2.305408801777371,0.19879841888921904,0.03459876543209876,0.7150364865125947,0.13627107140652034,0.2791144391957085,0.054794297836557725,0.009173259947253756,0.6018518518518519,0.7291666666666666,0.75
medium_load,mappo_no_packet_context,42,13048,192,123,6,63,0.640625,0.03125,4.1,6.162601626016261,12.0,1.5819444444444444,15,53,-3.2987700867883833,0.20970430183438626,0.0367283950617284,0.7213583996703432,0.10573926646682064,0.2691866007229784,0.05443752931165239,0.010987190197716512,0.6105263157894737,0.6785714285714286,0.6585365853658537
medium_load,mappo_no_packet_context,42,13049,192,125,7,60,0.6510416666666666,0.036458333333333336,4.166666666666667,6.584,12.0,1.5666666666666667,15,34,-3.069386334610636,0.21632683990897147,0.0362962962962963,0.7085003678207283,0.06933091747720231,0.2718335100571942,0.05407003657462713,0.013546324962733633,0.660377358490566,0.6785714285714286,0.5666666666666667
medium_load,mappo_no_packet_context,42,13050,192,126,10,56,0.65625,0.052083333333333336,4.2,6.015873015873016,13.0,1.4902777777777778,15,60,-2.9579695338761756,0.20849556313663953,0.03447530864197531,0.6999612493774177,0.11378282922787566,0.2747756735295435,0.05343001679635249,0.016997164628743577,0.6947368421052632,0.631578947368421,0.6
medium_load,mappo_no_packet_context,1024,13001,192,116,10,66,0.6041666666666666,0.052083333333333336,3.8666666666666667,6.293103448275862,12.25,1.6513888888888888,12,74,-4.527398006792787,0.20241081177045878,0.0383641975308642,0.6963916149796371,0.1315430431319178,0.2473203256675124,0.052472957804116885,0.016350018268176836,0.6355140186915887,0.5918367346938775,0.5277777777777778
medium_load,mappo_no_packet_context,1024,13002,192,110,15,67,0.5729166666666666,0.078125,3.6666666666666665,6.818181818181818,14.0,1.7763888888888888,17,65,-6.8108707004933144,0.2155746815831515,0.041172839506172836,0.7057820626538216,0.12076609106407867,0.22791713589701204,0.05194753462540772,0.026055669476722106,0.6597938144329897,0.41509433962264153,0.5714285714285714
medium_load,mappo_no_packet_context,1024,13003,192,112,7,73,0.5833333333333334,0.036458333333333336,3.7333333333333334,6.383928571428571,12.449999999999989,1.6861111111111111,14,58,-5.813331376389244,0.2464598270982833,0.03935185185185185,0.7062567970904934,0.11105326189691515,0.2445631685995463,0.053670891422999495,0.01212830054935318,0.5833333333333334,0.5967741935483871,0.5588235294117647
medium_load,mappo_no_packet_context,1024,13004,192,118,6,68,0.6145833333333334,0.03125,3.933333333333333,5.9576271186440675,12.149999999999991,1.5166666666666666,14,58,-3.621945707681064,0.20766640971424943,0.035432098765432095,0.6857764034238919,0.10579956836535782,0.25293584325318075,0.05256456276515251,0.01064327485380117,0.5595238095238095,0.6166666666666667,0.7083333333333334
medium_load,mappo_no_packet_context,1024,13005,192,116,8,68,0.6041666666666666,0.041666666666666664,3.8666666666666667,6.698275862068965,16.0,1.6541666666666666,14,65,-4.772518809148335,0.22812325046715953,0.038487654320987656,0.7077020285115337,0.12272832172986974,0.25586389129732784,0.05391326079334941,0.014055182147287409,0.6352941176470588,0.5652173913043478,0.6052631578947368
medium_load,mappo_no_packet_context,1024,13006,192,110,16,66,0.5729166666666666,0.08333333333333333,3.6666666666666665,5.872727272727273,12.099999999999994,1.6972222222222222,11,58,-5.71607243710883,0.19832570127388882,0.03938271604938271,0.7232442594561348,0.11082161317068435,0.24463577243763002,0.054992518210042335,0.030344857241142068,0.5959595959595959,0.5172413793103449,0.6
medium_load,mappo_no_packet_context,1024,13007,192,123,4,65,0.640625,0.020833333333333332,4.1,6.300813008130081,13.899999999999991,1.5625,9,65,-1.757166165651114,0.18710256510967493,0.03635802469135802,0.7111460800417526,0.11418264692611847,0.27782971537194856,0.054998731576482086,0.007066604419545596,0.6435643564356436,0.6,0.6944444444444444
medium_load,mappo_no_packet_context,1024,13008,192,125,6,61,0.6510416666666666,0.03125,4.166666666666667,6.712,15.0,1.6597222222222223,13,87,-2.941143259393593,0.19872576474003736,0.03839506172839506,0.7101667803950679,0.16349894242224974,0.27270120009637444,0.054735727925214236,0.01037097162097162,0.6548672566371682,0.6521739130434783,0.6363636363636364
medium_load,mappo_no_packet_context,1024,13009,192,117,9,66,0.609375,0.046875,3.9,5.931623931623932,14.0,1.5777777777777777,13,47,-3.8336156722824,0.197448645520191,0.0367283950617284,0.7165976137872001,0.09381837102812336,0.258322498365068,0.05482730248987391,0.017527806444215113,0.6363636363636364,0.6,0.5454545454545454
medium_load,mappo_no_packet_context,1024,13010,192,120,11,61,0.625,0.057291666666666664,4.0,6.65,13.0,1.6180555555555556,16,51,-4.354652923105664,0.22155771157567786,0.03746913580246914,0.6952380842392214,0.09613090355350419,0.2580738815994234,0.05361264761226844,0.01878167641325536,0.7032967032967034,0.5492957746478874,0.5666666666666667
medium_load,mappo_no_packet_context,1024,13011,192,112,19,61,0.5833333333333334,0.09895833333333333,3.7333333333333334,5.616071428571429,13.0,1.586111111111111,13,93,-4.82789312930597,0.18311386684834285,0.03675925925925926,0.6982394227224489,0.17200974578683556,0.25232926172554654,0.0547240245372472,0.03203647859994609,0.620253164556962,0.4745762711864407,0.6481481481481481
medium_load,mappo_no_packet_context,1024,13012,192,116,11,65,0.6041666666666666,0.057291666666666664,3.8666666666666667,6.793103448275862,12.25,1.8305555555555555,10,74,-6.038692778944806,0.22464769348274202,0.04231481481481481,0.6943348276125605,0.12813908099124818,0.23577436853365646,0.05093757734280841,0.018224981646034276,0.625,0.6206896551724138,0.5263157894736842
medium_load,mappo_no_packet_context,1024,13013,192,116,13,63,0.6041666666666666,0.06770833333333333,3.8666666666666667,6.568965517241379,14.0,1.7041666666666666,13,67,-5.0224197237859896,0.20769799035025147,0.039444444444444435,0.6929085405058263,0.11875945677416265,0.24582654001771648,0.052158289232121464,0.022195767195767192,0.6931818181818182,0.47692307692307695,0.6153846153846154
medium_load,mappo_no_packet_context,1024,13014,192,116,11,65,0.6041666666666666,0.057291666666666664,3.8666666666666667,6.5344827586206895,11.25,1.6291666666666667,12,67,-5.3782020896618326,0.2251374939101341,0.0378395061728395,0.68088301639531,0.12672129212376892,0.24374985852927028,0.05214190822297224,0.02018203187707832,0.6436781609195402,0.5806451612903226,0.5581395348837209
medium_load,mappo_no_packet_context,1024,13015,192,108,11,73,0.5625,0.057291666666666664,3.6,6.87962962962963,12.0,1.7597222222222222,16,83,-6.739671372748379,0.2247575737477627,0.04098765432098766,0.7031001882466569,0.14832387627279267,0.22891412050854776,0.05236746857933797,0.01924232000083393,0.5825242718446602,0.5185185185185185,0.5714285714285714
medium_load,mappo_no_packet_context,1024,13016,192,124,9,59,0.6458333333333334,0.046875,4.133333333333334,5.887096774193548,12.0,1.4694444444444446,13,45,-2.786692216018399,0.20109393233264036,0.03410493827160494,0.7083910990766076,0.08539752630696902,0.273683090645165,0.054972049208878215,0.017552889576883383,0.6593406593406593,0.6,0.6944444444444444
medium_load,mappo_no_packet_context,1024,13017,192,119,10,63,0.6197916666666666,0.052083333333333336,3.966666666666667,6.226890756302521,13.099999999999994,1.6736111111111112,14,48,-4.159736792853187,0.20603086297995,0.038765432098765436,0.7293835331995058,0.09583334192467317,0.2630360364609591,0.05612834157886321,0.019107744107744108,0.6595744680851063,0.5272727272727272,0.6511627906976745
medium_load,mappo_no_packet_context,1024,13018,192,114,12,66,0.59375,0.0625,3.8,6.517543859649122,14.349999999999994,1.7055555555555555,11,74,-5.567929585208034,0.21332597994108785,0.0395679012345679,0.7098587731891466,0.14031124108388882,0.24570425732341875,0.054276609722490064,0.0218032853873815,0.5824175824175825,0.532258064516129,0.717948717948718
medium_load,mappo_no_packet_context,1024,13019,192,106,17,69,0.5520833333333334,0.08854166666666667,3.533333333333333,6.122641509433962,14.75,1.711111111111111,15,60,-6.309094920098405,0.210080256543633,0.039783950617283945,0.7083916586357756,0.1134249478018828,0.23887502976899264,0.05508414820980535,0.031878286402280215,0.5957446808510638,0.4827586206896552,0.55
medium_load,mappo_no_packet_context,1024,13020,192,109,14,69,0.5677083333333334,0.07291666666666667,3.6333333333333333,5.8807339449541285,12.0,1.6319444444444444,12,72,-4.8228755206794816,0.19947476341958756,0.038024691358024686,0.713004173570378,0.13396659870344077,0.2542637065663381,0.0563115856687296,0.025234424444950766,0.5348837209302325,0.55,0.6521739130434783
medium_load,mappo_no_packet_context,1024,13021,192,110,10,72,0.5729166666666666,0.052083333333333336,3.6666666666666665,6.390909090909091,13.549999999999997,1.7152777777777777,17,73,-5.649117103038448,0.19886893847946624,0.03996913580246914,0.6931216090698651,0.12799442115618587,0.22743724140782967,0.05180250662580863,0.01749709985004103,0.6063829787234043,0.56,0.5208333333333334
medium_load,mappo_no_packet_context,1024,13022,192,106,17,69,0.5520833333333334,0.08854166666666667,3.533333333333333,6.660377358490566,13.75,1.7680555555555555,15,84,-7.138851124162369,0.20268291278782335,0.04104938271604938,0.6975188821860765,0.14758275061512374,0.21902406922009157,0.05135590300112276,0.02853792105104529,0.6138613861386139,0.3392857142857143,0.7142857142857143
medium_load,mappo_no_packet_context,1024,13023,192,123,8,61,0.640625,0.041666666666666664,4.1,6.626016260162602,14.0,1.636111111111111,15,89,-4.658124260517112,0.22638237333652592,0.03787037037037037,0.670819341925069,0.1460207682106659,0.24881671039060996,0.05047960837772469,0.013281887194930675,0.6262626262626263,0.7096774193548387,0.5483870967741935
medium_load,mappo_no_packet_context,1024,13024,192,108,20,64,0.5625,0.10416666666666667,3.6,5.712962962962963,11.649999999999991,1.6888888888888889,14,59,-6.929141623770175,0.19816783547627775,0.03913580246913581,0.7178609391079541,0.11379673889348813,0.23136967922571638,0.05347168704436875,0.03859864121087031,0.6292134831460674,0.484375,0.5384615384615384
medium_load,mappo_no_packet_context,1024,13025,192,114,10,68,0.59375,0.052083333333333336,3.8,6.921052631578948,14.0,1.7361111111111112,14,62,-5.764712742387223,0.22699612208681408,0.04030864197530863,0.6762073731841357,0.11347173069174685,0.23420343601996585,0.0513541713591366,0.017693738959723614,0.6170212765957447,0.5370370370370371,0.6136363636363636
medium_load,mappo_no_packet_context,1024,13026,192,115,8,69,0.5989583333333334,0.041666666666666664,3.8333333333333335,6.426086956521739,14.299999999999997,1.6166666666666667,15,68,-4.3931945002572235,0.2097945142813033,0.03768518518518518,0.7054157305653063,0.1274640031451177,0.2532374803272636,0.05379955549158893,0.014695746719740528,0.6190476190476191,0.5769230769230769,0.5714285714285714
medium_load,mappo_no_packet_context,1024,13027,192,114,11,67,0.59375,0.057291666666666664,3.8,6.175438596491228,12.699999999999989,1.6541666666666666,13,61,-5.058783871060624,0.20589156457469984,0.03845679012345679,0.7077726485917023,0.12208996312711484,0.24730692825120068,0.05369561789323886,0.021454555076846103,0.6176470588235294,0.6,0.5142857142857142
medium_load,mappo_no_packet_context,1024,13028,192,110,12,70,0.5729166666666666,0.0625,3.6666666666666665,6.4,12.0,1.7069444444444444,12,77,-6.332434965804597,0.2144078802785291,0.03972222222222223,0.693192324210718,0.13387590989573087,0.22721119336982837,0.05092459928459688,0.020427045098602506,0.5849056603773585,0.5,0.7083333333333334
medium_load,mappo_no_packet_context,1024,13029,192,116,11,65,0.6041666666666666,0.057291666666666664,3.8666666666666667,6.9655172413793105,14.25,1.7847222222222223,15,63,-6.001480075161689,0.2282172436618029,0.041296296296296296,0.7142037185122565,0.12009500876373942,0.24392185586458034,0.05329280702502208,0.020094312578832704,0.5833333333333334,0.6226415094339622,0.627906976744186
medium_load,mappo_no_packet_context,1024,13030,192,114,9,69,0.59375,0.046875,3.8,6.412280701754386,13.0,1.6819444444444445,14,59,-4.317671670021207,0.20127633835024236,0.03913580246913581,0.6984040316961252,0.1107783199772364,0.24819873667783882,0.05393682782751629,0.01549175970228602,0.5700934579439252,0.5555555555555556,0.7419354838709677
medium_load,mappo_no_packet_context,1024,13031,192,114,12,66,0.59375,0.0625,3.8,6.245614035087719,13.349999999999994,1.6458333333333333,15,61,-4.644065431733066,0.2086324761111365,0.038240740740740735,0.7105936283608209,0.11422115337363015,0.2553150515921414,0.053977348878153836,0.021334217897685394,0.6631578947368421,0.5166666666666667,0.5405405405405406
medium_load,mappo_no_packet_context,1024,13032,192,114,15,63,0.59375,0.078125,3.8,6.771929824561403,14.349999999999994,1.7069444444444444,17,51,-5.599967254928457,0.2260850384882645,0.03950617283950617,0.705723795100671,0.09459035583850499,0.2483439168554931,0.053825999079403324,0.024250431744710917,0.6344086021505376,0.5161290322580645,0.6216216216216216
medium_load,mappo_no_packet_context,1024,13033,192,117,7,68,0.609375,0.036458333333333336,3.9,5.914529914529915,13.0,1.5347222222222223,12,86,-4.200532609487669,0.2046778076551955,0.03583333333333332,0.6895817950567766,0.15944691101811842,0.2513302444029998,0.05288631036856964,0.013682428682428683,0.5591397849462365,0.6461538461538462,0.6764705882352942
medium_load,mappo_no_packet_context,1024,13034,192,119,11,62,0.6197916666666666,0.057291666666666664,3.966666666666667,6.663865546218488,13.0,1.6222222222222222,13,77,-4.628035158270062,0.20309310669554295,0.037592592592592594,0.6969573804389257,0.14410599619964948,0.25042545933025806,0.05236482362145927,0.01970760233918129,0.6545454545454545,0.4782608695652174,0.6944444444444444
medium_load,mappo_no_packet_context,1024,13035,192,112,11,69,0.5833333333333334,0.057291666666666664,3.7333333333333334,7.133928571428571,16.0,1.8222222222222222,18,94,-6.100938308986205,0.21578031504926723,0.04225308641975308,0.679873748831595,0.1676345996624634,0.2298856929390985,0.05115872670832185,0.017486772486772485,0.61,0.5555555555555556,0.5526315789473685
medium_load,mappo_no_packet_context,1024,13036,192,117,8,67,0.609375,0.041666666666666664,3.9,5.47008547008547,11.199999999999989,1.5027777777777778,10,73,-3.565680720149267,0.19212520877343497,0.03509259259259259,0.6812072088030254,0.125763729304751,0.24886202806481444,0.0516762314675595,0.012728411938938256,0.5913978494623656,0.5967741935483871,0.6756756756756757
medium_load,mappo_no_packet_context,1024,13037,192,109,11,72,0.5677083333333334,0.057291666666666664,3.6333333333333333,6.4495412844036695,14.0,1.7791666666666666,11,65,-5.593720967240377,0.21157639006000134,0.04138888888888889,0.682157627800434,0.1101805591782372,0.23201260126182727,0.05285810375973427,0.018697165407691726,0.620253164556962,0.5,0.5714285714285714
medium_load,mappo_no_packet_context,1024,13038,192,113,15,64,0.5885416666666666,0.078125,3.7666666666666666,6.221238938053097,12.0,1.6708333333333334,12,63,-5.868018909833674,0.20344286589699176,0.038734567901234564,0.7149624254921889,0.11856578978870003,0.2402557944005312,0.0527851368707785,0.027604407259980018,0.6808510638297872,0.43548387096774194,0.6111111111111112
medium_load,mappo_no_packet_context,1024,13039,192,114,11,67,0.59375,0.057291666666666664,3.8,6.701754385964913,13.0,1.7652777777777777,11,81,-5.807650630928406,0.2221770515032061,0.04092592592592593,0.6971381465431052,0.162340580672624,0.24410922940721705,0.05422326393302511,0.020214752567693745,0.5656565656565656,0.6101694915254238,0.6470588235294118
medium_load,mappo_no_packet_context,1024,13040,192,111,12,69,0.578125,0.0625,3.7,5.864864864864865,11.5,1.625,11,74,-5.812980126901911,0.21651715491038226,0.037870370370370374,0.7048973315818358,0.1301361200432408,0.23896433860830152,0.05229674001597717,0.020587833219412165,0.5058823529411764,0.7096774193548387,0.5333333333333333
medium_load,mappo_no_packet_context,1024,13041,192,108,15,69,0.5625,0.078125,3.6,6.87037037037037,13.0,1.7708333333333333,14,53,-6.784319506373645,0.22276907310905697,0.04111111111111111,0.7145138030454059,0.09905188421829289,0.2330211589809113,0.05302938564128298,0.027079061289587605,0.6043956043956044,0.4307692307692308,0.6944444444444444
medium_load,mappo_no_packet_context,1024,13042,192,114,9,69,0.59375,0.046875,3.8,6.657894736842105,13.0,1.726388888888889,13,103,-6.1220943271626345,0.2278959906178703,0.040123456790123455,0.6905424760358617,0.18400438685268408,0.23743072058087536,0.051629680062698725,0.015850706311232626,0.5918367346938775,0.5961538461538461,0.5952380952380952
medium_load,mappo_no_packet_context,1024,13043,192,112,13,67,0.5833333333333334,0.06770833333333333,3.7333333333333334,6.535714285714286,13.449999999999989,1.7513888888888889,15,88,-6.206437100225774,0.2109406850163725,0.040617283950617276,0.7140756555673383,0.1599072115248586,0.23818261259437737,0.0525494935382736,0.0227688651218063,0.574468085106383,0.5862068965517241,0.6
medium_load,mappo_no_packet_context,1024,13044,192,109,13,70,0.5677083333333334,0.06770833333333333,3.6333333333333333,5.935779816513762,12.0,1.6666666666666667,10,75,-4.715994256515833,0.18609081144186063,0.038827160493827166,0.7004313713035252,0.1364214197108934,0.24331489903858328,0.05373142866560539,0.021901977165135058,0.6428571428571429,0.5272727272727272,0.4358974358974359
medium_load,mappo_no_packet_context,1024,13045,192,112,11,69,0.5833333333333334,0.057291666666666664,3.7333333333333334,5.803571428571429,12.0,1.5569444444444445,14,53,-3.843711827532794,0.19429513544480137,0.03635802469135803,0.7166960779218264,0.10300268559556486,0.2609364106539029,0.056364243304550664,0.021014996641931627,0.53125,0.5714285714285714,0.725
medium_load,mappo_no_packet_context,1024,13046,192,110,14,68,0.5729166666666666,0.07291666666666667,3.6666666666666665,6.763636363636364,17.099999999999994,1.7638888888888888,15,88,-7.120862016595747,0.22847074717244092,0.04092592592592593,0.6704936861440737,0.14727419644787393,0.21958828865007354,0.04949811011330955,0.022837831616940512,0.5760869565217391,0.5571428571428572,0.6
medium_load,mappo_no_packet_context,1024,13047,192,111,10,71,0.578125,0.052083333333333336,3.7,5.774774774774775,12.5,1.6083333333333334,15,66,-4.241741773269178,0.18739457520502648,0.03756172839506173,0.7069997460709686,0.1270028979162106,0.24856038268576972,0.054050480423035535,0.01838134961586974,0.5370370370370371,0.5833333333333334,0.6944444444444444
medium_load,mappo_no_packet_context,1024,13048,192,112,10,70,0.5833333333333334,0.052083333333333336,3.7333333333333334,6.821428571428571,14.0,1.7597222222222222,17,79,-5.652371908209371,0.21850852080673036,0.04089506172839506,0.7064235499047726,0.1511704191348154,0.2438971160991285,0.05391672183140335,0.01807226399331662,0.5578947368421052,0.6071428571428571,0.6097560975609756
medium_load,mappo_no_packet_context,1024,13049,192,114,11,67,0.59375,0.057291666666666664,3.8,6.728070175438597,13.0,1.7138888888888888,15,43,-4.707398089373075,0.22002603679207447,0.03978395061728395,0.7082958646386284,0.08614797740958732,0.2565185692933371,0.0553977258459458,0.020589955280357754,0.6037735849056604,0.5892857142857143,0.5666666666666667
medium_load,mappo_no_packet_context,1024,13050,192,113,12,67,0.5885416666666666,0.0625,3.7666666666666666,6.097345132743363,14.399999999999991,1.6097222222222223,15,77,-4.138683120260337,0.19799480459749683,0.03746913580246914,0.6845247812004199,0.13178031970870846,0.25054918263038467,0.05301288607297946,0.018582306440362708,0.6421052631578947,0.5789473684210527,0.475
medium_load,mappo_flat_critic,7,13001,192,135,6,51,0.703125,0.03125,4.5,6.014814814814815,11.0,1.4833333333333334,10,31,-1.1424758200976424,0.19527483346972957,0.034166666666666665,0.7071184977643761,0.06007864054303683,0.2882894689589736,0.05367210349565938,0.010555555555555556,0.719626168224299,0.7346938775510204,0.6111111111111112
medium_load,mappo_flat_critic,7,13002,192,130,9,53,0.6770833333333334,0.046875,4.333333333333333,6.084615384615384,11.0,1.5347222222222223,13,19,-2.687370115168601,0.1980957669258955,0.03537037037037037,0.7229905726701998,0.03792493110604566,0.27353002289534795,0.052952541561593965,0.017935729847494555,0.7319587628865979,0.5471698113207547,0.7142857142857143
medium_load,mappo_flat_critic,7,13003,192,120,11,61,0.625,0.057291666666666664,4.0,6.008333333333334,13.0,1.5375,17,30,-3.4766151650355863,0.20911699786678592,0.035679012345679016,0.7086146452156576,0.058850631795678246,0.2681235910918574,0.055208806478099816,0.02143790849673203,0.6354166666666666,0.5806451612903226,0.6764705882352942
medium_load,mappo_flat_critic,7,13004,192,123,11,58,0.640625,0.057291666666666664,4.1,6.4471544715447155,13.899999999999991,1.5555555555555556,15,25,-3.3844015112208656,0.21352385026771475,0.035987654320987654,0.6964619481141056,0.04973934018051665,0.26998389138095025,0.05490186941673219,0.02339908185496421,0.6547619047619048,0.5666666666666667,0.7083333333333334
medium_load,mappo_flat_critic,7,13005,192,131,9,52,0.6822916666666666,0.046875,4.366666666666666,6.3893129770992365,14.0,1.523611111111111,16,21,-2.1850760989647693,0.20898598893766784,0.03509259259259259,0.7301586206863496,0.04250444329778695,0.29021794682785396,0.055617848311269875,0.018534858387799565,0.7294117647058823,0.6086956521739131,0.7105263157894737
medium_load,mappo_flat_critic,7,13006,192,125,15,52,0.6510416666666666,0.078125,4.166666666666667,6.144,14.0,1.5416666666666667,15,25,-2.9706623565127788,0.19607402387125178,0.03549382716049383,0.7311566230343346,0.05205341227400051,0.286068259082965,0.057542052866650796,0.03247315592903828,0.6666666666666666,0.5517241379310345,0.7714285714285715
medium_load,mappo_flat_critic,7,13007,192,130,4,58,0.6770833333333334,0.020833333333333332,4.333333333333333,6.553846153846154,13.0,1.5361111111111112,12,20,-0.9267466234358386,0.20035208793930406,0.03555555555555556,0.7254414772521561,0.04179352510234864,0.2947585176261647,0.05691343495291091,0.0074206349206349205,0.7029702970297029,0.6,0.7222222222222222
medium_load,mappo_flat_critic,7,13008,192,126,6,60,0.65625,0.03125,4.2,6.428571428571429,14.0,1.6277777777777778,14,33,-2.340328357327686,0.19455893312074016,0.037654320987654324,0.7152525214313223,0.06246406457319768,0.2727928593021472,0.05418744461890193,0.011688227922748047,0.6371681415929203,0.7391304347826086,0.6060606060606061
medium_load,mappo_flat_critic,7,13009,192,127,5,60,0.6614583333333334,0.026041666666666668,4.233333333333333,6.700787401574803,14.699999999999989,1.5666666666666667,13,23,-2.9438611223734337,0.2160489360601362,0.03629629629629629,0.7081118219337996,0.0448042696610808,0.26663953435625254,0.05286458943937242,0.009009287925696595,0.6868686868686869,0.6166666666666667,0.6666666666666666
medium_load,mappo_flat_critic,7,13010,192,128,6,58,0.6666666666666666,0.03125,4.266666666666667,6.2265625,11.649999999999991,1.5083333333333333,15,12,-2.2657706011695944,0.21369514112488477,0.03493827160493827,0.6963362646942765,0.0243082788671024,0.27422414444860266,0.0537686044601335,0.01196078431372549,0.7142857142857143,0.6056338028169014,0.6666666666666666
medium_load,mappo_flat_critic,7,13011,192,136,10,46,0.7083333333333334,0.052083333333333336,4.533333333333333,5.860294117647059,12.0,1.4666666666666666,10,25,-1.1197023563899515,0.2011487493184033,0.03364197530864197,0.7035069482476587,0.04862640670303209,0.29741010967017156,0.05519642853482228,0.018541451668386652,0.7721518987341772,0.6779661016949152,0.6481481481481481
medium_load,mappo_flat_critic,7,13012,192,121,11,60,0.6302083333333334,0.057291666666666664,4.033333333333333,7.1652892561983474,13.0,1.7986111111111112,11,19,-4.635119877115846,0.22468086856940067,0.04145061728395062,0.709408132824381,0.037825998820580874,0.25610360185050585,0.053957206708084696,0.020602425180598554,0.6875,0.5862068965517241,0.5526315789473685
medium_load,mappo_flat_critic,7,13013,192,120,10,62,0.625,0.052083333333333336,4.0,6.65,13.049999999999997,1.6930555555555555,14,30,-4.314972594340562,0.21701663985463635,0.03916666666666667,0.7070894076829838,0.05712540369274115,0.25499632534075256,0.05233104426323355,0.017636104149262043,0.6931818181818182,0.5230769230769231,0.6410256410256411
medium_load,mappo_flat_critic,7,13014,192,135,6,51,0.703125,0.03125,4.5,6.503703703703704,12.0,1.5138888888888888,13,28,-1.738843469158427,0.21754163625097805,0.03484567901234568,0.6865415450731068,0.05357898422526906,0.28460915016642574,0.053014554887922956,0.011236772486772488,0.7816091954022989,0.6612903225806451,0.6046511627906976
medium_load,mappo_flat_critic,7,13015,192,121,6,65,0.6302083333333334,0.03125,4.033333333333333,6.702479338842975,13.0,1.6277777777777778,17,36,-3.3248608767309165,0.20657375117431317,0.037808641975308636,0.7198892313992098,0.0711046611627107,0.26435428577843445,0.05407206578644229,0.011571924091273937,0.6601941747572816,0.5925925925925926,0.6
medium_load,mappo_flat_critic,7,13016,192,135,12,45,0.703125,0.0625,4.5,5.762962962962963,14.0,1.3847222222222222,15,16,-1.1762170972773907,0.18929783793511953,0.03179012345679012,0.7098855783521346,0.03158098709569298,0.29360229754192607,0.05469634656863868,0.02247663685357184,0.7802197802197802,0.6,0.6944444444444444
medium_load,mappo_flat_critic,7,13017,192,128,5,59,0.6666666666666666,0.026041666666666668,4.266666666666667,6.4453125,13.0,1.5888888888888888,13,27,-2.168474891547611,0.20667108558379904,0.03675925925925926,0.7299288311093123,0.05201972767240637,0.28166770601334473,0.055317628658876,0.009319645732689211,0.7021276595744681,0.6727272727272727,0.5813953488372093
medium_load,mappo_flat_critic,7,13018,192,131,10,51,0.6822916666666666,0.052083333333333336,4.366666666666666,6.557251908396947,14.0,1.5708333333333333,12,24,-2.0440015435830152,0.20420002286832087,0.036111111111111115,0.7195839772230307,0.05012086683526311,0.2919058830746137,0.05650352888773246,0.02169486215538847,0.7252747252747253,0.5967741935483871,0.717948717948718
medium_load,mappo_flat_critic,7,13019,192,120,11,61,0.625,0.057291666666666664,4.0,5.875,12.0,1.5875,15,26,-2.8900010962609817,0.1945877762963925,0.03679012345679012,0.7414116748180518,0.05461084523778022,0.28093573551777884,0.058665310844418964,0.02334521415403768,0.6276595744680851,0.5689655172413793,0.7
medium_load,mappo_flat_critic,7,13020,192,118,13,61,0.6145833333333334,0.06770833333333333,3.933333333333333,6.279661016949152,14.0,1.5791666666666666,11,31,-3.7353937738603276,0.20437251948366,0.03660493827160494,0.7120504267507236,0.06697103134796634,0.2693373448017411,0.05776946906183934,0.027167489373371725,0.627906976744186,0.55,0.6739130434782609
medium_load,mappo_flat_critic,7,13021,192,133,7,52,0.6927083333333334,0.036458333333333336,4.433333333333334,6.578947368421052,13.0,1.5847222222222221,12,28,-2.254517762304282,0.2034236121011488,0.03645061728395061,0.6931268637621576,0.05226086048454469,0.27287962209788835,0.052324730827534194,0.013038826641767818,0.7340425531914894,0.66,0.6458333333333334
medium_load,mappo_flat_critic,7,13022,192,124,10,58,0.6458333333333334,0.052083333333333336,4.133333333333334,6.548387096774194,12.0,1.5986111111111112,13,36,-3.9718564150001217,0.20611403733948483,0.036944444444444446,0.7081501439793367,0.07042317804314709,0.2570936642763268,0.05277035035641019,0.018738103428505903,0.693069306930693,0.4642857142857143,0.8
medium_load,mappo_flat_critic,7,13023,192,129,6,57,0.671875,0.03125,4.3,6.271317829457364,12.0,1.4736111111111112,12,42,-3.202842448293872,0.21848776814122775,0.0341358024691358,0.6942448722387543,0.08047900514231784,0.2653787290281098,0.05224432486138113,0.01163989662441675,0.6464646464646465,0.7096774193548387,0.6774193548387096
medium_load,mappo_flat_critic,7,13024,192,116,18,58,0.6041666666666666,0.09375,3.8666666666666667,6.206896551724138,14.0,1.6527777777777777,17,13,-5.272816507991928,0.20738506937167497,0.03814814814814815,0.7283968334997898,0.028445378151260504,0.2583638583638584,0.055842081990306346,0.03955648926237162,0.6629213483146067,0.546875,0.5641025641025641
medium_load,mappo_flat_critic,7,13025,192,126,7,59,0.65625,0.036458333333333336,4.2,6.626984126984127,14.0,1.6055555555555556,14,14,-3.2490635432117827,0.2189713464054382,0.03712962962962963,0.6942231303764376,0.027826576874564486,0.26142718063383696,0.0519789317475163,0.012303327763854078,0.6808510638297872,0.5925925925925926,0.6818181818181818
medium_load,mappo_flat_critic,7,13026,192,123,10,59,0.640625,0.052083333333333336,4.1,6.40650406504065,13.0,1.5555555555555556,17,31,-3.1494215209461016,0.20351733586603607,0.03601851851851852,0.7166403084563291,0.06232726423902895,0.27105269458210635,0.0544983025374313,0.01925925925925926,0.6761904761904762,0.5576923076923077,0.6571428571428571
medium_load,mappo_flat_critic,7,13027,192,121,9,62,0.6302083333333334,0.046875,4.033333333333333,6.545454545454546,13.0,1.6347222222222222,19,28,-3.701881197217647,0.2208932640187555,0.03787037037037037,0.7238718279724137,0.06052736479207067,0.27307045895281185,0.056225371638501394,0.01934173669467787,0.6470588235294118,0.6363636363636364,0.5714285714285714
medium_load,mappo_flat_critic,7,13028,192,125,9,58,0.6510416666666666,0.046875,4.166666666666667,6.896,13.0,1.6569444444444446,15,34,-4.191772013354705,0.22404180719872321,0.038240740740740735,0.7053368175603277,0.06556040278950495,0.2605099207924285,0.053275589862572595,0.017501563623854646,0.6981132075471698,0.5483870967741935,0.7083333333333334
medium_load,mappo_flat_critic,7,13029,192,123,11,58,0.640625,0.057291666666666664,4.1,6.658536585365853,12.0,1.6694444444444445,13,31,-3.9726747653743866,0.21180794193779282,0.03851851851851852,0.7149753806106773,0.06351257259538995,0.2646513104485241,0.054236098836935566,0.0217442708077383,0.6458333333333334,0.6226415094339622,0.6511627906976745
medium_load,mappo_flat_critic,7,13030,192,121,10,61,0.6302083333333334,0.052083333333333336,4.033333333333333,6.355371900826446,14.0,1.5680555555555555,15,20,-2.6865861015125416,0.19895451674712955,0.03635802469135803,0.7307894161231427,0.04422687878570231,0.28127249384602326,0.058485834552828166,0.021984126984126984,0.6635514018691588,0.5,0.7419354838709677
medium_load,mappo_flat_critic,7,13031,192,120,11,61,0.625,0.057291666666666664,4.0,6.441666666666666,13.049999999999997,1.6027777777777779,18,16,-4.269405267658989,0.2321049470784403,0.03712962962962963,0.7279572350348202,0.03282542549183416,0.2703496174161809,0.056409381310725995,0.022509726112667286,0.7368421052631579,0.5333333333333333,0.4864864864864865
medium_load,mappo_flat_critic,7,13032,192,128,12,52,0.6666666666666666,0.0625,4.266666666666667,6.8828125,14.0,1.6333333333333333,14,28,-3.599852887992473,0.22176795459204163,0.03753086419753085,0.7063976425845425,0.05517812095598473,0.2721467457264671,0.05377202217310945,0.021442147034252297,0.7096774193548387,0.5806451612903226,0.7027027027027027
medium_load,mappo_flat_critic,7,13033,192,125,7,60,0.6510416666666666,0.036458333333333336,4.166666666666667,6.048,12.799999999999997,1.5027777777777778,15,37,-2.955879185475762,0.21383680632144314,0.03487654320987654,0.7053747178376643,0.07322363538307812,0.27231278138785875,0.054506978124715326,0.014317022130489621,0.6344086021505376,0.676923076923077,0.6470588235294118
medium_load,mappo_flat_critic,7,13034,192,126,10,56,0.65625,0.052083333333333336,4.2,6.761904761904762,13.0,1.586111111111111,13,11,-2.9425766055927,0.2008010120536748,0.036604938271604937,0.7111744215411785,0.0252981277981278,0.2704039258528423,0.054779325314886905,0.021342003513056144,0.6909090909090909,0.4782608695652174,0.7777777777777778
medium_load,mappo_flat_critic,7,13035,192,125,10,57,0.6510416666666666,0.052083333333333336,4.166666666666667,6.272,12.799999999999997,1.6472222222222221,15,32,-3.202973116466021,0.19756011035307466,0.03799382716049383,0.6974727369684289,0.0612359329696791,0.2639096812200527,0.0531923987525187,0.020163582977050468,0.7,0.5740740740740741,0.631578947368421
medium_load,mappo_flat_critic,7,13036,192,129,6,57,0.671875,0.03125,4.3,5.7984496124031,12.0,1.4,12,13,-1.698345734478253,0.21328633527091853,0.0325,0.7155895369949934,0.02614026897308631,0.28741712091944294,0.055053082850561555,0.011815650236702868,0.6021505376344086,0.7096774193548387,0.7837837837837838
medium_load,mappo_flat_critic,7,13037,192,130,9,53,0.6770833333333334,0.046875,4.333333333333333,6.1923076923076925,12.0,1.5277777777777777,12,24,-2.1681130067194943,0.20412146620923813,0.035216049382716046,0.7030006084697236,0.046553264846608496,0.27908376238484595,0.0539164626048249,0.01597052457346575,0.7848101265822784,0.609375,0.5918367346938775
medium_load,mappo_flat_critic,7,13038,192,121,11,60,0.6302083333333334,0.057291666666666664,4.033333333333333,6.694214876033058,12.0,1.6694444444444445,13,30,-3.9554580758509394,0.20794380783281433,0.038580246913580245,0.7178641669161848,0.06031318082788671,0.26343523578817696,0.05452296829788528,0.02173202614379085,0.7340425531914894,0.4838709677419355,0.6111111111111112
medium_load,mappo_flat_critic,7,13039,192,129,11,52,0.671875,0.057291666666666664,4.3,6.434108527131783,12.599999999999994,1.65,13,23,-3.433236124230575,0.21868384375975822,0.03790123456790122,0.7231346186748732,0.04878412566106065,0.27928645600472224,0.055562987261194685,0.023564425770308126,0.7070707070707071,0.6271186440677966,0.6470588235294118
medium_load,mappo_flat_critic,7,13040,192,129,10,53,0.671875,0.052083333333333336,4.3,6.24031007751938,13.0,1.5138888888888888,13,30,-2.703399202094275,0.20585533209485452,0.03490740740740741,0.7069642951692346,0.059377172821445265,0.27644149495155695,0.05380217621146899,0.019238619424377938,0.6235294117647059,0.6935483870967742,0.7333333333333333
medium_load,mappo_flat_critic,7,13041,192,117,14,61,0.609375,0.07291666666666667,3.9,6.64957264957265,14.199999999999989,1.7055555555555555,16,20,-5.266188725596743,0.21955609309118737,0.039413580246913583,0.7248902293877028,0.0413550746638982,0.25310104369314895,0.05411033512268419,0.027263795572619102,0.6593406593406593,0.5076923076923077,0.6666666666666666
medium_load,mappo_flat_critic,7,13042,192,123,6,63,0.640625,0.03125,4.1,6.308943089430894,12.0,1.5444444444444445,14,31,-3.6272262924361622,0.21410446151805695,0.03589506172839506,0.7108514429327001,0.06051231018723279,0.2588190467370034,0.05270958891841969,0.011462991629400298,0.6428571428571429,0.6538461538461539,0.6190476190476191
medium_load,mappo_flat_critic,7,13043,192,126,10,56,0.65625,0.052083333333333336,4.2,6.5396825396825395,13.0,1.6236111111111111,13,26,-3.1467975566162183,0.20694093741464986,0.037438271604938275,0.7276107074428819,0.052808606798544884,0.27620150804361326,0.05478003184584049,0.020279817505049702,0.6914893617021277,0.6206896551724138,0.625
medium_load,mappo_flat_critic,7,13044,192,131,7,54,0.6822916666666666,0.036458333333333336,4.366666666666666,6.122137404580153,12.5,1.5222222222222221,11,32,-1.5331930355671866,0.19576555603703616,0.03512345679012346,0.7138452850692526,0.06319223303356429,0.2888616109552642,0.05562975977690698,0.01492063492063492,0.7551020408163265,0.7090909090909091,0.46153846153846156
medium_load,mappo_flat_critic,7,13045,192,120,8,64,0.625,0.041666666666666664,4.0,5.783333333333333,11.0,1.4916666666666667,13,27,-2.9865848384683855,0.2028168560707222,0.03475308641975309,0.7241187959556304,0.0524703428379899,0.2691944847091906,0.05510524445143594,0.014629240585122938,0.5625,0.6428571428571429,0.75
medium_load,mappo_flat_critic,7,13046,192,135,7,50,0.703125,0.036458333333333336,4.5,6.214814814814815,11.0,1.4930555555555556,9,31,-1.9470875122195386,0.20475511862410165,0.034351851851851856,0.6852295481028219,0.05801751109800645,0.2770107376570225,0.0517149153848715,0.013649012236473535,0.7391304347826086,0.6714285714285714,0.6666666666666666
medium_load,mappo_flat_critic,7,13047,192,126,8,58,0.65625,0.041666666666666664,4.2,6.2936507936507935,14.0,1.5402777777777779,17,31,-1.929056785254442,0.19853033140648446,0.03564814814814816,0.7266548321017084,0.06691789963848786,0.2887261948291361,0.056944054729713985,0.016150015561780265,0.6111111111111112,0.6458333333333334,0.8055555555555556
medium_load,mappo_flat_critic,7,13048,192,125,6,61,0.6510416666666666,0.03125,4.166666666666667,6.464,12.0,1.5777777777777777,14,27,-2.474522710872573,0.21266584182787046,0.036574074074074085,0.7301180785943425,0.05472848001098774,0.28219267202239334,0.056028247148937046,0.011668386652906778,0.6526315789473685,0.6428571428571429,0.6585365853658537
medium_load,mappo_flat_critic,7,13049,192,127,8,57,0.6614583333333334,0.041666666666666664,4.233333333333333,6.464566929133858,14.0,1.5319444444444446,15,13,-2.2511675546694283,0.20050372838865116,0.035432098765432095,0.7134823840124479,0.027097617724552707,0.2764753014443417,0.054582344043688905,0.01576058201058201,0.6886792452830188,0.6607142857142857,0.5666666666666667
medium_load,mappo_flat_critic,7,13050,192,131,7,54,0.6822916666666666,0.036458333333333336,4.366666666666666,6.099236641221374,12.0,1.4694444444444446,16,33,-1.6603273565735468,0.2014138947238691,0.03395061728395062,0.6994425948572284,0.06340574916426309,0.28257008528680355,0.05419582208020572,0.01204399888610415,0.7368421052631579,0.6842105263157895,0.55
medium_load,mappo_flat_critic,42,13001,192,141,3,48,0.734375,0.015625,4.7,6.035460992907802,13.0,1.3930555555555555,13,23,0.5811686650106983,0.18800822232768255,0.032067901234567896,0.7069183443606936,0.04817984976266711,0.305983087116988,0.05485322759086541,0.005175438596491227,0.7476635514018691,0.7959183673469388,0.6111111111111112
medium_load,mappo_flat_critic,42,13002,192,126,10,56,0.65625,0.052083333333333336,4.2,6.349206349206349,13.0,1.5875,21,29,-3.459057039736034,0.202943311040556,0.0366358024691358,0.7219225022585837,0.06180041292270395,0.2681363492315505,0.05362911498484059,0.020319200779727094,0.7422680412371134,0.5283018867924528,0.6190476190476191
medium_load,mappo_flat_critic,42,13003,192,126,7,59,0.65625,0.036458333333333336,4.2,6.325396825396825,12.75,1.5319444444444446,16,29,-2.668089071041475,0.21783620530631473,0.035493827160493825,0.7055675377988144,0.05924624123153535,0.2790273887332711,0.055434084531329884,0.015291693600517131,0.6770833333333334,0.6129032258064516,0.6764705882352942
medium_load,mappo_flat_critic,42,13004,192,133,5,54,0.6927083333333334,0.026041666666666668,4.433333333333334,5.954887218045113,12.0,1.3833333333333333,11,30,-0.9635461506418561,0.20877424752044899,0.03203703703703704,0.6985320938870825,0.06232630659101247,0.29556075460487224,0.05543682258470702,0.010780423280423279,0.6785714285714286,0.6666666666666666,0.75
medium_load,mappo_flat_critic,42,13005,192,132,7,53,0.6875,0.036458333333333336,4.4,6.340909090909091,14.0,1.4736111111111112,13,19,-1.816177629602224,0.20991621038507535,0.03401234567901235,0.7230119025419283,0.04085714380219023,0.29016246624605757,0.05522011971688754,0.01426935394040657,0.7411764705882353,0.6231884057971014,0.6842105263157895
medium_load,mappo_flat_critic,42,13006,192,131,9,52,0.6822916666666666,0.046875,4.366666666666666,5.961832061068702,12.0,1.4472222222222222,13,24,-1.0345110734201544,0.19744790326730352,0.033395061728395056,0.7383727061965882,0.05594397160573631,0.30711936483995317,0.05887526556095839,0.019147902750843927,0.696969696969697,0.603448275862069,0.7714285714285715
medium_load,mappo_flat_critic,42,13007,192,132,2,58,0.6875,0.010416666666666666,4.4,6.340909090909091,12.449999999999989,1.4625,14,25,0.5440997221047474,0.19754370854532632,0.03391975308641975,0.7306758666501921,0.053939354419230576,0.31644978430582144,0.05869360690629445,0.004044117647058824,0.693069306930693,0.6181818181818182,0.7777777777777778
medium_load,mappo_flat_critic,42,13008,192,132,3,57,0.6875,0.015625,4.4,6.378787878787879,13.0,1.55,15,34,-0.6676955216102464,0.1948661710877983,0.035833333333333335,0.7144557433493506,0.07205864296808569,0.2950399949780755,0.055670620964595026,0.005798503611971105,0.672566371681416,0.7608695652173914,0.6363636363636364
medium_load,mappo_flat_critic,42,13009,192,131,3,58,0.6822916666666666,0.015625,4.366666666666666,6.282442748091603,13.0,1.4638888888888888,11,26,-1.2148507801614412,0.208700486204813,0.03395061728395062,0.7281378543337008,0.054838456750221455,0.29461972395795927,0.05609362144918473,0.006613756613756613,0.7070707070707071,0.6666666666666666,0.6363636363636364
medium_load,mappo_flat_critic,42,13010,192,134,5,53,0.6979166666666666,0.026041666666666668,4.466666666666667,6.119402985074627,12.0,1.4069444444444446,16,17,-1.4060648499072623,0.22030137585346835,0.032530864197530866,0.7068334884175643,0.036278220689985395,0.29330364624482275,0.05578972451157641,0.010449346405228759,0.7362637362637363,0.6619718309859155,0.6666666666666666
medium_load,mappo_flat_critic,42,13011,192,131,11,50,0.6822916666666666,0.057291666666666664,4.366666666666666,5.786259541984733,12.0,1.4555555555555555,14,26,-1.351378926980299,0.19829896458696794,0.03351851851851852,0.7191954052635317,0.0577709741525531,0.3011573403949565,0.05787254429764134,0.02265385686438318,0.7215189873417721,0.6271186440677966,0.6851851851851852
medium_load,mappo_flat_critic,42,13012,192,140,6,46,0.7291666666666666,0.03125,4.666666666666667,6.5,14.0,1.5416666666666667,10,29,-1.0769946861913802,0.21230699948633489,0.035308641975308634,0.7124191343387352,0.060446722323657304,0.30100641632762376,0.05448719716501671,0.011805555555555554,0.7395833333333334,0.7068965517241379,0.7368421052631579
medium_load,mappo_flat_critic,42,13013,192,125,4,63,0.6510416666666666,0.020833333333333332,4.166666666666667,6.736,14.799999999999997,1.5930555555555554,17,17,-2.684064680038237,0.22580597143513823,0.03697530864197531,0.7143068627701656,0.03747085702968056,0.2763258842980205,0.055224426388647364,0.008282163742690057,0.7045454545454546,0.5538461538461539,0.6923076923076923
medium_load,mappo_flat_critic,42,13014,192,135,4,53,0.703125,0.020833333333333332,4.5,6.466666666666667,12.0,1.4638888888888888,13,19,-1.2838053084204197,0.22297075602474642,0.0337962962962963,0.7045310075290127,0.03969995690583926,0.294789706480883,0.05460288629760189,0.008349673202614379,0.735632183908046,0.7096774193548387,0.627906976744186
medium_load,mappo_flat_critic,42,13015,192,126,6,60,0.65625,0.03125,4.2,6.595238095238095,14.75,1.5708333333333333,15,27,-3.1085670714808114,0.2122864331327616,0.03638888888888889,0.7167814678394253,0.0543839425108775,0.2684065272532765,0.05392105221765826,0.012187392500859992,0.6699029126213593,0.6296296296296297,0.6571428571428571
medium_load,mappo_flat_critic,42,13016,192,138,9,45,0.71875,0.046875,4.6,5.594202898550725,11.0,1.2944444444444445,10,10,-0.5450501190920938,0.19227037001727892,0.02978395061728395,0.7139417380624605,0.021304650515176826,0.30127139429771005,0.055017202461073104,0.018940038003505497,0.7582417582417582,0.6307692307692307,0.7777777777777778
medium_load,mappo_flat_critic,42,13017,192,130,6,56,0.6770833333333334,0.03125,4.333333333333333,6.061538461538461,12.0,1.488888888888889,13,31,-1.2275328146280222,0.1933431237454325,0.03444444444444445,0.7360758137116782,0.06550147836912543,0.2956799572976044,0.0569830959202654,0.01227124183006536,0.7340425531914894,0.5818181818181818,0.6744186046511628
medium_load,mappo_flat_critic,42,13018,192,135,7,50,0.703125,0.036458333333333336,4.5,6.4148148148148145,11.299999999999997,1.5083333333333333,13,32,-1.0415107537153128,0.20763496939572723,0.03469135802469136,0.7263280916050113,0.07072559793148028,0.3074593897388016,0.05715427468126588,0.015611577964519138,0.7252747252747253,0.6451612903225806,0.7435897435897436
medium_load,mappo_flat_critic,42,13019,192,129,7,56,0.671875,0.036458333333333336,4.3,5.744186046511628,11.599999999999994,1.4680555555555554,13,28,-0.7522516389246291,0.18851797773667095,0.03398148148148148,0.7378284813255498,0.06372162967751202,0.3053751885369533,0.05873024888034483,0.01629533864827982,0.6595744680851063,0.6551724137931034,0.725
medium_load,mappo_flat_critic,42,13020,192,125,8,59,0.6510416666666666,0.041666666666666664,4.166666666666667,6.064,12.0,1.4805555555555556,11,33,-1.843518024288841,0.20425574256298815,0.034351851851851856,0.7213085754502947,0.07558998191351132,0.292933847198553,0.05854538688401858,0.016977124183006533,0.6395348837209303,0.6333333333333333,0.6956521739130435
medium_load,mappo_flat_critic,42,13021,192,131,8,53,0.6822916666666666,0.041666666666666664,4.366666666666666,6.213740458015267,13.0,1.5458333333333334,18,22,-1.478144897266151,0.1897617400023687,0.03561728395061728,0.7180009058015481,0.047444760405286716,0.2868721750958593,0.05539880470516232,0.015365497076023391,0.7340425531914894,0.58,0.6875
medium_load,mappo_flat_critic,42,13022,192,131,8,53,0.6822916666666666,0.041666666666666664,4.366666666666666,6.5038167938931295,13.0,1.5777777777777777,17,31,-2.2999253126692545,0.2011803518382427,0.03632716049382716,0.7095092420562796,0.06493151241603252,0.27919390765752994,0.05409365745891449,0.015829811456746442,0.7128712871287128,0.5535714285714286,0.8
medium_load,mappo_flat_critic,42,13023,192,135,6,51,0.703125,0.03125,4.5,6.022222222222222,13.0,1.3805555555555555,13,24,-1.078659529663881,0.2001402671021723,0.03188271604938272,0.7068023644387367,0.04934931754978195,0.2919074930917036,0.054100855192516166,0.012721366324307502,0.6868686868686869,0.7096774193548387,0.7419354838709677
medium_load,mappo_flat_critic,42,13024,192,123,13,56,0.640625,0.06770833333333333,4.1,6.341463414634147,13.0,1.5833333333333333,13,18,-3.824233731792706,0.21536244205260208,0.03654320987654321,0.7231592963908662,0.03793300653594771,0.27463705140175726,0.05571668953964482,0.028706816059757237,0.6741573033707865,0.609375,0.6153846153846154
medium_load,mappo_flat_critic,42,13025,192,135,4,53,0.703125,0.020833333333333332,4.5,6.844444444444444,12.0,1.5569444444444445,16,23,-1.8029538930047517,0.22969046478458083,0.0358641975308642,0.6891879529418007,0.04520535879669006,0.28606137641741364,0.05343663780923934,0.007430340557275541,0.7446808510638298,0.6296296296296297,0.7045454545454546
medium_load,mappo_flat_critic,42,13026,192,124,7,61,0.6458333333333334,0.036458333333333336,4.133333333333334,6.395161290322581,12.0,1.5416666666666667,17,28,-2.265396588358013,0.2030420987151738,0.035771604938271605,0.7248208019621493,0.055722918722144736,0.28147284689854346,0.05629020275265378,0.013807762871230363,0.7047619047619048,0.5961538461538461,0.5428571428571428
medium_load,mappo_flat_critic,42,13027,192,123,7,62,0.640625,0.036458333333333336,4.1,6.455284552845528,13.0,1.5597222222222222,15,33,-3.5825467729808795,0.21874306604378718,0.0362037037037037,0.7284860515411627,0.07237502693385046,0.2723078718666954,0.05625782351191552,0.01599206349206349,0.6372549019607843,0.6545454545454545,0.6285714285714286
medium_load,mappo_flat_critic,42,13028,192,130,7,55,0.6770833333333334,0.036458333333333336,4.333333333333333,6.130769230769231,11.0,1.5069444444444444,14,32,-2.3027545498054773,0.20474379403927098,0.03481481481481482,0.7062208165057854,0.06491420544826118,0.27738027409467036,0.05383048002098956,0.013723544973544973,0.6886792452830188,0.6612903225806451,0.6666666666666666
medium_load,mappo_flat_critic,42,13029,192,126,9,57,0.65625,0.046875,4.2,6.4603174603174605,15.5,1.625,16,44,-3.450220581154799,0.20346599311244418,0.037500000000000006,0.7165244741245894,0.08823697787707077,0.26736481569685905,0.053711049374189974,0.017495126705653022,0.6458333333333334,0.660377358490566,0.6744186046511628
medium_load,mappo_flat_critic,42,13030,192,123,8,61,0.640625,0.041666666666666664,4.1,5.991869918699187,12.899999999999991,1.4916666666666667,14,30,-1.9726664174870612,0.19132474694079768,0.0346604938271605,0.7232783451460452,0.06611793435322846,0.28381004888357825,0.05710910704051115,0.01687441643323996,0.6355140186915887,0.5555555555555556,0.8064516129032258
medium_load,mappo_flat_critic,42,13031,192,125,8,59,0.6510416666666666,0.041666666666666664,4.166666666666667,6.552,13.0,1.5569444444444445,14,21,-2.768886692809213,0.22704848534059338,0.036049382716049384,0.7278008975410135,0.04603662405132993,0.2887718436247848,0.05729167634026802,0.017557488807488805,0.7368421052631579,0.5833333333333334,0.5405405405405406
medium_load,mappo_flat_critic,42,13032,192,127,11,54,0.6614583333333334,0.057291666666666664,4.233333333333333,6.889763779527559,14.0,1.6333333333333333,18,26,-3.3292197361445908,0.22550759595444927,0.037592592592592594,0.7147755510534728,0.05474012772000389,0.27985652949275236,0.05537495614398436,0.020616041738332758,0.6881720430107527,0.5967741935483871,0.7027027027027027
medium_load,mappo_flat_critic,42,13033,192,135,2,55,0.703125,0.010416666666666666,4.5,5.814814814814815,11.299999999999997,1.3777777777777778,12,28,-0.6346710616180277,0.21100030834246314,0.03194444444444445,0.7025051836671625,0.059027508439273145,0.29590755105460986,0.055137094887974566,0.00392156862745098,0.6344086021505376,0.7692307692307693,0.7647058823529411
medium_load,mappo_flat_critic,42,13034,192,132,8,52,0.6875,0.041666666666666664,4.4,6.295454545454546,12.0,1.4736111111111112,12,35,-1.4503395621506041,0.20130859287059433,0.03398148148148148,0.7077565839105683,0.07270055709684194,0.29384719368465506,0.055457238024954725,0.016790567104034593,0.7090909090909091,0.5652173913043478,0.7777777777777778
medium_load,mappo_flat_critic,42,13035,192,131,7,54,0.6822916666666666,0.036458333333333336,4.366666666666666,6.877862595419847,16.5,1.6319444444444444,17,32,-2.1264257522902112,0.21172744597991855,0.03756172839506173,0.7088111373091189,0.06637099284158107,0.28556303560560525,0.0543475062670529,0.0135577915376677,0.71,0.6481481481481481,0.6578947368421053
medium_load,mappo_flat_critic,42,13036,192,133,7,52,0.6927083333333334,0.036458333333333336,4.433333333333334,5.962406015037594,10.0,1.4,10,12,-0.999274028171826,0.19755106334003514,0.03234567901234568,0.7199566494091681,0.02449481547004767,0.29553788044887114,0.05568975898841581,0.015255512461394814,0.6774193548387096,0.6612903225806451,0.7837837837837838
medium_load,mappo_flat_critic,42,13037,192,140,3,49,0.7291666666666666,0.015625,4.666666666666667,6.192857142857143,13.0,1.3972222222222221,10,24,-0.10969533578434437,0.20714994793065894,0.032191358024691356,0.700226679807152,0.04929020326079149,0.3028430474754005,0.0545045080796087,0.005508870214752567,0.810126582278481,0.703125,0.6326530612244898
medium_load,mappo_flat_critic,42,13038,192,128,10,54,0.6666666666666666,0.052083333333333336,4.266666666666667,6.3828125,12.649999999999991,1.5888888888888888,12,29,-3.134057397007841,0.20976273912039853,0.036604938271604937,0.7186729304389006,0.06088476123692842,0.27580374547479813,0.054576479213886676,0.0200291578619752,0.776595744680851,0.532258064516129,0.6111111111111112
medium_load,mappo_flat_critic,42,13039,192,128,11,53,0.6666666666666666,0.057291666666666664,4.266666666666667,6.0,11.0,1.5541666666666667,12,22,-2.6504515571718814,0.2045461142754898,0.03580246913580246,0.7166465603828281,0.048091467356173236,0.2835844329961977,0.056204400998826336,0.024383573942397475,0.6767676767676768,0.6271186440677966,0.7058823529411765
medium_load,mappo_flat_critic,42,13040,192,134,9,49,0.6979166666666666,0.046875,4.466666666666667,6.201492537313433,12.0,1.4597222222222221,11,29,-1.7016232724246043,0.2144566618878172,0.03358024691358024,0.7123288970360534,0.06158813795423702,0.29708763802417054,0.0553412074023658,0.01777949776401789,0.6235294117647059,0.7419354838709677,0.7777777777777778
medium_load,mappo_flat_critic,42,13041,192,126,8,58,0.65625,0.041666666666666664,4.2,6.746031746031746,13.0,1.5930555555555554,13,26,-3.213908768878954,0.2208936686463647,0.03682098765432099,0.725383468407232,0.05674419262654557,0.27720661963309023,0.05534853004575465,0.015808823529411768,0.6703296703296703,0.5538461538461539,0.8055555555555556
medium_load,mappo_flat_critic,42,13042,192,122,9,61,0.6354166666666666,0.046875,4.066666666666666,6.147540983606557,12.949999999999989,1.5138888888888888,14,31,-3.8851333609741063,0.2107097372877112,0.03515432098765433,0.7124271669914735,0.06474050731403673,0.26058479374655846,0.05372119897860686,0.01865351696234049,0.6632653061224489,0.6153846153846154,0.5952380952380952
medium_load,mappo_flat_critic,42,13043,192,129,8,55,0.671875,0.041666666666666664,4.3,6.217054263565892,12.599999999999994,1.5097222222222222,14,32,-2.5188632748898585,0.20979462593351605,0.03487654320987654,0.729205443630195,0.06813983402218697,0.28520076600958955,0.054889127895135593,0.016474089635854342,0.6808510638297872,0.6379310344827587,0.7
medium_load,mappo_flat_critic,42,13044,192,126,8,58,0.65625,0.041666666666666664,4.2,5.857142857142857,12.0,1.5069444444444444,15,27,-1.335413607537716,0.19150755198605401,0.03490740740740741,0.7277290571321904,0.05783976572676263,0.2939372724512043,0.05779903279513408,0.01587123445869576,0.7346938775510204,0.6363636363636364,0.48717948717948717
medium_load,mappo_flat_critic,42,13045,192,122,7,63,0.6354166666666666,0.036458333333333336,4.066666666666666,6.245901639344262,12.0,1.5402777777777779,17,23,-2.413460750459966,0.2176490879674139,0.03580246913580246,0.7402751075589198,0.05028430175488999,0.2907735701118054,0.058885057596201024,0.0148109243697479,0.5729166666666666,0.6428571428571429,0.775
medium_load,mappo_flat_critic,42,13046,192,135,7,50,0.703125,0.036458333333333336,4.5,6.185185185185185,13.299999999999997,1.511111111111111,13,21,-1.7586105373250231,0.20942335788611702,0.03475308641975308,0.6932690666351153,0.040436077939947905,0.283817964657748,0.052848377755123896,0.014511933428342097,0.7065217391304348,0.7,0.7
medium_load,mappo_flat_critic,42,13047,192,130,3,59,0.6770833333333334,0.015625,4.333333333333333,6.1,12.0,1.4736111111111112,14,34,-0.4590274889254382,0.19490584079713344,0.03419753086419753,0.7254136751175838,0.07843320894791482,0.3014503742444919,0.057523809518107843,0.005895969498910675,0.6203703703703703,0.75,0.75
medium_load,mappo_flat_critic,42,13048,192,125,6,61,0.6510416666666666,0.03125,4.166666666666667,6.696,13.799999999999997,1.6097222222222223,16,26,-2.4341983342016977,0.21411159847274006,0.03728395061728395,0.7377545664758338,0.057972689075630246,0.28789031230207696,0.057639573119019814,0.013373015873015873,0.6210526315789474,0.6428571428571429,0.7317073170731707
medium_load,mappo_flat_critic,42,13049,192,127,7,58,0.6614583333333334,0.036458333333333336,4.233333333333333,6.622047244094488,13.0,1.5722222222222222,16,17,-1.9062173287304887,0.21121465391368358,0.036358024691358036,0.7144282702087879,0.037073980514382994,0.28803448787194924,0.056667544427137236,0.01450639702574687,0.6792452830188679,0.6607142857142857,0.6
medium_load,mappo_flat_critic,42,13050,192,128,10,54,0.6666666666666666,0.052083333333333336,4.266666666666667,5.515625,12.649999999999991,1.3819444444444444,19,31,-1.4707037744853497,0.1899860652511629,0.03200617283950617,0.7200037536677782,0.06722631656842185,0.2926165184717816,0.05627709147879836,0.0197953216374269,0.6947368421052632,0.6491228070175439,0.625
medium_load,mappo_flat_critic,1024,13001,192,136,5,51,0.7083333333333334,0.026041666666666668,4.533333333333333,6.154411764705882,12.0,1.4402777777777778,13,27,-0.6804997452747269,0.19612198874765374,0.03320987654320988,0.7099941374117028,0.05616329662769291,0.2943622331973724,0.054511361865871896,0.008518518518518517,0.7476635514018691,0.7142857142857143,0.5833333333333334
medium_load,mappo_flat_critic,1024,13002,192,123,11,58,0.640625,0.057291666666666664,4.1,6.495934959349594,13.899999999999991,1.6319444444444444,19,39,-4.325882074723787,0.21215276510198944,0.03768518518518519,0.7121181710213677,0.07658271495732796,0.258599830395496,0.052659144890209376,0.02122663685357184,0.7010309278350515,0.5283018867924528,0.6428571428571429
medium_load,mappo_flat_critic,1024,13003,192,122,9,61,0.6354166666666666,0.046875,4.066666666666666,6.147540983606557,12.0,1.5763888888888888,15,28,-3.0666533119250867,0.20944903731506492,0.03654320987654321,0.7103148687466749,0.054582166199813265,0.27022917714094186,0.05482571370484191,0.01622004357298475,0.65625,0.5806451612903226,0.6764705882352942
medium_load,mappo_flat_critic,1024,13004,192,128,9,55,0.6666666666666666,0.046875,4.266666666666667,6.25,14.0,1.4902777777777778,15,38,-2.1957324993478755,0.20520475006271163,0.03444444444444444,0.6905399588860123,0.07558002440742378,0.2800844585983905,0.05473592296088773,0.01737005913476502,0.6666666666666666,0.5833333333333334,0.7708333333333334
medium_load,mappo_flat_critic,1024,13005,192,128,10,54,0.6666666666666666,0.052083333333333336,4.266666666666667,6.265625,14.0,1.5333333333333334,14,26,-2.5903770880969827,0.21244998607943583,0.03537037037037038,0.7205521663071701,0.052095467741752575,0.2862927237308042,0.055886512923319365,0.020950620014087505,0.7294117647058823,0.5797101449275363,0.6842105263157895
medium_load,mappo_flat_critic,1024,13006,192,128,11,53,0.6666666666666666,0.057291666666666664,4.266666666666667,6.0703125,12.649999999999991,1.5027777777777778,12,32,-2.082090273983445,0.20272190801661968,0.0346604938271605,0.7387031511865015,0.07279034690799398,0.29915903540903543,0.05840303053296451,0.023760414422179126,0.6868686868686869,0.5689655172413793,0.7714285714285715
medium_load,mappo_flat_critic,1024,13007,192,134,3,55,0.6979166666666666,0.015625,4.466666666666667,6.037313432835821,13.049999999999983,1.426388888888889,15,24,0.5219919349409219,0.1929192133453057,0.03302469135802469,0.7335207257897609,0.051278474277700284,0.31621058035531724,0.058559478474511366,0.006405228758169934,0.7128712871287128,0.6181818181818182,0.7777777777777778
medium_load,mappo_flat_critic,1024,13008,192,134,6,52,0.6979166666666666,0.03125,4.466666666666667,5.985074626865671,13.349999999999994,1.4555555555555555,16,39,-0.45937570804942107,0.18354281147627086,0.033580246913580254,0.7264188202353792,0.08555533976973605,0.30326435232007987,0.05677822306063742,0.012717959428485744,0.6991150442477876,0.717391304347826,0.6666666666666666
medium_load,mappo_flat_critic,1024,13009,192,131,4,57,0.6822916666666666,0.020833333333333332,4.366666666666666,6.152671755725191,13.5,1.4777777777777779,12,22,-1.6135765700254787,0.20718264138323897,0.034228395061728395,0.7203579601004405,0.04802581333928083,0.28616448896247665,0.055289799995051424,0.008118191721132897,0.7272727272727273,0.65,0.6060606060606061
medium_load,mappo_flat_critic,1024,13010,192,134,4,54,0.6979166666666666,0.020833333333333332,4.466666666666667,6.425373134328358,13.349999999999994,1.4597222222222221,17,21,-1.2342369708824261,0.219818100442247,0.03373456790123456,0.7054853445451734,0.04397658771110783,0.2952741440705837,0.05567998148094306,0.008888888888888889,0.7362637362637363,0.676056338028169,0.6333333333333333
medium_load,mappo_flat_critic,1024,13011,192,128,11,53,0.6666666666666666,0.057291666666666664,4.266666666666667,6.203125,13.649999999999991,1.5722222222222222,14,33,-2.5158270215747014,0.21437988990727858,0.0362037037037037,0.7087993942148388,0.0661542131472472,0.2877752593696866,0.0567077375134914,0.02138362655003522,0.6835443037974683,0.6101694915254238,0.7037037037037037
medium_load,mappo_flat_critic,1024,13012,192,128,8,56,0.6666666666666666,0.041666666666666664,4.266666666666667,7.1953125,16.0,1.7305555555555556,10,34,-3.6608386797698627,0.22532800280665166,0.03981481481481482,0.7112248723490142,0.06790882434845283,0.26994514229034355,0.053555597126492716,0.015094312578832703,0.6979166666666666,0.6379310344827587,0.631578947368421
medium_load,mappo_flat_critic,1024,13013,192,125,5,62,0.6510416666666666,0.026041666666666668,4.166666666666667,6.656,13.799999999999997,1.6041666666666667,15,26,-2.821250217606283,0.2249909777260864,0.037191358024691354,0.7120594672762111,0.05091957048226399,0.2759051207077523,0.054540589764720496,0.009720072239422086,0.7045454545454546,0.5538461538461539,0.6923076923076923
medium_load,mappo_flat_critic,1024,13014,192,125,11,56,0.6510416666666666,0.057291666666666664,4.166666666666667,6.856,12.0,1.6027777777777779,14,24,-3.9428870155469307,0.22697321144818797,0.036975308641975305,0.6995079061858299,0.047616656649164396,0.2677471708431461,0.05321112775920832,0.0228860266553765,0.6896551724137931,0.6129032258064516,0.627906976744186
medium_load,mappo_flat_critic,1024,13015,192,121,8,63,0.6302083333333334,0.041666666666666664,4.033333333333333,6.528925619834711,14.0,1.6069444444444445,17,31,-3.2950490313059815,0.203452020586281,0.037283950617283956,0.7232378957055339,0.06406462675038525,0.2675894440097226,0.05460696183534623,0.015921052631578947,0.6699029126213593,0.5925925925925926,0.5714285714285714
medium_load,mappo_flat_critic,1024,13016,192,139,7,46,0.7239583333333334,0.036458333333333336,4.633333333333334,5.877697841726619,13.0,1.3430555555555554,14,8,-0.2751130674831123,0.19448415831525684,0.030895061728395064,0.7124164480282885,0.015495642701525054,0.3017417821829586,0.05437289369468263,0.014354575163398694,0.7912087912087912,0.6307692307692307,0.7222222222222222
medium_load,mappo_flat_critic,1024,13017,192,131,9,52,0.6822916666666666,0.046875,4.366666666666666,6.0534351145038165,12.0,1.5097222222222222,13,29,-1.5427207401746577,0.18974143445124778,0.03478395061728396,0.7301066665329614,0.059781041971444446,0.2917517650334988,0.05620234062352189,0.017364592035644666,0.7446808510638298,0.5636363636363636,0.6976744186046512
medium_load,mappo_flat_critic,1024,13018,192,126,10,56,0.65625,0.052083333333333336,4.2,6.134920634920635,13.0,1.5375,14,27,-2.3741024817587766,0.19753449153721767,0.03552469135802469,0.7321850515444719,0.05904315999904235,0.28832369700016763,0.05766635128624358,0.02308105293399411,0.6923076923076923,0.5806451612903226,0.6923076923076923
medium_load,mappo_flat_critic,1024,13019,192,129,6,57,0.671875,0.03125,4.3,6.10077519379845,13.0,1.5347222222222223,16,24,-0.8547211762732416,0.20285905344745372,0.03549382716049383,0.7340484373015347,0.05364118724412841,0.30713027713027713,0.05964756375072241,0.01388996624290742,0.6595744680851063,0.6551724137931034,0.725
medium_load,mappo_flat_critic,1024,13020,192,125,8,59,0.6510416666666666,0.041666666666666664,4.166666666666667,6.048,11.0,1.5083333333333333,13,35,-2.0199069831410066,0.2054084801364412,0.03496913580246914,0.7172346773709251,0.07271260100981464,0.28833678132439733,0.05814341433590853,0.01582290316036446,0.6162790697674418,0.65,0.717391304347826
medium_load,mappo_flat_critic,1024,13021,192,132,7,53,0.6875,0.036458333333333336,4.4,6.25,14.0,1.5152777777777777,19,31,-1.4927012776363102,0.19129672035487072,0.03493827160493827,0.7088188210486869,0.06414010138468343,0.2856226709593583,0.05503121513115258,0.014507080610021787,0.723404255319149,0.6,0.7083333333333334
medium_load,mappo_flat_critic,1024,13022,192,123,10,59,0.640625,0.052083333333333336,4.1,6.780487804878049,13.899999999999991,1.6847222222222222,18,33,-3.7730358063172393,0.21005386539363283,0.03888888888888888,0.7131815621361526,0.07014548689471291,0.2657537918451231,0.05455017365498924,0.020017785791779596,0.6732673267326733,0.5,0.7714285714285715
medium_load,mappo_flat_critic,1024,13023,192,129,4,59,0.671875,0.020833333333333332,4.3,6.27906976744186,12.599999999999994,1.4652777777777777,14,37,-2.4247283319581614,0.21856622323608849,0.034012345679012346,0.6997185226913708,0.07424695316723182,0.2757354393112907,0.05356156230076968,0.008227124183006536,0.6363636363636364,0.7419354838709677,0.6451612903225806
medium_load,mappo_flat_critic,1024,13024,192,119,16,57,0.6197916666666666,0.08333333333333333,3.966666666666667,6.19327731092437,13.0,1.6027777777777779,14,22,-4.91132553059645,0.21084813154623933,0.03700617283950617,0.7370398718202934,0.04680732121908592,0.2652837630778807,0.05593767147812541,0.03517507002801121,0.6741573033707865,0.578125,0.5641025641025641
medium_load,mappo_flat_critic,1024,13025,192,132,6,54,0.6875,0.03125,4.4,6.765151515151516,14.0,1.5611111111111111,15,29,-2.540722610965344,0.22257958918328005,0.035987654320987654,0.6886626577912409,0.05626902222877455,0.2748498760727863,0.052426774068314044,0.011096491228070176,0.7340425531914894,0.5925925925925926,0.7045454545454546
medium_load,mappo_flat_critic,1024,13026,192,125,7,60,0.6510416666666666,0.036458333333333336,4.166666666666667,6.288,12.0,1.5125,17,25,-2.5417955008399877,0.20655417060839737,0.03509259259259259,0.7177857639079657,0.05007751436157008,0.2761414550075541,0.054798982870544716,0.013996449456975773,0.6857142857142857,0.6153846153846154,0.6
medium_load,mappo_flat_critic,1024,13027,192,125,7,60,0.6510416666666666,0.036458333333333336,4.166666666666667,6.088,12.0,1.5263888888888888,14,25,-2.5072774530328283,0.20435123658746374,0.03540123456790124,0.7224265461784714,0.05573723934018051,0.28015292441763023,0.05634533023012703,0.016607142857142855,0.6568627450980392,0.6727272727272727,0.6
medium_load,mappo_flat_critic,1024,13028,192,129,7,56,0.671875,0.036458333333333336,4.3,6.364341085271318,14.0,1.5347222222222223,18,43,-2.4627802369760046,0.20295349007388033,0.03546296296296296,0.6972179218130757,0.08560586515307876,0.275322231231674,0.05415111458726581,0.01513401559454191,0.6792452830188679,0.6451612903225806,0.7083333333333334
medium_load,mappo_flat_critic,1024,13029,192,118,11,63,0.6145833333333334,0.057291666666666664,3.933333333333333,6.754237288135593,13.149999999999991,1.7416666666666667,16,42,-4.957444246889897,0.2145321837540904,0.04027777777777778,0.7145913838282485,0.08385321965043327,0.2524373880333633,0.05417586885911015,0.021942294461644307,0.625,0.6226415094339622,0.5813953488372093
medium_load,mappo_flat_critic,1024,13030,192,120,7,65,0.625,0.036458333333333336,4.0,6.575,15.149999999999991,1.5986111111111112,15,42,-2.8018919159249323,0.21026366095161622,0.03716049382716049,0.7233566830206097,0.09307277274382537,0.28174420608631134,0.05832661530510084,0.015383597883597885,0.616822429906542,0.5370370370370371,0.8064516129032258
medium_load,mappo_flat_critic,1024,13031,192,123,9,60,0.640625,0.046875,4.1,6.658536585365853,13.899999999999991,1.6263888888888889,15,38,-2.8260971106234773,0.21076538319255447,0.03762345679012346,0.7162498878533923,0.0757263256179665,0.28059112642316986,0.055975374209375754,0.017826797385620916,0.7263157894736842,0.5666666666666667,0.5405405405405406
medium_load,mappo_flat_critic,1024,13032,192,119,15,58,0.6197916666666666,0.078125,3.966666666666667,6.781512605042017,15.099999999999994,1.7013888888888888,16,25,-4.604674346368588,0.21809745092121022,0.0392283950617284,0.717352608496877,0.05241276897623647,0.2631588520984806,0.05546212844048955,0.027810805608793225,0.6559139784946236,0.5483870967741935,0.6486486486486487
medium_load,mappo_flat_critic,1024,13033,192,128,5,59,0.6666666666666666,0.026041666666666668,4.266666666666667,6.078125,12.0,1.4791666666666667,14,29,-2.2609619541881054,0.2222872253490406,0.034320987654320984,0.7086315005766557,0.0582048383905969,0.283007487295413,0.05514684753980885,0.010082477435418612,0.6021505376344086,0.7384615384615385,0.7058823529411765
medium_load,mappo_flat_critic,1024,13034,192,127,9,56,0.6614583333333334,0.046875,4.233333333333333,6.25984251968504,12.0,1.5138888888888888,12,31,-2.4972714862987972,0.2052875948136279,0.035,0.7134271461650284,0.06690895161483397,0.2818819415878239,0.055755331677438055,0.019023887332710862,0.6909090909090909,0.5652173913043478,0.6944444444444444
medium_load,mappo_flat_critic,1024,13035,192,127,8,57,0.6614583333333334,0.041666666666666664,4.233333333333333,6.417322834645669,14.0,1.6319444444444444,15,43,-3.0350962367829117,0.20805301300191517,0.03765432098765432,0.7082841950702571,0.0864208645671494,0.27265925909888755,0.05404171035127128,0.01574074074074074,0.7,0.6111111111111112,0.631578947368421
medium_load,mappo_flat_critic,1024,13036,192,136,5,51,0.7083333333333334,0.026041666666666668,4.533333333333333,5.838235294117647,11.0,1.3680555555555556,12,14,-0.3049987031581768,0.20306894253013133,0.03160493827160494,0.7168600671974334,0.02797442953789703,0.30402809393908475,0.05587451199634026,0.010128773731714908,0.6774193548387096,0.7096774193548387,0.7837837837837838
medium_load,mappo_flat_critic,1024,13037,192,132,6,54,0.6875,0.03125,4.4,6.371212121212121,14.0,1.5472222222222223,11,32,-2.291184344972372,0.21698228709403775,0.035679012345679016,0.6879589667102436,0.058976244343891406,0.2772465225406402,0.053265984409671153,0.012119514472455649,0.759493670886076,0.640625,0.6326530612244898
medium_load,mappo_flat_critic,1024,13038,192,124,11,57,0.6458333333333334,0.057291666666666664,4.133333333333334,6.5,12.0,1.6472222222222221,15,40,-4.057437973115237,0.21500712702650476,0.03799382716049383,0.7151799521493557,0.0817499316415725,0.2678571828068732,0.054679766232114284,0.023076085134908664,0.7340425531914894,0.5161290322580645,0.6388888888888888
medium_load,mappo_flat_critic,1024,13039,192,127,11,54,0.6614583333333334,0.057291666666666664,4.233333333333333,6.165354330708661,12.0,1.6041666666666667,13,33,-2.962347366379532,0.20319493573538322,0.03694444444444444,0.7219191366596533,0.07105663385462148,0.2821909533248543,0.056541504193878614,0.024775641025641025,0.696969696969697,0.6440677966101694,0.5882352941176471
medium_load,mappo_flat_critic,1024,13040,192,132,12,48,0.6875,0.0625,4.4,5.893939393939394,12.0,1.45,11,38,-2.9181204341687996,0.2075677010966951,0.03333333333333333,0.7056718958648056,0.07644662727480064,0.27769761470612864,0.05283336250624304,0.02251146657493407,0.6470588235294118,0.7096774193548387,0.7333333333333333
medium_load,mappo_flat_critic,1024,13041,192,114,13,65,0.59375,0.06770833333333333,3.8,6.921052631578948,13.0,1.7180555555555554,14,23,-5.969772897479607,0.23871205498980205,0.03981481481481482,0.7251960662791287,0.04705910647087118,0.24983125520277222,0.05437669648759533,0.025321754698689684,0.6263736263736264,0.49230769230769234,0.6944444444444444
medium_load,mappo_flat_critic,1024,13042,192,124,8,60,0.6458333333333334,0.041666666666666664,4.133333333333334,6.274193548387097,13.0,1.511111111111111,14,49,-3.1791351614020336,0.20840474062364817,0.03506172839506173,0.7112169242049814,0.09919478497651872,0.2717455954491558,0.05430494693017741,0.016065162907268168,0.673469387755102,0.6153846153846154,0.6190476190476191
medium_load,mappo_flat_critic,1024,13043,192,122,10,60,0.6354166666666666,0.052083333333333336,4.066666666666666,6.327868852459017,14.949999999999989,1.6069444444444445,15,33,-3.9495092436869204,0.20990049915198813,0.037191358024691354,0.7310750705064688,0.06639262812637427,0.2664438418192288,0.05431310920200106,0.020318517195452183,0.6595744680851063,0.603448275862069,0.625
medium_load,mappo_flat_critic,1024,13044,192,126,9,57,0.65625,0.046875,4.2,5.809523809523809,12.0,1.5125,14,31,-1.5113045410814432,0.18726167084384887,0.035,0.7177303684697247,0.06671027501909856,0.2894615406380112,0.05719878118428429,0.018055555555555554,0.7244897959183674,0.6545454545454545,0.48717948717948717
medium_load,mappo_flat_critic,1024,13045,192,125,6,61,0.6510416666666666,0.03125,4.166666666666667,6.152,12.0,1.4833333333333334,15,25,-1.6199176316185144,0.1978079557268842,0.03447530864197531,0.7264112035703215,0.05009701541435287,0.28730230525122163,0.05696718383410048,0.012145969498910676,0.6041666666666666,0.6607142857142857,0.75
medium_load,mappo_flat_critic,1024,13046,192,133,7,52,0.6927083333333334,0.036458333333333336,4.433333333333334,6.879699248120301,14.0,1.5944444444444446,15,30,-2.460631733794793,0.22290379358936263,0.03666666666666667,0.6890247554068236,0.05652310924369749,0.2799556407644643,0.05314565165946329,0.014281823840647372,0.717391304347826,0.6714285714285714,0.6666666666666666
medium_load,mappo_flat_critic,1024,13047,192,129,5,58,0.671875,0.026041666666666668,4.3,6.24031007751938,13.0,1.5194444444444444,14,28,-0.9926523134768839,0.20109075344642877,0.035185185185185194,0.7268816756102164,0.06057093777682012,0.29837659345012285,0.05788411135166763,0.009629629629629629,0.6296296296296297,0.7083333333333334,0.75
medium_load,mappo_flat_critic,1024,13048,192,120,8,64,0.625,0.041666666666666664,4.0,6.775,14.049999999999997,1.676388888888889,19,35,-3.439502840784484,0.2124170402498307,0.03885802469135803,0.7266640543498262,0.07088904072650203,0.27170809639849886,0.05611234176937672,0.015720878994872803,0.6210526315789474,0.625,0.6341463414634146
medium_load,mappo_flat_critic,1024,13049,192,125,9,58,0.6510416666666666,0.046875,4.166666666666667,6.384,12.0,1.5597222222222222,15,29,-2.768546568245568,0.20575496573191512,0.03608024691358025,0.7110911791203185,0.05891464458027925,0.2755620133793509,0.0552692528182288,0.017967152673035027,0.6886792452830188,0.625,0.5666666666666667
medium_load,mappo_flat_critic,1024,13050,192,131,10,51,0.6822916666666666,0.052083333333333336,4.366666666666666,5.847328244274809,12.5,1.4402777777777778,19,39,-1.6255391021145513,0.19729501846993744,0.03320987654320987,0.7096683656641042,0.07670802824053596,0.2913677340031829,0.05502000355927243,0.018689698101462808,0.7157894736842105,0.6491228070175439,0.65
medium_load,mappo_no_ppo_protection,7,13001,192,116,10,66,0.6041666666666666,0.052083333333333336,3.8666666666666667,6.413793103448276,15.25,1.6458333333333333,18,8,-3.8161049829222096,0.2037238857500315,0.03824074074074075,0.7057434630256363,0.015277777777777779,0.25242138308314777,0.05426838810376738,0.018187830687830687,0.6261682242990654,0.6122448979591837,0.5277777777777778
medium_load,mappo_no_ppo_protection,7,13002,192,120,15,57,0.625,0.078125,4.0,6.3,12.049999999999997,1.6111111111111112,19,15,-4.208374496597409,0.19503587302561737,0.037191358024691354,0.7119949392723561,0.028974069159827677,0.25542514846694414,0.053099940031098615,0.029619104951922288,0.7319587628865979,0.4339622641509434,0.6190476190476191
medium_load,mappo_no_ppo_protection,7,13003,192,114,11,67,0.59375,0.057291666666666664,3.8,6.254385964912281,14.349999999999994,1.648611111111111,18,17,-4.256823709578359,0.21111766188014763,0.03833333333333333,0.7125847413408405,0.030807574491785016,0.25427661276345487,0.055281591197962325,0.02034048797206692,0.6458333333333334,0.5645161290322581,0.5
medium_load,mappo_no_ppo_protection,7,13004,192,112,11,69,0.5833333333333334,0.057291666666666664,3.7333333333333334,6.758928571428571,14.0,1.6541666666666666,17,15,-5.413643593614443,0.23468834334103747,0.038518518518518514,0.683619624898664,0.02657094124199387,0.2396393949760823,0.052545657005444196,0.020925925925925924,0.5476190476190477,0.5333333333333333,0.7083333333333334
medium_load,mappo_no_ppo_protection,7,13005,192,117,12,63,0.609375,0.0625,3.9,6.931623931623932,14.199999999999989,1.6430555555555555,14,25,-4.9752314492016145,0.2338575392718661,0.03808641975308642,0.7153867805041598,0.04676323862469373,0.2573072849349939,0.05449977738557114,0.02181646369339868,0.6470588235294118,0.5362318840579711,0.6578947368421053
medium_load,mappo_no_ppo_protection,7,13006,192,124,13,55,0.6458333333333334,0.06770833333333333,4.133333333333334,6.016129032258065,13.0,1.5430555555555556,17,8,-2.751056165740586,0.19886286924242288,0.035617283950617286,0.7329824146507165,0.017675070028011206,0.2834921831980656,0.05755546188185114,0.02777388733271086,0.6767676767676768,0.603448275862069,0.6285714285714286
medium_load,mappo_no_ppo_protection,7,13007,192,122,6,64,0.6354166666666666,0.03125,4.066666666666666,6.377049180327869,14.949999999999989,1.5638888888888889,17,3,-1.3120688026057927,0.1950834727420012,0.036358024691358036,0.738490151902651,0.006127450980392158,0.29075792943440004,0.05820512483438059,0.012395257248198425,0.6534653465346535,0.5454545454545454,0.7222222222222222
medium_load,mappo_no_ppo_protection,7,13008,192,121,9,62,0.6302083333333334,0.046875,4.033333333333333,6.694214876033058,15.0,1.6680555555555556,19,25,-3.164609653054329,0.1990942353461421,0.03861111111111112,0.7201264716067322,0.049298102281848416,0.26690923212208045,0.05507143323169228,0.01694616443068455,0.6283185840707964,0.6304347826086957,0.6363636363636364
medium_load,mappo_no_ppo_protection,7,13009,192,126,8,58,0.65625,0.041666666666666664,4.2,6.436507936507937,14.0,1.5208333333333333,13,6,-2.269144423026306,0.2005810095191645,0.03521604938271605,0.7169525562285894,0.011046324962733632,0.27591263698461843,0.054259900555819265,0.01629901960784314,0.696969696969697,0.5833333333333334,0.6666666666666666
medium_load,mappo_no_ppo_protection,7,13010,192,123,9,60,0.640625,0.046875,4.1,6.520325203252033,13.0,1.5958333333333334,15,2,-3.3382779653632757,0.22212439415604196,0.03694444444444444,0.7002965783116567,0.003837719298245614,0.26485204180637617,0.05382406602874414,0.01650091323078939,0.6813186813186813,0.6056338028169014,0.6
medium_load,mappo_no_ppo_protection,7,13011,192,111,16,65,0.578125,0.08333333333333333,3.7,6.405405405405405,13.0,1.6958333333333333,13,22,-5.313924344993285,0.2152405838664101,0.03932098765432099,0.6951118720366736,0.03829520138730665,0.24212812213586207,0.05390062059086534,0.027042321713374343,0.6075949367088608,0.4576271186440678,0.6666666666666666
medium_load,mappo_no_ppo_protection,7,13012,192,121,11,60,0.6302083333333334,0.057291666666666664,4.033333333333333,7.214876033057851,16.0,1.7958333333333334,15,1,-4.757271668435394,0.22985077458295575,0.04138888888888889,0.7240992257405225,0.0020833333333333333,0.25691752548563696,0.05382160825036518,0.02080022359821121,0.6666666666666666,0.603448275862069,0.5789473684210527
medium_load,mappo_no_ppo_protection,7,13013,192,104,18,70,0.5416666666666666,0.09375,3.466666666666667,6.538461538461538,13.849999999999994,1.7833333333333334,16,25,-6.262077347934987,0.1995304772208311,0.04141975308641976,0.6935426662248191,0.044494180713220956,0.22536279467007025,0.05296018625219652,0.03291451668386653,0.6590909090909091,0.35384615384615387,0.5897435897435898
medium_load,mappo_no_ppo_protection,7,13014,192,123,13,56,0.640625,0.06770833333333333,4.1,6.536585365853658,12.0,1.5597222222222222,15,8,-4.48016582879841,0.21997335757270325,0.03601851851851852,0.6964309073894993,0.016795419922354907,0.25270336789686637,0.051447177351498084,0.02461908447589562,0.7241379310344828,0.5483870967741935,0.6046511627906976
medium_load,mappo_no_ppo_protection,7,13015,192,112,12,68,0.5833333333333334,0.0625,3.7333333333333334,6.4375,14.0,1.6458333333333333,17,22,-5.148857754734269,0.21037235452581274,0.038302469135802465,0.7236595304116188,0.04220591542959964,0.24659317978203432,0.05414875836417153,0.024057398712971467,0.6213592233009708,0.48148148148148145,0.6285714285714286
medium_load,mappo_no_ppo_protection,7,13016,192,133,9,50,0.6927083333333334,0.046875,4.433333333333334,5.56390977443609,10.399999999999991,1.3791666666666667,10,4,-1.3512823691040863,0.19325256435689817,0.03182098765432098,0.7078133174943062,0.008004385964912281,0.28375719023551843,0.05370310875319064,0.016484962406015036,0.7362637362637363,0.6307692307692307,0.6944444444444444
medium_load,mappo_no_ppo_protection,7,13017,192,126,8,58,0.65625,0.041666666666666664,4.2,5.76984126984127,11.0,1.5263888888888888,12,19,-2.401540686044217,0.19300443315210888,0.035339506172839506,0.7254200831312926,0.036833046983975784,0.2734630833276344,0.05423718269987845,0.015100557766966437,0.6914893617021277,0.6,0.6511627906976745
medium_load,mappo_no_ppo_protection,7,13018,192,116,14,62,0.6041666666666666,0.07291666666666667,3.8666666666666667,6.448275862068965,17.0,1.7013888888888888,17,14,-4.728076040156527,0.20629282846457547,0.03935185185185185,0.7242288577672967,0.028641026586073023,0.25431077364900895,0.05502136758228778,0.027552500532376695,0.5934065934065934,0.5645161290322581,0.6923076923076923
medium_load,mappo_no_ppo_protection,7,13019,192,113,12,67,0.5885416666666666,0.0625,3.7666666666666666,5.823008849557522,13.399999999999991,1.6152777777777778,20,9,-3.5647383399072847,0.1968531859641932,0.037592592592592594,0.7256088292805367,0.016704779998123653,0.2641321429401925,0.056899769523077764,0.024163144790079773,0.574468085106383,0.5344827586206896,0.7
medium_load,mappo_no_ppo_protection,7,13020,192,111,15,66,0.578125,0.078125,3.7,6.414414414414415,16.5,1.6555555555555554,15,16,-5.263807050084672,0.21182859728708806,0.038456790123456784,0.7217256151242634,0.031133655216472555,0.24982567942320263,0.056577826279525165,0.029885121614997776,0.5697674418604651,0.5166666666666667,0.6739130434782609
medium_load,mappo_no_ppo_protection,7,13021,192,122,8,62,0.6354166666666666,0.041666666666666664,4.066666666666666,6.745901639344262,14.0,1.6125,17,12,-3.2865808769098663,0.20923619597291998,0.03737654320987655,0.7129551952416573,0.022723475355054302,0.26310135971126675,0.054272972435509236,0.01508419742165872,0.6702127659574468,0.52,0.6875
medium_load,mappo_no_ppo_protection,7,13022,192,108,16,68,0.5625,0.08333333333333333,3.6,6.935185185185185,17.0,1.8027777777777778,24,19,-6.455281446896293,0.21365451867319632,0.041790123456790125,0.7159239246219812,0.037620897477708616,0.23177936542874628,0.05380558727929677,0.030390730557139225,0.6138613861386139,0.375,0.7142857142857143
medium_load,mappo_no_ppo_protection,7,13023,192,124,6,62,0.6458333333333334,0.03125,4.133333333333334,6.475806451612903,14.0,1.5444444444444445,18,10,-3.461781978220543,0.22334216720871541,0.0358641975308642,0.7025877040013447,0.019074074074074073,0.2600159936382847,0.05236718868165269,0.011522904483430798,0.6262626262626263,0.6935483870967742,0.6129032258064516
medium_load,mappo_no_ppo_protection,7,13024,192,109,18,65,0.5677083333333334,0.09375,3.6333333333333333,6.5504587155963305,14.0,1.7222222222222223,19,6,-6.367079176295715,0.21541843547466,0.039907407407407405,0.7230154723782243,0.0118218954248366,0.2360782250372034,0.05358608481631565,0.03390866873065015,0.6404494382022472,0.46875,0.5641025641025641
medium_load,mappo_no_ppo_protection,7,13025,192,114,12,66,0.59375,0.0625,3.8,7.0964912280701755,14.0,1.7583333333333333,17,14,-5.761314332697658,0.2316304662970828,0.04074074074074074,0.6848388731324079,0.026831716042242357,0.23253585037253768,0.050633831273795164,0.02002164502164502,0.6595744680851063,0.48148148148148145,0.5909090909090909
medium_load,mappo_no_ppo_protection,7,13026,192,118,7,67,0.6145833333333334,0.036458333333333336,3.933333333333333,6.491525423728813,13.149999999999991,1.586111111111111,21,7,-3.264215111385739,0.2054491488026768,0.03694444444444445,0.7270251196418036,0.014323246842596688,0.26247514997901994,0.0548557857640324,0.013444989106753813,0.638095238095238,0.6153846153846154,0.5428571428571428
medium_load,mappo_no_ppo_protection,7,13027,192,122,11,59,0.6354166666666666,0.057291666666666664,4.066666666666666,6.442622950819672,13.0,1.5638888888888889,14,18,-4.289663588522046,0.2120965807159276,0.03620370370370371,0.712384079143538,0.03602746654217242,0.25529536825976457,0.05270537059776755,0.02192595459236326,0.6764705882352942,0.5818181818181818,0.6
medium_load,mappo_no_ppo_protection,7,13028,192,120,11,61,0.625,0.057291666666666664,4.0,6.516666666666667,15.0,1.5875,18,19,-4.177292383969086,0.20949040736972208,0.03679012345679012,0.7125285169370127,0.03733128226549279,0.2559469737062616,0.053719521830310014,0.021556026819184716,0.6981132075471698,0.5,0.625
medium_load,mappo_no_ppo_protection,7,13029,192,113,14,65,0.5885416666666666,0.07291666666666667,3.7666666666666666,7.1946902654867255,16.0,1.8569444444444445,20,19,-6.0007531778128085,0.2210603663614707,0.04290123456790123,0.7248537516196512,0.034781356987239345,0.24120222370222372,0.05358018183794948,0.026153516962340487,0.6145833333333334,0.5849056603773585,0.5348837209302325
medium_load,mappo_no_ppo_protection,7,13030,192,119,11,62,0.6197916666666666,0.057291666666666664,3.966666666666667,6.487394957983193,15.0,1.6222222222222222,15,24,-3.4306191079930493,0.20034575304387173,0.037592592592592594,0.7205161262934863,0.050287543983364415,0.26780733656894645,0.05653707264976985,0.021789768538994544,0.6261682242990654,0.5185185185185185,0.7741935483870968
medium_load,mappo_no_ppo_protection,7,13031,192,114,12,66,0.59375,0.0625,3.8,6.350877192982456,15.0,1.6444444444444444,22,9,-3.992275066806428,0.2019823558964186,0.03820987654320988,0.7299157313622934,0.018179455992923487,0.25992998115289134,0.05624322718777749,0.02308373056825069,0.6947368421052632,0.48333333333333334,0.5135135135135135
medium_load,mappo_no_ppo_protection,7,13032,192,109,18,65,0.5677083333333334,0.09375,3.6333333333333333,7.155963302752293,17.0,1.7930555555555556,19,16,-6.68129352908869,0.22802812520124224,0.04148148148148148,0.705924660552029,0.031924246777187956,0.23546758524699704,0.053824445770506185,0.0338510101010101,0.5913978494623656,0.41935483870967744,0.7567567567567568
medium_load,mappo_no_ppo_protection,7,13033,192,115,9,68,0.5989583333333334,0.046875,3.8333333333333335,6.356521739130435,14.0,1.5944444444444446,17,6,-4.008403054966118,0.21975377124451032,0.03716049382716049,0.7132323659974688,0.01267156862745098,0.25810131317484264,0.05529803713517191,0.017826797385620916,0.5591397849462365,0.6153846153846154,0.6764705882352942
medium_load,mappo_no_ppo_protection,7,13034,192,121,13,58,0.6302083333333334,0.06770833333333333,4.033333333333333,6.595041322314049,14.0,1.5888888888888888,19,7,-3.5792283700564207,0.200792679743688,0.036728395061728404,0.7089762531827465,0.01473194833488951,0.2621947648727834,0.05375729054700123,0.02535575048732943,0.6727272727272727,0.43478260869565216,0.75
medium_load,mappo_no_ppo_protection,7,13035,192,114,14,64,0.59375,0.07291666666666667,3.8,6.921052631578948,16.349999999999994,1.8263888888888888,19,15,-5.466116319578713,0.2111821027054301,0.04219135802469135,0.7051136395271821,0.027279964617425916,0.23953910010411555,0.052952695495210526,0.026519403082870575,0.64,0.5185185185185185,0.5789473684210527
medium_load,mappo_no_ppo_protection,7,13036,192,126,8,58,0.65625,0.041666666666666664,4.2,6.134920634920635,13.0,1.4597222222222221,15,5,-2.076169981920458,0.20276153125616797,0.03385802469135802,0.7140561040185633,0.009799826363293854,0.2787883200963696,0.054833176697222236,0.016231510147918814,0.6666666666666666,0.5967741935483871,0.7297297297297297
medium_load,mappo_no_ppo_protection,7,13037,192,125,8,59,0.6510416666666666,0.041666666666666664,4.166666666666667,6.384,14.0,1.5819444444444444,13,17,-3.0674015375371324,0.2081445189029927,0.03660493827160494,0.6991357554668921,0.027722336143388773,0.2625248971301603,0.052853873044615154,0.01473515519568151,0.7088607594936709,0.609375,0.6122448979591837
medium_load,mappo_no_ppo_protection,7,13038,192,110,15,67,0.5729166666666666,0.078125,3.6666666666666665,6.736363636363636,13.549999999999997,1.7,16,21,-6.31261445789863,0.21503922139707335,0.039475308641975314,0.7196799449080445,0.039991973397546156,0.2328897548673091,0.05299661093681719,0.028221247563352828,0.6808510638297872,0.3709677419354839,0.6388888888888888
medium_load,mappo_no_ppo_protection,7,13039,192,121,12,59,0.6302083333333334,0.0625,4.033333333333333,6.264462809917355,12.0,1.6291666666666667,13,7,-4.038033184760061,0.2151436386775086,0.03765432098765432,0.7099368174205478,0.014076627993036661,0.26001387186371705,0.05459947149411378,0.023059036480089112,0.6464646464646465,0.5932203389830508,0.6470588235294118
medium_load,mappo_no_ppo_protection,7,13040,192,117,15,60,0.609375,0.078125,3.9,6.316239316239316,16.0,1.575,15,18,-5.426522265162297,0.22297728158752117,0.036481481481481476,0.7113471670366902,0.031639463334509774,0.2477934080023863,0.053192699082037435,0.028493839322012698,0.5764705882352941,0.6451612903225806,0.6222222222222222
medium_load,mappo_no_ppo_protection,7,13041,192,116,15,61,0.6041666666666666,0.078125,3.8666666666666667,6.620689655172414,13.5,1.6402777777777777,11,8,-5.012444521497591,0.21626733287526032,0.03796296296296296,0.7182435667175164,0.014573197700132686,0.2507689442480464,0.05362343064823819,0.02729145166838665,0.6373626373626373,0.49230769230769234,0.7222222222222222
medium_load,mappo_no_ppo_protection,7,13042,192,115,11,66,0.5989583333333334,0.057291666666666664,3.8333333333333335,6.452173913043478,13.0,1.6,17,14,-4.941370217201764,0.21551432666572817,0.037222222222222226,0.719858030163314,0.02713370435893656,0.2484155052034309,0.05408028841971986,0.022743730870665856,0.6122448979591837,0.5961538461538461,0.5714285714285714
medium_load,mappo_no_ppo_protection,7,13043,192,121,13,58,0.6302083333333334,0.06770833333333333,4.033333333333333,6.528925619834711,15.0,1.6430555555555555,16,10,-4.759586851027657,0.21294463082136075,0.0379320987654321,0.7339446731357027,0.019542483660130717,0.25677044074489896,0.05329298746670123,0.026346667321899518,0.6595744680851063,0.5517241379310345,0.675
medium_load,mappo_no_ppo_protection,7,13044,192,118,11,63,0.6145833333333334,0.057291666666666664,3.933333333333333,6.288135593220339,14.299999999999983,1.6527777777777777,17,4,-3.136370479090878,0.1937559789264452,0.03830246913580247,0.7148343318122877,0.008004385964912281,0.2640132521130973,0.05541638444752406,0.02180727554179567,0.6938775510204082,0.6,0.4358974358974359
medium_load,mappo_no_ppo_protection,7,13045,192,111,13,68,0.578125,0.06770833333333333,3.7,6.018018018018018,14.0,1.5930555555555554,22,8,-4.678134977462925,0.21257720294609386,0.03712962962962963,0.7192320067918667,0.014631349615869739,0.2519518793899599,0.05537847237625645,0.02474028207774338,0.5729166666666666,0.5535714285714286,0.625
medium_load,mappo_no_ppo_protection,7,13046,192,116,11,65,0.6041666666666666,0.057291666666666664,3.8666666666666667,6.370689655172414,13.0,1.7013888888888888,21,14,-5.150959009441986,0.217691224566221,0.03944444444444444,0.6894964116381697,0.026243734335839597,0.23778881263788385,0.05172680423141583,0.021429922846331516,0.6304347826086957,0.5714285714285714,0.6
medium_load,mappo_no_ppo_protection,7,13047,192,119,11,62,0.6197916666666666,0.057291666666666664,3.966666666666667,6.100840336134453,13.0,1.5625,14,9,-2.9474321532824597,0.19570257303387967,0.03626543209876543,0.7244611110574138,0.017675070028011206,0.2719102526300669,0.05604651012824437,0.022991552221428384,0.5833333333333334,0.6041666666666666,0.75
medium_load,mappo_no_ppo_protection,7,13048,192,127,8,57,0.6614583333333334,0.041666666666666664,4.233333333333333,6.692913385826771,12.699999999999989,1.5902777777777777,13,10,-2.2702364248449562,0.21028433334654775,0.0367283950617284,0.7360082706858527,0.021551808757691113,0.2873099449570038,0.056681663619550446,0.016322362278244632,0.6842105263157895,0.5892857142857143,0.7073170731707317
medium_load,mappo_no_ppo_protection,7,13049,192,115,14,63,0.5989583333333334,0.07291666666666667,3.8333333333333335,6.539130434782609,14.299999999999997,1.6666666666666667,19,4,-4.500287819743005,0.20536303542740522,0.03861111111111112,0.7134614903254769,0.00799253034547152,0.2517219535137492,0.054347691617317784,0.026718778154536667,0.6226415094339622,0.5535714285714286,0.6
medium_load,mappo_no_ppo_protection,7,13050,192,122,13,57,0.6354166666666666,0.06770833333333333,4.066666666666666,5.852459016393443,12.0,1.4805555555555556,17,16,-2.6068536544370757,0.19299380932512317,0.034290123456790125,0.7175861982011471,0.029976636853571836,0.27650820699195316,0.055395849737528896,0.02457880813143971,0.7263157894736842,0.5789473684210527,0.5
medium_load,mappo_no_ppo_protection,42,13001,192,128,6,58,0.6666666666666666,0.03125,4.266666666666667,6.4609375,12.0,1.5694444444444444,10,36,-2.635662711682265,0.20569696998685552,0.0362962962962963,0.6933604917382342,0.06432714058101055,0.2658353406998918,0.051969093579168436,0.010024757377698553,0.7009345794392523,0.673469387755102,0.5555555555555556
medium_load,mappo_no_ppo_protection,42,13002,192,116,12,64,0.6041666666666666,0.0625,3.8666666666666667,6.724137931034483,13.0,1.7194444444444446,15,36,-5.565865580010759,0.21505309443615664,0.03981481481481482,0.7049512880672694,0.06438729728590409,0.2367909694651181,0.051165385652063224,0.020868101626615558,0.6804123711340206,0.4528301886792453,0.6190476190476191
medium_load,mappo_no_ppo_protection,42,13003,192,114,11,67,0.59375,0.057291666666666664,3.8,6.535087719298246,13.0,1.6805555555555556,16,29,-5.269312569742037,0.23437967006015023,0.03904320987654321,0.7024442939121894,0.054976037464427564,0.24923916569040408,0.05413298312721529,0.020438596491228072,0.6041666666666666,0.5483870967741935,0.6470588235294118
medium_load,mappo_no_ppo_protection,42,13004,192,117,8,67,0.609375,0.041666666666666664,3.9,6.162393162393163,12.199999999999989,1.5763888888888888,15,37,-3.963479173372456,0.2112503597464989,0.036728395061728404,0.6787265755306058,0.06621838974006158,0.24667533905150002,0.051756483043804716,0.01352548036758563,0.5714285714285714,0.6,0.6875
medium_load,mappo_no_ppo_protection,42,13005,192,129,7,56,0.671875,0.036458333333333336,4.3,6.465116279069767,12.0,1.5027777777777778,10,32,-2.9328590805116965,0.22908924903425512,0.03475308641975309,0.7166561572405196,0.061628540305010894,0.2805277807561089,0.05455442067769307,0.012908291971759465,0.6823529411764706,0.6521739130434783,0.6842105263157895
medium_load,mappo_no_ppo_protection,42,13006,192,125,13,54,0.6510416666666666,0.06770833333333333,4.166666666666667,6.48,13.799999999999997,1.5875,14,35,-3.3025799594035203,0.20776812539814155,0.03657407407407407,0.7323341327369204,0.07449388846447672,0.28216145782322255,0.05735231170488946,0.025290227201991908,0.6767676767676768,0.5517241379310345,0.7428571428571429
medium_load,mappo_no_ppo_protection,42,13007,192,131,2,59,0.6822916666666666,0.010416666666666666,4.366666666666666,6.3816793893129775,12.5,1.5208333333333333,11,29,-0.21613271652089877,0.19510606432367483,0.03524691358024691,0.7224404035332493,0.056030778074121726,0.3003631463422485,0.05692827491269128,0.003253968253968254,0.693069306930693,0.6181818181818182,0.75
medium_load,mappo_no_ppo_protection,42,13008,192,122,7,63,0.6354166666666666,0.036458333333333336,4.066666666666666,6.483606557377049,13.949999999999989,1.6416666666666666,13,45,-3.1603751007697682,0.1997022150082869,0.03805555555555555,0.7067724364655193,0.08048206709584417,0.26323137188462264,0.05407391663960744,0.01338594884647516,0.6106194690265486,0.6956521739130435,0.6363636363636364
medium_load,mappo_no_ppo_protection,42,13009,192,125,7,60,0.6510416666666666,0.036458333333333336,4.166666666666667,6.36,13.0,1.5541666666666667,13,24,-2.8852431305731323,0.21009571016729692,0.036018518518518526,0.7108008384976103,0.04768269971056349,0.26996593734209834,0.053774146794842846,0.013440873425393548,0.6767676767676768,0.65,0.5757575757575758
medium_load,mappo_no_ppo_protection,42,13010,192,123,8,61,0.640625,0.041666666666666664,4.1,6.1138211382113825,11.0,1.5180555555555555,15,23,-3.2922999997698015,0.22106510047082423,0.03524691358024692,0.6906434770451082,0.04247620685701181,0.263804828499101,0.05315690756390435,0.014478844169246646,0.6813186813186813,0.6197183098591549,0.5666666666666667
medium_load,mappo_no_ppo_protection,42,13011,192,121,11,60,0.6302083333333334,0.057291666666666664,4.033333333333333,5.950413223140496,13.0,1.5416666666666667,11,38,-3.1079583464254563,0.20748228696413953,0.03574074074074074,0.7049931274930162,0.07051738408936552,0.271541953918115,0.05516652644750158,0.019245473308940806,0.6835443037974683,0.559322033898305,0.6296296296296297
medium_load,mappo_no_ppo_protection,42,13012,192,127,6,59,0.6614583333333334,0.03125,4.233333333333333,6.7795275590551185,13.699999999999989,1.7152777777777777,13,26,-3.3222624333041084,0.2205247072682037,0.0395679012345679,0.7002263687244373,0.048106432467887573,0.2644866137474497,0.05294382280072498,0.011253713606654784,0.65625,0.7068965517241379,0.6052631578947368
medium_load,mappo_no_ppo_protection,42,13013,192,113,10,69,0.5885416666666666,0.052083333333333336,3.7666666666666666,6.716814159292035,14.0,1.7166666666666666,13,30,-5.430406480844338,0.23171427611767192,0.03990740740740741,0.6959280404771202,0.054297763496679904,0.24103312236439173,0.05273220639034057,0.017671399234866728,0.6590909090909091,0.47692307692307695,0.6153846153846154
medium_load,mappo_no_ppo_protection,42,13014,192,122,6,64,0.6354166666666666,0.03125,4.066666666666666,6.770491803278689,12.0,1.6208333333333333,13,39,-4.23313461170341,0.23624679521314984,0.03762345679012346,0.6957070553553495,0.0731817415694788,0.25856454718835253,0.05265525037111683,0.012066309879777375,0.6781609195402298,0.6612903225806451,0.5116279069767442
medium_load,mappo_no_ppo_protection,42,13015,192,121,7,64,0.6302083333333334,0.036458333333333336,4.033333333333333,6.818181818181818,16.0,1.6416666666666666,16,36,-4.1916225959900695,0.21923801645087837,0.03808641975308642,0.7162064378104128,0.06887928563238162,0.25730624323503587,0.053166708274349016,0.013715170278637773,0.6601941747572816,0.5925925925925926,0.6
medium_load,mappo_no_ppo_protection,42,13016,192,132,6,54,0.6875,0.03125,4.4,5.7727272727272725,12.899999999999977,1.363888888888889,12,11,-1.2824761256102954,0.19592101394752157,0.031604938271604946,0.6995591507250478,0.02158150128738364,0.28079001608413373,0.05349944992019896,0.01183922558922559,0.7252747252747253,0.6461538461538462,0.6666666666666666
medium_load,mappo_no_ppo_protection,42,13017,192,115,8,69,0.5989583333333334,0.041666666666666664,3.8333333333333335,6.2956521739130435,12.0,1.6569444444444446,14,24,-3.709440911168792,0.20502423246157128,0.038580246913580245,0.7279602246193247,0.04596792225662195,0.260988704134989,0.055922568001465424,0.015485527544351072,0.6808510638297872,0.5636363636363636,0.46511627906976744
medium_load,mappo_no_ppo_protection,42,13018,192,122,10,60,0.6354166666666666,0.052083333333333336,4.066666666666666,6.508196721311475,13.0,1.6819444444444445,12,30,-3.3681110231395883,0.2094285490994869,0.03885802469135803,0.7084312675370165,0.05798343111423608,0.26893100335050796,0.05498985077208483,0.01915305010893246,0.6153846153846154,0.6129032258064516,0.717948717948718
medium_load,mappo_no_ppo_protection,42,13019,192,122,9,61,0.6354166666666666,0.046875,4.066666666666666,6.401639344262295,14.0,1.6388888888888888,13,23,-2.835691102038903,0.20567213768711473,0.037932098765432104,0.7290685863812217,0.04415522242921623,0.27793782183875065,0.05698065718756497,0.01765873015873016,0.6276595744680851,0.5689655172413793,0.75
medium_load,mappo_no_ppo_protection,42,13020,192,110,12,70,0.5729166666666666,0.0625,3.6666666666666665,6.2,12.549999999999997,1.6583333333333334,11,38,-4.812388397573787,0.21191623245862398,0.038641975308641975,0.7107270398130139,0.07450788862553569,0.25187838849603555,0.05670386512756314,0.022702213363978072,0.5232558139534884,0.5666666666666667,0.6739130434782609
medium_load,mappo_no_ppo_protection,42,13021,192,123,6,63,0.640625,0.03125,4.1,6.300813008130081,12.0,1.575,14,25,-2.8689941842264943,0.19907885418208213,0.03657407407407408,0.7091558704139584,0.0479140866873065,0.26162323858918285,0.05308625910464989,0.010536062378167642,0.6702127659574468,0.62,0.6041666666666666
medium_load,mappo_no_ppo_protection,42,13022,192,118,11,63,0.6145833333333334,0.057291666666666664,3.933333333333333,6.703389830508475,12.149999999999991,1.6861111111111111,15,35,-5.188730059311543,0.22028248685047716,0.03904320987654321,0.7148808533443234,0.06755678474718722,0.2476908208177558,0.05286306615871324,0.020292082645023822,0.6534653465346535,0.4642857142857143,0.7428571428571429
medium_load,mappo_no_ppo_protection,42,13023,192,123,6,63,0.640625,0.03125,4.1,6.495934959349594,13.0,1.5569444444444445,13,32,-3.7945234846415405,0.22255784828539582,0.036172839506172845,0.6894675372953107,0.06000459364623451,0.25525544272835293,0.05212996087106977,0.011775599128540305,0.6262626262626263,0.6935483870967742,0.5806451612903226
medium_load,mappo_no_ppo_protection,42,13024,192,116,17,59,0.6041666666666666,0.08854166666666667,3.8666666666666667,6.146551724137931,13.0,1.6444444444444444,15,17,-5.230973293508222,0.20825542875258757,0.03799382716049383,0.7222265763673507,0.03306757498320966,0.2530860920412004,0.054838277146596316,0.03433841957835766,0.6292134831460674,0.578125,0.5897435897435898
medium_load,mappo_no_ppo_protection,42,13025,192,118,6,68,0.6145833333333334,0.03125,3.933333333333333,7.211864406779661,15.149999999999991,1.7041666666666666,17,30,-5.038110723876584,0.2446562593343928,0.03959876543209876,0.6909289014295764,0.0559812521499828,0.24504095047825697,0.05148265544084781,0.00993734335839599,0.6382978723404256,0.5555555555555556,0.6363636363636364
medium_load,mappo_no_ppo_protection,42,13026,192,120,9,63,0.625,0.046875,4.0,6.425,13.0,1.5611111111111111,16,28,-3.2501995918965942,0.19558149470380518,0.036265432098765434,0.7109780094895174,0.05222805788982259,0.25992727860374926,0.05364499596923431,0.016150793650793648,0.6476190476190476,0.5769230769230769,0.6285714285714286
medium_load,mappo_no_ppo_protection,42,13027,192,118,9,65,0.6145833333333334,0.046875,3.933333333333333,6.220338983050848,12.0,1.5791666666666666,15,36,-4.347577230012005,0.20966133457069047,0.0367283950617284,0.7116452464776142,0.07320648434812523,0.2527427480213858,0.05373931449726321,0.01776141743247006,0.6274509803921569,0.6181818181818182,0.5714285714285714
medium_load,mappo_no_ppo_protection,42,13028,192,119,5,68,0.6197916666666666,0.026041666666666668,3.966666666666667,6.848739495798319,14.0,1.6805555555555556,16,45,-4.483385049585493,0.22616968947658514,0.03907407407407407,0.693571092872944,0.08266550958501423,0.24739469208122458,0.05224281502037364,0.009131836945304438,0.6226415094339622,0.5967741935483871,0.6666666666666666
medium_load,mappo_no_ppo_protection,42,13029,192,113,11,68,0.5885416666666666,0.057291666666666664,3.7666666666666666,7.061946902654867,14.0,1.8430555555555554,16,28,-5.615045893985437,0.2225705048558579,0.04268518518518518,0.7257502093448167,0.05276416122004357,0.24419773037420095,0.05417067294160106,0.019999999999999997,0.59375,0.5849056603773585,0.5813953488372093
medium_load,mappo_no_ppo_protection,42,13030,192,116,9,67,0.6041666666666666,0.046875,3.8666666666666667,6.258620689655173,14.0,1.5569444444444445,12,39,-3.5494950292054863,0.20328344443222698,0.0362962962962963,0.7160376598365662,0.0743100728820543,0.26274034817378467,0.05513942679223674,0.016540964338951955,0.6355140186915887,0.48148148148148145,0.7096774193548387
medium_load,mappo_no_ppo_protection,42,13031,192,115,12,65,0.5989583333333334,0.0625,3.8333333333333335,6.773913043478261,12.299999999999997,1.6944444444444444,17,30,-4.822881830932789,0.22002069388178563,0.03929012345679013,0.714420780319895,0.05795751633986928,0.2538196224999631,0.054691042384819914,0.021339091192032367,0.7157894736842105,0.5166666666666667,0.43243243243243246
medium_load,mappo_no_ppo_protection,42,13032,192,110,17,65,0.5729166666666666,0.08854166666666667,3.6666666666666665,6.681818181818182,14.0,1.726388888888889,18,26,-6.133315227231626,0.22775192345057502,0.04,0.7216300987352027,0.051402804711628246,0.24650240826711414,0.05556150136473518,0.030522486772486774,0.5806451612903226,0.5,0.6756756756756757
medium_load,mappo_no_ppo_protection,42,13033,192,119,9,64,0.6197916666666666,0.046875,3.966666666666667,6.151260504201681,12.0,1.5611111111111111,14,33,-4.160351276156586,0.22274201595499368,0.0362962962962963,0.696615363209271,0.06368426407900092,0.25689062399588714,0.053433603164127125,0.017146338067390698,0.6021505376344086,0.6307692307692307,0.6470588235294118
medium_load,mappo_no_ppo_protection,42,13034,192,117,9,66,0.609375,0.046875,3.9,6.871794871794871,12.199999999999989,1.6902777777777778,13,19,-4.525473422039195,0.2195935643724903,0.0392283950617284,0.7111477811558743,0.03591611790915196,0.2500541638157737,0.05381982806775627,0.01592103215555228,0.6363636363636364,0.5217391304347826,0.6388888888888888
medium_load,mappo_no_ppo_protection,42,13035,192,113,12,67,0.5885416666666666,0.0625,3.7666666666666666,6.389380530973451,12.0,1.7027777777777777,12,40,-4.901974480144029,0.19737235705708764,0.039537037037037044,0.6883590810981282,0.07277267366276653,0.2362253775063373,0.051881979088420155,0.021462822236816045,0.65,0.5,0.5526315789473685
medium_load,mappo_no_ppo_protection,42,13036,192,125,4,63,0.6510416666666666,0.020833333333333332,4.166666666666667,5.68,12.0,1.4680555555555554,13,20,-1.9503652307769035,0.20619872157844218,0.03419753086419753,0.7065642965536292,0.0385910446049765,0.2751203880112548,0.05445302251820315,0.007625272331154684,0.6021505376344086,0.7419354838709677,0.6216216216216216
medium_load,mappo_no_ppo_protection,42,13037,192,128,5,59,0.6666666666666666,0.026041666666666668,4.266666666666667,6.140625,12.0,1.5361111111111112,10,29,-2.4370898170915067,0.21405887666401394,0.03558641975308642,0.6996883096268759,0.051151631306430065,0.2729490792145591,0.05343468229888373,0.009594261947203125,0.7088607594936709,0.65625,0.6122448979591837
medium_load,mappo_no_ppo_protection,42,13038,192,116,12,64,0.6041666666666666,0.0625,3.8666666666666667,6.775862068965517,12.25,1.6791666666666667,14,37,-5.262861453948575,0.21838243995768342,0.03891975308641975,0.7175268502840884,0.06963483526564021,0.24855818845756925,0.05385927505196061,0.022475264959785083,0.6914893617021277,0.46774193548387094,0.6111111111111112
medium_load,mappo_no_ppo_protection,42,13039,192,119,9,64,0.6197916666666666,0.046875,3.966666666666667,6.815126050420168,14.199999999999989,1.7083333333333333,14,31,-4.482377811455291,0.2235220223632773,0.0395679012345679,0.7161810794284617,0.06234814105170142,0.25918202898466053,0.05510198615895034,0.018264970896549843,0.6060606060606061,0.6779661016949152,0.5588235294117647
medium_load,mappo_no_ppo_protection,42,13040,192,117,13,62,0.609375,0.06770833333333333,3.9,6.452991452991453,14.0,1.6152777777777778,13,34,-5.043367234519606,0.23009680065747828,0.03743827160493827,0.7055518548376138,0.062217320576453704,0.2550439995447735,0.053618875274962015,0.023785771618588955,0.5647058823529412,0.6774193548387096,0.6
medium_load,mappo_no_ppo_protection,42,13041,192,114,13,65,0.59375,0.06770833333333333,3.8,7.192982456140351,14.0,1.773611111111111,16,32,-5.7904057075574045,0.2336349754936302,0.04104938271604938,0.7274327114607078,0.06226875635544367,0.253061511358725,0.05479106250415976,0.02550642569218421,0.6373626373626373,0.47692307692307695,0.6944444444444444
medium_load,mappo_no_ppo_protection,42,13042,192,117,8,67,0.609375,0.041666666666666664,3.9,6.837606837606837,14.0,1.6694444444444445,13,45,-5.340782015885155,0.2331142596406125,0.038796296296296294,0.6908486376198426,0.0812758444685689,0.2401896247600582,0.050869370842505125,0.013743797625376574,0.6224489795918368,0.5961538461538461,0.5952380952380952
medium_load,mappo_no_ppo_protection,42,13043,192,124,10,58,0.6458333333333334,0.052083333333333336,4.133333333333334,6.233870967741935,12.849999999999994,1.5875,13,22,-3.6946764427378342,0.20461758940309052,0.03669753086419754,0.7229621531175137,0.042069749852257594,0.2628613420176888,0.052738832214685095,0.019867020807423287,0.6702127659574468,0.6206896551724138,0.625
medium_load,mappo_no_ppo_protection,42,13044,192,126,7,59,0.65625,0.036458333333333336,4.2,6.26984126984127,13.0,1.5569444444444445,13,32,-1.8699364868174304,0.20205060336350536,0.036049382716049384,0.7062285308760502,0.06132467606925811,0.282459911949076,0.05577942691285653,0.012701893622946254,0.7346938775510204,0.6909090909090909,0.41025641025641024
medium_load,mappo_no_ppo_protection,42,13045,192,122,6,64,0.6354166666666666,0.03125,4.066666666666666,6.262295081967213,11.949999999999989,1.5291666666666666,15,28,-2.9375939388960215,0.2196165919158365,0.03558641975308643,0.7168732618872603,0.05081650203941225,0.27273903455792,0.054917958677577386,0.010610206070732386,0.5625,0.6607142857142857,0.775
medium_load,mappo_no_ppo_protection,42,13046,192,118,9,65,0.6145833333333334,0.046875,3.933333333333333,6.610169491525424,14.0,1.6777777777777778,16,37,-5.016095655391522,0.22542901364759177,0.038919753086419755,0.6821119126135456,0.060753266565623534,0.2394769825628623,0.050462984105467866,0.015669714745801703,0.5978260869565217,0.6285714285714286,0.6333333333333333
medium_load,mappo_no_ppo_protection,42,13047,192,122,8,62,0.6354166666666666,0.041666666666666664,4.066666666666666,6.213114754098361,14.0,1.5652777777777778,14,43,-2.710662253691966,0.20268871759349058,0.03632716049382716,0.711103264220657,0.0884908853329906,0.2748525227782193,0.05579634691871971,0.014740282077743378,0.5740740740740741,0.6875,0.75
medium_load,mappo_no_ppo_protection,42,13048,192,117,9,66,0.609375,0.046875,3.9,6.683760683760684,13.0,1.6708333333333334,16,22,-4.085440038385264,0.2141610638057511,0.0387962962962963,0.7264242456837656,0.045050928603560185,0.2613436430270796,0.05536142880509657,0.017956034190554315,0.6105263157894737,0.5892857142857143,0.6341463414634146
medium_load,mappo_no_ppo_protection,42,13049,192,124,7,61,0.6458333333333334,0.036458333333333336,4.133333333333334,6.862903225806452,13.0,1.6236111111111111,15,20,-3.158387050168672,0.2198209901723323,0.0375925925925926,0.6962096406383281,0.04087694641100214,0.2671811398668984,0.054153186350262957,0.01402562779497764,0.660377358490566,0.6785714285714286,0.5333333333333333
medium_load,mappo_no_ppo_protection,42,13050,192,125,11,56,0.6510416666666666,0.057291666666666664,4.166666666666667,6.192,14.799999999999997,1.5180555555555555,16,28,-2.529490779263978,0.1982734342294511,0.03509259259259259,0.7103087943795675,0.052046374105197635,0.2758744523450406,0.05417700242266179,0.0193681917211329,0.7052631578947368,0.631578947368421,0.55
medium_load,mappo_no_ppo_protection,1024,13001,192,130,7,55,0.6770833333333334,0.036458333333333336,4.333333333333333,6.1923076923076925,12.0,1.5541666666666667,10,29,-2.5096853464932236,0.20507532885752236,0.03586419753086419,0.7078989155220407,0.05440050475267193,0.2724113158942881,0.052425329600713784,0.01232001572558848,0.7102803738317757,0.6938775510204082,0.5555555555555556
medium_load,mappo_no_ppo_protection,1024,13002,192,124,11,57,0.6458333333333334,0.057291666666666664,4.133333333333334,6.419354838709677,13.849999999999994,1.6055555555555556,15,22,-3.815629084284682,0.20259860999313056,0.03706790123456791,0.7229004114909515,0.04135152014021983,0.26016700591004,0.05237012555298047,0.02015559732664996,0.7216494845360825,0.49056603773584906,0.6666666666666666
medium_load,mappo_no_ppo_protection,1024,13003,192,121,8,63,0.6302083333333334,0.041666666666666664,4.033333333333333,6.31404958677686,14.0,1.6055555555555556,16,27,-3.5538161235647614,0.2170613789654724,0.03725308641975309,0.7054335129250641,0.04972252936262224,0.2632281133326025,0.053652805586840095,0.015013186561174178,0.6666666666666666,0.6290322580645161,0.5294117647058824
medium_load,mappo_no_ppo_protection,1024,13004,192,118,7,67,0.6145833333333334,0.036458333333333336,3.933333333333333,6.135593220338983,12.0,1.5486111111111112,15,26,-3.7607988210474903,0.21772177642423754,0.03611111111111111,0.6846447608392671,0.04678263729734319,0.2519061738914681,0.05202685494593564,0.012840024898848428,0.5595238095238095,0.6166666666666667,0.7083333333333334
medium_load,mappo_no_ppo_protection,1024,13005,192,129,10,53,0.671875,0.052083333333333336,4.3,6.48062015503876,13.199999999999989,1.5472222222222223,12,24,-3.0621490022541082,0.2216082670217509,0.035648148148148144,0.7120103840120804,0.04603539076449293,0.27710107244549964,0.05365243346571713,0.01778473962684489,0.7176470588235294,0.6231884057971014,0.6578947368421053
medium_load,mappo_no_ppo_protection,1024,13006,192,117,16,59,0.609375,0.08333333333333333,3.9,6.256410256410256,14.0,1.6944444444444444,14,20,-4.62540525547504,0.20345514110885252,0.03910493827160493,0.7359456151664145,0.038792016806722694,0.26150076288234186,0.05608887096586088,0.030551255589955282,0.6262626262626263,0.5517241379310345,0.6571428571428571
medium_load,mappo_no_ppo_protection,1024,13007,192,128,3,61,0.6666666666666666,0.015625,4.266666666666667,6.140625,14.0,1.5027777777777778,12,13,-0.20761253248112427,0.19501414436241618,0.03490740740740741,0.7396596390061295,0.02457768194997297,0.3033992604116442,0.058413653570056324,0.005096073517126149,0.6633663366336634,0.6181818181818182,0.75
medium_load,mappo_no_ppo_protection,1024,13008,192,124,8,60,0.6458333333333334,0.041666666666666664,4.133333333333334,6.57258064516129,14.0,1.6347222222222222,13,31,-3.0079167794299764,0.1969670925469472,0.03780864197530864,0.7126528036232449,0.055829360984159755,0.2641094852859559,0.053709284244045016,0.014202827329762314,0.6460176991150443,0.6521739130434783,0.6363636363636364
medium_load,mappo_no_ppo_protection,1024,13009,192,128,6,58,0.6666666666666666,0.03125,4.266666666666667,6.375,13.649999999999991,1.511111111111111,12,29,-2.298022844087001,0.20412597078987596,0.035,0.7083303633922622,0.05408586826543483,0.2739597784682924,0.05311602403509734,0.011050194931773878,0.7171717171717171,0.6,0.6363636363636364
medium_load,mappo_no_ppo_protection,1024,13010,192,128,6,58,0.6666666666666666,0.03125,4.266666666666667,6.625,13.0,1.5347222222222223,16,21,-2.6053507017522626,0.22775867641838493,0.0355246913580247,0.7013407283373548,0.040022933149868135,0.27788942252564547,0.05432740174894279,0.011168873982341477,0.7142857142857143,0.6197183098591549,0.6333333333333333
medium_load,mappo_no_ppo_protection,1024,13011,192,116,12,64,0.6041666666666666,0.0625,3.8666666666666667,6.025862068965517,12.0,1.6208333333333333,15,29,-4.174686620507021,0.21737027811461074,0.037623456790123466,0.7037413713592665,0.05285747047356955,0.25826706761304286,0.054811654485240106,0.020148983570036198,0.569620253164557,0.559322033898305,0.7037037037037037
medium_load,mappo_no_ppo_protection,1024,13012,192,125,9,58,0.6510416666666666,0.046875,4.166666666666667,6.432,16.19999999999999,1.6708333333333334,12,29,-4.096535237421302,0.20786811414079365,0.03854938271604939,0.6989182367513503,0.05253123338649655,0.2501722406134171,0.05090575497696145,0.016566047471620226,0.6666666666666666,0.6724137931034483,0.5789473684210527
medium_load,mappo_no_ppo_protection,1024,13013,192,116,10,66,0.6041666666666666,0.052083333333333336,3.8666666666666667,6.793103448275862,15.0,1.738888888888889,15,21,-5.104247106149755,0.23193093727950875,0.04030864197530863,0.7145692730923803,0.03950314921290154,0.2515803231283107,0.05424880660168971,0.01925710927645912,0.6818181818181818,0.5230769230769231,0.5641025641025641
medium_load,mappo_no_ppo_protection,1024,13014,192,125,10,57,0.6510416666666666,0.052083333333333336,4.166666666666667,6.544,12.799999999999997,1.5611111111111111,13,32,-3.6125415532985223,0.21370305495660952,0.03608024691358025,0.6944078555043476,0.062292987370386764,0.2626377548320273,0.052627664779422954,0.01910050862450243,0.7126436781609196,0.6129032258064516,0.5813953488372093
medium_load,mappo_no_ppo_protection,1024,13015,192,120,7,65,0.625,0.036458333333333336,4.0,6.65,15.0,1.6402777777777777,17,25,-3.919276372233566,0.20781799631037265,0.03808641975308642,0.7193268808235245,0.04747378281047011,0.2544879969531672,0.052886789703413734,0.01344226579520697,0.6504854368932039,0.5925925925925926,0.6
medium_load,mappo_no_ppo_protection,1024,13016,192,134,8,50,0.6979166666666666,0.041666666666666664,4.466666666666667,5.6940298507462686,12.0,1.351388888888889,11,13,-1.0915655104706943,0.1953621261777931,0.0312037037037037,0.697726600783215,0.02521958490998739,0.28679107742962234,0.053420618403348885,0.015196651760119253,0.7472527472527473,0.6307692307692307,0.6944444444444444
medium_load,mappo_no_ppo_protection,1024,13017,192,121,9,62,0.6302083333333334,0.046875,4.033333333333333,6.56198347107438,15.0,1.6236111111111111,15,21,-3.0217608333163013,0.2050372101033414,0.03762345679012345,0.7358781220878451,0.041134732570491085,0.27511389925863605,0.05696928168341529,0.016977124183006533,0.6808510638297872,0.5454545454545454,0.627906976744186
medium_load,mappo_no_ppo_protection,1024,13018,192,121,8,63,0.6302083333333334,0.041666666666666664,4.033333333333333,6.9421487603305785,16.0,1.7375,13,20,-3.867774061381387,0.22279814744208915,0.040185185185185185,0.7159421220950523,0.03905034235916589,0.2631884401002048,0.054685033242229744,0.014553376906318081,0.6153846153846154,0.5967741935483871,0.717948717948718
medium_load,mappo_no_ppo_protection,1024,13019,192,116,8,68,0.6041666666666666,0.041666666666666664,3.8666666666666667,6.336206896551724,14.0,1.6736111111111112,15,25,-3.8000313498547373,0.21519435141752147,0.03891975308641974,0.7314306736519425,0.04903746293839173,0.26593327996965765,0.05634390009352677,0.015523449145740168,0.5638297872340425,0.603448275862069,0.7
medium_load,mappo_no_ppo_protection,1024,13020,192,120,8,64,0.625,0.041666666666666664,4.0,5.816666666666666,12.0,1.5194444444444444,11,20,-2.457612448334244,0.19763673079156618,0.03537037037037037,0.7177864836322391,0.03779765212427752,0.27299682071740894,0.05601290312342955,0.014963483369056124,0.5930232558139535,0.6333333333333333,0.6739130434782609
medium_load,mappo_no_ppo_protection,1024,13021,192,125,8,59,0.6510416666666666,0.041666666666666664,4.166666666666667,6.48,12.799999999999997,1.5569444444444445,13,31,-3.0337002620553846,0.19745933250354816,0.036049382716049384,0.7062554667028602,0.05817789981489672,0.2625187324142433,0.05251938441838654,0.014923358232181763,0.6808510638297872,0.52,0.7291666666666666
medium_load,mappo_no_ppo_protection,1024,13022,192,120,13,59,0.625,0.06770833333333333,4.0,6.833333333333333,14.0,1.6805555555555556,15,37,-4.901486689985952,0.20914181180527922,0.0387962962962963,0.6999591056458633,0.06984882549511033,0.24599563734625654,0.05191318412827309,0.02302733959080708,0.6732673267326733,0.44642857142857145,0.7714285714285715
medium_load,mappo_no_ppo_protection,1024,13023,192,129,8,55,0.671875,0.041666666666666664,4.3,6.255813953488372,13.599999999999994,1.4638888888888888,14,21,-2.8295392665759653,0.20967679519158958,0.03385802469135802,0.6929299482181072,0.0388662424033941,0.2657545100811355,0.051500622510289126,0.01483774796468295,0.6565656565656566,0.6774193548387096,0.7096774193548387
medium_load,mappo_no_ppo_protection,1024,13024,192,113,19,60,0.5885416666666666,0.09895833333333333,3.7666666666666666,6.1946902654867255,14.0,1.6291666666666667,13,17,-5.497381347879818,0.19967373266926527,0.03768518518518519,0.7233604013827144,0.03217162596032565,0.24699877722323546,0.05401963916792487,0.03695261437908496,0.651685393258427,0.5,0.5897435897435898
medium_load,mappo_no_ppo_protection,1024,13025,192,118,6,68,0.6145833333333334,0.03125,3.933333333333333,7.016949152542373,14.149999999999991,1.7236111111111112,16,28,-4.865613509649156,0.23752422109932123,0.040030864197530866,0.6886209053037731,0.05135921912624699,0.24453219996950645,0.05175863548391863,0.010972222222222222,0.648936170212766,0.5555555555555556,0.6136363636363636
medium_load,mappo_no_ppo_protection,1024,13026,192,122,5,65,0.6354166666666666,0.026041666666666668,4.066666666666666,6.409836065573771,13.899999999999977,1.5527777777777778,17,22,-2.726523138472022,0.19997190189701416,0.036141975308641966,0.7148966583205253,0.041195520738864386,0.2636639346778666,0.053352776770233264,0.009151890421240266,0.6571428571428571,0.6346153846153846,0.5714285714285714
medium_load,mappo_no_ppo_protection,1024,13027,192,121,7,64,0.6302083333333334,0.036458333333333336,4.033333333333333,6.5041322314049586,15.0,1.6180555555555556,15,37,-3.8690966861631497,0.21739438507113962,0.037561728395061736,0.7224239620381805,0.07474819842466901,0.26418605903900017,0.05463198646256131,0.014136710239651415,0.6274509803921569,0.6545454545454545,0.6
medium_load,mappo_no_ppo_protection,1024,13028,192,120,10,62,0.625,0.052083333333333336,4.0,6.05,13.0,1.5902777777777777,14,31,-4.393955358486499,0.20555354046547544,0.036882716049382716,0.7159479005427054,0.059995433846053034,0.25158161612495983,0.05266086585754168,0.019664786967418548,0.6320754716981132,0.5806451612903226,0.7083333333333334
medium_load,mappo_no_ppo_protection,1024,13029,192,113,10,69,0.5885416666666666,0.052083333333333336,3.7666666666666666,6.991150442477876,14.0,1.8180555555555555,16,33,-5.518485435707029,0.21995657633324006,0.04216049382716049,0.7132491331783389,0.05795770062410929,0.23907764606681017,0.05285919319273413,0.01745890461447737,0.5729166666666666,0.6226415094339622,0.5813953488372093
medium_load,mappo_no_ppo_protection,1024,13030,192,121,8,63,0.6302083333333334,0.041666666666666664,4.033333333333333,5.958677685950414,12.0,1.4972222222222222,12,30,-2.1728486504481443,0.1948505321774309,0.034845679012345684,0.7343105426110369,0.0633117563264622,0.2838890983743924,0.0574457580996222,0.015958605664488017,0.6261682242990654,0.5555555555555556,0.7741935483870968
medium_load,mappo_no_ppo_protection,1024,13031,192,119,12,61,0.6197916666666666,0.0625,3.966666666666667,6.773109243697479,14.0,1.6736111111111112,15,30,-4.130702088447987,0.21596921672911445,0.038703703703703705,0.7200229151012981,0.05709537323701411,0.2656705111194275,0.05580087336666283,0.02254414631349616,0.7368421052631579,0.5,0.5135135135135135
medium_load,mappo_no_ppo_protection,1024,13032,192,117,15,60,0.609375,0.078125,3.9,6.931623931623932,15.199999999999989,1.7166666666666666,17,23,-5.211873258496582,0.2221033731501773,0.03962962962962964,0.711916660920679,0.0437626486001099,0.2507905782441386,0.053447251059566624,0.02572380148231541,0.6344086021505376,0.5483870967741935,0.6486486486486487
medium_load,mappo_no_ppo_protection,1024,13033,192,121,7,64,0.6302083333333334,0.036458333333333336,4.033333333333333,6.090909090909091,11.0,1.5319444444444446,11,24,-3.426588099815599,0.2127156376928316,0.03564814814814816,0.7076243155782257,0.04664156305797173,0.2614992420719975,0.053734377621662444,0.01373501154847904,0.5913978494623656,0.6615384615384615,0.6764705882352942
medium_load,mappo_no_ppo_protection,1024,13034,192,126,10,56,0.65625,0.052083333333333336,4.2,6.619047619047619,12.0,1.5930555555555554,11,13,-2.7599636547854924,0.2031172813812803,0.036759259259259255,0.717761928569477,0.027380248320650797,0.27358104471494565,0.05451116476320986,0.018414029354431833,0.7,0.5,0.7222222222222222
medium_load,mappo_no_ppo_protection,1024,13035,192,113,11,68,0.5885416666666666,0.057291666666666664,3.7666666666666666,6.646017699115045,16.0,1.7680555555555555,17,28,-5.468479269260572,0.21868173386091472,0.04101851851851852,0.710167086990711,0.054061378937539935,0.24226584718457786,0.05384874349336754,0.022018547184955852,0.6,0.5740740740740741,0.5789473684210527
medium_load,mappo_no_ppo_protection,1024,13036,192,128,5,59,0.6666666666666666,0.026041666666666668,4.266666666666667,5.8359375,11.0,1.4527777777777777,10,18,-1.90530388783278,0.20609632540039066,0.03373456790123456,0.7119290748234874,0.03588235294117647,0.27928934054708054,0.054607728582970874,0.010201525054466231,0.6344086021505376,0.6774193548387096,0.7297297297297297
medium_load,mappo_no_ppo_protection,1024,13037,192,130,6,56,0.6770833333333334,0.03125,4.333333333333333,6.453846153846154,13.0,1.5486111111111112,9,19,-2.518784486945872,0.2119495888835733,0.035771604938271605,0.6933787450630325,0.03253286669358819,0.2693142117040017,0.052334999369605464,0.011795793832407104,0.759493670886076,0.609375,0.6326530612244898
medium_load,mappo_no_ppo_protection,1024,13038,192,114,12,66,0.59375,0.0625,3.8,6.5964912280701755,13.0,1.6652777777777779,13,36,-5.3767873253700875,0.21585176588735583,0.03867283950617284,0.7167742557320036,0.07016210870313037,0.24426748260339595,0.053777525263157176,0.021586934880278533,0.7127659574468085,0.4032258064516129,0.6111111111111112
medium_load,mappo_no_ppo_protection,1024,13039,192,127,7,58,0.6614583333333334,0.036458333333333336,4.233333333333333,6.299212598425197,11.699999999999989,1.5833333333333333,11,16,-3.187686133414139,0.21805553504903236,0.036604938271604937,0.7077181660110653,0.03072884416924664,0.26610806290372857,0.053238991816454154,0.01290204678362573,0.6666666666666666,0.6610169491525424,0.6470588235294118
medium_load,mappo_no_ppo_protection,1024,13040,192,114,14,64,0.59375,0.07291666666666667,3.8,6.192982456140351,13.0,1.5819444444444444,13,41,-5.722751403609751,0.22128003888766568,0.03675925925925926,0.7039175299926366,0.07425785901405096,0.24194100919720113,0.05274137035019521,0.025934239192753127,0.5294117647058824,0.6612903225806451,0.6222222222222222
medium_load,mappo_no_ppo_protection,1024,13041,192,115,15,62,0.5989583333333334,0.078125,3.8333333333333335,6.756521739130434,13.0,1.6958333333333333,13,30,-5.448176013476745,0.2134823106836997,0.0392283950617284,0.7135546672114643,0.054879520490975615,0.24568676665038897,0.0529396057966698,0.02753358769999637,0.6593406593406593,0.46153846153846156,0.6944444444444444
medium_load,mappo_no_ppo_protection,1024,13042,192,114,9,69,0.59375,0.046875,3.8,6.701754385964913,13.0,1.6652777777777779,12,29,-5.029609394963298,0.2215599064442248,0.038765432098765436,0.7119727530890818,0.05712890981853831,0.244987786837632,0.05323810967686527,0.016160499287434273,0.6122448979591837,0.5961538461538461,0.5476190476190477
medium_load,mappo_no_ppo_protection,1024,13043,192,126,8,58,0.65625,0.041666666666666664,4.2,7.126984126984127,16.75,1.6930555555555555,16,30,-4.371077411457174,0.23282379419396468,0.039043209876543215,0.7230771260483241,0.05692747454357362,0.26315389561132596,0.052326299390548406,0.01489766081871345,0.648936170212766,0.6551724137931034,0.675
medium_load,mappo_no_ppo_protection,1024,13044,192,117,12,63,0.609375,0.0625,3.9,5.769230769230769,12.199999999999989,1.5805555555555555,13,32,-3.156041052502308,0.1842811377610772,0.03669753086419754,0.7205184388779373,0.05965112945763101,0.2643306414088148,0.05523641629895712,0.021255200910773663,0.6938775510204082,0.5818181818181818,0.4358974358974359
medium_load,mappo_no_ppo_protection,1024,13045,192,119,8,65,0.6197916666666666,0.041666666666666664,3.966666666666667,6.201680672268908,13.0,1.5472222222222223,15,30,-3.1013304201637824,0.20854768139052365,0.03601851851851852,0.7316366558275234,0.060225683615776494,0.2739361680344653,0.05640498967256675,0.015191778465772271,0.5520833333333334,0.6428571428571429,0.75
medium_load,mappo_no_ppo_protection,1024,13046,192,121,10,61,0.6302083333333334,0.052083333333333336,4.033333333333333,6.429752066115703,14.0,1.6263888888888889,18,32,-4.688031978101652,0.21847234240119692,0.037654320987654324,0.6803999175787109,0.05454397841007748,0.24166138542686533,0.0502100966632968,0.01743247006404901,0.6413043478260869,0.6285714285714286,0.6
medium_load,mappo_no_ppo_protection,1024,13047,192,128,5,59,0.6666666666666666,0.026041666666666668,4.266666666666667,6.2890625,14.0,1.5458333333333334,15,25,-1.7558262971052594,0.20481900609429712,0.03580246913580246,0.7164437217430426,0.048900703556276306,0.2831832346073832,0.05497306269011685,0.008966861598440545,0.6111111111111112,0.7291666666666666,0.75
medium_load,mappo_no_ppo_protection,1024,13048,192,114,8,70,0.59375,0.041666666666666664,3.8,6.333333333333333,12.0,1.6916666666666667,15,31,-4.573890560028003,0.2160543414241759,0.03938271604938272,0.7292327300496179,0.061542315756712034,0.2543151492184,0.055163567308435586,0.015545808966861597,0.5578947368421052,0.6071428571428571,0.6585365853658537
medium_load,mappo_no_ppo_protection,1024,13049,192,125,7,60,0.6510416666666666,0.036458333333333336,4.166666666666667,6.832,13.0,1.6152777777777778,14,14,-2.890986302282582,0.2197501366198299,0.03737654320987654,0.7038458344150144,0.0291380616574115,0.2722584819721042,0.05454957504100339,0.01401315789473684,0.6698113207547169,0.6607142857142857,0.5666666666666667
medium_load,mappo_no_ppo_protection,1024,13050,192,126,10,56,0.65625,0.052083333333333336,4.2,5.801587301587301,13.0,1.4569444444444444,15,29,-2.487420902385868,0.20337190525880064,0.033734567901234566,0.7009165513617382,0.05425554951870742,0.2752153012679328,0.053356142688172535,0.018170036591089223,0.6631578947368421,0.6842105263157895,0.6
frequent_break,mappo_full,7,13001,192,105,20,67,0.546875,0.10416666666666667,3.5,6.704761904761905,14.799999999999997,1.6888888888888889,20,27,-7.620486680618421,0.2082024673277296,0.03922839506172839,0.7105358191416313,0.049797021147640355,0.21691629148285496,0.05189772200205653,0.038923268137664425,0.6074766355140186,0.42857142857142855,0.5277777777777778
frequent_break,mappo_full,7,13002,192,24,97,71,0.125,0.5052083333333334,0.8,6.458333333333333,13.699999999999996,1.961111111111111,9,78,-30.4175332116987,0.3151004407514804,0.04540123456790123,0.7312410785142397,0.14057122343887052,0.045638606319720866,0.055746092924537805,0.17723208235979132,0.1958762886597938,0.05660377358490566,0.047619047619047616
frequent_break,mappo_full,7,13003,192,85,43,64,0.4427083333333333,0.22395833333333334,2.8333333333333335,6.8,13.0,1.8055555555555556,10,53,-13.871269110625905,0.23563149378560547,0.0417283950617284,0.6899140105944965,0.08827937900306322,0.1637678346192278,0.05062312530263741,0.07661095139810309,0.4791666666666667,0.3870967741935484,0.4411764705882353
frequent_break,mappo_full,7,13004,192,82,50,60,0.4270833333333333,0.2604166666666667,2.7333333333333334,6.975609756097561,15.0,1.6263888888888889,9,43,-14.754163561590962,0.22230061257840353,0.03762345679012346,0.7085851634609093,0.08312218927157007,0.1659789635602329,0.0549560741632655,0.09747568708095024,0.5,0.35,0.3958333333333333
frequent_break,mappo_full,7,13005,192,68,42,82,0.3541666666666667,0.21875,2.2666666666666666,7.147058823529412,15.0,2.102777777777778,16,48,-17.186851235789295,0.27178469319303666,0.04888888888888889,0.7129802708979753,0.0843785525906269,0.13274634707684244,0.049833753599352534,0.07457135485773256,0.38823529411764707,0.3188405797101449,0.34210526315789475
frequent_break,mappo_full,7,13006,192,90,58,44,0.46875,0.3020833333333333,3.0,5.9222222222222225,17.0,1.448611111111111,9,43,-13.655950511032046,0.1833431174979688,0.033179012345679014,0.7419076186721459,0.0822583009812112,0.18662301550072452,0.05757121652033106,0.11269773140516175,0.5454545454545454,0.3620689655172414,0.42857142857142855
frequent_break,mappo_full,7,13007,192,85,47,60,0.4427083333333333,0.24479166666666666,2.8333333333333335,6.694117647058824,13.0,1.6305555555555555,12,32,-13.371074350487879,0.20593797248295082,0.03771604938271606,0.744622051020328,0.062004911583084965,0.18695766637330102,0.05881975789878523,0.09645650774520739,0.46534653465346537,0.43636363636363634,0.3888888888888889
frequent_break,mappo_full,7,13008,192,27,93,72,0.140625,0.484375,0.9,5.222222222222222,12.0,2.0319444444444446,14,41,-29.470032694885813,0.27943314145657683,0.04700617283950617,0.771510046854246,0.08493462949732299,0.05524567136796239,0.06072493655602291,0.18348662159420673,0.09734513274336283,0.21739130434782608,0.18181818181818182
frequent_break,mappo_full,7,13009,192,17,93,82,0.08854166666666667,0.484375,0.5666666666666667,4.470588235294118,10.2,2.188888888888889,12,93,-31.769199226424956,0.33165230592825157,0.05080246913580247,0.7235747652727744,0.1795077563189018,0.035526950546300395,0.055886148603528425,0.17722768932134253,0.09090909090909091,0.1,0.06060606060606061
frequent_break,mappo_full,7,13010,192,63,44,85,0.328125,0.22916666666666666,2.1,8.0,18.0,2.276388888888889,19,62,-17.607985342940008,0.25788110943142534,0.05283950617283951,0.7008606487752759,0.11512498566678134,0.12590698560125804,0.05056835017766911,0.08004097252936263,0.3956043956043956,0.22535211267605634,0.36666666666666664
frequent_break,mappo_full,7,13011,192,105,19,68,0.546875,0.09895833333333333,3.5,5.752380952380952,11.0,1.636111111111111,8,62,-6.590814750795006,0.20754543070546708,0.038086419753086416,0.6870321143671066,0.10486607189393565,0.22496485111036196,0.051416156508862686,0.030989036763030567,0.6075949367088608,0.4745762711864407,0.5370370370370371
frequent_break,mappo_full,7,13012,192,39,49,104,0.203125,0.2552083333333333,1.3,8.333333333333334,17.100000000000016,2.748611111111111,21,81,-21.39124044701297,0.2724266730716646,0.06391975308641976,0.6852227936264533,0.13656482069054424,0.07446461613846186,0.047741717075543526,0.08185478615549958,0.21875,0.1724137931034483,0.21052631578947367
frequent_break,mappo_full,7,13013,192,75,59,58,0.390625,0.3072916666666667,2.5,6.72,15.599999999999994,1.5708333333333333,20,24,-16.06089487772993,0.2012546354626019,0.03632716049382716,0.7561698724619887,0.04794291693285502,0.16626070953470332,0.060113378234868134,0.12194168018084424,0.4659090909090909,0.3076923076923077,0.358974358974359
frequent_break,mappo_full,7,13014,192,58,65,69,0.3020833333333333,0.3385416666666667,1.9333333333333333,7.896551724137931,14.149999999999999,1.926388888888889,14,54,-20.93707108254182,0.2545359437232149,0.0445679012345679,0.7117650236162418,0.10230349157206743,0.10893375186331844,0.05281863280907409,0.1219772675151932,0.367816091954023,0.1935483870967742,0.32558139534883723
frequent_break,mappo_full,7,13015,192,75,43,74,0.390625,0.22395833333333334,2.5,7.253333333333333,15.299999999999997,1.9847222222222223,16,56,-15.66472351912341,0.2327116838394937,0.04601851851851851,0.740885062778092,0.10017355480203778,0.15266700719874096,0.05310180499134108,0.08108877176601634,0.4174757281553398,0.37037037037037035,0.34285714285714286
frequent_break,mappo_full,7,13016,192,103,24,65,0.5364583333333334,0.125,3.433333333333333,7.0,13.0,1.6569444444444446,11,21,-8.674557065638915,0.2271715506089392,0.038456790123456784,0.7183218675399579,0.03977744606614576,0.2158643938907097,0.05355286662509987,0.04523599880798023,0.5934065934065934,0.47692307692307695,0.5
frequent_break,mappo_full,7,13017,192,71,64,57,0.3697916666666667,0.3333333333333333,2.3666666666666667,5.957746478873239,11.0,1.573611111111111,11,42,-17.94316299860374,0.21539599909652554,0.03635802469135803,0.7331719836205006,0.07909829721362228,0.14330302566370678,0.05720184923868606,0.12605161479387486,0.40425531914893614,0.34545454545454546,0.32558139534883723
frequent_break,mappo_full,7,13018,192,24,95,73,0.125,0.4947916666666667,0.8,5.0,11.849999999999998,1.9541666666666666,16,92,-28.588375037545113,0.27178888314608485,0.045308641975308636,0.7181116572330427,0.16028840483561843,0.0436698158795682,0.053433394501546674,0.16789641029192112,0.13186813186813187,0.08064516129032258,0.1794871794871795
frequent_break,mappo_full,7,13019,192,82,35,75,0.4270833333333333,0.18229166666666666,2.7333333333333334,7.7682926829268295,18.0,1.9458333333333333,12,28,-13.77542704080882,0.24970850340032116,0.04518518518518518,0.7342019513458224,0.05595256523662097,0.17316598276737596,0.053423995668625,0.06801116352973938,0.4574468085106383,0.3448275862068966,0.475
frequent_break,mappo_full,7,13020,192,33,78,81,0.171875,0.40625,1.1,8.545454545454545,16.4,2.25,20,91,-27.527148642558167,0.31703073581850766,0.052129629629629616,0.7155030855304682,0.16473354546496963,0.05966546267629858,0.05243553713997282,0.14111315083838305,0.1744186046511628,0.13333333333333333,0.21739130434782608
frequent_break,mappo_full,7,13021,192,45,48,99,0.234375,0.25,1.5,8.11111111111111,15.799999999999997,2.6222222222222222,15,75,-21.101949053620896,0.280763477219723,0.060956790123456776,0.6930626345560726,0.1246127648294831,0.0815109758376012,0.047971261158338115,0.08032017389215532,0.18085106382978725,0.24,0.3333333333333333
frequent_break,mappo_full,7,13022,192,58,63,71,0.3020833333333333,0.328125,1.9333333333333333,6.982758620689655,15.0,1.8972222222222221,16,44,-21.042861699999538,0.26801036409191326,0.04398148148148148,0.7148669863789823,0.07999501874114877,0.10974208310895618,0.054606976391999996,0.11941207284860537,0.31683168316831684,0.26785714285714285,0.3142857142857143
frequent_break,mappo_full,7,13023,192,63,34,95,0.328125,0.17708333333333334,2.1,9.317460317460318,17.9,2.4680555555555554,16,65,-17.27783927580381,0.28181656280043743,0.0574074074074074,0.6694025234239969,0.11373161438950911,0.11477232892093575,0.047059927039041466,0.057788283840915416,0.36363636363636365,0.3064516129032258,0.25806451612903225
frequent_break,mappo_full,7,13024,192,62,72,58,0.3229166666666667,0.375,2.066666666666667,6.919354838709677,16.849999999999987,1.676388888888889,16,42,-20.69895018106671,0.23697180692990127,0.03867283950617284,0.7530467916802838,0.07781246416695331,0.12443482543714743,0.055950161636886715,0.13662183676889558,0.39325842696629215,0.265625,0.2564102564102564
frequent_break,mappo_full,7,13025,192,54,53,85,0.28125,0.2760416666666667,1.8,7.425925925925926,15.0,2.1777777777777776,15,55,-19.853416514455137,0.25217687464864796,0.05064814814814814,0.7235054154630239,0.10130536531465323,0.1055522655019559,0.05112552463881602,0.09653167753012953,0.32978723404255317,0.2037037037037037,0.2727272727272727
frequent_break,mappo_full,7,13026,192,40,74,78,0.20833333333333334,0.3854166666666667,1.3333333333333333,5.45,12.099999999999994,2.0,15,104,-24.269234194779003,0.24056977337733312,0.04648148148148148,0.7242000303734388,0.19166124051959965,0.07416629022279177,0.053108151176318626,0.136904508317047,0.23809523809523808,0.17307692307692307,0.17142857142857143
frequent_break,mappo_full,7,13027,192,78,45,69,0.40625,0.234375,2.6,8.012820512820513,15.449999999999974,1.8944444444444444,13,52,-16.553893625114213,0.26057383087559394,0.04385802469135802,0.7174306887551017,0.09962862630432288,0.1507675438596491,0.05200958923444478,0.08691463134961586,0.45098039215686275,0.2727272727272727,0.4857142857142857
frequent_break,mappo_full,7,13028,192,87,20,85,0.453125,0.10416666666666667,2.9,6.735632183908046,13.0,1.948611111111111,13,73,-11.126592541682191,0.2394298556574194,0.045555555555555564,0.6995400798285197,0.13109423700367973,0.17933704210019996,0.051468209578502594,0.03627524694088162,0.4811320754716981,0.3870967741935484,0.5
frequent_break,mappo_full,7,13029,192,51,48,93,0.265625,0.25,1.7,8.07843137254902,16.0,2.25,26,64,-20.584448398812455,0.2812281697459962,0.0525,0.7265547669283529,0.12179670991203498,0.10380624922033586,0.052685128721587725,0.08881368516817435,0.21875,0.22641509433962265,0.4186046511627907
frequent_break,mappo_full,7,13030,192,73,48,71,0.3802083333333333,0.25,2.433333333333333,7.5479452054794525,16.39999999999999,1.801388888888889,16,32,-16.361423352470588,0.24523694515586533,0.04185185185185185,0.7644168658833799,0.06116414402018118,0.16401062015613097,0.05887151926229404,0.09717758920932296,0.37383177570093457,0.3333333333333333,0.4838709677419355
frequent_break,mappo_full,7,13031,192,79,25,88,0.4114583333333333,0.13020833333333334,2.6333333333333333,8.924050632911392,18.0,2.286111111111111,16,60,-13.93894021451099,0.2794169336747426,0.05314814814814815,0.6944905930858182,0.10500638779814979,0.15697033214986506,0.05017768868280525,0.0416861048096746,0.5263157894736842,0.3,0.2972972972972973
frequent_break,mappo_full,7,13032,192,50,73,69,0.2604166666666667,0.3802083333333333,1.6666666666666667,7.14,17.549999999999997,1.9666666666666666,15,69,-21.320794004597012,0.21933851008625868,0.04546296296296296,0.7108848425997435,0.1271101914368168,0.10167567712072355,0.05357385113730968,0.13605688128520946,0.3333333333333333,0.12903225806451613,0.2972972972972973
frequent_break,mappo_full,7,13033,192,37,69,86,0.19270833333333334,0.359375,1.2333333333333334,7.702702702702703,16.599999999999987,2.3625,12,67,-24.296835589504365,0.27879656076149767,0.05478395061728395,0.7102776946903719,0.1204210373676318,0.06988097242741206,0.05057967327818099,0.12137586055155714,0.22580645161290322,0.2,0.08823529411764706
frequent_break,mappo_full,7,13034,192,46,48,98,0.23958333333333334,0.25,1.5333333333333334,9.08695652173913,23.0,2.6194444444444445,15,84,-21.433195731778426,0.29022097949133097,0.0608641975308642,0.6975318793204773,0.14672083506448835,0.08502718657904415,0.04909547019634368,0.08128111983762137,0.2818181818181818,0.1956521739130435,0.16666666666666666
frequent_break,mappo_full,7,13035,192,48,68,76,0.25,0.3541666666666667,1.6,6.375,12.649999999999999,1.9791666666666667,24,47,-22.058338723201707,0.2349034855115665,0.045956790123456784,0.7327643815358413,0.0936578704806259,0.10226502656843213,0.05818878721171679,0.13860322469068598,0.23,0.3148148148148148,0.21052631578947367
frequent_break,mappo_full,7,13036,192,54,51,87,0.28125,0.265625,1.8,7.925925925925926,20.69999999999999,2.3194444444444446,24,61,-19.80645372575414,0.2584819512794232,0.05385802469135802,0.7195589218170758,0.11277446066145756,0.10935234327649186,0.05279957901812928,0.09486856438481825,0.26881720430107525,0.25806451612903225,0.35135135135135137
frequent_break,mappo_full,7,13037,192,43,53,96,0.22395833333333334,0.2760416666666667,1.4333333333333333,9.395348837209303,19.0,2.536111111111111,29,57,-22.8252488650998,0.3153390404689181,0.05895061728395061,0.7070355380377883,0.09603089040900323,0.08073695243300842,0.04892839634218098,0.09109960633584271,0.21518987341772153,0.1875,0.2857142857142857
frequent_break,mappo_full,7,13038,192,97,19,76,0.5052083333333334,0.09895833333333333,3.2333333333333334,7.907216494845361,15.0,1.948611111111111,15,33,-10.070462281663644,0.252037239792926,0.045277777777777785,0.7310824335059061,0.06291481594887167,0.20400917294493148,0.05279144420394652,0.03601881778352367,0.5851063829787234,0.3870967741935484,0.5
frequent_break,mappo_full,7,13039,192,58,64,70,0.3020833333333333,0.3333333333333333,1.9333333333333333,7.586206896551724,18.15,1.926388888888889,14,51,-21.269135501395688,0.24997284012778337,0.04459876543209877,0.7662023323795181,0.10586302042184396,0.1309301455624985,0.06145862291391273,0.13737999473293588,0.3333333333333333,0.2711864406779661,0.2647058823529412
frequent_break,mappo_full,7,13040,192,73,48,71,0.3802083333333333,0.25,2.433333333333333,7.972602739726027,13.0,2.0055555555555555,15,62,-17.661875850152718,0.28478908811031406,0.046388888888888896,0.7213182533127234,0.11630559241240353,0.15171073107605618,0.053501892085526366,0.09049001179419136,0.3764705882352941,0.41935483870967744,0.3333333333333333
frequent_break,mappo_full,7,13041,192,37,71,84,0.19270833333333334,0.3697916666666667,1.2333333333333334,7.8108108108108105,15.0,2.1958333333333333,15,77,-25.57293139652439,0.31364300605179213,0.05101851851851851,0.6988052228512035,0.13588909284729717,0.07106016632719418,0.052484547073426535,0.1291323368180953,0.17582417582417584,0.2153846153846154,0.19444444444444445
frequent_break,mappo_full,7,13042,192,37,63,92,0.19270833333333334,0.328125,1.2333333333333334,8.64864864864865,19.99999999999998,2.3375,18,65,-24.35374140685404,0.2802108065979626,0.05441358024691358,0.7263747920168854,0.1286272257440988,0.0780073140367258,0.055087211104134365,0.12482138761937521,0.24489795918367346,0.09615384615384616,0.19047619047619047
frequent_break,mappo_full,7,13043,192,84,50,58,0.4375,0.2604166666666667,2.8,6.761904761904762,14.0,1.6055555555555556,8,49,-15.536251303275638,0.23993771681113735,0.037098765432098765,0.7210203937980064,0.08208086641725083,0.1590416989420893,0.05217019109607959,0.09209916143891106,0.4148936170212766,0.43103448275862066,0.5
frequent_break,mappo_full,7,13044,192,37,68,87,0.19270833333333334,0.3541666666666667,1.2333333333333334,8.91891891891892,19.199999999999996,2.1777777777777776,21,67,-25.371781708402203,0.30366409127028376,0.05070987654320988,0.7238400047808847,0.12236065090167257,0.07868795678006203,0.05643961221190282,0.1334169421050226,0.24489795918367346,0.18181818181818182,0.07692307692307693
frequent_break,mappo_full,7,13045,192,85,49,58,0.4427083333333333,0.2552083333333333,2.8333333333333335,6.529411764705882,14.0,1.7361111111111112,17,35,-13.970608764125979,0.21520144320383514,0.04,0.7578772913751354,0.07315678115600716,0.19048044132796454,0.058364271334682985,0.10001998460202796,0.4583333333333333,0.44642857142857145,0.4
frequent_break,mappo_full,7,13046,192,89,38,65,0.4635416666666667,0.19791666666666666,2.966666666666667,7.337078651685394,20.0,1.9152777777777779,12,46,-13.102984920682683,0.23227972898436883,0.04419753086419754,0.7153981481866799,0.0827260646416993,0.17656466397952467,0.052608309543789276,0.07137631016500985,0.5,0.38571428571428573,0.5333333333333333
frequent_break,mappo_full,7,13047,192,45,63,84,0.234375,0.328125,1.5,8.266666666666667,15.799999999999997,2.2083333333333335,18,84,-23.5767915302168,0.29754847385966454,0.0512962962962963,0.7092746236377984,0.15053812487249021,0.08334374732594545,0.05051147051801601,0.1120994754586086,0.24074074074074073,0.20833333333333334,0.25
frequent_break,mappo_full,7,13048,192,67,55,70,0.3489583333333333,0.2864583333333333,2.2333333333333334,6.970149253731344,14.699999999999996,2.004166666666667,11,84,-17.43196748724701,0.2223279888802771,0.046327160493827166,0.6954652858127446,0.15014661048632647,0.1251130379207846,0.04959416860531942,0.09459027980514721,0.3684210526315789,0.32142857142857145,0.34146341463414637
frequent_break,mappo_full,7,13049,192,38,73,81,0.19791666666666666,0.3802083333333333,1.2666666666666666,8.973684210526315,23.299999999999997,2.2291666666666665,18,65,-24.814776299311948,0.25955789317348243,0.051666666666666666,0.7349009103839669,0.12856022818484117,0.07680194389946712,0.05580010464122455,0.1405646799880546,0.22641509433962265,0.10714285714285714,0.26666666666666666
frequent_break,mappo_full,7,13050,192,73,47,72,0.3802083333333333,0.24479166666666666,2.433333333333333,5.616438356164384,14.0,1.7722222222222221,8,97,-14.847993999351191,0.1978412607975293,0.041234567901234566,0.686035241730052,0.18032604349554812,0.14471858121238929,0.05132726093332462,0.08466291248024996,0.37894736842105264,0.43859649122807015,0.3
frequent_break,mappo_full,42,13001,192,100,19,73,0.5208333333333334,0.09895833333333333,3.3333333333333335,8.03,19.0,1.95,25,32,-9.596003251864044,0.24109210206823156,0.045216049382716055,0.6905625543210285,0.06028126614813921,0.19393519449247,0.04978308848745716,0.03407819161689131,0.5607476635514018,0.46938775510204084,0.4722222222222222
frequent_break,mappo_full,42,13002,192,23,98,71,0.11979166666666667,0.5104166666666666,0.7666666666666667,7.0,11.0,1.9819444444444445,12,61,-30.6590436131534,0.32701643795717267,0.0458641975308642,0.721519997443887,0.11091067128605829,0.04315220240142841,0.05486504416638213,0.17806804593182302,0.1958762886597938,0.05660377358490566,0.023809523809523808
frequent_break,mappo_full,42,13003,192,87,42,63,0.453125,0.21875,2.9,7.149425287356322,13.0,1.7819444444444446,13,28,-13.39202798837357,0.22464900354563702,0.04117283950617285,0.7075715611295649,0.0508712139826691,0.16605532338891474,0.04992726507970647,0.07598577735187642,0.5104166666666666,0.3064516129032258,0.5588235294117647
frequent_break,mappo_full,42,13004,192,72,59,61,0.375,0.3072916666666667,2.4,6.708333333333333,16.0,1.6555555555555554,10,27,-17.06463406338415,0.21390521597403797,0.03830246913580247,0.7221457227056276,0.052995826126631077,0.13747547673631264,0.05332969070239776,0.11110995099385192,0.4642857142857143,0.23333333333333334,0.3958333333333333
frequent_break,mappo_full,42,13005,192,64,44,84,0.3333333333333333,0.22916666666666666,2.1333333333333333,8.34375,15.849999999999994,2.2333333333333334,18,36,-18.60409311042705,0.2910984928497045,0.05185185185185184,0.7189408148314664,0.06733944189052549,0.12720559955467076,0.05106769846853894,0.08196129807584915,0.3764705882352941,0.2463768115942029,0.39473684210526316
frequent_break,mappo_full,42,13006,192,88,58,46,0.4583333333333333,0.3020833333333333,2.933333333333333,5.056818181818182,12.0,1.3472222222222223,8,25,-13.373029077808132,0.1731480172683518,0.030987654320987656,0.7413998590590283,0.04877430504365489,0.1846990038398707,0.05751163372826816,0.11551077448523267,0.48484848484848486,0.39655172413793105,0.4857142857142857
frequent_break,mappo_full,42,13007,192,74,54,64,0.3854166666666667,0.28125,2.466666666666667,7.6891891891891895,14.0,1.7819444444444446,11,20,-16.34193801757464,0.22136759424767777,0.041203703703703715,0.7360633685145579,0.03692436490811104,0.1541935496850358,0.057465640529734394,0.10881234406002208,0.43564356435643564,0.2727272727272727,0.4166666666666667
frequent_break,mappo_full,42,13008,192,27,97,68,0.140625,0.5052083333333334,0.9,5.111111111111111,11.7,2.051388888888889,18,53,-30.189843139581377,0.29401727750078394,0.0473148148148148,0.7622152294127709,0.11012052933879558,0.055192182401934714,0.06135137474991585,0.18778824102740507,0.08849557522123894,0.21739130434782608,0.21212121212121213
frequent_break,mappo_full,42,13009,192,19,92,81,0.09895833333333333,0.4791666666666667,0.6333333333333333,4.526315789473684,8.099999999999998,2.188888888888889,15,79,-30.24902199732375,0.2848371523814755,0.050771604938271604,0.7377321758488513,0.15492129015348827,0.03959090946320048,0.056880979911616454,0.17824483594607432,0.10101010101010101,0.11666666666666667,0.06060606060606061
frequent_break,mappo_full,42,13010,192,66,50,76,0.34375,0.2604166666666667,2.2,9.181818181818182,20.0,2.173611111111111,14,39,-18.177888637093083,0.2634576470852176,0.050277777777777775,0.7290057149612071,0.07641819008305076,0.13897659243634475,0.05351941820467893,0.09753224974200204,0.4725274725274725,0.14084507042253522,0.43333333333333335
frequent_break,mappo_full,42,13011,192,118,19,55,0.6145833333333334,0.09895833333333333,3.933333333333333,6.245762711864407,15.0,1.6263888888888889,14,6,-5.534715907022505,0.2040867422149176,0.03746913580246914,0.7075040603410551,0.01169447311088178,0.2411628896845615,0.051328589246827226,0.03576523751446352,0.7088607594936709,0.4745762711864407,0.6296296296296297
frequent_break,mappo_full,42,13012,192,41,42,109,0.21354166666666666,0.21875,1.3666666666666667,8.024390243902438,17.0,2.75,24,56,-21.429235934514377,0.3016021927890618,0.06410493827160495,0.6933937255011249,0.09857276137461896,0.07910613394746521,0.04848176872823267,0.07418719853704372,0.16666666666666666,0.22413793103448276,0.3157894736842105
frequent_break,mappo_full,42,13013,192,82,52,58,0.4270833333333333,0.2708333333333333,2.7333333333333334,7.780487804878049,14.950000000000003,1.5916666666666666,17,20,-15.799864785471419,0.2352672836659196,0.03679012345679013,0.7601952225181833,0.04266857597739951,0.17846635662812133,0.06085526619160708,0.11208931863343626,0.5,0.3076923076923077,0.46153846153846156
frequent_break,mappo_full,42,13014,192,58,66,68,0.3020833333333333,0.34375,1.9333333333333333,7.793103448275862,16.599999999999994,1.9805555555555556,21,43,-21.250732181597762,0.2540588007219239,0.04574074074074074,0.7249735547123881,0.08096369302638652,0.108544820905502,0.05335438083298893,0.12539051691915468,0.3793103448275862,0.12903225806451613,0.3953488372093023
frequent_break,mappo_full,42,13015,192,73,47,72,0.3802083333333333,0.24479166666666666,2.433333333333333,8.054794520547945,15.0,1.9125,17,34,-16.64409943947837,0.237125643975924,0.04435185185185185,0.7435590302196007,0.06634157824173305,0.146718510391111,0.05450955675952278,0.09256721176999815,0.4077669902912621,0.2777777777777778,0.45714285714285713
frequent_break,mappo_full,42,13016,192,90,31,71,0.46875,0.16145833333333334,3.0,7.666666666666667,15.0,1.9027777777777777,13,33,-12.278384024168156,0.25591095582614737,0.044104938271604936,0.7215733512696438,0.06109943977591036,0.19134289185759776,0.05462373411447785,0.0611507038712921,0.5054945054945055,0.4153846153846154,0.4722222222222222
frequent_break,mappo_full,42,13017,192,70,66,56,0.3645833333333333,0.34375,2.3333333333333335,6.457142857142857,13.649999999999991,1.6236111111111111,11,48,-18.225086403920848,0.21016718706691825,0.037438271604938275,0.7280472536275855,0.09138551034448866,0.1391121437328868,0.05699078169761639,0.12880477809657376,0.3723404255319149,0.34545454545454546,0.37209302325581395
frequent_break,mappo_full,42,13018,192,23,93,76,0.11979166666666667,0.484375,0.7666666666666667,5.0,13.799999999999997,1.9666666666666666,15,71,-29.56258772643803,0.29879815890516287,0.045679012345679,0.721715168339238,0.12972807836584926,0.04228967025406653,0.05467554240326295,0.17119340426228968,0.13186813186813187,0.08064516129032258,0.15384615384615385
frequent_break,mappo_full,42,13019,192,80,36,76,0.4166666666666667,0.1875,2.6666666666666665,8.4375,18.0,2.0083333333333333,15,26,-14.260765462469625,0.2502193841024592,0.04660493827160493,0.7224872034583585,0.05269141462252917,0.16556620781465983,0.052847951734124717,0.07096062491573328,0.48936170212765956,0.3448275862068966,0.35
frequent_break,mappo_full,42,13020,192,30,79,83,0.15625,0.4114583333333333,1.0,8.566666666666666,18.099999999999994,2.3777777777777778,19,67,-27.964326953642615,0.3287130015975828,0.05503086419753087,0.7170093298136412,0.12279741428735234,0.05548548659229773,0.052200181424099705,0.14104667305518698,0.1511627906976744,0.11666666666666667,0.21739130434782608
frequent_break,mappo_full,42,13021,192,45,48,99,0.234375,0.25,1.5,8.977777777777778,22.39999999999999,2.6069444444444443,16,73,-21.411157867399,0.29201119861643204,0.060617283950617266,0.6965128400135093,0.1288928035328964,0.08481673583840767,0.04908528078593081,0.08194509967729781,0.24468085106382978,0.22,0.22916666666666666
frequent_break,mappo_full,42,13022,192,65,62,65,0.3385416666666667,0.3229166666666667,2.1666666666666665,7.584615384615384,19.0,1.8722222222222222,14,35,-19.688202933945387,0.2521868955894081,0.04324074074074074,0.7264840596261215,0.06559970186905172,0.1250118036418346,0.05524769737481481,0.11881540515441442,0.36633663366336633,0.2857142857142857,0.34285714285714286
frequent_break,mappo_full,42,13023,192,55,41,96,0.2864583333333333,0.21354166666666666,1.8333333333333333,9.127272727272727,18.599999999999994,2.5972222222222223,18,69,-19.486105208784885,0.2993322598036808,0.060308641975308636,0.6653040902167678,0.12130412372285439,0.100379273719057,0.047361563216098045,0.07053359408622567,0.3434343434343434,0.3225806451612903,0.03225806451612903
frequent_break,mappo_full,42,13024,192,61,76,55,0.3177083333333333,0.3958333333333333,2.033333333333333,5.704918032786885,14.0,1.5597222222222222,16,29,-20.24016628860139,0.20563785597764228,0.03598765432098764,0.7561767031165233,0.05361388797534308,0.12279575730427124,0.056891912326462644,0.1456677122040899,0.3595505617977528,0.265625,0.3076923076923077
frequent_break,mappo_full,42,13025,192,66,45,81,0.34375,0.234375,2.2,7.287878787878788,17.75,2.1,19,39,-17.014502865530783,0.24209283280211225,0.048796296296296296,0.7218355480615851,0.07288972021557161,0.13124006597690807,0.05161788967924176,0.0839214252952643,0.3404255319148936,0.2777777777777778,0.4318181818181818
frequent_break,mappo_full,42,13026,192,39,69,84,0.203125,0.359375,1.3,5.923076923076923,13.100000000000001,2.1638888888888888,14,108,-23.942811595426623,0.25839609122302015,0.05030864197530865,0.7029237742043147,0.19762164807443444,0.07475133913214409,0.052517687909838455,0.12635770390027354,0.20952380952380953,0.17307692307692307,0.22857142857142856
frequent_break,mappo_full,42,13027,192,68,53,71,0.3541666666666667,0.2760416666666667,2.2666666666666666,7.911764705882353,14.0,1.9194444444444445,11,44,-18.465510874891343,0.26239193182879084,0.04447530864197532,0.7207158680420837,0.08602388323750552,0.13681802230563841,0.053499238428250946,0.10413413026029124,0.4117647058823529,0.21818181818181817,0.4
frequent_break,mappo_full,42,13028,192,90,26,76,0.46875,0.13541666666666666,3.0,7.188888888888889,13.099999999999994,1.9111111111111112,13,30,-11.115121269412473,0.23850471981004842,0.04444444444444444,0.7090405450950645,0.054980445394532076,0.1847903254869199,0.05206772039153622,0.047650642128196315,0.5377358490566038,0.3064516129032258,0.5833333333333334
frequent_break,mappo_full,42,13029,192,63,41,88,0.328125,0.21354166666666666,2.1,10.46031746031746,21.9,2.275,27,25,-18.67856102920885,0.29089134738879596,0.05290123456790123,0.7311393386667199,0.05034545104591545,0.1238654847904074,0.05221035712914744,0.0781387701279342,0.3854166666666667,0.24528301886792453,0.3023255813953488
frequent_break,mappo_full,42,13030,192,70,52,70,0.3645833333333333,0.2708333333333333,2.3333333333333335,7.5285714285714285,18.0,1.925,16,30,-17.249140181546718,0.23969457885595935,0.0445679012345679,0.7567053769920389,0.061134732570491075,0.15632335930323546,0.059420001068255,0.10787376151540239,0.3644859813084112,0.2962962962962963,0.4838709677419355
frequent_break,mappo_full,42,13031,192,72,30,90,0.375,0.15625,2.4,8.527777777777779,20.0,2.2597222222222224,12,73,-15.070992084859432,0.26323138089393394,0.05262345679012345,0.6871799292990419,0.13380635804397414,0.14315365219002987,0.04934527874611918,0.05402889837487361,0.5052631578947369,0.21666666666666667,0.2972972972972973
frequent_break,mappo_full,42,13032,192,52,67,73,0.2708333333333333,0.3489583333333333,1.7333333333333334,6.576923076923077,14.449999999999996,2.051388888888889,13,39,-21.803756543202347,0.25500973879680583,0.047469135802469135,0.7405310506424618,0.07595852376038133,0.10968909816820033,0.055862271372622556,0.13107078823023097,0.2903225806451613,0.22580645161290322,0.2972972972972973
frequent_break,mappo_full,42,13033,192,38,70,84,0.19791666666666666,0.3645833333333333,1.2666666666666666,8.526315789473685,19.0,2.4180555555555556,18,32,-24.82974190358938,0.2946484719131962,0.0559567901234568,0.7163428067836048,0.05941579848313595,0.0745744798144179,0.05286858109292479,0.13102584893606567,0.23655913978494625,0.18461538461538463,0.11764705882352941
frequent_break,mappo_full,42,13034,192,44,49,99,0.22916666666666666,0.2552083333333333,1.4666666666666666,8.181818181818182,17.0,2.6569444444444446,15,76,-20.981147632430414,0.27057630249056963,0.0617283950617284,0.6809635070209346,0.13188611382883828,0.07870407413364068,0.047548439794934234,0.08260344860964054,0.21818181818181817,0.17391304347826086,0.3333333333333333
frequent_break,mappo_full,42,13035,192,52,62,78,0.2708333333333333,0.3229166666666667,1.7333333333333334,8.75,16.449999999999996,2.073611111111111,27,16,-21.960394160371724,0.2626158692767621,0.04811728395061728,0.7541285022209834,0.0345625344154756,0.1128787497905145,0.06075813985579513,0.133304184921832,0.28,0.2037037037037037,0.34210526315789475
frequent_break,mappo_full,42,13036,192,53,50,89,0.2760416666666667,0.2604166666666667,1.7666666666666666,8.037735849056604,21.0,2.3375,27,24,-19.793403680661296,0.266346157880845,0.05432098765432099,0.7206540348077481,0.04334422099514978,0.10427899213502927,0.05131583176046635,0.092203857087758,0.27956989247311825,0.27419354838709675,0.2702702702702703
frequent_break,mappo_full,42,13037,192,43,51,98,0.22395833333333334,0.265625,1.4333333333333333,10.395348837209303,19.0,2.6222222222222222,34,49,-24.77207826054762,0.3740428330846497,0.060925925925925925,0.7123856047533814,0.09384907518808447,0.08062449275297572,0.050218996295903554,0.09210841832745856,0.17721518987341772,0.1875,0.3469387755102041
frequent_break,mappo_full,42,13038,192,86,27,79,0.4479166666666667,0.140625,2.8666666666666667,8.523255813953488,17.75,2.1041666666666665,13,44,-12.663140452896503,0.2432170200702865,0.04882716049382716,0.7218261651916684,0.09050304199298005,0.17489909041766627,0.05182853918631968,0.052713784610069446,0.574468085106383,0.20967741935483872,0.5277777777777778
frequent_break,mappo_full,42,13039,192,48,69,75,0.25,0.359375,1.6,7.291666666666667,19.0,2.022222222222222,15,29,-23.253949216437885,0.2542485243632896,0.04688271604938272,0.765281976700854,0.06380359836242189,0.10884122685593271,0.061883838294885175,0.14973465260229965,0.2727272727272727,0.22033898305084745,0.23529411764705882
frequent_break,mappo_full,42,13040,192,83,40,69,0.4322916666666667,0.20833333333333334,2.7666666666666666,8.481927710843374,16.89999999999999,1.961111111111111,19,14,-15.604926283253247,0.2859494310454707,0.04533950617283951,0.7298576383367613,0.028187052598817305,0.17169191833278521,0.05420386968130388,0.08267019673366423,0.43529411764705883,0.3870967741935484,0.4888888888888889
frequent_break,mappo_full,42,13041,192,38,68,86,0.19791666666666666,0.3541666666666667,1.2666666666666666,9.657894736842104,20.0,2.4,17,44,-25.478374003928597,0.32533105928208417,0.05561728395061728,0.7097669617380831,0.07999639621930642,0.07108142087244254,0.05081143402982346,0.12282659262535424,0.24175824175824176,0.13846153846153847,0.19444444444444445
frequent_break,mappo_full,42,13042,192,35,62,95,0.18229166666666666,0.3229166666666667,1.1666666666666667,9.514285714285714,18.499999999999986,2.4097222222222223,17,41,-25.206675542617912,0.3135763604994892,0.05611111111111112,0.7200924170831001,0.07950218683964815,0.06969733282426782,0.054886671965526525,0.11985831062069453,0.1836734693877551,0.1346153846153846,0.23809523809523808
frequent_break,mappo_full,42,13043,192,87,52,53,0.453125,0.2708333333333333,2.9,7.114942528735632,15.700000000000003,1.6902777777777778,12,36,-15.174302414569821,0.23188295604776618,0.03882716049382716,0.7172220794555663,0.06968165606323501,0.16534038559193356,0.05241321906504462,0.09787873718988269,0.4787234042553192,0.41379310344827586,0.45
frequent_break,mappo_full,42,13044,192,31,75,86,0.16145833333333334,0.390625,1.0333333333333334,9.064516129032258,21.0,2.136111111111111,21,61,-27.358003562799237,0.3159218918627484,0.04975308641975309,0.7222727911301626,0.11197090133235643,0.060383486768935686,0.054588598469545765,0.14399331447706057,0.22448979591836735,0.14545454545454545,0.02564102564102564
frequent_break,mappo_full,42,13045,192,79,57,56,0.4114583333333333,0.296875,2.6333333333333333,6.544303797468355,13.099999999999994,1.7972222222222223,14,31,-15.153868226497584,0.19967718524760253,0.04129629629629628,0.7237923660343303,0.06345862055614378,0.16156161906548902,0.05443226989111614,0.10775341130604286,0.4270833333333333,0.375,0.425
frequent_break,mappo_full,42,13046,192,76,44,72,0.3958333333333333,0.22916666666666666,2.533333333333333,7.223684210526316,21.0,1.976388888888889,15,29,-14.595537612048153,0.2272748989867685,0.0457716049382716,0.7223631606561768,0.05351224497896324,0.16239168654416333,0.055367431133918926,0.08499416905763654,0.40217391304347827,0.32857142857142857,0.5333333333333333
frequent_break,mappo_full,42,13047,192,36,62,94,0.1875,0.3229166666666667,1.2,8.86111111111111,17.0,2.386111111111111,17,65,-25.06766376218701,0.3117216201397531,0.055555555555555566,0.7137172075607296,0.12156015037593983,0.06873277966157222,0.051780687015401124,0.11526979212737726,0.21296296296296297,0.125,0.19444444444444445
frequent_break,mappo_full,42,13048,192,62,57,73,0.3229166666666667,0.296875,2.066666666666667,6.790322580645161,12.0,2.0375,11,68,-18.264256190165437,0.2210289859655238,0.04716049382716049,0.6948427714222655,0.12782544685812286,0.1155046815319059,0.05066581244712763,0.10150373269063538,0.3684210526315789,0.2857142857142857,0.2682926829268293
frequent_break,mappo_full,42,13049,192,42,75,75,0.21875,0.390625,1.4,8.238095238095237,19.949999999999996,2.058333333333333,16,46,-25.05327903395816,0.2678106218780643,0.04768518518518518,0.7400059918562728,0.09388422508004553,0.0844377739849876,0.057905873152241855,0.15172782540816598,0.25471698113207547,0.14285714285714285,0.23333333333333334
frequent_break,mappo_full,42,13050,192,76,46,70,0.3958333333333333,0.23958333333333334,2.533333333333333,5.868421052631579,12.25,1.7291666666666667,9,69,-14.902759094062246,0.22678260324619295,0.04021604938271606,0.6951415735673181,0.12751242808905347,0.15177021264482565,0.05144539662960874,0.08156290347079821,0.4,0.45614035087719296,0.3
frequent_break,mappo_full,1024,13001,192,106,15,71,0.5520833333333334,0.078125,3.533333333333333,7.622641509433962,16.0,1.836111111111111,23,23,-7.291918066273195,0.22860026529426583,0.04262345679012345,0.7007370789525691,0.04473788638262323,0.21965920646261206,0.05223786897707619,0.027571707045391254,0.5981308411214953,0.4897959183673469,0.5
frequent_break,mappo_full,1024,13002,192,22,89,81,0.11458333333333333,0.4635416666666667,0.7333333333333333,7.0,14.799999999999997,2.2263888888888888,15,51,-31.23641522736246,0.34962091179971344,0.05160493827160494,0.7453532885912229,0.0947043261749144,0.043465198945075105,0.056569329810379404,0.1699824669368013,0.16494845360824742,0.05660377358490566,0.07142857142857142
frequent_break,mappo_full,1024,13003,192,79,42,71,0.4114583333333333,0.21875,2.6333333333333333,7.012658227848101,15.0,1.8791666666666667,25,24,-13.907685638310642,0.22398540522702431,0.04358024691358024,0.7143924963988739,0.04323857028191394,0.1601296352999139,0.05188610977020487,0.07698330794306026,0.5104166666666666,0.3064516129032258,0.3235294117647059
frequent_break,mappo_full,1024,13004,192,77,53,62,0.4010416666666667,0.2760416666666667,2.566666666666667,6.714285714285714,13.0,1.6819444444444445,8,40,-16.392907859625215,0.24268297159642713,0.03891975308641975,0.7059103744858598,0.0772522448025544,0.15161670988683368,0.05336235495946231,0.10105151799811242,0.42857142857142855,0.31666666666666665,0.4583333333333333
frequent_break,mappo_full,1024,13005,192,71,35,86,0.3697916666666667,0.18229166666666666,2.3666666666666667,8.112676056338028,17.5,2.201388888888889,20,30,-15.745542778364863,0.26941636278589587,0.05120370370370371,0.7199644973036512,0.055588521958491,0.1447831793536128,0.05082345852475554,0.06392808000393141,0.43529411764705883,0.2898550724637681,0.3684210526315789
frequent_break,mappo_full,1024,13006,192,92,55,45,0.4791666666666667,0.2864583333333333,3.066666666666667,5.478260869565218,12.450000000000003,1.3375,6,32,-12.945368530564808,0.19218264815126584,0.03074074074074074,0.7363969178864793,0.060807390207545005,0.1946593204410542,0.058153960030190126,0.10894017575132124,0.5656565656565656,0.3275862068965517,0.4857142857142857
frequent_break,mappo_full,1024,13007,192,84,48,60,0.4375,0.25,2.8,7.583333333333333,14.849999999999994,1.7055555555555555,14,14,-13.966068633260326,0.21871681377115026,0.03938271604938271,0.7426325729062792,0.028931663308598296,0.18128426269293138,0.05822498073044094,0.09747802134799037,0.48514851485148514,0.34545454545454546,0.4444444444444444
frequent_break,mappo_full,1024,13008,192,25,96,71,0.13020833333333334,0.5,0.8333333333333334,4.76,11.599999999999994,2.040277777777778,17,58,-30.507888359300097,0.2933301084605265,0.0471604938271605,0.7631137627803685,0.1256065222473891,0.05188219173900289,0.06118927466454344,0.18841918931315219,0.08849557522123894,0.1956521739130435,0.18181818181818182
frequent_break,mappo_full,1024,13009,192,18,92,82,0.09375,0.4791666666666667,0.6,6.277777777777778,16.599999999999994,2.251388888888889,11,77,-30.894964053474094,0.31416808527033735,0.05219135802469136,0.7258248102458598,0.14726761757334514,0.03694305207463102,0.05617552684161239,0.1749067931266074,0.10101010101010101,0.11666666666666667,0.030303030303030304
frequent_break,mappo_full,1024,13010,192,68,39,85,0.3541666666666667,0.203125,2.2666666666666666,8.764705882352942,19.65,2.2694444444444444,16,13,-16.35451849992505,0.2591852744235729,0.05268518518518518,0.7257448917597908,0.027178649237472766,0.13944610300260457,0.0521359025229159,0.07459381705898732,0.4725274725274725,0.19718309859154928,0.36666666666666664
frequent_break,mappo_full,1024,13011,192,110,13,69,0.5729166666666666,0.06770833333333333,3.6666666666666665,6.136363636363637,13.0,1.6347222222222222,11,42,-5.725739714322632,0.22162066769548389,0.038086419753086416,0.6987484027187202,0.07351118953286136,0.23760549320533847,0.052315642208444896,0.022335584951684025,0.569620253164557,0.5084745762711864,0.6481481481481481
frequent_break,mappo_full,1024,13012,192,46,44,102,0.23958333333333334,0.22916666666666666,1.5333333333333334,8.76086956521739,18.0,2.734722222222222,22,32,-19.77624223628937,0.2562583663645144,0.06354938271604937,0.7070030756717458,0.06279864900607936,0.08873157859225969,0.049000385447178024,0.07930602650416892,0.2708333333333333,0.1724137931034483,0.2631578947368421
frequent_break,mappo_full,1024,13013,192,79,57,56,0.4114583333333333,0.296875,2.6333333333333333,6.531645569620253,13.0,1.5194444444444444,21,19,-15.226108002383596,0.20125341679769967,0.03512345679012345,0.7574533959608362,0.03883140480663701,0.17522539065108722,0.06037771099625373,0.11805239122189584,0.48863636363636365,0.3384615384615385,0.358974358974359
frequent_break,mappo_full,1024,13014,192,59,66,67,0.3072916666666667,0.34375,1.9666666666666666,7.406779661016949,15.299999999999983,1.9069444444444446,18,45,-20.569539963161233,0.2415267522316623,0.04407407407407408,0.7224443493297819,0.086135539010926,0.11300430406080558,0.0537017184764038,0.12552723721067374,0.41379310344827586,0.16129032258064516,0.3023255813953488
frequent_break,mappo_full,1024,13015,192,71,43,78,0.3697916666666667,0.22395833333333334,2.3666666666666667,6.563380281690141,12.0,1.9736111111111112,20,40,-16.336674944227504,0.24661311863503232,0.045895061728395053,0.7408088827098609,0.07291750618376006,0.14778119727423128,0.05360258368709674,0.08322042852228612,0.4077669902912621,0.3148148148148148,0.34285714285714286
frequent_break,mappo_full,1024,13016,192,90,28,74,0.46875,0.14583333333333334,3.0,7.033333333333333,14.0,1.8458333333333334,14,22,-11.16865753414073,0.23836563637743519,0.042932098765432095,0.7262615260073012,0.04402970252428457,0.19501059713134017,0.05475918787679519,0.05609292052403508,0.5384615384615384,0.38461538461538464,0.4444444444444444
frequent_break,mappo_full,1024,13017,192,71,65,56,0.3697916666666667,0.3385416666666667,2.3666666666666667,5.873239436619718,13.0,1.5444444444444445,12,38,-18.13441023994915,0.21222385805807595,0.03567901234567901,0.7359512777255333,0.07253317116320211,0.1411076498034702,0.05706854970965332,0.12886972246879366,0.4148936170212766,0.32727272727272727,0.32558139534883723
frequent_break,mappo_full,1024,13018,192,25,93,74,0.13020833333333334,0.484375,0.8333333333333334,5.68,13.599999999999994,2.0069444444444446,17,89,-28.647199005712597,0.2819565006888908,0.04651234567901234,0.7189784205153137,0.1605338919193408,0.04673239471227088,0.053783689461483215,0.16611534406426046,0.14285714285714285,0.08064516129032258,0.1794871794871795
frequent_break,mappo_full,1024,13019,192,79,37,76,0.4114583333333333,0.19270833333333334,2.6333333333333333,7.7594936708860756,17.099999999999994,1.975,14,17,-13.771175616890543,0.2315943991119615,0.0458641975308642,0.7422691951539472,0.036398615001556174,0.17359184317001655,0.05535867751205074,0.07699346405228759,0.4574468085106383,0.29310344827586204,0.475
frequent_break,mappo_full,1024,13020,192,35,76,81,0.18229166666666666,0.3958333333333333,1.1666666666666667,9.542857142857143,17.89999999999999,2.261111111111111,23,68,-27.99402456549968,0.3460053753058181,0.052376543209876544,0.7240164048623302,0.12612241387783182,0.06538834832178485,0.053166495175436264,0.141727452114449,0.18604651162790697,0.13333333333333333,0.2391304347826087
frequent_break,mappo_full,1024,13021,192,40,43,109,0.20833333333333334,0.22395833333333334,1.3333333333333333,7.55,13.149999999999991,2.765277777777778,19,56,-21.206632196374148,0.27940368291601597,0.06444444444444444,0.7072798335463258,0.09722906493804324,0.07535332830224471,0.04886092962562518,0.07433166764436114,0.14893617021276595,0.24,0.2916666666666667
frequent_break,mappo_full,1024,13022,192,56,64,72,0.2916666666666667,0.3333333333333333,1.8666666666666667,7.428571428571429,15.0,2.0166666666666666,19,36,-20.86918553700082,0.24751227240562154,0.046666666666666655,0.7243601579295241,0.06451530217986,0.10900072120811789,0.05579158688086179,0.12406652824424394,0.297029702970297,0.23214285714285715,0.37142857142857144
frequent_break,mappo_full,1024,13023,192,61,38,93,0.3177083333333333,0.19791666666666666,2.033333333333333,9.049180327868852,16.0,2.5319444444444446,14,37,-17.31734771063624,0.2670892610168141,0.05876543209876543,0.6676860625888005,0.06413393084159674,0.10777304069352124,0.046797337138238505,0.06366992360127371,0.32323232323232326,0.27419354838709675,0.3870967741935484
frequent_break,mappo_full,1024,13024,192,57,73,62,0.296875,0.3802083333333333,1.9,6.350877192982456,13.199999999999996,1.6527777777777777,16,38,-21.176341433660347,0.22160805722548524,0.03827160493827161,0.7594173267901616,0.074472283965318,0.11578850028540429,0.057274991549754996,0.14244954392013218,0.33707865168539325,0.265625,0.2564102564102564
frequent_break,mappo_full,1024,13025,192,55,55,82,0.2864583333333333,0.2864583333333333,1.8333333333333333,8.345454545454546,18.0,2.1944444444444446,18,29,-19.581382551119788,0.24014156359728167,0.05092592592592593,0.7344929955570472,0.05399197265296336,0.10798880370861794,0.05137404674957699,0.1023128788995662,0.3617021276595745,0.14814814814814814,0.29545454545454547
frequent_break,mappo_full,1024,13026,192,37,70,85,0.19270833333333334,0.3645833333333333,1.2333333333333334,5.324324324324325,11.599999999999987,2.1694444444444443,16,83,-22.823824756532467,0.21563323822291716,0.050462962962962966,0.7113643282248318,0.1531347205998909,0.0717367970580045,0.05268835045301854,0.12834310039805397,0.19047619047619047,0.21153846153846154,0.17142857142857143
frequent_break,mappo_full,1024,13027,192,69,45,78,0.359375,0.234375,2.3,7.811594202898551,17.19999999999999,1.9166666666666667,17,36,-17.827627650235915,0.27002345253306254,0.04462962962962964,0.7303027660981132,0.07423308774701963,0.14035893687209475,0.05432442506321812,0.09190726470525232,0.37254901960784315,0.23636363636363636,0.5142857142857142
frequent_break,mappo_full,1024,13028,192,90,20,82,0.46875,0.10416666666666667,3.0,7.066666666666666,14.549999999999997,1.9736111111111112,17,56,-10.288492497222748,0.22923153894735607,0.04601851851851852,0.7016953172766874,0.09922952806853734,0.18489780415090012,0.05103348364118839,0.0354510459154422,0.5188679245283019,0.3548387096774194,0.5416666666666666
frequent_break,mappo_full,1024,13029,192,57,39,96,0.296875,0.203125,1.9,8.333333333333334,15.399999999999991,2.298611111111111,31,36,-18.87291037935566,0.2719504696357019,0.05367283950617283,0.7570594946479307,0.06968911248710011,0.11982683424246891,0.054116845962515064,0.07799134273592477,0.2916666666666667,0.22641509433962265,0.3953488372093023
frequent_break,mappo_full,1024,13030,192,73,51,68,0.3802083333333333,0.265625,2.433333333333333,7.4520547945205475,18.0,1.7652777777777777,17,30,-15.973055477720866,0.2208309035464367,0.040956790123456786,0.7566084051351417,0.059649020426884206,0.16322490461035358,0.05935380123085545,0.10455963469508361,0.411214953271028,0.25925925925925924,0.4838709677419355
frequent_break,mappo_full,1024,13031,192,78,27,87,0.40625,0.140625,2.6,8.807692307692308,19.14999999999999,2.2416666666666667,13,51,-13.741519746745196,0.2747363918679262,0.05212962962962962,0.6920949513181273,0.08912391644589787,0.15947991608208326,0.05019823927663493,0.04583915597073492,0.5368421052631579,0.2833333333333333,0.2702702702702703
frequent_break,mappo_full,1024,13032,192,54,65,73,0.28125,0.3385416666666667,1.8,7.777777777777778,17.0,1.9347222222222222,13,51,-20.759881802031632,0.24197631400230993,0.044876543209876545,0.720796193892873,0.09548140871283285,0.1086217978787638,0.053855935699675665,0.12324106749803344,0.3225806451612903,0.14516129032258066,0.40540540540540543
frequent_break,mappo_full,1024,13033,192,38,64,90,0.19791666666666666,0.3333333333333333,1.2666666666666666,7.921052631578948,16.299999999999997,2.4402777777777778,14,44,-24.426825805841208,0.303348768353945,0.056635802469135806,0.7119404871347401,0.08038519501367797,0.07267709715465133,0.05123322110490008,0.11687685308041344,0.22580645161290322,0.2153846153846154,0.08823529411764706
frequent_break,mappo_full,1024,13034,192,53,44,95,0.2760416666666667,0.22916666666666666,1.7666666666666666,8.547169811320755,19.4,2.5319444444444446,19,60,-19.90562487157852,0.2725949341019395,0.05882716049382717,0.7140060310435578,0.10860331346786456,0.10005441969451258,0.0494748131289204,0.08015092320819873,0.3090909090909091,0.2391304347826087,0.2222222222222222
frequent_break,mappo_full,1024,13035,192,52,65,75,0.2708333333333333,0.3385416666666667,1.7333333333333334,7.846153846153846,18.0,1.9277777777777778,32,25,-22.391411522215996,0.2646844036616515,0.04478395061728394,0.7484103926483379,0.0528671682348153,0.11038584237113651,0.05927928461465095,0.13796697311403194,0.28,0.2222222222222222,0.3157894736842105
frequent_break,mappo_full,1024,13036,192,53,47,92,0.2760416666666667,0.24479166666666666,1.7666666666666666,7.886792452830188,21.4,2.411111111111111,31,40,-19.586950641227382,0.26146786303817343,0.056049382716049395,0.7245729564110799,0.07673755467099119,0.10637483445919978,0.05299921291084613,0.08820337199207168,0.26881720430107525,0.27419354838709675,0.2972972972972973
frequent_break,mappo_full,1024,13037,192,41,56,95,0.21354166666666666,0.2916666666666667,1.3666666666666667,9.268292682926829,16.0,2.513888888888889,27,85,-23.861944006964407,0.3208393422745194,0.058425925925925916,0.6984103816125776,0.14393617877364007,0.07501982322802755,0.04876869040448225,0.09749420070240504,0.21518987341772153,0.125,0.32653061224489793
frequent_break,mappo_full,1024,13038,192,83,30,79,0.4322916666666667,0.15625,2.7666666666666666,7.951807228915663,15.0,2.040277777777778,20,31,-12.861274074709964,0.23372392717372717,0.04740740740740741,0.724188066093745,0.05796599341490982,0.1694142279862094,0.05150365272472269,0.058525070847052274,0.5638297872340425,0.20967741935483872,0.4722222222222222
frequent_break,mappo_full,1024,13039,192,61,58,73,0.3177083333333333,0.3020833333333333,2.033333333333333,8.311475409836065,20.0,2.0097222222222224,14,35,-19.96441771062528,0.25206541590716136,0.04654320987654321,0.7558599890164904,0.07595929397399986,0.1371041621776916,0.06106946879163818,0.12558006535947713,0.40404040404040403,0.22033898305084745,0.23529411764705882
frequent_break,mappo_full,1024,13040,192,78,40,74,0.40625,0.20833333333333334,2.6,8.294871794871796,15.0,1.9666666666666666,16,23,-15.95543749724983,0.275048030984581,0.04561728395061728,0.7348515043369296,0.04627778596818845,0.16296844738795205,0.054153303475624984,0.08207315674807934,0.4470588235294118,0.3548387096774194,0.4
frequent_break,mappo_full,1024,13041,192,38,72,82,0.19791666666666666,0.375,1.2666666666666666,9.289473684210526,19.0,2.272222222222222,19,65,-25.725533341229784,0.307532244609087,0.052654320987654324,0.7079063056946292,0.12078069133022692,0.07149135837216333,0.05172201567033506,0.13378165035285777,0.24175824175824176,0.13846153846153847,0.19444444444444445
frequent_break,mappo_full,1024,13042,192,35,61,96,0.18229166666666666,0.3177083333333333,1.1666666666666667,9.314285714285715,19.299999999999997,2.411111111111111,16,28,-24.048021046523672,0.29223812813640215,0.05617283950617283,0.7185176934874017,0.055342707258341936,0.07334049994266714,0.05463442681846953,0.11765723540878338,0.22448979591836735,0.09615384615384616,0.19047619047619047
frequent_break,mappo_full,1024,13043,192,79,50,63,0.4114583333333333,0.2604166666666667,2.6333333333333333,6.7594936708860756,14.0,1.711111111111111,14,17,-15.434244634059402,0.22346355043648986,0.03959876543209876,0.7378632569891491,0.03215102707749767,0.1578131398758334,0.05390395940441322,0.09710315412714793,0.40425531914893614,0.39655172413793105,0.45
frequent_break,mappo_full,1024,13044,192,36,73,83,0.1875,0.3802083333333333,1.2,8.083333333333334,14.25,2.0125,16,39,-25.796165148485553,0.30349777801936034,0.046913580246913576,0.7263456436674098,0.07079214673641919,0.07601437491530372,0.056959213725366484,0.14392255333818801,0.23469387755102042,0.16363636363636364,0.10256410256410256
frequent_break,mappo_full,1024,13045,192,83,52,57,0.4322916666666667,0.2708333333333333,2.7666666666666666,6.927710843373494,17.89999999999999,1.75,12,26,-14.632867685761969,0.2194587800152958,0.04027777777777779,0.7478337175314457,0.05142699477451799,0.1801245427832115,0.05699715132039493,0.10321418333415237,0.40625,0.4107142857142857,0.525
frequent_break,mappo_full,1024,13046,192,91,34,67,0.4739583333333333,0.17708333333333334,3.033333333333333,7.230769230769231,15.0,1.8263888888888888,14,33,-12.373451949276113,0.24148264848188225,0.042283950617283954,0.719361662758272,0.05897750913230789,0.18571152145068556,0.05310928462327555,0.06588718528347011,0.4782608695652174,0.4142857142857143,0.6
frequent_break,mappo_full,1024,13047,192,39,63,90,0.203125,0.328125,1.3,7.6923076923076925,13.200000000000003,2.3097222222222222,16,67,-23.768565015724665,0.2844254188863998,0.053734567901234556,0.7044614130133339,0.12263667747800874,0.07489977457469717,0.051648798262943406,0.11637452731879976,0.19444444444444445,0.1875,0.25
frequent_break,mappo_full,1024,13048,192,57,55,80,0.296875,0.2864583333333333,1.9,7.5964912280701755,20.199999999999996,2.091666666666667,16,62,-19.158387099166937,0.23257145233661117,0.04858024691358024,0.7116891237233709,0.11588331717588685,0.1085983024257018,0.051133166387624045,0.10011965817693369,0.35789473684210527,0.21428571428571427,0.2682926829268293
frequent_break,mappo_full,1024,13049,192,40,74,78,0.20833333333333334,0.3854166666666667,1.3333333333333333,7.975,17.049999999999997,2.0944444444444446,20,49,-25.071988264338,0.2619333608817847,0.04858024691358025,0.7400074828974397,0.10245601749471718,0.08122904514932379,0.057452531076780805,0.1505766379876287,0.2358490566037736,0.14285714285714285,0.23333333333333334
frequent_break,mappo_full,1024,13050,192,71,46,75,0.3697916666666667,0.23958333333333334,2.3666666666666667,5.957746478873239,16.5,1.7875,11,85,-15.24965037393865,0.20737806513155108,0.041666666666666664,0.7012504785533336,0.15605127185622542,0.14414301556716416,0.05208235120670956,0.08442629151607478,0.3894736842105263,0.40350877192982454,0.275
frequent_break,mappo_no_queue,7,13001,192,95,18,79,0.4947916666666667,0.09375,3.1666666666666665,7.315789473684211,18.0,1.8902777777777777,31,12,-7.770885066854004,0.22404133875535884,0.04407407407407407,0.7151157394652514,0.02251670843776107,0.199854520980682,0.051847269577636856,0.0337256335282651,0.5420560747663551,0.4489795918367347,0.4166666666666667
frequent_break,mappo_no_queue,7,13002,192,20,100,72,0.10416666666666667,0.5208333333333334,0.6666666666666666,6.0,12.05,2.0347222222222223,9,53,-30.2851399755787,0.3203449998260684,0.0470679012345679,0.73818928995915,0.09753827713967032,0.03933426996120495,0.05725527637053306,0.18675018895220133,0.16494845360824742,0.05660377358490566,0.023809523809523808
frequent_break,mappo_no_queue,7,13003,192,80,44,68,0.4166666666666667,0.22916666666666666,2.6666666666666665,6.9625,13.0,1.7972222222222223,17,29,-13.534794959810348,0.23271393372093677,0.04166666666666666,0.7088571589331303,0.054293269939554765,0.15775413741745012,0.05170043818808514,0.08174844791717858,0.4895833333333333,0.3225806451612903,0.38235294117647056
frequent_break,mappo_no_queue,7,13004,192,78,49,65,0.40625,0.2552083333333333,2.6,6.589743589743589,14.149999999999991,1.6041666666666667,10,18,-14.425002278348904,0.23122596200887371,0.037283950617283956,0.7190632003537051,0.03693161070096054,0.1571098954651586,0.0546982600667332,0.09571974493801119,0.4166666666666667,0.3333333333333333,0.4791666666666667
frequent_break,mappo_no_queue,7,13005,192,72,33,87,0.375,0.171875,2.4,7.013888888888889,14.450000000000003,2.1375,19,13,-14.385411621391057,0.2665997225203313,0.049814814814814805,0.7426808909461208,0.026050514672805693,0.15039328776944877,0.05259719494045557,0.06594515291496715,0.4,0.3188405797101449,0.42105263157894735
frequent_break,mappo_no_queue,7,13006,192,97,50,45,0.5052083333333334,0.2604166666666667,3.2333333333333334,5.56701030927835,16.399999999999977,1.4208333333333334,9,24,-10.5621112357261,0.17707217385173463,0.03259259259259258,0.7579621353586917,0.0502766846729695,0.20973923837313932,0.058511968767223164,0.09979453796404261,0.5858585858585859,0.39655172413793105,0.45714285714285713
frequent_break,mappo_no_queue,7,13007,192,89,43,60,0.4635416666666667,0.22395833333333334,2.966666666666667,7.123595505617978,14.0,1.6666666666666667,15,15,-11.683015600210101,0.21423136736195333,0.03851851851851852,0.740979725252819,0.029439141153537438,0.19256800231645435,0.05867888193771187,0.0890464557802019,0.46534653465346537,0.45454545454545453,0.4722222222222222
frequent_break,mappo_no_queue,7,13008,192,25,88,79,0.13020833333333334,0.4583333333333333,0.8333333333333334,5.04,13.399999999999991,2.158333333333333,19,29,-27.930539927036204,0.2885257290838753,0.05003086419753086,0.7605748235106555,0.061245679558373047,0.05254025586842924,0.059826754585015025,0.17452677854767637,0.08849557522123894,0.1956521739130435,0.18181818181818182
frequent_break,mappo_no_queue,7,13009,192,17,94,81,0.08854166666666667,0.4895833333333333,0.5666666666666667,4.823529411764706,10.799999999999994,2.1777777777777776,13,52,-30.63303566182084,0.32347107661750113,0.05052469135802468,0.7464134987212937,0.10247277948516341,0.03489164086687306,0.057574357396331884,0.18397732642314688,0.09090909090909091,0.1,0.06060606060606061
frequent_break,mappo_no_queue,7,13010,192,72,42,78,0.375,0.21875,2.4,9.069444444444445,18.0,2.191666666666667,16,23,-14.929155881538469,0.2530449470710764,0.05074074074074074,0.7327923983087417,0.048458605664488015,0.15317295721707488,0.05483384739287732,0.08468409586056645,0.4835164835164835,0.22535211267605634,0.4
frequent_break,mappo_no_queue,7,13011,192,119,15,58,0.6197916666666666,0.078125,3.966666666666667,5.764705882352941,13.0,1.5097222222222222,12,14,-3.2882827908992796,0.19372634246265732,0.03496913580246914,0.71434182675725,0.027505635632570618,0.25365091951392266,0.052713472127826205,0.02762076760528773,0.6962025316455697,0.5423728813559322,0.5925925925925926
frequent_break,mappo_no_queue,7,13012,192,47,41,104,0.24479166666666666,0.21354166666666666,1.5666666666666667,9.914893617021276,21.699999999999996,2.7625,24,35,-18.74069082763184,0.28921297155785736,0.0642283950617284,0.7064653749437587,0.06624716643292494,0.09333538566123704,0.049547322790083434,0.07535532049076941,0.2708333333333333,0.15517241379310345,0.3157894736842105
frequent_break,mappo_no_queue,7,13013,192,74,61,57,0.3854166666666667,0.3177083333333333,2.466666666666667,6.851351351351352,15.0,1.5958333333333334,25,12,-15.596084837792771,0.20108703787187082,0.03685185185185185,0.7715828446081853,0.025497891914300585,0.16952863914551225,0.06192403452863268,0.13037816543621497,0.4772727272727273,0.27692307692307694,0.358974358974359
frequent_break,mappo_no_queue,7,13014,192,55,67,70,0.2864583333333333,0.3489583333333333,1.8333333333333333,7.709090909090909,16.19999999999999,1.9708333333333334,25,23,-20.480878677234628,0.24628015776472942,0.045586419753086416,0.7470885191591896,0.045986437309966724,0.11018743439796073,0.055899881565594174,0.13422956587043272,0.367816091954023,0.14516129032258066,0.32558139534883723
frequent_break,mappo_no_queue,7,13015,192,74,43,75,0.3854166666666667,0.22395833333333334,2.466666666666667,8.45945945945946,18.0,2.0375,17,10,-15.345395517294598,0.2581724192131541,0.04722222222222223,0.7634459274006252,0.02022058823529412,0.15893235161811015,0.05663843389918829,0.0898872715977979,0.4563106796116505,0.2962962962962963,0.3142857142857143
frequent_break,mappo_no_queue,7,13016,192,98,25,69,0.5104166666666666,0.13020833333333334,3.2666666666666666,7.255102040816326,14.149999999999991,1.8111111111111111,15,9,-8.278365176957362,0.2325842096543657,0.04200617283950617,0.7289093645066768,0.016936069749537243,0.2158329597532384,0.055894291976836916,0.050797945174880156,0.5494505494505495,0.4307692307692308,0.5555555555555556
frequent_break,mappo_no_queue,7,13017,192,66,65,61,0.34375,0.3385416666666667,2.2,5.787878787878788,11.0,1.5986111111111112,13,36,-17.841932372540764,0.20186940580037271,0.03703703703703705,0.7540727068006057,0.07604353707294884,0.14270993440111085,0.06160246395413657,0.13993811743811743,0.35106382978723405,0.36363636363636365,0.3023255813953488
frequent_break,mappo_no_queue,7,13018,192,24,89,79,0.125,0.4635416666666667,0.8,5.041666666666667,11.0,2.05,17,86,-27.13120256994726,0.2712452431418975,0.047623456790123454,0.7256875059703304,0.15463642767048338,0.044910478811407605,0.05419485721412539,0.1618793046192427,0.13186813186813187,0.08064516129032258,0.1794871794871795
frequent_break,mappo_no_queue,7,13019,192,76,35,81,0.3958333333333333,0.18229166666666666,2.533333333333333,7.5394736842105265,17.25,1.9847222222222223,12,18,-13.49404175621798,0.24858848551792448,0.04623456790123457,0.7458022240432274,0.03874883286647992,0.16621770930594462,0.05552690692937988,0.0737223778400249,0.425531914893617,0.3103448275862069,0.45
frequent_break,mappo_no_queue,7,13020,192,34,76,82,0.17708333333333334,0.3958333333333333,1.1333333333333333,8.794117647058824,17.099999999999987,2.316666666666667,21,53,-26.327919447378548,0.32247062702601975,0.053641975308641975,0.7322925330454979,0.09837461300309597,0.06287653365439744,0.05352044237020556,0.14485326091750242,0.19767441860465115,0.11666666666666667,0.21739130434782608
frequent_break,mappo_no_queue,7,13021,192,47,41,104,0.24479166666666666,0.21354166666666666,1.5666666666666667,8.659574468085106,17.099999999999987,2.6666666666666665,18,39,-19.632567626259664,0.3077150080114484,0.06209876543209876,0.7158783681297419,0.0713666804123124,0.08882144099400796,0.04972967771409244,0.07358065346657351,0.18085106382978725,0.26,0.3541666666666667
frequent_break,mappo_no_queue,7,13022,192,58,67,67,0.3020833333333333,0.3489583333333333,1.9333333333333333,7.327586206896552,15.599999999999994,1.9458333333333333,16,19,-20.15125697197738,0.2618214275922149,0.04493827160493828,0.7319683059617662,0.03549834553704523,0.11451519384181921,0.05638896536259455,0.13009740359972558,0.3069306930693069,0.25,0.37142857142857144
frequent_break,mappo_no_queue,7,13023,192,59,34,99,0.3072916666666667,0.17708333333333334,1.9666666666666666,9.559322033898304,20.599999999999966,2.5805555555555557,23,28,-16.63425346359301,0.28853433348333984,0.060030864197530856,0.7058179207566303,0.05787567280214339,0.12036086863486245,0.0522307715963563,0.06847767357055283,0.3333333333333333,0.2903225806451613,0.25806451612903225
frequent_break,mappo_no_queue,7,13024,192,63,67,62,0.328125,0.3489583333333333,2.1,6.555555555555555,16.799999999999997,1.7097222222222221,16,21,-18.692530707992884,0.2250885472396887,0.039537037037037044,0.7699233495895752,0.03983832129342965,0.13115979995236962,0.056862799671734195,0.13084989528874977,0.3595505617977528,0.3125,0.28205128205128205
frequent_break,mappo_no_queue,7,13025,192,59,44,89,0.3072916666666667,0.22916666666666666,1.9666666666666666,8.067796610169491,18.099999999999994,2.220833333333333,17,28,-16.693580569074236,0.24360640245960974,0.0517283950617284,0.7313955309930587,0.056121410552525106,0.11970338341855367,0.052675788443955526,0.0850317117809378,0.35106382978723405,0.2037037037037037,0.3409090909090909
frequent_break,mappo_no_queue,7,13026,192,41,72,79,0.21354166666666666,0.375,1.3666666666666667,5.536585365853658,13.0,2.0930555555555554,16,66,-22.079917464109446,0.23200350152565233,0.04858024691358025,0.7245851219710319,0.12414586302357201,0.07790505675954593,0.05263539888889242,0.13370929365898404,0.23809523809523808,0.17307692307692307,0.2
frequent_break,mappo_no_queue,7,13027,192,72,45,75,0.375,0.234375,2.4,8.333333333333334,16.0,1.9638888888888888,15,33,-16.5154214048912,0.2748166836769016,0.04558641975308643,0.7307087246077476,0.06717260880960571,0.1489006547288281,0.05530114875828651,0.09458983683441888,0.39215686274509803,0.2727272727272727,0.4857142857142857
frequent_break,mappo_no_queue,7,13028,192,87,23,82,0.453125,0.11979166666666667,2.9,7.057471264367816,13.0,1.9680555555555554,17,16,-10.25504153526718,0.24647240336768944,0.04589506172839507,0.7274969554043536,0.03052516913198028,0.18344335102462037,0.05335944328845927,0.043529780333185907,0.5094339622641509,0.3548387096774194,0.4583333333333333
frequent_break,mappo_no_queue,7,13029,192,63,41,88,0.328125,0.21354166666666666,2.1,9.682539682539682,20.0,2.248611111111111,33,20,-16.730203655583363,0.2696196342407086,0.052314814814814814,0.7575965344256431,0.041344632319864516,0.13178765793316877,0.054733468327279246,0.07954429815110929,0.3854166666666667,0.20754716981132076,0.3488372093023256
frequent_break,mappo_no_queue,7,13030,192,72,47,73,0.375,0.24479166666666666,2.4,7.652777777777778,19.450000000000003,1.9166666666666667,18,9,-14.695602883335756,0.2349335319041329,0.04447530864197532,0.7680284379988609,0.019299630108453637,0.16875291633031572,0.060005003285081925,0.09927554242569722,0.3925233644859813,0.25925925925925924,0.5161290322580645
frequent_break,mappo_no_queue,7,13031,192,70,27,95,0.3645833333333333,0.140625,2.3333333333333335,8.342857142857143,17.549999999999997,2.3680555555555554,14,32,-13.737290847626602,0.2638713397344766,0.0551851851851852,0.7319211362599151,0.0685941207342136,0.14945202687462755,0.053946844406875916,0.05393416610908871,0.45263157894736844,0.2833333333333333,0.2702702702702703
frequent_break,mappo_no_queue,7,13032,192,55,65,72,0.2864583333333333,0.3385416666666667,1.8333333333333333,6.254545454545455,15.299999999999997,1.9569444444444444,15,44,-18.595420909838563,0.20999535176899956,0.04533950617283951,0.7246588134373543,0.08612947023163743,0.11469565694023899,0.05568894224541663,0.12705956539160873,0.3655913978494624,0.1935483870967742,0.24324324324324326
frequent_break,mappo_no_queue,7,13033,192,38,62,92,0.19791666666666666,0.3229166666666667,1.2666666666666666,7.921052631578948,16.15,2.475,16,17,-22.854051240154405,0.2916774026263588,0.05746913580246913,0.7376525618397125,0.03374082674005275,0.07348644518536158,0.05192913453665793,0.11816491801398922,0.24731182795698925,0.18461538461538463,0.08823529411764706
frequent_break,mappo_no_queue,7,13034,192,44,44,104,0.22916666666666666,0.22916666666666666,1.4666666666666666,8.545454545454545,20.85,2.736111111111111,23,45,-19.659547027929797,0.28654032159323145,0.06364197530864198,0.7210829324418692,0.08474424922230815,0.08470735614748942,0.050394732095744375,0.07783141784555164,0.2636363636363636,0.17391304347826086,0.19444444444444445
frequent_break,mappo_no_queue,7,13035,192,58,59,75,0.3020833333333333,0.3072916666666667,1.9333333333333333,8.0,18.15,1.9513888888888888,34,8,-19.109167099866397,0.24318357848489777,0.04530864197530863,0.7647596553524082,0.01803338474391106,0.12839522606163473,0.06060780889903881,0.12926591239284738,0.32,0.2777777777777778,0.2894736842105263
frequent_break,mappo_no_queue,7,13036,192,51,46,95,0.265625,0.23958333333333334,1.7,7.666666666666667,22.5,2.423611111111111,33,29,-17.9562875496873,0.2495333125468113,0.056419753086419756,0.7362453738524201,0.05608228086556259,0.10715893082379149,0.05414315773570214,0.08928700427539436,0.26881720430107525,0.25806451612903225,0.2702702702702703
frequent_break,mappo_no_queue,7,13037,192,43,53,96,0.22395833333333334,0.2760416666666667,1.4333333333333333,10.232558139534884,23.39999999999999,2.5930555555555554,32,35,-21.831721400120106,0.3274754027468255,0.06021604938271604,0.7208962590464605,0.06321922310749879,0.08425221550608546,0.05057937583464884,0.09530158160391031,0.22784810126582278,0.171875,0.2857142857142857
frequent_break,mappo_no_queue,7,13038,192,85,27,80,0.4427083333333333,0.140625,2.8333333333333335,7.5058823529411764,16.0,2.0680555555555555,18,24,-10.742963763191119,0.23073714391763703,0.048055555555555546,0.742392718207414,0.048749201434959956,0.18463114485560303,0.05470398263200707,0.05510367012301996,0.5638297872340425,0.24193548387096775,0.4722222222222222
frequent_break,mappo_no_queue,7,13039,192,59,56,77,0.3072916666666667,0.2916666666666667,1.9666666666666666,8.135593220338983,19.0,2.0694444444444446,18,25,-18.93273803466166,0.24478660845603972,0.047993827160493815,0.7726516602638313,0.05782470253058488,0.13683078359548947,0.06280308800285546,0.12789757355933828,0.3838383838383838,0.23728813559322035,0.20588235294117646
frequent_break,mappo_no_queue,7,13040,192,81,39,72,0.421875,0.203125,2.7,8.444444444444445,15.0,1.9986111111111111,17,19,-14.364153290684662,0.27781014055806696,0.046265432098765435,0.741537219344138,0.03913632119514473,0.1729042172424525,0.05544909101431942,0.08133131030189852,0.4117647058823529,0.41935483870967744,0.4444444444444444
frequent_break,mappo_no_queue,7,13041,192,38,59,95,0.19791666666666666,0.3072916666666667,1.2666666666666666,8.026315789473685,18.299999999999997,2.4055555555555554,18,45,-23.71459704735982,0.32727481799619124,0.05601851851851853,0.7261383063401003,0.08321752092649927,0.07658346942015674,0.05333140052910706,0.11566644584059445,0.18681318681318682,0.2153846153846154,0.19444444444444445
frequent_break,mappo_no_queue,7,13042,192,34,63,95,0.17708333333333334,0.328125,1.1333333333333333,8.735294117647058,18.349999999999998,2.473611111111111,18,26,-23.595312052372247,0.30163564849292396,0.05753086419753087,0.7378104416300629,0.051165577342047935,0.0710165528199584,0.05415148110955934,0.12117718724916866,0.21428571428571427,0.09615384615384616,0.19047619047619047
frequent_break,mappo_no_queue,7,13043,192,91,45,56,0.4739583333333333,0.234375,3.033333333333333,7.0,12.5,1.648611111111111,11,12,-13.213993056483979,0.24467774592633423,0.03799382716049383,0.7262879623871583,0.021227005422051862,0.17106928703677934,0.05124483853084712,0.08270669861614133,0.48936170212765956,0.4482758620689655,0.475
frequent_break,mappo_no_queue,7,13044,192,36,62,94,0.1875,0.3229166666666667,1.2,8.305555555555555,17.25,2.2069444444444444,28,43,-25.079102374046172,0.32109579539444266,0.05157407407407408,0.7544573501795528,0.08472438953089109,0.07922709299644284,0.06033772029528515,0.136560572353916,0.22448979591836735,0.2,0.07692307692307693
frequent_break,mappo_no_queue,7,13045,192,83,49,60,0.4322916666666667,0.2552083333333333,2.7666666666666666,6.734939759036145,15.899999999999991,1.8208333333333333,14,14,-13.395198975707123,0.22362251645991332,0.04194444444444445,0.7567606855632399,0.028882963441786973,0.18365311975606094,0.05739841135752421,0.10014678948502477,0.4375,0.42857142857142855,0.425
frequent_break,mappo_no_queue,7,13046,192,81,37,74,0.421875,0.19270833333333334,2.7,7.234567901234568,19.0,1.9986111111111111,17,15,-12.441017023032318,0.22995126638111782,0.04632716049382715,0.7396221119025815,0.030848506069094304,0.17717391669791052,0.056648393138903984,0.07872576898505691,0.43478260869565216,0.38571428571428573,0.4666666666666667
frequent_break,mappo_no_queue,7,13047,192,38,67,87,0.19791666666666666,0.3489583333333333,1.2666666666666666,7.7368421052631575,15.299999999999997,2.265277777777778,15,72,-23.314014514900034,0.29428048548349445,0.05265432098765432,0.7093907461875368,0.12962196787274186,0.07414078969419526,0.05180306379317392,0.12266741901029825,0.19444444444444445,0.20833333333333334,0.19444444444444445
frequent_break,mappo_no_queue,7,13048,192,66,52,74,0.34375,0.2708333333333333,2.2,7.7727272727272725,17.75,2.036111111111111,18,56,-16.16763008690619,0.22283855421262092,0.047160493827160484,0.7095859689699204,0.10712143921896242,0.127156248464298,0.051441007907704485,0.0945167862466624,0.37894736842105264,0.30357142857142855,0.3170731707317073
frequent_break,mappo_no_queue,7,13049,192,39,69,84,0.203125,0.359375,1.3,8.76923076923077,22.0,2.323611111111111,20,21,-24.70859802776837,0.3052181802963956,0.053858024691358024,0.754005415575192,0.04644553975436329,0.08035842969666498,0.05818490020868681,0.14350415379827144,0.22641509433962265,0.125,0.26666666666666666
frequent_break,mappo_no_queue,7,13050,192,74,42,76,0.3854166666666667,0.21875,2.466666666666667,6.243243243243243,16.349999999999994,1.7986111111111112,17,50,-14.016053520289448,0.2255711043569391,0.04194444444444445,0.7099785651607482,0.09540042788881799,0.14619847587339846,0.05170197563209808,0.07739403283907928,0.37894736842105264,0.47368421052631576,0.275
frequent_break,mappo_no_queue,42,13001,192,102,17,73,0.53125,0.08854166666666667,3.4,7.431372549019608,17.94999999999999,1.8541666666666667,26,39,-7.466431908902317,0.23009511886368633,0.04308641975308643,0.706974313940028,0.0753480436259074,0.2090142273733605,0.051497982410406276,0.031553917788437906,0.5887850467289719,0.46938775510204084,0.4444444444444444
frequent_break,mappo_no_queue,42,13002,192,22,98,72,0.11458333333333333,0.5104166666666666,0.7333333333333333,6.7727272727272725,11.0,2.026388888888889,14,83,-29.30034807497158,0.30063157500608384,0.04688271604938272,0.7360746000990968,0.14991811636935473,0.04129099300538929,0.05504323129009865,0.17755171685899238,0.17525773195876287,0.05660377358490566,0.047619047619047616
frequent_break,mappo_no_queue,42,13003,192,88,40,64,0.4583333333333333,0.20833333333333334,2.933333333333333,7.125,15.299999999999983,1.7541666666666667,13,54,-12.077713405072178,0.21703974909348223,0.040586419753086425,0.7070841032646291,0.09730981866430781,0.16857981744204656,0.05037987941141853,0.07233416466001605,0.5729166666666666,0.27419354838709675,0.47058823529411764
frequent_break,mappo_no_queue,42,13004,192,67,57,68,0.3489583333333333,0.296875,2.2333333333333334,6.149253731343284,12.0,1.6875,11,48,-16.57812593230997,0.22526987913726146,0.03922839506172839,0.7104978246085971,0.09045306373479749,0.1324319079040441,0.053409024399548914,0.10675885346163985,0.35714285714285715,0.3,0.3958333333333333
frequent_break,mappo_no_queue,42,13005,192,58,41,93,0.3020833333333333,0.21354166666666666,1.9333333333333333,6.586206896551724,12.149999999999999,2.236111111111111,18,60,-17.036577973154394,0.2656043840743865,0.05219135802469135,0.7212597322325142,0.11427946909758055,0.12046544056218976,0.05132872969738858,0.07729689829148033,0.3176470588235294,0.2463768115942029,0.3684210526315789
frequent_break,mappo_no_queue,42,13006,192,86,58,48,0.4479166666666667,0.3020833333333333,2.8666666666666667,5.151162790697675,16.75,1.3680555555555556,8,52,-13.105091107751567,0.1721819243390038,0.031512345679012344,0.7462997958810543,0.10221753793735218,0.18303580936320873,0.05838289286280119,0.11564718491576077,0.5252525252525253,0.3103448275862069,0.45714285714285713
frequent_break,mappo_no_queue,42,13007,192,84,44,64,0.4375,0.22916666666666666,2.8,6.964285714285714,13.849999999999994,1.6805555555555556,12,37,-12.431421024594549,0.21553797669087083,0.03895061728395062,0.7320803136464887,0.07033425065932805,0.18208465239037994,0.05785334223454376,0.08855984386557142,0.48514851485148514,0.41818181818181815,0.3333333333333333
frequent_break,mappo_no_queue,42,13008,192,24,98,70,0.125,0.5104166666666666,0.8,4.666666666666667,10.849999999999998,1.9847222222222223,20,83,-29.643992686906753,0.2830632591945607,0.04589506172839507,0.75313375666769,0.16753040689960194,0.048836142644192185,0.06076039164741341,0.19329655838943763,0.08849557522123894,0.17391304347826086,0.18181818181818182
frequent_break,mappo_no_queue,42,13009,192,19,92,81,0.09895833333333333,0.4791666666666667,0.6333333333333333,4.578947368421052,8.699999999999985,2.161111111111111,17,87,-30.087466613773273,0.29592659607938576,0.050154320987654315,0.7611754664949709,0.17442259809906868,0.04056741590023324,0.05961728919264651,0.18334490386347968,0.09090909090909091,0.11666666666666667,0.09090909090909091
frequent_break,mappo_no_queue,42,13010,192,65,43,84,0.3385416666666667,0.22395833333333334,2.1666666666666665,9.0,20.0,2.286111111111111,16,67,-16.142311026935104,0.2555047796891762,0.053024691358024685,0.7129833707979728,0.1324193039789015,0.1365496871263125,0.053121816710597305,0.08369195046439629,0.45054945054945056,0.22535211267605634,0.26666666666666666
frequent_break,mappo_no_queue,42,13011,192,105,14,73,0.546875,0.07291666666666667,3.5,5.838095238095238,11.799999999999997,1.6736111111111112,11,53,-5.539702914467598,0.2045613543253405,0.039074074074074074,0.6974372165595857,0.09468266739467437,0.221384340484152,0.051744580064274,0.02501724534669749,0.5949367088607594,0.4915254237288136,0.5370370370370371
frequent_break,mappo_no_queue,42,13012,192,37,49,106,0.19270833333333334,0.2552083333333333,1.2333333333333334,7.351351351351352,17.0,2.7416666666666667,27,104,-20.34123045624334,0.26880883526753946,0.06382716049382715,0.6912561453766919,0.18457779868635973,0.07216905299722637,0.04792577140722712,0.08311703818434199,0.17708333333333334,0.1896551724137931,0.23684210526315788
frequent_break,mappo_no_queue,42,13013,192,66,63,63,0.34375,0.328125,2.2,6.303030303030303,13.0,1.6527777777777777,18,51,-16.913246888234696,0.19485915049748007,0.038302469135802465,0.7488514504981284,0.09720643520566122,0.14407080578520207,0.059397966147185705,0.12862527422124945,0.4090909090909091,0.27692307692307694,0.3076923076923077
frequent_break,mappo_no_queue,42,13014,192,54,68,70,0.28125,0.3541666666666667,1.8,7.703703703703703,15.349999999999994,1.976388888888889,21,66,-21.13992864858569,0.24985793658471858,0.04570987654320987,0.7315706329666273,0.13111466606435646,0.10541715021591183,0.05566363155900554,0.13403301964060477,0.367816091954023,0.12903225806451613,0.32558139534883723
frequent_break,mappo_no_queue,42,13015,192,64,49,79,0.3333333333333333,0.2552083333333333,2.1333333333333333,7.25,14.849999999999994,1.9958333333333333,23,73,-17.131411717017805,0.24578399132835466,0.04641975308641976,0.7365098524037121,0.1386233526249006,0.13311946968293714,0.054128068173615686,0.09505480086362438,0.39805825242718446,0.24074074074074073,0.2857142857142857
frequent_break,mappo_no_queue,42,13016,192,103,25,64,0.5364583333333334,0.13020833333333334,3.433333333333333,7.213592233009709,13.0,1.725,16,36,-8.259850949385358,0.23650796270939994,0.03993827160493827,0.7122436398253619,0.07093565676383015,0.21821386516819954,0.05456610534963923,0.04974128540305012,0.5604395604395604,0.46153846153846156,0.6111111111111112
frequent_break,mappo_no_queue,42,13017,192,61,67,64,0.3177083333333333,0.3489583333333333,2.033333333333333,6.131147540983607,11.0,1.7236111111111112,10,64,-18.559721485947602,0.20280191912582463,0.039907407407407405,0.7358880912076167,0.1250777269972316,0.12488306613693609,0.057678811883445896,0.13344706191068417,0.3617021276595745,0.2727272727272727,0.27906976744186046
frequent_break,mappo_no_queue,42,13018,192,23,97,72,0.11979166666666667,0.5052083333333334,0.7666666666666667,5.043478260869565,12.899999999999999,1.9472222222222222,16,95,-28.291210382415795,0.2757451415211433,0.045123456790123445,0.7193705756745431,0.17384982063000637,0.04302652054974036,0.05507867183529377,0.17669256325603075,0.13186813186813187,0.08064516129032258,0.15384615384615385
frequent_break,mappo_no_queue,42,13019,192,83,34,75,0.4322916666666667,0.17708333333333334,2.7666666666666666,7.783132530120482,17.0,1.9069444444444446,16,36,-12.393341007489987,0.24131989905619675,0.044320987654320985,0.7347582526169915,0.07230816010614773,0.17945090699347668,0.054882776840782486,0.07168212291664305,0.48936170212765956,0.3103448275862069,0.475
frequent_break,mappo_no_queue,42,13020,192,34,75,83,0.17708333333333334,0.390625,1.1333333333333333,8.735294117647058,16.349999999999998,2.334722222222222,21,84,-26.57157898219697,0.33133218040296497,0.05407407407407408,0.7264893040001038,0.16044897783674875,0.06419963306960211,0.05439978945797439,0.14100597931480283,0.18604651162790697,0.15,0.1956521739130435
frequent_break,mappo_no_queue,42,13021,192,38,54,100,0.19791666666666666,0.28125,1.2666666666666666,6.342105263157895,13.299999999999997,2.602777777777778,15,97,-20.36804101922716,0.2502747572460744,0.06055555555555555,0.6914133879824043,0.1752761034688279,0.07289630003639291,0.04995172192455741,0.09434772829509673,0.19148936170212766,0.18,0.22916666666666666
frequent_break,mappo_no_queue,42,13022,192,56,65,71,0.2916666666666667,0.3385416666666667,1.8666666666666667,7.339285714285714,16.25,1.9944444444444445,17,40,-20.431313919388472,0.26169415068472024,0.046141975308641975,0.7337770320818388,0.07479587449014694,0.11257717886974852,0.056860299569458234,0.12848514173591571,0.33663366336633666,0.21428571428571427,0.2857142857142857
frequent_break,mappo_no_queue,42,13023,192,54,38,100,0.28125,0.19791666666666666,1.8,8.648148148148149,17.69999999999999,2.6166666666666667,21,81,-18.020864660674068,0.2937623019008158,0.06086419753086419,0.6833540004308047,0.14964374878074568,0.10451078677084867,0.04933898752951501,0.06970755580275705,0.31313131313131315,0.24193548387096775,0.25806451612903225
frequent_break,mappo_no_queue,42,13024,192,60,73,59,0.3125,0.3802083333333333,2.0,6.566666666666666,14.149999999999991,1.7069444444444444,13,58,-19.774324173769248,0.22850863482608746,0.03938271604938272,0.7388316895708743,0.10908875538519501,0.11986087012402802,0.055184504204930256,0.13680259913232048,0.3707865168539326,0.25,0.28205128205128205
frequent_break,mappo_no_queue,42,13025,192,53,53,86,0.2760416666666667,0.2760416666666667,1.7666666666666666,7.622641509433962,17.199999999999996,2.2222222222222223,16,64,-19.079672479801747,0.25142573614295466,0.051666666666666666,0.7281708196452037,0.11990296410962045,0.10367487345815518,0.051459670645441394,0.09935056186217175,0.2872340425531915,0.18518518518518517,0.36363636363636365
frequent_break,mappo_no_queue,42,13026,192,44,68,80,0.22916666666666666,0.3541666666666667,1.4666666666666666,7.2272727272727275,15.0,2.1180555555555554,12,98,-21.981419276620212,0.24405969270897335,0.04916666666666666,0.7152586901029989,0.1848978488258674,0.08381978974471237,0.05276643966034815,0.12820415194254203,0.24761904761904763,0.17307692307692307,0.2571428571428571
frequent_break,mappo_no_queue,42,13027,192,69,49,74,0.359375,0.2552083333333333,2.3,8.043478260869565,16.19999999999999,1.9847222222222223,15,48,-16.753358668214442,0.2578251582953873,0.04601851851851852,0.727773600390028,0.09892887069357657,0.14398402523402523,0.055086901666162,0.09970345830639946,0.4117647058823529,0.2545454545454545,0.37142857142857144
frequent_break,mappo_no_queue,42,13028,192,86,22,84,0.4479166666666667,0.11458333333333333,2.8666666666666667,7.383720930232558,13.0,2.025,14,59,-10.470002255095443,0.24277393841753625,0.04722222222222221,0.7194270451625366,0.11154480824759462,0.18135399773944663,0.05300020893434669,0.04080581355349157,0.5,0.3548387096774194,0.4583333333333333
frequent_break,mappo_no_queue,42,13029,192,56,47,89,0.2916666666666667,0.24479166666666666,1.8666666666666667,9.553571428571429,22.25,2.297222222222222,34,45,-18.699498906076034,0.28188826131716493,0.05342592592592592,0.7433652770957068,0.08533296066964798,0.11471437990400837,0.05304205774474712,0.08840184611856437,0.3333333333333333,0.20754716981132076,0.3023255813953488
frequent_break,mappo_no_queue,42,13030,192,58,55,79,0.3020833333333333,0.2864583333333333,1.9333333333333333,6.155172413793103,12.149999999999999,1.9513888888888888,17,47,-18.200012002917695,0.24065136442987795,0.045432098765432104,0.7613633591245399,0.09636310642115596,0.13558599080657902,0.06013730147303061,0.11560982647669955,0.2616822429906542,0.2777777777777778,0.4838709677419355
frequent_break,mappo_no_queue,42,13031,192,72,27,93,0.375,0.140625,2.4,8.26388888888889,18.450000000000003,2.3152777777777778,12,80,-13.510035630485065,0.25933674396779016,0.053950617283950605,0.7152672815988406,0.1547338722222623,0.15236638748248651,0.05255899542424556,0.050947118613527284,0.49473684210526314,0.26666666666666666,0.24324324324324326
frequent_break,mappo_no_queue,42,13032,192,48,71,73,0.25,0.3697916666666667,1.6,5.604166666666667,13.649999999999999,2.0680555555555555,17,72,-20.465610298962904,0.20145576945016036,0.047839506172839504,0.7315548220410979,0.13996297146838943,0.09910438331877962,0.05493973532542944,0.1398380141530296,0.3010752688172043,0.1774193548387097,0.24324324324324326
frequent_break,mappo_no_queue,42,13033,192,37,64,91,0.19270833333333334,0.3333333333333333,1.2333333333333334,8.837837837837839,21.199999999999974,2.5,19,83,-23.244971759052518,0.28527740614454716,0.057993827160493824,0.7150627731195064,0.16118978000556947,0.07425136811359721,0.0528405495336536,0.1215021622684161,0.24731182795698925,0.16923076923076924,0.08823529411764706
frequent_break,mappo_no_queue,42,13034,192,44,50,98,0.22916666666666666,0.2604166666666667,1.4666666666666666,8.545454545454545,20.85,2.5875,16,89,-20.384524518964458,0.27230430374917786,0.060154320987654324,0.7117798143203159,0.16285454154262202,0.08382270478632706,0.050435957961284486,0.0906604225954071,0.2727272727272727,0.15217391304347827,0.19444444444444445
frequent_break,mappo_no_queue,42,13035,192,58,61,73,0.3020833333333333,0.3177083333333333,1.9333333333333333,8.293103448275861,17.299999999999997,1.9388888888888889,30,34,-20.00128516125657,0.2628698146166399,0.04496913580246915,0.7522241471042773,0.07385630838030217,0.12622794889435757,0.05977357003393864,0.12971744815785063,0.32,0.2777777777777778,0.2894736842105263
frequent_break,mappo_no_queue,42,13036,192,51,48,93,0.265625,0.25,1.7,7.980392156862745,21.5,2.4375,33,51,-19.225290818485604,0.27554505967123005,0.056666666666666664,0.7274472759063567,0.09902474732583093,0.10626937504646485,0.05376569357743558,0.09446578046423246,0.27956989247311825,0.25806451612903225,0.24324324324324326
frequent_break,mappo_no_queue,42,13037,192,33,53,106,0.171875,0.2760416666666667,1.1,9.06060606060606,16.799999999999997,2.6680555555555556,32,80,-24.20315084885151,0.35331686147674124,0.06219135802469136,0.7118910457233406,0.1469333669140171,0.06137445329008797,0.04892134513095293,0.09298970465379132,0.16455696202531644,0.125,0.24489795918367346
frequent_break,mappo_no_queue,42,13038,192,86,29,77,0.4479166666666667,0.15104166666666666,2.8666666666666667,7.848837209302325,16.75,2.076388888888889,14,45,-11.189687704949776,0.23918526448977737,0.04814814814814814,0.7316907885976583,0.08539520779071862,0.18300656573102397,0.052925740838677286,0.05580022359821121,0.574468085106383,0.2903225806451613,0.3888888888888889
frequent_break,mappo_no_queue,42,13039,192,60,56,76,0.3125,0.2916666666666667,2.0,8.45,21.0,2.076388888888889,17,59,-19.768450805360672,0.27010314490084003,0.04811728395061728,0.7628013084730287,0.12878755775814596,0.1358835500011971,0.0611850583292637,0.12366782182958656,0.3939393939393939,0.23728813559322035,0.20588235294117646
frequent_break,mappo_no_queue,42,13040,192,79,39,74,0.4114583333333333,0.203125,2.6333333333333333,8.151898734177216,14.099999999999994,1.9680555555555554,15,45,-14.581150448851108,0.2800184088753824,0.04564814814814814,0.7358117352943265,0.09011309281820118,0.17301672857013414,0.05630949259183178,0.08024698054496815,0.4235294117647059,0.4032258064516129,0.4
frequent_break,mappo_no_queue,42,13041,192,36,68,88,0.1875,0.3541666666666667,1.2,8.555555555555555,20.5,2.359722222222222,23,92,-25.160257936802218,0.318471364244067,0.05478395061728395,0.723848751938499,0.17640100697376238,0.07150943870371115,0.05360108308146336,0.13032904602564044,0.21978021978021978,0.16923076923076924,0.1388888888888889
frequent_break,mappo_no_queue,42,13042,192,30,60,102,0.15625,0.3125,1.0,8.066666666666666,17.549999999999997,2.4625,18,71,-25.083752578892405,0.3237380178671262,0.0575,0.731025082895485,0.14455779972807836,0.06555286217050922,0.056196429583432704,0.1217245240426355,0.17346938775510204,0.09615384615384616,0.19047619047619047
frequent_break,mappo_no_queue,42,13043,192,90,44,58,0.46875,0.22916666666666666,3.0,7.311111111111111,14.549999999999997,1.6736111111111112,12,37,-13.729830373825168,0.25084105965649733,0.03861111111111111,0.730998102118026,0.06592484069651253,0.16971505561288847,0.05174035396449804,0.08119600471767653,0.4787234042553192,0.43103448275862066,0.5
frequent_break,mappo_no_queue,42,13044,192,28,67,97,0.14583333333333334,0.3489583333333333,0.9333333333333333,7.714285714285714,16.299999999999997,2.2041666666666666,25,77,-27.17736146465304,0.3451184305725042,0.05160493827160493,0.7412016865891844,0.149607838984774,0.06339217355858222,0.05950073068780919,0.1405527406030502,0.16326530612244897,0.18181818181818182,0.05128205128205128
frequent_break,mappo_no_queue,42,13045,192,76,53,63,0.3958333333333333,0.2760416666666667,2.533333333333333,6.118421052631579,13.25,1.8805555555555555,18,61,-15.365126252100323,0.21713897794270148,0.04336419753086421,0.747254789274171,0.12923392167974213,0.162212245671998,0.056289243245528184,0.10717664258685929,0.3854166666666667,0.39285714285714285,0.425
frequent_break,mappo_no_queue,42,13046,192,74,42,76,0.3854166666666667,0.21875,2.466666666666667,6.418918918918919,15.0,2.0166666666666666,15,42,-13.3131518894309,0.21579732801767512,0.04679012345679013,0.7274345664572268,0.08070304437564499,0.1611420894780028,0.055144942385052825,0.08244309712188969,0.358695652173913,0.38571428571428573,0.4666666666666667
frequent_break,mappo_no_queue,42,13047,192,41,59,92,0.21354166666666666,0.3072916666666667,1.3666666666666667,8.317073170731707,14.0,2.3305555555555557,19,99,-22.43439982976014,0.2852182728068015,0.054259259259259264,0.7148630399795702,0.1817636001769129,0.07834718772799268,0.05259382026043216,0.1101229041283221,0.21296296296296297,0.20833333333333334,0.2222222222222222
frequent_break,mappo_no_queue,42,13048,192,69,56,67,0.359375,0.2916666666666667,2.3,6.927536231884058,14.0,1.9347222222222222,11,91,-16.098031553270445,0.21845074837686726,0.04469135802469137,0.6895246146089721,0.1632527405826302,0.13059728545510613,0.05006383575988011,0.09846281765601324,0.43157894736842106,0.26785714285714285,0.3170731707317073
frequent_break,mappo_no_queue,42,13049,192,34,78,80,0.17708333333333334,0.40625,1.1333333333333333,7.735294117647059,19.39999999999999,2.1930555555555555,16,65,-25.551595273663146,0.2722244732571728,0.05083333333333335,0.7398810290234272,0.13205370452274473,0.06827795828182825,0.05746248203022659,0.1569768910713183,0.20754716981132076,0.10714285714285714,0.2
frequent_break,mappo_no_queue,42,13050,192,71,46,75,0.3697916666666667,0.23958333333333334,2.3666666666666667,6.492957746478873,15.5,1.8291666666666666,10,101,-15.245896551416653,0.2334833323114523,0.0425925925925926,0.6964011733893438,0.184208273952856,0.14104393112907046,0.05174386617196165,0.08329222677906888,0.4105263157894737,0.3684210526315789,0.275
frequent_break,mappo_no_queue,1024,13001,192,96,17,79,0.5,0.08854166666666667,3.2,7.614583333333333,17.25,1.9805555555555556,31,21,-8.411708211895037,0.236564008068925,0.046080246913580244,0.7058560064585155,0.044106853042611555,0.19371421592396823,0.051416524265898066,0.0321818356222381,0.5420560747663551,0.40816326530612246,0.5
frequent_break,mappo_no_queue,1024,13002,192,22,87,83,0.11458333333333333,0.453125,0.7333333333333333,7.136363636363637,15.95,2.404166666666667,19,50,-27.71577197673559,0.29205204680452396,0.055617283950617276,0.7420686841381767,0.09389695042945816,0.043537499365672735,0.0548941126372017,0.1617894371996539,0.15463917525773196,0.05660377358490566,0.09523809523809523
frequent_break,mappo_no_queue,1024,13003,192,80,38,74,0.4166666666666667,0.19791666666666666,2.6666666666666665,7.8125,16.0,1.9458333333333333,25,13,-13.648673971455489,0.26136870787074573,0.04515432098765431,0.7123023428931492,0.025108932461873637,0.15830652233903006,0.05191321937062656,0.07191792798990941,0.4791666666666667,0.3548387096774194,0.35294117647058826
frequent_break,mappo_no_queue,1024,13004,192,81,47,64,0.421875,0.24479166666666666,2.7,7.172839506172839,16.0,1.6708333333333334,11,11,-14.6364165535392,0.2534317349558276,0.038734567901234564,0.7178917526481844,0.023554509789029912,0.1634653106324933,0.05584154755439126,0.09606925252823086,0.42857142857142855,0.36666666666666664,0.4791666666666667
frequent_break,mappo_no_queue,1024,13005,192,74,36,82,0.3854166666666667,0.1875,2.466666666666667,7.8108108108108105,17.349999999999994,2.077777777777778,17,20,-14.525677506088817,0.27913233415408467,0.04833333333333334,0.7025151313979862,0.03644663128409258,0.14604493259292023,0.05063556617184916,0.06676816633085983,0.4470588235294118,0.30434782608695654,0.39473684210526316
frequent_break,mappo_no_queue,1024,13006,192,95,48,49,0.4947916666666667,0.25,3.1666666666666665,5.6,13.299999999999997,1.4513888888888888,10,17,-10.937102851960958,0.19759548338413266,0.033395061728395056,0.7412355873691756,0.03398459383753502,0.20426364485188014,0.057271742199420085,0.09618000735647793,0.5353535353535354,0.4482758620689655,0.45714285714285713
frequent_break,mappo_no_queue,1024,13007,192,84,43,65,0.4375,0.22395833333333334,2.8,7.119047619047619,15.699999999999989,1.725,10,12,-12.711288717093456,0.22185922412231482,0.03996913580246913,0.7319868312085219,0.02278233605632986,0.17645396313352973,0.05745868368829256,0.08923128743175182,0.4158415841584158,0.4727272727272727,0.4444444444444444
frequent_break,mappo_no_queue,1024,13008,192,24,106,62,0.125,0.5520833333333334,0.8,4.833333333333333,12.24999999999999,2.058333333333333,14,49,-29.674707356746595,0.2706215468971335,0.047283950617283965,0.7503716086798279,0.10091043860393704,0.04735328926892394,0.06049648664191149,0.20591220140368743,0.08849557522123894,0.17391304347826086,0.18181818181818182
frequent_break,mappo_no_queue,1024,13009,192,17,93,82,0.08854166666666667,0.484375,0.5666666666666667,5.0588235294117645,14.199999999999996,2.140277777777778,13,32,-31.03959569212621,0.32491041461010645,0.049722222222222216,0.7682096001556223,0.06531815335220909,0.03586951919769257,0.06064577629476064,0.189124402572545,0.08080808080808081,0.1,0.09090909090909091
frequent_break,mappo_no_queue,1024,13010,192,72,40,80,0.375,0.20833333333333334,2.4,8.805555555555555,18.0,2.191666666666667,17,12,-14.92895602533881,0.2624386843898511,0.05080246913580247,0.7273717585270181,0.024407096171802055,0.14723860676647055,0.05266324850700817,0.07791838665290676,0.45054945054945056,0.2535211267605634,0.43333333333333335
frequent_break,mappo_no_queue,1024,13011,192,105,18,69,0.546875,0.09375,3.5,6.504761904761905,17.599999999999994,1.7791666666666666,16,1,-6.076500422280346,0.2246202063690116,0.04129629629629629,0.7164704849410779,0.00196078431372549,0.22803317626073047,0.053871074150713065,0.034990826740052744,0.5569620253164557,0.5084745762711864,0.5740740740740741
frequent_break,mappo_no_queue,1024,13012,192,40,50,102,0.20833333333333334,0.2604166666666667,1.3333333333333333,8.05,15.0,2.8027777777777776,17,90,-20.588602492359463,0.28474912968796945,0.06506172839506173,0.6785153297706674,0.1636393444017283,0.07737196813048207,0.048552228409333716,0.08972039985584877,0.20833333333333334,0.15517241379310345,0.2894736842105263
frequent_break,mappo_no_queue,1024,13013,192,83,51,58,0.4322916666666667,0.265625,2.7666666666666666,7.493975903614458,14.0,1.601388888888889,23,8,-14.165511221200592,0.23217374044365197,0.03700617283950618,0.7662313223199718,0.01722183317771553,0.1835151885151885,0.060811205888830065,0.10719959778783306,0.5113636363636364,0.35384615384615387,0.38461538461538464
frequent_break,mappo_no_queue,1024,13014,192,57,70,65,0.296875,0.3645833333333333,1.9,8.263157894736842,17.599999999999987,1.9569444444444444,11,43,-20.044637202825832,0.2415205959817729,0.04512345679012345,0.7156639814192755,0.081057709633561,0.10802680721411369,0.0533222573230034,0.13165591675266597,0.3793103448275862,0.14516129032258066,0.3488372093023256
frequent_break,mappo_no_queue,1024,13015,192,75,42,75,0.390625,0.21875,2.5,8.613333333333333,19.599999999999994,2.047222222222222,20,5,-14.821685127670563,0.25256670826295563,0.04743827160493827,0.7634779765857707,0.009926470588235294,0.16212914808503037,0.056827583135009775,0.088170359052712,0.47572815533980584,0.3148148148148148,0.2571428571428571
frequent_break,mappo_no_queue,1024,13016,192,101,26,65,0.5260416666666666,0.13541666666666666,3.3666666666666667,6.9504950495049505,14.0,1.7375,14,4,-8.461749355049104,0.2354389606051038,0.04024691358024691,0.7240652028773525,0.007979302832244009,0.21649530594964034,0.055093712014276625,0.05523606496129716,0.5604395604395604,0.47692307692307695,0.5277777777777778
frequent_break,mappo_no_queue,1024,13017,192,66,65,61,0.34375,0.3385416666666667,2.2,6.666666666666667,15.75,1.6430555555555555,12,26,-18.11466406833392,0.2251002186851975,0.03802469135802469,0.7345755075563759,0.04911252805215654,0.12728276983307943,0.05540228965885305,0.1253184841187937,0.3829787234042553,0.2545454545454545,0.37209302325581395
frequent_break,mappo_no_queue,1024,13018,192,24,93,75,0.125,0.484375,0.8,5.625,14.699999999999996,2.077777777777778,17,67,-27.558256652519805,0.28621935240407825,0.04811728395061729,0.7209469899092575,0.12148336527593491,0.04386370337608727,0.0529144281464392,0.16502749930381513,0.13186813186813187,0.08064516129032258,0.1794871794871795
frequent_break,mappo_no_queue,1024,13019,192,89,34,69,0.4635416666666667,0.17708333333333334,2.966666666666667,8.067415730337078,16.19999999999999,1.886111111111111,17,7,-10.976106348922835,0.2374038951121014,0.043672839506172845,0.7436725237622657,0.016132029734970913,0.19753422546379204,0.057100144953505426,0.07138104256138313,0.5106382978723404,0.3620689655172414,0.5
frequent_break,mappo_no_queue,1024,13020,192,38,78,76,0.19791666666666666,0.40625,1.2666666666666666,8.81578947368421,17.15,2.2402777777777776,22,45,-25.636043453869597,0.3233126202973794,0.051759259259259255,0.7277369874332957,0.08168636460432126,0.0704262903992006,0.05359416819882988,0.14325477941964013,0.18604651162790697,0.15,0.2826086956521739
frequent_break,mappo_no_queue,1024,13021,192,32,44,116,0.16666666666666666,0.22916666666666666,1.0666666666666667,6.09375,11.45,2.863888888888889,17,36,-19.876689388853446,0.246521743391326,0.06685185185185187,0.7211149764111827,0.06954219384559941,0.0625016097307119,0.049785562688159375,0.0807966528941761,0.13829787234042554,0.14,0.25
frequent_break,mappo_no_queue,1024,13022,192,57,64,71,0.296875,0.3333333333333333,1.9,7.719298245614035,15.0,1.9208333333333334,20,19,-20.333409260802267,0.2693547749947977,0.04450617283950617,0.7327924389043942,0.036678706570347434,0.1133369182130792,0.05650304252852954,0.127858552552825,0.31683168316831684,0.21428571428571427,0.37142857142857144
frequent_break,mappo_no_queue,1024,13023,192,62,36,94,0.3229166666666667,0.1875,2.066666666666667,8.806451612903226,20.0,2.486111111111111,14,49,-16.295909077853278,0.2816217874143638,0.057777777777777775,0.677181721726587,0.08653295821252477,0.11107907873000751,0.046390057100108545,0.06159844054580898,0.32323232323232326,0.3709677419354839,0.22580645161290322
frequent_break,mappo_no_queue,1024,13024,192,58,69,65,0.3020833333333333,0.359375,1.9333333333333333,6.620689655172414,16.15,1.775,18,24,-20.392171528560816,0.2515495694794447,0.04108024691358025,0.7554727154819065,0.04695648434812521,0.11972953216374266,0.05823076391055505,0.13734890739921699,0.2808988764044944,0.3125,0.3333333333333333
frequent_break,mappo_no_queue,1024,13025,192,64,42,86,0.3333333333333333,0.21875,2.1333333333333333,8.25,18.849999999999994,2.2694444444444444,17,25,-16.922313326527213,0.26910618783122203,0.052716049382716054,0.7528400630719039,0.04856788621881501,0.13031000704375317,0.052771884685955915,0.0820900699461071,0.3617021276595745,0.25925925925925924,0.36363636363636365
frequent_break,mappo_no_queue,1024,13026,192,41,66,85,0.21354166666666666,0.34375,1.3666666666666667,6.121951219512195,15.0,2.1680555555555556,19,62,-21.053284810588607,0.22886743894030923,0.0504320987654321,0.71336243894487,0.113130149720707,0.07794123789866819,0.05162605221287976,0.12216067128605829,0.23809523809523808,0.17307692307692307,0.2
frequent_break,mappo_no_queue,1024,13027,192,73,39,80,0.3802083333333333,0.203125,2.433333333333333,8.657534246575343,15.799999999999983,2.033333333333333,21,17,-15.928419119554937,0.2914605569103664,0.04728395061728395,0.7430150179813321,0.036150110066518734,0.15626039867138938,0.056328807377746114,0.0838185663379162,0.39215686274509803,0.2727272727272727,0.5142857142857142
frequent_break,mappo_no_queue,1024,13028,192,94,15,83,0.4895833333333333,0.078125,3.1333333333333333,6.808510638297872,14.349999999999994,1.9222222222222223,25,17,-7.646542797313101,0.22783345923979795,0.04490740740740741,0.7228866500688326,0.03478756122331973,0.2025471014480302,0.05340526854067728,0.029202069716775598,0.5188679245283019,0.41935483870967744,0.5416666666666666
frequent_break,mappo_no_queue,1024,13029,192,67,36,89,0.3489583333333333,0.1875,2.2333333333333334,9.791044776119403,22.0,2.286111111111111,39,12,-16.188993266673894,0.2854548521809272,0.05317901234567901,0.754954349045283,0.02573412698412698,0.13804224613822136,0.05296004949988432,0.07117137205759497,0.3645833333333333,0.24528301886792453,0.4418604651162791
frequent_break,mappo_no_queue,1024,13030,192,72,49,71,0.375,0.2552083333333333,2.4,7.847222222222222,17.0,1.8402777777777777,16,20,-15.693873700459246,0.2392355503795916,0.04271604938271604,0.7613332328884994,0.042089073637061256,0.1612588227332809,0.06045027514697888,0.10564087987462599,0.35514018691588783,0.3333333333333333,0.5161290322580645
frequent_break,mappo_no_queue,1024,13031,192,81,23,88,0.421875,0.11979166666666667,2.7,9.901234567901234,19.0,2.376388888888889,19,22,-12.67280174684656,0.2964388260212992,0.05515432098765431,0.7216355295218226,0.04402980633630788,0.16707307713499667,0.05196552482746494,0.042656887316330036,0.49473684210526314,0.36666666666666664,0.32432432432432434
frequent_break,mappo_no_queue,1024,13032,192,63,53,76,0.328125,0.2760416666666667,2.1,7.714285714285714,18.0,1.9805555555555556,25,23,-17.086223094909133,0.2382871470975831,0.045987654320987656,0.7420511602468427,0.04555612888430226,0.13277753206545775,0.05517729244187848,0.1055770758595836,0.3870967741935484,0.24193548387096775,0.32432432432432434
frequent_break,mappo_no_queue,1024,13033,192,36,68,88,0.1875,0.3541666666666667,1.2,7.638888888888889,17.25,2.4291666666666667,18,37,-22.934463784139425,0.2803737218547473,0.056327160493827154,0.7167340493503186,0.06822145232361951,0.07165450075666793,0.052054665473932386,0.12510031205464642,0.23655913978494625,0.18461538461538463,0.058823529411764705
frequent_break,mappo_no_queue,1024,13034,192,46,54,92,0.23958333333333334,0.28125,1.5333333333333334,5.413043478260869,13.25,2.4555555555555557,24,43,-19.010931394851582,0.23746383336097215,0.05703703703703703,0.7106049535455633,0.07504939748360798,0.08072496303146456,0.046680779743927626,0.09135168580989014,0.2818181818181818,0.15217391304347827,0.2222222222222222
frequent_break,mappo_no_queue,1024,13035,192,61,52,79,0.3177083333333333,0.2708333333333333,2.033333333333333,8.688524590163935,18.0,2.0305555555555554,36,8,-18.396543888922178,0.2641560389226395,0.047191358024691356,0.7750955640020043,0.017477734683617033,0.1393044482750365,0.06130938264903673,0.11524836002777179,0.28,0.3148148148148148,0.42105263157894735
frequent_break,mappo_no_queue,1024,13036,192,54,45,93,0.28125,0.234375,1.8,8.25925925925926,20.049999999999983,2.345833333333333,32,29,-17.12196543429765,0.24011234842481327,0.05462962962962961,0.724692477474095,0.055406346749226,0.1113927588579291,0.053731525182592936,0.087302344914574,0.2903225806451613,0.1935483870967742,0.40540540540540543
frequent_break,mappo_no_queue,1024,13037,192,44,52,96,0.22916666666666666,0.2708333333333333,1.4666666666666666,9.545454545454545,19.0,2.5,27,57,-21.14715654895494,0.30641224002612005,0.05814814814814815,0.7071588410390144,0.10518177313455951,0.08284889846422351,0.049402588639372934,0.09231737059523434,0.20253164556962025,0.171875,0.3469387755102041
frequent_break,mappo_no_queue,1024,13038,192,94,21,77,0.4895833333333333,0.109375,3.1333333333333333,8.595744680851064,17.349999999999994,2.095833333333333,21,1,-9.953141357608988,0.25769581686066384,0.04858024691358024,0.7502161208655064,0.0020833333333333333,0.19572990892263337,0.05261279038565319,0.04237468671679198,0.5851063829787234,0.3548387096774194,0.4722222222222222
frequent_break,mappo_no_queue,1024,13039,192,60,54,78,0.3125,0.28125,2.0,8.366666666666667,22.0,2.1166666666666667,25,15,-18.773332463262765,0.26521031756669766,0.049074074074074076,0.7783037858986052,0.03506868131868132,0.14485480206068443,0.06379056767061111,0.12386617467499822,0.3939393939393939,0.2542372881355932,0.17647058823529413
frequent_break,mappo_no_queue,1024,13040,192,83,38,71,0.4322916666666667,0.19791666666666666,2.7666666666666666,8.096385542168674,15.0,1.9597222222222221,18,10,-13.588417717021668,0.2716101173950365,0.045370370370370366,0.7427122154216445,0.019926470588235292,0.18018397079929588,0.05556924158423376,0.08040337772535916,0.47058823529411764,0.41935483870967744,0.37777777777777777
frequent_break,mappo_no_queue,1024,13041,192,43,63,86,0.22395833333333334,0.328125,1.4333333333333333,8.883720930232558,18.0,2.3402777777777777,20,46,-22.994009138949497,0.32081415814985664,0.054290123456790115,0.7084834396640295,0.08882933901896749,0.08229003882254655,0.0522501425962316,0.11650014444906089,0.23076923076923078,0.23076923076923078,0.19444444444444445
frequent_break,mappo_no_queue,1024,13042,192,37,62,93,0.19270833333333334,0.3229166666666667,1.2333333333333334,7.351351351351352,12.599999999999987,2.3333333333333335,17,30,-22.16866783207279,0.25897540871332736,0.05435185185185186,0.733696291845534,0.06050027028355202,0.07668411224138777,0.055263507070824815,0.12443692974265728,0.21428571428571427,0.17307692307692307,0.16666666666666666
frequent_break,mappo_no_queue,1024,13043,192,84,48,60,0.4375,0.25,2.8,7.25,15.0,1.6833333333333333,17,10,-14.190657318079856,0.23294012324579308,0.03888888888888889,0.7531487035972012,0.019457262437138596,0.16655070305225106,0.05413212443921233,0.09365208836571065,0.44680851063829785,0.39655172413793105,0.475
frequent_break,mappo_no_queue,1024,13044,192,37,64,91,0.19270833333333334,0.3333333333333333,1.2333333333333334,8.64864864864865,19.799999999999983,2.1333333333333333,23,33,-24.324450104912152,0.32310775450211643,0.049845679012345684,0.7369603864207811,0.0638497592019264,0.07764072858113105,0.056569102724686605,0.12804082541698641,0.22448979591836735,0.18181818181818182,0.1282051282051282
frequent_break,mappo_no_queue,1024,13045,192,86,47,59,0.4479166666666667,0.24479166666666666,2.8666666666666667,6.744186046511628,15.75,1.6652777777777779,10,23,-13.020507277647038,0.2232209100797899,0.03845679012345679,0.7615279261602325,0.04723555913184396,0.18834497646030152,0.058240341439590636,0.09572542152263513,0.4270833333333333,0.4642857142857143,0.475
frequent_break,mappo_no_queue,1024,13046,192,85,37,70,0.4427083333333333,0.19270833333333334,2.8333333333333335,6.91764705882353,16.0,1.9194444444444445,15,19,-12.029007385439966,0.22698179618864742,0.044444444444444446,0.7311654259175289,0.036363375759660595,0.1770370638133796,0.05480329787800978,0.07486176319380654,0.42391304347826086,0.38571428571428573,0.6333333333333333
frequent_break,mappo_no_queue,1024,13047,192,43,55,94,0.22395833333333334,0.2864583333333333,1.4333333333333333,8.023255813953488,15.899999999999999,2.3694444444444445,16,59,-21.861045957086155,0.30968614738354744,0.0551851851851852,0.7046157653310197,0.11035427807486631,0.08129151979771172,0.05052458496758869,0.10108361366875297,0.2037037037037037,0.20833333333333334,0.3055555555555556
frequent_break,mappo_no_queue,1024,13048,192,57,45,90,0.296875,0.234375,1.9,7.859649122807017,20.39999999999999,2.3180555555555555,22,29,-17.074728106399824,0.23678459127956553,0.053919753086419754,0.7371637287911755,0.06011559977117252,0.11854035856357835,0.054208282186800405,0.09171395841287482,0.3473684210526316,0.21428571428571427,0.2926829268292683
frequent_break,mappo_no_queue,1024,13049,192,42,72,78,0.21875,0.375,1.4,8.19047619047619,17.949999999999996,2.1569444444444446,22,27,-23.582785479082645,0.2643942795841914,0.04996913580246912,0.7531285530886483,0.0572973078120137,0.08797725207941927,0.059129747323326584,0.15185818051917127,0.24528301886792453,0.17857142857142858,0.2
frequent_break,mappo_no_queue,1024,13050,192,78,45,69,0.40625,0.234375,2.6,5.769230769230769,12.299999999999983,1.6958333333333333,13,50,-13.365843323581357,0.21613831500019257,0.03944444444444444,0.7059454552495024,0.09354824555675949,0.15684866374881856,0.052754490016804455,0.08306464877285309,0.37894736842105264,0.49122807017543857,0.35
frequent_break,mappo_no_lifetime,7,13001,192,152,2,38,0.7916666666666666,0.010416666666666666,5.066666666666666,5.631578947368421,10.0,1.2180555555555554,10,22,2.889212260003033,0.18170586415447096,0.027870370370370372,0.7080242800689809,0.04933482839829589,0.33840387324520455,0.05601861132408634,0.003508771929824561,0.822429906542056,0.7755102040816326,0.7222222222222222
frequent_break,mappo_no_lifetime,7,13002,192,141,6,45,0.734375,0.03125,4.7,6.219858156028369,11.0,1.3972222222222221,13,26,-0.1275257766729272,0.19757463142784618,0.0320679012345679,0.7188794229510744,0.05537390713861302,0.30922360863537335,0.05516255824277238,0.011719187675070027,0.8144329896907216,0.6037735849056604,0.7142857142857143
frequent_break,mappo_no_lifetime,7,13003,192,143,2,47,0.7447916666666666,0.010416666666666666,4.766666666666667,5.888111888111888,11.0,1.3305555555555555,15,24,0.9857904542399849,0.2030485749063213,0.030648148148148147,0.7154170095218717,0.05281279178338002,0.3215043616514205,0.056997738412784875,0.004305555555555555,0.75,0.7580645161290323,0.7058823529411765
frequent_break,mappo_no_lifetime,7,13004,192,140,4,48,0.7291666666666666,0.020833333333333332,4.666666666666667,5.392857142857143,11.0,1.2166666666666666,14,22,1.663811674122055,0.1884144791286365,0.028148148148148148,0.7136352807373608,0.05304487179487179,0.3292811355311355,0.05853380661170699,0.009444444444444445,0.7738095238095238,0.65,0.75
frequent_break,mappo_no_lifetime,7,13005,192,144,0,48,0.75,0.0,4.8,6.069444444444445,12.0,1.3430555555555554,13,18,1.3139602509818158,0.22188184705336772,0.03095679012345679,0.7261282576269237,0.039379458261037205,0.33357879994102907,0.057716252315285224,0.0,0.7411764705882353,0.782608695652174,0.7105263157894737
frequent_break,mappo_no_lifetime,7,13006,192,145,6,41,0.7552083333333334,0.03125,4.833333333333333,5.779310344827586,11.0,1.3152777777777778,12,28,1.6974214576315403,0.19263901353247762,0.030123456790123453,0.7385341261487814,0.06485408382467206,0.3431796226649169,0.05910247555394292,0.012446311858076564,0.7676767676767676,0.7068965517241379,0.8
frequent_break,mappo_no_lifetime,7,13007,192,144,1,47,0.75,0.005208333333333333,4.8,5.791666666666667,10.0,1.2458333333333333,11,22,3.1752870444531087,0.17959654313101378,0.02876543209876543,0.7332455155676648,0.0516277377306789,0.347548478210243,0.059931570950175345,0.0018518518518518517,0.7920792079207921,0.6363636363636364,0.8055555555555556
frequent_break,mappo_no_lifetime,7,13008,192,147,1,44,0.765625,0.005208333333333333,4.9,6.020408163265306,11.699999999999989,1.3319444444444444,10,23,2.176779350018043,0.19064731942904614,0.03058641975308642,0.7318380321425197,0.05098165379512128,0.33672628068525906,0.05739879013999581,0.00196078431372549,0.7610619469026548,0.8260869565217391,0.696969696969697
frequent_break,mappo_no_lifetime,7,13009,192,143,2,47,0.7447916666666666,0.010416666666666666,4.766666666666667,5.895104895104895,11.0,1.3180555555555555,12,14,1.6874494120296264,0.19862438387848444,0.030370370370370374,0.720947176663886,0.027991117499631433,0.33040663885478133,0.05682362078481799,0.004945054945054945,0.7878787878787878,0.7,0.696969696969697
frequent_break,mappo_no_lifetime,7,13010,192,147,0,45,0.765625,0.0,4.9,6.061224489795919,11.0,1.3,11,14,1.7327719058687803,0.20910738175402727,0.029907407407407403,0.7098498896475174,0.030621009537418205,0.32876206825510235,0.056826185700498646,0.0,0.7692307692307693,0.7605633802816901,0.7666666666666667
frequent_break,mappo_no_lifetime,7,13011,192,146,7,39,0.7604166666666666,0.036458333333333336,4.866666666666666,5.431506849315069,10.0,1.2694444444444444,10,21,1.793747187337787,0.19165972364452405,0.029043209876543206,0.719541034343613,0.04859800330388566,0.340274991892639,0.058519037676960504,0.01526104886399004,0.7848101265822784,0.6949152542372882,0.7962962962962963
frequent_break,mappo_no_lifetime,7,13012,192,145,4,43,0.7552083333333334,0.020833333333333332,4.833333333333333,6.779310344827586,11.799999999999983,1.4972222222222222,11,26,0.006218339084370195,0.21737644056238753,0.034228395061728395,0.7214669287227701,0.056157317627905864,0.32020718116306346,0.05593177262206591,0.008944911297852472,0.7916666666666666,0.7241379310344828,0.7105263157894737
frequent_break,mappo_no_lifetime,7,13013,192,140,2,50,0.7291666666666666,0.010416666666666666,4.666666666666667,5.7785714285714285,11.0,1.3305555555555555,14,27,0.6099292805258152,0.1952101814255875,0.030740740740740735,0.7203677418742646,0.060706304789122124,0.3138872964840457,0.0559348881520524,0.00486111111111111,0.7954545454545454,0.6307692307692307,0.7435897435897436
frequent_break,mappo_no_lifetime,7,13014,192,142,2,48,0.7395833333333334,0.010416666666666666,4.733333333333333,6.338028169014085,12.0,1.3888888888888888,11,20,0.027410125193346735,0.22430023033346552,0.03197530864197531,0.7121187305425515,0.043978668390433094,0.3147757308051426,0.055362015022033285,0.004183006535947712,0.7586206896551724,0.7903225806451613,0.627906976744186
frequent_break,mappo_no_lifetime,7,13015,192,139,2,51,0.7239583333333334,0.010416666666666666,4.633333333333334,5.870503597122302,11.0,1.3055555555555556,13,21,0.9521538472516884,0.1913898222275893,0.030216049382716048,0.734538924790782,0.04618930905695611,0.3199178517560871,0.057097956791131485,0.005158730158730159,0.7281553398058253,0.7037037037037037,0.7428571428571429
frequent_break,mappo_no_lifetime,7,13016,192,150,1,41,0.78125,0.005208333333333333,5.0,5.14,9.0,1.0930555555555554,10,10,2.856906294401688,0.1920197453300881,0.02518518518518519,0.7226744396412321,0.02345816220816221,0.3423860562095857,0.05789601309741274,0.0027777777777777775,0.8021978021978022,0.7538461538461538,0.7777777777777778
frequent_break,mappo_no_lifetime,7,13017,192,144,3,45,0.75,0.015625,4.8,5.972222222222222,11.0,1.3041666666666667,14,16,1.8172909269178896,0.18825375299369895,0.029999999999999995,0.740714586666304,0.035558787617611144,0.33403680469856945,0.05764637394600811,0.006004901960784314,0.8191489361702128,0.6545454545454545,0.7209302325581395
frequent_break,mappo_no_lifetime,7,13018,192,144,4,44,0.75,0.020833333333333332,4.8,5.875,10.849999999999994,1.325,13,29,1.4160032544803591,0.19414089157612188,0.0304320987654321,0.7293143148597516,0.06654734970911441,0.3331660441954559,0.05747565016849986,0.008465608465608464,0.7802197802197802,0.6935483870967742,0.7692307692307693
frequent_break,mappo_no_lifetime,7,13019,192,136,3,53,0.7083333333333334,0.015625,4.533333333333333,6.235294117647059,12.0,1.4111111111111112,12,18,0.377850296584791,0.20901283656474198,0.032623456790123455,0.7314424342627824,0.0418040293040293,0.3212062937062937,0.05923097836535073,0.00735042735042735,0.6914893617021277,0.6896551724137931,0.775
frequent_break,mappo_no_lifetime,7,13020,192,141,3,48,0.734375,0.015625,4.7,5.822695035460993,11.0,1.3152777777777778,11,19,1.5639387360266697,0.20073567302175166,0.030339506172839505,0.7191449257691247,0.04446644042232277,0.33266725921137685,0.059185197752536764,0.006905839258780435,0.686046511627907,0.7833333333333333,0.7608695652173914
frequent_break,mappo_no_lifetime,7,13021,192,149,3,40,0.7760416666666666,0.015625,4.966666666666667,5.583892617449664,11.0,1.2361111111111112,13,22,2.172425222560447,0.18285429998483374,0.02833333333333333,0.7192649759476267,0.046318865602921325,0.33299184046088076,0.05658060890414614,0.0067471091000502765,0.7872340425531915,0.72,0.8125
frequent_break,mappo_no_lifetime,7,13022,192,142,3,47,0.7395833333333334,0.015625,4.733333333333333,6.21830985915493,11.949999999999989,1.3972222222222221,13,30,0.3430475753108112,0.1983439099885201,0.03212962962962963,0.7147927333778974,0.06563590820943763,0.31164637649931776,0.05521965916195377,0.00588235294117647,0.7722772277227723,0.6071428571428571,0.8571428571428571
frequent_break,mappo_no_lifetime,7,13023,192,147,1,44,0.765625,0.005208333333333333,4.9,5.918367346938775,11.0,1.2805555555555554,12,12,1.7959368916254432,0.20113069262958844,0.02944444444444444,0.713304932918838,0.027148513251454422,0.3283401565754508,0.05602888357421753,0.0022222222222222222,0.7575757575757576,0.8225806451612904,0.6774193548387096
frequent_break,mappo_no_lifetime,7,13024,192,141,5,46,0.734375,0.026041666666666668,4.7,6.035460992907802,11.0,1.4,12,13,0.031004764116333874,0.2071674384875229,0.03216049382716049,0.7262568840312674,0.028926147382029734,0.3155450513538749,0.05595378171638067,0.011325863678804856,0.7528089887640449,0.734375,0.6923076923076923
frequent_break,mappo_no_lifetime,7,13025,192,150,1,41,0.78125,0.005208333333333333,5.0,5.653333333333333,11.0,1.2375,13,13,2.5254849378264566,0.19139140166808075,0.028395061728395062,0.7027314376997001,0.029732761791585318,0.33242634186132647,0.05546426499103264,0.0018518518518518517,0.8191489361702128,0.7222222222222222,0.7727272727272727
frequent_break,mappo_no_lifetime,7,13026,192,141,3,48,0.734375,0.015625,4.7,6.219858156028369,12.0,1.3902777777777777,15,23,1.6613776988508804,0.19421011669625401,0.032006172839506165,0.7289831341902653,0.05173087533381651,0.33387696453872934,0.05870023467489102,0.005925925925925926,0.7428571428571429,0.75,0.6857142857142857
frequent_break,mappo_no_lifetime,7,13027,192,143,2,47,0.7447916666666666,0.010416666666666666,4.766666666666667,5.8671328671328675,11.900000000000006,1.3097222222222222,12,14,1.3154514348282167,0.1999532836656343,0.030185185185185186,0.7293475385169033,0.03252899877899878,0.326620699561876,0.057460040628822304,0.004183006535947712,0.7450980392156863,0.7454545454545455,0.7428571428571429
frequent_break,mappo_no_lifetime,7,13028,192,142,1,49,0.7395833333333334,0.005208333333333333,4.733333333333333,6.183098591549296,10.0,1.3388888888888888,13,17,0.8971379939831081,0.2011349989830412,0.03089506172839506,0.7227510582671683,0.03654519500107735,0.3170318881038695,0.057019912812940984,0.00196078431372549,0.7641509433962265,0.7096774193548387,0.7083333333333334
frequent_break,mappo_no_lifetime,7,13029,192,138,4,50,0.71875,0.020833333333333332,4.6,6.297101449275362,12.0,1.4430555555555555,12,22,-0.5028068260019566,0.20201440770049361,0.033240740740740744,0.7281562784169285,0.04928990399578635,0.30353372118078004,0.05543808853510081,0.00787037037037037,0.7083333333333334,0.7547169811320755,0.6976744186046512
frequent_break,mappo_no_lifetime,7,13030,192,136,2,54,0.7083333333333334,0.010416666666666666,4.533333333333333,6.220588235294118,13.0,1.4,14,26,0.5218627682065733,0.2028302475512874,0.03240740740740741,0.7203304255810489,0.05869505494505494,0.31638685388685395,0.05789313481501737,0.004464285714285714,0.7009345794392523,0.6666666666666666,0.8064516129032258
frequent_break,mappo_no_lifetime,7,13031,192,139,4,49,0.7239583333333334,0.020833333333333332,4.633333333333334,6.388489208633094,12.0,1.4347222222222222,13,21,0.17914693200794615,0.2203958283045139,0.03302469135802469,0.7297438329963735,0.04812993379169849,0.3258801683066389,0.0586417645444174,0.009305555555555556,0.8105263157894737,0.6833333333333333,0.5675675675675675
frequent_break,mappo_no_lifetime,7,13032,192,140,4,48,0.7291666666666666,0.020833333333333332,4.666666666666667,6.671428571428572,12.0,1.488888888888889,15,24,-0.3476731231056952,0.2213479457684556,0.03419753086419753,0.7218646865094142,0.050505463318930806,0.31485883383329194,0.056414394658746043,0.007962962962962962,0.7311827956989247,0.7258064516129032,0.7297297297297297
frequent_break,mappo_no_lifetime,7,13033,192,143,2,47,0.7447916666666666,0.010416666666666666,4.766666666666667,5.580419580419581,10.0,1.2722222222222221,12,6,2.117882145961186,0.1981616360335673,0.029351851851851848,0.7295843334723344,0.01427045177045177,0.33707142258612843,0.05891385963015738,0.004183006535947712,0.6881720430107527,0.8,0.7941176470588235
frequent_break,mappo_no_lifetime,7,13034,192,139,4,49,0.7239583333333334,0.020833333333333332,4.633333333333334,6.309352517985611,12.0,1.3972222222222221,13,22,0.8377720829440828,0.19905327966568892,0.03219135802469135,0.7260129071300824,0.052703893973243814,0.3255117122299785,0.0592540859800755,0.009409340659340659,0.7363636363636363,0.6304347826086957,0.8055555555555556
frequent_break,mappo_no_lifetime,7,13035,192,141,5,46,0.734375,0.026041666666666668,4.7,6.156028368794326,11.0,1.3888888888888888,11,21,0.11266092281226547,0.2030437515406765,0.031913580246913584,0.7093839268751426,0.04360790897555603,0.3124013622543035,0.05575275960051386,0.01174196174196174,0.74,0.6851851851851852,0.7894736842105263
frequent_break,mappo_no_lifetime,7,13036,192,151,0,41,0.7864583333333334,0.0,5.033333333333333,5.311258278145695,10.0,1.1347222222222222,8,9,3.59566077403997,0.1867042051242658,0.026111111111111106,0.7308416672373979,0.021398046398046395,0.35149665393086454,0.058444118156003,0.0,0.7741935483870968,0.7903225806451613,0.8108108108108109
frequent_break,mappo_no_lifetime,7,13037,192,153,1,38,0.796875,0.005208333333333333,5.1,5.856209150326797,12.0,1.238888888888889,10,14,3.2570583093689414,0.19642727682149688,0.028333333333333335,0.7208466972440192,0.03196886446886447,0.3522190799396682,0.05791817896425588,0.0020833333333333333,0.8354430379746836,0.765625,0.7755102040816326
frequent_break,mappo_no_lifetime,7,13038,192,137,7,48,0.7135416666666666,0.036458333333333336,4.566666666666666,6.321167883211679,12.0,1.5,12,23,-1.0307310265850558,0.21620812933930195,0.03444444444444444,0.7250729063813048,0.05081582633053221,0.30920427611604084,0.05635349393151179,0.015333800186741362,0.776595744680851,0.5967741935483871,0.75
frequent_break,mappo_no_lifetime,7,13039,192,144,5,43,0.75,0.026041666666666668,4.8,5.833333333333333,11.0,1.336111111111111,10,19,0.5847420413098326,0.19891724133130076,0.03064814814814815,0.7186533484974169,0.04127567693744164,0.31920474792378817,0.05634310806587068,0.011133107088989442,0.7575757575757576,0.7457627118644068,0.7352941176470589
frequent_break,mappo_no_lifetime,7,13040,192,146,3,43,0.7604166666666666,0.015625,4.866666666666666,6.13013698630137,11.0,1.3486111111111112,10,25,0.7325250633213427,0.21641457025627645,0.030925925925925926,0.7192539511302062,0.05577297158179511,0.3272508918097154,0.056147208916779406,0.006266339869281046,0.6941176470588235,0.8548387096774194,0.7555555555555555
frequent_break,mappo_no_lifetime,7,13041,192,138,4,50,0.71875,0.020833333333333332,4.6,6.3478260869565215,11.0,1.4361111111111111,11,15,-0.25397714030558904,0.2133602491475658,0.033086419753086425,0.7344386646334174,0.03370421245421245,0.31442677964736787,0.05712443896542301,0.00890873015873016,0.7142857142857143,0.6923076923076923,0.7777777777777778
frequent_break,mappo_no_lifetime,7,13042,192,141,5,46,0.734375,0.026041666666666668,4.7,5.8936170212765955,12.0,1.3402777777777777,14,29,0.13033898094542493,0.20025035108948697,0.03083333333333333,0.7087947326387198,0.06517441164499987,0.3120731882496589,0.05541490779754401,0.010955493308434483,0.7448979591836735,0.75,0.6904761904761905
frequent_break,mappo_no_lifetime,7,13043,192,141,4,47,0.734375,0.020833333333333332,4.7,6.2695035460992905,12.0,1.3972222222222221,14,29,0.21480266354475158,0.2072149996629852,0.03212962962962963,0.7324229487398256,0.06606626216920335,0.3213439166612541,0.05684314367240863,0.008749999999999999,0.7446808510638298,0.7068965517241379,0.75
frequent_break,mappo_no_lifetime,7,13044,192,145,0,47,0.7552083333333334,0.0,4.833333333333333,6.062068965517241,12.0,1.3569444444444445,13,18,2.4105123961127823,0.19779515109511822,0.031234567901234567,0.720364597512613,0.039464016375781084,0.33852647080588255,0.05844620960437101,0.0,0.7857142857142857,0.7636363636363637,0.6666666666666666
frequent_break,mappo_no_lifetime,7,13045,192,140,2,50,0.7291666666666666,0.010416666666666666,4.666666666666667,6.021428571428571,11.0,1.3694444444444445,13,22,1.1117109694626046,0.20562560950653774,0.03160493827160493,0.7381530463008449,0.04921296296296296,0.33098880422409843,0.058855510595905575,0.004603174603174604,0.71875,0.7142857142857143,0.775
frequent_break,mappo_no_lifetime,7,13046,192,146,3,43,0.7604166666666666,0.015625,4.866666666666666,6.0,12.0,1.3222222222222222,11,16,1.4061574101811098,0.20196299972850396,0.030339506172839505,0.7094755379625665,0.035011954849416146,0.32701515432165595,0.05689412152565402,0.0067471091000502765,0.7608695652173914,0.7285714285714285,0.8333333333333334
frequent_break,mappo_no_lifetime,7,13047,192,144,1,47,0.75,0.005208333333333333,4.8,5.909722222222222,11.0,1.3152777777777778,13,20,2.0768122427280202,0.2007824139925737,0.030308641975308644,0.7338984701326019,0.046824050132873656,0.3404743867243868,0.059338815810319426,0.0022222222222222222,0.6759259259259259,0.8541666666666666,0.8333333333333334
frequent_break,mappo_no_lifetime,7,13048,192,144,3,45,0.75,0.015625,4.8,6.013888888888889,11.0,1.3333333333333333,14,24,1.443161368182775,0.19643999800957843,0.03064814814814815,0.7339108862830138,0.05309389140271493,0.3335706613647791,0.058023511391306376,0.00735042735042735,0.7684210526315789,0.7142857142857143,0.7560975609756098
frequent_break,mappo_no_lifetime,7,13049,192,143,1,48,0.7447916666666666,0.005208333333333333,4.766666666666667,5.7272727272727275,11.0,1.275,14,15,2.3245351687875884,0.184001246050688,0.02944444444444444,0.7214289410644733,0.034867275970217146,0.33135281385281384,0.05809728080184438,0.0020833333333333333,0.7452830188679245,0.8035714285714286,0.6333333333333333
frequent_break,mappo_no_lifetime,7,13050,192,146,2,44,0.7604166666666666,0.010416666666666666,4.866666666666666,5.47945205479452,10.75,1.2013888888888888,12,23,2.4670551444639055,0.19162286010171695,0.027685185185185184,0.7169647523213047,0.051081663434604616,0.3393833046038929,0.05728387294883865,0.004166666666666667,0.7578947368421053,0.8245614035087719,0.675
frequent_break,mappo_no_lifetime,42,13001,192,146,1,45,0.7604166666666666,0.005208333333333333,4.866666666666666,5.97945205479452,12.0,1.3055555555555556,10,3,2.375352861650271,0.19161514053065798,0.03003086419753086,0.7131956980357251,0.006869658119658119,0.3311852973308082,0.05658984782012867,0.00196078431372549,0.794392523364486,0.8163265306122449,0.5833333333333334
frequent_break,mappo_no_lifetime,42,13002,192,136,9,47,0.7083333333333334,0.046875,4.533333333333333,6.323529411764706,11.0,1.4402777777777778,15,11,-1.0538873920268015,0.19886301582794366,0.033086419753086425,0.7221691957009533,0.022844603653427182,0.3004975144681027,0.05550906664943044,0.019794015896957073,0.7835051546391752,0.5471698113207547,0.7380952380952381
frequent_break,mappo_no_lifetime,42,13003,192,144,3,45,0.75,0.015625,4.8,5.916666666666667,12.0,1.3569444444444445,11,6,1.6255903260445417,0.202531737476651,0.031172839506172834,0.7212150711241642,0.013389355742296919,0.33205055565349684,0.05786335440362312,0.006686507936507937,0.7604166666666666,0.7419354838709677,0.7352941176470589
frequent_break,mappo_no_lifetime,42,13004,192,140,2,50,0.7291666666666666,0.010416666666666666,4.666666666666667,5.728571428571429,12.0,1.2625,15,3,1.6737964893485118,0.20954299327632794,0.029228395061728387,0.7172799195328246,0.006563958916900093,0.3318507717772424,0.05980092611708575,0.004524886877828055,0.7380952380952381,0.6833333333333333,0.7708333333333334
frequent_break,mappo_no_lifetime,42,13005,192,144,2,46,0.75,0.010416666666666666,4.8,6.1875,12.0,1.3583333333333334,15,7,1.5548772498902335,0.21677751396880043,0.031234567901234567,0.7365897823240835,0.01695010055304173,0.3405820704350117,0.058848196445773056,0.005,0.7647058823529411,0.7681159420289855,0.6842105263157895
frequent_break,mappo_no_lifetime,42,13006,192,135,9,48,0.703125,0.046875,4.5,6.133333333333334,13.0,1.4638888888888888,15,16,-0.427175515213569,0.20234750853563993,0.03364197530864198,0.7542099882941539,0.03844124829418947,0.3228038138332257,0.06019261939335804,0.019886608489549665,0.7373737373737373,0.6379310344827587,0.7142857142857143
frequent_break,mappo_no_lifetime,42,13007,192,144,1,47,0.75,0.005208333333333333,4.8,5.9375,12.0,1.2680555555555555,10,7,3.661134718770063,0.19010967430380915,0.02925925925925926,0.7452764511604845,0.01711233211233211,0.3609839506898331,0.06185637040072005,0.0020833333333333333,0.7623762376237624,0.6909090909090909,0.8055555555555556
frequent_break,mappo_no_lifetime,42,13008,192,146,1,45,0.7604166666666666,0.005208333333333333,4.866666666666666,6.493150684931507,11.75,1.4111111111111112,11,7,2.262210411362672,0.19942894388657129,0.03237654320987654,0.7397770228979044,0.015786079389020564,0.34222772597772605,0.059106277002293525,0.0023809523809523807,0.7699115044247787,0.782608695652174,0.696969696969697
frequent_break,mappo_no_lifetime,42,13009,192,141,3,48,0.734375,0.015625,4.7,5.9361702127659575,12.0,1.336111111111111,12,7,1.2290919890000607,0.19444952122854084,0.03080246913580247,0.7270624752876409,0.015516950369891546,0.32257679455047883,0.056799541015294455,0.006388888888888888,0.7676767676767676,0.6666666666666666,0.7575757575757576
frequent_break,mappo_no_lifetime,42,13010,192,141,0,51,0.734375,0.0,4.7,6.184397163120567,12.0,1.3694444444444445,16,5,1.0306975519409234,0.22324629591411563,0.031635802469135804,0.7243157947616304,0.011814713064713064,0.32664098972922506,0.05849616510570451,0.0,0.7582417582417582,0.7323943661971831,0.6666666666666666
frequent_break,mappo_no_lifetime,42,13011,192,137,9,46,0.7135416666666666,0.046875,4.566666666666666,5.978102189781022,12.199999999999989,1.3902777777777777,15,20,-0.1492993855588688,0.20593295449305285,0.03194444444444444,0.7156035999554683,0.043919144580909286,0.31907986621221923,0.05823210722298296,0.01961951447245565,0.7341772151898734,0.6101694915254238,0.7962962962962963
frequent_break,mappo_no_lifetime,42,13012,192,141,3,48,0.734375,0.015625,4.7,6.50354609929078,13.0,1.5444444444444445,15,5,0.11128423956798306,0.2184611758250277,0.0354320987654321,0.7216158661695842,0.01073062558356676,0.3166971916971917,0.05638281417524283,0.007142857142857143,0.7395833333333334,0.7586206896551724,0.6842105263157895
frequent_break,mappo_no_lifetime,42,13013,192,135,6,51,0.703125,0.03125,4.5,6.303703703703704,13.299999999999997,1.4527777777777777,15,22,-0.7370661786387323,0.20088120803415357,0.03348765432098766,0.7076359416943082,0.04540849673202615,0.2979409071320837,0.054951536105413507,0.012192265795206972,0.7840909090909091,0.5538461538461539,0.7692307692307693
frequent_break,mappo_no_lifetime,42,13014,192,138,5,49,0.71875,0.026041666666666668,4.6,6.22463768115942,12.0,1.4027777777777777,13,17,-0.33887686496145214,0.2173655588668311,0.03231481481481482,0.7276461749052403,0.03970466080760198,0.31585540820834945,0.0572369428100293,0.011150793650793652,0.7241379310344828,0.7096774193548387,0.7209302325581395
frequent_break,mappo_no_lifetime,42,13015,192,137,2,53,0.7135416666666666,0.010416666666666666,4.566666666666666,6.576642335766423,12.0,1.4541666666666666,13,16,-0.08862075132353373,0.21151624410519182,0.03358024691358024,0.7327582820151645,0.03544234360410831,0.3115973839541952,0.056896304769369424,0.004305555555555555,0.7087378640776699,0.7037037037037037,0.7428571428571429
frequent_break,mappo_no_lifetime,42,13016,192,149,2,41,0.7760416666666666,0.010416666666666666,4.966666666666667,5.201342281879195,9.0,1.1222222222222222,10,6,3.036178335118807,0.1931762132055684,0.02583333333333333,0.7387027170168928,0.014959484959484959,0.35208037605096437,0.05946161402879035,0.005411255411255411,0.8021978021978022,0.7384615384615385,0.7777777777777778
frequent_break,mappo_no_lifetime,42,13017,192,140,4,48,0.7291666666666666,0.020833333333333332,4.666666666666667,5.985714285714286,12.049999999999983,1.3930555555555555,14,7,1.398656206374558,0.19227355989161724,0.032067901234567896,0.7467193644552322,0.015036181139122314,0.33278627418333306,0.05925716755976633,0.009365079365079364,0.7872340425531915,0.6545454545454545,0.6976744186046512
frequent_break,mappo_no_lifetime,42,13018,192,148,1,43,0.7708333333333334,0.005208333333333333,4.933333333333334,6.148648648648648,11.0,1.3375,9,14,2.553903496244103,0.20352693234064564,0.030679012345679012,0.7336695577161713,0.03570467930762048,0.3489171694318754,0.05896460623577147,0.0023809523809523807,0.7692307692307693,0.7419354838709677,0.8205128205128205
frequent_break,mappo_no_lifetime,42,13019,192,137,4,51,0.7135416666666666,0.020833333333333332,4.566666666666666,5.868613138686132,11.199999999999989,1.3458333333333334,13,4,0.8195307306134718,0.19836700032258717,0.031111111111111103,0.7419239172968862,0.009544159544159544,0.32522732169790997,0.060090516053986916,0.0105006105006105,0.723404255319149,0.6379310344827587,0.8
frequent_break,mappo_no_lifetime,42,13020,192,142,3,47,0.7395833333333334,0.015625,4.733333333333333,6.042253521126761,12.949999999999989,1.3375,12,11,1.8673684324992517,0.1995005904774169,0.030802469135802472,0.723681601872186,0.025338887691828866,0.3363533960592785,0.05964655290137023,0.006722689075630252,0.7558139534883721,0.7166666666666667,0.7391304347826086
frequent_break,mappo_no_lifetime,42,13021,192,147,3,42,0.765625,0.015625,4.9,6.129251700680272,12.0,1.3402777777777777,10,6,1.7793262281183855,0.19084870478950566,0.03070987654320988,0.7214032865569632,0.012562636165577342,0.32853485838779956,0.05633847769215034,0.0067471091000502765,0.7978723404255319,0.64,0.8333333333333334
frequent_break,mappo_no_lifetime,42,13022,192,140,4,48,0.7291666666666666,0.020833333333333332,4.666666666666667,6.214285714285714,12.049999999999983,1.4152777777777779,15,17,0.3268548728173453,0.19482649410480668,0.03256172839506173,0.7228700935650922,0.03789332399626518,0.31180717158658333,0.05567687581361875,0.00863095238095238,0.7524752475247525,0.625,0.8285714285714286
frequent_break,mappo_no_lifetime,42,13023,192,141,1,50,0.734375,0.005208333333333333,4.7,5.801418439716312,11.0,1.261111111111111,13,9,1.481942859007722,0.2027339236036766,0.02919753086419753,0.7254133210205809,0.021611721611721608,0.32653926955397544,0.05797585918119393,0.0023809523809523807,0.7070707070707071,0.8064516129032258,0.6774193548387096
frequent_break,mappo_no_lifetime,42,13024,192,138,6,48,0.71875,0.03125,4.6,6.043478260869565,12.150000000000006,1.4152777777777779,13,8,-0.5177560028939839,0.21204414125206913,0.03256172839506173,0.7306670970749622,0.018179181929181932,0.3117924477483302,0.05634287182908425,0.014073116426057602,0.7078651685393258,0.71875,0.7435897435897436
frequent_break,mappo_no_lifetime,42,13025,192,149,1,42,0.7760416666666666,0.005208333333333333,4.966666666666667,6.174496644295302,11.0,1.3486111111111112,14,10,2.077446002391028,0.20832103955968093,0.030895061728395054,0.7121088498465716,0.021072505925447103,0.3363323215026002,0.05665983430282738,0.0022222222222222222,0.8085106382978723,0.7222222222222222,0.7727272727272727
frequent_break,mappo_no_lifetime,42,13026,192,138,5,49,0.71875,0.026041666666666668,4.6,5.898550724637682,12.0,1.3527777777777779,15,4,1.216499440186043,0.18430596900558305,0.03120370370370371,0.7298453893959693,0.009067460317460318,0.32235095786566376,0.058125486216205405,0.011167133520074694,0.7333333333333333,0.6730769230769231,0.7428571428571429
frequent_break,mappo_no_lifetime,42,13027,192,139,5,48,0.7239583333333334,0.026041666666666668,4.633333333333334,5.899280575539568,12.099999999999994,1.3472222222222223,14,7,0.4288278261189345,0.20289576592875777,0.031049382716049383,0.7255369978610593,0.01389161220043573,0.3182219468984175,0.05760989141557085,0.011553275156216332,0.7156862745098039,0.7090909090909091,0.7714285714285715
frequent_break,mappo_no_lifetime,42,13028,192,141,2,49,0.734375,0.010416666666666666,4.7,6.390070921985815,14.0,1.3944444444444444,16,4,1.2033757187635872,0.20249187996009435,0.03212962962962963,0.7314997087950217,0.009469941822882999,0.3260029431352961,0.05797525629510171,0.005128205128205128,0.7735849056603774,0.6774193548387096,0.7083333333333334
frequent_break,mappo_no_lifetime,42,13029,192,141,4,47,0.734375,0.020833333333333332,4.7,6.24822695035461,14.0,1.4083333333333334,11,6,0.06795931142159234,0.20971277210157446,0.03237654320987654,0.7327744001207959,0.012727591036414566,0.3148560698560699,0.056055198937965116,0.008647292250233427,0.6979166666666666,0.8113207547169812,0.7209302325581395
frequent_break,mappo_no_lifetime,42,13030,192,132,7,53,0.6875,0.036458333333333336,4.4,6.007575757575758,13.0,1.4013888888888888,14,9,0.3461434725766614,0.18799647819208573,0.032407407407407406,0.7377952852305483,0.021353785103785102,0.31828601953601954,0.05980360102681411,0.01598137973137973,0.7102803738317757,0.5555555555555556,0.8387096774193549
frequent_break,mappo_no_lifetime,42,13031,192,138,5,49,0.71875,0.026041666666666668,4.6,6.391304347826087,12.0,1.4416666666666667,13,10,0.21171232936790796,0.2142810677722529,0.033179012345679014,0.735638063434737,0.02232397232397232,0.3248667942824291,0.05917613437508239,0.011825396825396826,0.8210526315789474,0.6333333333333333,0.5945945945945946
frequent_break,mappo_no_lifetime,42,13032,192,135,9,48,0.703125,0.046875,4.5,6.718518518518518,13.0,1.525,14,13,-1.5580106867456596,0.2206710971539773,0.035,0.7223803825689318,0.02772759103641457,0.30416779027073143,0.05663117048696707,0.019599673202614378,0.7204301075268817,0.6451612903225806,0.7567567567567568
frequent_break,mappo_no_lifetime,42,13033,192,141,2,49,0.734375,0.010416666666666666,4.7,5.780141843971631,12.0,1.323611111111111,14,4,1.5968303930225236,0.20309363160938132,0.030555555555555555,0.7304038452269422,0.00863095238095238,0.3312335703512174,0.05844700362958606,0.004464285714285714,0.6881720430107527,0.7846153846153846,0.7647058823529411
frequent_break,mappo_no_lifetime,42,13034,192,137,9,46,0.7135416666666666,0.046875,4.566666666666666,6.0583941605839415,11.0,1.3833333333333333,13,10,0.29268504997182937,0.19244982172510705,0.03179012345679012,0.7311699990192035,0.023380706983648157,0.3228707158854218,0.05895602889097193,0.020973299576240754,0.7545454545454545,0.5434782608695652,0.8055555555555556
frequent_break,mappo_no_lifetime,42,13035,192,143,5,44,0.7447916666666666,0.026041666666666668,4.766666666666667,6.545454545454546,14.900000000000006,1.4541666666666666,14,12,0.9944720584807696,0.20334069658937065,0.03330246913580247,0.7203424338092173,0.02589151045033398,0.3288857655072826,0.05709685425265298,0.011790293040293038,0.74,0.6851851851851852,0.8421052631578947
frequent_break,mappo_no_lifetime,42,13036,192,150,1,41,0.78125,0.005208333333333333,5.0,5.8,11.0,1.2541666666666667,11,6,2.5629522764704973,0.19944482559254292,0.028765432098765427,0.7204291470383132,0.013373015873015872,0.34046269634504933,0.05702857731322566,0.0022222222222222222,0.7634408602150538,0.7741935483870968,0.8378378378378378
frequent_break,mappo_no_lifetime,42,13037,192,148,1,43,0.7708333333333334,0.005208333333333333,4.933333333333334,6.108108108108108,13.0,1.3291666666666666,13,5,2.8508886131859312,0.20162999790291278,0.030493827160493828,0.725453687202896,0.010571895424836601,0.34811866238336836,0.05896977565037845,0.0022222222222222222,0.8354430379746836,0.734375,0.7142857142857143
frequent_break,mappo_no_lifetime,42,13038,192,137,5,50,0.7135416666666666,0.026041666666666668,4.566666666666666,6.423357664233577,12.0,1.4805555555555556,14,13,-0.7651638162970702,0.21585006573590818,0.03407407407407407,0.7308969154195845,0.028423596384122698,0.3084803817040659,0.05644356890218309,0.01128968253968254,0.7553191489361702,0.6129032258064516,0.7777777777777778
frequent_break,mappo_no_lifetime,42,13039,192,139,9,44,0.7239583333333334,0.046875,4.633333333333334,5.81294964028777,12.099999999999994,1.4,13,9,0.24134201232592203,0.19014963709079843,0.03209876543209876,0.7301201813245572,0.02058105293399411,0.32123898547273166,0.058363882179302586,0.021795949148890322,0.7575757575757576,0.6610169491525424,0.7352941176470589
frequent_break,mappo_no_lifetime,42,13040,192,145,6,41,0.7552083333333334,0.03125,4.833333333333333,5.813793103448276,11.0,1.3027777777777778,12,9,0.9695025733788208,0.19883313587221452,0.029845679012345677,0.7243015524316883,0.019100140056022407,0.3259566903684551,0.05618914978697467,0.012648615001556177,0.6941176470588235,0.7903225806451613,0.8222222222222222
frequent_break,mappo_no_lifetime,42,13041,192,130,9,53,0.6770833333333334,0.046875,4.333333333333333,6.723076923076923,13.0,1.5722222222222222,13,6,-1.8402178443794508,0.2173413013418043,0.0362037037037037,0.7321021558210938,0.012114641178108669,0.2986822488370476,0.05775971052139288,0.01907542549183416,0.6703296703296703,0.6153846153846154,0.8055555555555556
frequent_break,mappo_no_lifetime,42,13042,192,143,1,48,0.7447916666666666,0.005208333333333333,4.766666666666667,6.363636363636363,12.0,1.3944444444444444,14,8,0.7602913674338116,0.2161903237625717,0.03209876543209876,0.7267132505929567,0.017172035480859008,0.322040987335105,0.05634116143737642,0.0022222222222222222,0.7142857142857143,0.8269230769230769,0.7142857142857143
frequent_break,mappo_no_lifetime,42,13043,192,142,3,47,0.7395833333333334,0.015625,4.733333333333333,6.457746478873239,12.0,1.4402777777777778,13,12,0.5299535484973945,0.2122115682201147,0.03308641975308642,0.7348363572492662,0.02670284780578898,0.32392067083243553,0.056812156176943775,0.0065277777777777764,0.7127659574468085,0.7241379310344828,0.825
frequent_break,mappo_no_lifetime,42,13044,192,143,3,46,0.7447916666666666,0.015625,4.766666666666667,5.874125874125874,13.0,1.3611111111111112,13,5,2.0867043630945807,0.1862805639290591,0.031296296296296294,0.7146409482067069,0.012077922077922076,0.33002381333263686,0.057863614262935424,0.006825396825396826,0.7857142857142857,0.7454545454545455,0.6410256410256411
frequent_break,mappo_no_lifetime,42,13045,192,138,3,51,0.71875,0.015625,4.6,5.898550724637682,12.0,1.3583333333333334,16,10,0.8942040996539424,0.20122875400306242,0.03138888888888889,0.7333024356875314,0.02273052383346501,0.32311407818760773,0.058286097732294345,0.0065277777777777764,0.6770833333333334,0.6964285714285714,0.85
frequent_break,mappo_no_lifetime,42,13046,192,145,3,44,0.7552083333333334,0.015625,4.833333333333333,6.006896551724138,12.0,1.3347222222222221,11,3,1.5386520434706417,0.2021803799432961,0.030648148148148154,0.7217515779154249,0.006563958916900093,0.3296710479063421,0.05720837009495125,0.006722689075630252,0.7717391304347826,0.7142857142857143,0.8
frequent_break,mappo_no_lifetime,42,13047,192,143,3,46,0.7447916666666666,0.015625,4.766666666666667,5.79020979020979,11.0,1.3097222222222222,13,5,2.199968483135801,0.1914301416370701,0.03015432098765432,0.7387430415481065,0.010869514472455648,0.34008294809765405,0.05922912810815786,0.006905839258780436,0.6944444444444444,0.7916666666666666,0.8333333333333334
frequent_break,mappo_no_lifetime,42,13048,192,140,4,48,0.7291666666666666,0.020833333333333332,4.666666666666667,6.292857142857143,13.0,1.386111111111111,15,10,1.0788501698602746,0.2068182057467704,0.03191358024691358,0.7489787645984375,0.0226480463980464,0.3375007753684224,0.0602679524001801,0.010822510822510822,0.7263157894736842,0.6785714285714286,0.8048780487804879
frequent_break,mappo_no_lifetime,42,13049,192,143,3,46,0.7447916666666666,0.015625,4.766666666666667,6.020979020979021,11.900000000000006,1.3180555555555555,15,5,2.0756214243459277,0.19428113738305167,0.030339506172839505,0.7214292526567073,0.011553275156216332,0.3351650147238383,0.05874148764749156,0.006845238095238095,0.7641509433962265,0.7321428571428571,0.7
frequent_break,mappo_no_lifetime,42,13050,192,142,5,45,0.7395833333333334,0.026041666666666668,4.733333333333333,5.816901408450704,13.0,1.3055555555555556,15,9,1.3705998829734447,0.19744017917708848,0.03003086419753086,0.7304969637680541,0.020278855131796312,0.331906051464875,0.0582270327309085,0.010766806722689074,0.7473684210526316,0.7719298245614035,0.675
frequent_break,mappo_no_lifetime,1024,13001,192,152,3,37,0.7916666666666666,0.015625,5.066666666666666,5.6644736842105265,11.449999999999989,1.2333333333333334,11,6,3.2971953481601064,0.18003058372642114,0.028179012345679006,0.7170892061590087,0.013556166056166056,0.34538620463930064,0.05684358594836021,0.005675954592363261,0.8411214953271028,0.7551020408163265,0.6944444444444444
frequent_break,mappo_no_lifetime,1024,13002,192,134,9,49,0.6979166666666666,0.046875,4.466666666666667,5.708955223880597,10.699999999999989,1.4111111111111112,17,8,-0.593653657741933,0.18664680447594242,0.0325,0.7273762200654633,0.01701058201058201,0.30163718906365955,0.05628167865193997,0.018848817304699658,0.7731958762886598,0.5471698113207547,0.7142857142857143
frequent_break,mappo_no_lifetime,1024,13003,192,140,2,50,0.7291666666666666,0.010416666666666666,4.666666666666667,5.821428571428571,12.0,1.3680555555555556,17,8,1.3642308072024725,0.20052513174448422,0.03157407407407407,0.7196923138033984,0.017210072063013237,0.32435109552756625,0.0582193516367115,0.004166666666666667,0.6979166666666666,0.7741935483870968,0.7352941176470589
frequent_break,mappo_no_lifetime,1024,13004,192,144,3,45,0.75,0.015625,4.8,5.451388888888889,11.0,1.2138888888888888,14,14,1.595314124316016,0.19516750732695362,0.027993827160493825,0.703007378136088,0.029054212328206132,0.32338261597936513,0.05629572390021797,0.006540710751237066,0.7142857142857143,0.7166666666666667,0.8541666666666666
frequent_break,mappo_no_lifetime,1024,13005,192,144,4,44,0.75,0.020833333333333332,4.8,6.006944444444445,13.0,1.3402777777777777,13,11,1.420017370347431,0.2075563894601091,0.030771604938271604,0.7384701030105109,0.024389499389499383,0.3386452436452437,0.058524898342310026,0.00890873015873016,0.7764705882352941,0.7246376811594203,0.7368421052631579
frequent_break,mappo_no_lifetime,1024,13006,192,141,7,44,0.734375,0.036458333333333336,4.7,5.4822695035460995,12.0,1.3305555555555555,15,5,1.8718818024082122,0.1865863367437858,0.030555555555555558,0.7561750012967502,0.012087912087912088,0.3475470526205821,0.06165233409755058,0.01749847374847375,0.7171717171717171,0.6896551724137931,0.8571428571428571
frequent_break,mappo_no_lifetime,1024,13007,192,146,2,44,0.7604166666666666,0.010416666666666666,4.866666666666666,5.678082191780822,14.5,1.2652777777777777,14,7,3.6558709430231975,0.17672167549489018,0.029104938271604937,0.7481324547709783,0.014573218176159352,0.3566537057713529,0.06092536570475197,0.004183006535947712,0.7821782178217822,0.6727272727272727,0.8333333333333334
frequent_break,mappo_no_lifetime,1024,13008,192,148,1,43,0.7708333333333334,0.005208333333333333,4.933333333333334,6.054054054054054,13.0,1.3291666666666666,12,6,2.1385300873980877,0.19223093176860231,0.030493827160493828,0.7374264364541567,0.014300527903469081,0.334855321836746,0.05782545677675013,0.0022222222222222222,0.7522123893805309,0.8478260869565217,0.7272727272727273
frequent_break,mappo_no_lifetime,1024,13009,192,141,2,49,0.734375,0.010416666666666666,4.7,5.75177304964539,12.0,1.3208333333333333,13,12,1.4385242103536873,0.18896747403772027,0.030493827160493828,0.7314711767283895,0.025849673202614377,0.3232706073882544,0.05711237882775359,0.004305555555555555,0.7676767676767676,0.7,0.696969696969697
frequent_break,mappo_no_lifetime,1024,13010,192,143,1,48,0.7447916666666666,0.005208333333333333,4.766666666666667,5.629370629370629,11.900000000000006,1.2416666666666667,13,12,1.405953438228364,0.20156716458898574,0.028703703703703697,0.7173918019518999,0.02758151978740214,0.3228610931552108,0.05670294772985893,0.0022222222222222222,0.7582417582417582,0.7183098591549296,0.7666666666666667
frequent_break,mappo_no_lifetime,1024,13011,192,142,9,41,0.7395833333333334,0.046875,4.733333333333333,5.830985915492958,12.0,1.3611111111111112,15,12,0.9110244102059002,0.2012329418500755,0.03114197530864198,0.7245393497719326,0.026065892168833347,0.3336731052172228,0.059265650488549586,0.01871139481433599,0.7721518987341772,0.6610169491525424,0.7777777777777778
frequent_break,mappo_no_lifetime,1024,13012,192,145,6,41,0.7552083333333334,0.03125,4.833333333333333,6.048275862068966,16.0,1.4375,15,8,0.9567944309711723,0.19595249183896743,0.032839506172839504,0.7204148669280291,0.018032212885154057,0.3244914399326165,0.05596577275080273,0.012727591036414566,0.7708333333333334,0.7241379310344828,0.7631578947368421
frequent_break,mappo_no_lifetime,1024,13013,192,143,4,45,0.7447916666666666,0.020833333333333332,4.766666666666667,6.188811188811189,15.700000000000017,1.4222222222222223,12,4,0.8311238005874051,0.20187812622136944,0.03262345679012345,0.7257075118250129,0.008928571428571428,0.32162784068356826,0.056406083287338746,0.008647292250233425,0.7840909090909091,0.676923076923077,0.7692307692307693
frequent_break,mappo_no_lifetime,1024,13014,192,140,8,44,0.7291666666666666,0.041666666666666664,4.666666666666667,6.021428571428571,12.0,1.3833333333333333,13,17,-0.570964856178046,0.20591410628902748,0.0317283950617284,0.7153707189343191,0.03723975915152386,0.30898962148962145,0.05565888994705341,0.017507691110632287,0.7586206896551724,0.6935483870967742,0.7209302325581395
frequent_break,mappo_no_lifetime,1024,13015,192,133,4,55,0.6927083333333334,0.020833333333333332,4.433333333333334,6.172932330827067,13.399999999999991,1.4333333333333333,15,18,-0.8334766257343544,0.2011026208839579,0.033179012345679014,0.7321267239506462,0.03762037856078104,0.29859897970966076,0.0565200706724841,0.009047619047619049,0.6990291262135923,0.6666666666666666,0.7142857142857143
frequent_break,mappo_no_lifetime,1024,13016,192,152,1,39,0.7916666666666666,0.005208333333333333,5.066666666666666,5.092105263157895,9.0,1.0944444444444446,10,5,3.277493257145886,0.1800751522417054,0.02515432098765432,0.7233414217522611,0.009968671679197995,0.3417701493552887,0.05665564466677376,0.0023809523809523807,0.8131868131868132,0.7384615384615385,0.8333333333333334
frequent_break,mappo_no_lifetime,1024,13017,192,144,5,43,0.75,0.026041666666666668,4.8,5.576388888888889,12.849999999999994,1.2875,16,8,2.0339817645375793,0.17850854271552122,0.029567901234567904,0.7474891335329504,0.01798562204908954,0.3376150079710451,0.05869579648997254,0.01102824463118581,0.8085106382978723,0.6727272727272727,0.7209302325581395
frequent_break,mappo_no_lifetime,1024,13018,192,141,4,47,0.734375,0.020833333333333332,4.7,5.907801418439717,11.0,1.363888888888889,17,13,1.3867174396242417,0.2019748286188509,0.03138888888888889,0.7397339732039022,0.03312340437340437,0.33751873126873133,0.0598990893069543,0.009623015873015872,0.7252747252747253,0.7258064516129032,0.7692307692307693
frequent_break,mappo_no_lifetime,1024,13019,192,135,6,51,0.703125,0.03125,4.5,5.511111111111111,11.0,1.3458333333333334,16,12,0.45755805135838445,0.18421758119894868,0.03111111111111111,0.7332636149331643,0.028743894993894997,0.3152557981234451,0.05889784853827653,0.01394140989729225,0.7127659574468085,0.6379310344827587,0.775
frequent_break,mappo_no_lifetime,1024,13020,192,137,5,50,0.7135416666666666,0.026041666666666668,4.566666666666666,5.795620437956204,13.0,1.3416666666666666,12,6,0.5308963552041868,0.20381664157122262,0.03098765432098765,0.7300823519689781,0.013446969696969699,0.3216067674155909,0.0599589402205263,0.01159188034188034,0.686046511627907,0.7333333333333333,0.7391304347826086
frequent_break,mappo_no_lifetime,1024,13021,192,144,6,42,0.75,0.03125,4.8,5.756944444444445,11.849999999999994,1.3222222222222222,14,10,1.2999213172735185,0.18228175298964763,0.030308641975308644,0.716396478889597,0.022048229548229548,0.32232393423569905,0.05639989724776482,0.013270308123249301,0.7872340425531915,0.64,0.7916666666666666
frequent_break,mappo_no_lifetime,1024,13022,192,140,4,48,0.7291666666666666,0.020833333333333332,4.666666666666667,6.4,12.0,1.4680555555555554,16,19,-0.5970962159370263,0.21144559302056318,0.033734567901234566,0.7213865252390451,0.04001254392895259,0.3035596517059365,0.05468540595853451,0.007212475633528265,0.7326732673267327,0.6785714285714286,0.8
frequent_break,mappo_no_lifetime,1024,13023,192,144,1,47,0.75,0.005208333333333333,4.8,5.645833333333333,12.0,1.2402777777777778,16,6,1.8982248487256053,0.19495673455530899,0.02864197530864197,0.7202003826903525,0.01333898944193062,0.32687495511024933,0.05670777893859944,0.0020833333333333333,0.7171717171717171,0.8225806451612904,0.7096774193548387
frequent_break,mappo_no_lifetime,1024,13024,192,141,6,45,0.734375,0.03125,4.7,5.794326241134752,12.0,1.3375,11,3,0.44193925459499195,0.19909626497586758,0.030740740740740742,0.7415727162788539,0.006547619047619048,0.32195207570207585,0.05729373241510551,0.013829365079365078,0.7415730337078652,0.71875,0.7435897435897436
frequent_break,mappo_no_lifetime,1024,13025,192,149,2,41,0.7760416666666666,0.010416666666666666,4.966666666666667,5.798657718120805,11.0,1.288888888888889,14,5,2.354643798873729,0.19311182918623468,0.029537037037037035,0.7009942853442136,0.010732091982091982,0.33062965357083013,0.05543023373244329,0.00392156862745098,0.8191489361702128,0.7037037037037037,0.7727272727272727
frequent_break,mappo_no_lifetime,1024,13026,192,140,2,50,0.7291666666666666,0.010416666666666666,4.666666666666667,5.885714285714286,12.0,1.3166666666666667,15,13,1.1092099088725293,0.1916015220386145,0.0304320987654321,0.7241431952181979,0.0276952798663325,0.31738189427817914,0.056211591828372175,0.004305555555555555,0.7428571428571429,0.7115384615384616,0.7142857142857143
frequent_break,mappo_no_lifetime,1024,13027,192,138,6,48,0.71875,0.03125,4.6,6.1231884057971016,12.0,1.3875,15,7,0.05192806106970832,0.20023020543322467,0.03194444444444444,0.7356556592703382,0.016566113624937154,0.3162476137553537,0.058334566711112014,0.014002011060834593,0.7156862745098039,0.7090909090909091,0.7428571428571429
frequent_break,mappo_no_lifetime,1024,13028,192,141,6,45,0.734375,0.03125,4.7,5.99290780141844,12.0,1.3305555555555555,15,9,0.6611875951615542,0.19270923982728122,0.030586419753086416,0.7176625114813023,0.020361721611721614,0.31835913527477,0.05689504444205044,0.014453601953601954,0.7830188679245284,0.6451612903225806,0.75
frequent_break,mappo_no_lifetime,1024,13029,192,132,7,53,0.6875,0.036458333333333336,4.4,6.4393939393939394,15.0,1.5027777777777778,13,12,-1.18081153163669,0.20514556175888565,0.03466049382716049,0.7460340860984936,0.02778235653235653,0.30411378654025706,0.057903462360493034,0.015175070028011205,0.6875,0.7169811320754716,0.6511627906976745
frequent_break,mappo_no_lifetime,1024,13030,192,136,5,51,0.7083333333333334,0.026041666666666668,4.533333333333333,5.897058823529412,11.25,1.363888888888889,17,7,1.0167628711149264,0.19056503243535436,0.03151234567901234,0.7408522939994248,0.01621031746031746,0.32690961815961816,0.059710341320783705,0.012256493506493504,0.6915887850467289,0.6481481481481481,0.8709677419354839
frequent_break,mappo_no_lifetime,1024,13031,192,138,5,49,0.71875,0.026041666666666668,4.6,6.3478260869565215,12.0,1.4222222222222223,12,11,0.3231383733650496,0.21241294981868222,0.032746913580246916,0.7397353780581466,0.026547619047619046,0.32708203475231346,0.05954303220187956,0.011825396825396824,0.8210526315789474,0.65,0.5675675675675675
frequent_break,mappo_no_lifetime,1024,13032,192,142,4,46,0.7395833333333334,0.020833333333333332,4.733333333333333,6.119718309859155,12.0,1.3847222222222222,13,7,0.47636263238788723,0.2050183932916228,0.03182098765432099,0.7311822590271859,0.014804016073365919,0.31866873566176973,0.056326589683222475,0.0083994708994709,0.7204301075268817,0.7258064516129032,0.8108108108108109
frequent_break,mappo_no_lifetime,1024,13033,192,140,4,48,0.7291666666666666,0.020833333333333332,4.666666666666667,5.578571428571428,11.049999999999983,1.3027777777777778,15,7,1.1910636223387732,0.19794994744204011,0.030061728395061726,0.7311334972090922,0.016005291005291005,0.3269643754937873,0.05847448461327789,0.008806022408963585,0.6666666666666666,0.7846153846153846,0.7941176470588235
frequent_break,mappo_no_lifetime,1024,13034,192,140,6,46,0.7291666666666666,0.03125,4.666666666666667,5.571428571428571,11.049999999999983,1.2694444444444444,13,7,1.75518216362678,0.18218698929585742,0.029259259259259263,0.7361107213084218,0.015798229548229546,0.33454359366124076,0.059542516170068775,0.013908730158730157,0.7363636363636363,0.6304347826086957,0.8333333333333334
frequent_break,mappo_no_lifetime,1024,13035,192,140,6,46,0.7291666666666666,0.03125,4.666666666666667,6.4071428571428575,14.0,1.425,13,9,0.3480431771823224,0.2107855736582945,0.03271604938271605,0.723549117058937,0.019870448179271707,0.3241155984538338,0.058091432249134385,0.014056776556776557,0.74,0.6666666666666666,0.7894736842105263
frequent_break,mappo_no_lifetime,1024,13036,192,145,2,45,0.7552083333333334,0.010416666666666666,4.833333333333333,5.613793103448276,10.0,1.2555555555555555,11,5,1.997241662407149,0.19262261817497933,0.028919753086419756,0.7254599864934214,0.011088845794728148,0.33126922913687623,0.057804289607360636,0.004738562091503268,0.7096774193548387,0.7741935483870968,0.8378378378378378
frequent_break,mappo_no_lifetime,1024,13037,192,150,1,41,0.78125,0.005208333333333333,5.0,5.726666666666667,11.0,1.2569444444444444,15,7,2.8203882182128432,0.19768261236596044,0.028827160493827164,0.7193447560127287,0.01586951447245565,0.3437924412189119,0.05814653502184582,0.0020833333333333333,0.810126582278481,0.765625,0.7551020408163265
frequent_break,mappo_no_lifetime,1024,13038,192,132,11,49,0.6875,0.057291666666666664,4.4,6.053030303030303,12.449999999999989,1.4791666666666667,13,11,-1.7462696770371329,0.20301496008284886,0.034012345679012346,0.7248066030278327,0.025029178338001865,0.29555377628907037,0.05653156240430506,0.02301470588235294,0.7659574468085106,0.5645161290322581,0.6944444444444444
frequent_break,mappo_no_lifetime,1024,13039,192,140,7,45,0.7291666666666666,0.036458333333333336,4.666666666666667,5.771428571428571,13.0,1.3763888888888889,13,7,0.7793964381586713,0.19041842253463898,0.03160493827160494,0.73079235008248,0.01669216404510522,0.3256124159065336,0.05838494569452488,0.017484737484737483,0.7373737373737373,0.6949152542372882,0.7647058823529411
frequent_break,mappo_no_lifetime,1024,13040,192,138,12,42,0.71875,0.0625,4.6,5.956521739130435,12.0,1.4069444444444446,12,25,-1.3586233835976746,0.20437870931273652,0.032191358024691356,0.7185622848917432,0.051996581133578045,0.3046650216541858,0.05573208879426261,0.024616013071895426,0.7058823529411765,0.6935483870967742,0.7777777777777778
frequent_break,mappo_no_lifetime,1024,13041,192,136,7,49,0.7083333333333334,0.036458333333333336,4.533333333333333,6.4411764705882355,13.0,1.5027777777777778,12,6,-1.203700687533778,0.21264354264446098,0.03453703703703703,0.7289467527854261,0.013139499389499388,0.30168417366946787,0.05585999808220384,0.015265627618568794,0.7252747252747253,0.6307692307692307,0.8055555555555556
frequent_break,mappo_no_lifetime,1024,13042,192,134,8,50,0.6979166666666666,0.041666666666666664,4.466666666666667,5.7611940298507465,11.349999999999994,1.3625,12,22,-0.6290618170813254,0.19103550318715437,0.03145061728395062,0.7134338335443421,0.04922143688784556,0.301785922196139,0.056539443348408366,0.018064713064713064,0.7040816326530612,0.6923076923076923,0.6904761904761905
frequent_break,mappo_no_lifetime,1024,13043,192,140,7,45,0.7291666666666666,0.036458333333333336,4.666666666666667,6.521428571428571,14.0,1.4625,17,17,-0.6251529581634178,0.21009549471074132,0.03351851851851852,0.7334215099560412,0.03718215063803299,0.31258843280902116,0.05593501649573297,0.01468215063803299,0.7021276595744681,0.6896551724137931,0.85
frequent_break,mappo_no_lifetime,1024,13044,192,145,6,41,0.7552083333333334,0.03125,4.833333333333333,5.475862068965517,12.0,1.2875,16,13,2.1970933135055186,0.1764221230769444,0.02950617283950617,0.7179843873402415,0.029346440596440593,0.3344743382978677,0.05791009935697933,0.012516339869281046,0.7959183673469388,0.6909090909090909,0.7435897435897436
frequent_break,mappo_no_lifetime,1024,13045,192,134,2,56,0.6979166666666666,0.010416666666666666,4.466666666666667,6.104477611940299,12.0,1.425,19,16,-0.2306301979968867,0.21486388905771847,0.03302469135802469,0.7353176120928792,0.03536344159796172,0.31195470250423807,0.058597195426468,0.00486111111111111,0.6354166666666666,0.7678571428571429,0.75
frequent_break,mappo_no_lifetime,1024,13046,192,148,5,39,0.7708333333333334,0.026041666666666668,4.933333333333334,5.121621621621622,10.0,1.1694444444444445,13,6,2.3278306866759646,0.17732958920394445,0.026820987654320987,0.7246871458201465,0.014063390313390314,0.33617826617826624,0.057483207626226177,0.012535612535612535,0.8152173913043478,0.7428571428571429,0.7
frequent_break,mappo_no_lifetime,1024,13047,192,145,3,44,0.7552083333333334,0.015625,4.833333333333333,5.503448275862069,12.0,1.2694444444444444,15,4,2.737682752973045,0.1849337561135135,0.02919753086419753,0.7404396360870458,0.009103641456582632,0.34538930840401433,0.05962684675036377,0.006613756613756613,0.7129629629629629,0.7916666666666666,0.8333333333333334
frequent_break,mappo_no_lifetime,1024,13048,192,139,4,49,0.7239583333333334,0.020833333333333332,4.633333333333334,6.129496402877698,12.099999999999994,1.4194444444444445,20,10,0.7862358888075448,0.201375767159872,0.032685185185185185,0.7392279780134453,0.02334356819650937,0.32613900260959083,0.0585782869330758,0.009202847805788983,0.7157894736842105,0.7142857142857143,0.7560975609756098
frequent_break,mappo_no_lifetime,1024,13049,192,140,2,50,0.7291666666666666,0.010416666666666666,4.666666666666667,5.807142857142857,12.0,1.3083333333333333,17,9,1.5634150022596698,0.19374217199979055,0.030246913580246913,0.7241459693357242,0.02104090354090354,0.3255463980463981,0.058295230155382384,0.004464285714285714,0.7169811320754716,0.7857142857142857,0.6666666666666666
frequent_break,mappo_no_lifetime,1024,13050,192,140,8,44,0.7291666666666666,0.041666666666666664,4.666666666666667,5.321428571428571,11.049999999999983,1.2541666666666667,17,13,0.8974018608743479,0.19199420806703635,0.02885802469135802,0.7211012495897748,0.029601827910651437,0.3248369541248798,0.057688075441714205,0.01622004357298475,0.7263157894736842,0.7368421052631579,0.725
frequent_break,mappo_no_credit,7,13001,192,92,23,77,0.4791666666666667,0.11979166666666667,3.066666666666667,6.510869565217392,12.450000000000003,1.8027777777777778,28,12,-10.108569076727,0.21939093603270193,0.0420679012345679,0.7167148285841776,0.023911547975015466,0.1864533033186284,0.05203282719206471,0.044235322784084395,0.5046728971962616,0.3673469387755102,0.5555555555555556
frequent_break,mappo_no_credit,7,13002,192,19,95,78,0.09895833333333333,0.4947916666666667,0.6333333333333333,7.526315789473684,19.099999999999998,2.2597222222222224,14,40,-31.855330607795707,0.33585439541542544,0.052253086419753084,0.7416013878504263,0.07633233410323194,0.037297655904467056,0.057153780118954535,0.18350013104657067,0.12371134020618557,0.03773584905660377,0.11904761904761904
frequent_break,mappo_no_credit,7,13003,192,70,46,76,0.3645833333333333,0.23958333333333334,2.3333333333333335,6.885714285714286,16.549999999999997,2.0694444444444446,18,30,-15.985049767341524,0.22256291486913996,0.04796296296296296,0.7180329770121505,0.05389820548102282,0.136124007857754,0.050881910511755994,0.08463270103362984,0.4479166666666667,0.25806451612903225,0.3235294117647059
frequent_break,mappo_no_credit,7,13004,192,64,55,73,0.3333333333333333,0.2864583333333333,2.1333333333333333,7.9375,15.0,1.9777777777777779,13,27,-18.357138299573116,0.24835564951288053,0.04583333333333333,0.717228035090276,0.05379031915796622,0.13301337121770557,0.055788689192011104,0.10897904297285102,0.35714285714285715,0.25,0.3958333333333333
frequent_break,mappo_no_credit,7,13005,192,60,41,91,0.3125,0.21354166666666666,2.0,6.2,13.099999999999994,2.1638888888888888,16,41,-17.308054127579634,0.24894947479310356,0.0505246913580247,0.7155743267621336,0.07787596032565071,0.12526426045001895,0.052789646313435266,0.07972655526448097,0.25882352941176473,0.34782608695652173,0.3684210526315789
frequent_break,mappo_no_credit,7,13006,192,80,46,66,0.4166666666666667,0.23958333333333334,2.6666666666666665,6.4,14.149999999999991,1.636111111111111,13,16,-14.169693556060365,0.21750843575772524,0.038024691358024686,0.7424544626768353,0.032308111278699515,0.17452882357294117,0.058270368356508714,0.09496834320363731,0.45454545454545453,0.29310344827586204,0.5142857142857142
frequent_break,mappo_no_credit,7,13007,192,83,45,64,0.4322916666666667,0.234375,2.7666666666666666,7.048192771084337,20.89999999999999,1.7361111111111112,9,24,-13.71092351281209,0.20284010595642102,0.0401851851851852,0.7305450480772201,0.05178712068804948,0.17195728448824427,0.057362379859329495,0.09229545623508471,0.45544554455445546,0.36363636363636365,0.4722222222222222
frequent_break,mappo_no_credit,7,13008,192,25,101,66,0.13020833333333334,0.5260416666666666,0.8333333333333334,5.12,9.399999999999991,2.213888888888889,17,41,-30.2431882835903,0.2739896092252955,0.0508641975308642,0.7735487649876279,0.08209162612413384,0.048816076138057565,0.059297689070403815,0.19096749226006185,0.09734513274336283,0.17391304347826086,0.18181818181818182
frequent_break,mappo_no_credit,7,13009,192,16,94,82,0.08333333333333333,0.4895833333333333,0.5333333333333333,6.75,15.75,2.216666666666667,19,40,-32.730808160032126,0.3419450610509807,0.05141975308641975,0.7686370288478552,0.07928062993078472,0.03253858943487427,0.058004029600033695,0.1835241053236409,0.0707070707070707,0.1,0.09090909090909091
frequent_break,mappo_no_credit,7,13010,192,53,53,86,0.2760416666666667,0.2760416666666667,1.7666666666666666,7.6415094339622645,16.199999999999996,2.2694444444444444,24,32,-19.28963875920978,0.2327059252109444,0.05271604938271605,0.7127488004473935,0.06216925074123217,0.10639814405294282,0.05213601011910564,0.10344181532262028,0.3516483516483517,0.15492957746478872,0.3333333333333333
frequent_break,mappo_no_credit,7,13011,192,102,22,68,0.53125,0.11458333333333333,3.4,7.401960784313726,16.94999999999999,1.8777777777777778,16,12,-8.457982062272823,0.22822479651887487,0.04345679012345679,0.7217549784565043,0.025760561534555346,0.22189455066777047,0.0542323777436311,0.04563938440873425,0.620253164556962,0.3898305084745763,0.5555555555555556
frequent_break,mappo_no_credit,7,13012,192,42,45,105,0.21875,0.234375,1.4,8.880952380952381,17.949999999999996,2.6972222222222224,20,34,-21.235000973623336,0.28081372392990894,0.06280864197530865,0.7226206697155496,0.0633960356522276,0.08562930232821872,0.051398131503391314,0.08445098889758333,0.25,0.1206896551724138,0.2894736842105263
frequent_break,mappo_no_credit,7,13013,192,69,57,66,0.359375,0.296875,2.3,7.333333333333333,14.0,1.6611111111111112,12,31,-17.81081573377495,0.2252832190103261,0.03858024691358024,0.7577891182913188,0.06723569458863578,0.15488518289988878,0.06135647795296736,0.12441973059620118,0.4431818181818182,0.26153846153846155,0.3333333333333333
frequent_break,mappo_no_credit,7,13014,192,59,57,76,0.3072916666666667,0.296875,1.9666666666666666,8.525423728813559,20.0,2.0416666666666665,17,53,-20.60154534621807,0.28017656132047236,0.047345679012345675,0.7056786176693203,0.09923468988871464,0.10855534930612329,0.051201553789108206,0.10398468504892652,0.3563218390804598,0.20967741935483872,0.3488372093023256
frequent_break,mappo_no_credit,7,13015,192,58,52,82,0.3020833333333333,0.2708333333333333,1.9333333333333333,7.568965517241379,19.15,2.113888888888889,22,25,-18.70818712729229,0.2320432598141379,0.049135802469135806,0.7378059964752276,0.04787694317493079,0.11906830140963268,0.05436671232980369,0.10323794025032414,0.4077669902912621,0.18518518518518517,0.17142857142857143
frequent_break,mappo_no_credit,7,13016,192,76,43,73,0.3958333333333333,0.22395833333333334,2.533333333333333,6.907894736842105,18.0,1.8930555555555555,15,21,-15.22479829742921,0.24034218309220076,0.04395061728395062,0.7192199630167727,0.041925954592363264,0.15823088389651857,0.05485795311808631,0.08748569985799087,0.45054945054945056,0.26153846153846155,0.5
frequent_break,mappo_no_credit,7,13017,192,61,68,63,0.3177083333333333,0.3541666666666667,2.033333333333333,8.672131147540984,15.0,1.9027777777777777,15,30,-21.134143062809944,0.25056293676969094,0.043858024691358036,0.7463495057316812,0.061220916166736604,0.1263595199663311,0.058247448241580985,0.14014871895676848,0.3829787234042553,0.2,0.32558139534883723
frequent_break,mappo_no_credit,7,13018,192,22,88,82,0.11458333333333333,0.4583333333333333,0.7333333333333333,5.5,15.95,2.2736111111111112,21,74,-28.54109510871289,0.28550638490999775,0.05268518518518518,0.7133931773324224,0.13520493896654887,0.04230489138770873,0.05325652361658174,0.15963092892659456,0.13186813186813187,0.04838709677419355,0.1794871794871795
frequent_break,mappo_no_credit,7,13019,192,69,36,87,0.359375,0.1875,2.3,8.44927536231884,21.599999999999994,2.1875,29,19,-16.599593652255827,0.2713514145442711,0.05092592592592592,0.7532358928933378,0.04007576287375049,0.15004714354559556,0.0556056377246066,0.07556412871041354,0.3404255319148936,0.3448275862068966,0.425
frequent_break,mappo_no_credit,7,13020,192,31,80,81,0.16145833333333334,0.4166666666666667,1.0333333333333334,8.064516129032258,15.0,2.338888888888889,22,40,-27.74562289928197,0.31630861072729527,0.05410493827160494,0.7280258200058479,0.07501530303774886,0.05722221663785131,0.05222080661099216,0.1477339586511413,0.1744186046511628,0.11666666666666667,0.1956521739130435
frequent_break,mappo_no_credit,7,13021,192,28,60,104,0.14583333333333334,0.3125,0.9333333333333333,7.75,18.65,2.745833333333333,18,56,-24.178892148478702,0.261767405723187,0.06385802469135803,0.7199953721679307,0.10109655637906409,0.05248933857679989,0.049397472051125366,0.10646558936419616,0.20212765957446807,0.04,0.14583333333333334
frequent_break,mappo_no_credit,7,13022,192,50,66,76,0.2604166666666667,0.34375,1.6666666666666667,7.28,17.0,1.9958333333333333,17,34,-21.73212935235307,0.24315092952397008,0.04632716049382716,0.7187333773570962,0.06619806492097514,0.09626455530480298,0.05563434624381783,0.12927551407427568,0.27722772277227725,0.17857142857142858,0.34285714285714286
frequent_break,mappo_no_credit,7,13023,192,61,35,96,0.3177083333333333,0.18229166666666666,2.033333333333333,9.229508196721312,20.0,2.4944444444444445,18,50,-18.612513373955856,0.30279417220495775,0.05802469135802468,0.688186029869801,0.09309126574606451,0.11282022458106049,0.04781785913626711,0.06467529116909922,0.32323232323232326,0.25806451612903225,0.41935483870967744
frequent_break,mappo_no_credit,7,13024,192,52,74,66,0.2708333333333333,0.3854166666666667,1.7333333333333334,7.615384615384615,20.349999999999987,1.9430555555555555,13,30,-21.525110332258333,0.22257428923837172,0.04484567901234568,0.7382720171085418,0.0627425385358822,0.110899280314915,0.05747308154262187,0.14670979075390841,0.33707865168539325,0.1875,0.2564102564102564
frequent_break,mappo_no_credit,7,13025,192,55,52,85,0.2864583333333333,0.2708333333333333,1.8333333333333333,8.4,19.299999999999997,2.2430555555555554,18,36,-19.12117198034798,0.24239265884205022,0.05209876543209877,0.7111862414682755,0.06619861261889125,0.10495968184435674,0.050989654916682545,0.0946441415481663,0.35106382978723405,0.18518518518518517,0.2727272727272727
frequent_break,mappo_no_credit,7,13026,192,38,75,79,0.19791666666666666,0.390625,1.2666666666666666,5.157894736842105,11.0,2.173611111111111,19,66,-24.36330308857555,0.23466325725928663,0.050370370370370364,0.7287161561680713,0.12817839123953675,0.07471921224630203,0.054347340209521276,0.14558024176832224,0.20952380952380953,0.19230769230769232,0.17142857142857143
frequent_break,mappo_no_credit,7,13027,192,59,52,81,0.3072916666666667,0.2708333333333333,1.9666666666666666,9.135593220338983,19.099999999999994,2.1694444444444443,23,40,-20.02979386133997,0.2715552105750073,0.05033950617283951,0.7213165221914587,0.07833734663456025,0.11907006707316306,0.05497904813538844,0.10607473938743288,0.39215686274509803,0.09090909090909091,0.4
frequent_break,mappo_no_credit,7,13028,192,83,24,85,0.4322916666666667,0.125,2.7666666666666666,6.36144578313253,13.899999999999991,2.0097222222222224,18,34,-11.88346614525874,0.2256109086346808,0.04691358024691358,0.7230756324620822,0.06969419054171376,0.17097868949649134,0.05206615408246726,0.04712393729421593,0.4528301886792453,0.3387096774193548,0.5833333333333334
frequent_break,mappo_no_credit,7,13029,192,56,42,94,0.2916666666666667,0.21875,1.8666666666666667,7.910714285714286,15.0,2.348611111111111,30,20,-18.50723665037234,0.2570368412961003,0.05472222222222222,0.7533085980797306,0.04106266483201468,0.11885263057089683,0.05414940827166956,0.08175837879011252,0.2916666666666667,0.16981132075471697,0.4418604651162791
frequent_break,mappo_no_credit,7,13030,192,63,54,75,0.328125,0.28125,2.1,8.523809523809524,19.0,1.9861111111111112,19,18,-18.327488156662564,0.23798343847511524,0.046080246913580244,0.7600131549349811,0.035942155539678756,0.14136956854062116,0.05980727866459287,0.1128160182610647,0.34579439252336447,0.2037037037037037,0.4838709677419355
frequent_break,mappo_no_credit,7,13031,192,62,41,89,0.3229166666666667,0.21354166666666666,2.066666666666667,8.82258064516129,21.89999999999999,2.422222222222222,25,38,-17.317966925617537,0.25279616701901175,0.05620370370370371,0.7077175740047641,0.07321958585503477,0.12613520824434138,0.052591460984490225,0.0790075002110606,0.4421052631578947,0.18333333333333332,0.24324324324324326
frequent_break,mappo_no_credit,7,13032,192,52,71,69,0.2708333333333333,0.3697916666666667,1.7333333333333334,9.653846153846153,22.349999999999987,2.183333333333333,20,42,-23.403641567881564,0.2887149776257074,0.050277777777777775,0.7445026675888254,0.08092404213147247,0.10761395839569213,0.054564671414118096,0.13625974658869394,0.3333333333333333,0.0967741935483871,0.40540540540540543
frequent_break,mappo_no_credit,7,13033,192,26,76,90,0.13541666666666666,0.3958333333333333,0.8666666666666667,8.307692307692308,19.0,2.65,17,44,-28.340297748005845,0.33005578802316626,0.06129629629629629,0.7192137135684858,0.08347279555096893,0.05123595344570577,0.0528383310988557,0.14323521221354038,0.1827956989247312,0.1076923076923077,0.058823529411764705
frequent_break,mappo_no_credit,7,13034,192,38,59,95,0.19791666666666666,0.3072916666666667,1.2666666666666666,6.605263157894737,14.199999999999989,2.5458333333333334,20,50,-22.584885934209588,0.25700558084453257,0.059135802469135794,0.7119888986085551,0.09316590086326927,0.07432883679787704,0.05124717518666024,0.10871031746031744,0.22727272727272727,0.10869565217391304,0.2222222222222222
frequent_break,mappo_no_credit,7,13035,192,55,52,85,0.2864583333333333,0.2708333333333333,1.8333333333333333,8.10909090909091,20.299999999999997,2.2472222222222222,26,13,-19.42658040905797,0.2349295127926874,0.05219135802469135,0.7692416277375433,0.029566724125547655,0.12765208647561588,0.06136216872375707,0.11475193923723337,0.3,0.2962962962962963,0.23684210526315788
frequent_break,mappo_no_credit,7,13036,192,45,55,92,0.234375,0.2864583333333333,1.5,6.8,18.39999999999999,2.3097222222222222,23,32,-20.586504073842388,0.2311364478535646,0.0537962962962963,0.7365474249750286,0.06308995528035775,0.09346810095649104,0.054495208560919384,0.10631914754205778,0.26881720430107525,0.16129032258064516,0.2702702702702703
frequent_break,mappo_no_credit,7,13037,192,43,51,98,0.22395833333333334,0.265625,1.4333333333333333,9.953488372093023,20.9,2.6416666666666666,26,53,-23.33287364631362,0.30684072354230074,0.06135802469135802,0.7314586924441987,0.10678790207040982,0.08605884841565956,0.05298837245230584,0.10078362226582041,0.22784810126582278,0.125,0.3469387755102041
frequent_break,mappo_no_credit,7,13038,192,82,31,79,0.4270833333333333,0.16145833333333334,2.7333333333333334,8.682926829268293,19.950000000000003,2.1944444444444446,19,26,-14.031245205198442,0.2606790817854231,0.05083333333333333,0.7133333952110015,0.05071694759775255,0.16121029698429076,0.05041960679158432,0.058465485609448455,0.5638297872340425,0.20967741935483872,0.4444444444444444
frequent_break,mappo_no_credit,7,13039,192,44,76,72,0.22916666666666666,0.3958333333333333,1.4666666666666666,7.659090909090909,22.0,2.158333333333333,20,22,-25.512958532825834,0.266497297724491,0.04981481481481482,0.7765595964601618,0.05301300551300551,0.10529556500144735,0.06576351943472132,0.174607590122296,0.29292929292929293,0.13559322033898305,0.20588235294117646
frequent_break,mappo_no_credit,7,13040,192,73,42,77,0.3802083333333333,0.21875,2.433333333333333,8.767123287671232,15.399999999999991,2.0819444444444444,17,18,-18.29771238180938,0.3232907363495901,0.04827160493827161,0.735786821432562,0.038217009025832555,0.15310154628653078,0.054531978692892266,0.08661440397121511,0.35294117647058826,0.3548387096774194,0.4666666666666667
frequent_break,mappo_no_credit,7,13041,192,37,62,93,0.19270833333333334,0.3229166666666667,1.2333333333333334,9.35135135135135,18.39999999999999,2.5305555555555554,23,47,-24.71689559106431,0.30512691862466484,0.058734567901234574,0.7160665680310421,0.08702565236620963,0.06992284633151506,0.0500251632918898,0.11559335430078464,0.21978021978021978,0.1076923076923077,0.2777777777777778
frequent_break,mappo_no_credit,7,13042,192,26,71,95,0.13541666666666666,0.3697916666666667,0.8666666666666667,7.384615384615385,16.5,2.2,19,36,-28.712707137277718,0.33624505466559096,0.051450617283950624,0.7507682228606327,0.07346483037659507,0.056521164021164014,0.058883464268992346,0.1483807967631497,0.1836734693877551,0.057692307692307696,0.11904761904761904
frequent_break,mappo_no_credit,7,13043,192,76,54,62,0.3958333333333333,0.28125,2.533333333333333,6.907894736842105,16.5,1.85,15,19,-15.953464249510526,0.21156486403896724,0.042654320987654315,0.7417808169575425,0.0367364694415778,0.15650634324395932,0.056135321790794904,0.10762763638150631,0.425531914893617,0.3448275862068966,0.4
frequent_break,mappo_no_credit,7,13044,192,33,76,83,0.171875,0.3958333333333333,1.1,10.484848484848484,20.199999999999996,2.2263888888888888,22,38,-27.52462884467454,0.30701894177061084,0.051666666666666666,0.7503137224334554,0.07513583008552048,0.07343566836213894,0.060943356003710786,0.15986416347097462,0.21428571428571427,0.10909090909090909,0.15384615384615385
frequent_break,mappo_no_credit,7,13045,192,74,48,70,0.3854166666666667,0.25,2.466666666666667,6.554054054054054,15.049999999999983,1.7416666666666667,11,24,-16.23486896938937,0.24303676255169837,0.04049382716049383,0.7568643090320826,0.04997607841648089,0.16148653533715454,0.05759461524683258,0.09725835682492028,0.3020833333333333,0.44642857142857145,0.5
frequent_break,mappo_no_credit,7,13046,192,72,49,71,0.375,0.2552083333333333,2.4,7.722222222222222,17.0,2.047222222222222,12,22,-16.606771242452346,0.24354562174619246,0.04731481481481481,0.7259333578813844,0.043475462159672684,0.1478284447750392,0.055164842629526915,0.0953201008657665,0.40217391304347827,0.3,0.4666666666666667
frequent_break,mappo_no_credit,7,13047,192,37,66,89,0.19270833333333334,0.34375,1.2333333333333334,9.621621621621621,18.199999999999996,2.275,20,72,-26.44944176936871,0.34630116748608797,0.05293209876543211,0.7137979710387405,0.1316518643608427,0.06870528035775712,0.051512301881747456,0.12101559230816193,0.2222222222222222,0.14583333333333334,0.16666666666666666
frequent_break,mappo_no_credit,7,13048,192,58,48,86,0.3020833333333333,0.25,1.9333333333333333,6.482758620689655,16.15,2.2680555555555557,16,64,-17.46277857776905,0.21140217062243352,0.05268518518518519,0.6972797794760536,0.12074185837444687,0.10930270623146514,0.050283346985345055,0.08466555841993316,0.3473684210526316,0.21428571428571427,0.3170731707317073
frequent_break,mappo_no_credit,7,13049,192,39,71,82,0.203125,0.3697916666666667,1.3,7.615384615384615,16.200000000000003,2.1055555555555556,23,35,-25.077649623609517,0.2900237364957509,0.04895061728395063,0.7356321900457538,0.07070485886662356,0.08014306284817119,0.056571656643906544,0.139704658516578,0.24528301886792453,0.16071428571428573,0.13333333333333333
frequent_break,mappo_no_credit,7,13050,192,62,50,80,0.3229166666666667,0.2604166666666667,2.066666666666667,6.403225806451613,16.0,1.9847222222222223,15,38,-17.573690323215114,0.2253395250045849,0.046203703703703705,0.7289160397179443,0.073125524000137,0.12729322105483093,0.05391447744063807,0.09679952958977728,0.3368421052631579,0.3157894736842105,0.3
frequent_break,mappo_no_credit,42,13001,192,49,44,99,0.2552083333333333,0.22916666666666666,1.6333333333333333,6.653061224489796,14.599999999999994,2.609722222222222,22,78,-20.977733887838,0.2916777976347644,0.060679012345679,0.7166902320155829,0.14004256593652878,0.09748525081729413,0.05143464987303317,0.08125509810107334,0.2897196261682243,0.24489795918367346,0.16666666666666666
frequent_break,mappo_no_credit,42,13002,192,5,101,86,0.026041666666666668,0.5260416666666666,0.16666666666666666,10.8,23.4,2.526388888888889,17,104,-39.53564407504954,0.4738014069695939,0.05842592592592592,0.7485310428237174,0.20177537389224695,0.010016339869281046,0.059337569897657594,0.19839549067490245,0.041237113402061855,0.0,0.023809523809523808
frequent_break,mappo_no_credit,42,13003,192,48,52,92,0.25,0.2708333333333333,1.6,7.875,18.65,2.4430555555555555,13,67,-20.989200644368,0.2709258410845673,0.056759259259259266,0.709625432301147,0.119823005225482,0.09405935181089979,0.050236651709470136,0.09381224712107063,0.2604166666666667,0.16129032258064516,0.38235294117647056
frequent_break,mappo_no_credit,42,13004,192,35,76,81,0.18229166666666666,0.3958333333333333,1.1666666666666667,6.771428571428571,17.599999999999994,2.140277777777778,13,48,-27.006417320541697,0.2924602460836402,0.04969135802469136,0.7554512630382936,0.09521735774831751,0.07055033101859727,0.057965296543545576,0.15326780374767993,0.23809523809523808,0.13333333333333333,0.14583333333333334
frequent_break,mappo_no_credit,42,13005,192,45,55,92,0.234375,0.2864583333333333,1.5,8.022222222222222,18.799999999999997,2.6430555555555557,17,79,-22.37843289247718,0.27577141517796344,0.06120370370370371,0.7185693327025782,0.15147589152620114,0.08878165035285779,0.050849272194760105,0.10205595688567824,0.24705882352941178,0.21739130434782608,0.23684210526315788
frequent_break,mappo_no_credit,42,13006,192,60,64,68,0.3125,0.3333333333333333,2.0,6.233333333333333,12.249999999999986,1.9430555555555555,14,58,-19.91301014369997,0.2051038374250713,0.04490740740740742,0.7735340567420879,0.12381015069095565,0.13194979026248377,0.06032476569849691,0.1345376434424422,0.3333333333333333,0.29310344827586204,0.2857142857142857
frequent_break,mappo_no_credit,42,13007,192,46,68,78,0.23958333333333334,0.3541666666666667,1.5333333333333334,7.826086956521739,19.5,2.161111111111111,16,71,-23.961091511183064,0.26447361600894637,0.050061728395061726,0.7529596181382697,0.14829442888266417,0.1012666391342862,0.059769070905969626,0.14229886399004046,0.25742574257425743,0.2545454545454545,0.16666666666666666
frequent_break,mappo_no_credit,42,13008,192,18,100,74,0.09375,0.5208333333333334,0.6,5.333333333333333,9.149999999999999,2.1569444444444446,17,100,-33.539845695433954,0.3375422826527188,0.04984567901234566,0.755318410377164,0.1934767647499846,0.03463306960210985,0.05879980270869895,0.19380381572332042,0.08849557522123894,0.10869565217391304,0.09090909090909091
frequent_break,mappo_no_credit,42,13009,192,12,91,89,0.0625,0.4739583333333333,0.4,3.5,6.899999999999999,2.4458333333333333,16,79,-34.449323358381235,0.3534629685729528,0.05672839506172841,0.7736443203946367,0.17033270235669615,0.026633717589599943,0.061208168491105074,0.18786150582590214,0.06060606060606061,0.08333333333333333,0.030303030303030304
frequent_break,mappo_no_credit,42,13010,192,38,63,91,0.19791666666666666,0.328125,1.2666666666666666,6.2631578947368425,15.299999999999997,2.576388888888889,19,95,-24.486975562800566,0.2811309009625838,0.05969135802469136,0.7156007368849462,0.19096371908678408,0.08125157021054853,0.05398233888220964,0.12423016282536406,0.2087912087912088,0.15492957746478872,0.26666666666666666
frequent_break,mappo_no_credit,42,13011,192,46,49,97,0.23958333333333334,0.2552083333333333,1.5333333333333334,7.195652173913044,21.5,2.6708333333333334,18,65,-20.734990801388268,0.24983264516230716,0.061975308641975306,0.7262555632959931,0.13576570889264386,0.09834854544606865,0.05394591995322118,0.09638752172033907,0.27848101265822783,0.1694915254237288,0.25925925925925924
frequent_break,mappo_no_credit,42,13012,192,25,57,110,0.13020833333333334,0.296875,0.8333333333333334,10.8,25.39999999999999,2.9875,21,112,-28.078453202285914,0.36311090370432886,0.06941358024691358,0.7069412695671687,0.2131763026848166,0.04739723082215342,0.04942852631469525,0.10552619293331365,0.21875,0.05172413793103448,0.02631578947368421
frequent_break,mappo_no_credit,42,13013,192,47,68,77,0.24479166666666666,0.3541666666666667,1.5666666666666667,9.46808510638298,19.0,2.216666666666667,16,78,-25.17217097377817,0.29990556041408384,0.05126543209876543,0.7476329769748633,0.16276452978852357,0.09846401133552836,0.05805432285575942,0.1414538278199269,0.29545454545454547,0.18461538461538463,0.23076923076923078
frequent_break,mappo_no_credit,42,13014,192,33,78,81,0.171875,0.40625,1.1,8.303030303030303,19.799999999999997,2.4291666666666667,14,70,-27.040369377447917,0.2938820886313332,0.05611111111111111,0.731332807913775,0.12463673667234039,0.058385318242129385,0.051696003384757015,0.14179097662456794,0.22988505747126436,0.11290322580645161,0.13953488372093023
frequent_break,mappo_no_credit,42,13015,192,36,62,94,0.1875,0.3229166666666667,1.2,6.666666666666667,17.5,2.4583333333333335,25,69,-24.229480630063357,0.246359127783779,0.057160493827160486,0.7566057238139277,0.14421960664607722,0.07713558500323205,0.056619897654060614,0.12851211424740835,0.1941747572815534,0.16666666666666666,0.2
frequent_break,mappo_no_credit,42,13016,192,51,65,76,0.265625,0.3385416666666667,1.7,8.058823529411764,18.5,2.2333333333333334,13,65,-21.364608393548934,0.22215750773311374,0.05160493827160494,0.7404949326933765,0.1300701351165747,0.10622156023084815,0.05760763748247093,0.12956650905567313,0.38461538461538464,0.15384615384615385,0.16666666666666666
frequent_break,mappo_no_credit,42,13017,192,30,62,100,0.15625,0.3229166666666667,1.0,6.6,15.549999999999997,2.5083333333333333,29,83,-26.736025791314486,0.2986416410115776,0.058456790123456795,0.7486541618543717,0.17520120674532438,0.06546027501909854,0.05892624525343566,0.13072719491837137,0.19148936170212766,0.14545454545454545,0.09302325581395349
frequent_break,mappo_no_credit,42,13018,192,23,96,73,0.11979166666666667,0.5,0.7666666666666667,4.260869565217392,9.599999999999994,2.0180555555555557,19,94,-29.225017811659193,0.2686929233632825,0.04672839506172841,0.7330412183124467,0.17280314199044847,0.043166208003669305,0.05489569354407905,0.17392661503729615,0.13186813186813187,0.0967741935483871,0.1282051282051282
frequent_break,mappo_no_credit,42,13019,192,47,59,86,0.24479166666666666,0.3072916666666667,1.5666666666666667,8.382978723404255,20.39999999999999,2.3930555555555557,24,84,-23.363029801667796,0.298125370913118,0.055462962962962964,0.7341060054870877,0.16265061205850678,0.09708376347308234,0.05483005940483705,0.11268665731127031,0.26595744680851063,0.2413793103448276,0.2
frequent_break,mappo_no_credit,42,13020,192,27,85,80,0.140625,0.4427083333333333,0.9,8.88888888888889,17.0,2.3,17,88,-29.4308377143923,0.3396210729317815,0.05320987654320987,0.7203157290665968,0.1577410884609027,0.049181396375668825,0.05202953509910043,0.15014635333133783,0.1511627906976744,0.1,0.17391304347826086
frequent_break,mappo_no_credit,42,13021,192,19,67,106,0.09895833333333333,0.3489583333333333,0.6333333333333333,10.789473684210526,20.299999999999994,2.698611111111111,18,104,-31.115035066921667,0.39679694658985964,0.06287037037037037,0.7415963016615325,0.19345934280144805,0.037786924977327455,0.05344312171969671,0.1254070555347645,0.11702127659574468,0.04,0.125
frequent_break,mappo_no_credit,42,13022,192,43,72,77,0.22395833333333334,0.375,1.4333333333333333,6.3023255813953485,13.899999999999999,2.0527777777777776,16,67,-24.477918250090127,0.2522759599361807,0.04762345679012346,0.7502066563283537,0.13618995641441461,0.08862375971122098,0.05872537641820775,0.14729477265080979,0.21782178217821782,0.19642857142857142,0.2857142857142857
frequent_break,mappo_no_credit,42,13023,192,35,49,108,0.18229166666666666,0.2552083333333333,1.1666666666666667,9.228571428571428,20.0,2.9166666666666665,17,99,-25.024196794926333,0.32699151742352356,0.06777777777777777,0.724855950876915,0.19281940553999374,0.06953764344244219,0.05097417820888413,0.09295608301800254,0.2222222222222222,0.12903225806451613,0.16129032258064516
frequent_break,mappo_no_credit,42,13024,192,44,72,76,0.22916666666666666,0.375,1.4666666666666666,5.2727272727272725,10.0,2.0819444444444444,20,65,-22.916137733688117,0.19178552009107305,0.04824074074074074,0.7714140999729562,0.13824193293233542,0.09787843076542768,0.061422011164329944,0.15487618447370768,0.2247191011235955,0.21875,0.2564102564102564
frequent_break,mappo_no_credit,42,13025,192,51,52,89,0.265625,0.2708333333333333,1.7,8.333333333333334,20.5,2.4319444444444445,19,58,-19.27753105806147,0.21555102220949932,0.05641975308641975,0.7221466094454047,0.11501475218967479,0.10189976260409697,0.052118176238938795,0.09820449817353841,0.3191489361702128,0.12962962962962962,0.3181818181818182
frequent_break,mappo_no_credit,42,13026,192,33,68,91,0.171875,0.3541666666666667,1.1,5.151515151515151,11.399999999999999,2.2666666666666666,21,87,-23.89210092961251,0.2060420514905613,0.052808641975308636,0.7529592707168924,0.1733451810773792,0.069248050997277,0.05613982299173777,0.1349239236855336,0.17142857142857143,0.1346153846153846,0.22857142857142856
frequent_break,mappo_no_credit,42,13027,192,34,72,86,0.17708333333333334,0.375,1.1333333333333333,8.0,21.049999999999994,2.3152777777777778,20,86,-27.715176938087534,0.3089934037391522,0.05373456790123457,0.7561539985588351,0.17299990171507196,0.07103680361033302,0.058327079939450306,0.14771104640686683,0.17647058823529413,0.14545454545454545,0.22857142857142856
frequent_break,mappo_no_credit,42,13028,192,57,52,83,0.296875,0.2708333333333333,1.9,8.421052631578947,24.39999999999999,2.4833333333333334,22,81,-19.76447801350261,0.2459765057347652,0.05737654320987655,0.7338887104547995,0.15439618431104496,0.11780712937446684,0.0537663599683309,0.0996761120716229,0.32075471698113206,0.24193548387096775,0.3333333333333333
frequent_break,mappo_no_credit,42,13029,192,42,57,93,0.21875,0.296875,1.4,10.047619047619047,19.949999999999996,2.4611111111111112,21,96,-24.466193960089505,0.31523307404663037,0.05719135802469135,0.7268426761694184,0.18269409225678576,0.08523446310598014,0.05346180407515231,0.10985811373582273,0.25,0.1509433962264151,0.23255813953488372
frequent_break,mappo_no_credit,42,13030,192,46,64,82,0.23958333333333334,0.3333333333333333,1.5333333333333334,10.565217391304348,21.5,2.4055555555555554,25,60,-24.90096190697066,0.2963501787852278,0.055617283950617276,0.7685286451407142,0.1263364072574599,0.10102604496180348,0.060218108071284464,0.13784336635729827,0.3177570093457944,0.1111111111111111,0.1935483870967742
frequent_break,mappo_no_credit,42,13031,192,46,45,101,0.23958333333333334,0.234375,1.5333333333333334,7.521739130434782,15.25,2.702777777777778,14,81,-20.782848173959867,0.25048328789827573,0.06280864197530864,0.7292840034574977,0.16736226249384145,0.09721735837834909,0.05328791032327021,0.09151143790849674,0.3368421052631579,0.11666666666666667,0.1891891891891892
frequent_break,mappo_no_credit,42,13032,192,30,72,90,0.15625,0.375,1.0,6.3,15.549999999999997,2.466666666666667,19,94,-27.57205735215748,0.2826408161029685,0.05722222222222222,0.7474719719815361,0.19882162184793767,0.06845022610115489,0.05964327862701987,0.15404289925187759,0.16129032258064516,0.16129032258064516,0.13513513513513514
frequent_break,mappo_no_credit,42,13033,192,25,76,91,0.13020833333333334,0.3958333333333333,0.8333333333333334,9.88,21.599999999999994,2.477777777777778,17,79,-30.151482318390833,0.3424560773338762,0.0575,0.744890562352111,0.1602736872976811,0.051513477635768655,0.05729365555152497,0.1546954521799723,0.17204301075268819,0.1076923076923077,0.058823529411764705
frequent_break,mappo_no_credit,42,13034,192,24,57,111,0.125,0.296875,0.8,9.083333333333334,22.0,3.138888888888889,23,117,-28.16921622305516,0.34677769505661904,0.07280864197530865,0.7307785389094182,0.22466693852529765,0.045947466705980634,0.052845931365635666,0.1051184742903009,0.15454545454545454,0.043478260869565216,0.1388888888888889
frequent_break,mappo_no_credit,42,13035,192,36,73,83,0.1875,0.3802083333333333,1.2,7.583333333333333,13.75,2.154166666666667,15,68,-26.71073147903694,0.29173312094207376,0.050061728395061726,0.7581612930513199,0.13598321784854292,0.07511065244811374,0.05885444942795866,0.14831689108391896,0.17,0.16666666666666666,0.2631578947368421
frequent_break,mappo_no_credit,42,13036,192,35,77,80,0.18229166666666666,0.4010416666666667,1.1666666666666667,6.3428571428571425,14.299999999999997,2.201388888888889,15,59,-27.172945840523358,0.2952668267429095,0.05101851851851851,0.7479383753171126,0.11262003519356459,0.06928342798698835,0.058061825881037005,0.1529753492408291,0.1827956989247312,0.1774193548387097,0.1891891891891892
frequent_break,mappo_no_credit,42,13037,192,21,62,109,0.109375,0.3229166666666667,0.7,10.714285714285714,24.0,2.9875,20,103,-30.14207956153996,0.3908110535009555,0.06938271604938272,0.7258051297361275,0.19987027964582144,0.03975002866643733,0.051787864285152266,0.11493170457566743,0.12658227848101267,0.078125,0.12244897959183673
frequent_break,mappo_no_credit,42,13038,192,46,47,99,0.23958333333333334,0.24479166666666666,1.5333333333333334,7.434782608695652,17.5,2.6180555555555554,20,90,-21.16993866625677,0.2531376527057111,0.0608641975308642,0.7479648558784715,0.19546455450867217,0.10690868771751123,0.057969135561800764,0.09939036725801433,0.35106382978723405,0.0967741935483871,0.19444444444444445
frequent_break,mappo_no_credit,42,13039,192,34,84,74,0.17708333333333334,0.4375,1.1333333333333333,4.529411764705882,8.349999999999998,1.9027777777777777,18,51,-28.516085578417243,0.2820500642747275,0.044197530864197525,0.777738299998531,0.1129849888673418,0.07915831717302305,0.06664463034465087,0.18665706026000145,0.2222222222222222,0.13559322033898305,0.11764705882352941
frequent_break,mappo_no_credit,42,13040,192,33,68,91,0.171875,0.3541666666666667,1.1,9.484848484848484,20.4,2.463888888888889,20,83,-28.665998946194374,0.36322203723366825,0.05719135802469136,0.7364123995586227,0.16774170846926267,0.0672875202712664,0.05575938403282727,0.13690136760957194,0.16470588235294117,0.1774193548387097,0.17777777777777778
frequent_break,mappo_no_credit,42,13041,192,29,66,97,0.15104166666666666,0.34375,0.9666666666666667,8.931034482758621,20.599999999999987,2.7180555555555554,19,84,-28.11947668173546,0.33505917531710433,0.0630246913580247,0.7384887961772699,0.17076715481514243,0.05898750143332187,0.05434930255322192,0.130489602273658,0.16483516483516483,0.1076923076923077,0.19444444444444445
frequent_break,mappo_no_credit,42,13042,192,24,90,78,0.125,0.46875,0.8,10.625,23.849999999999998,2.3666666666666667,17,86,-30.98077150915458,0.3479758226166577,0.054629629629629625,0.7440316544879083,0.16104175880878666,0.04759742493488623,0.055346854872128044,0.16322442134748638,0.16326530612244897,0.038461538461538464,0.14285714285714285
frequent_break,mappo_no_credit,42,13043,192,48,65,79,0.25,0.3385416666666667,1.6,9.166666666666666,20.0,2.3444444444444446,20,88,-23.96359810855735,0.2873823228544198,0.05416666666666666,0.7243663563442371,0.17291723999541336,0.09787198010108226,0.05457801365116568,0.13079524004833604,0.2978723404255319,0.15517241379310345,0.275
frequent_break,mappo_no_credit,42,13044,192,18,79,95,0.09375,0.4114583333333333,0.6,9.38888888888889,15.749999999999993,2.4819444444444443,20,60,-33.48515236322143,0.3904657103516455,0.057716049382716045,0.7770321171791088,0.128417905623788,0.040759624362565534,0.06137261966407701,0.17035777131365368,0.10204081632653061,0.10909090909090909,0.05128205128205128
frequent_break,mappo_no_credit,42,13045,192,50,61,81,0.2604166666666667,0.3177083333333333,1.6666666666666667,7.5,22.0,2.379166666666667,20,43,-22.374933156080594,0.2661123306298054,0.055,0.7548674212715263,0.08957526262866819,0.10830608446707517,0.058207549116634824,0.12558071271693563,0.2708333333333333,0.23214285714285715,0.275
frequent_break,mappo_no_credit,42,13046,192,53,57,82,0.2760416666666667,0.296875,1.7666666666666666,7.849056603773585,17.4,2.361111111111111,17,69,-21.39352417029714,0.2515610070663679,0.054629629629629625,0.7551161616184405,0.1424808312888808,0.11583800100827964,0.059732627598654275,0.11875062688143181,0.32608695652173914,0.21428571428571427,0.26666666666666666
frequent_break,mappo_no_credit,42,13047,192,24,78,90,0.125,0.40625,0.8,10.0,18.39999999999999,2.6375,16,72,-29.075292429648808,0.33022686152089137,0.06101851851851851,0.72930386557348,0.1308458474789744,0.044603714425695856,0.052196775459601795,0.14165069350440868,0.16666666666666666,0.041666666666666664,0.1111111111111111
frequent_break,mappo_no_credit,42,13048,192,42,57,93,0.21875,0.296875,1.4,7.238095238095238,16.0,2.5305555555555554,14,106,-23.342111715190917,0.28860987798842863,0.05873456790123456,0.7092580039465503,0.19996760377565329,0.08527279422790258,0.05336150307297735,0.10652988680852458,0.22105263157894736,0.21428571428571427,0.21951219512195122
frequent_break,mappo_no_credit,42,13049,192,29,85,78,0.15104166666666666,0.4427083333333333,0.9666666666666667,6.896551724137931,20.599999999999998,2.3305555555555557,13,55,-27.939129834986,0.29009830380847684,0.05382716049382715,0.740699514190185,0.10434945615673169,0.05874792404591166,0.056317342762302366,0.15939438055924124,0.14150943396226415,0.16071428571428573,0.16666666666666666
frequent_break,mappo_no_credit,42,13050,192,39,66,87,0.203125,0.34375,1.3,7.794871794871795,15.400000000000006,2.423611111111111,17,71,-24.461858119224775,0.27816046108593717,0.056172839506172835,0.734738833990624,0.13204151341148246,0.07762264824958323,0.05315967631410636,0.1242240735700488,0.2736842105263158,0.14035087719298245,0.125
frequent_break,mappo_no_credit,1024,13001,192,97,22,73,0.5052083333333334,0.11458333333333333,3.2333333333333334,7.041237113402062,18.19999999999999,1.8736111111111111,32,14,-9.100629103606911,0.21158216855837733,0.04351851851851851,0.7231077887310229,0.02928329023917259,0.20426599272187504,0.054910086112665485,0.046293872249754606,0.5420560747663551,0.4489795918367347,0.4722222222222222
frequent_break,mappo_no_credit,1024,13002,192,13,109,70,0.06770833333333333,0.5677083333333334,0.43333333333333335,5.153846153846154,12.599999999999994,2.0875,18,40,-34.98603340227308,0.3575402928902281,0.048179012345679,0.7601631469419662,0.07692312890068308,0.02632273084672465,0.059579866528953716,0.21066944321588285,0.10309278350515463,0.018867924528301886,0.047619047619047616
frequent_break,mappo_no_credit,1024,13003,192,88,42,62,0.4583333333333333,0.21875,2.933333333333333,6.8522727272727275,15.649999999999991,1.825,14,26,-12.62650821507345,0.20680683842994368,0.04209876543209876,0.702476233680684,0.04788096392198559,0.1720361213433969,0.051768394441892546,0.07923942500567889,0.5416666666666666,0.24193548387096775,0.6176470588235294
frequent_break,mappo_no_credit,1024,13004,192,81,49,62,0.421875,0.2552083333333333,2.7,6.469135802469136,13.0,1.6041666666666667,12,7,-14.055139247092624,0.20138584610642482,0.037191358024691354,0.7347716563397374,0.015545271005797322,0.1718242948428707,0.05759447511633261,0.10237998442332806,0.47619047619047616,0.2833333333333333,0.5
frequent_break,mappo_no_credit,1024,13005,192,68,37,87,0.3541666666666667,0.19270833333333334,2.2666666666666666,6.720588235294118,15.0,2.1944444444444446,26,24,-15.786505673538876,0.23662518048757983,0.05108024691358025,0.7437937322729228,0.04970858518846134,0.14754547725522957,0.05521382674983968,0.07822923321375334,0.3411764705882353,0.391304347826087,0.3157894736842105
frequent_break,mappo_no_credit,1024,13006,192,95,43,54,0.4947916666666667,0.22395833333333334,3.1666666666666665,5.978947368421053,14.299999999999997,1.4333333333333333,10,13,-11.218334952495606,0.19711023173796377,0.03314814814814814,0.7636488420536014,0.028124416433239964,0.2159349800526271,0.06140783885635094,0.09429781003310415,0.5656565656565656,0.3793103448275862,0.4857142857142857
frequent_break,mappo_no_credit,1024,13007,192,74,37,81,0.3854166666666667,0.19270833333333334,2.466666666666667,7.608108108108108,17.349999999999994,2.004166666666667,20,8,-14.542749225376452,0.23696253189042,0.04666666666666666,0.7422990187853493,0.017466931216931214,0.16963507625272337,0.06116118272835138,0.0844867904426728,0.3564356435643564,0.45454545454545453,0.3611111111111111
frequent_break,mappo_no_credit,1024,13008,192,25,91,76,0.13020833333333334,0.4739583333333333,0.8333333333333334,4.96,10.199999999999989,2.301388888888889,17,51,-29.260894397086116,0.270524761245783,0.05311728395061728,0.7695973272533688,0.10439916550597665,0.050670397713741364,0.05888459264589332,0.17605919879913687,0.08849557522123894,0.1956521739130435,0.18181818181818182
frequent_break,mappo_no_credit,1024,13009,192,18,91,83,0.09375,0.4739583333333333,0.6,6.0,17.449999999999996,2.2291666666666665,17,33,-32.59231783526891,0.32540599832759065,0.051728395061728404,0.7820373343746753,0.07220391808627104,0.038786480404127466,0.06257752305074352,0.19273881891528952,0.08080808080808081,0.11666666666666667,0.09090909090909091
frequent_break,mappo_no_credit,1024,13010,192,67,50,75,0.3489583333333333,0.2604166666666667,2.2333333333333334,9.119402985074627,18.0,2.25,12,27,-18.008537182566727,0.25968359895279186,0.05194444444444443,0.7166259684766184,0.053385254952592415,0.13833241563504722,0.05374622885372764,0.10067279569988546,0.46153846153846156,0.22535211267605634,0.3
frequent_break,mappo_no_credit,1024,13011,192,114,20,58,0.59375,0.10416666666666667,3.8,6.192982456140351,14.0,1.7027777777777777,16,8,-5.569446086685558,0.19859576399730694,0.039259259259259265,0.7236917373251394,0.017388643491584668,0.25271797102679455,0.05592181894665495,0.04508259714142067,0.6708860759493671,0.5254237288135594,0.5555555555555556
frequent_break,mappo_no_credit,1024,13012,192,46,48,98,0.23958333333333334,0.25,1.5333333333333334,9.76086956521739,21.75,2.8069444444444445,21,17,-21.555904827688906,0.2837652408672744,0.06503086419753087,0.7298725846201233,0.03265035546382296,0.091805404347974,0.05192838192139114,0.09484591789932346,0.2708333333333333,0.13793103448275862,0.3157894736842105
frequent_break,mappo_no_credit,1024,13013,192,74,51,67,0.3854166666666667,0.265625,2.466666666666667,7.743243243243243,15.0,1.7375,19,10,-16.239332113847965,0.22466924562164875,0.04030864197530865,0.7679683946398658,0.020155228758169937,0.16813940144822498,0.0620919051765879,0.11322464028346381,0.4431818181818182,0.27692307692307694,0.4358974358974359
frequent_break,mappo_no_credit,1024,13014,192,66,56,70,0.34375,0.2916666666666667,2.2,8.575757575757576,17.0,1.9569444444444444,14,10,-19.08342551927304,0.2617244355277832,0.04527777777777777,0.7368201365888558,0.01867159729388832,0.12568912067751073,0.05232927651386705,0.10608422608809605,0.40229885057471265,0.20967741935483872,0.4186046511627907
frequent_break,mappo_no_credit,1024,13015,192,75,42,75,0.390625,0.21875,2.5,9.053333333333333,20.0,2.1041666666666665,18,16,-16.563703489966308,0.27541090117629924,0.048703703703703694,0.7385850691625571,0.030787385129490395,0.15664577481914943,0.055447406317635686,0.08502319146281993,0.4563106796116505,0.24074074074074073,0.42857142857142855
frequent_break,mappo_no_credit,1024,13016,192,97,29,66,0.5052083333333334,0.15104166666666666,3.2333333333333334,7.721649484536083,16.19999999999999,1.8555555555555556,20,3,-10.413707705155145,0.24057576356636276,0.04290123456790124,0.7440566261072701,0.00588235294117647,0.21392125031830914,0.057147199431251815,0.060574918001388596,0.5274725274725275,0.4153846153846154,0.6111111111111112
frequent_break,mappo_no_credit,1024,13017,192,54,49,89,0.28125,0.2552083333333333,1.8,8.574074074074074,18.349999999999994,2.2069444444444444,21,19,-20.109613531043966,0.25534279340977706,0.05141975308641975,0.7593849704049275,0.040265238574062105,0.11643560415619239,0.05963796811966522,0.10650186686951392,0.3191489361702128,0.23636363636363636,0.2558139534883721
frequent_break,mappo_no_credit,1024,13018,192,24,91,77,0.125,0.4739583333333333,0.8,4.916666666666667,14.099999999999987,2.095833333333333,23,69,-27.999323379996365,0.2678701218353672,0.04858024691358024,0.730224456607012,0.12134699493832621,0.04285955902828967,0.05197682938721722,0.1588581338968336,0.14285714285714285,0.0967741935483871,0.1282051282051282
frequent_break,mappo_no_credit,1024,13019,192,84,33,75,0.4375,0.171875,2.8,7.940476190476191,19.849999999999994,2.0027777777777778,33,13,-13.243594694050561,0.24442579313197876,0.04645061728395062,0.7502589256110281,0.027934961208955018,0.18215034879121567,0.05667479841202249,0.06889181610156841,0.425531914893617,0.41379310344827586,0.5
frequent_break,mappo_no_credit,1024,13020,192,33,77,82,0.171875,0.4010416666666667,1.1,7.9393939393939394,13.399999999999999,2.263888888888889,21,37,-27.78592390383502,0.3316296940162783,0.05246913580246913,0.7342178319469618,0.07082651481645288,0.06433626959555752,0.05539784284279139,0.1472254983864891,0.13953488372093023,0.18333333333333332,0.21739130434782608
frequent_break,mappo_no_credit,1024,13021,192,46,47,99,0.23958333333333334,0.24479166666666666,1.5333333333333334,7.8478260869565215,18.75,2.5694444444444446,17,33,-20.18059607701104,0.25545902689871636,0.05978395061728394,0.7165246666053166,0.06454432650253085,0.09315310807183871,0.05274100138464561,0.08963063295493637,0.2553191489361702,0.24,0.20833333333333334
frequent_break,mappo_no_credit,1024,13022,192,56,67,69,0.2916666666666667,0.3489583333333333,1.8666666666666667,7.125,16.25,1.8583333333333334,17,26,-22.25262277794466,0.2775226827665313,0.043055555555555555,0.7389166545344374,0.05263363127527214,0.111268563880793,0.05740810141266054,0.1332991147426132,0.25742574257425743,0.32142857142857145,0.34285714285714286
frequent_break,mappo_no_credit,1024,13023,192,55,38,99,0.2864583333333333,0.19791666666666666,1.8333333333333333,9.072727272727272,23.0,2.623611111111111,25,14,-18.338842505550332,0.25960832209308704,0.06098765432098764,0.7310929069443343,0.028329811456746443,0.11546198011368292,0.05294221893715287,0.07865681360263403,0.3434343434343434,0.22580645161290322,0.22580645161290322
frequent_break,mappo_no_credit,1024,13024,192,62,61,69,0.3229166666666667,0.3177083333333333,2.066666666666667,6.080645161290323,12.0,1.9013888888888888,21,25,-19.087742858218043,0.2193881701129811,0.04401234567901234,0.7599622359138929,0.05271436352318705,0.13969115851468794,0.059731380873575664,0.13227261844908905,0.3258426966292135,0.3125,0.3333333333333333
frequent_break,mappo_no_credit,1024,13025,192,72,39,81,0.375,0.203125,2.4,7.986111111111111,18.0,2.1777777777777776,17,15,-16.194191263425463,0.2512662756704541,0.05052469135802469,0.7317586867282523,0.03062236095517829,0.14325167966421837,0.052631627975911775,0.07867836383316258,0.40425531914893614,0.2962962962962963,0.4090909090909091
frequent_break,mappo_no_credit,1024,13026,192,39,71,82,0.203125,0.3697916666666667,1.3,5.153846153846154,11.400000000000006,2.011111111111111,12,28,-22.930563845648457,0.20490817253121368,0.04685185185185185,0.7633552819193101,0.05446135764247219,0.07836940421692742,0.055730455768995005,0.14027916227219628,0.19047619047619047,0.1346153846153846,0.34285714285714286
frequent_break,mappo_no_credit,1024,13027,192,66,47,79,0.34375,0.24479166666666666,2.2,9.606060606060606,22.5,2.1430555555555557,20,21,-20.03356829667379,0.31277705741732237,0.04969135802469136,0.750965009816322,0.04320824528641865,0.13644381819304421,0.05684986826039446,0.09916698082332756,0.3627450980392157,0.2909090909090909,0.37142857142857144
frequent_break,mappo_no_credit,1024,13028,192,92,36,64,0.4791666666666667,0.1875,3.066666666666667,7.782608695652174,17.0,1.875,14,12,-11.716279659577586,0.22385771148085162,0.04327160493827161,0.7432497404886612,0.023395969498910676,0.19681861439214382,0.05603929701652301,0.0718984474131533,0.5283018867924528,0.3387096774193548,0.625
frequent_break,mappo_no_credit,1024,13029,192,62,37,93,0.3229166666666667,0.19270833333333334,2.066666666666667,9.85483870967742,20.89999999999999,2.379166666666667,21,4,-18.165787913358926,0.29105436177679306,0.055370370370370375,0.7495769665562008,0.009067460317460316,0.1327722256243928,0.055774395349411,0.07677032103889689,0.3229166666666667,0.2641509433962264,0.3953488372093023
frequent_break,mappo_no_credit,1024,13030,192,69,47,76,0.359375,0.24479166666666666,2.3,8.057971014492754,17.599999999999994,2.0125,16,6,-16.581012336536215,0.2432118475718434,0.04669753086419753,0.769378178398719,0.013806022408963585,0.16110164617517556,0.06069346368503707,0.10040709562768386,0.38317757009345793,0.25925925925925924,0.45161290322580644
frequent_break,mappo_no_credit,1024,13031,192,77,27,88,0.4010416666666667,0.140625,2.566666666666667,8.064935064935066,23.200000000000003,2.3180555555555555,26,9,-14.051453778004543,0.2711683868052791,0.053858024691358024,0.7257866953833373,0.017275111799105607,0.16234511303396754,0.053026831970257864,0.05358307943060265,0.4631578947368421,0.4,0.24324324324324326
frequent_break,mappo_no_credit,1024,13032,192,50,59,83,0.2604166666666667,0.3072916666666667,1.6666666666666667,7.82,18.549999999999997,2.2805555555555554,19,16,-20.111495100879605,0.22039640328200125,0.052870370370370366,0.7361482692254125,0.03473467164643635,0.10840000327616425,0.057007953531163696,0.12188430635412058,0.3333333333333333,0.20967741935483872,0.16216216216216217
frequent_break,mappo_no_credit,1024,13033,192,31,61,100,0.16145833333333334,0.3177083333333333,1.0333333333333334,9.806451612903226,21.5,2.6944444444444446,23,20,-26.85209723952777,0.3275818260459569,0.06259259259259259,0.7583121878737626,0.04277535373123608,0.06791181857358328,0.056597131085576874,0.1299333836098542,0.1935483870967742,0.13846153846153847,0.11764705882352941
frequent_break,mappo_no_credit,1024,13034,192,40,51,101,0.20833333333333334,0.265625,1.3333333333333333,6.35,16.19999999999999,2.772222222222222,19,30,-21.81343883183104,0.249474741959292,0.06435185185185185,0.7444435864404758,0.06273903713532196,0.08182766966435695,0.05394610640788479,0.09982476616377543,0.21818181818181817,0.17391304347826086,0.2222222222222222
frequent_break,mappo_no_credit,1024,13035,192,58,49,85,0.3020833333333333,0.2552083333333333,1.9333333333333333,8.948275862068966,18.15,2.2222222222222223,26,5,-19.188661414490383,0.2509150352449728,0.0516358024691358,0.7719035154175687,0.011814713064713066,0.13757406808877398,0.06365684977921747,0.11393306040364863,0.29,0.2962962962962963,0.34210526315789475
frequent_break,mappo_no_credit,1024,13036,192,56,47,89,0.2916666666666667,0.24479166666666666,1.8666666666666667,7.482142857142857,18.25,2.2291666666666665,22,24,-19.712111919021815,0.28499759553207216,0.05191358024691359,0.7233471030013516,0.050116214051972564,0.11719792977919911,0.05569486168607245,0.0938357583249224,0.3010752688172043,0.2903225806451613,0.2702702702702703
frequent_break,mappo_no_credit,1024,13037,192,38,48,106,0.19791666666666666,0.25,1.2666666666666666,9.921052631578947,21.0,2.8027777777777776,32,33,-24.711831765149824,0.3490656904790187,0.0651851851851852,0.73936345713212,0.0695108655247974,0.07991674920080492,0.0548740124564798,0.09663804118138483,0.189873417721519,0.125,0.30612244897959184
frequent_break,mappo_no_credit,1024,13038,192,81,33,78,0.421875,0.171875,2.7,8.345679012345679,19.0,2.3208333333333333,24,16,-13.790653669109531,0.24736833093159222,0.053611111111111116,0.7423566010541442,0.032471763559224855,0.17372432463763735,0.05465565595714748,0.06687083312857306,0.5425531914893617,0.22580645161290322,0.4444444444444444
frequent_break,mappo_no_credit,1024,13039,192,56,62,74,0.2916666666666667,0.3229166666666667,1.8666666666666667,7.589285714285714,18.25,2.0722222222222224,28,13,-21.22600615331811,0.24596146740152527,0.047962962962962964,0.7838989713641842,0.030248330101271273,0.13460689637160225,0.06576795638059688,0.1439197730374201,0.32323232323232326,0.2711864406779661,0.23529411764705882
frequent_break,mappo_no_credit,1024,13040,192,80,39,73,0.4166666666666667,0.203125,2.6666666666666665,8.55,16.0,2.033333333333333,23,3,-15.475206217288626,0.2862394302433833,0.047067901234567895,0.7631158414445073,0.0071672771672771675,0.18664224664224666,0.0600025690138457,0.08811965811965812,0.4117647058823529,0.43548387096774194,0.4
frequent_break,mappo_no_credit,1024,13041,192,40,52,100,0.20833333333333334,0.2708333333333333,1.3333333333333333,9.95,24.049999999999997,2.6041666666666665,23,26,-24.695072016160363,0.33560283954359643,0.060586419753086415,0.7509402551184655,0.05477902744543612,0.0845698364816012,0.05512790290362416,0.10814902074190001,0.24175824175824176,0.16923076923076924,0.19444444444444445
frequent_break,mappo_no_credit,1024,13042,192,37,56,99,0.19270833333333334,0.2916666666666667,1.2333333333333334,9.18918918918919,21.799999999999983,2.352777777777778,22,11,-24.822916473033636,0.30781694042016333,0.05496913580246913,0.7752239202330234,0.025526107879049055,0.08407184376224625,0.06036586756246752,0.12251410955745318,0.22448979591836735,0.09615384615384616,0.23809523809523808
frequent_break,mappo_no_credit,1024,13043,192,79,45,68,0.4114583333333333,0.234375,2.6333333333333333,6.341772151898734,16.0,2.0416666666666665,18,23,-15.013873726648262,0.2304851727770805,0.04709876543209876,0.7388706511359676,0.0464922849481673,0.16829125180518373,0.057264807904260924,0.09221025634725326,0.4148936170212766,0.39655172413793105,0.425
frequent_break,mappo_no_credit,1024,13044,192,30,64,98,0.15625,0.3333333333333333,1.0,10.1,21.64999999999999,2.433333333333333,31,12,-28.186114185225744,0.3331707439578955,0.0567283950617284,0.7692202639531824,0.02922680389785653,0.07042736059376926,0.06370884351487625,0.1525060117900675,0.1836734693877551,0.16363636363636364,0.07692307692307693
frequent_break,mappo_no_credit,1024,13045,192,80,48,64,0.4166666666666667,0.25,2.6666666666666665,6.9875,19.0,1.9569444444444444,19,8,-14.629529173081512,0.23009241138508163,0.045092592592592594,0.7467934481195243,0.015898692810457516,0.17136798658857486,0.05454455048530511,0.09109477124183006,0.4270833333333333,0.4107142857142857,0.4
frequent_break,mappo_no_credit,1024,13046,192,81,42,69,0.421875,0.21875,2.7,8.135802469135802,22.0,2.126388888888889,15,5,-14.023848372214312,0.22545069793994246,0.049012345679012345,0.770464170661662,0.010853174603174602,0.1904690842926137,0.060957574876122536,0.09512036438507025,0.45652173913043476,0.37142857142857144,0.43333333333333335
frequent_break,mappo_no_credit,1024,13047,192,43,64,85,0.22395833333333334,0.3333333333333333,1.4333333333333333,8.953488372093023,17.799999999999997,2.1319444444444446,18,27,-24.095896349972808,0.2969447036978993,0.04962962962962963,0.7347184777739909,0.05238537520271266,0.08106217340737465,0.05321214164791955,0.12275747815995494,0.23148148148148148,0.16666666666666666,0.2777777777777778
frequent_break,mappo_no_credit,1024,13048,192,65,53,74,0.3385416666666667,0.2760416666666667,2.1666666666666665,6.707692307692308,14.799999999999997,2.077777777777778,12,69,-17.574485729072357,0.21207424820709211,0.04808641975308641,0.7199494054212501,0.13364579936174362,0.12737655934250358,0.052937890193449536,0.09901413702110297,0.3684210526315789,0.26785714285714285,0.36585365853658536
frequent_break,mappo_no_credit,1024,13049,192,42,68,82,0.21875,0.3541666666666667,1.4,7.380952380952381,16.89999999999999,2.1347222222222224,16,18,-23.496332619919443,0.25124588595046726,0.04959876543209876,0.7485640387271348,0.037233647845102955,0.09007580225072487,0.05872320440014089,0.14241836208167477,0.2358490566037736,0.19642857142857142,0.2
frequent_break,mappo_no_credit,1024,13050,192,77,47,68,0.4010416666666667,0.24479166666666666,2.566666666666667,6.935064935064935,17.400000000000006,1.7694444444444444,15,23,-15.757762798328029,0.24351303955124035,0.04104938271604939,0.7345982973843775,0.04695492258572753,0.16132930737419898,0.0559498281080789,0.09463985647422181,0.3894736842105263,0.47368421052631576,0.325
frequent_break,mappo_no_packet_context,7,13001,192,96,17,79,0.5,0.08854166666666667,3.2,7.395833333333333,16.0,1.9152777777777779,25,60,-9.094341006843122,0.2273488389774055,0.044629629629629644,0.6897355950769766,0.1082899744161354,0.19741924656011348,0.05116137449045667,0.03164436039823036,0.5233644859813084,0.4897959183673469,0.4444444444444444
frequent_break,mappo_no_packet_context,7,13002,192,24,93,75,0.125,0.484375,0.8,6.916666666666667,14.399999999999991,2.151388888888889,15,99,-30.917947957142545,0.3192384588944763,0.04975308641975309,0.7389845290743134,0.18922236145920354,0.046355390109260076,0.056651952289762365,0.1756330926841763,0.17525773195876287,0.05660377358490566,0.09523809523809523
frequent_break,mappo_no_packet_context,7,13003,192,82,47,63,0.4270833333333333,0.24479166666666666,2.7333333333333334,6.341463414634147,13.950000000000003,1.7513888888888889,14,55,-13.956161819944395,0.21173247502285816,0.04049382716049383,0.6990681285604124,0.09939607448508375,0.16188454290234475,0.0518710272996591,0.085123280572197,0.4583333333333333,0.3709677419354839,0.4411764705882353
frequent_break,mappo_no_packet_context,7,13004,192,78,51,63,0.40625,0.265625,2.6,6.6923076923076925,14.0,1.711111111111111,8,61,-15.765770479216695,0.22906485370274104,0.03959876543209877,0.706708649498675,0.11694874913528164,0.1534382162671636,0.05301351013097835,0.09480641176848606,0.42857142857142855,0.3333333333333333,0.4583333333333333
frequent_break,mappo_no_packet_context,7,13005,192,64,39,89,0.3333333333333333,0.203125,2.1333333333333333,7.0,13.849999999999994,2.2083333333333335,16,84,-17.72738431523948,0.27181600970679465,0.05145061728395061,0.720976254852095,0.15325105693526747,0.12867895563329,0.0500990471651623,0.0695729873554951,0.3411764705882353,0.3333333333333333,0.3157894736842105
frequent_break,mappo_no_packet_context,7,13006,192,86,58,48,0.4479166666666667,0.3020833333333333,2.8666666666666667,5.767441860465116,15.75,1.425,7,62,-14.550898305189524,0.1958799542405517,0.032777777777777774,0.7472780758818826,0.11859611664565224,0.18485660180319619,0.05826590736439204,0.11472805932171255,0.5151515151515151,0.3448275862068966,0.42857142857142855
frequent_break,mappo_no_packet_context,7,13007,192,83,47,62,0.4322916666666667,0.24479166666666666,2.7666666666666666,7.096385542168675,16.799999999999983,1.7152777777777777,13,46,-14.22524742561401,0.21684718567949055,0.03966049382716049,0.7400095269918905,0.08944448539649776,0.180731225545467,0.05896792037021346,0.09663566596229133,0.46534653465346537,0.43636363636363634,0.3333333333333333
frequent_break,mappo_no_packet_context,7,13008,192,25,97,70,0.13020833333333334,0.5052083333333334,0.8333333333333334,4.84,9.799999999999997,1.9666666666666666,15,80,-30.531130717101245,0.2727597550896422,0.04549382716049384,0.7634906567292512,0.1673274075712156,0.052003558733434894,0.062325254846805955,0.19555666126099563,0.09734513274336283,0.17391304347826086,0.18181818181818182
frequent_break,mappo_no_packet_context,7,13009,192,17,93,82,0.08854166666666667,0.484375,0.5666666666666667,5.823529411764706,14.999999999999996,2.334722222222222,16,119,-32.44641620029645,0.34341854209454226,0.054043209876543215,0.7221047672415294,0.2272523881347411,0.03427617245728701,0.05555198634173229,0.17569419085672958,0.08080808080808081,0.1,0.09090909090909091
frequent_break,mappo_no_packet_context,7,13010,192,64,50,78,0.3333333333333333,0.2604166666666667,2.1333333333333333,8.03125,18.0,2.238888888888889,19,80,-18.067998728793263,0.25155604175085666,0.05179012345679012,0.7016080326302692,0.15028889626025851,0.13105239846725913,0.051917801627444214,0.09266485249070387,0.4175824175824176,0.2676056338028169,0.23333333333333334
frequent_break,mappo_no_packet_context,7,13011,192,104,17,71,0.5416666666666666,0.08854166666666667,3.466666666666667,5.596153846153846,10.849999999999994,1.7027777777777777,10,73,-6.307690793713077,0.20168510918316546,0.03966049382716049,0.705161497021997,0.131343245963989,0.2338898531235993,0.05395009105526206,0.03018907749170907,0.5189873417721519,0.5423728813559322,0.5740740740740741
frequent_break,mappo_no_packet_context,7,13012,192,42,48,102,0.21875,0.25,1.4,7.857142857142857,14.0,2.7194444444444446,16,120,-20.913726790951753,0.26096748783137547,0.06320987654320988,0.6701848836611923,0.20748393538355173,0.07885086423500073,0.04757466231709642,0.08097193531505015,0.22916666666666666,0.1896551724137931,0.23684210526315788
frequent_break,mappo_no_packet_context,7,13013,192,79,58,55,0.4114583333333333,0.3020833333333333,2.6333333333333333,7.012658227848101,14.0,1.5222222222222221,19,39,-16.1352938480046,0.21831856069089878,0.03515432098765432,0.7584903772745694,0.08005674379513388,0.17714641682133941,0.06134669292894877,0.12215136886963514,0.5113636363636364,0.3076923076923077,0.358974358974359
frequent_break,mappo_no_packet_context,7,13014,192,58,62,72,0.3020833333333333,0.3229166666666667,1.9333333333333333,7.344827586206897,15.149999999999999,1.9388888888888889,16,64,-20.55784789258557,0.2415291004002926,0.04493827160493827,0.7256939433589765,0.12706790385969952,0.11219741000313754,0.05422444715925899,0.11924685078709846,0.39080459770114945,0.1774193548387097,0.3023255813953488
frequent_break,mappo_no_packet_context,7,13015,192,66,52,74,0.34375,0.2708333333333333,2.2,6.106060606060606,12.0,1.9972222222222222,16,87,-17.375952869964234,0.21186520961795233,0.046296296296296294,0.7298731106741414,0.164003096290248,0.1377520707706466,0.054527835062509494,0.1013051828918702,0.3786407766990291,0.2962962962962963,0.3142857142857143
frequent_break,mappo_no_packet_context,7,13016,192,97,29,66,0.5052083333333334,0.15104166666666666,3.2333333333333334,6.711340206185567,12.0,1.6555555555555554,12,45,-10.500769257650779,0.23052510204314977,0.0384567901234568,0.7140575719886862,0.0856000294854784,0.20102867147758788,0.05328540353473279,0.055657559245020555,0.5604395604395604,0.4461538461538462,0.4722222222222222
frequent_break,mappo_no_packet_context,7,13017,192,65,69,58,0.3385416666666667,0.359375,2.1666666666666665,6.523076923076923,15.0,1.6291666666666667,12,70,-19.838322986064306,0.2227760313016782,0.03762345679012346,0.7284159161035896,0.13371236506298426,0.1304244648826692,0.058162730631925445,0.13624243088639373,0.3723404255319149,0.2909090909090909,0.32558139534883723
frequent_break,mappo_no_packet_context,7,13018,192,25,97,70,0.13020833333333334,0.5052083333333334,0.8333333333333334,5.8,17.799999999999983,1.9069444444444446,15,96,-30.37061387806598,0.2971628012966417,0.044166666666666674,0.7255688194762675,0.1801541640047832,0.04752661883466837,0.0572890101486907,0.18518337771046753,0.14285714285714285,0.08064516129032258,0.1794871794871795
frequent_break,mappo_no_packet_context,7,13019,192,84,32,76,0.4375,0.16666666666666666,2.8,7.845238095238095,16.849999999999994,1.9541666666666666,13,61,-13.2911556384379,0.24394231232688812,0.045401234567901225,0.7262752196670839,0.12116445116058118,0.17804085376840792,0.05347838832312373,0.06306929496944977,0.4574468085106383,0.39655172413793105,0.45
frequent_break,mappo_no_packet_context,7,13020,192,32,77,83,0.16666666666666666,0.4010416666666667,1.0666666666666667,8.90625,17.349999999999998,2.3041666666666667,21,99,-28.411457509916957,0.33599495467010265,0.05339506172839506,0.7160667044837575,0.18219699575736728,0.057428907235408784,0.052943572943155735,0.14171414269711485,0.1744186046511628,0.13333333333333333,0.1956521739130435
frequent_break,mappo_no_packet_context,7,13021,192,45,50,97,0.234375,0.2604166666666667,1.5,9.422222222222222,19.0,2.5541666666666667,17,99,-21.28977012064937,0.25914045801660374,0.059382716049382715,0.696730756662001,0.17970055300163662,0.0838752332405583,0.04953181796294784,0.09075208445951481,0.26595744680851063,0.16,0.25
frequent_break,mappo_no_packet_context,7,13022,192,51,68,73,0.265625,0.3541666666666667,1.7,8.392156862745098,17.0,1.9819444444444445,14,75,-23.43410619860666,0.2925096559503342,0.045925925925925926,0.7205097513914837,0.13090987272101823,0.09744039901160642,0.05468132101928043,0.12743114613857648,0.27722772277227725,0.21428571428571427,0.3142857142857143
frequent_break,mappo_no_packet_context,7,13023,192,61,40,91,0.3177083333333333,0.20833333333333334,2.033333333333333,9.491803278688524,20.0,2.5305555555555554,13,109,-18.49120933554161,0.278996980205546,0.05867283950617284,0.6685494296814017,0.189287765611295,0.11021980642336678,0.046990045972417814,0.06702336649705071,0.35353535353535354,0.2903225806451613,0.25806451612903225
frequent_break,mappo_no_packet_context,7,13024,192,59,72,61,0.3072916666666667,0.375,1.9666666666666666,6.338983050847458,13.099999999999994,1.5902777777777777,15,49,-21.667724660610645,0.24022424442972515,0.03685185185185185,0.7630902759625601,0.09915642077793779,0.12059058688702651,0.05869315394841571,0.14324359950907936,0.3258426966292135,0.3125,0.2564102564102564
frequent_break,mappo_no_packet_context,7,13025,192,50,60,82,0.2604166666666667,0.3125,1.6666666666666667,7.72,18.0,2.2,16,78,-21.13880891801086,0.2523969112421625,0.05104938271604938,0.7199347519811655,0.1386925159177481,0.09429511750719181,0.049295373123410494,0.1036726825233017,0.3191489361702128,0.2037037037037037,0.20454545454545456
frequent_break,mappo_no_packet_context,7,13026,192,39,66,87,0.203125,0.34375,1.3,5.743589743589744,14.200000000000003,2.1902777777777778,15,108,-23.822419728736445,0.24858039873139492,0.05098765432098766,0.7155572489350362,0.20654202909233868,0.0744178665618294,0.05306955298623577,0.12457594148770616,0.22857142857142856,0.17307692307692307,0.17142857142857143
frequent_break,mappo_no_packet_context,7,13027,192,73,41,78,0.3802083333333333,0.21354166666666666,2.433333333333333,7.986301369863014,17.799999999999983,2.001388888888889,15,54,-16.611132580666226,0.2568377264748225,0.04651234567901234,0.7257834100829711,0.10632422559667142,0.1466907259980015,0.05320937135130494,0.0817803905187806,0.39215686274509803,0.2909090909090909,0.4857142857142857
frequent_break,mappo_no_packet_context,7,13028,192,81,22,89,0.421875,0.11458333333333333,2.7,6.3580246913580245,13.0,2.0652777777777778,13,79,-11.352143808932736,0.2180569875151162,0.0482716049382716,0.6968170067934961,0.14289107535624565,0.16957935539978883,0.05131567521656935,0.039385473487640675,0.44339622641509435,0.3548387096774194,0.5
frequent_break,mappo_no_packet_context,7,13029,192,59,42,91,0.3072916666666667,0.21875,1.9666666666666666,9.0,21.099999999999994,2.3291666666666666,33,73,-19.558686377281294,0.2879674066867033,0.054197530864197534,0.7328174152076877,0.1370763919602929,0.11784312150411222,0.05257112801003962,0.07861796270465,0.3020833333333333,0.24528301886792453,0.3953488372093023
frequent_break,mappo_no_packet_context,7,13030,192,67,62,63,0.3489583333333333,0.3229166666666667,2.2333333333333334,6.955223880597015,14.699999999999996,1.6055555555555556,12,46,-19.40601028706253,0.25105753516510776,0.03725308641975309,0.7532537446663746,0.0921797801441764,0.14761335055839703,0.06048403031716308,0.130061237495448,0.308411214953271,0.2962962962962963,0.5806451612903226
frequent_break,mappo_no_packet_context,7,13031,192,80,26,86,0.4166666666666667,0.13541666666666666,2.6666666666666665,8.7125,19.0,2.2694444444444444,13,103,-13.347701966009224,0.250083823427343,0.05271604938271606,0.6836235171122527,0.18940143791536979,0.1623705163372346,0.051220502310922254,0.04629683611881754,0.5368421052631579,0.3333333333333333,0.24324324324324326
frequent_break,mappo_no_packet_context,7,13032,192,49,75,68,0.2552083333333333,0.390625,1.6333333333333333,6.0,14.999999999999972,1.9180555555555556,16,76,-22.12632108948395,0.23060268450600316,0.044351851851851844,0.7133452505066418,0.13680199272691532,0.09608985699542975,0.05247378251403478,0.13717959113469952,0.3010752688172043,0.16129032258064516,0.2972972972972973
frequent_break,mappo_no_packet_context,7,13033,192,36,71,85,0.1875,0.3697916666666667,1.2,6.916666666666667,12.0,2.4055555555555554,14,85,-24.300784991820603,0.25873612240069194,0.05570987654320988,0.7041903551949693,0.15363052238439237,0.06643382589203022,0.05063719440135081,0.12585239651416122,0.1935483870967742,0.2153846153846154,0.11764705882352941
frequent_break,mappo_no_packet_context,7,13034,192,51,51,90,0.265625,0.265625,1.7,8.686274509803921,21.5,2.5430555555555556,20,96,-21.498950466137256,0.2837665617555461,0.05891975308641975,0.7039180194048086,0.17119820495981483,0.09207760935315115,0.04923129427214298,0.0893813782823071,0.3,0.1956521739130435,0.25
frequent_break,mappo_no_packet_context,7,13035,192,49,67,76,0.2552083333333333,0.3489583333333333,1.6333333333333333,6.612244897959184,16.599999999999966,1.9694444444444446,28,49,-22.516340878571686,0.24578027972263775,0.04574074074074075,0.7409652559103889,0.10067955049766196,0.10280147799110646,0.05847944426626867,0.13865414856900926,0.23,0.2777777777777778,0.2894736842105263
frequent_break,mappo_no_packet_context,7,13036,192,54,50,88,0.28125,0.2604166666666667,1.8,7.722222222222222,21.349999999999994,2.323611111111111,29,48,-18.664933676421022,0.22418277248005988,0.053981481481481484,0.731440223519536,0.09533971933352739,0.11545827867809293,0.055350702440928365,0.09769496485053761,0.3010752688172043,0.24193548387096775,0.2972972972972973
frequent_break,mappo_no_packet_context,7,13037,192,42,53,97,0.21875,0.2760416666666667,1.4,9.261904761904763,19.0,2.5097222222222224,24,94,-23.21180587990251,0.319758695879953,0.05839506172839506,0.6861127146407113,0.16013645442690405,0.07721685458965039,0.048442310375523004,0.09087897366838003,0.189873417721519,0.171875,0.32653061224489793
frequent_break,mappo_no_packet_context,7,13038,192,80,26,86,0.4166666666666667,0.13541666666666666,2.6666666666666665,8.225,18.0,2.2083333333333335,17,81,-14.204633602861191,0.25987461673827933,0.051358024691358035,0.725827578632911,0.1603668894458368,0.16465502920998273,0.05147674148374477,0.05085098366832112,0.5212765957446809,0.27419354838709675,0.3888888888888889
frequent_break,mappo_no_packet_context,7,13039,192,51,65,76,0.265625,0.3385416666666667,1.7,7.176470588235294,18.0,2.0430555555555556,16,58,-22.177622379772078,0.2449758344556325,0.04737654320987654,0.7610088723513626,0.12149586037743933,0.1138098277997659,0.06002744638270252,0.13659515650614723,0.32323232323232326,0.2033898305084746,0.20588235294117646
frequent_break,mappo_no_packet_context,7,13040,192,72,46,74,0.375,0.23958333333333334,2.4,7.444444444444445,14.0,1.988888888888889,15,66,-17.699902827111092,0.28130743493304877,0.046111111111111096,0.7178302713211272,0.12565725210462053,0.148318677223476,0.053624243441451135,0.08951439055154224,0.36470588235294116,0.41935483870967744,0.3333333333333333
frequent_break,mappo_no_packet_context,7,13041,192,36,69,87,0.1875,0.359375,1.2,7.916666666666667,17.0,2.3208333333333333,18,110,-26.203222602689525,0.3237073420329077,0.05388888888888888,0.7038609280492546,0.19753808125712152,0.06844464058473347,0.05136332160908289,0.1234685845057362,0.17582417582417584,0.18461538461538463,0.2222222222222222
frequent_break,mappo_no_packet_context,7,13042,192,38,62,92,0.19791666666666666,0.3229166666666667,1.2666666666666666,8.263157894736842,19.15,2.3805555555555555,16,104,-24.60229361677798,0.28405276551131803,0.055370370370370375,0.7193568927793852,0.20354227070945338,0.07946053860140546,0.055449569652974554,0.1223583058954576,0.23469387755102042,0.07692307692307693,0.2619047619047619
frequent_break,mappo_no_packet_context,7,13043,192,84,48,60,0.4375,0.25,2.8,7.345238095238095,15.0,1.7166666666666666,12,48,-16.07262361041859,0.26003041416109335,0.03962962962962963,0.7301340711933985,0.08649180139892214,0.16427154487526005,0.053401499355118204,0.09242877321050695,0.43617021276595747,0.41379310344827586,0.475
frequent_break,mappo_no_packet_context,7,13044,192,36,72,84,0.1875,0.375,1.2,8.083333333333334,19.75,2.0819444444444444,15,84,-26.618295673182473,0.31975653008774213,0.048487654320987665,0.7203562616929916,0.15337237423689168,0.07244674986699483,0.056510223359881345,0.13855987029950553,0.20408163265306123,0.21818181818181817,0.10256410256410256
frequent_break,mappo_no_packet_context,7,13045,192,77,52,63,0.4010416666666667,0.2708333333333333,2.566666666666667,6.883116883116883,13.400000000000006,1.8069444444444445,16,64,-16.166227293452472,0.23144051934288878,0.041728395061728395,0.7395990231546303,0.13078426174788402,0.16742242077381395,0.05714591787384058,0.10361244677808144,0.3854166666666667,0.39285714285714285,0.45
frequent_break,mappo_no_packet_context,7,13046,192,88,40,64,0.4583333333333333,0.20833333333333334,2.933333333333333,6.670454545454546,14.299999999999983,1.7861111111111112,11,65,-13.166385709658666,0.22838883798195003,0.0412962962962963,0.708264393650787,0.12134596555262188,0.18005282242124349,0.05376085372507804,0.07689090908518154,0.4782608695652174,0.4,0.5333333333333333
frequent_break,mappo_no_packet_context,7,13047,192,42,61,89,0.21875,0.3177083333333333,1.4,8.80952380952381,18.0,2.313888888888889,17,110,-24.06176905642517,0.309545219300728,0.0537962962962963,0.6948663064644166,0.1949487801500185,0.0785867158583877,0.05025844493873796,0.10760069508521518,0.21296296296296297,0.1875,0.2777777777777778
frequent_break,mappo_no_packet_context,7,13048,192,53,55,84,0.2760416666666667,0.2864583333333333,1.7666666666666666,6.150943396226415,13.399999999999999,2.129166666666667,14,97,-19.57095391605301,0.2258901790751733,0.04953703703703703,0.6964374733121378,0.1764488244041347,0.1019327180748637,0.050564123902314545,0.10107292202644873,0.3157894736842105,0.23214285714285715,0.24390243902439024
frequent_break,mappo_no_packet_context,7,13049,192,41,73,78,0.21354166666666666,0.3802083333333333,1.3666666666666667,7.804878048780488,19.0,2.1666666666666665,22,77,-25.426929523017,0.2845426178415032,0.05018518518518518,0.7320117523271286,0.15114426179828655,0.08199486902273277,0.056247272242690015,0.14250191687111188,0.20754716981132076,0.17857142857142858,0.3
frequent_break,mappo_no_packet_context,7,13050,192,71,46,75,0.3697916666666667,0.23958333333333334,2.3666666666666667,5.338028169014085,12.5,1.8319444444444444,8,100,-14.809506381775629,0.1923210667691419,0.04265432098765432,0.6999718955756135,0.184795871769556,0.1456266718031424,0.052112183687112665,0.08315134613122227,0.3894736842105263,0.3684210526315789,0.325
frequent_break,mappo_no_packet_context,42,13001,192,103,15,74,0.5364583333333334,0.078125,3.433333333333333,7.504854368932039,18.0,1.8597222222222223,27,68,-8.219870657305426,0.22372442867433148,0.04324074074074073,0.7030624025566854,0.12657963796895685,0.2102656260434898,0.051758228083896275,0.02709348385818974,0.5700934579439252,0.4897959183673469,0.5
frequent_break,mappo_no_packet_context,42,13002,192,26,91,75,0.13541666666666666,0.4739583333333333,0.8666666666666667,6.923076923076923,14.0,2.109722222222222,12,103,-30.091488840149797,0.3283690838486116,0.04882716049382716,0.7255332289885018,0.18939148184117224,0.04997561305223843,0.05530487978637571,0.16469732151233699,0.18556701030927836,0.07547169811320754,0.09523809523809523
frequent_break,mappo_no_packet_context,42,13003,192,75,52,65,0.390625,0.2708333333333333,2.5,5.946666666666666,11.0,1.7833333333333334,11,84,-15.439144901622777,0.202952789390959,0.041265432098765424,0.7016996233550965,0.14445487475437668,0.14247816954237738,0.04939389096097511,0.08947459583884405,0.4479166666666667,0.27419354838709675,0.4411764705882353
frequent_break,mappo_no_packet_context,42,13004,192,79,48,65,0.4114583333333333,0.25,2.6333333333333333,7.341772151898734,16.0,1.7430555555555556,8,62,-15.663101098438679,0.23711960632803264,0.04037037037037037,0.696269300262127,0.1173591184930194,0.1520862140095886,0.05191487975971294,0.09003096676858283,0.42857142857142855,0.31666666666666665,0.5
frequent_break,mappo_no_packet_context,42,13005,192,66,41,85,0.34375,0.21354166666666666,2.2,7.363636363636363,15.0,2.1666666666666665,16,75,-17.95493711502926,0.2857828923090203,0.05040123456790124,0.7119044551079926,0.13886613257743288,0.13300463540014623,0.050749303254921524,0.07480145513814244,0.3764705882352941,0.30434782608695654,0.34210526315789475
frequent_break,mappo_no_packet_context,42,13006,192,86,61,45,0.4479166666666667,0.3177083333333333,2.8666666666666667,5.3023255813953485,15.75,1.3611111111111112,7,55,-14.314381745614991,0.1755250115566431,0.03126543209876543,0.7488275266421537,0.10872261567695005,0.18308713803682844,0.058758934421949204,0.12037439856325305,0.5151515151515151,0.3448275862068966,0.42857142857142855
frequent_break,mappo_no_packet_context,42,13007,192,82,50,60,0.4270833333333333,0.2604166666666667,2.7333333333333334,7.2682926829268295,16.0,1.711111111111111,11,45,-14.83729644131458,0.2252354162284875,0.03950617283950618,0.7424670165836307,0.08596132897603487,0.1803772044948516,0.05926951073236248,0.10206893868658574,0.45544554455445546,0.4,0.3888888888888889
frequent_break,mappo_no_packet_context,42,13008,192,28,98,66,0.14583333333333334,0.5104166666666666,0.9333333333333333,5.035714285714286,11.649999999999999,1.9083333333333334,13,69,-29.72671132330938,0.2735827060541542,0.04407407407407407,0.7577061915880319,0.13965641227251133,0.05742294871164841,0.06127221261929714,0.1919913550215408,0.10619469026548672,0.1956521739130435,0.21212121212121213
frequent_break,mappo_no_packet_context,42,13009,192,15,93,84,0.078125,0.484375,0.5,4.4,10.499999999999995,2.326388888888889,15,121,-32.6985745711431,0.3356736596354794,0.05391975308641974,0.7286771301297609,0.23572190279620617,0.031326232247284876,0.05617864599454104,0.1783473389355742,0.08080808080808081,0.1,0.030303030303030304
frequent_break,mappo_no_packet_context,42,13010,192,60,50,82,0.3125,0.2604166666666667,2.0,8.25,19.099999999999994,2.209722222222222,14,77,-18.57916724946015,0.251890325371763,0.05126543209876544,0.7069868486355724,0.14723325092520137,0.12447210440631493,0.05248045989161377,0.09357949612593573,0.4065934065934066,0.19718309859154928,0.3
frequent_break,mappo_no_packet_context,42,13011,192,116,12,64,0.6041666666666666,0.0625,3.8666666666666667,5.801724137931035,11.0,1.5638888888888889,10,81,-5.272708059500775,0.20803148061659746,0.03635802469135803,0.6997392398537828,0.1506520683765266,0.24514230781258642,0.051957776152104604,0.02186391967738717,0.6455696202531646,0.559322033898305,0.5925925925925926
frequent_break,mappo_no_packet_context,42,13012,192,42,46,104,0.21875,0.23958333333333334,1.4,9.428571428571429,20.949999999999996,2.7291666666666665,20,105,-21.961096368632546,0.2966612968426004,0.06348765432098766,0.6914664929945438,0.18569649577002517,0.08114229567015944,0.048550569615013014,0.07957105702461739,0.23958333333333334,0.15517241379310345,0.2631578947368421
frequent_break,mappo_no_packet_context,42,13013,192,77,59,56,0.4010416666666667,0.3072916666666667,2.566666666666667,6.454545454545454,13.200000000000003,1.475,21,36,-16.047128138715784,0.2017735886908113,0.0341358024691358,0.7594985826165962,0.07479895849477894,0.17137044313901897,0.061102264302107745,0.12387180873248985,0.48863636363636365,0.3076923076923077,0.358974358974359
frequent_break,mappo_no_packet_context,42,13014,192,60,67,65,0.3125,0.3489583333333333,2.0,7.083333333333333,15.099999999999994,1.9,16,68,-20.7122309612787,0.2366024534177832,0.04385802469135802,0.7204021360225131,0.13131875849755106,0.1158148025291988,0.05422015721669559,0.12923079758219078,0.39080459770114945,0.1774193548387097,0.3488372093023256
frequent_break,mappo_no_packet_context,42,13015,192,68,46,78,0.3541666666666667,0.23958333333333334,2.2666666666666666,7.3088235294117645,13.0,2.0125,14,77,-17.45377328198887,0.2568132690658131,0.04675925925925926,0.7242958188867304,0.14461209656643093,0.14011297740786904,0.05310652310757135,0.08570837000403563,0.3883495145631068,0.2962962962962963,0.34285714285714286
frequent_break,mappo_no_packet_context,42,13016,192,97,30,65,0.5052083333333334,0.15625,3.2333333333333334,6.969072164948454,13.0,1.6888888888888889,15,49,-10.7474884190415,0.24205492708452497,0.03916666666666667,0.7158424779917368,0.09480781201369437,0.2060905516052575,0.05425163274666231,0.05736724604371663,0.5494505494505495,0.4307692307692308,0.5277777777777778
frequent_break,mappo_no_packet_context,42,13017,192,68,67,57,0.3541666666666667,0.3489583333333333,2.2666666666666666,5.720588235294118,12.0,1.5458333333333334,8,69,-18.200411872056208,0.18881616965625783,0.03574074074074074,0.7326728160292233,0.13195223793521008,0.1381135294873685,0.05809140399839397,0.13348134822980026,0.3723404255319149,0.34545454545454546,0.32558139534883723
frequent_break,mappo_no_packet_context,42,13018,192,25,94,73,0.13020833333333334,0.4895833333333333,0.8333333333333334,5.64,12.799999999999997,1.9194444444444445,14,96,-29.789866776790294,0.29685129106037783,0.044537037037037035,0.7221238151162381,0.177494758137173,0.04638880698478222,0.055708121288055544,0.1755802905957705,0.14285714285714285,0.08064516129032258,0.1794871794871795
frequent_break,mappo_no_packet_context,42,13019,192,83,33,76,0.4322916666666667,0.171875,2.7666666666666666,7.325301204819277,16.699999999999974,1.8194444444444444,13,65,-13.64520935159487,0.24076266737187105,0.04240740740740741,0.7240969323251639,0.12857472206156417,0.17159224103496545,0.053544493194707575,0.06510917029879877,0.4574468085106383,0.41379310344827586,0.4
frequent_break,mappo_no_packet_context,42,13020,192,34,77,81,0.17708333333333334,0.4010416666666667,1.1333333333333333,8.764705882352942,16.349999999999998,2.2847222222222223,20,120,-27.788316856916904,0.32834515714394574,0.05290123456790123,0.7066284283112394,0.2176540206725965,0.06308254295870395,0.05209625355583478,0.13986076301865774,0.18604651162790697,0.15,0.1956521739130435
frequent_break,mappo_no_packet_context,42,13021,192,46,47,99,0.23958333333333334,0.24479166666666666,1.5333333333333334,8.195652173913043,18.25,2.5083333333333333,16,123,-20.585980937562017,0.254449651933806,0.05842592592592592,0.6905210966714121,0.2142794663769896,0.08604777274668915,0.04880474015247884,0.0820538008889402,0.24468085106382978,0.2,0.2708333333333333
frequent_break,mappo_no_packet_context,42,13022,192,56,66,70,0.2916666666666667,0.34375,1.8666666666666667,7.107142857142857,15.0,1.875,14,77,-21.25733323352108,0.2444845212497241,0.0434567901234568,0.7215311209060838,0.13842156453224563,0.10771580157029072,0.05524936460918408,0.12539230721119263,0.297029702970297,0.25,0.34285714285714286
frequent_break,mappo_no_packet_context,42,13023,192,59,39,94,0.3072916666666667,0.203125,1.9666666666666666,8.64406779661017,18.099999999999994,2.4347222222222222,16,104,-18.897012303406427,0.2876986903537943,0.056635802469135806,0.6719386003212153,0.18315462974131708,0.10715606790297193,0.04739888012702718,0.06693254973440732,0.3333333333333333,0.3064516129032258,0.22580645161290322
frequent_break,mappo_no_packet_context,42,13024,192,61,73,58,0.3177083333333333,0.3802083333333333,2.033333333333333,6.147540983606557,13.0,1.6027777777777779,10,64,-20.310189848978833,0.2073577392904856,0.03703703703703705,0.7425675945298587,0.1208816488808749,0.12123299387231277,0.05651023600544816,0.14068689824107777,0.33707865168539325,0.28125,0.3333333333333333
frequent_break,mappo_no_packet_context,42,13025,192,63,50,79,0.328125,0.2604166666666667,2.1,8.047619047619047,19.0,2.091666666666667,16,53,-18.255829435092704,0.2480575881937752,0.04854938271604939,0.7268571458337927,0.09643817468507872,0.12574972656629002,0.05150558949633357,0.09263161989942176,0.3617021276595745,0.25925925925925924,0.3409090909090909
frequent_break,mappo_no_packet_context,42,13026,192,40,69,83,0.20833333333333334,0.359375,1.3333333333333333,5.875,14.099999999999994,2.1416666666666666,17,123,-23.600221917154062,0.24090449438226377,0.049783950617283954,0.7077877140629577,0.22642515193211787,0.07452407571215619,0.05184860907094177,0.12531340606418004,0.22857142857142856,0.19230769230769232,0.17142857142857143
frequent_break,mappo_no_packet_context,42,13027,192,73,47,72,0.3802083333333333,0.24479166666666666,2.433333333333333,7.986301369863014,16.39999999999999,1.9027777777777777,13,87,-18.505557157248706,0.2821545641015661,0.0441358024691358,0.7260579706090273,0.1671302360350348,0.14349776842810896,0.052943477677790986,0.09231742787083344,0.4117647058823529,0.2545454545454545,0.4857142857142857
frequent_break,mappo_no_packet_context,42,13028,192,88,20,84,0.4583333333333333,0.10416666666666667,2.933333333333333,7.0227272727272725,13.0,1.9986111111111111,13,75,-11.107636444244386,0.2469798163276895,0.046635802469135804,0.7092805794697513,0.1419798270185267,0.18811919189628165,0.05296242801602649,0.03693598784543057,0.49056603773584906,0.3870967741935484,0.5
frequent_break,mappo_no_packet_context,42,13029,192,58,39,95,0.3020833333333333,0.203125,1.9333333333333333,10.241379310344827,22.0,2.3541666666666665,31,57,-19.971417288130574,0.3125813227424665,0.05487654320987654,0.7364244373007677,0.1133216745987644,0.11843600485628349,0.05312741595103479,0.07495703342065572,0.3125,0.20754716981132076,0.3953488372093023
frequent_break,mappo_no_packet_context,42,13030,192,62,66,64,0.3229166666666667,0.34375,2.066666666666667,7.17741935483871,15.0,1.7402777777777778,13,47,-19.691308856663,0.2214615101024879,0.04027777777777778,0.7532645806304513,0.09615005092946269,0.13794366581131284,0.060967231816737064,0.1383107687519452,0.308411214953271,0.2777777777777778,0.45161290322580644
frequent_break,mappo_no_packet_context,42,13031,192,78,25,89,0.40625,0.13020833333333334,2.6,8.461538461538462,19.0,2.2444444444444445,13,92,-14.115316979771144,0.2672103583465696,0.05225308641975309,0.7055039247884012,0.17066930460893306,0.16151715229501606,0.05197205090447688,0.046224507346798366,0.5157894736842106,0.3,0.2972972972972973
frequent_break,mappo_no_packet_context,42,13032,192,46,71,75,0.23958333333333334,0.3697916666666667,1.5333333333333334,6.391304347826087,13.75,1.9777777777777779,14,85,-22.804924651372456,0.25548430088339547,0.04589506172839507,0.7221395724190498,0.154961579098576,0.09211181691831843,0.052622914221308784,0.12743152258245138,0.26881720430107525,0.1935483870967742,0.24324324324324326
frequent_break,mappo_no_packet_context,42,13033,192,37,71,84,0.19270833333333334,0.3697916666666667,1.2333333333333334,7.054054054054054,13.199999999999996,2.3180555555555555,12,84,-25.706136581409197,0.30104360835489435,0.05373456790123456,0.7170807097706359,0.1540688117352204,0.07013239798843514,0.05181868760971144,0.12928438334398087,0.20430107526881722,0.23076923076923078,0.08823529411764706
frequent_break,mappo_no_packet_context,42,13034,192,52,46,94,0.2708333333333333,0.23958333333333334,1.7333333333333334,8.634615384615385,19.449999999999996,2.5416666666666665,14,107,-21.430560647789267,0.3044317180840758,0.05901234567901235,0.6993376025219955,0.19199985815697895,0.09452575102342904,0.049273207057123763,0.07938291770722111,0.2909090909090909,0.2391304347826087,0.25
frequent_break,mappo_no_packet_context,42,13035,192,51,64,77,0.265625,0.3333333333333333,1.7,6.7254901960784315,14.5,1.9305555555555556,28,50,-22.098266582706756,0.2599378373737866,0.04490740740740741,0.7427369786605263,0.1020714698384977,0.1080082449083997,0.05791390501167551,0.12959371940409092,0.23,0.2777777777777778,0.34210526315789475
frequent_break,mappo_no_packet_context,42,13036,192,55,51,86,0.2864583333333333,0.265625,1.8333333333333333,8.327272727272728,21.299999999999997,2.323611111111111,29,58,-19.28144511228795,0.24298048620546858,0.05391975308641975,0.7170811431157463,0.11178148047343095,0.11164771059120905,0.05354227777809358,0.096821437076855,0.27956989247311825,0.25806451612903225,0.35135135135135137
frequent_break,mappo_no_packet_context,42,13037,192,44,54,94,0.22916666666666666,0.28125,1.4666666666666666,9.295454545454545,19.700000000000003,2.4875,24,104,-23.904512200335713,0.32789889595310895,0.05780864197530865,0.7076673233070602,0.18551311709458837,0.08022551708074659,0.04950171984873089,0.09361792045767009,0.21518987341772153,0.1875,0.30612244897959184
frequent_break,mappo_no_packet_context,42,13038,192,84,25,83,0.4375,0.13020833333333334,2.8,7.916666666666667,15.0,2.1375,16,88,-12.956564645859853,0.24022015538368854,0.04969135802469136,0.7222287080106186,0.17699529586913487,0.17366605444778818,0.05220540286779466,0.04875520091077366,0.5319148936170213,0.3064516129032258,0.4166666666666667
frequent_break,mappo_no_packet_context,42,13039,192,56,61,75,0.2916666666666667,0.3177083333333333,1.8666666666666667,7.821428571428571,19.75,2.033333333333333,17,64,-21.445187349576884,0.2522939160252851,0.04712962962962962,0.7675328119382884,0.13718041490100313,0.12658760085230675,0.060700401597015494,0.13037231559290383,0.32323232323232326,0.23728813559322035,0.29411764705882354
frequent_break,mappo_no_packet_context,42,13040,192,75,40,77,0.390625,0.20833333333333334,2.5,8.16,15.299999999999997,2.0027777777777778,13,73,-17.864290986618,0.315539693756671,0.04651234567901235,0.719638875036861,0.14117900174014725,0.15354024830805013,0.0536891481972747,0.07819156992531605,0.36470588235294116,0.46774193548387094,0.3333333333333333
frequent_break,mappo_no_packet_context,42,13041,192,43,64,85,0.22395833333333334,0.3333333333333333,1.4333333333333333,9.069767441860465,18.799999999999997,2.3541666666666665,18,90,-25.103870125162988,0.32907438769734126,0.05456790123456791,0.7086510455872344,0.1634624063300534,0.08072928676643847,0.05176302599196289,0.11666561451391175,0.2087912087912088,0.23076923076923078,0.25
frequent_break,mappo_no_packet_context,42,13042,192,40,62,90,0.20833333333333334,0.3229166666666667,1.3333333333333333,8.825,17.0,2.438888888888889,16,104,-23.39452383017436,0.2555905861184568,0.05660493827160493,0.7180196428365335,0.2053945935099186,0.08447103406855727,0.05513380073722609,0.12114143610660637,0.2653061224489796,0.11538461538461539,0.19047619047619047
frequent_break,mappo_no_packet_context,42,13043,192,86,55,51,0.4479166666666667,0.2864583333333333,2.8666666666666667,6.755813953488372,12.75,1.6180555555555556,11,62,-16.068878270346737,0.23808861942091164,0.03716049382716049,0.7227260034241075,0.11486754058348486,0.16643584041803855,0.053655471575584715,0.10549094252267627,0.4574468085106383,0.43103448275862066,0.45
frequent_break,mappo_no_packet_context,42,13044,192,39,73,80,0.203125,0.3802083333333333,1.3,9.41025641025641,20.400000000000006,2.0694444444444446,16,98,-26.552018843566053,0.3188773707175037,0.048086419753086425,0.7176379172705798,0.177476844421588,0.07854695198112886,0.05661486808020845,0.14241943895009582,0.23469387755102042,0.18181818181818182,0.15384615384615385
frequent_break,mappo_no_packet_context,42,13045,192,75,49,68,0.390625,0.2552083333333333,2.5,7.066666666666666,17.0,1.8777777777777778,16,75,-16.577921285544107,0.2473808546262586,0.04345679012345679,0.7348125818456802,0.15184592640474995,0.16442884457590337,0.05692966273342537,0.09792016806722688,0.3645833333333333,0.4107142857142857,0.425
frequent_break,mappo_no_packet_context,42,13046,192,90,38,64,0.46875,0.19791666666666666,3.0,7.066666666666666,17.099999999999994,1.8305555555555555,13,60,-12.440260385974183,0.21832866322639113,0.04228395061728395,0.7145264031355821,0.11055373318918212,0.1850379940550219,0.05430906759864459,0.07389532781173648,0.4782608695652174,0.42857142857142855,0.5333333333333333
frequent_break,mappo_no_packet_context,42,13047,192,43,61,88,0.22395833333333334,0.3177083333333333,1.4333333333333333,8.953488372093023,19.699999999999996,2.290277777777778,20,101,-24.19895458919955,0.31479647552596257,0.05324074074074074,0.705877124072831,0.1820318975543434,0.0821080526227585,0.051074687364359814,0.10950322324161334,0.2222222222222222,0.20833333333333334,0.25
frequent_break,mappo_no_packet_context,42,13048,192,62,52,78,0.3229166666666667,0.2708333333333333,2.066666666666667,6.983870967741935,16.89999999999999,2.0541666666666667,12,83,-17.694643973903812,0.216869479480693,0.047685185185185185,0.6987355663222397,0.1517933946571718,0.11732294565885897,0.050423620697962274,0.09234045266166006,0.3684210526315789,0.2857142857142857,0.2682926829268293
frequent_break,mappo_no_packet_context,42,13049,192,40,79,73,0.20833333333333334,0.4114583333333333,1.3333333333333333,8.2,22.0,2.084722222222222,17,68,-26.525853892776812,0.2908332347834373,0.04820987654320987,0.7341389508074881,0.13707934208321204,0.07900817434486164,0.0572166712951827,0.1563016657405202,0.22641509433962265,0.14285714285714285,0.26666666666666666
frequent_break,mappo_no_packet_context,42,13050,192,75,47,70,0.390625,0.24479166666666666,2.5,5.52,12.299999999999997,1.7638888888888888,9,104,-14.248910382795314,0.19169653952428065,0.04098765432098765,0.6856715739770605,0.19004413815172333,0.1501944150047865,0.05099051906218032,0.08246108996495995,0.4,0.42105263157894735,0.325
frequent_break,mappo_no_packet_context,1024,13001,192,106,19,67,0.5520833333333334,0.09895833333333333,3.533333333333333,6.660377358490566,14.0,1.726388888888889,20,34,-7.841379246635837,0.2115973225107702,0.04006172839506173,0.7048601966874019,0.06528284466364961,0.21275159080112646,0.051169650440819024,0.03631607613805756,0.5887850467289719,0.4897959183673469,0.5277777777777778
frequent_break,mappo_no_packet_context,1024,13002,192,22,96,74,0.11458333333333333,0.5,0.7333333333333333,6.2727272727272725,12.0,2.0194444444444444,14,85,-31.137425082494833,0.32291200889578797,0.046790123456790116,0.7373611146569482,0.15689442151129457,0.04272549460629956,0.0558300869228595,0.17868930032242725,0.16494845360824742,0.05660377358490566,0.07142857142857142
frequent_break,mappo_no_packet_context,1024,13003,192,88,37,67,0.4583333333333333,0.19270833333333334,2.933333333333333,6.9772727272727275,14.0,1.7805555555555554,13,71,-13.165290491789294,0.23131711246447095,0.04126543209876544,0.6911421617871388,0.12738943932980815,0.16827844697965172,0.05016565479951391,0.06750245898465711,0.4791666666666667,0.3709677419354839,0.5588235294117647
frequent_break,mappo_no_packet_context,1024,13004,192,74,56,62,0.3854166666666667,0.2916666666666667,2.466666666666667,6.527027027027027,12.0,1.6277777777777778,7,68,-16.277059740597263,0.20992143768034002,0.03771604938271604,0.7017154162586038,0.12515161939310546,0.14763057705395166,0.054287617158734675,0.10820937060875142,0.4523809523809524,0.2833333333333333,0.3958333333333333
frequent_break,mappo_no_packet_context,1024,13005,192,76,34,82,0.3958333333333333,0.17708333333333334,2.533333333333333,7.842105263157895,16.25,2.1458333333333335,17,62,-15.555287030032535,0.2727561846227277,0.04984567901234568,0.710215063291054,0.11536908038069028,0.14986064488773468,0.0508468530762863,0.0611660482906613,0.4117647058823529,0.37681159420289856,0.39473684210526316
frequent_break,mappo_no_packet_context,1024,13006,192,95,52,45,0.4947916666666667,0.2708333333333333,3.1666666666666665,4.968421052631579,12.0,1.2055555555555555,8,50,-12.055915520223243,0.17931723204774772,0.02780864197530864,0.7472950368229682,0.10230707172657635,0.20740444840677044,0.06021529767130448,0.10748906966786224,0.5252525252525253,0.43103448275862066,0.5142857142857142
frequent_break,mappo_no_packet_context,1024,13007,192,88,42,62,0.4583333333333333,0.21875,2.933333333333333,7.181818181818182,17.0,1.6847222222222222,10,38,-12.70940061011563,0.2127544186917421,0.038981481481481485,0.73177997869953,0.07764589083087535,0.1907758081558391,0.058497529251463426,0.08699488949875946,0.48514851485148514,0.41818181818181815,0.4444444444444444
frequent_break,mappo_no_packet_context,1024,13008,192,24,100,68,0.125,0.5208333333333334,0.8,5.083333333333333,12.699999999999996,2.0541666666666667,15,82,-31.881028486750512,0.31319149931029494,0.04737654320987654,0.7637606281838962,0.15942508357369037,0.04743793716316936,0.05892861499296223,0.19341294885025534,0.08849557522123894,0.17391304347826086,0.18181818181818182
frequent_break,mappo_no_packet_context,1024,13009,192,19,91,82,0.09895833333333333,0.4739583333333333,0.6333333333333333,5.473684210526316,15.199999999999996,2.147222222222222,14,102,-31.48490008917747,0.31446081110236584,0.04987654320987655,0.7508689773057828,0.1959896394455218,0.03955960161842515,0.05740661783087515,0.17694037444037444,0.10101010101010101,0.1,0.09090909090909091
frequent_break,mappo_no_packet_context,1024,13010,192,79,33,80,0.4114583333333333,0.171875,2.6333333333333333,8.886075949367088,18.0,2.1694444444444443,13,85,-15.148553290465307,0.2703506388280004,0.05030864197530865,0.7005242599400865,0.16503812636165574,0.16073412698412695,0.05167101751443207,0.06369281045751635,0.4945054945054945,0.323943661971831,0.36666666666666664
frequent_break,mappo_no_packet_context,1024,13011,192,124,9,59,0.6458333333333334,0.046875,4.133333333333334,6.112903225806452,11.849999999999994,1.5527777777777778,9,40,-3.8537793800648243,0.21522898161204837,0.03595679012345679,0.7026664727454611,0.07538488410055914,0.2591039785172576,0.05182527051378384,0.015540057874153985,0.6708860759493671,0.6440677966101694,0.6111111111111112
frequent_break,mappo_no_packet_context,1024,13012,192,38,48,106,0.19791666666666666,0.25,1.2666666666666666,7.631578947368421,17.599999999999994,2.751388888888889,16,139,-22.45110274178926,0.28574464458617194,0.0640432098765432,0.6799243263134264,0.24325387235469345,0.07196552887493794,0.04784672077217352,0.08096216347528773,0.1875,0.15517241379310345,0.2894736842105263
frequent_break,mappo_no_packet_context,1024,13013,192,75,57,60,0.390625,0.296875,2.5,7.12,14.0,1.6180555555555556,16,56,-16.703296985150363,0.21800423107654984,0.037438271604938275,0.7491970457850177,0.11172628498092893,0.16565136445941395,0.06050700144781487,0.11856498334826508,0.4772727272727273,0.3076923076923077,0.3333333333333333
frequent_break,mappo_no_packet_context,1024,13014,192,60,67,65,0.3125,0.3489583333333333,2.0,7.85,15.099999999999994,1.9430555555555555,18,70,-20.991111495858636,0.2454569519170425,0.0448148148148148,0.7152423007666855,0.13178831474110111,0.11229212737726667,0.05299558074780354,0.12685039805395842,0.3563218390804598,0.20967741935483872,0.37209302325581395
frequent_break,mappo_no_packet_context,1024,13015,192,76,41,75,0.3958333333333333,0.21354166666666666,2.533333333333333,8.368421052631579,18.0,1.9569444444444444,13,64,-16.364249316951692,0.25670042581965413,0.0454320987654321,0.7334726197685785,0.12040632627319935,0.15190936256725732,0.05277502916163893,0.08007625973957241,0.44660194174757284,0.2962962962962963,0.4
frequent_break,mappo_no_packet_context,1024,13016,192,108,26,58,0.5625,0.13541666666666666,3.6,7.2407407407407405,15.0,1.65,13,38,-9.001771919626691,0.23393510105738632,0.03808641975308642,0.7149678138279995,0.07106915573246844,0.22048639226270803,0.05397807504829963,0.04976603304389682,0.5934065934065934,0.5076923076923077,0.5833333333333334
frequent_break,mappo_no_packet_context,1024,13017,192,71,66,55,0.3697916666666667,0.34375,2.3666666666666667,6.633802816901408,13.0,1.5694444444444444,9,71,-18.45111715019678,0.21452842815164339,0.03620370370370371,0.7236896924846596,0.1319475977525513,0.13817716267793664,0.056118401724336485,0.12702698330794304,0.40425531914893614,0.32727272727272727,0.3488372093023256
frequent_break,mappo_no_packet_context,1024,13018,192,26,99,67,0.13541666666666666,0.515625,0.8666666666666667,5.653846153846154,13.75,1.9125,16,91,-29.52233588421252,0.2936978853371433,0.04419753086419754,0.7222298607632761,0.1621455953460597,0.045129300524037366,0.053128806998614435,0.1732118118379728,0.15384615384615385,0.08064516129032258,0.1794871794871795
frequent_break,mappo_no_packet_context,1024,13019,192,84,36,72,0.4375,0.1875,2.8,7.976190476190476,16.849999999999994,1.9777777777777779,16,51,-13.707585968971266,0.2463926292148164,0.045802469135802465,0.723846623638755,0.10019277391568412,0.17641075313288937,0.0538433158480431,0.06968011792702195,0.46808510638297873,0.3793103448275862,0.45
frequent_break,mappo_no_packet_context,1024,13020,192,36,76,80,0.1875,0.3958333333333333,1.2,9.166666666666666,17.25,2.327777777777778,19,104,-27.521993406471765,0.32370839174191146,0.05382716049382716,0.7175766115622078,0.1922786746277458,0.0662244868707717,0.05346788005094338,0.14024390255427405,0.18604651162790697,0.15,0.2391304347826087
frequent_break,mappo_no_packet_context,1024,13021,192,43,59,90,0.22395833333333334,0.3072916666666667,1.4333333333333333,8.0,18.9,2.5819444444444444,15,124,-22.468113032523323,0.2603817509184015,0.05978395061728394,0.6870465202622016,0.220563139697781,0.07783729905347886,0.049081156461414574,0.10192939203102078,0.26595744680851063,0.14,0.22916666666666666
frequent_break,mappo_no_packet_context,1024,13022,192,58,70,64,0.3020833333333333,0.3645833333333333,1.9333333333333333,7.155172413793103,15.0,1.8152777777777778,16,59,-21.625804696319037,0.2473133150757935,0.04194444444444445,0.7337287911308294,0.11201310986914705,0.11502954132211098,0.05711057470070908,0.13753614677376289,0.297029702970297,0.25,0.4
frequent_break,mappo_no_packet_context,1024,13023,192,74,30,88,0.3854166666666667,0.15625,2.466666666666667,9.378378378378379,18.349999999999994,2.404166666666667,15,84,-16.209930391334296,0.284811155254869,0.0557716049382716,0.6839180241224376,0.1491822410475661,0.13516208035170882,0.04718839590201014,0.052356217340737456,0.43434343434343436,0.3548387096774194,0.2903225806451613
frequent_break,mappo_no_packet_context,1024,13024,192,63,77,52,0.328125,0.4010416666666667,2.1,6.7936507936507935,16.799999999999997,1.6833333333333333,10,60,-21.29281540879857,0.2358292333809041,0.038641975308641975,0.7452960517065313,0.10977516205844377,0.12383259069791577,0.056459507298616825,0.14521693619990833,0.38202247191011235,0.28125,0.28205128205128205
frequent_break,mappo_no_packet_context,1024,13025,192,58,55,79,0.3020833333333333,0.2864583333333333,1.9333333333333333,7.741379310344827,16.15,2.0388888888888888,12,77,-19.12524116752003,0.23546027875092038,0.04737654320987654,0.7202950954610213,0.13777215617772892,0.10949069706809643,0.05007652772961893,0.09520914399784368,0.3404255319148936,0.16666666666666666,0.38636363636363635
frequent_break,mappo_no_packet_context,1024,13026,192,44,73,75,0.22916666666666666,0.3802083333333333,1.4666666666666666,5.0,9.0,1.9472222222222222,13,107,-23.01566846263096,0.2184979003137972,0.04521604938271604,0.7259093233938863,0.19911187281930315,0.08372196831949154,0.05354757288723935,0.13591517601192524,0.22857142857142856,0.19230769230769232,0.2857142857142857
frequent_break,mappo_no_packet_context,1024,13027,192,76,44,72,0.3958333333333333,0.22916666666666666,2.533333333333333,7.657894736842105,13.0,1.9305555555555556,12,71,-17.270430780569406,0.2788259477578365,0.04475308641975308,0.7184199267620606,0.1431848207119105,0.15541193670450634,0.054298285706579213,0.08929986322014184,0.4411764705882353,0.2909090909090909,0.42857142857142855
frequent_break,mappo_no_packet_context,1024,13028,192,94,19,79,0.4895833333333333,0.09895833333333333,3.1333333333333333,6.702127659574468,14.0,1.8208333333333333,13,64,-9.805661730578532,0.22643666891879627,0.04253086419753087,0.7034028682357103,0.11679465443397331,0.19104663725793758,0.05116703878436857,0.03415511818762593,0.5283018867924528,0.41935483870967744,0.5
frequent_break,mappo_no_packet_context,1024,13029,192,52,45,95,0.2708333333333333,0.234375,1.7333333333333334,8.596153846153847,19.89999999999999,2.345833333333333,27,93,-20.755186036339293,0.2978615384397786,0.05469135802469137,0.7302014317234147,0.16910467073645158,0.10757295498108527,0.05191112362256952,0.0806290286380137,0.2604166666666667,0.24528301886792453,0.32558139534883723
frequent_break,mappo_no_packet_context,1024,13030,192,66,61,65,0.34375,0.3177083333333333,2.2,6.606060606060606,15.75,1.6736111111111112,12,64,-18.682918031263355,0.22047011513540787,0.03882716049382716,0.7441606903581732,0.13076528362132078,0.14129216958938323,0.05899823754524211,0.12484160218293344,0.29906542056074764,0.2962962962962963,0.5806451612903226
frequent_break,mappo_no_packet_context,1024,13031,192,78,31,83,0.40625,0.16145833333333334,2.6,8.371794871794872,19.14999999999999,2.165277777777778,18,118,-14.919174635859928,0.2622431916912838,0.050308641975308634,0.6926185626006099,0.20621915852179012,0.15249462282357015,0.04978678266791505,0.05363658514974304,0.5473684210526316,0.23333333333333334,0.32432432432432434
frequent_break,mappo_no_packet_context,1024,13032,192,52,73,67,0.2708333333333333,0.3802083333333333,1.7333333333333334,6.346153846153846,15.349999999999987,2.073611111111111,20,84,-20.998568134030553,0.20750085627825982,0.04777777777777778,0.725035747809509,0.15994169762998003,0.10835231995162671,0.05480382087995358,0.13547361850918857,0.2903225806451613,0.1774193548387097,0.3783783783783784
frequent_break,mappo_no_packet_context,1024,13033,192,37,71,84,0.19270833333333334,0.3697916666666667,1.2333333333333334,9.216216216216216,21.799999999999983,2.5180555555555557,15,75,-25.754160250228235,0.30226812057915786,0.058179012345679,0.723928582396579,0.1430985315853737,0.07418901546223527,0.053136969938893754,0.13107050715022853,0.24731182795698925,0.16923076923076924,0.08823529411764706
frequent_break,mappo_no_packet_context,1024,13034,192,46,49,97,0.23958333333333334,0.2552083333333333,1.5333333333333334,7.826086956521739,19.0,2.5180555555555557,17,106,-21.318863872318925,0.270855651408899,0.05858024691358024,0.6937649949764577,0.18703038791274082,0.082942978360935,0.0479950048221198,0.08485341398654091,0.2636363636363636,0.15217391304347827,0.2777777777777778
frequent_break,mappo_no_packet_context,1024,13035,192,58,64,70,0.3020833333333333,0.3333333333333333,1.9333333333333333,7.948275862068965,20.0,1.9319444444444445,26,49,-21.208790205898275,0.25495877572800135,0.044722222222222226,0.7462418748322536,0.1004218439512557,0.12317786516315926,0.05903386850417337,0.13173507864684333,0.27,0.3333333333333333,0.34210526315789475
frequent_break,mappo_no_packet_context,1024,13036,192,59,49,84,0.3072916666666667,0.2552083333333333,1.9666666666666666,7.372881355932203,18.19999999999999,2.172222222222222,23,56,-18.186745103378772,0.23243322837765082,0.05049382716049382,0.7241275685263112,0.10695074504672028,0.12111150402172075,0.053318414757334856,0.09341688998422744,0.34408602150537637,0.25806451612903225,0.2972972972972973
frequent_break,mappo_no_packet_context,1024,13037,192,41,57,94,0.21354166666666666,0.296875,1.3666666666666667,8.585365853658537,18.0,2.5430555555555556,22,93,-24.04360982569836,0.315601484724236,0.059043209876543205,0.7087531848575829,0.1656759591557343,0.07795034080301275,0.05041122331726848,0.10098269162275084,0.17721518987341772,0.203125,0.2857142857142857
frequent_break,mappo_no_packet_context,1024,13038,192,90,22,80,0.46875,0.11458333333333333,3.0,8.411111111111111,16.549999999999997,2.161111111111111,14,76,-13.00769478000312,0.27678238933618765,0.05012345679012345,0.7204664020209047,0.14970825757203465,0.1808979966255508,0.05099677799133134,0.041615067079463365,0.5106382978723404,0.4032258064516129,0.4722222222222222
frequent_break,mappo_no_packet_context,1024,13039,192,58,61,73,0.3020833333333333,0.3177083333333333,1.9333333333333333,7.120689655172414,18.15,1.9625,13,56,-20.338249211840026,0.22775418712658266,0.04549382716049382,0.7598460356476368,0.11830466374584023,0.13013891881538941,0.060678702084855846,0.13220920419449828,0.35353535353535354,0.2542372881355932,0.23529411764705882
frequent_break,mappo_no_packet_context,1024,13040,192,79,44,69,0.4114583333333333,0.22916666666666666,2.6333333333333333,8.265822784810126,14.099999999999994,2.0236111111111112,12,64,-17.107206590905072,0.29834415665590924,0.04672839506172839,0.7175080748820711,0.12320902953255893,0.16040030460309093,0.053219636147101124,0.08329807461773406,0.3764705882352941,0.43548387096774194,0.4444444444444444
frequent_break,mappo_no_packet_context,1024,13041,192,42,65,85,0.21875,0.3385416666666667,1.4,8.833333333333334,18.0,2.2930555555555556,15,113,-25.166902444998637,0.3300142481744424,0.053209876543209876,0.6919353015663202,0.19829919192148296,0.07826466934052073,0.05066619828797647,0.11607491422119902,0.23076923076923078,0.2153846153846154,0.19444444444444445
frequent_break,mappo_no_packet_context,1024,13042,192,34,67,91,0.17708333333333334,0.3489583333333333,1.1333333333333333,8.235294117647058,18.349999999999998,2.254166666666667,16,78,-26.194547294255056,0.298311505280514,0.05253086419753086,0.7434891482154095,0.15752016888626794,0.07117128227809341,0.056463909337672806,0.13313147278704554,0.19387755102040816,0.11538461538461539,0.21428571428571427
frequent_break,mappo_no_packet_context,1024,13043,192,85,48,59,0.4427083333333333,0.25,2.8333333333333335,7.247058823529412,15.799999999999997,1.7277777777777779,8,73,-15.777193994581413,0.2427322108105322,0.03984567901234568,0.718445213651287,0.12736626333762557,0.15893284132448215,0.05234764608477408,0.08961638550647838,0.46808510638297873,0.3620689655172414,0.5
frequent_break,mappo_no_packet_context,1024,13044,192,32,70,90,0.16666666666666666,0.3645833333333333,1.0666666666666667,8.59375,18.349999999999998,2.2055555555555557,19,104,-27.524776856390346,0.33553086216306005,0.05141975308641976,0.7143370224805232,0.19399725689973363,0.06573889746877364,0.054799421920059974,0.13542789368640762,0.17346938775510204,0.16363636363636364,0.15384615384615385
frequent_break,mappo_no_packet_context,1024,13045,192,79,47,66,0.4114583333333333,0.24479166666666666,2.6333333333333333,6.8734177215189876,16.0,1.898611111111111,16,65,-15.835112967887527,0.2423191833487938,0.04385802469135803,0.7437906808943444,0.13060922794668925,0.16678239230096814,0.05466825157950888,0.09025613461758972,0.3854166666666667,0.42857142857142855,0.45
frequent_break,mappo_no_packet_context,1024,13046,192,86,38,68,0.4479166666666667,0.19791666666666666,2.8666666666666667,6.627906976744186,14.0,1.8819444444444444,13,70,-12.895838050111877,0.20944710225211952,0.04354938271604938,0.7185160048153141,0.13538760560045388,0.18064043011798428,0.05486611246381519,0.07751669268697133,0.4891304347826087,0.38571428571428573,0.4666666666666667
frequent_break,mappo_no_packet_context,1024,13047,192,40,60,92,0.20833333333333334,0.3125,1.3333333333333333,8.175,16.049999999999997,2.313888888888889,19,110,-24.441078135663158,0.30084120129424036,0.05388888888888888,0.7160496820522246,0.20169910069290878,0.07725271575116775,0.051812071222488855,0.11085492766607317,0.2222222222222222,0.1875,0.19444444444444445
frequent_break,mappo_no_packet_context,1024,13048,192,72,50,70,0.375,0.2604166666666667,2.4,7.833333333333333,18.0,2.013888888888889,13,88,-16.65953986363819,0.2270057374892687,0.046543209876543215,0.6995660956279257,0.16219503505797087,0.13746474781506415,0.05064903353858055,0.08936011375740814,0.4,0.32142857142857145,0.3902439024390244
frequent_break,mappo_no_packet_context,1024,13049,192,43,74,75,0.22395833333333334,0.3854166666666667,1.4333333333333333,8.44186046511628,20.9,2.033333333333333,15,74,-25.30488786364742,0.27801885561052103,0.04712962962962962,0.7380966279997196,0.150789876904428,0.08562717754668217,0.057397623481853614,0.14704100308589474,0.24528301886792453,0.17857142857142858,0.23333333333333334
frequent_break,mappo_no_packet_context,1024,13050,192,75,45,72,0.390625,0.234375,2.5,5.64,11.299999999999997,1.7861111111111112,11,112,-14.774343592186263,0.20230865139121643,0.041543209876543204,0.6873387547525248,0.19982149041039873,0.14544027690749997,0.05008366702621051,0.0795867060505639,0.4,0.43859649122807015,0.3
frequent_break,mappo_flat_critic,7,13001,192,109,15,68,0.5677083333333334,0.078125,3.6333333333333333,7.486238532110092,15.599999999999994,1.7722222222222221,22,16,-6.816479609518932,0.22251285581863195,0.04111111111111111,0.704051274486399,0.02927393269498533,0.22382071947087426,0.05190479503230066,0.028192388966382775,0.6074766355140186,0.4897959183673469,0.5555555555555556
frequent_break,mappo_flat_critic,7,13002,192,24,96,72,0.125,0.5,0.8,6.166666666666667,12.0,2.084722222222222,11,67,-29.78990097971197,0.29029061807642564,0.04817901234567902,0.7389586240718254,0.12308981194817108,0.046443129883532365,0.056276750459943195,0.17866209083314347,0.17525773195876287,0.03773584905660377,0.11904761904761904
frequent_break,mappo_flat_critic,7,13003,192,83,49,60,0.4322916666666667,0.2552083333333333,2.7666666666666666,6.216867469879518,12.0,1.6527777777777777,12,39,-13.550212818501727,0.19574224573822016,0.03820987654320988,0.7046220304640838,0.07112640856448907,0.16102391688691997,0.05112273285810736,0.0878814385935129,0.5,0.2903225806451613,0.5
frequent_break,mappo_flat_critic,7,13004,192,82,49,61,0.4270833333333333,0.2552083333333333,2.7333333333333334,6.426829268292683,12.0,1.5694444444444444,8,22,-14.344667139411246,0.21676278113690575,0.03638888888888889,0.7082971670217367,0.042022421879233024,0.1612501480574236,0.05353605666199897,0.09343765081381179,0.44047619047619047,0.35,0.5
frequent_break,mappo_flat_critic,7,13005,192,76,34,82,0.3958333333333333,0.17708333333333334,2.533333333333333,7.894736842105263,15.25,2.1847222222222222,15,12,-15.031305713281418,0.26619593819500953,0.05070987654320988,0.7343301986518844,0.023361508346028473,0.15426931298835325,0.05144176974268052,0.06291836617688013,0.4235294117647059,0.3333333333333333,0.4473684210526316
frequent_break,mappo_flat_critic,7,13006,192,92,53,47,0.4791666666666667,0.2760416666666667,3.066666666666667,5.434782608695652,16.0,1.4569444444444444,9,32,-12.29726397768534,0.1730165409639502,0.033456790123456794,0.75018397546568,0.06486487082462315,0.19707457804207032,0.057956548715934454,0.10520768275412237,0.5555555555555556,0.3793103448275862,0.42857142857142855
frequent_break,mappo_flat_critic,7,13007,192,89,43,60,0.4635416666666667,0.22395833333333334,2.966666666666667,6.955056179775281,14.0,1.6541666666666666,15,21,-12.457679415666233,0.21031626179380533,0.03824074074074075,0.732269166029657,0.03945996527265876,0.18899562569067213,0.05692375809792497,0.08630971281900074,0.45544554455445546,0.45454545454545453,0.5
frequent_break,mappo_flat_critic,7,13008,192,26,93,73,0.13541666666666666,0.484375,0.8666666666666667,4.884615384615385,11.0,2.1,15,38,-29.881745063370452,0.29145921628196414,0.04854938271604938,0.7669873661011813,0.07947884416924665,0.05250816993464053,0.06068136854631875,0.18265909872721015,0.09734513274336283,0.21739130434782608,0.15151515151515152
frequent_break,mappo_flat_critic,7,13009,192,18,94,80,0.09375,0.4895833333333333,0.6,5.0,12.299999999999997,2.1638888888888888,11,62,-31.33028353182633,0.3171996216882335,0.05018518518518519,0.7337690083819356,0.117534289469274,0.0362369567710125,0.05663783947998611,0.18170689103351648,0.09090909090909091,0.1,0.09090909090909091
frequent_break,mappo_flat_critic,7,13010,192,71,44,77,0.3697916666666667,0.22916666666666666,2.3666666666666667,8.732394366197184,17.5,2.223611111111111,19,28,-16.102903293392277,0.23911903592142783,0.05141975308641976,0.7159611239966835,0.05711484593837536,0.1454256887190324,0.05282159035562289,0.0863371459694989,0.4835164835164835,0.23943661971830985,0.3333333333333333
frequent_break,mappo_flat_critic,7,13011,192,122,13,57,0.6354166666666666,0.06770833333333333,4.066666666666666,6.409836065573771,13.0,1.5722222222222222,10,12,-4.019602894922902,0.21310327256422754,0.03632716049382716,0.7032593995512684,0.021752604550592167,0.2578602662387492,0.052616005908167805,0.02315023670286828,0.6455696202531646,0.5423728813559322,0.7222222222222222
frequent_break,mappo_flat_critic,7,13012,192,45,45,102,0.234375,0.234375,1.5,9.422222222222222,19.0,2.7527777777777778,21,33,-20.292562880629436,0.27027993482170326,0.06395061728395061,0.6962180373653178,0.062273509084654594,0.08375585757551701,0.04853849512485935,0.07853623958887115,0.25,0.1896551724137931,0.2631578947368421
frequent_break,mappo_flat_critic,7,13013,192,75,60,57,0.390625,0.3125,2.5,6.68,15.299999999999997,1.6041666666666667,22,18,-15.629838372163157,0.18601163557006134,0.03703703703703704,0.7578675079597929,0.03707319770013269,0.16965001415852804,0.06089548371038501,0.12610771681592114,0.48863636363636365,0.27692307692307694,0.358974358974359
frequent_break,mappo_flat_critic,7,13014,192,60,69,63,0.3125,0.359375,2.0,7.083333333333333,17.0,1.9041666666666666,17,49,-20.8011503264134,0.2350977196073873,0.043888888888888894,0.7288371959570199,0.09728713122675972,0.11688578062804071,0.05478035932189302,0.1337901739643226,0.40229885057471265,0.16129032258064516,0.3488372093023256
frequent_break,mappo_flat_critic,7,13015,192,74,40,78,0.3854166666666667,0.20833333333333334,2.466666666666667,7.77027027027027,17.0,1.975,15,21,-15.265685650251672,0.23581796015438036,0.04592592592592591,0.7518228854170024,0.04002250315330811,0.1559340675091449,0.054939001609710485,0.07937788948237866,0.4174757281553398,0.35185185185185186,0.34285714285714286
frequent_break,mappo_flat_critic,7,13016,192,103,29,60,0.5364583333333334,0.15104166666666666,3.433333333333333,6.970873786407767,12.899999999999991,1.6569444444444446,13,21,-9.630831122876984,0.23013133306163988,0.03830246913580247,0.7138378384210721,0.0393932543777745,0.20926252912321028,0.0530055575415465,0.05434066406589626,0.5604395604395604,0.47692307692307695,0.5833333333333334
frequent_break,mappo_flat_critic,7,13017,192,69,63,60,0.359375,0.328125,2.3,6.028985507246377,10.599999999999994,1.6263888888888889,10,39,-17.621702149108273,0.1918430353643986,0.03762345679012346,0.7434776894246268,0.07642974328732843,0.14226136050052457,0.05875295804837366,0.1285354513334389,0.3829787234042553,0.36363636363636365,0.3023255813953488
frequent_break,mappo_flat_critic,7,13018,192,25,91,76,0.13020833333333334,0.4739583333333333,0.8333333333333334,5.64,12.599999999999994,2.0319444444444446,15,87,-28.967705284273645,0.28824266902618884,0.04712962962962964,0.7272321172255561,0.15847927528268088,0.046922801284256396,0.05448097523542629,0.16636469739410917,0.14285714285714285,0.08064516129032258,0.1794871794871795
frequent_break,mappo_flat_critic,7,13019,192,81,36,75,0.421875,0.1875,2.7,7.9753086419753085,19.0,1.926388888888889,16,20,-13.78176514649882,0.24323665745675935,0.04475308641975308,0.7253511082081984,0.039003657018362906,0.16728848264451981,0.052560573676246225,0.06959883368552099,0.4574468085106383,0.3448275862068966,0.45
frequent_break,mappo_flat_critic,7,13020,192,36,77,79,0.1875,0.4010416666666667,1.2,8.75,17.0,2.227777777777778,19,65,-26.8414767147818,0.3081396021520629,0.05157407407407408,0.7278065194857385,0.12008198601077856,0.06599687535833047,0.05335329145544063,0.14202789685374823,0.18604651162790697,0.13333333333333333,0.2608695652173913
frequent_break,mappo_flat_critic,7,13021,192,51,39,102,0.265625,0.203125,1.7,8.843137254901961,16.5,2.6958333333333333,15,51,-19.829903185104037,0.2943239875161337,0.06268518518518519,0.6958480313379346,0.09061567316985274,0.09420580336989005,0.04864087541012076,0.06701250303417484,0.19148936170212766,0.26,0.4166666666666667
frequent_break,mappo_flat_critic,7,13022,192,61,63,68,0.3177083333333333,0.328125,2.033333333333333,7.344262295081967,15.0,1.9069444444444446,17,24,-20.942223054067366,0.2774862081919042,0.044104938271604936,0.7238177648503824,0.04305201320294199,0.11617579960459218,0.055104623372927555,0.1208128973995847,0.3069306930693069,0.2857142857142857,0.4
frequent_break,mappo_flat_critic,7,13023,192,63,32,97,0.328125,0.16666666666666666,2.1,9.301587301587302,17.9,2.5375,19,46,-17.035360585139546,0.2816257640614244,0.05901234567901234,0.6763567202427975,0.08114482581974841,0.1144802477078019,0.04739263601906589,0.054411809380849635,0.3333333333333333,0.3387096774193548,0.2903225806451613
frequent_break,mappo_flat_critic,7,13024,192,62,72,58,0.3229166666666667,0.375,2.066666666666667,6.983870967741935,18.849999999999987,1.6805555555555556,18,36,-20.652965659515317,0.22836210601213378,0.03876543209876544,0.7626992386961393,0.067437650498796,0.12675428043462098,0.05722053595045154,0.14100354739286625,0.3595505617977528,0.296875,0.28205128205128205
frequent_break,mappo_flat_critic,7,13025,192,62,50,80,0.3229166666666667,0.2604166666666667,2.066666666666667,8.14516129032258,18.0,2.136111111111111,17,34,-18.437962397510667,0.24839336778320384,0.0495679012345679,0.7287821915885131,0.06402247448687078,0.12215911510803151,0.05167792051172174,0.0942529526430455,0.39361702127659576,0.2222222222222222,0.29545454545454547
frequent_break,mappo_flat_critic,7,13026,192,41,71,80,0.21354166666666666,0.3697916666666667,1.3666666666666667,5.634146341463414,13.0,2.084722222222222,13,103,-23.16401274350447,0.2330168794959459,0.048425925925925935,0.7122485155323138,0.1854488810409863,0.07719660671286058,0.05161618437797248,0.12819684944684945,0.22857142857142856,0.19230769230769232,0.2
frequent_break,mappo_flat_critic,7,13027,192,72,46,74,0.375,0.23958333333333334,2.4,8.25,17.0,1.8916666666666666,14,44,-17.71604290786921,0.27458411149286,0.04395061728395062,0.7249056384597669,0.09125892754762724,0.14602310514849215,0.05464032413141707,0.0933338657100267,0.39215686274509803,0.2727272727272727,0.4857142857142857
frequent_break,mappo_flat_critic,7,13028,192,91,21,80,0.4739583333333333,0.109375,3.033333333333333,7.054945054945055,13.5,1.9791666666666667,14,48,-10.272754098651802,0.22755448951753288,0.04608024691358025,0.7026782162630114,0.0858780529755762,0.18591767408717874,0.051214505708557,0.038102814225105246,0.5,0.3870967741935484,0.5833333333333334
frequent_break,mappo_flat_critic,7,13029,192,57,47,88,0.296875,0.24479166666666666,1.9,9.701754385964913,19.39999999999999,2.225,33,38,-19.98418381890375,0.2820887333419025,0.05179012345679013,0.7411414276299297,0.07295432207970907,0.11361593242785191,0.05267967731284053,0.08971047370815173,0.3020833333333333,0.22641509433962265,0.37209302325581395
frequent_break,mappo_flat_critic,7,13030,192,75,51,66,0.390625,0.265625,2.5,7.306666666666667,16.599999999999994,1.8111111111111111,17,18,-15.532897839408223,0.22567667125039553,0.04191358024691358,0.7603047070731963,0.033358326686500066,0.16790140672880607,0.0580559721118406,0.10086446161910559,0.38317757009345793,0.3148148148148148,0.5483870967741935
frequent_break,mappo_flat_critic,7,13031,192,78,25,89,0.40625,0.13020833333333334,2.6,9.076923076923077,18.14999999999999,2.316666666666667,13,51,-14.324829170206533,0.28132604522993404,0.053858024691358024,0.703818989887651,0.09637550830662286,0.1573720375771459,0.051310335730401266,0.04575514283331621,0.5052631578947369,0.31666666666666665,0.2972972972972973
frequent_break,mappo_flat_critic,7,13032,192,55,68,69,0.2864583333333333,0.3541666666666667,1.8333333333333333,7.181818181818182,17.299999999999997,1.9638888888888888,15,63,-20.35912459590673,0.22047747460154182,0.04540123456790124,0.7149934279914609,0.11819983622615202,0.1114244977015875,0.054240162690059567,0.12906366108378492,0.3225806451612903,0.1774193548387097,0.3783783783783784
frequent_break,mappo_flat_critic,7,13033,192,36,71,85,0.1875,0.3697916666666667,1.2,8.333333333333334,16.25,2.4,14,41,-25.048489115567822,0.2802895654495929,0.05558641975308643,0.7266859699110773,0.07594670909299392,0.06839872588711597,0.05227646760939916,0.13161420708634333,0.23655913978494625,0.16923076923076924,0.08823529411764706
frequent_break,mappo_flat_critic,7,13034,192,46,46,100,0.23958333333333334,0.23958333333333334,1.5333333333333334,9.065217391304348,19.0,2.6708333333333334,16,77,-21.49668537246406,0.29480376882576304,0.06206790123456791,0.7063147394715936,0.13377550940631439,0.08564097781590041,0.049464785084942925,0.07926054738748235,0.2636363636363636,0.1956521739130435,0.2222222222222222
frequent_break,mappo_flat_critic,7,13035,192,56,60,76,0.2916666666666667,0.3125,1.8666666666666667,7.446428571428571,16.25,1.8736111111111111,27,28,-20.58648079300871,0.24750879886143554,0.04361111111111111,0.7491654542838299,0.0581251047427518,0.12074077066724123,0.05909508450575205,0.12659131173837052,0.25,0.2777777777777778,0.42105263157894735
frequent_break,mappo_flat_critic,7,13036,192,52,47,93,0.2708333333333333,0.24479166666666666,1.7333333333333334,7.980769230769231,22.449999999999996,2.373611111111111,29,35,-19.55078076614567,0.26266747739423774,0.05524691358024692,0.7288037055833172,0.0650853645551788,0.1072251093419824,0.0532851679041954,0.08826523006863564,0.25806451612903225,0.27419354838709675,0.2972972972972973
frequent_break,mappo_flat_critic,7,13037,192,45,52,95,0.234375,0.2708333333333333,1.5,10.311111111111112,22.799999999999997,2.5444444444444443,27,50,-23.078522388444277,0.32816368159042714,0.059104938271604936,0.7157359284952792,0.08923537441928207,0.08587080980370791,0.05011258291377511,0.09242588479582017,0.24050632911392406,0.1875,0.2857142857142857
frequent_break,mappo_flat_critic,7,13038,192,84,26,82,0.4375,0.13541666666666666,2.8,7.428571428571429,15.849999999999994,2.0625,13,33,-12.172042174062621,0.23363075486386997,0.04799382716049383,0.7295721610729611,0.06510093106068338,0.1769516457055157,0.052749773727424745,0.05226548491641371,0.5319148936170213,0.24193548387096775,0.5277777777777778
frequent_break,mappo_flat_critic,7,13039,192,59,63,70,0.3072916666666667,0.328125,1.9666666666666666,7.762711864406779,18.099999999999994,1.948611111111111,15,28,-21.28380259526397,0.26268402703910343,0.045092592592592594,0.7680184531491799,0.062362876774641474,0.13361763508822333,0.062150241374147444,0.1376202147525677,0.3434343434343434,0.2542372881355932,0.29411764705882354
frequent_break,mappo_flat_critic,7,13040,192,78,39,75,0.40625,0.203125,2.6,8.282051282051283,14.0,2.0,15,27,-15.98069266158848,0.28565066587096943,0.04638888888888889,0.7356048686762368,0.05378762706162087,0.16536023946240663,0.05490932776673552,0.07829878240094958,0.38823529411764707,0.45161290322580644,0.37777777777777777
frequent_break,mappo_flat_critic,7,13041,192,38,66,88,0.19791666666666666,0.34375,1.2666666666666666,7.578947368421052,16.15,2.334722222222222,13,57,-25.290440518714032,0.3264713210176046,0.054228395061728385,0.7095699729612649,0.09916703709660364,0.0737585049968951,0.051944710278610105,0.12043239597806157,0.17582417582417584,0.23076923076923078,0.19444444444444445
frequent_break,mappo_flat_critic,7,13042,192,38,65,89,0.19791666666666666,0.3385416666666667,1.2666666666666666,8.973684210526315,20.299999999999997,2.4069444444444446,15,35,-23.937633426550615,0.2820741925724011,0.0558641975308642,0.7211392945272878,0.06707645338837288,0.07766393579474076,0.05384347515955788,0.1235570748767343,0.24489795918367346,0.11538461538461539,0.19047619047619047
frequent_break,mappo_flat_critic,7,13043,192,93,43,56,0.484375,0.22395833333333334,3.1,7.064516129032258,15.0,1.6527777777777777,10,14,-13.941288209270484,0.25176117767464307,0.038086419753086416,0.7230663851922302,0.026480089111668055,0.175041382049896,0.051625394346834406,0.08028515387261517,0.4787234042553192,0.46551724137931033,0.525
frequent_break,mappo_flat_critic,7,13044,192,38,63,91,0.19791666666666666,0.328125,1.2666666666666666,9.18421052631579,20.0,2.175,24,48,-25.61426451698307,0.32372811634876597,0.050771604938271604,0.7349989120261432,0.08918859649122805,0.07987091125249021,0.056776726471835993,0.12909519573993258,0.22448979591836735,0.16363636363636364,0.1794871794871795
frequent_break,mappo_flat_critic,7,13045,192,85,49,58,0.4427083333333333,0.2552083333333333,2.8333333333333335,6.7176470588235295,15.0,1.8097222222222222,13,16,-13.838591382726488,0.21774934193112702,0.041635802469135806,0.7505520432367526,0.03156803364620702,0.18473302067729314,0.05650019591631982,0.09622739446655854,0.4375,0.42857142857142855,0.475
frequent_break,mappo_flat_critic,7,13046,192,91,37,64,0.4739583333333333,0.19270833333333334,3.033333333333333,7.263736263736264,16.5,1.8541666666666667,12,21,-12.270710531452172,0.2293097245077175,0.04280864197530865,0.7247706171222419,0.03804924893934182,0.1861524323056831,0.054167833772969055,0.0711799845894273,0.5,0.4142857142857143,0.5333333333333333
frequent_break,mappo_flat_critic,7,13047,192,41,63,88,0.21354166666666666,0.328125,1.3666666666666667,9.439024390243903,21.0,2.3125,21,67,-24.730281686960712,0.3221520373325406,0.05373456790123458,0.7085427847543679,0.1251290883179428,0.07665147259574502,0.05123093325686641,0.1140428365350966,0.2037037037037037,0.20833333333333334,0.25
frequent_break,mappo_flat_critic,7,13048,192,67,52,73,0.3489583333333333,0.2708333333333333,2.2333333333333334,7.597014925373134,18.699999999999996,2.0027777777777778,16,62,-17.552401876981417,0.2295187523327283,0.04638888888888889,0.7144645494098671,0.1146394225119491,0.12727220687410484,0.05047046811209985,0.09389370342594196,0.37894736842105264,0.32142857142857145,0.3170731707317073
frequent_break,mappo_flat_critic,7,13049,192,40,75,77,0.20833333333333334,0.390625,1.3333333333333333,9.2,22.14999999999999,2.2125,20,46,-26.007105441028006,0.2809746911716299,0.05117283950617284,0.7511291034950788,0.09007158418923124,0.07977076300605714,0.057320840138694956,0.1526105626686122,0.24528301886792453,0.10714285714285714,0.26666666666666666
frequent_break,mappo_flat_critic,7,13050,192,74,46,72,0.3854166666666667,0.23958333333333334,2.466666666666667,6.027027027027027,14.699999999999989,1.7986111111111112,11,79,-15.216230986807084,0.21305105278763822,0.04182098765432098,0.695163326470667,0.14309899136524523,0.14374766673528283,0.05109405504090876,0.08344216155361667,0.3684210526315789,0.42105263157894735,0.375
frequent_break,mappo_flat_critic,42,13001,192,94,22,76,0.4895833333333333,0.11458333333333333,3.1333333333333333,7.5638297872340425,16.0,1.913888888888889,25,49,-10.376209976053165,0.23646593152952872,0.044506172839506176,0.7021681182767358,0.09206126017658525,0.19163866476946972,0.05090121048773435,0.04124684669189313,0.5327102803738317,0.40816326530612246,0.4722222222222222
frequent_break,mappo_flat_critic,42,13002,192,19,93,80,0.09895833333333333,0.484375,0.6333333333333333,6.0,9.0,2.220833333333333,15,87,-31.69815162589281,0.3452190084120656,0.05145061728395062,0.7352630893939858,0.15445673006044525,0.03710798646944158,0.05478656494702841,0.1702199888461498,0.13402061855670103,0.05660377358490566,0.07142857142857142
frequent_break,mappo_flat_critic,42,13003,192,75,39,78,0.390625,0.203125,2.5,6.4,11.0,1.9166666666666667,12,47,-14.4141943138407,0.2334133726816143,0.04462962962962962,0.7000442055530318,0.08078560371517027,0.1501499758697901,0.051212908543929216,0.0701777523875047,0.3854166666666667,0.4032258064516129,0.38235294117647056
frequent_break,mappo_flat_critic,42,13004,192,75,48,69,0.390625,0.25,2.5,6.48,13.899999999999991,1.6902777777777778,10,45,-15.692210632842302,0.23032753980877743,0.03932098765432099,0.7113635351585186,0.0840937767369656,0.15009605461617842,0.05342688112723467,0.09181912801107847,0.39285714285714285,0.38333333333333336,0.3958333333333333
frequent_break,mappo_flat_critic,42,13005,192,61,41,90,0.3177083333333333,0.21354166666666666,2.033333333333333,6.885245901639344,13.0,2.2527777777777778,16,90,-18.035292046553653,0.27174082762383883,0.05246913580246914,0.6921944378545001,0.1612101908812435,0.11953094735215478,0.049670274882472616,0.07160793769926894,0.3058823529411765,0.34782608695652173,0.2894736842105263
frequent_break,mappo_flat_critic,42,13006,192,79,60,53,0.4114583333333333,0.3125,2.6333333333333333,5.443037974683544,14.0,1.4777777777777779,8,52,-15.49052577918223,0.18983754323816304,0.03410493827160494,0.7434273537589053,0.10068401427147557,0.16534847977959427,0.05701977600343118,0.11618693383786263,0.43434343434343436,0.3620689655172414,0.42857142857142855
frequent_break,mappo_flat_critic,42,13007,192,77,49,66,0.4010416666666667,0.2552083333333333,2.566666666666667,6.805194805194805,13.400000000000006,1.7027777777777777,15,43,-15.212437333808415,0.21695493129215138,0.03950617283950617,0.742672083978754,0.0802914297031944,0.16591905600419535,0.05777736547538348,0.09859371121368025,0.4158415841584158,0.45454545454545453,0.2777777777777778
frequent_break,mappo_flat_critic,42,13008,192,26,98,68,0.13541666666666666,0.5104166666666666,0.8666666666666667,4.884615384615385,10.5,1.926388888888889,15,58,-30.465677989153377,0.2740933234343453,0.04453703703703703,0.7656514776559109,0.12395775449181022,0.05343137254901961,0.06259941458246056,0.19939258024397344,0.09734513274336283,0.1956521739130435,0.18181818181818182
frequent_break,mappo_flat_critic,42,13009,192,15,95,82,0.078125,0.4947916666666667,0.5,4.6,9.899999999999986,2.2083333333333335,12,106,-33.09185974236286,0.3498328761050624,0.051234567901234575,0.73099115247888,0.202120046849149,0.03085139318885449,0.0563687038062477,0.18119389568692978,0.0707070707070707,0.1,0.06060606060606061
frequent_break,mappo_flat_critic,42,13010,192,65,45,82,0.3385416666666667,0.234375,2.1666666666666665,8.169230769230769,17.799999999999997,2.2041666666666666,15,54,-17.58919961876403,0.2649795311995537,0.05114197530864197,0.7069525990425584,0.10684124527003783,0.1337358227141509,0.052554083138639296,0.08389261552574245,0.4065934065934066,0.29577464788732394,0.23333333333333334
frequent_break,mappo_flat_critic,42,13011,192,99,17,76,0.515625,0.08854166666666667,3.3,5.626262626262626,12.0,1.6944444444444444,10,65,-7.335809889247696,0.21132501024403233,0.03962962962962964,0.681539450365785,0.10959083775664068,0.20934413897026632,0.049862765761804484,0.02625619549532593,0.569620253164557,0.4915254237288136,0.46296296296296297
frequent_break,mappo_flat_critic,42,13012,192,41,49,102,0.21354166666666666,0.2552083333333333,1.3666666666666667,9.24390243902439,22.0,2.783333333333333,18,124,-21.851670435838678,0.2791035264194699,0.06462962962962962,0.6736268563118741,0.2123388558864397,0.07503233135350514,0.046981289882828986,0.08183355939514238,0.23958333333333334,0.1724137931034483,0.21052631578947367
frequent_break,mappo_flat_critic,42,13013,192,72,61,59,0.375,0.3177083333333333,2.4,6.708333333333333,12.900000000000006,1.5763888888888888,18,47,-16.93383431130184,0.2009362681327545,0.036481481481481476,0.7515852130463905,0.09121101364522417,0.158050655484866,0.059730044395838226,0.12521659383501488,0.4772727272727273,0.27692307692307694,0.3076923076923077
frequent_break,mappo_flat_critic,42,13014,192,53,65,74,0.2760416666666667,0.3385416666666667,1.7666666666666666,7.547169811320755,16.0,1.975,20,52,-21.55720898031042,0.24725346277632915,0.045802469135802465,0.7230007690442203,0.10132275132275131,0.10167964846757416,0.05405888435782109,0.12543333415237437,0.367816091954023,0.12903225806451613,0.3023255813953488
frequent_break,mappo_flat_critic,42,13015,192,66,48,78,0.34375,0.25,2.2,6.742424242424242,12.75,2.063888888888889,17,70,-16.869942177708023,0.22184651458055002,0.04790123456790122,0.7214161628471616,0.1280142884864247,0.13517268521525488,0.05371569744363986,0.09041338262700492,0.33980582524271846,0.35185185185185186,0.34285714285714286
frequent_break,mappo_flat_critic,42,13016,192,101,29,62,0.5260416666666666,0.15104166666666666,3.3666666666666667,6.8316831683168315,12.0,1.6444444444444444,15,35,-10.312333554004924,0.24001444239052747,0.03808641975308642,0.7068076788597939,0.06505637050141694,0.20373701819909257,0.05225655894963504,0.05454707029010433,0.5714285714285714,0.47692307692307695,0.5
frequent_break,mappo_flat_critic,42,13017,192,64,65,63,0.3333333333333333,0.3385416666666667,2.1333333333333333,6.359375,13.849999999999994,1.6902777777777778,11,63,-19.637430355266755,0.23338861316881004,0.039135802469135804,0.7233120088599565,0.11684259668779792,0.1282051912082872,0.05651348165408296,0.12780913359086732,0.3617021276595745,0.34545454545454546,0.2558139534883721
frequent_break,mappo_flat_critic,42,13018,192,23,98,71,0.11979166666666667,0.5104166666666666,0.7666666666666667,4.6521739130434785,11.899999999999999,1.9013888888888888,16,86,-28.973172423435866,0.2678405376594684,0.04407407407407407,0.7170475851584833,0.15427858862843383,0.04233807558110963,0.0545391220183271,0.17625767292562958,0.12087912087912088,0.08064516129032258,0.1794871794871795
frequent_break,mappo_flat_critic,42,13019,192,82,35,75,0.4270833333333333,0.18229166666666666,2.7333333333333334,8.25609756097561,18.950000000000003,1.9958333333333333,14,53,-14.27299933811981,0.2484864427542743,0.046296296296296294,0.7257151052937214,0.10345385522630104,0.1678878513127739,0.052102361142846526,0.06863015381591235,0.48936170212765956,0.3275862068965517,0.425
frequent_break,mappo_flat_critic,42,13020,192,33,76,83,0.171875,0.3958333333333333,1.1,8.878787878787879,17.0,2.3819444444444446,19,106,-28.423246633705087,0.34304665274702606,0.05512345679012347,0.7110539745155655,0.19589269891901473,0.059453591643994115,0.0523197349049299,0.13963290951681046,0.1744186046511628,0.15,0.1956521739130435
frequent_break,mappo_flat_critic,42,13021,192,40,43,109,0.20833333333333334,0.22395833333333334,1.3333333333333333,8.825,18.049999999999997,2.7319444444444443,18,104,-22.667842592559953,0.31409494616490186,0.06370370370370372,0.6918468244708156,0.18112687476918868,0.07251399748404727,0.04819959071708046,0.07429804633230398,0.18085106382978725,0.22,0.25
frequent_break,mappo_flat_critic,42,13022,192,52,66,74,0.2708333333333333,0.34375,1.7333333333333334,7.5,15.0,1.9833333333333334,12,60,-21.71949444794224,0.2562187108474567,0.04598765432098765,0.7160071591263242,0.1053165351733463,0.1004074767967957,0.05468418888051092,0.12362698103410176,0.27722772277227725,0.25,0.2857142857142857
frequent_break,mappo_flat_critic,42,13023,192,61,39,92,0.3177083333333333,0.203125,2.033333333333333,9.098360655737705,17.0,2.4833333333333334,13,90,-18.903856460369532,0.2939684360623165,0.05765432098765433,0.6732575552908195,0.15912550985306406,0.10817005749668288,0.047079912088022174,0.06660744999754288,0.3333333333333333,0.3064516129032258,0.2903225806451613
frequent_break,mappo_flat_critic,42,13024,192,54,78,60,0.28125,0.40625,1.8,6.425925925925926,15.399999999999977,1.676388888888889,14,47,-22.636816049878462,0.2430854016599347,0.038734567901234564,0.757577969542664,0.08859474289040853,0.10871547426887984,0.05638277084405991,0.14788610855948317,0.29213483146067415,0.265625,0.28205128205128205
frequent_break,mappo_flat_critic,42,13025,192,50,55,87,0.2604166666666667,0.2864583333333333,1.6666666666666667,8.36,19.0,2.3,17,52,-20.94919680503802,0.26355472333638763,0.05342592592592591,0.7224257650124027,0.09267941094566481,0.09437879830294689,0.049370738070555406,0.09804142709715465,0.2978723404255319,0.2037037037037037,0.25
frequent_break,mappo_flat_critic,42,13026,192,38,67,87,0.19791666666666666,0.3489583333333333,1.2666666666666666,5.2894736842105265,11.299999999999997,2.175,16,115,-23.217109433859843,0.2363316028659234,0.050648148148148144,0.7005465555318806,0.20973495831080965,0.07135606581814011,0.05087814946320161,0.12122878683637196,0.20952380952380953,0.17307692307692307,0.2
frequent_break,mappo_flat_critic,42,13027,192,67,42,83,0.3489583333333333,0.21875,2.2333333333333334,8.328358208955224,16.39999999999999,2.0875,18,57,-18.08898460377172,0.28193480195271625,0.048580246913580254,0.7200335655917368,0.11286037806935639,0.13432511016102344,0.05235330309459392,0.08149659278916244,0.37254901960784315,0.2545454545454545,0.42857142857142855
frequent_break,mappo_flat_critic,42,13028,192,83,19,90,0.4322916666666667,0.09895833333333333,2.7666666666666666,6.9879518072289155,13.0,2.0722222222222224,13,74,-11.245814443723058,0.23365731701630815,0.0484567901234568,0.6972084947451294,0.13274376151311137,0.1707940597414281,0.05061809391619853,0.03190552137920559,0.4528301886792453,0.3709677419354839,0.5
frequent_break,mappo_flat_critic,42,13029,192,52,41,99,0.2708333333333333,0.21354166666666666,1.7333333333333334,7.403846153846154,12.449999999999996,2.3666666666666667,31,70,-19.978075714356525,0.28251456936199454,0.05527777777777777,0.7365631307145721,0.12822194374825951,0.10583445951480007,0.05170813224829622,0.07588560862941668,0.25,0.2830188679245283,0.3023255813953488
frequent_break,mappo_flat_critic,42,13030,192,63,66,63,0.328125,0.34375,2.1,6.317460317460317,13.899999999999999,1.5875,12,45,-19.937402390742434,0.23187959948266512,0.03685185185185185,0.7447795381703475,0.09235414611188605,0.1356054367315977,0.0607980486093555,0.1387447345109884,0.2897196261682243,0.3333333333333333,0.45161290322580644
frequent_break,mappo_flat_critic,42,13031,192,73,25,94,0.3802083333333333,0.13020833333333334,2.433333333333333,8.794520547945206,20.0,2.3361111111111112,13,77,-14.508740628734975,0.2679703617182954,0.054444444444444434,0.6965771112636799,0.13996268108110213,0.1479203715387926,0.05065044197322002,0.04329668869142553,0.4842105263157895,0.3,0.24324324324324326
frequent_break,mappo_flat_critic,42,13032,192,46,72,74,0.23958333333333334,0.375,1.5333333333333334,5.369565217391305,11.5,1.9222222222222223,14,57,-21.24753128806124,0.20255687437922915,0.044629629629629616,0.7267695486276148,0.10600035628286401,0.09322954035415336,0.05318555216669354,0.13327307238684946,0.27956989247311825,0.1774193548387097,0.24324324324324326
frequent_break,mappo_flat_critic,42,13033,192,37,67,88,0.19270833333333334,0.3489583333333333,1.2333333333333334,7.702702702702703,16.799999999999983,2.363888888888889,15,68,-24.335585308665785,0.28637585647325026,0.054876543209876553,0.7001209396530718,0.12155087473585927,0.06895817188773844,0.05085077969037414,0.11968485347355315,0.17204301075268819,0.23076923076923078,0.17647058823529413
frequent_break,mappo_flat_critic,42,13034,192,49,46,97,0.2552083333333333,0.23958333333333334,1.6333333333333333,9.26530612244898,23.0,2.6222222222222222,14,83,-21.18855412345159,0.2987945170342768,0.06089506172839506,0.7018724846692292,0.14521379391735426,0.0918024171391044,0.04907909586019285,0.07874624730274886,0.2818181818181818,0.21739130434782608,0.2222222222222222
frequent_break,mappo_flat_critic,42,13035,192,45,70,77,0.234375,0.3645833333333333,1.5,6.377777777777778,12.799999999999997,1.975,26,39,-23.464624311049427,0.2439785300110446,0.04589506172839507,0.756949841609495,0.08290200268141444,0.09953395460748402,0.06131732253169382,0.14967020996432762,0.21,0.2777777777777778,0.23684210526315788
frequent_break,mappo_flat_critic,42,13036,192,48,50,94,0.25,0.2604166666666667,1.6,7.333333333333333,20.299999999999997,2.4097222222222223,25,43,-19.3733574932441,0.22628885641374177,0.056080246913580246,0.7181276606069795,0.08253718131427108,0.09753206459862805,0.05266907881039468,0.09442574195670171,0.26881720430107525,0.22580645161290322,0.24324324324324326
frequent_break,mappo_flat_critic,42,13037,192,45,56,91,0.234375,0.2916666666666667,1.5,8.6,15.0,2.334722222222222,24,91,-22.94695938284894,0.30989246802633363,0.05432098765432098,0.6941555227379708,0.15868852509096823,0.08112116708142418,0.048709102554226315,0.09505267273271041,0.21518987341772153,0.171875,0.3469387755102041
frequent_break,mappo_flat_critic,42,13038,192,74,27,91,0.3854166666666667,0.140625,2.466666666666667,8.08108108108108,16.0,2.2305555555555556,19,66,-15.618492051826419,0.28456440648160264,0.05200617283950617,0.7233451210119305,0.13142609067918665,0.14914362469316028,0.050696782674261746,0.049853424725715745,0.46808510638297873,0.25806451612903225,0.3888888888888889
frequent_break,mappo_flat_critic,42,13039,192,48,68,76,0.25,0.3541666666666667,1.6,7.4375,19.0,2.0555555555555554,15,58,-23.633826149012528,0.2662452353423425,0.04765432098765432,0.7594065619494883,0.12118332375685317,0.10808698926345986,0.06071132958775124,0.144794206338324,0.2828282828282828,0.22033898305084745,0.20588235294117646
frequent_break,mappo_flat_critic,42,13040,192,77,45,70,0.4010416666666667,0.234375,2.566666666666667,8.155844155844155,15.0,1.9930555555555556,17,53,-17.198554701147568,0.2836726824407171,0.046080246913580244,0.7122252011477496,0.10038056743165104,0.15272073156748076,0.053068393615857926,0.08834709322325421,0.4,0.43548387096774194,0.35555555555555557
frequent_break,mappo_flat_critic,42,13041,192,34,66,92,0.17708333333333334,0.34375,1.1333333333333333,8.588235294117647,18.049999999999994,2.3819444444444446,18,86,-26.915457997235503,0.3507841094076446,0.05540123456790124,0.7050353580526035,0.15781971268039377,0.06479139024030663,0.05151995457828636,0.12121299981981096,0.17582417582417584,0.18461538461538463,0.16666666666666666
frequent_break,mappo_flat_critic,42,13042,192,36,63,93,0.1875,0.328125,1.2,8.694444444444445,22.0,2.3430555555555554,17,73,-24.944167929358848,0.2881458990648602,0.0545679012345679,0.7227483370108325,0.14582471292610608,0.07286049305012153,0.05557982720794048,0.12464796827412926,0.22448979591836735,0.1346153846153846,0.16666666666666666
frequent_break,mappo_flat_critic,42,13043,192,80,47,65,0.4166666666666667,0.24479166666666666,2.6666666666666665,7.1125,13.049999999999997,1.7444444444444445,9,57,-16.189916201070066,0.2614489598676116,0.04040123456790123,0.7017653238959282,0.09871617360394451,0.1503009330075557,0.05095535406751763,0.08538717989333817,0.40425531914893614,0.4482758620689655,0.4
frequent_break,mappo_flat_critic,42,13044,192,31,79,82,0.16145833333333334,0.4114583333333333,1.0333333333333334,7.258064516129032,15.0,1.9972222222222222,14,88,-27.450889592014523,0.30139542641675016,0.04654320987654321,0.7311722744463844,0.1609305387594861,0.06483357042567568,0.05635396045216614,0.1513295792901056,0.1836734693877551,0.18181818181818182,0.07692307692307693
frequent_break,mappo_flat_critic,42,13045,192,70,52,70,0.3645833333333333,0.2708333333333333,2.3333333333333335,6.371428571428571,14.099999999999994,1.8458333333333334,13,69,-17.16975417118563,0.24406427869411054,0.04280864197530864,0.7284975930330354,0.13356250102380135,0.14960655601135475,0.05511007533202693,0.09837737726669614,0.28125,0.4642857142857143,0.425
frequent_break,mappo_flat_critic,42,13046,192,80,43,69,0.4166666666666667,0.22395833333333334,2.6666666666666665,6.375,13.149999999999991,1.8625,12,35,-13.55035105417625,0.21073203447511346,0.043148148148148144,0.7173014496759972,0.06259947253755302,0.16603151922037374,0.053631674468021445,0.08097853356367288,0.43478260869565216,0.38571428571428573,0.43333333333333335
frequent_break,mappo_flat_critic,42,13047,192,40,59,93,0.20833333333333334,0.3072916666666667,1.3333333333333333,8.15,17.0,2.3472222222222223,16,92,-23.55258836827262,0.2923349943553622,0.0546604938271605,0.6961736428113543,0.16840177910611348,0.07656542016062139,0.05133930571385358,0.10762631102414381,0.19444444444444445,0.22916666666666666,0.2222222222222222
frequent_break,mappo_flat_critic,42,13048,192,53,58,81,0.2760416666666667,0.3020833333333333,1.7666666666666666,6.90566037735849,15.199999999999996,2.1333333333333333,14,97,-20.07185176278598,0.23500423508436616,0.04953703703703704,0.695159134654807,0.17626398698767118,0.10155475959655526,0.05028711378685671,0.10483815190084539,0.3368421052631579,0.23214285714285715,0.1951219512195122
frequent_break,mappo_flat_critic,42,13049,192,41,78,73,0.21354166666666666,0.40625,1.3666666666666667,7.780487804878049,17.0,2.0791666666666666,20,57,-25.222922636224894,0.26054921551365834,0.048086419753086425,0.7350373375350573,0.11432705538355693,0.08230500679804087,0.05720675174981619,0.15512549756744803,0.2358490566037736,0.14285714285714285,0.26666666666666666
frequent_break,mappo_flat_critic,42,13050,192,72,47,73,0.375,0.24479166666666666,2.4,5.361111111111111,11.0,1.7597222222222222,9,94,-14.60520472879216,0.1926505521215378,0.04098765432098765,0.6890371712106794,0.16926840201995,0.14388614495812638,0.051281462975726826,0.08283567982871388,0.3684210526315789,0.43859649122807015,0.3
frequent_break,mappo_flat_critic,1024,13001,192,94,15,83,0.4895833333333333,0.078125,3.1333333333333333,8.212765957446809,19.349999999999994,2.077777777777778,28,24,-9.075104471758584,0.22794290987883598,0.04836419753086419,0.697864142892504,0.045189997051452165,0.19120351297595875,0.05131509076322806,0.027587330253738926,0.514018691588785,0.46938775510204084,0.4444444444444444
frequent_break,mappo_flat_critic,1024,13002,192,21,94,77,0.109375,0.4895833333333333,0.7,7.904761904761905,21.0,2.1944444444444446,12,41,-31.38714408984908,0.33779601282914723,0.05077160493827161,0.7399979980058097,0.0795675463167723,0.04259666732189952,0.05757933850791629,0.18067386603764313,0.13402061855670103,0.07547169811320754,0.09523809523809523
frequent_break,mappo_flat_critic,1024,13003,192,68,50,74,0.3541666666666667,0.2604166666666667,2.2666666666666666,5.926470588235294,12.0,1.9152777777777779,15,44,-16.21311361795138,0.2202842291596436,0.04447530864197531,0.7182691920961441,0.07919684832997526,0.1391521790902596,0.052722770853058105,0.09131537995315084,0.375,0.3064516129032258,0.38235294117647056
frequent_break,mappo_flat_critic,1024,13004,192,82,49,61,0.4270833333333333,0.2552083333333333,2.7333333333333334,6.5,12.950000000000003,1.6458333333333333,12,28,-14.359643039915253,0.21111979521573715,0.03808641975308642,0.7053592394462658,0.05475425145316786,0.15752863808591364,0.05236847791450963,0.0916278976727893,0.42857142857142855,0.38333333333333336,0.4791666666666667
frequent_break,mappo_flat_critic,1024,13005,192,69,33,90,0.359375,0.171875,2.3,7.391304347826087,14.0,2.2805555555555554,17,35,-16.792184278281198,0.28634215961045734,0.053086419753086415,0.7374442692697631,0.0665140793159369,0.13906969220436716,0.050322371901301725,0.06100518862515768,0.35294117647058826,0.36231884057971014,0.3684210526315789
frequent_break,mappo_flat_critic,1024,13006,192,91,57,44,0.4739583333333333,0.296875,3.033333333333333,5.736263736263736,15.5,1.3972222222222221,9,40,-13.390834079133553,0.1834696392281104,0.03203703703703704,0.743649895290151,0.07884072139877094,0.1927864271091825,0.05840498202376871,0.11470056560226839,0.5757575757575758,0.3275862068965517,0.42857142857142855
frequent_break,mappo_flat_critic,1024,13007,192,77,49,66,0.4010416666666667,0.2552083333333333,2.566666666666667,6.597402597402597,13.600000000000009,1.675,13,28,-14.725624784621562,0.21014352888584437,0.03888888888888889,0.7435089885242078,0.053495024640535474,0.1715319218105596,0.059045084008124235,0.10215267776026288,0.43564356435643564,0.38181818181818183,0.3333333333333333
frequent_break,mappo_flat_critic,1024,13008,192,27,104,61,0.140625,0.5416666666666666,0.9,4.592592592592593,8.0,1.7652777777777777,12,44,-31.51528633411595,0.2953470675126225,0.04074074074074075,0.7712058262451972,0.09683084817372743,0.05679464183334152,0.06548841012668148,0.21232062213099365,0.09734513274336283,0.1956521739130435,0.21212121212121213
frequent_break,mappo_flat_critic,1024,13009,192,17,94,81,0.08854166666666667,0.4895833333333333,0.5666666666666667,4.9411764705882355,12.2,2.1180555555555554,14,60,-31.131151755805853,0.3140814519152263,0.04919753086419752,0.7317859363253839,0.11058237915049059,0.03350973430307795,0.05615647813313148,0.17882997936016515,0.08080808080808081,0.1,0.09090909090909091
frequent_break,mappo_flat_critic,1024,13010,192,62,49,81,0.3229166666666667,0.2552083333333333,2.066666666666667,7.370967741935484,18.949999999999996,2.1458333333333335,21,34,-17.612931877376063,0.23753055702937512,0.0498148148148148,0.7178212383455398,0.06582916094913,0.12571581354089092,0.05246680007689764,0.09191190803806902,0.4065934065934066,0.19718309859154928,0.36666666666666664
frequent_break,mappo_flat_critic,1024,13011,192,112,12,68,0.5833333333333334,0.0625,3.7333333333333334,6.125,13.0,1.6819444444444445,13,48,-5.332575668130777,0.2184771918816004,0.03910493827160493,0.7058611536953078,0.08683841771690066,0.2443663126519164,0.053519520631599975,0.02053689631089012,0.569620253164557,0.559322033898305,0.6296296296296297
frequent_break,mappo_flat_critic,1024,13012,192,43,47,102,0.22395833333333334,0.24479166666666666,1.4333333333333333,7.27906976744186,13.0,2.734722222222222,16,90,-21.30616793799939,0.2783656248933398,0.06354938271604937,0.6832417961293458,0.15892101577473092,0.08276265859470192,0.04860776535216597,0.08412995315085098,0.20833333333333334,0.20689655172413793,0.2894736842105263
frequent_break,mappo_flat_critic,1024,13013,192,80,56,56,0.4166666666666667,0.2916666666666667,2.6666666666666665,7.0625,13.0,1.5527777777777778,16,22,-15.629049006839686,0.21298209866151016,0.0358641975308642,0.7593958273788523,0.044046840958605664,0.1769081073725036,0.061233779484695855,0.11924019922858932,0.48863636363636365,0.3076923076923077,0.4358974358974359
frequent_break,mappo_flat_critic,1024,13014,192,56,65,71,0.2916666666666667,0.3385416666666667,1.8666666666666667,7.5,16.75,1.9861111111111112,17,52,-20.974793045537623,0.23645910493163372,0.045956790123456784,0.7280882121057114,0.10412114845938376,0.11130718954248366,0.05540907236408799,0.12907018362900716,0.40229885057471265,0.12903225806451613,0.3023255813953488
frequent_break,mappo_flat_critic,1024,13015,192,62,52,78,0.3229166666666667,0.2708333333333333,2.066666666666667,7.032258064516129,15.949999999999996,2.1319444444444446,17,60,-17.569832785725477,0.20661501154968473,0.04941358024691358,0.7328806934023843,0.11371406457319767,0.12770392074958636,0.05542264384242169,0.10009881730469965,0.34951456310679613,0.25925925925925924,0.34285714285714286
frequent_break,mappo_flat_critic,1024,13016,192,104,22,66,0.5416666666666666,0.11458333333333333,3.466666666666667,6.730769230769231,13.849999999999994,1.6555555555555554,12,16,-8.734265491475666,0.23531481265657106,0.0384567901234568,0.7240036526068835,0.03167561469032057,0.2191803619783496,0.053850882697213345,0.044850312369662214,0.5714285714285714,0.5076923076923077,0.5277777777777778
frequent_break,mappo_flat_critic,1024,13017,192,62,67,63,0.3229166666666667,0.3489583333333333,2.066666666666667,5.870967741935484,14.0,1.6416666666666666,14,44,-19.6220439192692,0.2213643466876079,0.03805555555555555,0.7256706502555141,0.08464085049224367,0.12393084426753158,0.05715587790169891,0.13232097251447097,0.30851063829787234,0.34545454545454546,0.32558139534883723
frequent_break,mappo_flat_critic,1024,13018,192,23,98,71,0.11979166666666667,0.5104166666666666,0.7666666666666667,5.0,11.899999999999999,1.9388888888888889,17,76,-30.223525163773903,0.30733165083877945,0.0449074074074074,0.7225331264548883,0.13837268825658916,0.04216435697085851,0.05458149977276006,0.17706136255671862,0.12087912087912088,0.08064516129032258,0.1794871794871795
frequent_break,mappo_flat_critic,1024,13019,192,87,30,75,0.453125,0.15625,2.9,8.160919540229886,16.700000000000003,1.9388888888888889,16,17,-12.524557577181653,0.2550765722148572,0.045030864197530864,0.7388161761756377,0.036314012784601016,0.19028620187288922,0.05615013490762141,0.062335244305058546,0.44680851063829785,0.4482758620689655,0.475
frequent_break,mappo_flat_critic,1024,13020,192,35,80,77,0.18229166666666666,0.4166666666666667,1.1666666666666667,8.857142857142858,17.89999999999999,2.2305555555555556,21,72,-27.2133816888881,0.31544428245571426,0.05157407407407407,0.7101134689546755,0.130864313561682,0.06404673857847233,0.05260882074571666,0.14600608957033107,0.18604651162790697,0.13333333333333333,0.2391304347826087
frequent_break,mappo_flat_critic,1024,13021,192,46,44,102,0.23958333333333334,0.22916666666666666,1.5333333333333334,9.065217391304348,19.0,2.665277777777778,20,83,-21.065553031179938,0.2816132063301134,0.062006172839506164,0.6977247298991789,0.14697336207263517,0.08386411036279794,0.04932038299250285,0.07775305074992112,0.24468085106382978,0.22,0.25
frequent_break,mappo_flat_critic,1024,13022,192,60,60,72,0.3125,0.3125,2.0,7.366666666666666,14.099999999999994,1.9722222222222223,20,26,-20.308681508741312,0.2611399903659522,0.04567901234567902,0.7322755486093465,0.04855647548759004,0.11801751138438443,0.0555136754207917,0.11695371793669006,0.33663366336633666,0.23214285714285715,0.37142857142857144
frequent_break,mappo_flat_critic,1024,13023,192,61,37,94,0.3177083333333333,0.19270833333333334,2.033333333333333,8.327868852459016,17.0,2.436111111111111,12,67,-17.035984100552465,0.25639847821841244,0.05666666666666666,0.663206299744406,0.11555061290170322,0.10963377776508748,0.04658357171967206,0.06301512551950027,0.3333333333333333,0.27419354838709675,0.3548387096774194
frequent_break,mappo_flat_critic,1024,13024,192,51,75,66,0.265625,0.390625,1.7,6.294117647058823,15.5,1.6472222222222221,18,35,-23.020366345388396,0.24460660090090325,0.03827160493827161,0.7697633130804529,0.07060744180713222,0.1066123689691801,0.05883459127400502,0.15022989695203312,0.2696629213483146,0.265625,0.2564102564102564
frequent_break,mappo_flat_critic,1024,13025,192,63,49,80,0.328125,0.2552083333333333,2.1,8.174603174603174,19.0,2.1902777777777778,17,46,-18.109221562964674,0.24412480850905852,0.0507716049382716,0.7265042865602521,0.08184826854718495,0.12014302189611786,0.04992623956193501,0.08728512457614625,0.3829787234042553,0.2777777777777778,0.2727272727272727
frequent_break,mappo_flat_critic,1024,13026,192,40,62,90,0.20833333333333334,0.3229166666666667,1.3333333333333333,5.75,13.049999999999997,2.238888888888889,17,93,-21.77389776391752,0.21103891331715668,0.052160493827160495,0.7054630601530806,0.17331566252231886,0.07581578537847888,0.051732143857587135,0.11604648877094698,0.23809523809523808,0.17307692307692307,0.17142857142857143
frequent_break,mappo_flat_critic,1024,13027,192,72,37,83,0.375,0.19270833333333334,2.4,8.347222222222221,17.900000000000006,2.088888888888889,17,26,-16.72118408313161,0.27871188373661293,0.04861111111111111,0.7367435255826161,0.055155031443731135,0.14963421540046926,0.05476924013717773,0.07708038392635916,0.3627450980392157,0.3090909090909091,0.5142857142857142
frequent_break,mappo_flat_critic,1024,13028,192,93,20,79,0.484375,0.10416666666666667,3.1,7.010752688172043,15.0,1.9375,14,54,-9.528764884050544,0.22004358779553396,0.04512345679012345,0.71181898824304,0.10016829246318408,0.1972430493483125,0.05230890208586762,0.037397599390633446,0.5377358490566038,0.3548387096774194,0.5833333333333334
frequent_break,mappo_flat_critic,1024,13029,192,60,43,89,0.3125,0.22395833333333334,2.0,8.9,18.0,2.2666666666666666,33,47,-19.525924928715416,0.29016618602264377,0.05274691358024692,0.7445675519903288,0.08763673890608872,0.12110112826057098,0.05334525117693269,0.08277852751536961,0.2916666666666667,0.24528301886792453,0.4418604651162791
frequent_break,mappo_flat_critic,1024,13030,192,72,62,58,0.375,0.3229166666666667,2.4,6.958333333333333,13.0,1.5541666666666667,14,30,-18.507262453299607,0.23791717725526026,0.03595679012345679,0.7623519053087597,0.06223328400185985,0.15898828811367507,0.06210863878099782,0.13418462099189654,0.308411214953271,0.37037037037037035,0.6129032258064516
frequent_break,mappo_flat_critic,1024,13031,192,79,24,89,0.4114583333333333,0.125,2.6333333333333333,9.025316455696203,17.099999999999994,2.3027777777777776,17,39,-13.3728771220938,0.268284899058525,0.05354938271604938,0.7077683719668076,0.07298592918948957,0.16308747453097303,0.05162594384641092,0.04358457418054941,0.5157894736842106,0.3,0.32432432432432434
frequent_break,mappo_flat_critic,1024,13032,192,56,66,70,0.2916666666666667,0.34375,1.8666666666666667,6.875,16.25,1.8194444444444444,11,51,-20.23311317259582,0.2320437167935482,0.04222222222222223,0.7201385716162584,0.09564686517472895,0.1093769109287685,0.05251488459706867,0.12145964286831161,0.3655913978494624,0.14516129032258066,0.35135135135135137
frequent_break,mappo_flat_critic,1024,13033,192,43,68,81,0.22395833333333334,0.3541666666666667,1.4333333333333333,7.255813953488372,14.799999999999997,2.3569444444444443,19,50,-22.83426449161368,0.25436804942750807,0.05450617283950618,0.7072460677145221,0.09058749815715758,0.08070002652432991,0.05154881066952085,0.12383690025717888,0.21505376344086022,0.26153846153846155,0.17647058823529413
frequent_break,mappo_flat_critic,1024,13034,192,47,47,98,0.24479166666666666,0.24479166666666666,1.5666666666666667,8.617021276595745,21.799999999999983,2.6694444444444443,18,68,-20.94080589947844,0.28005734685866274,0.061975308641975306,0.6929478137553079,0.12177068860505394,0.08511896757639789,0.04827645601553983,0.08148575724814114,0.2545454545454545,0.21739130434782608,0.25
frequent_break,mappo_flat_critic,1024,13035,192,56,58,78,0.2916666666666667,0.3020833333333333,1.8666666666666667,7.535714285714286,16.25,1.976388888888889,29,38,-20.70798808635093,0.2588552783451806,0.04595679012345678,0.7436022342955491,0.08109118006176827,0.11997840724233913,0.05802219126257848,0.12039040064968858,0.26,0.2777777777777778,0.39473684210526316
frequent_break,mappo_flat_critic,1024,13036,192,52,47,93,0.2708333333333333,0.24479166666666666,1.7333333333333334,8.346153846153847,22.0,2.4680555555555554,27,37,-20.368205158247424,0.2868663564108383,0.05734567901234567,0.7167226120244826,0.07206572552547784,0.10354724638393369,0.05282756360677818,0.0876172788053593,0.25806451612903225,0.27419354838709675,0.2972972972972973
frequent_break,mappo_flat_critic,1024,13037,192,43,55,94,0.22395833333333334,0.2864583333333333,1.4333333333333333,8.395348837209303,14.899999999999999,2.3680555555555554,21,86,-23.07724829935172,0.3009048462624084,0.05515432098765432,0.7057286859591041,0.14868262041249655,0.08040745116596508,0.04984445968011797,0.09872144811386298,0.17721518987341772,0.171875,0.3673469387755102
frequent_break,mappo_flat_critic,1024,13038,192,85,25,82,0.4427083333333333,0.13020833333333334,2.8333333333333335,8.0,16.799999999999997,2.076388888888889,20,32,-12.775360497742296,0.25434498015215523,0.04830246913580248,0.7252192207223295,0.0647135167607304,0.17346914766806412,0.0519202235174706,0.04952617686750813,0.5425531914893617,0.3225806451612903,0.3888888888888889
frequent_break,mappo_flat_critic,1024,13039,192,63,58,71,0.328125,0.3020833333333333,2.1,8.34920634920635,18.9,1.948611111111111,15,43,-19.987887678520497,0.25290706506637317,0.045123456790123445,0.7664580982583783,0.09089626876391582,0.14105027597674658,0.06171407794818254,0.1258889666977902,0.3838383838383838,0.2542372881355932,0.29411764705882354
frequent_break,mappo_flat_critic,1024,13040,192,83,32,77,0.4322916666666667,0.16666666666666666,2.7666666666666666,8.457831325301205,14.899999999999991,1.9902777777777778,16,15,-14.919066585072045,0.3013274705509187,0.04623456790123458,0.7377117916736289,0.03077225334578276,0.17662102245306582,0.054409824912352654,0.06588890526971022,0.4235294117647059,0.4838709677419355,0.37777777777777777
frequent_break,mappo_flat_critic,1024,13041,192,38,67,87,0.19791666666666666,0.3489583333333333,1.2666666666666666,9.631578947368421,18.0,2.4208333333333334,17,66,-26.255763855308103,0.3497375009331065,0.05611111111111111,0.7010174742557179,0.12111361577305849,0.06923562391054651,0.05062778950094133,0.1196213736384015,0.18681318681318682,0.18461538461538463,0.25
frequent_break,mappo_flat_critic,1024,13042,192,35,65,92,0.18229166666666666,0.3385416666666667,1.1666666666666667,8.714285714285714,17.0,2.3222222222222224,19,43,-24.645422512709786,0.29870977666766557,0.05407407407407407,0.715571789809454,0.0805892386194244,0.07140516733008993,0.05443957256429937,0.12150384130260287,0.17346938775510204,0.11538461538461539,0.2857142857142857
frequent_break,mappo_flat_critic,1024,13043,192,82,51,59,0.4270833333333333,0.265625,2.7333333333333334,6.975609756097561,15.0,1.7027777777777777,10,21,-15.418560749225168,0.22690276465918244,0.03929012345679011,0.7387667332504394,0.037649290710436226,0.1605891897919762,0.05324507187650863,0.0972789045892761,0.40425531914893614,0.41379310344827586,0.5
frequent_break,mappo_flat_critic,1024,13044,192,36,72,84,0.1875,0.375,1.2,6.833333333333333,13.0,1.9777777777777779,13,47,-25.336707864721095,0.28372510776770643,0.04617283950617283,0.7351179828870512,0.08640074450832964,0.07461171310629514,0.05670909507530244,0.14130346290563006,0.16326530612244897,0.2545454545454545,0.15384615384615385
frequent_break,mappo_flat_critic,1024,13045,192,82,51,59,0.4270833333333333,0.265625,2.7333333333333334,6.329268292682927,15.950000000000003,1.7194444444444446,13,43,-14.874047773687245,0.2130212246800754,0.03966049382716049,0.7604550615115873,0.08942429288404519,0.18033959619098938,0.05864274503120543,0.1038772506303466,0.40625,0.44642857142857145,0.45
frequent_break,mappo_flat_critic,1024,13046,192,88,38,66,0.4583333333333333,0.19791666666666666,2.933333333333333,6.488636363636363,13.649999999999991,1.8527777777777779,12,20,-11.840450403863196,0.2029301270904717,0.0428395061728395,0.7306027392545534,0.03816018805182892,0.18774964529221497,0.05568508803859949,0.07723866132147866,0.44565217391304346,0.4142857142857143,0.6
frequent_break,mappo_flat_critic,1024,13047,192,43,58,91,0.22395833333333334,0.3020833333333333,1.4333333333333333,7.72093023255814,15.0,2.297222222222222,14,91,-22.783161830014134,0.27871543581345903,0.053487654320987656,0.6963254689793495,0.16786770290253264,0.08289272188652991,0.05153307569499166,0.10841451476513393,0.2222222222222222,0.1875,0.2777777777777778
frequent_break,mappo_flat_critic,1024,13048,192,51,55,86,0.265625,0.2864583333333333,1.7,7.254901960784314,17.0,2.236111111111111,13,66,-19.861971135163138,0.23237911905932637,0.05197530864197531,0.712478501529091,0.12164267434778268,0.10105253106027101,0.0509910609365728,0.10227225446265692,0.3368421052631579,0.19642857142857142,0.1951219512195122
frequent_break,mappo_flat_critic,1024,13049,192,41,75,76,0.21354166666666666,0.390625,1.3666666666666667,6.512195121951219,17.0,2.077777777777778,24,46,-23.917719865062097,0.24357624488381704,0.04814814814814814,0.7308513317557244,0.09161525136370337,0.08356946287286844,0.05693830280711943,0.14642947237374482,0.16037735849056603,0.19642857142857142,0.43333333333333335
frequent_break,mappo_flat_critic,1024,13050,192,70,48,74,0.3645833333333333,0.25,2.3333333333333335,5.642857142857143,14.649999999999991,1.863888888888889,10,78,-15.344003480096395,0.19999284357111166,0.04333333333333333,0.7098786609370199,0.14192292285171543,0.14199273321564343,0.052065728316342944,0.08613112549645056,0.37894736842105264,0.3508771929824561,0.35
frequent_break,mappo_no_ppo_protection,7,13001,192,101,20,71,0.5260416666666666,0.10416666666666667,3.3666666666666667,6.702970297029703,16.0,1.7569444444444444,19,28,-8.62433211204444,0.21891094111245607,0.0408641975308642,0.7063376872562254,0.050296219692672776,0.20260959789849947,0.050606895191785066,0.036402928321086894,0.5887850467289719,0.42857142857142855,0.4722222222222222
frequent_break,mappo_no_ppo_protection,7,13002,192,23,101,68,0.11979166666666667,0.5260416666666666,0.7666666666666667,6.304347826086956,13.699999999999996,1.9347222222222222,10,82,-30.765424094696083,0.31356963987847764,0.044722222222222226,0.7256685914098848,0.14770506740707978,0.044039543617717,0.055200273201455964,0.18317523478127196,0.17525773195876287,0.05660377358490566,0.07142857142857142
frequent_break,mappo_no_ppo_protection,7,13003,192,82,44,66,0.4270833333333333,0.22916666666666666,2.7333333333333334,6.512195121951219,12.0,1.7277777777777779,12,46,-13.8811870688365,0.21487314377067074,0.040061728395061724,0.7079387117273162,0.08575541847213675,0.15987779305890762,0.05149190897172456,0.07963483240186028,0.4895833333333333,0.3064516129032258,0.47058823529411764
frequent_break,mappo_no_ppo_protection,7,13004,192,67,55,70,0.3489583333333333,0.2864583333333333,2.2333333333333334,6.402985074626866,13.0,1.7194444444444446,9,45,-17.725700395392476,0.23933381203471535,0.04000000000000001,0.7213969789603685,0.08192699886972332,0.13538410978426457,0.054930598392071345,0.10385706914344686,0.35714285714285715,0.3,0.3958333333333333
frequent_break,mappo_no_ppo_protection,7,13005,192,67,39,86,0.3489583333333333,0.203125,2.2333333333333334,7.701492537313433,16.699999999999996,2.2180555555555554,14,54,-17.21132045389632,0.28356511644190074,0.051574074074074085,0.7051929746712436,0.09525813754528924,0.13215277971082923,0.049902419748915565,0.06827675434873577,0.32941176470588235,0.3333333333333333,0.42105263157894735
frequent_break,mappo_no_ppo_protection,7,13006,192,87,55,50,0.453125,0.2864583333333333,2.9,5.080459770114943,11.700000000000003,1.2875,9,48,-13.314153219124632,0.17509954196370414,0.02978395061728395,0.7494680095966224,0.09287510033253064,0.19010317612097793,0.059583719094973266,0.11290868015713217,0.494949494949495,0.3620689655172414,0.4857142857142857
frequent_break,mappo_no_ppo_protection,7,13007,192,77,52,63,0.4010416666666667,0.2708333333333333,2.566666666666667,7.363636363636363,21.200000000000003,1.7694444444444444,10,22,-15.701597871722296,0.23630741653437728,0.04089506172839506,0.7272300559008478,0.04070556478838213,0.16348014443989678,0.057509733973565895,0.1019081521906599,0.42574257425742573,0.32727272727272727,0.4444444444444444
frequent_break,mappo_no_ppo_protection,7,13008,192,24,101,67,0.125,0.5260416666666666,0.8,4.416666666666667,10.399999999999991,1.9986111111111111,15,74,-31.275887445433256,0.29174554118279755,0.04611111111111112,0.757866004102974,0.14823491924885115,0.04752382621964666,0.060111204866789905,0.19717584874705618,0.07964601769911504,0.1956521739130435,0.18181818181818182
frequent_break,mappo_no_ppo_protection,7,13009,192,17,93,82,0.08854166666666667,0.484375,0.5666666666666667,5.235294117647059,12.599999999999994,2.1555555555555554,14,76,-31.72726688601686,0.3235836347037006,0.05006172839506173,0.7400435979460623,0.1495273314003964,0.03555416318574214,0.05763277638959975,0.1796801644634462,0.08080808080808081,0.1,0.09090909090909091
frequent_break,mappo_no_ppo_protection,7,13010,192,73,36,83,0.3802083333333333,0.1875,2.433333333333333,8.67123287671233,17.39999999999999,2.15,14,43,-15.38936259126681,0.26030392089910437,0.04996913580246913,0.7042244056789002,0.08242002063983488,0.14935914131734565,0.05201773460360546,0.06880991285403049,0.4725274725274725,0.2676056338028169,0.36666666666666664
frequent_break,mappo_no_ppo_protection,7,13011,192,114,13,65,0.59375,0.06770833333333333,3.8,5.956140350877193,12.349999999999994,1.5930555555555554,10,39,-5.0352145778587465,0.21060433362996347,0.03703703703703704,0.7009741534269861,0.06694895907525468,0.24191058441765134,0.05192976455539864,0.021178923260125306,0.6962025316455697,0.5254237288135594,0.5185185185185185
frequent_break,mappo_no_ppo_protection,7,13012,192,38,50,104,0.19791666666666666,0.2604166666666667,1.2666666666666666,8.368421052631579,20.0,2.7375,24,88,-22.40447991201819,0.27886056904906315,0.06367283950617283,0.7048047601666212,0.15932137640207367,0.07447268460813351,0.049578097641235434,0.08836903025084476,0.21875,0.15517241379310345,0.21052631578947367
frequent_break,mappo_no_ppo_protection,7,13013,192,64,59,69,0.3333333333333333,0.3072916666666667,2.1333333333333333,7.46875,13.849999999999994,1.7902777777777779,13,37,-18.590054941335815,0.22685503426545411,0.04154320987654321,0.7488249154419111,0.07066323110440757,0.13919348081112784,0.05914624610951664,0.12175306447365272,0.36363636363636365,0.27692307692307694,0.358974358974359
frequent_break,mappo_no_ppo_protection,7,13014,192,56,67,69,0.2916666666666667,0.3489583333333333,1.8666666666666667,9.196428571428571,17.75,1.9708333333333334,15,74,-22.422476582730656,0.2876240660033375,0.04555555555555556,0.7045030447367968,0.13555074368928857,0.1022773641620391,0.05180521645113735,0.12167995560797418,0.367816091954023,0.16129032258064516,0.32558139534883723
frequent_break,mappo_no_ppo_protection,7,13015,192,63,46,83,0.328125,0.23958333333333334,2.1,7.238095238095238,15.0,2.1625,14,60,-18.129429251578266,0.2541809634573405,0.050246913580246924,0.7247051451073179,0.10675504119776565,0.12397382960463457,0.05180664727363671,0.08449961387654885,0.32038834951456313,0.3333333333333333,0.34285714285714286
frequent_break,mappo_no_ppo_protection,7,13016,192,106,26,60,0.5520833333333334,0.13541666666666666,3.533333333333333,7.018867924528302,13.75,1.6416666666666666,12,26,-8.817139505796762,0.23192500387329285,0.03796296296296297,0.7138220785626076,0.04984330956854177,0.22019642179858898,0.0536421502541312,0.04987910166315739,0.5604395604395604,0.49230769230769234,0.6388888888888888
frequent_break,mappo_no_ppo_protection,7,13017,192,64,66,62,0.3333333333333333,0.34375,2.1333333333333333,7.109375,15.849999999999994,1.6666666666666667,9,39,-18.75517467172983,0.2027681005089091,0.03858024691358024,0.7382813903701759,0.07550530738611233,0.12874916048290658,0.057376696988374554,0.12952954281127654,0.425531914893617,0.21818181818181817,0.27906976744186046
frequent_break,mappo_no_ppo_protection,7,13018,192,26,95,71,0.13541666666666666,0.4947916666666667,0.8666666666666667,6.269230769230769,16.25,1.9847222222222223,15,97,-29.313153350893124,0.3013888736528003,0.04592592592592593,0.7177153107408597,0.171442102359285,0.047372106737431814,0.05343246129232959,0.1676151944031201,0.15384615384615385,0.08064516129032258,0.1794871794871795
frequent_break,mappo_no_ppo_protection,7,13019,192,81,34,77,0.421875,0.17708333333333334,2.7,7.604938271604938,17.0,1.9555555555555555,23,28,-13.685361398732761,0.24789736522236847,0.04546296296296295,0.7240743318292381,0.05381717539999274,0.16840222456708526,0.053141958177714485,0.06530031501006733,0.4148936170212766,0.39655172413793105,0.475
frequent_break,mappo_no_ppo_protection,7,13020,192,34,78,80,0.17708333333333334,0.40625,1.1333333333333333,8.794117647058824,17.39999999999999,2.298611111111111,20,81,-27.35317441852435,0.31298335848484515,0.05317901234567901,0.7213827894793152,0.14945189771815157,0.06229665257916031,0.05297412335178383,0.1424800153979721,0.18604651162790697,0.13333333333333333,0.21739130434782608
frequent_break,mappo_no_ppo_protection,7,13021,192,42,54,96,0.21875,0.28125,1.4,8.30952380952381,19.849999999999987,2.5708333333333333,13,86,-22.185402005453657,0.2855907881660598,0.05972222222222221,0.6897905931787505,0.14777416655125633,0.07592957953639067,0.04778766245915623,0.08938754858259501,0.2127659574468085,0.2,0.25
frequent_break,mappo_no_ppo_protection,7,13022,192,52,68,72,0.2708333333333333,0.3541666666666667,1.7333333333333334,7.230769230769231,16.89999999999999,1.8569444444444445,18,56,-23.26508315762508,0.2880928601936479,0.04311728395061728,0.7312082176236852,0.10170153734008223,0.09921567839911494,0.055515077799877376,0.1299257586525388,0.27722772277227725,0.25,0.2857142857142857
frequent_break,mappo_no_ppo_protection,7,13023,192,58,33,101,0.3020833333333333,0.171875,1.9333333333333333,8.362068965517242,17.15,2.5236111111111112,18,69,-18.334449229519507,0.2922758901827695,0.05882716049382716,0.6750592604832798,0.11946454631826148,0.10444211719366515,0.046540124169808954,0.05730918576893809,0.31313131313131315,0.3064516129032258,0.25806451612903225
frequent_break,mappo_no_ppo_protection,7,13024,192,58,82,52,0.3020833333333333,0.4270833333333333,1.9333333333333333,6.017241379310345,12.149999999999999,1.6166666666666667,13,50,-21.78656910344777,0.21912725084225032,0.03716049382716049,0.7493469443537336,0.09296124297672284,0.1169394089169631,0.05727479410716897,0.15612447093097248,0.33707865168539325,0.296875,0.23076923076923078
frequent_break,mappo_no_ppo_protection,7,13025,192,60,50,82,0.3125,0.2604166666666667,2.0,7.883333333333334,15.099999999999994,2.0833333333333335,14,54,-19.258007891934298,0.2683953049251693,0.04845679012345679,0.723569797837895,0.09732310048351911,0.11707164385048352,0.05143781881074918,0.09126142308905805,0.3404255319148936,0.2037037037037037,0.38636363636363635
frequent_break,mappo_no_ppo_protection,7,13026,192,39,71,82,0.203125,0.3697916666666667,1.3,5.461538461538462,14.0,2.0930555555555554,12,108,-23.386507470174095,0.23220614008339138,0.04867283950617285,0.7092754162122011,0.19822198942554978,0.07430956885678247,0.05175175295663399,0.12878384687208216,0.21904761904761905,0.17307692307692307,0.2
frequent_break,mappo_no_ppo_protection,7,13027,192,69,45,78,0.359375,0.234375,2.3,7.782608695652174,13.0,1.9652777777777777,13,55,-17.557768427489336,0.26263588599844384,0.045709876543209876,0.7159787078860194,0.10482157190361524,0.1358914033449637,0.051912834983778196,0.08684650760889151,0.38235294117647056,0.23636363636363636,0.4857142857142857
frequent_break,mappo_no_ppo_protection,7,13028,192,90,19,83,0.46875,0.09895833333333333,3.0,6.688888888888889,13.649999999999991,1.9291666666666667,15,57,-10.13559280358433,0.2345433402802911,0.045061728395061736,0.6951959312224981,0.10261480908152736,0.18739065057176507,0.05138494430444264,0.03439112487100103,0.49056603773584906,0.41935483870967744,0.5
frequent_break,mappo_no_ppo_protection,7,13029,192,59,44,89,0.3072916666666667,0.22916666666666666,1.9666666666666666,9.372881355932204,19.399999999999977,2.3055555555555554,26,41,-19.232714997649246,0.28752406164998856,0.053611111111111116,0.7390587882609755,0.07592621259029927,0.11819377346080133,0.05184792219253729,0.07858283371828263,0.34375,0.20754716981132076,0.3488372093023256
frequent_break,mappo_no_ppo_protection,7,13030,192,62,55,75,0.3229166666666667,0.2864583333333333,2.066666666666667,8.709677419354838,16.0,2.0680555555555555,12,41,-19.064124543224423,0.2496821213005812,0.04790123456790123,0.7495997579919244,0.07704466671958933,0.13200150798061014,0.05779620441781265,0.10774114616606875,0.29906542056074764,0.2222222222222222,0.5806451612903226
frequent_break,mappo_no_ppo_protection,7,13031,192,74,29,89,0.3854166666666667,0.15104166666666666,2.466666666666667,8.0,20.0,2.223611111111111,15,86,-15.138728753009483,0.27427111704924934,0.05179012345679013,0.6878474044995815,0.15570645327611268,0.14433026711277483,0.04827508136360269,0.04884455456823878,0.5052631578947369,0.23333333333333334,0.32432432432432434
frequent_break,mappo_no_ppo_protection,7,13032,192,50,72,70,0.2604166666666667,0.375,1.6666666666666667,6.76,17.0,2.0458333333333334,16,67,-21.57569179920413,0.23517838488520937,0.047253086419753086,0.712740257327752,0.12142095248519397,0.10232009576823818,0.05335013223190826,0.13242986588574823,0.3333333333333333,0.14516129032258066,0.2702702702702703
frequent_break,mappo_no_ppo_protection,7,13033,192,37,72,83,0.19270833333333334,0.375,1.2333333333333334,8.594594594594595,19.199999999999974,2.425,15,65,-25.131244568729915,0.295268473914216,0.05608024691358025,0.7119247034521707,0.11858320758475557,0.07114632629725509,0.051623798919925995,0.127513380152699,0.23655913978494625,0.18461538461538463,0.08823529411764706
frequent_break,mappo_no_ppo_protection,7,13034,192,47,48,97,0.24479166666666666,0.25,1.5666666666666667,8.74468085106383,19.39999999999999,2.4680555555555554,13,62,-20.71276022350395,0.2730328204308007,0.05746913580246913,0.6971943540040957,0.10730242123430976,0.08441112436468473,0.04839462362743572,0.08267116841420248,0.2818181818181818,0.1956521739130435,0.19444444444444445
frequent_break,mappo_no_ppo_protection,7,13035,192,57,64,71,0.296875,0.3333333333333333,1.9,8.473684210526315,18.199999999999996,1.9333333333333333,22,31,-21.083150617040133,0.2570828072931023,0.04478395061728395,0.7419493159538072,0.0646480092261826,0.12127742685018227,0.05908669979288651,0.1313018216733387,0.28,0.2962962962962963,0.34210526315789475
frequent_break,mappo_no_ppo_protection,7,13036,192,56,47,89,0.2916666666666667,0.24479166666666666,1.8666666666666667,7.285714285714286,19.25,2.311111111111111,24,48,-18.51663050924541,0.252204141957396,0.05373456790123457,0.7116909590758189,0.08401543073369698,0.11102560322374562,0.05078232288339194,0.0831768145854833,0.3118279569892473,0.2903225806451613,0.24324324324324326
frequent_break,mappo_no_ppo_protection,7,13037,192,36,54,102,0.1875,0.28125,1.2,8.694444444444445,17.75,2.6125,23,86,-24.932190752172325,0.3426265512141266,0.06083333333333332,0.7029614158625502,0.15314875182673673,0.06724892563178336,0.04862444009748585,0.09365237807440659,0.16455696202531644,0.15625,0.2653061224489796
frequent_break,mappo_no_ppo_protection,7,13038,192,84,22,86,0.4375,0.11458333333333333,2.8,7.654761904761905,17.849999999999994,2.1694444444444443,14,57,-12.817621897200087,0.26287876758607287,0.050493827160493825,0.7235566764305212,0.10948091224794011,0.1723421707864432,0.05109921493687116,0.039940066669942834,0.48936170212765956,0.3709677419354839,0.4166666666666667
frequent_break,mappo_no_ppo_protection,7,13039,192,55,61,76,0.2864583333333333,0.3177083333333333,1.8333333333333333,7.836363636363636,19.299999999999997,1.9944444444444445,14,52,-21.088572423485232,0.24478266660260808,0.046296296296296294,0.7584897826363627,0.11312618682200724,0.12397472281760208,0.06098742709054857,0.13055664236004794,0.3434343434343434,0.22033898305084745,0.23529411764705882
frequent_break,mappo_no_ppo_protection,7,13040,192,71,50,71,0.3697916666666667,0.2604166666666667,2.3666666666666667,7.915492957746479,13.5,1.9555555555555555,12,51,-18.100061523958693,0.27782471611548865,0.04527777777777778,0.7325591730675444,0.09934959948891836,0.14927343339495033,0.05473379661526449,0.0981062132455321,0.35294117647058826,0.3870967741935484,0.37777777777777777
frequent_break,mappo_no_ppo_protection,7,13041,192,38,70,84,0.19791666666666666,0.3645833333333333,1.2666666666666666,8.710526315789474,17.15,2.261111111111111,15,95,-25.770330848064177,0.31801062299945676,0.052469135802469126,0.6931045324644078,0.17588431863973658,0.07312673022425345,0.052031119814884536,0.12917315756712042,0.23076923076923078,0.18461538461538463,0.1388888888888889
frequent_break,mappo_no_ppo_protection,7,13042,192,26,67,99,0.13541666666666666,0.3489583333333333,0.8666666666666667,7.846153846153846,15.5,2.3319444444444444,17,74,-27.622989124295746,0.3267061105773313,0.05450617283950617,0.7263131101098412,0.1424476223237833,0.05237852833441069,0.054455788738293674,0.129060326784785,0.14285714285714285,0.11538461538461539,0.14285714285714285
frequent_break,mappo_no_ppo_protection,7,13043,192,82,48,62,0.4270833333333333,0.25,2.7333333333333334,7.463414634146342,16.0,1.7625,11,37,-15.542071161543216,0.24435978890675011,0.04070987654320988,0.7261627128014283,0.0657598858256753,0.15770359699926265,0.052162874631752496,0.08754946077314497,0.4574468085106383,0.3793103448275862,0.425
frequent_break,mappo_no_ppo_protection,7,13044,192,30,67,95,0.15625,0.3489583333333333,1.0,7.166666666666667,18.099999999999994,2.276388888888889,22,89,-26.718981234112114,0.32183969274846463,0.05314814814814815,0.7182642564588461,0.16071668899842273,0.06511471844289182,0.05616606945656357,0.1298059302238869,0.17346938775510204,0.18181818181818182,0.07692307692307693
frequent_break,mappo_no_ppo_protection,7,13045,192,75,50,67,0.390625,0.2604166666666667,2.5,6.44,13.0,1.823611111111111,15,54,-16.891807747428125,0.2496619595522449,0.04222222222222224,0.7311949597996196,0.10999122050979636,0.15394710853302182,0.055265376930950426,0.09719623814438055,0.34375,0.42857142857142855,0.45
frequent_break,mappo_no_ppo_protection,7,13046,192,86,37,69,0.4479166666666667,0.19270833333333334,2.8666666666666667,7.267441860465116,18.0,1.898611111111111,14,41,-12.998809647198222,0.22900039499913485,0.04395061728395062,0.7232775076821256,0.07692854158798432,0.1762688831922578,0.053423528677756384,0.06965185871919617,0.44565217391304346,0.38571428571428573,0.6
frequent_break,mappo_no_ppo_protection,7,13047,192,36,65,91,0.1875,0.3385416666666667,1.2,7.722222222222222,17.0,2.290277777777778,16,105,-24.75968238215361,0.2960459648507474,0.05333333333333333,0.7008318298816386,0.18311149792186943,0.06737976391227166,0.05009903717957566,0.11466076206788281,0.2037037037037037,0.16666666666666666,0.16666666666666666
frequent_break,mappo_no_ppo_protection,7,13048,192,60,58,74,0.3125,0.3020833333333333,2.0,7.283333333333333,19.049999999999997,2.073611111111111,15,81,-19.452841950285585,0.25216673356913755,0.04799382716049382,0.6931956607866248,0.14889857146587523,0.11494843200776031,0.05084842343517622,0.10315037334875131,0.3473684210526316,0.2857142857142857,0.2682926829268293
frequent_break,mappo_no_ppo_protection,7,13049,192,40,78,74,0.20833333333333334,0.40625,1.3333333333333333,8.65,21.099999999999994,2.095833333333333,16,52,-25.31117124572996,0.26691998578026294,0.048487654320987644,0.7335926221216912,0.10119455091978313,0.08077964991664684,0.057386632923824975,0.15339050712502728,0.2358490566037736,0.14285714285714285,0.23333333333333334
frequent_break,mappo_no_ppo_protection,7,13050,192,67,52,73,0.3489583333333333,0.2708333333333333,2.2333333333333334,5.6716417910447765,12.0,1.7833333333333334,11,108,-16.585672162025176,0.20720498321765404,0.041512345679012345,0.6818128822436231,0.19225031201256132,0.12900956026494456,0.050355700219992264,0.09303396297843733,0.37894736842105264,0.3684210526315789,0.25
frequent_break,mappo_no_ppo_protection,42,13001,192,96,20,76,0.5,0.10416666666666667,3.2,7.59375,17.0,2.0305555555555554,24,40,-9.646351989425533,0.23254142049836532,0.047098765432098774,0.6945186763748521,0.07118418260446124,0.19356772212422368,0.05106981408765588,0.03592846080075183,0.5420560747663551,0.46938775510204084,0.4166666666666667
frequent_break,mappo_no_ppo_protection,42,13002,192,18,101,73,0.09375,0.5260416666666666,0.6,6.888888888888889,14.04999999999999,2.183333333333333,12,51,-31.540032621416692,0.3292651406618295,0.050401234567901236,0.7303649943278406,0.08867662881207773,0.034634461971923276,0.05497363235820544,0.1813010150897148,0.15463917525773196,0.018867924528301886,0.047619047619047616
frequent_break,mappo_no_ppo_protection,42,13003,192,89,38,65,0.4635416666666667,0.19791666666666666,2.966666666666667,7.044943820224719,14.599999999999994,1.7777777777777777,13,43,-12.755959994237427,0.21897008474357796,0.04114197530864198,0.707690325060767,0.0761253829016987,0.16870714840142087,0.049457890728447265,0.0683566350516815,0.5729166666666666,0.25806451612903225,0.5294117647058824
frequent_break,mappo_no_ppo_protection,42,13004,192,67,61,64,0.3489583333333333,0.3177083333333333,2.2333333333333334,6.313432835820896,12.699999999999996,1.6513888888888888,9,32,-18.21528467181893,0.2320104412049041,0.03830246913580247,0.7236442815911207,0.061002846482722646,0.1349721620542054,0.05531015475162608,0.1174571688774475,0.38095238095238093,0.3,0.3541666666666667
frequent_break,mappo_no_ppo_protection,42,13005,192,66,45,81,0.34375,0.234375,2.2,7.545454545454546,14.0,2.238888888888889,16,59,-17.561609554460883,0.25786270127839317,0.05188271604938272,0.7102179287525269,0.11084764607597425,0.12924848886923188,0.05052253604915933,0.08109217078644324,0.3411764705882353,0.2898550724637681,0.4473684210526316
frequent_break,mappo_no_ppo_protection,42,13006,192,87,49,56,0.453125,0.2552083333333333,2.9,5.183908045977011,14.0,1.525,8,29,-12.47036028146731,0.16162155305349094,0.03524691358024691,0.7662962042119811,0.05890133831310302,0.1873914130531777,0.057367926093575515,0.09998862792980437,0.5050505050505051,0.3620689655172414,0.45714285714285713
frequent_break,mappo_no_ppo_protection,42,13007,192,87,47,58,0.453125,0.24479166666666666,2.9,7.35632183908046,14.700000000000003,1.7125,12,15,-12.830902530675981,0.2016191031626206,0.03947530864197531,0.7428518292799221,0.0294885907579406,0.19128561568577046,0.058621116883274656,0.09694144391899812,0.49504950495049505,0.4,0.4166666666666667
frequent_break,mappo_no_ppo_protection,42,13008,192,24,91,77,0.125,0.4739583333333333,0.8,4.625,10.399999999999991,2.1708333333333334,15,40,-29.55602937683501,0.2876422082290911,0.05024691358024692,0.7591136633678096,0.08243290951108288,0.04875816993464053,0.0589751042377316,0.1764683279969658,0.08849557522123894,0.17391304347826086,0.18181818181818182
frequent_break,mappo_no_ppo_protection,42,13009,192,17,94,81,0.08854166666666667,0.4895833333333333,0.5666666666666667,4.0588235294117645,7.199999999999999,2.2194444444444446,15,61,-32.14740680839463,0.31423730205725436,0.05145061728395061,0.7616133512087221,0.1253270800407023,0.03834043536442917,0.06143817690170326,0.19042369624412966,0.08080808080808081,0.11666666666666667,0.06060606060606061
frequent_break,mappo_no_ppo_protection,42,13010,192,61,45,86,0.3177083333333333,0.234375,2.033333333333333,8.852459016393443,17.0,2.3680555555555554,16,36,-17.362515439413592,0.23400486734187403,0.054907407407407405,0.7162341662331276,0.0737460890789064,0.1259668258584667,0.05268049116092429,0.08730951152390778,0.42857142857142855,0.16901408450704225,0.3333333333333333
frequent_break,mappo_no_ppo_protection,42,13011,192,104,22,66,0.5416666666666666,0.11458333333333333,3.466666666666667,6.221153846153846,13.849999999999994,1.8277777777777777,13,24,-7.987125888237151,0.20670619522272043,0.04228395061728395,0.6844512301010095,0.04625988992088063,0.20675055694792538,0.0500294988381964,0.04136237243435385,0.5822784810126582,0.4067796610169492,0.6296296296296297
frequent_break,mappo_no_ppo_protection,42,13012,192,31,60,101,0.16145833333333334,0.3125,1.0333333333333334,9.387096774193548,17.0,2.9194444444444443,17,69,-25.20380812144489,0.34552056353269156,0.06762345679012345,0.65549894232092,0.1151780974045074,0.05342234461967938,0.04539789663554407,0.09601370867557432,0.14583333333333334,0.10344827586206896,0.2894736842105263
frequent_break,mappo_no_ppo_protection,42,13013,192,66,63,63,0.34375,0.328125,2.2,7.924242424242424,19.0,1.7972222222222223,18,15,-19.064468681914782,0.22809652972833572,0.04151234567901234,0.7552665191361417,0.03038103838026439,0.14165820691749484,0.06004714871801432,0.13388905742233917,0.38636363636363635,0.23076923076923078,0.4358974358974359
frequent_break,mappo_no_ppo_protection,42,13014,192,59,63,70,0.3072916666666667,0.328125,1.9666666666666666,7.8474576271186445,17.0,1.9694444444444446,20,48,-21.447868542109102,0.2713301477122164,0.04555555555555555,0.7342663192067407,0.09022197272971268,0.1151524975712282,0.05453706879518286,0.12341404668030057,0.3793103448275862,0.1935483870967742,0.32558139534883723
frequent_break,mappo_no_ppo_protection,42,13015,192,67,55,70,0.3489583333333333,0.2864583333333333,2.2333333333333334,7.8059701492537314,17.799999999999983,1.9375,17,63,-17.896849320821048,0.21955380399187824,0.04484567901234568,0.7370029855621945,0.12447824248907839,0.13676174945911787,0.0546647654527531,0.10789558895983045,0.47572815533980584,0.18518518518518517,0.22857142857142856
frequent_break,mappo_no_ppo_protection,42,13016,192,96,32,64,0.5,0.16666666666666666,3.2,7.260416666666667,14.0,1.7958333333333334,13,28,-10.96417736724574,0.23386300958995523,0.04151234567901236,0.7222661649151153,0.054430840487342036,0.20147187249741424,0.05438098816356649,0.06194304419923615,0.5604395604395604,0.4153846153846154,0.5
frequent_break,mappo_no_ppo_protection,42,13017,192,61,70,61,0.3177083333333333,0.3645833333333333,2.033333333333333,6.049180327868853,13.0,1.7833333333333334,15,34,-19.444813722853254,0.20150496309001434,0.041141975308641984,0.7411617058318705,0.06620042195506592,0.12422011997863391,0.057432430402684066,0.1363089868507825,0.32978723404255317,0.2909090909090909,0.32558139534883723
frequent_break,mappo_no_ppo_protection,42,13018,192,23,91,78,0.11979166666666667,0.4739583333333333,0.7666666666666667,4.739130434782608,12.899999999999999,2.0652777777777778,18,97,-28.998310099172816,0.27353128970911367,0.047932098765432106,0.7170652223386367,0.1825376758890691,0.044652153258964405,0.05580529710132409,0.17170849918914932,0.13186813186813187,0.08064516129032258,0.15384615384615385
frequent_break,mappo_no_ppo_protection,42,13019,192,83,36,73,0.4322916666666667,0.1875,2.7666666666666666,7.0120481927710845,14.699999999999974,1.8625,17,31,-12.913412615958306,0.2229338733156553,0.04327160493827161,0.7226467610877692,0.06377335212087534,0.17480875706107904,0.05466277864998602,0.0714845576107186,0.46808510638297873,0.39655172413793105,0.4
frequent_break,mappo_no_ppo_protection,42,13020,192,36,81,75,0.1875,0.421875,1.2,8.833333333333334,18.5,2.183333333333333,21,60,-27.475366324629867,0.31734931921495174,0.05046296296296296,0.7301727937089578,0.11049965600275197,0.06589138286893705,0.05366704942703742,0.14867779365457384,0.20930232558139536,0.11666666666666667,0.2391304347826087
frequent_break,mappo_no_ppo_protection,42,13021,192,53,43,96,0.2760416666666667,0.22395833333333334,1.7666666666666666,8.660377358490566,18.4,2.5194444444444444,15,44,-19.13831336390904,0.2701292763775805,0.058580246913580235,0.694360902176392,0.07694964535521809,0.09939046963814763,0.049220971538091046,0.07611938342588496,0.26595744680851063,0.24,0.3333333333333333
frequent_break,mappo_no_ppo_protection,42,13022,192,62,62,68,0.3229166666666667,0.3229166666666667,2.066666666666667,7.629032258064516,16.0,1.9555555555555555,17,26,-20.2186559303991,0.25499350756219974,0.04518518518518519,0.7303739197403665,0.04914737824954544,0.1201195847209779,0.055544036185916815,0.12124093613644696,0.3564356435643564,0.2857142857142857,0.2857142857142857
frequent_break,mappo_no_ppo_protection,42,13023,192,57,39,96,0.296875,0.203125,1.9,9.842105263157896,25.199999999999996,2.654166666666667,20,37,-19.24164897951444,0.29354256295896186,0.061574074074074066,0.6963287390965587,0.0729275929895125,0.10634921336546722,0.049310413985908165,0.07180198714254442,0.35353535353535354,0.25806451612903225,0.1935483870967742
frequent_break,mappo_no_ppo_protection,42,13024,192,62,68,62,0.3229166666666667,0.3541666666666667,2.066666666666667,7.129032258064516,19.74999999999998,1.7847222222222223,16,32,-19.799311136702205,0.21670461302998134,0.0412037037037037,0.7582837217795441,0.06287053417858372,0.12499092597002812,0.0568440836007785,0.1314454688758094,0.38202247191011235,0.25,0.3076923076923077
frequent_break,mappo_no_ppo_protection,42,13025,192,54,54,84,0.28125,0.28125,1.8,7.685185185185185,19.349999999999994,2.2680555555555557,18,39,-19.44226060016087,0.23575594138379682,0.05262345679012346,0.7296580783196944,0.07287779529265598,0.10507908314022864,0.05082990798918314,0.0979456118929803,0.3404255319148936,0.18518518518518517,0.2727272727272727
frequent_break,mappo_no_ppo_protection,42,13026,192,43,69,80,0.22395833333333334,0.359375,1.4333333333333333,6.116279069767442,13.899999999999999,2.1222222222222222,13,90,-23.37011861657625,0.2554915057984632,0.049259259259259246,0.7204057583306601,0.16783900109751498,0.08111858486084492,0.05199956656122663,0.12368578718036921,0.22857142857142856,0.17307692307692307,0.2857142857142857
frequent_break,mappo_no_ppo_protection,42,13027,192,69,54,69,0.359375,0.28125,2.3,8.405797101449275,16.599999999999994,1.9458333333333333,13,35,-18.615004165308672,0.2635494590819327,0.045000000000000005,0.7300590192573141,0.07052832244008714,0.14097066604419545,0.05526990238852876,0.10911492374727667,0.4411764705882353,0.21818181818181817,0.34285714285714286
frequent_break,mappo_no_ppo_protection,42,13028,192,88,23,81,0.4583333333333333,0.11979166666666667,2.933333333333333,8.5,17.64999999999999,2.1194444444444445,14,39,-11.885470855582325,0.25776957927252836,0.04922839506172838,0.7195949593227131,0.07198199747735352,0.18385142091024448,0.053850330931303356,0.04357699805068226,0.5283018867924528,0.3387096774193548,0.4583333333333333
frequent_break,mappo_no_ppo_protection,42,13029,192,54,47,91,0.28125,0.24479166666666666,1.8,9.851851851851851,20.349999999999994,2.363888888888889,28,35,-20.38529218325488,0.28726383716050546,0.05496913580246914,0.7477065849511465,0.07173685848608449,0.11283415300443163,0.05376398882934965,0.09018091829624338,0.3229166666666667,0.16981132075471697,0.32558139534883723
frequent_break,mappo_no_ppo_protection,42,13030,192,68,58,66,0.3541666666666667,0.3020833333333333,2.2666666666666666,7.411764705882353,18.0,1.8944444444444444,15,33,-17.45880108027314,0.22426863763985086,0.04376543209876544,0.7612610042590322,0.07091718652864161,0.15901023182756932,0.06082817749791311,0.11990137958017215,0.35514018691588783,0.2962962962962963,0.45161290322580644
frequent_break,mappo_no_ppo_protection,42,13031,192,74,24,94,0.3854166666666667,0.125,2.466666666666667,8.297297297297296,17.349999999999994,2.3833333333333333,16,42,-14.28086164128424,0.27315772314985387,0.055493827160493815,0.7045274713425359,0.08056692447559319,0.1526107658537999,0.051508470903479785,0.045084750274378756,0.45263157894736844,0.35,0.2702702702702703
frequent_break,mappo_no_ppo_protection,42,13032,192,55,65,72,0.2864583333333333,0.3385416666666667,1.8333333333333333,6.672727272727273,16.599999999999994,2.029166666666667,14,51,-20.082545673053502,0.21880107445022945,0.04694444444444445,0.7243542076777387,0.10293616915133944,0.11529261645360715,0.05571926082370845,0.12765526412585235,0.3333333333333333,0.22580645161290322,0.2702702702702703
frequent_break,mappo_no_ppo_protection,42,13033,192,34,69,89,0.17708333333333334,0.359375,1.1333333333333333,7.117647058823529,14.0,2.3583333333333334,15,39,-25.809575182210637,0.2979751449908238,0.05478395061728395,0.731261211373426,0.07607104425215878,0.0689163314898609,0.054320573051887686,0.1350363291965459,0.22580645161290322,0.15384615384615385,0.08823529411764706
frequent_break,mappo_no_ppo_protection,42,13034,192,45,44,103,0.234375,0.22916666666666666,1.5,9.466666666666667,22.799999999999997,2.761111111111111,21,70,-21.978763537411396,0.3124048924993454,0.06416666666666666,0.7063819967264747,0.12809474667059803,0.08563895441217423,0.05092470928798595,0.0781313578062804,0.2636363636363636,0.17391304347826086,0.2222222222222222
frequent_break,mappo_no_ppo_protection,42,13035,192,51,65,76,0.265625,0.3385416666666667,1.7,7.8431372549019605,17.0,1.975,22,26,-21.65945707067585,0.2510660697843688,0.045864197530864195,0.7488312866629432,0.05388296344178698,0.11419970552323494,0.06023050146267053,0.13570429971358763,0.25,0.25925925925925924,0.3157894736842105
frequent_break,mappo_no_ppo_protection,42,13036,192,50,52,90,0.2604166666666667,0.2708333333333333,1.6666666666666667,7.36,19.549999999999997,2.3291666666666666,21,42,-19.800948305754012,0.24785905673407257,0.05416666666666666,0.722533393529849,0.08143516943439545,0.10435000113405685,0.0543607773308623,0.09727470700380915,0.26881720430107525,0.27419354838709675,0.21621621621621623
frequent_break,mappo_no_ppo_protection,42,13037,192,35,58,99,0.18229166666666666,0.3020833333333333,1.1666666666666667,9.742857142857142,21.599999999999994,2.7194444444444446,29,39,-25.10724144182341,0.33192305031104724,0.06311728395061729,0.7243481985150395,0.07423110157243283,0.06682991415189558,0.0497808377988373,0.1030762977705702,0.20253164556962025,0.125,0.22448979591836735
frequent_break,mappo_no_ppo_protection,42,13038,192,82,32,78,0.4270833333333333,0.16666666666666666,2.7333333333333334,7.719512195121951,15.0,2.1527777777777777,12,34,-12.936305370352656,0.22208613154534962,0.04987654320987654,0.7357424811785034,0.06855326633577409,0.17397322477430835,0.05371100797047389,0.06510813389683358,0.5319148936170213,0.24193548387096775,0.4722222222222222
frequent_break,mappo_no_ppo_protection,42,13039,192,61,59,72,0.3177083333333333,0.3072916666666667,2.033333333333333,7.655737704918033,19.0,1.9708333333333334,17,54,-20.21410451059286,0.24542586736388775,0.04564814814814814,0.7572129414299488,0.11918285690344514,0.1379428128344537,0.06091582051068021,0.1296050496630992,0.3838383838383838,0.2542372881355932,0.23529411764705882
frequent_break,mappo_no_ppo_protection,42,13040,192,72,48,72,0.375,0.25,2.4,7.888888888888889,12.0,1.948611111111111,13,34,-18.54322560129386,0.29957252120330263,0.045154320987654324,0.741418213103885,0.07074420118924762,0.15450431634642162,0.057087871612324544,0.10042672039576064,0.3176470588235294,0.45161290322580644,0.37777777777777777
frequent_break,mappo_no_ppo_protection,42,13041,192,37,65,90,0.19270833333333334,0.3385416666666667,1.2333333333333334,8.216216216216216,19.0,2.334722222222222,17,47,-25.612734921964826,0.3198236808022353,0.05429012345679012,0.7288818810744405,0.0901819216215501,0.07612649805761261,0.05508518740316034,0.1273846018389362,0.18681318681318682,0.18461538461538463,0.2222222222222222
frequent_break,mappo_no_ppo_protection,42,13042,192,25,63,104,0.13020833333333334,0.328125,0.8333333333333334,7.04,15.0,2.6944444444444446,16,56,-26.38966377320496,0.299336955505441,0.06271604938271606,0.721149818053396,0.10530381540830458,0.05246213667653297,0.05476663945791325,0.12397880069706693,0.11224489795918367,0.11538461538461539,0.19047619047619047
frequent_break,mappo_no_ppo_protection,42,13043,192,87,49,56,0.453125,0.2552083333333333,2.9,7.32183908045977,18.10000000000001,1.8388888888888888,14,32,-15.187409690441273,0.2488443511285132,0.042222222222222223,0.712198110058114,0.060573185414516686,0.16705925352597178,0.05186357641099836,0.0921716590369841,0.5,0.39655172413793105,0.425
frequent_break,mappo_no_ppo_protection,42,13044,192,24,75,93,0.125,0.390625,0.8,10.916666666666666,21.699999999999996,2.359722222222222,25,57,-30.95493485243225,0.3766686804517421,0.05493827160493828,0.7351280040507853,0.11011346238900417,0.048585303442114584,0.057626909141789036,0.15651654273945298,0.19387755102040816,0.07272727272727272,0.02564102564102564
frequent_break,mappo_no_ppo_protection,42,13045,192,73,55,64,0.3802083333333333,0.2864583333333333,2.433333333333333,7.219178082191781,16.39999999999999,1.9805555555555556,11,30,-16.151965261959226,0.21391888831886238,0.045617283950617295,0.7462430298967436,0.06231614575654823,0.16241029509992358,0.05739508355355468,0.11074123216538076,0.4375,0.30357142857142855,0.35
frequent_break,mappo_no_ppo_protection,42,13046,192,81,43,68,0.421875,0.22395833333333334,2.7,7.320987654320987,17.0,1.9930555555555556,13,27,-13.654936301185845,0.21221199866284773,0.04601851851851851,0.740352503479795,0.05315220240142841,0.177406692321553,0.05764820724897924,0.08718980079661193,0.4782608695652174,0.32857142857142857,0.4666666666666667
frequent_break,mappo_no_ppo_protection,42,13047,192,35,65,92,0.18229166666666666,0.3385416666666667,1.1666666666666667,7.771428571428571,14.299999999999997,2.4652777777777777,17,53,-24.42770793530897,0.27608214033958334,0.057253086419753095,0.7245059145302907,0.09865046603436695,0.06771217258833358,0.05164608264959736,0.12032450407063408,0.18518518518518517,0.1875,0.16666666666666666
frequent_break,mappo_no_ppo_protection,42,13048,192,65,57,70,0.3385416666666667,0.296875,2.1666666666666665,7.384615384615385,16.0,2.0875,9,66,-17.270650550355857,0.20050141303232175,0.04817901234567901,0.6999800572639856,0.12299340107776642,0.12330246622429283,0.051231729593108934,0.1017683897056962,0.42105263157894735,0.19642857142857142,0.34146341463414637
frequent_break,mappo_no_ppo_protection,42,13049,192,37,76,79,0.19270833333333334,0.3958333333333333,1.2333333333333334,9.324324324324325,23.0,2.323611111111111,18,39,-26.70868138448487,0.2996646624132558,0.0537037037037037,0.7415329089791015,0.07753773731714908,0.0746606634106634,0.056571265700628766,0.1525259762024468,0.24528301886792453,0.10714285714285714,0.16666666666666666
frequent_break,mappo_no_ppo_protection,42,13050,192,66,45,81,0.34375,0.234375,2.2,7.666666666666667,17.75,2.063888888888889,12,76,-17.866080629299244,0.26763040466258237,0.04799382716049382,0.6902177622912963,0.12900526831170256,0.12393322272394153,0.05009999584888065,0.08072853282033522,0.3157894736842105,0.40350877192982454,0.325
frequent_break,mappo_no_ppo_protection,1024,13001,192,109,20,63,0.5677083333333334,0.10416666666666667,3.6333333333333333,6.706422018348624,12.599999999999994,1.7013888888888888,20,29,-6.919940358932055,0.20132223679681957,0.03938271604938272,0.7128367733560457,0.056774124425053224,0.2259222720290832,0.052569442122833245,0.03832532863879613,0.616822429906542,0.46938775510204084,0.5555555555555556
frequent_break,mappo_no_ppo_protection,1024,13002,192,26,95,71,0.13541666666666666,0.4947916666666667,0.8666666666666667,6.461538461538462,12.75,1.948611111111111,12,99,-30.138445823340195,0.311674950972157,0.045123456790123445,0.7322660112078716,0.18250274378757356,0.05240486838010058,0.056410049519069985,0.17668816091029713,0.18556701030927836,0.07547169811320754,0.09523809523809523
frequent_break,mappo_no_ppo_protection,1024,13003,192,98,35,59,0.5104166666666666,0.18229166666666666,3.2666666666666666,7.530612244897959,14.0,1.7833333333333334,18,39,-11.667589352453678,0.23492992156325612,0.041080246913580254,0.699079022208658,0.07637908087211494,0.19079793028322445,0.051855734202049315,0.06636024292758039,0.5625,0.3870967741935484,0.5882352941176471
frequent_break,mappo_no_ppo_protection,1024,13004,192,91,46,55,0.4739583333333333,0.23958333333333334,3.033333333333333,6.956043956043956,13.0,1.5652777777777778,8,48,-13.796228541008269,0.23653503264908401,0.03611111111111111,0.70792786812249,0.09075790337400243,0.18047232609152114,0.05372638236492878,0.0889534311864033,0.5357142857142857,0.36666666666666664,0.5
frequent_break,mappo_no_ppo_protection,1024,13005,192,78,36,78,0.40625,0.1875,2.6,7.602564102564102,15.149999999999991,2.098611111111111,17,76,-15.59298164333048,0.2757813127705077,0.048672839506172835,0.7020301154596003,0.13912473176405063,0.15412823316461086,0.05061733572726475,0.06470059953806086,0.4,0.37681159420289856,0.47368421052631576
frequent_break,mappo_no_ppo_protection,1024,13006,192,103,46,43,0.5364583333333334,0.23958333333333334,3.433333333333333,5.262135922330097,12.0,1.2513888888888889,7,33,-10.231743294134164,0.183516787718137,0.028765432098765434,0.7492923369585895,0.06768534899339854,0.22486078721759833,0.05970840695627278,0.09504823593445882,0.5757575757575758,0.5,0.4857142857142857
frequent_break,mappo_no_ppo_protection,1024,13007,192,91,45,56,0.4739583333333333,0.234375,3.033333333333333,6.637362637362638,13.0,1.5805555555555555,10,26,-12.131073254069994,0.20042596232680213,0.03648148148148147,0.7312260078348901,0.052804765180926166,0.20007744348301626,0.05937383051807774,0.09640075395880349,0.5148514851485149,0.45454545454545453,0.3888888888888889
frequent_break,mappo_no_ppo_protection,1024,13008,192,26,97,69,0.13541666666666666,0.5052083333333334,0.8666666666666667,5.115384615384615,12.5,2.0430555555555556,16,75,-30.704150045947756,0.29785586880587606,0.04716049382716049,0.7526819124386548,0.1518474495061182,0.053034117155634185,0.06029080345506939,0.19060805608793227,0.09734513274336283,0.17391304347826086,0.21212121212121213
frequent_break,mappo_no_ppo_protection,1024,13009,192,20,89,83,0.10416666666666667,0.4635416666666667,0.6666666666666666,6.15,16.150000000000002,2.1708333333333334,13,127,-31.70049913093964,0.3356917728391725,0.05043209876543211,0.7249709237646736,0.24430946647664914,0.04071037479319214,0.05715551786580132,0.17250184756763706,0.09090909090909091,0.11666666666666667,0.12121212121212122
frequent_break,mappo_no_ppo_protection,1024,13010,192,76,37,79,0.3958333333333333,0.19270833333333334,2.533333333333333,8.552631578947368,20.5,2.1958333333333333,13,67,-15.495701852031663,0.2582928215432797,0.0508641975308642,0.7033834408676088,0.13182545825347683,0.15512588661195473,0.052455858812199836,0.07224429537897029,0.4945054945054945,0.2676056338028169,0.4
frequent_break,mappo_no_ppo_protection,1024,13011,192,128,9,55,0.6666666666666666,0.046875,4.266666666666667,6.3046875,15.299999999999983,1.5638888888888889,13,36,-2.2351438446720135,0.21416159863372553,0.03608024691358024,0.712411573355524,0.07502275631145601,0.2903152809809157,0.05648678017279429,0.017625272331154684,0.7088607594936709,0.6101694915254238,0.6666666666666666
frequent_break,mappo_no_ppo_protection,1024,13012,192,45,50,97,0.234375,0.2604166666666667,1.5,7.822222222222222,16.799999999999997,2.734722222222222,16,105,-21.729569384863,0.2858990451854751,0.06339506172839506,0.6829371202078832,0.18686655607321243,0.08312666750747247,0.04802877010821977,0.0851562358063906,0.2604166666666667,0.15517241379310345,0.2894736842105263
frequent_break,mappo_no_ppo_protection,1024,13013,192,86,54,52,0.4479166666666667,0.28125,2.8666666666666667,6.395348837209302,13.0,1.461111111111111,20,22,-14.157793060913855,0.20217266633716177,0.0337037037037037,0.7643390017974745,0.0463799707917355,0.19393240259339334,0.062018256076826025,0.11650414529284497,0.5568181818181818,0.3384615384615385,0.38461538461538464
frequent_break,mappo_no_ppo_protection,1024,13014,192,62,63,67,0.3229166666666667,0.328125,2.066666666666667,7.354838709677419,13.949999999999996,1.9013888888888888,14,70,-20.426630806095528,0.24799741925649135,0.043950617283950624,0.7188431741938036,0.1344564229200452,0.11645156600651957,0.05327502249111909,0.11949626926794107,0.39080459770114945,0.22580645161290322,0.32558139534883723
frequent_break,mappo_no_ppo_protection,1024,13015,192,73,46,73,0.3802083333333333,0.23958333333333334,2.433333333333333,8.164383561643836,21.799999999999983,2.0,17,52,-16.50586858293172,0.23321187903259558,0.04632716049382716,0.7458155049299149,0.10441063064902074,0.1536378291757549,0.05598553354934607,0.09390461920260681,0.4563106796116505,0.2777777777777778,0.3142857142857143
frequent_break,mappo_no_ppo_protection,1024,13016,192,114,22,56,0.59375,0.11458333333333333,3.8,7.026315789473684,13.0,1.586111111111111,10,22,-6.7671216442531605,0.22253820502392907,0.036604938271604937,0.720296692443631,0.04335524268186807,0.24417761461105114,0.05499103093003503,0.04389264860240092,0.6483516483516484,0.5076923076923077,0.6111111111111112
frequent_break,mappo_no_ppo_protection,1024,13017,192,78,62,52,0.40625,0.3229166666666667,2.6,6.410256410256411,14.149999999999991,1.5361111111111112,11,65,-17.319001853101472,0.2201205247263794,0.035370370370370365,0.7245690403612992,0.12471591560600849,0.15415997100594625,0.0570267623724273,0.12213640161008582,0.44680851063829785,0.38181818181818183,0.3488372093023256
frequent_break,mappo_no_ppo_protection,1024,13018,192,25,99,68,0.13020833333333334,0.515625,0.8333333333333334,5.64,14.0,1.9236111111111112,17,92,-29.00887430767259,0.2801252316767754,0.04447530864197531,0.7095260465649742,0.16258546693531212,0.04418679460088129,0.05291483526652105,0.1735294936688125,0.14285714285714285,0.08064516129032258,0.1794871794871795
frequent_break,mappo_no_ppo_protection,1024,13019,192,90,30,72,0.46875,0.15625,3.0,8.122222222222222,16.0,1.9361111111111111,14,32,-12.203792578500634,0.2522207933334369,0.044876543209876545,0.7420443863073368,0.06798067945126768,0.19895351652704593,0.05702479036864086,0.06312864151099445,0.48936170212765956,0.43103448275862066,0.475
frequent_break,mappo_no_ppo_protection,1024,13020,192,36,77,79,0.1875,0.4010416666666667,1.2,9.11111111111111,17.25,2.301388888888889,22,71,-27.397536914018453,0.3163618010230165,0.05320987654320987,0.7298409628085928,0.134625042999656,0.06720387570232772,0.05376728846098457,0.14575353038201333,0.18604651162790697,0.15,0.2391304347826087
frequent_break,mappo_no_ppo_protection,1024,13021,192,52,45,95,0.2708333333333333,0.234375,1.7333333333333334,8.307692307692308,18.449999999999996,2.5375,22,108,-19.479853597068296,0.25272412786131887,0.05895061728395062,0.6747275961011927,0.18844430036767498,0.0920109762098926,0.04843272923086239,0.07678492645984906,0.2872340425531915,0.18,0.3333333333333333
frequent_break,mappo_no_ppo_protection,1024,13022,192,64,68,60,0.3333333333333333,0.3541666666666667,2.1333333333333333,8.265625,17.549999999999983,1.8555555555555556,19,30,-21.439567173944592,0.2717325621573036,0.042716049382716045,0.7478819654187541,0.05955958114239848,0.1304969531672318,0.059017030394656264,0.13899307091257554,0.36633663366336633,0.25,0.37142857142857144
frequent_break,mappo_no_ppo_protection,1024,13023,192,73,33,86,0.3802083333333333,0.171875,2.433333333333333,8.767123287671232,17.39999999999999,2.3472222222222223,13,103,-15.938352421608732,0.26395826379682175,0.05444444444444444,0.6615217598531984,0.17651649920999768,0.13002825462577786,0.04650375876417356,0.05655327415389335,0.41414141414141414,0.3387096774193548,0.3548387096774194
frequent_break,mappo_no_ppo_protection,1024,13024,192,68,67,57,0.3541666666666667,0.3489583333333333,2.2666666666666666,7.1911764705882355,17.599999999999994,1.6597222222222223,19,55,-19.549561952676292,0.23227844810757958,0.03827160493827161,0.7422220732252749,0.1049127721263944,0.13529039573544216,0.05591952903731735,0.13082579028012464,0.4157303370786517,0.3125,0.28205128205128205
frequent_break,mappo_no_ppo_protection,1024,13025,192,68,50,74,0.3541666666666667,0.2604166666666667,2.2666666666666666,8.529411764705882,17.599999999999994,2.033333333333333,15,68,-18.157528009719268,0.25183648094344646,0.04709876543209877,0.7233286924676426,0.12767295312186952,0.12978277140815841,0.051123826245670065,0.091494831850869,0.425531914893617,0.2222222222222222,0.36363636363636365
frequent_break,mappo_no_ppo_protection,1024,13026,192,41,69,82,0.21354166666666666,0.359375,1.3666666666666667,5.317073170731708,14.0,2.0902777777777777,13,110,-23.14074369006222,0.22632375525189433,0.04861111111111112,0.7142685700832307,0.20535073386079572,0.07724407014267695,0.052868216146530235,0.12857118285910857,0.21904761904761905,0.21153846153846154,0.2
frequent_break,mappo_no_ppo_protection,1024,13027,192,86,34,72,0.4479166666666667,0.17708333333333334,2.8666666666666667,8.476744186046512,16.5,1.9180555555555556,20,42,-14.427405131327285,0.2779587766648523,0.04447530864197532,0.7314745136496582,0.08927093059446002,0.1816333726473046,0.05567933100069985,0.07074092502498074,0.47058823529411764,0.4,0.45714285714285713
frequent_break,mappo_no_ppo_protection,1024,13028,192,100,18,74,0.5208333333333334,0.09375,3.3333333333333335,6.76,15.0,1.8222222222222222,23,24,-7.8834684207143875,0.21167078920583604,0.0424074074074074,0.7126295879556511,0.046705939685815843,0.21097236741586584,0.05260114665281564,0.03410710190508952,0.5660377358490566,0.43548387096774194,0.5416666666666666
frequent_break,mappo_no_ppo_protection,1024,13029,192,68,35,89,0.3541666666666667,0.18229166666666666,2.2666666666666666,9.544117647058824,19.0,2.2875,34,28,-17.114545168668492,0.2788633699476544,0.05320987654320988,0.7556151941795292,0.05727962125020948,0.1429352510234863,0.054208970644383,0.07011982570806101,0.375,0.24528301886792453,0.4418604651162791
frequent_break,mappo_no_ppo_protection,1024,13030,192,73,55,64,0.3802083333333333,0.2864583333333333,2.433333333333333,7.438356164383562,16.39999999999999,1.725,15,43,-16.808963605804912,0.21910435252555174,0.03993827160493828,0.7584958136715909,0.0884763858718967,0.16150172511240618,0.06036191141369925,0.11463394606196461,0.38317757009345793,0.2777777777777778,0.5483870967741935
frequent_break,mappo_no_ppo_protection,1024,13031,192,82,26,84,0.4270833333333333,0.13541666666666666,2.7333333333333334,7.7439024390243905,17.0,2.1013888888888888,15,74,-12.485955387351217,0.24548334289401222,0.04891975308641975,0.6941182567943986,0.14278093810214554,0.17330318216928123,0.05252529650678301,0.048658943109407514,0.5473684210526316,0.3333333333333333,0.2702702702702703
frequent_break,mappo_no_ppo_protection,1024,13032,192,57,63,72,0.296875,0.328125,1.9,7.543859649122807,17.99999999999998,2.022222222222222,16,92,-20.480282355040732,0.24939271946224925,0.04679012345679012,0.7092355449442493,0.16559918810692806,0.11191280153741454,0.052012704489007265,0.11336899140304711,0.3333333333333333,0.20967741935483872,0.35135135135135137
frequent_break,mappo_no_ppo_protection,1024,13033,192,40,64,88,0.20833333333333334,0.3333333333333333,1.3333333333333333,8.65,20.049999999999997,2.5166666666666666,14,73,-24.064311888193867,0.2854059255905635,0.05827160493827161,0.7059004369938616,0.14134444488546655,0.07698894357563087,0.05177324215466071,0.11885098776352644,0.24731182795698925,0.2153846153846154,0.08823529411764706
frequent_break,mappo_no_ppo_protection,1024,13034,192,49,52,91,0.2552083333333333,0.2708333333333333,1.6333333333333333,7.408163265306122,15.599999999999994,2.4277777777777776,18,90,-20.80802251113535,0.2565256669594933,0.05638888888888889,0.7011285048168399,0.15599609726931707,0.08720382916590347,0.047649865198044726,0.08992158612514649,0.2818181818181818,0.1956521739130435,0.25
frequent_break,mappo_no_ppo_protection,1024,13035,192,63,58,71,0.328125,0.3020833333333333,2.1,7.825396825396825,17.9,1.9180555555555556,28,32,-19.56707389544863,0.2509186870395221,0.04444444444444444,0.7465004739875868,0.067622848284613,0.13657099164452105,0.05927121709535023,0.12310080442433384,0.3,0.3333333333333333,0.39473684210526316
frequent_break,mappo_no_ppo_protection,1024,13036,192,59,44,89,0.3072916666666667,0.22916666666666666,1.9666666666666666,7.8474576271186445,19.099999999999994,2.2569444444444446,27,59,-18.208159690664935,0.24994271518969835,0.052530864197530856,0.722020484008503,0.1136859305125559,0.12076457483578226,0.053355307121019185,0.08370872033023735,0.34408602150537637,0.24193548387096775,0.32432432432432434
frequent_break,mappo_no_ppo_protection,1024,13037,192,48,52,92,0.25,0.2708333333333333,1.6,9.125,18.0,2.473611111111111,22,102,-22.80394377641567,0.3235384565960447,0.05743827160493828,0.6866675694686489,0.18276177025016035,0.08988281254922123,0.04961269539356593,0.09278030105429487,0.21518987341772153,0.203125,0.3673469387755102
frequent_break,mappo_no_ppo_protection,1024,13038,192,95,18,79,0.4947916666666667,0.09375,3.1666666666666665,8.284210526315789,16.299999999999997,2.0805555555555557,19,40,-11.39772581317415,0.27445589706269863,0.048302469135802474,0.7338630134697601,0.08343717671504049,0.19738295588140795,0.052422805531904974,0.036365505266434055,0.5531914893617021,0.41935483870967744,0.4722222222222222
frequent_break,mappo_no_ppo_protection,1024,13039,192,64,56,72,0.3333333333333333,0.2916666666666667,2.1333333333333333,8.375,20.0,2.0236111111111112,15,36,-19.229356410277813,0.24542268915723756,0.04682098765432098,0.7621514209287679,0.07999622926093514,0.14640208647561587,0.06165783465431702,0.1238312504488975,0.40404040404040403,0.2542372881355932,0.2647058823529412
frequent_break,mappo_no_ppo_protection,1024,13040,192,84,38,70,0.4375,0.19791666666666666,2.8,8.226190476190476,15.849999999999994,1.9472222222222222,18,41,-15.324705752776309,0.286165692054398,0.045061728395061736,0.7299215208590837,0.08474332513032204,0.17769005217921624,0.054630383441255814,0.07830804544039836,0.4470588235294118,0.46774193548387094,0.37777777777777777
frequent_break,mappo_no_ppo_protection,1024,13041,192,44,62,86,0.22916666666666666,0.3229166666666667,1.4666666666666666,9.0,17.700000000000003,2.2625,21,108,-24.46697264181716,0.320827755661617,0.05256172839506173,0.6990995854444508,0.19260935501260576,0.08084692383066995,0.05006860847551494,0.11065196971930717,0.26373626373626374,0.2153846153846154,0.16666666666666666
frequent_break,mappo_no_ppo_protection,1024,13042,192,38,62,92,0.19791666666666666,0.3229166666666667,1.2666666666666666,7.973684210526316,19.15,2.2944444444444443,16,76,-23.92552689061936,0.2769410266901791,0.05345679012345679,0.7304043711738036,0.1466856777266994,0.07821357277626627,0.05376889894968161,0.11716101937851166,0.24489795918367346,0.11538461538461539,0.19047619047619047
frequent_break,mappo_no_ppo_protection,1024,13043,192,90,46,56,0.46875,0.23958333333333334,3.0,7.033333333333333,14.0,1.6180555555555556,14,17,-14.238230194878724,0.23810090262192532,0.037314814814814815,0.7461197360611789,0.03313236113158714,0.1812533801194792,0.0552887749533517,0.09197323058778166,0.43617021276595747,0.43103448275862066,0.6
frequent_break,mappo_no_ppo_protection,1024,13044,192,40,68,84,0.20833333333333334,0.3541666666666667,1.3333333333333333,7.95,16.0,2.0430555555555556,16,88,-25.240474342620107,0.2982767089174005,0.047623456790123454,0.722695760706679,0.16629839186727732,0.08195148733848424,0.056823090682103686,0.13429338864323384,0.22448979591836735,0.23636363636363636,0.1282051282051282
frequent_break,mappo_no_ppo_protection,1024,13045,192,84,48,60,0.4375,0.25,2.8,6.75,13.849999999999994,1.7208333333333334,14,45,-14.51842707040857,0.2261989292892533,0.03972222222222223,0.7578284818411742,0.09053311383032743,0.18550717628891003,0.05772949130873659,0.0970957008534408,0.4583333333333333,0.4107142857142857,0.425
frequent_break,mappo_no_ppo_protection,1024,13046,192,100,35,57,0.5208333333333334,0.18229166666666666,3.3333333333333335,7.0,15.0,1.7319444444444445,11,45,-10.84433477944125,0.21898930114511334,0.03987654320987655,0.7151599892043378,0.08644478844169247,0.20413257565734347,0.05405719453160208,0.06928888491968989,0.5760869565217391,0.4142857142857143,0.6
frequent_break,mappo_no_ppo_protection,1024,13047,192,45,60,87,0.234375,0.3125,1.5,8.755555555555556,19.999999999999986,2.238888888888889,17,104,-23.196274924159702,0.28799248450779774,0.0520679012345679,0.7020671527695072,0.18909098913355876,0.08520065203114736,0.05124579907654483,0.10999365429318987,0.26851851851851855,0.14583333333333334,0.25
frequent_break,mappo_no_ppo_protection,1024,13048,192,64,52,76,0.3333333333333333,0.2708333333333333,2.1333333333333333,7.8125,18.849999999999994,2.1069444444444443,18,71,-18.150008409272033,0.23732581770303002,0.0487962962962963,0.7020013462221433,0.13654257077631687,0.12174007136081437,0.05138808995589379,0.09433478601435256,0.3684210526315789,0.30357142857142855,0.2926829268292683
frequent_break,mappo_no_ppo_protection,1024,13049,192,42,71,79,0.21875,0.3697916666666667,1.4,7.619047619047619,16.949999999999996,2.138888888888889,20,69,-24.970047767045692,0.2674143171264437,0.04959876543209876,0.7384463112001142,0.1432323312509071,0.08531477480780886,0.05840252899865797,0.14608063548079028,0.22641509433962265,0.19642857142857142,0.23333333333333334
frequent_break,mappo_no_ppo_protection,1024,13050,192,81,44,67,0.421875,0.22916666666666666,2.7,5.716049382716049,15.0,1.6833333333333333,11,92,-13.947723161432297,0.2070448559762847,0.03910493827160495,0.6931852405640154,0.16724461569275811,0.15816057222790966,0.05104058692793605,0.07888542056498712,0.4421052631578947,0.43859649122807015,0.35
