scenario,policy,policy_seed,workload_seed,generated,delivered,dropped,backlog,delivery_ratio,drop_rate,throughput_packets_per_slot,average_delay_slots,p95_delay_slots,mean_queue_packets,max_queue_packets,routing_switches,episode_reward,global_delay_cost,global_queue_cost,global_load_imbalance,global_switch_cost,global_throughput_reward,global_control_overhead_ratio,global_drop_cost,class_0_delivery_ratio,class_1_delivery_ratio,class_2_delivery_ratio
tle_starlink_24,mappo_tle_trained,7,14001,192,70,38,84,0.3645833333333333,0.19791666666666666,2.3333333333333335,9.17142857142857,19.0,2.2527777777777778,18,28,-6.420368695521464,0.23140492421100475,0.05228395061728395,0.5431194265465099,0.054354145166838654,0.13743923975348124,0.036346015414725,0.07342065571167739,0.3522727272727273,0.3389830508474576,0.4222222222222222
tle_starlink_24,mappo_tle_trained,7,14002,192,76,32,84,0.3958333333333333,0.16666666666666666,2.533333333333333,8.789473684210526,18.25,2.1708333333333334,14,21,-4.375166278835946,0.22405641053705092,0.05046296296296295,0.5869496453038591,0.042250696499922503,0.15942788406410696,0.037725046298487115,0.06467512736088589,0.4,0.3584905660377358,0.4411764705882353
tle_starlink_24,mappo_tle_trained,7,14003,192,78,31,83,0.40625,0.16145833333333334,2.6,9.871794871794872,20.14999999999999,2.3180555555555555,15,21,-4.1848781767355865,0.2271707351450552,0.053703703703703705,0.5873436798601658,0.04259939063344636,0.16033855062492833,0.036975489540306175,0.05954377364981081,0.4943820224719101,0.3684210526315789,0.2826086956521739
tle_starlink_24,mappo_tle_trained,7,14004,192,73,39,80,0.3802083333333333,0.203125,2.433333333333333,9.849315068493151,21.0,2.313888888888889,16,27,-5.892477935902441,0.21919471647359057,0.05351851851851852,0.5631731519103949,0.05295690205906924,0.14071814780793107,0.035958745677463114,0.07266906267680259,0.4326923076923077,0.23728813559322035,0.4827586206896552
tle_starlink_24,mappo_tle_trained,7,14005,192,70,38,84,0.3645833333333333,0.19791666666666666,2.3333333333333335,8.271428571428572,16.0,2.286111111111111,15,23,-6.616337328823846,0.23784588335064374,0.053024691358024685,0.5800162301790722,0.04495642701525054,0.1390443019312988,0.036388756609832915,0.07386788048552755,0.2631578947368421,0.453125,0.48484848484848486
tle_starlink_24,mappo_tle_trained,7,14006,192,84,30,78,0.4375,0.15625,2.8,8.845238095238095,19.0,2.0819444444444444,14,24,-2.816983680217782,0.21089719524557438,0.048302469135802474,0.57554585225856,0.04784700722394221,0.17417502475165014,0.03761770501368782,0.06091228889216505,0.47572815533980584,0.40425531914893614,0.38095238095238093
tle_starlink_24,mappo_tle_trained,7,14007,192,72,46,74,0.375,0.23958333333333334,2.4,8.25,15.450000000000003,2.098611111111111,15,18,-6.578420324271637,0.22898332897443943,0.048549382716049375,0.5771601258953976,0.038739021699548015,0.14797217875004254,0.03828474518271743,0.0890549541904031,0.4175824175824176,0.3870967741935484,0.2564102564102564
tle_starlink_24,mappo_tle_trained,7,14008,192,72,42,78,0.375,0.21875,2.4,9.027777777777779,19.0,2.0694444444444446,16,8,-6.171134655875924,0.22995274292120413,0.04802469135802468,0.5942452101723963,0.015289244352711845,0.1484570337356715,0.037925069481929544,0.08398559157847084,0.3829787234042553,0.2982456140350877,0.4634146341463415
tle_starlink_24,mappo_tle_trained,7,14009,192,77,35,80,0.4010416666666667,0.18229166666666666,2.566666666666667,9.38961038961039,19.200000000000003,2.216666666666667,19,10,-5.021631776915823,0.2348748448412635,0.05135802469135801,0.5839217145227259,0.01886824905400757,0.15647113321261932,0.037390589376936505,0.06923192376365751,0.43478260869565216,0.3220338983050847,0.43902439024390244
tle_starlink_24,mappo_tle_trained,7,14010,192,68,37,87,0.3541666666666667,0.19270833333333334,2.2666666666666666,8.647058823529411,17.65,2.2444444444444445,15,24,-5.262180515079864,0.2049451679416836,0.05219135802469135,0.5624319973577416,0.05035636476812947,0.14244821612855668,0.037487211798054726,0.07177050059789997,0.4019607843137255,0.25,0.38235294117647056
tle_starlink_24,mappo_tle_trained,7,14011,192,75,37,80,0.390625,0.19270833333333334,2.5,8.92,18.599999999999994,2.084722222222222,14,0,-4.9557094750321165,0.22427867799047443,0.048425925925925935,0.6149950222955359,0.0,0.1593761994226391,0.03912252170219918,0.07775577077434662,0.4479166666666667,0.2903225806451613,0.4117647058823529
tle_starlink_24,mappo_tle_trained,7,14012,192,74,33,85,0.3854166666666667,0.171875,2.466666666666667,8.486486486486486,17.0,2.1944444444444446,20,21,-4.849194148760349,0.23058673362397625,0.05101851851851851,0.5765943513830952,0.043917109578874285,0.15681648187840136,0.03820216410124425,0.06680407340624059,0.4725274725274725,0.3508771929824561,0.25
tle_starlink_24,mappo_tle_trained,7,14013,192,77,31,84,0.4010416666666667,0.16145833333333334,2.566666666666667,9.623376623376624,18.200000000000003,2.2527777777777778,17,17,-4.388083017103101,0.24067369038850536,0.052283950617283956,0.6075748153322846,0.03515802609842857,0.1697788430180071,0.03926389989077521,0.06580539615756334,0.449438202247191,0.36923076923076925,0.34210526315789475
tle_starlink_24,mappo_tle_trained,7,14014,192,75,41,76,0.390625,0.21354166666666666,2.5,8.773333333333333,18.299999999999997,2.098611111111111,16,13,-5.533925436989883,0.22954075121376788,0.04861111111111111,0.5816483985887603,0.02704461316690419,0.15709385643596172,0.03725661559312156,0.08146141497534684,0.4673913043478261,0.3050847457627119,0.34146341463414637
tle_starlink_24,mappo_tle_trained,7,14015,192,78,33,81,0.40625,0.171875,2.6,8.871794871794872,20.0,2.223611111111111,15,13,-3.7301451704166806,0.2089508788870507,0.0515432098765432,0.5791681726972523,0.026881907508842496,0.1622409655188293,0.03729058929421703,0.06580619944784032,0.4731182795698925,0.24528301886792453,0.45652173913043476
tle_starlink_24,mappo_tle_trained,7,14016,192,72,50,70,0.375,0.2604166666666667,2.4,8.75,16.450000000000003,2.125,20,22,-6.731745306276712,0.2141625968099019,0.049012345679012345,0.5576802032652276,0.041689927432961495,0.1424849138935826,0.03691014841104609,0.09409592199452882,0.3939393939393939,0.32727272727272727,0.39473684210526316
tle_starlink_24,mappo_tle_trained,7,14017,192,70,41,81,0.3645833333333333,0.21354166666666666,2.3333333333333335,10.157142857142857,19.549999999999997,2.3305555555555557,20,23,-5.927029347041593,0.21043941516852918,0.05391975308641974,0.5940877948923473,0.045200726489426184,0.14336904509892126,0.0371738741519233,0.07928210262962584,0.49514563106796117,0.11764705882352941,0.34210526315789475
tle_starlink_24,mappo_tle_trained,7,14018,192,66,45,81,0.34375,0.234375,2.2,9.212121212121213,18.5,2.245833333333333,20,13,-7.2361706527159795,0.233060831300644,0.05203703703703702,0.5777970418382454,0.024935787180369224,0.13679351722695374,0.037761754680669286,0.08677961242976723,0.38461538461538464,0.23728813559322035,0.40476190476190477
tle_starlink_24,mappo_tle_trained,7,14019,192,74,34,84,0.3854166666666667,0.17708333333333334,2.466666666666667,9.41891891891892,20.0,2.2597222222222224,14,12,-4.415334951696485,0.2181155932860042,0.05243827160493826,0.5857965764854673,0.02559293919588037,0.1554428126912647,0.03745042622592525,0.06527697921273773,0.46875,0.2641509433962264,0.3488372093023256
tle_starlink_24,mappo_tle_trained,7,14020,192,67,46,79,0.3489583333333333,0.23958333333333334,2.2333333333333334,9.537313432835822,20.699999999999996,2.248611111111111,22,18,-6.809581278729266,0.21539953053369656,0.052037037037037034,0.5894944693677757,0.037170783293074314,0.13875085684296212,0.037697353159166176,0.08865262861779889,0.37755102040816324,0.2033898305084746,0.5142857142857142
tle_starlink_24,mappo_tle_trained,7,14021,192,73,34,85,0.3802083333333333,0.17708333333333334,2.433333333333333,9.561643835616438,20.0,2.2847222222222223,18,23,-4.894663899380892,0.21960487346819932,0.053024691358024685,0.584077462102827,0.04606683406606007,0.15258207736535911,0.03831673027120107,0.06742110271909033,0.4095238095238095,0.35294117647058826,0.3333333333333333
tle_starlink_24,mappo_tle_trained,7,14022,192,64,38,90,0.3333333333333333,0.19791666666666666,2.1333333333333333,9.796875,20.0,2.3472222222222223,17,17,-7.194176105472053,0.23927644667028325,0.05456790123456791,0.6122402375372673,0.0348474945533769,0.13296547521392724,0.03740913085029994,0.07543580860144326,0.37254901960784315,0.23404255319148937,0.3488372093023256
tle_starlink_24,mappo_tle_trained,7,14023,192,68,38,86,0.3541666666666667,0.19791666666666666,2.2666666666666666,9.279411764705882,21.299999999999997,2.390277777777778,22,23,-5.687989425460561,0.19810307958453824,0.055401234567901234,0.5706686862416034,0.04614727177420676,0.13400160383132517,0.036558362969803505,0.0726133143315806,0.37962962962962965,0.3125,0.3333333333333333
tle_starlink_24,mappo_tle_trained,7,14024,192,66,38,88,0.34375,0.19791666666666666,2.2,8.803030303030303,18.0,2.1930555555555555,17,23,-6.85162740428188,0.23836198959314803,0.05108024691358025,0.619330028518296,0.05051668103138692,0.14245130958366248,0.03906159565245048,0.07906075678134501,0.3333333333333333,0.31746031746031744,0.40476190476190477
tle_starlink_24,mappo_tle_trained,7,14025,192,69,40,83,0.359375,0.20833333333333334,2.3,9.27536231884058,19.19999999999999,2.2527777777777778,14,10,-5.77167382253448,0.22324267338770543,0.052253086419753084,0.5937915058099638,0.019318742116729733,0.14759727530238365,0.03812276259050914,0.07774168011784109,0.44329896907216493,0.24561403508771928,0.3157894736842105
tle_starlink_24,mappo_tle_trained,7,14026,192,71,35,86,0.3697916666666667,0.18229166666666666,2.3666666666666667,9.591549295774648,19.5,2.2708333333333335,20,10,-5.69802621581079,0.2272539056043382,0.052746913580246906,0.5875233274758525,0.021019869936278603,0.14269781101824447,0.036353069877042,0.06964338951955051,0.3763440860215054,0.22033898305084745,0.575
tle_starlink_24,mappo_tle_trained,7,14027,192,75,45,72,0.390625,0.234375,2.5,8.226666666666667,17.299999999999997,2.048611111111111,15,6,-5.3936772225295435,0.19880261336139968,0.04737654320987653,0.5723742504484749,0.011359280554326993,0.14830019753781362,0.03730899258839089,0.0882228037413796,0.3883495145631068,0.3684210526315789,0.4375
tle_starlink_24,mappo_tle_trained,7,14028,192,69,37,86,0.359375,0.19270833333333334,2.3,10.347826086956522,20.0,2.3916666666666666,20,11,-5.7755916208681874,0.22024041098176797,0.055432098765432106,0.5854432254161287,0.021714314380723052,0.14331047893741392,0.03710337291280361,0.0739785329336413,0.4380952380952381,0.15789473684210525,0.4666666666666667
tle_starlink_24,mappo_tle_trained,7,14029,192,68,44,80,0.3541666666666667,0.22916666666666666,2.2666666666666666,8.720588235294118,18.65,2.2194444444444446,16,20,-6.16770991091471,0.20455681631307482,0.051419753086419745,0.5773480593027578,0.04012525185512801,0.1396368009642003,0.036756137035189686,0.08486792175259665,0.4523809523809524,0.25,0.3181818181818182
tle_starlink_24,mappo_tle_trained,7,14030,192,79,34,79,0.4114583333333333,0.17708333333333334,2.6333333333333333,8.113924050632912,16.099999999999994,2.1708333333333334,16,12,-3.4267687170838577,0.19386727548390367,0.05030864197530864,0.5690938851458701,0.02373423345946566,0.15978863070194338,0.036648835957184024,0.06718378872016643,0.46938775510204084,0.3225806451612903,0.40625
tle_starlink_24,mappo_tle_trained,7,14031,192,75,40,77,0.390625,0.20833333333333334,2.5,7.866666666666666,19.299999999999997,2.061111111111111,15,9,-4.94820199810772,0.20977180716278826,0.047808641975308645,0.6150181048046043,0.017552889576883383,0.15499676951302338,0.03772776766618205,0.07906485986207348,0.40625,0.423728813559322,0.2972972972972973
tle_starlink_24,mappo_tle_trained,7,14032,192,66,42,84,0.34375,0.21875,2.2,10.181818181818182,20.0,2.370833333333333,17,22,-6.473697750594636,0.20935001230260386,0.05490740740740742,0.5786942083446509,0.04491819039806656,0.14085039602067467,0.03817647318762159,0.08677203629990007,0.411214953271028,0.2,0.36666666666666664
tle_starlink_24,mappo_tle_trained,7,14033,192,79,28,85,0.4114583333333333,0.14583333333333334,2.6333333333333333,9.683544303797468,20.0,2.35,16,17,-3.6327136678944845,0.21868587868547779,0.05447530864197531,0.596650988337021,0.03480254967484069,0.16076399592266466,0.03674253493760493,0.05502622979016168,0.4336283185840708,0.3333333333333333,0.45161290322580644
tle_starlink_24,mappo_tle_trained,7,14034,192,72,39,81,0.375,0.203125,2.4,9.958333333333334,18.0,2.3194444444444446,22,36,-6.340102313807335,0.22742895685460687,0.05367283950617285,0.5552469564876443,0.06814284485724115,0.14022261536193426,0.03509331454888368,0.07437607499140006,0.45544554455445546,0.31666666666666665,0.22580645161290322
tle_starlink_24,mappo_tle_trained,7,14035,192,69,38,85,0.359375,0.19791666666666666,2.3,9.144927536231885,18.19999999999999,2.3472222222222223,19,24,-6.576210789727268,0.24287007250165452,0.05441358024691359,0.5752920237639346,0.049795167279687406,0.14111070545668064,0.03755581642218518,0.07189184153193443,0.30851063829787234,0.3870967741935484,0.4444444444444444
tle_starlink_24,mappo_tle_trained,7,14036,192,60,48,84,0.3125,0.25,2.0,8.633333333333333,18.099999999999994,2.2625,15,24,-8.264226635193326,0.21876067031835508,0.05249999999999999,0.5849849049755336,0.04830859829311842,0.12490272312253738,0.03801331212823137,0.09627872786541516,0.3564356435643564,0.2545454545454545,0.2777777777777778
tle_starlink_24,mappo_tle_trained,7,14037,192,65,53,74,0.3385416666666667,0.2760416666666667,2.1666666666666665,8.276923076923078,14.599999999999994,2.0819444444444444,13,26,-8.99509164785209,0.24876357547703476,0.048179012345679006,0.5588484517985399,0.04995462512490377,0.12897713497945695,0.03725176392314342,0.10044146313496158,0.2839506172839506,0.323943661971831,0.475
tle_starlink_24,mappo_tle_trained,7,14038,192,66,52,74,0.34375,0.2708333333333333,2.2,10.090909090909092,22.5,2.359722222222222,14,29,-7.504414210353204,0.20133591283237265,0.05435185185185185,0.571319666714272,0.05435416564286533,0.1273956965520433,0.03641607662012862,0.09423836583666305,0.4431818181818182,0.25,0.275
tle_starlink_24,mappo_tle_trained,7,14039,192,69,43,80,0.359375,0.22395833333333334,2.3,9.289855072463768,19.0,2.3027777777777776,15,19,-6.944683834262042,0.23495900674484513,0.053271604938271606,0.5557634617555566,0.03773729667305519,0.13652374400052417,0.03606702397739261,0.08011507526987403,0.4,0.3114754098360656,0.34782608695652173
tle_starlink_24,mappo_tle_trained,7,14040,192,71,51,70,0.3697916666666667,0.265625,2.3666666666666667,8.408450704225352,17.5,2.125,13,32,-7.751978389930816,0.22872032119399605,0.049012345679012345,0.5857846067733432,0.06533533588874146,0.14643153257704342,0.03816919839431558,0.10393484969336364,0.3707865168539326,0.3125,0.46153846153846156
tle_starlink_24,mappo_tle_trained,7,14041,192,75,39,78,0.390625,0.203125,2.5,8.506666666666666,19.0,2.176388888888889,15,17,-4.512063597781333,0.2058217778329056,0.050401234567901236,0.595695219511526,0.03617061444460824,0.16136521545190277,0.039380195717656066,0.07812406046539172,0.4574468085106383,0.3620689655172414,0.275
tle_starlink_24,mappo_tle_trained,7,14042,192,65,33,94,0.3385416666666667,0.171875,2.1666666666666665,9.753846153846155,19.0,2.3666666666666667,18,18,-6.373849849464914,0.23378122689395653,0.055123456790123454,0.5628306999477783,0.036001011515717406,0.13219343292872704,0.037283378900887884,0.06587846249610957,0.38144329896907214,0.24489795918367346,0.34782608695652173
tle_starlink_24,mappo_tle_trained,7,14043,192,68,39,85,0.3541666666666667,0.203125,2.2666666666666666,9.735294117647058,18.0,2.4125,18,9,-6.516061884452307,0.23155927288851294,0.0558641975308642,0.5748487584157813,0.01749260815437286,0.13342662211083262,0.03589997834665015,0.07161564040821007,0.4077669902912621,0.2,0.41025641025641024
tle_starlink_24,mappo_tle_trained,7,14044,192,78,34,80,0.40625,0.17708333333333334,2.6,8.294871794871796,18.14999999999999,2.1152777777777776,21,14,-3.8598654927603837,0.21236579337693318,0.049104938271604934,0.5827793948654391,0.030315699379166873,0.16627616836208164,0.0384697033053362,0.07068836306452406,0.45348837209302323,0.3728813559322034,0.3617021276595745
tle_starlink_24,mappo_tle_trained,7,14045,192,64,42,86,0.3333333333333333,0.21875,2.1333333333333333,9.515625,17.849999999999994,2.2888888888888888,21,14,-7.173954340917047,0.22538105478459264,0.05314814814814815,0.558370899482653,0.0294813138930786,0.1311327463959043,0.03759291250662088,0.08400254343752796,0.3838383838383838,0.19642857142857142,0.40540540540540543
tle_starlink_24,mappo_tle_trained,7,14046,192,67,37,88,0.3489583333333333,0.19270833333333334,2.2333333333333334,9.283582089552239,17.0,2.2777777777777777,13,9,-5.826380724978878,0.21096603987935889,0.05296296296296296,0.5838631674857807,0.016709461562402737,0.1349175020885547,0.03620895739247676,0.07268108997985159,0.4375,0.21818181818181817,0.3170731707317073
tle_starlink_24,mappo_tle_trained,7,14047,192,74,37,81,0.3854166666666667,0.19270833333333334,2.466666666666667,8.905405405405405,20.0,2.25,13,35,-5.6069063090660745,0.21568315139989877,0.05212962962962964,0.5710069767664465,0.06631742755581765,0.14528817401495422,0.03634798003879089,0.07304369435174388,0.38202247191011235,0.3230769230769231,0.5
tle_starlink_24,mappo_tle_trained,7,14048,192,73,33,86,0.3802083333333333,0.171875,2.433333333333333,7.958904109589041,16.39999999999999,2.136111111111111,18,15,-4.093413889348021,0.1995465533824639,0.04975308641975309,0.5902159289947003,0.028997022785722477,0.15269356918737728,0.03772626537087053,0.06694581075386029,0.3786407766990291,0.32558139534883723,0.43478260869565216
tle_starlink_24,mappo_tle_trained,7,14049,192,70,45,77,0.3645833333333333,0.234375,2.3333333333333335,8.757142857142858,18.549999999999997,2.0791666666666666,14,10,-7.230665019695072,0.23835784398147897,0.04820987654320987,0.5949998866289583,0.019344828574704733,0.13931045090100816,0.036563617340308295,0.08784600389863546,0.43023255813953487,0.30158730158730157,0.32558139534883723
tle_starlink_24,mappo_tle_trained,7,14050,192,76,44,72,0.3958333333333333,0.22916666666666666,2.533333333333333,8.56578947368421,20.5,2.176388888888889,13,15,-5.5578627175385495,0.21644726501832764,0.050216049382716045,0.594385929410878,0.031848055911523405,0.1609046576345338,0.03805274897382387,0.09041891115420526,0.45121951219512196,0.3,0.42
tle_starlink_24,mappo_tle_trained,42,14001,192,72,39,81,0.375,0.203125,2.4,9.777777777777779,19.450000000000003,2.140277777777778,16,18,-5.919861313180204,0.23038700788638353,0.04969135802469135,0.5455898028995947,0.03477783511065245,0.1444729927508565,0.036973226570608975,0.07546136583288285,0.4090909090909091,0.3389830508474576,0.35555555555555557
tle_starlink_24,mappo_tle_trained,42,14002,192,78,33,81,0.40625,0.171875,2.6,8.961538461538462,19.14999999999999,2.173611111111111,14,18,-4.851553517241873,0.24287386999665211,0.050432098765432094,0.6008930643708343,0.03481653480105493,0.15760691278106143,0.037353292500476185,0.06146239224025602,0.4,0.4339622641509434,0.38235294117647056
tle_starlink_24,mappo_tle_trained,42,14003,192,71,38,83,0.3697916666666667,0.19791666666666666,2.3666666666666667,8.71830985915493,19.0,2.2930555555555556,13,30,-5.651910766999351,0.21950862797035542,0.05314814814814816,0.5796534100061894,0.058946242239585896,0.14443516150172495,0.03674196208265445,0.07090570821220975,0.4044943820224719,0.3333333333333333,0.34782608695652173
tle_starlink_24,mappo_tle_trained,42,14004,192,72,37,83,0.375,0.19270833333333334,2.4,9.333333333333334,18.450000000000003,2.363888888888889,12,26,-5.802640194262988,0.22496488603453546,0.05472222222222223,0.5620112522131551,0.047982742804724234,0.14049664602683182,0.035767284579065986,0.06814878290497486,0.41346153846153844,0.2542372881355932,0.4827586206896552
tle_starlink_24,mappo_tle_trained,42,14005,192,69,39,84,0.359375,0.203125,2.3,8.579710144927537,16.599999999999994,2.254166666666667,12,26,-6.748599061379143,0.23918537875620785,0.052314814814814814,0.5855923504191373,0.05191968892820286,0.14019951840385272,0.03663047184406917,0.07585444411682803,0.29473684210526313,0.375,0.5151515151515151
tle_starlink_24,mappo_tle_trained,42,14006,192,82,32,78,0.4270833333333333,0.16666666666666666,2.7333333333333334,8.646341463414634,18.950000000000003,2.0861111111111112,14,35,-3.6762246022054215,0.21637924075620715,0.048395061728395056,0.5531704797269165,0.06742689270940044,0.16244095186432647,0.03622759699984989,0.05995112372434354,0.4563106796116505,0.40425531914893614,0.38095238095238093
tle_starlink_24,mappo_tle_trained,42,14007,192,75,35,82,0.390625,0.18229166666666666,2.5,8.48,17.0,2.1125,16,26,-4.903027502236748,0.22700364515765428,0.049104938271604934,0.5771743415098884,0.05560381125009608,0.15638888731380987,0.03792498568411122,0.06864686697891034,0.46153846153846156,0.3064516129032258,0.358974358974359
tle_starlink_24,mappo_tle_trained,42,14008,192,71,40,81,0.3697916666666667,0.20833333333333334,2.3666666666666667,9.112676056338028,19.0,2.2222222222222223,16,23,-6.13012891204057,0.22308261623272346,0.05151234567901234,0.6004239300218054,0.0459457671957672,0.14585455122219831,0.03814321390697528,0.07935418611889199,0.3723404255319149,0.2807017543859649,0.4878048780487805
tle_starlink_24,mappo_tle_trained,42,14009,192,71,37,84,0.3697916666666667,0.19270833333333334,2.3666666666666667,9.492957746478874,20.0,2.276388888888889,19,33,-6.501174460753439,0.24426332603149273,0.052808641975308636,0.5647994598302494,0.06510010729437973,0.14213481006437664,0.03665205500410816,0.07065001146657493,0.3695652173913043,0.3050847457627119,0.4634146341463415
tle_starlink_24,mappo_tle_trained,42,14010,192,72,37,83,0.375,0.19270833333333334,2.4,8.055555555555555,16.450000000000003,2.120833333333333,12,30,-4.450280534839887,0.19194585437973571,0.04932098765432098,0.5439840238543445,0.06099261634478352,0.14898580564602235,0.03725229011763622,0.0722947483086802,0.4411764705882353,0.21428571428571427,0.4411764705882353
tle_starlink_24,mappo_tle_trained,42,14011,192,74,41,77,0.3854166666666667,0.21354166666666666,2.466666666666667,8.472972972972974,17.349999999999994,2.040277777777778,14,16,-5.084025701475659,0.20347890330207338,0.04734567901234568,0.5878058604574945,0.03314913572266513,0.15419468732162228,0.0380171143668406,0.08364466344342507,0.4791666666666667,0.2903225806451613,0.29411764705882354
tle_starlink_24,mappo_tle_trained,42,14012,192,70,35,87,0.3645833333333333,0.18229166666666666,2.3333333333333335,9.157142857142857,20.099999999999994,2.2847222222222223,17,40,-6.036540728098324,0.23523604688117525,0.053086419753086415,0.5676072931192392,0.07729202499713335,0.14209529133290744,0.03662537848114089,0.06591087604632496,0.45054945054945056,0.2982456140350877,0.2727272727272727
tle_starlink_24,mappo_tle_trained,42,14013,192,77,37,78,0.4010416666666667,0.19270833333333334,2.566666666666667,9.03896103896104,18.0,2.183333333333333,15,33,-5.138795405859712,0.23038814810359437,0.05055555555555556,0.597101692566804,0.069963614100611,0.16186606593727335,0.03794125772547145,0.07334785083624092,0.449438202247191,0.3384615384615385,0.39473684210526316
tle_starlink_24,mappo_tle_trained,42,14014,192,75,46,71,0.390625,0.23958333333333334,2.5,8.213333333333333,16.599999999999994,2.1083333333333334,16,22,-6.007203936021401,0.21579089335438872,0.048672839506172835,0.5628099541308741,0.04245327370714368,0.14875151995121033,0.036256262564621465,0.08730836486641438,0.44565217391304346,0.2711864406779661,0.43902439024390244
tle_starlink_24,mappo_tle_trained,42,14015,192,73,40,79,0.3802083333333333,0.20833333333333334,2.433333333333333,8.506849315068493,19.0,2.1958333333333333,15,27,-5.257787960548704,0.21177640631914005,0.05086419753086421,0.5535984963298919,0.052807242780152995,0.14666939470345045,0.03636070525999099,0.07328662751650368,0.43010752688172044,0.2830188679245283,0.391304347826087
tle_starlink_24,mappo_tle_trained,42,14016,192,65,42,85,0.3385416666666667,0.21875,2.1666666666666665,9.338461538461539,19.799999999999997,2.3,19,46,-7.277324422689571,0.22797142457016673,0.053364197530864195,0.5480253565570231,0.08712421608319441,0.13024465701710283,0.03604279235491456,0.07828617704391698,0.3838383838383838,0.2545454545454545,0.34210526315789475
tle_starlink_24,mappo_tle_trained,42,14017,192,64,42,86,0.3333333333333333,0.21875,2.1333333333333333,9.390625,17.849999999999994,2.3513888888888888,16,29,-6.712735654558364,0.20824339434056685,0.054537037037037044,0.5866904872451659,0.05728893311710649,0.1328261185265829,0.03715907203487086,0.08184716284174488,0.44660194174757284,0.13725490196078433,0.2894736842105263
tle_starlink_24,mappo_tle_trained,42,14018,192,66,44,82,0.34375,0.22916666666666666,2.2,9.121212121212121,17.5,2.2847222222222223,14,38,-7.4410115660767575,0.23846616225484188,0.0529320987654321,0.5402542989457165,0.07051760560274493,0.1328155282683146,0.03639531799156967,0.0805422256621947,0.38461538461538464,0.288135593220339,0.3333333333333333
tle_starlink_24,mappo_tle_trained,42,14019,192,69,41,82,0.359375,0.21354166666666666,2.3,9.159420289855072,17.599999999999994,2.220833333333333,15,30,-5.934097355359418,0.2113338337658967,0.05151234567901234,0.5743496374281108,0.057754209871082936,0.1392678275456913,0.03649458285208032,0.07557996297934379,0.4166666666666667,0.24528301886792453,0.37209302325581395
tle_starlink_24,mappo_tle_trained,42,14020,192,63,48,81,0.328125,0.25,2.1,10.063492063492063,20.0,2.323611111111111,16,44,-8.511540990906063,0.2387437598875672,0.05376543209876543,0.5566719781572024,0.08604628873591721,0.12522017618093803,0.03649603446274547,0.08793811040816021,0.37755102040816324,0.1694915254237288,0.45714285714285713
tle_starlink_24,mappo_tle_trained,42,14021,192,70,37,85,0.3645833333333333,0.19270833333333334,2.3333333333333335,9.228571428571428,18.0,2.2375,17,27,-5.4507814081012205,0.2093941785817472,0.05197530864197532,0.5812189437963428,0.053423775943125786,0.14417571864553286,0.03798882416195113,0.07323209670732891,0.4,0.3333333333333333,0.3055555555555556
tle_starlink_24,mappo_tle_trained,42,14022,192,62,44,86,0.3229166666666667,0.22916666666666666,2.066666666666667,9.64516129032258,20.0,2.3291666666666666,14,24,-7.411487195550208,0.21524906034234043,0.05404320987654322,0.5805090588193249,0.04312942747540271,0.1202986018968991,0.0351284291256644,0.07948675722282533,0.3431372549019608,0.2127659574468085,0.3953488372093023
tle_starlink_24,mappo_tle_trained,42,14023,192,73,36,83,0.3802083333333333,0.1875,2.433333333333333,9.931506849315069,20.799999999999983,2.3555555555555556,18,25,-5.226628176954918,0.21682019163748206,0.05453703703703703,0.5595835119243865,0.048449227644274076,0.1465817573093115,0.036270914225181985,0.06882967221976512,0.4351851851851852,0.2708333333333333,0.3611111111111111
tle_starlink_24,mappo_tle_trained,42,14024,192,63,42,87,0.328125,0.21875,2.1,9.396825396825397,17.9,2.311111111111111,16,55,-8.198484588578062,0.2350652535030021,0.05367283950617284,0.5877482444092922,0.11041610593855176,0.12836030498569198,0.037519127721762066,0.08369497304094828,0.2988505747126437,0.31746031746031744,0.40476190476190477
tle_starlink_24,mappo_tle_trained,42,14025,192,69,45,78,0.359375,0.234375,2.3,9.043478260869565,18.19999999999999,2.151388888888889,12,34,-6.670623560599871,0.22026894154707805,0.04984567901234567,0.5782279536343451,0.06737270755846607,0.14228176765328465,0.037428852576852537,0.08586597355173205,0.4536082474226804,0.24561403508771928,0.2894736842105263
tle_starlink_24,mappo_tle_trained,42,14026,192,70,40,82,0.3645833333333333,0.20833333333333334,2.3333333333333335,9.285714285714286,19.64999999999999,2.25,16,19,-6.494876915627075,0.22820686608605825,0.052160493827160495,0.5926630058925434,0.03748110062738545,0.13965920961276998,0.03622570883252748,0.07774698183366913,0.3763440860215054,0.23728813559322035,0.525
tle_starlink_24,mappo_tle_trained,42,14027,192,78,34,80,0.40625,0.17708333333333334,2.6,9.564102564102564,18.299999999999983,2.2305555555555556,15,10,-4.390049980606469,0.2083812000280974,0.05166666666666666,0.5861565395631264,0.019968671679197993,0.15234889952382213,0.03690602681348544,0.06750913703313084,0.5048543689320388,0.24561403508771928,0.375
tle_starlink_24,mappo_tle_trained,42,14028,192,67,42,83,0.3489583333333333,0.21875,2.2333333333333334,9.64179104477612,17.699999999999996,2.2875,18,33,-7.294393688383535,0.2370064067707781,0.05302469135802469,0.5677126003909917,0.06428352335086081,0.13613641632991483,0.037087842319113135,0.08132819007045014,0.38095238095238093,0.21052631578947367,0.5
tle_starlink_24,mappo_tle_trained,42,14029,192,68,47,77,0.3541666666666667,0.24479166666666666,2.2666666666666666,9.191176470588236,20.65,2.2916666666666665,12,19,-7.099164409507129,0.22873527997767812,0.052932098765432097,0.571475902464492,0.037263215227611515,0.13843131584617654,0.03672055769983233,0.08707409864530608,0.4642857142857143,0.265625,0.2727272727272727
tle_starlink_24,mappo_tle_trained,42,14030,192,77,38,77,0.4010416666666667,0.19791666666666666,2.566666666666667,7.857142857142857,17.0,2.1013888888888888,12,19,-4.552174618820199,0.20509064309920141,0.048703703703703694,0.565006896081004,0.037434783855062485,0.15256562566547088,0.036009680091497784,0.07261409242059397,0.4387755102040816,0.3225806451612903,0.4375
tle_starlink_24,mappo_tle_trained,42,14031,192,74,42,76,0.3854166666666667,0.21875,2.466666666666667,7.648648648648648,16.349999999999994,2.111111111111111,13,37,-5.323172267402234,0.2018226801699358,0.048888888888888885,0.5906578780097137,0.07436356800520885,0.15059662874678356,0.03695540906577335,0.08003224974200206,0.4583333333333333,0.3220338983050847,0.2972972972972973
tle_starlink_24,mappo_tle_trained,42,14032,192,66,46,80,0.34375,0.23958333333333334,2.2,9.803030303030303,21.0,2.3847222222222224,16,39,-7.468645435532399,0.2266252440318467,0.05509259259259259,0.5806279792919609,0.07640015070355628,0.13670301633923923,0.03765193639198997,0.0872767703572657,0.3925233644859813,0.23636363636363636,0.36666666666666664
tle_starlink_24,mappo_tle_trained,42,14033,192,76,38,78,0.3958333333333333,0.19791666666666666,2.533333333333333,8.921052631578947,17.75,2.209722222222222,15,22,-4.646816000622907,0.2115906493087234,0.05114197530864196,0.5946433599206807,0.04287346225039724,0.15902480875391095,0.03771751415741969,0.07431423739086278,0.4336283185840708,0.3333333333333333,0.3548387096774194
tle_starlink_24,mappo_tle_trained,42,14034,192,74,39,79,0.3854166666666667,0.203125,2.466666666666667,10.067567567567568,18.69999999999999,2.2916666666666665,21,35,-5.922835302964053,0.22216331991855157,0.05299382716049384,0.5607399537649382,0.0678989344275722,0.1431422454680968,0.035588875134470364,0.07297064147296345,0.48514851485148514,0.2833333333333333,0.25806451612903225
tle_starlink_24,mappo_tle_trained,42,14035,192,71,38,83,0.3697916666666667,0.19791666666666666,2.3666666666666667,9.154929577464788,18.5,2.2111111111111112,19,44,-6.807069577049634,0.24260435058712712,0.05132716049382716,0.5709103218352617,0.08579977312562452,0.14044126224079787,0.037117014600695504,0.073078038232837,0.32978723404255317,0.41935483870967744,0.3888888888888889
tle_starlink_24,mappo_tle_trained,42,14036,192,65,43,84,0.3385416666666667,0.22395833333333334,2.1666666666666665,9.8,19.599999999999994,2.3375,15,40,-6.8218909222514,0.21265129355770854,0.05416666666666666,0.5548693420417536,0.08116881255426149,0.13023564284013198,0.03599472937781143,0.07828142660573002,0.43564356435643564,0.16363636363636364,0.3333333333333333
tle_starlink_24,mappo_tle_trained,42,14037,192,65,48,79,0.3385416666666667,0.25,2.1666666666666665,9.323076923076924,17.599999999999994,2.2041666666666666,17,36,-8.483540507535093,0.24816412609166028,0.05104938271604939,0.5671190617889024,0.07230542104381114,0.131982583406732,0.037486008190207226,0.09141231346339705,0.345679012345679,0.28169014084507044,0.425
tle_starlink_24,mappo_tle_trained,42,14038,192,65,39,88,0.3385416666666667,0.203125,2.1666666666666665,10.4,21.0,2.484722222222222,16,45,-7.47698923538593,0.23529940894328974,0.05756172839506171,0.570885120638516,0.08975925777009368,0.12930603581145378,0.03655384691183195,0.07390025308368961,0.4318181818181818,0.265625,0.25
tle_starlink_24,mappo_tle_trained,42,14039,192,66,46,80,0.34375,0.23958333333333334,2.2,9.484848484848484,17.75,2.3194444444444446,12,24,-7.428149331721825,0.22857312703092958,0.053641975308641975,0.5634405388962301,0.04526659786721706,0.12950855173378395,0.03567795526644231,0.08308510246203744,0.36470588235294116,0.2459016393442623,0.43478260869565216
tle_starlink_24,mappo_tle_trained,42,14040,192,69,43,80,0.359375,0.22395833333333334,2.3,8.623188405797102,17.799999999999983,2.2111111111111112,20,29,-6.3448929463793995,0.2061686184117508,0.05123456790123456,0.5999001370193613,0.06047745211444902,0.14618607069458464,0.03832817667507342,0.09039698920503873,0.4044943820224719,0.28125,0.38461538461538464
tle_starlink_24,mappo_tle_trained,42,14041,192,75,42,75,0.390625,0.21875,2.5,9.213333333333333,19.89999999999999,2.1555555555555554,17,26,-5.954615025801888,0.22940610431619352,0.049845679012345684,0.6016194384784872,0.057452925614690314,0.15921778427970376,0.039047287061398796,0.08604141544157023,0.48936170212765956,0.3448275862068966,0.225
tle_starlink_24,mappo_tle_trained,42,14042,192,71,35,86,0.3697916666666667,0.18229166666666666,2.3666666666666667,8.690140845070422,18.5,2.220833333333333,16,20,-5.169324721132403,0.2135554304464857,0.05163580246913581,0.5613826599593896,0.04112292577849853,0.14521424539226396,0.03738159918882787,0.06988711566497943,0.4329896907216495,0.24489795918367346,0.3695652173913043
tle_starlink_24,mappo_tle_trained,42,14043,192,67,40,85,0.3489583333333333,0.20833333333333334,2.2333333333333334,10.0,19.0,2.361111111111111,16,46,-6.879041976430015,0.22295467764973956,0.054722222222222214,0.5584112893912321,0.08924902124592525,0.13052619293331366,0.035904043279298054,0.07316999606860289,0.39805825242718446,0.2,0.41025641025641024
tle_starlink_24,mappo_tle_trained,42,14044,192,77,37,78,0.4010416666666667,0.19270833333333334,2.566666666666667,8.662337662337663,18.200000000000003,2.1708333333333334,20,24,-4.823270920898938,0.2229999523718026,0.05027777777777777,0.5705188611280304,0.049387817205154665,0.15772313356291687,0.03717266858168414,0.07117653674155222,0.4186046511627907,0.3559322033898305,0.425531914893617
tle_starlink_24,mappo_tle_trained,42,14045,192,71,34,87,0.3697916666666667,0.17708333333333334,2.3666666666666667,10.126760563380282,18.0,2.3125,15,24,-5.324139560746194,0.2235840210006122,0.053703703703703705,0.5640889380256798,0.04752350647861484,0.1459845739915399,0.03723928458961526,0.066627979576896,0.4444444444444444,0.23214285714285715,0.3783783783783784
tle_starlink_24,mappo_tle_trained,42,14046,192,65,42,85,0.3385416666666667,0.21875,2.1666666666666665,8.938461538461539,18.19999999999999,2.2333333333333334,14,40,-7.015829345546594,0.207450785433661,0.05188271604938271,0.565784671333755,0.07595600520910119,0.12650060609038938,0.035551750366038554,0.08129019444034925,0.40625,0.2,0.36585365853658536
tle_starlink_24,mappo_tle_trained,42,14047,192,78,35,79,0.40625,0.18229166666666666,2.6,8.371794871794872,16.0,2.0819444444444444,14,43,-4.473127909471786,0.20394241551019038,0.04833333333333334,0.5721806450084398,0.08356286959228135,0.1532745876128229,0.036071823308355934,0.06775326797385621,0.4157303370786517,0.3230769230769231,0.5263157894736842
tle_starlink_24,mappo_tle_trained,42,14048,192,75,30,87,0.390625,0.15625,2.5,8.066666666666666,16.0,2.172222222222222,17,30,-3.9713055774016985,0.2095792017899695,0.05058641975308641,0.5875207379176215,0.06253570231511409,0.15999570619152662,0.038314583092320845,0.06361462740332709,0.3883495145631068,0.37209302325581395,0.41304347826086957
tle_starlink_24,mappo_tle_trained,42,14049,192,70,44,78,0.3645833333333333,0.22916666666666666,2.3333333333333335,9.314285714285715,20.0,2.251388888888889,14,37,-7.0952499534283096,0.23234548556047127,0.0520679012345679,0.5967368119405333,0.07759589395812304,0.14445701829989757,0.03726302826508344,0.08625169951021343,0.47674418604651164,0.25396825396825395,0.3023255813953488
tle_starlink_24,mappo_tle_trained,42,14050,192,75,41,76,0.390625,0.21354166666666666,2.5,9.16,20.299999999999997,2.191666666666667,16,23,-5.435199137178304,0.2154332477900826,0.050679012345679016,0.5820743143967501,0.04560979655019902,0.15335824950763033,0.03657783533284165,0.08046308581912297,0.524390243902439,0.23333333333333334,0.36
tle_starlink_24,mappo_tle_trained,123,14001,192,74,39,79,0.3854166666666667,0.203125,2.466666666666667,10.121621621621621,19.69999999999999,2.1944444444444446,14,29,-6.123840384339155,0.23983943285881573,0.05083333333333335,0.5601493062467988,0.05648166576572149,0.1496224960969543,0.037388448077109206,0.07590839844709812,0.4318181818181818,0.3220338983050847,0.37777777777777777
tle_starlink_24,mappo_tle_trained,123,14002,192,78,31,83,0.40625,0.16145833333333334,2.6,7.653846153846154,17.0,2.029166666666667,14,23,-3.4062237139400002,0.1965708858947498,0.04728395061728396,0.6102325140619345,0.04577821186954314,0.16189116582305438,0.03775307042428943,0.06448543744983373,0.4,0.41509433962264153,0.4117647058823529
tle_starlink_24,mappo_tle_trained,123,14003,192,80,39,73,0.4166666666666667,0.203125,2.6666666666666665,8.7875,17.049999999999997,2.126388888888889,12,46,-5.328125384500115,0.23121157718301977,0.04913580246913581,0.584646566472293,0.0897964320681039,0.16070142361938028,0.03679339702985763,0.07419176239996675,0.39325842696629215,0.43859649122807015,0.43478260869565216
tle_starlink_24,mappo_tle_trained,123,14004,192,73,42,77,0.3802083333333333,0.21875,2.433333333333333,9.452054794520548,20.0,2.201388888888889,14,52,-6.380051391185937,0.21862290679046087,0.05092592592592594,0.5613927353176167,0.10094609166203594,0.14391301580543064,0.03625448515763205,0.08058841170296278,0.41346153846153844,0.23728813559322035,0.5517241379310345
tle_starlink_24,mappo_tle_trained,123,14005,192,67,41,84,0.3489583333333333,0.21354166666666666,2.2333333333333334,9.208955223880597,18.0,2.2875,15,34,-7.0291838765591175,0.2249907264032471,0.05305555555555556,0.583993366219239,0.06646118973905352,0.13249479908922632,0.03627300979778467,0.07827084049994265,0.30526315789473685,0.328125,0.5151515151515151
tle_starlink_24,mappo_tle_trained,123,14006,192,76,30,86,0.3958333333333333,0.15625,2.533333333333333,8.657894736842104,20.25,2.172222222222222,14,52,-4.0227169273667345,0.20317089147093628,0.050555555555555555,0.5677057073792603,0.10231491719494815,0.15431698117843629,0.03633831016006539,0.05912090274706374,0.44660194174757284,0.3191489361702128,0.35714285714285715
tle_starlink_24,mappo_tle_trained,123,14007,192,75,30,87,0.390625,0.15625,2.5,8.36,18.0,2.1166666666666667,17,37,-4.486544053240375,0.2311355346735479,0.04935185185185185,0.5934751900376936,0.07565934538457758,0.1589712009410152,0.038217690522125494,0.05928784851772469,0.4175824175824176,0.3548387096774194,0.38461538461538464
tle_starlink_24,mappo_tle_trained,123,14008,192,73,40,79,0.3802083333333333,0.20833333333333334,2.433333333333333,8.95890410958904,17.39999999999999,2.172222222222222,17,25,-5.484769697255044,0.20748990748117616,0.05033950617283951,0.5923911791396369,0.051009181450357925,0.150708839091192,0.038203577076763695,0.08161025521319637,0.44680851063829785,0.24561403508771928,0.4146341463414634
tle_starlink_24,mappo_tle_trained,123,14009,192,74,38,80,0.3854166666666667,0.19791666666666666,2.466666666666667,9.405405405405405,19.349999999999994,2.2319444444444443,16,58,-6.365534927579038,0.23548340188566058,0.05169753086419753,0.5742736614849394,0.10687894163513359,0.1474698309373232,0.03686034089763006,0.07389677215915606,0.3695652173913043,0.3220338983050847,0.5121951219512195
tle_starlink_24,mappo_tle_trained,123,14010,192,67,38,87,0.3489583333333333,0.19791666666666666,2.2333333333333334,8.313432835820896,18.0,2.1444444444444444,15,54,-6.321963430725213,0.21582106013168517,0.04996913580246914,0.5569382584743353,0.10642087716778119,0.13422680948222743,0.03642062564574459,0.07138465035136861,0.3627450980392157,0.26785714285714285,0.4411764705882353
tle_starlink_24,mappo_tle_trained,123,14011,192,71,40,81,0.3697916666666667,0.20833333333333334,2.3666666666666667,8.450704225352112,17.0,2.029166666666667,15,32,-5.820731096405437,0.2172035077667908,0.04722222222222221,0.6021730715138708,0.06266898864809081,0.14940628185597224,0.03851123670098396,0.08062670974822676,0.4270833333333333,0.3225806451612903,0.29411764705882354
tle_starlink_24,mappo_tle_trained,123,14012,192,68,38,86,0.3541666666666667,0.19791666666666666,2.2666666666666666,8.838235294117647,19.0,2.188888888888889,17,40,-5.990862382467108,0.21354236413384964,0.05092592592592593,0.5920719235097543,0.08167987842910443,0.14249100687181182,0.03845054703524635,0.07550304943880796,0.46153846153846156,0.2631578947368421,0.25
tle_starlink_24,mappo_tle_trained,123,14013,192,75,29,88,0.390625,0.15104166666666666,2.5,9.706666666666667,20.0,2.363888888888889,16,58,-4.946822489470765,0.2407253258416016,0.05487654320987654,0.6110179937345955,0.12458837516113057,0.16629640497674553,0.039197639069974796,0.061460547106831936,0.43820224719101125,0.35384615384615387,0.34210526315789475
tle_starlink_24,mappo_tle_trained,123,14014,192,76,38,78,0.3958333333333333,0.19791666666666666,2.533333333333333,8.171052631578947,16.0,2.0722222222222224,13,36,-5.163354467720748,0.21667025069800327,0.04808641975308641,0.5840799151057955,0.07093520156600652,0.15512679228236503,0.03710993952976221,0.07545999393909611,0.45652173913043476,0.3389830508474576,0.34146341463414637
tle_starlink_24,mappo_tle_trained,123,14015,192,75,30,87,0.390625,0.15625,2.5,9.186666666666667,20.0,2.2847222222222223,15,43,-4.453171046518109,0.21649228469091333,0.053086419753086415,0.5785183178165242,0.081905495891564,0.15101556825241033,0.036197434697360184,0.05682803823283699,0.44086021505376344,0.2830188679245283,0.41304347826086957
tle_starlink_24,mappo_tle_trained,123,14016,192,67,43,82,0.3489583333333333,0.22395833333333334,2.2333333333333334,8.805970149253731,19.0,2.2375,15,56,-6.769701643876437,0.2127877348382297,0.05188271604938272,0.5563886867443277,0.10720076334627418,0.13510287628321682,0.036391756200369905,0.08042518469376055,0.42424242424242425,0.2545454545454545,0.2894736842105263
tle_starlink_24,mappo_tle_trained,123,14017,192,71,31,90,0.3697916666666667,0.16145833333333334,2.3666666666666667,10.380281690140846,21.5,2.426388888888889,18,36,-5.304912861524199,0.22471014346327606,0.056327160493827154,0.5943872240896474,0.07236653725817813,0.14655334918492813,0.03704656233134942,0.061274284567628214,0.46601941747572817,0.17647058823529413,0.3684210526315789
tle_starlink_24,mappo_tle_trained,123,14018,192,69,41,82,0.359375,0.21354166666666666,2.3,9.376811594202898,19.19999999999999,2.2888888888888888,13,43,-6.653090054495277,0.23110766577677413,0.053024691358024685,0.5594876958037727,0.07944636919095123,0.13916839137814369,0.03641999654378223,0.07554949465166182,0.3956043956043956,0.2711864406779661,0.40476190476190477
tle_starlink_24,mappo_tle_trained,123,14019,192,73,37,82,0.3802083333333333,0.19270833333333334,2.433333333333333,9.547945205479452,19.39999999999999,2.2291666666666665,15,36,-5.57121478858839,0.22267872783432333,0.051697530864197525,0.6010395490288728,0.0729862898825747,0.15066662597235353,0.0372938248400558,0.07228653183761542,0.4479166666666667,0.22641509433962265,0.4186046511627907
tle_starlink_24,mappo_tle_trained,123,14020,192,65,42,85,0.3385416666666667,0.21875,2.1666666666666665,8.492307692307692,17.599999999999994,2.272222222222222,17,63,-7.624357015697698,0.22909598143426738,0.052746913580246906,0.5643600509521643,0.12379944172900827,0.13207866164909507,0.03713990113349433,0.08104958065097384,0.35714285714285715,0.288135593220339,0.37142857142857144
tle_starlink_24,mappo_tle_trained,123,14021,192,70,31,91,0.3645833333333333,0.16145833333333334,2.3333333333333335,9.657142857142857,19.099999999999994,2.2944444444444443,17,40,-5.971711998520934,0.2390933506363368,0.05342592592592592,0.5896062699562716,0.07789932347207888,0.141405901316892,0.03739128430418311,0.06087757887680488,0.3619047619047619,0.4117647058823529,0.3055555555555556
tle_starlink_24,mappo_tle_trained,123,14022,192,64,40,88,0.3333333333333333,0.20833333333333334,2.1333333333333333,9.3125,18.549999999999983,2.3069444444444445,17,59,-7.555636349214068,0.2316785971517442,0.05361111111111112,0.6006180065242338,0.11540534814915618,0.13235061635990428,0.03770797279071208,0.07753731204582598,0.3431372549019608,0.2765957446808511,0.37209302325581395
tle_starlink_24,mappo_tle_trained,123,14023,192,70,37,85,0.3645833333333333,0.19270833333333334,2.3333333333333335,10.114285714285714,22.099999999999994,2.388888888888889,20,48,-6.17868389609351,0.21735311343159922,0.05533950617283952,0.5705351645080844,0.09221648893475519,0.13773274541076397,0.03591740417129331,0.07035417383327601,0.39814814814814814,0.2708333333333333,0.3888888888888889
tle_starlink_24,mappo_tle_trained,123,14024,192,69,37,86,0.359375,0.19270833333333334,2.3,9.0,17.0,2.2472222222222222,15,43,-6.690025498599229,0.23865965282717788,0.05222222222222222,0.6100987776659532,0.08864397513391321,0.1454871577510896,0.03836458842228066,0.0754813016074626,0.367816091954023,0.3492063492063492,0.35714285714285715
tle_starlink_24,mappo_tle_trained,123,14025,192,73,40,79,0.3802083333333333,0.20833333333333334,2.433333333333333,9.136986301369863,18.39999999999999,2.186111111111111,14,35,-5.608860320998135,0.2166509926853221,0.050648148148148144,0.5923518102321108,0.06967520611483459,0.15055623756475148,0.03756947132267114,0.07698890262357755,0.4639175257731959,0.2631578947368421,0.34210526315789475
tle_starlink_24,mappo_tle_trained,123,14026,192,72,44,76,0.375,0.22916666666666666,2.4,8.680555555555555,18.0,2.1055555555555556,14,37,-6.596584776884985,0.22162277731202462,0.04876543209876543,0.5838027226800002,0.07250462758202696,0.1426957224635243,0.036190323286379625,0.08407112552623389,0.3655913978494624,0.2711864406779661,0.55
tle_starlink_24,mappo_tle_trained,123,14027,192,74,38,80,0.3854166666666667,0.19791666666666666,2.466666666666667,9.837837837837839,20.0,2.2111111111111112,14,34,-5.670734965591005,0.21178649179928127,0.05123456790123456,0.5834026229722766,0.06880055530984323,0.14411622633758858,0.036616828403800476,0.07436037460418267,0.49514563106796117,0.21052631578947367,0.34375
tle_starlink_24,mappo_tle_trained,123,14028,192,64,37,91,0.3333333333333333,0.19270833333333334,2.1333333333333333,10.375,19.0,2.433333333333333,16,43,-7.441117965589863,0.23975372950442855,0.05651234567901234,0.5780204863939706,0.08459881320949433,0.12980105965013083,0.03709655731197818,0.07212215587989582,0.3619047619047619,0.19298245614035087,0.5
tle_starlink_24,mappo_tle_trained,123,14029,192,71,45,76,0.3697916666666667,0.234375,2.3666666666666667,8.774647887323944,18.5,2.1944444444444446,14,28,-6.06488928792011,0.209399129170175,0.05074074074074075,0.5702641671031508,0.05345823151163708,0.14690895762877185,0.03740689050084876,0.08726520884802617,0.5119047619047619,0.25,0.2727272727272727
tle_starlink_24,mappo_tle_trained,123,14030,192,78,39,75,0.40625,0.203125,2.6,8.205128205128204,17.299999999999983,2.1055555555555556,14,55,-4.7153646729213445,0.19569110572941442,0.04873456790123457,0.5679794237657725,0.1044519591462316,0.15466671643916224,0.036157329072831416,0.0752647140727636,0.4897959183673469,0.25806451612903225,0.4375
tle_starlink_24,mappo_tle_trained,123,14031,192,72,38,82,0.375,0.19791666666666666,2.4,8.152777777777779,17.450000000000003,2.1527777777777777,17,34,-4.926329457874486,0.19606179319655614,0.05000000000000001,0.6111553583142826,0.07116606561653001,0.15101829800746208,0.0377383858407528,0.07553159860435402,0.4270833333333333,0.3389830508474576,0.2972972972972973
tle_starlink_24,mappo_tle_trained,123,14032,192,70,44,78,0.3645833333333333,0.22916666666666666,2.3333333333333335,9.571428571428571,19.549999999999997,2.2805555555555554,15,45,-6.714194592266512,0.2153525498553334,0.05271604938271604,0.5549686789297003,0.08931231264435599,0.1388875467784136,0.0369844093162235,0.08349920962537061,0.3925233644859813,0.2909090909090909,0.4
tle_starlink_24,mappo_tle_trained,123,14033,192,81,29,82,0.421875,0.15104166666666666,2.7,9.123456790123457,20.0,2.1666666666666665,14,27,-3.3726058735446487,0.21120823708052314,0.050308641975308634,0.5993444141925347,0.05531588366340688,0.16502291267384148,0.03760569960306172,0.05812634117974676,0.4336283185840708,0.3958333333333333,0.41935483870967744
tle_starlink_24,mappo_tle_trained,123,14034,192,75,39,78,0.390625,0.203125,2.5,9.8,18.599999999999994,2.3125,20,48,-5.894512332001869,0.21556968472905189,0.053425925925925925,0.5620417543022905,0.09094298245614034,0.14386351909184728,0.03491015991727371,0.07400828460038986,0.4752475247524752,0.31666666666666665,0.25806451612903225
tle_starlink_24,mappo_tle_trained,123,14035,192,70,37,85,0.3645833333333333,0.19270833333333334,2.3333333333333335,9.1,18.549999999999997,2.297222222222222,18,32,-6.222868528391627,0.23550551905122116,0.05330246913580247,0.5813728909994669,0.061887382483357706,0.14406638367938676,0.0376377537553547,0.07156784148657214,0.35106382978723405,0.3548387096774194,0.4166666666666667
tle_starlink_24,mappo_tle_trained,123,14036,192,62,47,83,0.3229166666666667,0.24479166666666666,2.066666666666667,8.935483870967742,18.949999999999996,2.2416666666666667,14,52,-7.744872442325408,0.20157426396465059,0.05200617283950617,0.5654991476400736,0.10044871164840206,0.12372563352826509,0.036365264038024384,0.09107914803348241,0.38613861386138615,0.2,0.3333333333333333
tle_starlink_24,mappo_tle_trained,123,14037,192,69,46,77,0.359375,0.23958333333333334,2.3,9.072463768115941,17.599999999999994,2.123611111111111,14,50,-7.940793228745582,0.24387737463053658,0.04919753086419753,0.5640769240965438,0.09785704047700951,0.1366568940175751,0.03726463027181182,0.08753296640293544,0.345679012345679,0.30985915492957744,0.475
tle_starlink_24,mappo_tle_trained,123,14038,192,63,34,95,0.328125,0.17708333333333334,2.1,10.174603174603174,20.9,2.5083333333333333,15,53,-7.4337144769023675,0.24146552781850694,0.058302469135802476,0.5746341559275027,0.10171625172786161,0.12659892882029103,0.03715013440355851,0.0656795788490835,0.38636363636363635,0.25,0.325
tle_starlink_24,mappo_tle_trained,123,14039,192,74,38,80,0.3854166666666667,0.19791666666666666,2.466666666666667,9.64864864864865,18.349999999999994,2.313888888888889,12,28,-6.647349398871059,0.2572751460446317,0.05351851851851852,0.5699273244837383,0.0554098071977329,0.14537974839058432,0.03538480406903055,0.0703173374613003,0.3764705882352941,0.3442622950819672,0.45652173913043476
tle_starlink_24,mappo_tle_trained,123,14040,192,73,40,79,0.3802083333333333,0.20833333333333334,2.433333333333333,8.575342465753424,18.0,2.15,15,44,-6.226000093637744,0.2269298101072212,0.04984567901234568,0.6001057116559334,0.08875810850656052,0.1522152367469705,0.038151281565298664,0.08179006780399971,0.38202247191011235,0.34375,0.4358974358974359
tle_starlink_24,mappo_tle_trained,123,14041,192,70,45,77,0.3645833333333333,0.234375,2.3333333333333335,8.457142857142857,17.0,2.161111111111111,12,36,-6.7167210424591435,0.21225239043796792,0.05003086419753086,0.5969217509265295,0.07223580255314001,0.1450410969606016,0.03922128110934175,0.09181717491315014,0.425531914893617,0.3620689655172414,0.225
tle_starlink_24,mappo_tle_trained,123,14042,192,67,37,88,0.3489583333333333,0.19270833333333334,2.2333333333333334,8.73134328358209,18.0,2.223611111111111,14,52,-6.654699630520403,0.22197638496490388,0.051759259259259255,0.5768376953740397,0.10418018084426753,0.13469047650549196,0.03670505753028317,0.07281508509836683,0.4020618556701031,0.2653061224489796,0.32608695652173914
tle_starlink_24,mappo_tle_trained,123,14043,192,67,41,84,0.3489583333333333,0.21354166666666666,2.2333333333333334,9.328358208955224,18.699999999999996,2.3,14,46,-7.3296290120944345,0.234114986783079,0.05333333333333334,0.5724366048582398,0.08669998116205545,0.1299920757776795,0.03556751140698942,0.07469152865824694,0.34951456310679613,0.3,0.41025641025641024
tle_starlink_24,mappo_tle_trained,123,14044,192,76,35,81,0.3958333333333333,0.18229166666666666,2.533333333333333,8.0,19.25,2.095833333333333,18,43,-4.764929793544408,0.21607660801708756,0.0487037037037037,0.5826621191366815,0.08926077448523269,0.16070646859733548,0.0383704498982345,0.07262447376611463,0.4418604651162791,0.3728813559322034,0.3404255319148936
tle_starlink_24,mappo_tle_trained,123,14045,192,71,38,83,0.3697916666666667,0.19791666666666666,2.3666666666666667,9.577464788732394,17.5,2.1777777777777776,17,49,-5.988884218245492,0.22191273847431256,0.05058641975308643,0.5708587464492346,0.10178746892369185,0.14821496772348167,0.03764395597714049,0.0762348855421611,0.43434343434343436,0.21428571428571427,0.43243243243243246
tle_starlink_24,mappo_tle_trained,123,14046,192,64,38,90,0.3333333333333333,0.19791666666666666,2.1333333333333333,9.25,17.69999999999999,2.227777777777778,12,51,-7.135867102499564,0.21960216188723178,0.05191358024691359,0.5905848032273651,0.09727009517257196,0.12715461038216455,0.036392136422389455,0.07444335921503104,0.3854166666666667,0.2,0.3902439024390244
tle_starlink_24,mappo_tle_trained,123,14047,192,73,42,77,0.3802083333333333,0.21875,2.433333333333333,8.465753424657533,16.0,2.098611111111111,11,53,-6.286192728001068,0.20905450890218052,0.04864197530864198,0.5733927946431568,0.102646219306436,0.13987795729668792,0.036171048612797956,0.07992097742871736,0.34831460674157305,0.35384615384615387,0.5
tle_starlink_24,mappo_tle_trained,123,14048,192,76,27,89,0.3958333333333333,0.140625,2.533333333333333,8.5,17.25,2.1930555555555555,13,61,-3.886245123353625,0.2100014448249362,0.051111111111111114,0.5918189780756359,0.1248355617550664,0.16144659648916618,0.03802149322656357,0.056796601947530743,0.4077669902912621,0.37209302325581395,0.391304347826087
tle_starlink_24,mappo_tle_trained,123,14049,192,64,52,76,0.3333333333333333,0.2708333333333333,2.1333333333333333,8.65625,17.0,2.076388888888889,11,45,-8.300176572446171,0.21342978796816411,0.04811728395061728,0.5810813085657374,0.08722293888315559,0.12707561544635848,0.03610607440463372,0.09986842105263158,0.4418604651162791,0.15873015873015872,0.37209302325581395
tle_starlink_24,mappo_tle_trained,123,14050,192,75,39,78,0.390625,0.203125,2.5,8.44,17.0,2.1041666666666665,13,34,-4.986398340519135,0.2072667372794779,0.048796296296296296,0.5736694057501616,0.0675966673218995,0.15447701865271524,0.036892593661229184,0.07714400380035054,0.4878048780487805,0.25,0.4
tle_starlink_24,mappo_tle_trained,314,14001,192,74,42,76,0.3854166666666667,0.21875,2.466666666666667,9.0,19.349999999999994,2.051388888888889,17,21,-5.64660691193026,0.21878885802470285,0.047561728395061724,0.5699512134062361,0.04285442427083294,0.1499761627548005,0.037460871275306284,0.08101111092210164,0.42045454545454547,0.3559322033898305,0.35555555555555557
tle_starlink_24,mappo_tle_trained,314,14002,192,78,28,86,0.40625,0.14583333333333334,2.6,8.512820512820513,18.0,2.1444444444444444,14,43,-4.393836695731702,0.22442909639576608,0.04993827160493828,0.5916758970336394,0.08480875391092109,0.15745034563533017,0.03731052509009689,0.058560903893721226,0.3523809523809524,0.49056603773584906,0.4411764705882353
tle_starlink_24,mappo_tle_trained,314,14003,192,83,32,77,0.4322916666666667,0.16666666666666666,2.7666666666666666,7.771084337349397,15.899999999999991,2.0694444444444446,12,49,-3.4541816889015013,0.21157091672189982,0.04799382716049383,0.5778124573801146,0.09291031122300472,0.16901588593152064,0.03725070983627544,0.06155840203827821,0.3595505617977528,0.5263157894736842,0.45652173913043476
tle_starlink_24,mappo_tle_trained,314,14004,192,74,40,78,0.3854166666666667,0.20833333333333334,2.466666666666667,9.675675675675675,19.349999999999994,2.311111111111111,14,38,-5.666560932505877,0.2185812096539951,0.05339506172839506,0.558666227445449,0.0725117532393074,0.146828345373237,0.03644591060262866,0.07361561583697807,0.4326923076923077,0.23728813559322035,0.5172413793103449
tle_starlink_24,mappo_tle_trained,314,14005,192,66,46,80,0.34375,0.23958333333333334,2.2,8.409090909090908,17.0,2.2319444444444443,14,38,-8.09129791294763,0.23892454580205263,0.05169753086419753,0.5705000914430507,0.07009113879469918,0.12904047291431192,0.035874307322800544,0.08642631906563795,0.25263157894736843,0.375,0.5454545454545454
tle_starlink_24,mappo_tle_trained,314,14006,192,80,36,76,0.4166666666666667,0.1875,2.6666666666666665,9.0875,19.049999999999997,2.1069444444444443,11,44,-4.3339463771656686,0.20953019619156468,0.048796296296296296,0.5481141652649272,0.08618309694548085,0.15920558285883363,0.03647084721860968,0.06930684554523564,0.46601941747572817,0.3191489361702128,0.40476190476190477
tle_starlink_24,mappo_tle_trained,314,14007,192,74,34,84,0.3854166666666667,0.17708333333333334,2.466666666666667,8.0,16.0,2.129166666666667,14,39,-4.634043568791531,0.21376277273810726,0.049537037037037025,0.5876577433201212,0.08087105017445574,0.156624834144184,0.03853228580344845,0.06776608596655036,0.43956043956043955,0.3387096774193548,0.3333333333333333
tle_starlink_24,mappo_tle_trained,314,14008,192,77,43,72,0.4010416666666667,0.22395833333333334,2.566666666666667,8.571428571428571,17.200000000000003,2.047222222222222,13,41,-6.077802582501553,0.23115250308479154,0.047345679012345675,0.6073189123611701,0.08410323193604927,0.1636275297343409,0.03951763074873868,0.08965756594626563,0.39361702127659576,0.3157894736842105,0.5365853658536586
tle_starlink_24,mappo_tle_trained,314,14009,192,76,40,76,0.3958333333333333,0.20833333333333334,2.533333333333333,9.289473684210526,18.5,2.1930555555555555,18,47,-6.076686119514756,0.23547435239786055,0.05070987654320988,0.5851869191207021,0.09447704227889986,0.15463454072587196,0.0375265217504845,0.07730813963012105,0.42391304347826086,0.3389830508474576,0.4146341463414634
tle_starlink_24,mappo_tle_trained,314,14010,192,67,43,82,0.3489583333333333,0.22395833333333334,2.2333333333333334,8.119402985074627,15.0,2.1222222222222222,12,30,-6.558420812646279,0.2154073070887756,0.049320987654321,0.5497594281379035,0.058744717185119665,0.1337735269546415,0.03641544026492785,0.08046527675397644,0.38235294117647056,0.2857142857142857,0.35294117647058826
tle_starlink_24,mappo_tle_trained,314,14011,192,73,44,75,0.3802083333333333,0.22916666666666666,2.433333333333333,8.465753424657533,17.799999999999983,2.029166666666667,12,38,-5.842549570855895,0.21039513028417547,0.04703703703703703,0.6056928915384276,0.07472095270856881,0.15435334502671963,0.038782164157572935,0.0880209431950918,0.46875,0.2903225806451613,0.29411764705882354
tle_starlink_24,mappo_tle_trained,314,14012,192,69,37,86,0.359375,0.19270833333333334,2.3,9.26086956521739,20.599999999999994,2.2597222222222224,16,50,-6.1936632678119725,0.22527732280537965,0.052500000000000005,0.563373670090114,0.10090725880586561,0.14128705187141719,0.03736156405653515,0.07074862401100791,0.46153846153846156,0.24561403508771928,0.29545454545454547
tle_starlink_24,mappo_tle_trained,314,14013,192,75,39,78,0.390625,0.203125,2.5,9.52,18.0,2.2666666666666666,14,34,-5.188258974335381,0.22348361611911513,0.05240740740740741,0.6131166213777196,0.07272572456782983,0.16300770623139046,0.038702593041797774,0.07691038493670073,0.4606741573033708,0.2923076923076923,0.39473684210526316
tle_starlink_24,mappo_tle_trained,314,14014,192,76,45,71,0.3958333333333333,0.234375,2.533333333333333,7.921052631578948,14.25,2.0305555555555554,13,32,-5.603422606136066,0.2061323014102453,0.046944444444444434,0.5740419029931066,0.06363382374992281,0.15179342415410527,0.03675143296346017,0.08643682326731864,0.41304347826086957,0.3389830508474576,0.43902439024390244
tle_starlink_24,mappo_tle_trained,314,14015,192,74,41,77,0.3854166666666667,0.21354166666666666,2.466666666666667,8.35135135135135,19.349999999999994,2.176388888888889,13,37,-4.9021621912706435,0.18705393059797384,0.05037037037037037,0.5648695084722946,0.07246822593184825,0.14983417883572683,0.03665820212430329,0.08053856045342114,0.40860215053763443,0.2641509433962264,0.4782608695652174
tle_starlink_24,mappo_tle_trained,314,14016,192,74,42,76,0.3854166666666667,0.21875,2.466666666666667,9.108108108108109,20.349999999999994,2.2194444444444446,17,60,-6.086918811075991,0.21637867294029775,0.05129629629629629,0.550527724908432,0.11133083935328517,0.1459632379717519,0.03580404710251874,0.07825435729847494,0.42424242424242425,0.32727272727272727,0.3684210526315789
tle_starlink_24,mappo_tle_trained,314,14017,192,65,47,80,0.3385416666666667,0.24479166666666666,2.1666666666666665,9.153846153846153,16.799999999999997,2.2958333333333334,16,59,-7.2282515388789434,0.19074014382947813,0.053117283950617294,0.5867057113202087,0.1218590389372123,0.1347704432650253,0.03760901003218299,0.09522267679001424,0.46601941747572817,0.09803921568627451,0.3157894736842105
tle_starlink_24,mappo_tle_trained,314,14018,192,72,43,77,0.375,0.22395833333333334,2.4,9.027777777777779,20.0,2.1375,12,46,-6.57332317498828,0.22654778339298792,0.04950617283950617,0.5495536712480933,0.08577827329762315,0.1434228135698724,0.03677512121103672,0.08200757203466182,0.4065934065934066,0.288135593220339,0.42857142857142855
tle_starlink_24,mappo_tle_trained,314,14019,192,70,43,79,0.3645833333333333,0.22395833333333334,2.3333333333333335,8.9,18.0,2.2263888888888888,13,49,-6.254253368539254,0.21483070954146227,0.05154320987654321,0.5775109915726906,0.09572127734666432,0.143089385674525,0.03649940672784924,0.07902165544580406,0.4270833333333333,0.2830188679245283,0.32558139534883723
tle_starlink_24,mappo_tle_trained,314,14020,192,64,48,80,0.3333333333333333,0.25,2.1333333333333333,8.625,17.849999999999994,2.198611111111111,15,39,-7.686098643612207,0.21415083125676165,0.05095679012345678,0.5650165506362422,0.07674871410552524,0.12708771520304027,0.036431636960464295,0.0899839467950923,0.3877551020408163,0.22033898305084745,0.37142857142857144
tle_starlink_24,mappo_tle_trained,314,14021,192,73,34,85,0.3802083333333333,0.17708333333333334,2.433333333333333,9.452054794520548,18.39999999999999,2.2777777777777777,18,30,-5.300063876590745,0.22072718960289564,0.05287037037037036,0.5841586518595748,0.05820935099185874,0.14731112597985666,0.037757902399690325,0.06721701816129061,0.3904761904761905,0.37254901960784315,0.3611111111111111
tle_starlink_24,mappo_tle_trained,314,14022,192,66,38,88,0.34375,0.19791666666666666,2.2,9.318181818181818,19.75,2.2916666666666665,16,35,-6.6435684384337055,0.21981839371423487,0.05327160493827161,0.5828192524787529,0.0662857511425623,0.13092307660806113,0.03612630853933656,0.07285552525103609,0.3431372549019608,0.23404255319148937,0.46511627906976744
tle_starlink_24,mappo_tle_trained,314,14023,192,73,37,82,0.3802083333333333,0.19270833333333334,2.433333333333333,9.931506849315069,22.0,2.411111111111111,20,42,-5.5702960728537825,0.21551857468211738,0.055740740740740743,0.564788181455997,0.07828056661260997,0.1431268940324668,0.035942042802515624,0.06804501040182155,0.4166666666666667,0.3333333333333333,0.3333333333333333
tle_starlink_24,mappo_tle_trained,314,14024,192,67,39,86,0.3489583333333333,0.203125,2.2333333333333334,9.074626865671641,19.699999999999996,2.2666666666666666,13,37,-6.982438859156111,0.23331971825183886,0.052654320987654324,0.6063228899703482,0.07618057524404273,0.13864164559210995,0.03770659374687866,0.07747450734679835,0.3333333333333333,0.3492063492063492,0.38095238095238093
tle_starlink_24,mappo_tle_trained,314,14025,192,73,42,77,0.3802083333333333,0.21875,2.433333333333333,8.917808219178083,18.0,2.147222222222222,11,28,-6.090714766703968,0.226853790610291,0.04972222222222222,0.5933538077303281,0.0538337674250987,0.14974866622312444,0.037256423276211835,0.08103090651465264,0.44329896907216493,0.2807017543859649,0.3684210526315789
tle_starlink_24,mappo_tle_trained,314,14026,192,69,41,82,0.359375,0.21354166666666666,2.3,8.507246376811594,20.0,2.138888888888889,12,46,-6.593798990593066,0.21749606808723654,0.049691358024691365,0.5644549058843783,0.08798333660949759,0.1376444378921159,0.03613131141862345,0.08008886595573902,0.3763440860215054,0.2033898305084746,0.55
tle_starlink_24,mappo_tle_trained,314,14027,192,76,37,79,0.3958333333333333,0.19270833333333334,2.533333333333333,8.921052631578947,19.0,2.1847222222222222,15,27,-4.967514460903654,0.2167301667002315,0.05061728395061727,0.5930085148129447,0.05767411237999474,0.15665935357498825,0.037899282616814654,0.0735264632168657,0.4563106796116505,0.2982456140350877,0.375
tle_starlink_24,mappo_tle_trained,314,14028,192,65,43,84,0.3385416666666667,0.22395833333333334,2.1666666666666665,9.76923076923077,18.799999999999997,2.361111111111111,17,48,-7.4953847680236185,0.21833347425532565,0.05469135802469136,0.5643263646794588,0.09223300521288134,0.12882199843500153,0.036621196959133656,0.08343111896130471,0.4,0.17543859649122806,0.43333333333333335
tle_starlink_24,mappo_tle_trained,314,14029,192,71,45,76,0.3697916666666667,0.234375,2.3666666666666667,8.309859154929578,20.5,2.172222222222222,14,37,-6.001750113593921,0.20240417985145556,0.05024691358024692,0.5637369361775338,0.0712934910806428,0.14316978815817824,0.03676366786171686,0.0847437220502236,0.5,0.25,0.29545454545454547
tle_starlink_24,mappo_tle_trained,314,14030,192,82,33,77,0.4270833333333333,0.171875,2.7333333333333334,8.585365853658537,16.950000000000003,2.173611111111111,14,39,-3.6446479337299698,0.21241406372314164,0.050308641975308634,0.5685262398570606,0.07740597408554063,0.16738629347375478,0.03668876076406235,0.06379858961128311,0.4489795918367347,0.3870967741935484,0.4375
tle_starlink_24,mappo_tle_trained,314,14031,192,74,38,80,0.3854166666666667,0.19791666666666666,2.466666666666667,8.08108108108108,18.0,2.1416666666666666,14,42,-4.639762812076065,0.19030777839106947,0.049691358024691365,0.6121434785613855,0.08641921388438417,0.1551552790175081,0.0379748103882661,0.0763063909774436,0.4791666666666667,0.3050847457627119,0.2702702702702703
tle_starlink_24,mappo_tle_trained,314,14032,192,68,46,78,0.3541666666666667,0.23958333333333334,2.2666666666666666,9.867647058823529,20.0,2.3513888888888888,15,55,-6.992252686073572,0.205363873169871,0.054290123456790115,0.5505969479924312,0.10861205300833784,0.13564934506497972,0.03695738367338368,0.08754998198109654,0.4205607476635514,0.21818181818181817,0.36666666666666664
tle_starlink_24,mappo_tle_trained,314,14033,192,80,33,79,0.4166666666666667,0.171875,2.6666666666666665,9.3625,19.049999999999997,2.2069444444444444,13,37,-3.720249041810787,0.211184289174574,0.051111111111111114,0.5863905590302632,0.07774582171640995,0.16847441229794172,0.0385401492632768,0.06542085637673874,0.4336283185840708,0.3958333333333333,0.3870967741935484
tle_starlink_24,mappo_tle_trained,314,14034,192,72,47,73,0.375,0.24479166666666666,2.4,9.277777777777779,18.0,2.1458333333333335,16,51,-6.799516475418775,0.21313025031883664,0.0495679012345679,0.550415652538864,0.09839562140645731,0.13946610808065918,0.03560247304999562,0.08725862859763787,0.4752475247524752,0.26666666666666666,0.25806451612903225
tle_starlink_24,mappo_tle_trained,314,14035,192,66,37,89,0.34375,0.19270833333333334,2.2,9.287878787878787,20.75,2.3375,19,37,-7.524144208827505,0.2606986728976863,0.054320987654320994,0.5898986646157592,0.07442810930040031,0.13602689235429172,0.038176807873300155,0.07050497976968566,0.2872340425531915,0.4032258064516129,0.3888888888888889
tle_starlink_24,mappo_tle_trained,314,14036,192,65,46,81,0.3385416666666667,0.23958333333333334,2.1666666666666665,9.076923076923077,17.799999999999997,2.213888888888889,15,51,-6.968905774770016,0.1949931481190471,0.051327160493827156,0.5780117777456568,0.10248434529007283,0.13184382209924006,0.03715630005058251,0.08895797500286665,0.45544554455445546,0.16363636363636364,0.2777777777777778
tle_starlink_24,mappo_tle_trained,314,14037,192,65,46,81,0.3385416666666667,0.23958333333333334,2.1666666666666665,9.076923076923077,19.799999999999997,2.2319444444444443,13,56,-8.570043686065862,0.24816857200593898,0.05172839506172839,0.5595114559103066,0.1120803438334398,0.13075445967860827,0.03707488983349709,0.0877755254148443,0.32098765432098764,0.2676056338028169,0.5
tle_starlink_24,mappo_tle_trained,314,14038,192,60,39,93,0.3125,0.203125,2.0,9.95,21.14999999999999,2.484722222222222,15,50,-7.97487944517429,0.2312066401588977,0.05771604938271604,0.571953066966972,0.09725418529985093,0.1188933652633343,0.03621496362145,0.07298446279096435,0.38636363636363635,0.265625,0.225
tle_starlink_24,mappo_tle_trained,314,14039,192,71,42,79,0.3697916666666667,0.21875,2.3666666666666667,9.619718309859154,19.0,2.263888888888889,10,27,-7.182333667337093,0.24872793192336104,0.052376543209876524,0.5639931400150697,0.052144147132537226,0.1387327387095189,0.03568715596543049,0.07792528707389389,0.35294117647058826,0.3442622950819672,0.43478260869565216
tle_starlink_24,mappo_tle_trained,314,14040,192,69,42,81,0.359375,0.21875,2.3,8.507246376811594,16.0,2.254166666666667,15,55,-7.6361106680680715,0.2453335701617184,0.05222222222222222,0.570985502722934,0.10927359247792685,0.14158916490572837,0.037229092718167725,0.08396391305060037,0.3595505617977528,0.34375,0.38461538461538464
tle_starlink_24,mappo_tle_trained,314,14041,192,70,45,77,0.3645833333333333,0.234375,2.3333333333333335,8.371428571428572,18.0,2.1194444444444445,12,48,-7.136832699190072,0.2223869530102262,0.049104938271604934,0.5771703354854073,0.09488626827249118,0.1406841985557156,0.037789751078821564,0.0885593272396678,0.39361702127659576,0.39655172413793105,0.25
tle_starlink_24,mappo_tle_trained,314,14042,192,70,38,84,0.3645833333333333,0.19791666666666666,2.3333333333333335,9.242857142857142,20.0,2.2416666666666667,13,38,-6.19974301838614,0.22677248532262967,0.05203703703703704,0.5432287989012674,0.07618441528658247,0.14192061034940293,0.03696140809062144,0.07442065130145624,0.41237113402061853,0.2653061224489796,0.3695652173913043
tle_starlink_24,mappo_tle_trained,314,14043,192,71,37,84,0.3697916666666667,0.19270833333333334,2.3666666666666667,10.28169014084507,19.0,2.3055555555555554,14,53,-6.37660017901927,0.22738028920140044,0.0534567901234568,0.5629296982629715,0.10367582008061883,0.1389346118564385,0.036357047749573136,0.06980650154798762,0.42718446601941745,0.2,0.4358974358974359
tle_starlink_24,mappo_tle_trained,314,14044,192,77,39,76,0.4010416666666667,0.203125,2.566666666666667,8.376623376623376,18.200000000000003,2.1125,20,27,-4.86943460460854,0.21073523449389697,0.04891975308641976,0.5813249411169782,0.056476612912371424,0.15779456024425062,0.03802060644553693,0.07740134650351368,0.45348837209302323,0.3898305084745763,0.3191489361702128
tle_starlink_24,mappo_tle_trained,314,14045,192,73,41,78,0.3802083333333333,0.21354166666666666,2.433333333333333,9.95890410958904,17.0,2.236111111111111,14,42,-6.304815865516709,0.2207310498392864,0.05172839506172839,0.544130593262637,0.08410011957999575,0.1433486289252543,0.03649519318622415,0.07993070912575555,0.46464646464646464,0.23214285714285715,0.3783783783783784
tle_starlink_24,mappo_tle_trained,314,14046,192,66,39,87,0.34375,0.203125,2.2,9.621212121212121,19.75,2.3361111111111112,13,48,-6.935893623847759,0.22122532466269298,0.05422839506172839,0.575531916063581,0.09154189048538892,0.12997509327617685,0.03615340091955453,0.07353084508657265,0.4166666666666667,0.2727272727272727,0.2682926829268293
tle_starlink_24,mappo_tle_trained,314,14047,192,78,37,77,0.40625,0.19270833333333334,2.6,8.653846153846153,17.0,2.095833333333333,13,48,-4.781755687234091,0.20599190696329103,0.04858024691358024,0.5684786033557968,0.09423352089373759,0.153729708257572,0.03652111602401805,0.07132424607269809,0.4044943820224719,0.3384615384615385,0.5263157894736842
tle_starlink_24,mappo_tle_trained,314,14048,192,76,35,81,0.3958333333333333,0.18229166666666666,2.533333333333333,8.026315789473685,16.25,2.0902777777777777,17,28,-4.105482878820505,0.20074367939380075,0.04858024691358025,0.5925662282380524,0.05713059200288303,0.1623030379493228,0.03849284689313528,0.07365780117715102,0.36893203883495146,0.3953488372093023,0.45652173913043476
tle_starlink_24,mappo_tle_trained,314,14049,192,69,50,73,0.359375,0.2604166666666667,2.3,8.608695652173912,22.19999999999999,2.126388888888889,12,41,-8.23287343943978,0.24030888799939848,0.049135802469135806,0.6052243183152805,0.08480818530741131,0.14138764615157803,0.03776796347202806,0.09816300586811423,0.4186046511627907,0.31746031746031744,0.3023255813953488
tle_starlink_24,mappo_tle_trained,314,14050,192,77,42,73,0.4010416666666667,0.21875,2.566666666666667,8.545454545454545,18.200000000000003,2.1055555555555556,14,37,-5.2146717095619515,0.2023301798430973,0.048672839506172835,0.5767747788902019,0.07328445705767689,0.15397756741022992,0.03637954017936778,0.08226837518633184,0.5,0.25,0.42
tle_starlink_24,mappo_tle_trained,456,14001,192,76,38,78,0.3958333333333333,0.19791666666666666,2.533333333333333,9.81578947368421,18.25,2.1694444444444443,16,19,-5.369156563590943,0.2294226229556441,0.05024691358024691,0.5561421174696223,0.03648320146772159,0.15169967874689239,0.03689607243887704,0.07307531492129014,0.4431818181818182,0.3220338983050847,0.4
tle_starlink_24,mappo_tle_trained,456,14002,192,78,28,86,0.40625,0.14583333333333334,2.6,8.538461538461538,20.0,2.1944444444444446,16,36,-4.033784462740201,0.2307896055536077,0.05104938271604939,0.5944277671020293,0.07145207790718627,0.16333409094632004,0.03822512651528422,0.055971423657182176,0.38095238095238093,0.4528301886792453,0.4117647058823529
tle_starlink_24,mappo_tle_trained,456,14003,192,79,39,74,0.4114583333333333,0.203125,2.6333333333333333,9.063291139240507,20.0,2.2527777777777778,12,41,-4.863040480234741,0.21772367190586828,0.051975308641975304,0.583161737485963,0.0804133337995567,0.1587696333594166,0.036520359709821655,0.07114291038052649,0.4606741573033708,0.42105263157894735,0.30434782608695654
tle_starlink_24,mappo_tle_trained,456,14004,192,70,42,80,0.3645833333333333,0.21875,2.3333333333333335,9.042857142857143,19.0,2.2930555555555556,13,21,-5.993167012954132,0.20995552618706698,0.05305555555555554,0.5878899236902603,0.04027484970596426,0.1395101315379953,0.03616904686005047,0.07796582960669649,0.41346153846153844,0.22033898305084745,0.4827586206896552
tle_starlink_24,mappo_tle_trained,456,14005,192,65,38,89,0.3385416666666667,0.19791666666666666,2.1666666666666665,8.307692307692308,16.0,2.2958333333333334,14,22,-6.929671893156711,0.23407860454066368,0.05339506172839506,0.5918561083881289,0.04515930348747686,0.13275289625521822,0.037046657138210336,0.07388903222107555,0.2631578947368421,0.359375,0.5151515151515151
tle_starlink_24,mappo_tle_trained,456,14006,192,84,29,79,0.4375,0.15104166666666666,2.8,9.154761904761905,18.0,2.147222222222222,15,15,-2.5752722714588483,0.20712692500970784,0.04978395061728394,0.5571302556265602,0.030587231968810913,0.1684426697313694,0.03614673679552846,0.05516425868593052,0.5145631067961165,0.3829787234042553,0.30952380952380953
tle_starlink_24,mappo_tle_trained,456,14007,192,74,34,84,0.3854166666666667,0.17708333333333334,2.466666666666667,8.35135135135135,17.349999999999994,2.216666666666667,17,21,-4.94740520961436,0.22872326954991737,0.051481481481481475,0.580591126454808,0.045516800737388965,0.155023067031581,0.037953006285236374,0.06704670644686124,0.45054945054945056,0.3225806451612903,0.3333333333333333
tle_starlink_24,mappo_tle_trained,456,14008,192,75,38,79,0.390625,0.19791666666666666,2.5,9.013333333333334,19.299999999999997,2.175,16,17,-5.242487285134088,0.2293146487093658,0.05040123456790123,0.6087773367093395,0.03477881795993251,0.1614351803167593,0.039255037097140184,0.07811264973416675,0.3723404255319149,0.3684210526315789,0.4634146341463415
tle_starlink_24,mappo_tle_trained,456,14009,192,74,39,79,0.3854166666666667,0.203125,2.466666666666667,9.756756756756756,19.349999999999994,2.2527777777777778,17,21,-5.810212646609504,0.22957711848768902,0.05212962962962962,0.5871450518337634,0.04569327731092437,0.15374877616363683,0.038238986561375164,0.07910671286058282,0.40217391304347827,0.288135593220339,0.4878048780487805
tle_starlink_24,mappo_tle_trained,456,14010,192,71,35,86,0.3697916666666667,0.18229166666666666,2.3666666666666667,9.169014084507042,22.0,2.2625,15,35,-5.436179337611055,0.22734977640800758,0.05256172839506173,0.5616836489188142,0.07000748635036562,0.1491761192883484,0.03740771865107158,0.06812421167297328,0.4215686274509804,0.2857142857142857,0.35294117647058826
tle_starlink_24,mappo_tle_trained,456,14011,192,71,40,81,0.3697916666666667,0.20833333333333334,2.3666666666666667,8.408450704225352,17.0,2.0875,11,28,-5.593686305069409,0.2104009567665839,0.048518518518518516,0.60526970982157,0.05784469815816565,0.15194949099747862,0.0385072345243274,0.08259639325815797,0.4375,0.27419354838709675,0.35294117647058826
tle_starlink_24,mappo_tle_trained,456,14012,192,75,33,84,0.390625,0.171875,2.5,9.453333333333333,18.599999999999994,2.276388888888889,20,28,-4.401168381050322,0.21524282894755134,0.05280864197530864,0.5859947580085835,0.05688410159385392,0.15679348415029531,0.03747431178206144,0.0645395555883172,0.4725274725274725,0.3157894736842105,0.3181818181818182
tle_starlink_24,mappo_tle_trained,456,14013,192,73,34,85,0.3802083333333333,0.17708333333333334,2.433333333333333,9.89041095890411,20.799999999999983,2.3944444444444444,15,25,-5.374418458926623,0.22629809945770893,0.05546296296296296,0.6061505858279663,0.052802497067202955,0.15467144783321254,0.037708714898745506,0.0714376391582274,0.48314606741573035,0.2923076923076923,0.2894736842105263
tle_starlink_24,mappo_tle_trained,456,14014,192,79,37,76,0.4114583333333333,0.19270833333333334,2.6333333333333333,8.379746835443038,15.299999999999983,2.1055555555555556,17,23,-4.845217719258274,0.22697193876339294,0.04876543209876543,0.5797627308532577,0.04662854030501089,0.16092842872641636,0.03663733818964699,0.07320705767687193,0.4782608695652174,0.3389830508474576,0.36585365853658536
tle_starlink_24,mappo_tle_trained,456,14015,192,72,38,82,0.375,0.19791666666666666,2.4,8.555555555555555,21.450000000000003,2.220833333333333,16,20,-4.594210146168992,0.19237103874028524,0.05151234567901235,0.5813662066832267,0.03882367274395138,0.14956370784931156,0.03705389377733659,0.07454004701295722,0.45161290322580644,0.24528301886792453,0.3695652173913043
tle_starlink_24,mappo_tle_trained,456,14016,192,72,34,86,0.375,0.17708333333333334,2.4,8.972222222222221,21.0,2.379166666666667,17,44,-5.691553455385271,0.22561279572027024,0.05515432098765433,0.5685022626829813,0.08571889282028601,0.14496787311415796,0.03615060631328105,0.06615443838354056,0.40404040404040403,0.34545454545454546,0.34210526315789475
tle_starlink_24,mappo_tle_trained,456,14017,192,67,40,85,0.3489583333333333,0.20833333333333334,2.2333333333333334,9.507462686567164,18.699999999999996,2.359722222222222,19,18,-5.93016089723458,0.20301068962353255,0.05469135802469136,0.6186728243784041,0.036990261916732506,0.14433087337499098,0.038710068596699024,0.08321682946682946,0.44660194174757284,0.1568627450980392,0.34210526315789475
tle_starlink_24,mappo_tle_trained,456,14018,192,69,44,79,0.359375,0.22916666666666666,2.3,9.44927536231884,19.599999999999994,2.251388888888889,14,22,-6.711711498628939,0.23347789256943058,0.052098765432098765,0.5542536064590418,0.041359280554327,0.1409895281876706,0.037026736351054024,0.08157298884466067,0.37362637362637363,0.288135593220339,0.42857142857142855
tle_starlink_24,mappo_tle_trained,456,14019,192,69,35,88,0.359375,0.18229166666666666,2.3,9.73913043478261,19.599999999999994,2.3444444444444446,14,18,-6.041579213012529,0.23982710578775499,0.05444444444444444,0.5814196609074728,0.038355897914721444,0.140828973371543,0.03656826452036,0.06509564352056613,0.40625,0.24528301886792453,0.3953488372093023
tle_starlink_24,mappo_tle_trained,456,14020,192,65,44,83,0.3385416666666667,0.22916666666666666,2.1666666666666665,9.830769230769231,19.799999999999997,2.338888888888889,14,30,-7.644297124225952,0.23895383101784748,0.054166666666666675,0.5840787510553668,0.05955608446707518,0.1326536158773001,0.03724084125410354,0.0818933977099612,0.3163265306122449,0.22033898305084745,0.6
tle_starlink_24,mappo_tle_trained,456,14021,192,69,33,90,0.359375,0.171875,2.3,9.318840579710145,19.0,2.2888888888888888,20,32,-5.275484371967585,0.2125241275073397,0.05327160493827159,0.5891141594083904,0.063650957459007,0.14299185148643354,0.03812434588145827,0.065618864279855,0.38095238095238093,0.35294117647058826,0.3055555555555556
tle_starlink_24,mappo_tle_trained,456,14022,192,64,43,85,0.3333333333333333,0.22395833333333334,2.1333333333333333,9.34375,18.0,2.3041666666666667,18,27,-7.3568568850108695,0.22623719194860106,0.0534567901234568,0.6011423903201928,0.05110869966520122,0.12929642009750367,0.0368056504221542,0.08040111748703078,0.35294117647058826,0.2553191489361702,0.37209302325581395
tle_starlink_24,mappo_tle_trained,456,14023,192,69,35,88,0.359375,0.18229166666666666,2.3,9.289855072463768,18.0,2.3875,20,40,-5.798503682425554,0.21850448668365582,0.05540123456790124,0.5809110023707222,0.08077688092780973,0.1419558747925621,0.03711473818661327,0.06820589054335184,0.37037037037037035,0.2916666666666667,0.4166666666666667
tle_starlink_24,mappo_tle_trained,456,14024,192,65,36,91,0.3385416666666667,0.1875,2.1666666666666665,9.169230769230769,19.0,2.3291666666666666,15,24,-6.777158680515791,0.23576770639527406,0.054197530864197534,0.614657658428442,0.05095822134521825,0.13952040735322468,0.03893227433921552,0.07513486771226709,0.3333333333333333,0.3492063492063492,0.3333333333333333
tle_starlink_24,mappo_tle_trained,456,14025,192,70,47,75,0.3645833333333333,0.24479166666666666,2.3333333333333335,9.128571428571428,18.19999999999999,2.201388888888889,12,24,-6.465910084752802,0.21643768721922207,0.0508641975308642,0.5994554776896172,0.04902972300031124,0.14897236334929834,0.0380478946673418,0.09139486788867594,0.4845360824742268,0.22807017543859648,0.2631578947368421
tle_starlink_24,mappo_tle_trained,456,14026,192,73,39,80,0.3802083333333333,0.203125,2.433333333333333,8.821917808219178,17.39999999999999,2.140277777777778,16,12,-5.726267781004508,0.22742700123166495,0.04966049382716049,0.609106752845227,0.024487218864153847,0.1488045890870968,0.03682344520599466,0.07591945550149884,0.3333333333333333,0.288135593220339,0.625
tle_starlink_24,mappo_tle_trained,456,14027,192,81,32,79,0.421875,0.16666666666666666,2.7,9.148148148148149,18.0,2.216666666666667,15,19,-3.4570559215504524,0.2074520477173766,0.05132716049382716,0.5838585267713603,0.03700630252100841,0.1640683124351855,0.03666736195184144,0.06270209838321293,0.5048543689320388,0.3333333333333333,0.3125
tle_starlink_24,mappo_tle_trained,456,14028,192,63,44,85,0.328125,0.22916666666666666,2.1,10.015873015873016,18.0,2.334722222222222,21,27,-7.628751193730634,0.22878091693178373,0.05413580246913579,0.575902741842826,0.050259814718019054,0.12796782437262313,0.036453880685581905,0.08342508554969855,0.3904761904761905,0.14035087719298245,0.4666666666666667
tle_starlink_24,mappo_tle_trained,456,14029,192,75,41,76,0.390625,0.21354166666666666,2.5,9.173333333333334,20.0,2.220833333333333,15,22,-5.629852360800509,0.22064572740780194,0.051327160493827156,0.5838965198790844,0.04337496109554933,0.15301157305027277,0.03673377556467748,0.08061970694710634,0.4880952380952381,0.25,0.4090909090909091
tle_starlink_24,mappo_tle_trained,456,14030,192,79,34,79,0.4114583333333333,0.17708333333333334,2.6333333333333333,8.91139240506329,20.0,2.183333333333333,15,17,-4.255197933158856,0.2180168206941777,0.05058641975308642,0.570342964329946,0.033357986469441575,0.15797209212069893,0.03654987288052654,0.06596863891755533,0.4489795918367347,0.3548387096774194,0.40625
tle_starlink_24,mappo_tle_trained,456,14031,192,74,37,81,0.3854166666666667,0.19270833333333334,2.466666666666667,8.797297297297296,19.69999999999999,2.2319444444444443,16,28,-5.242814229566781,0.21866141854036253,0.051728395061728404,0.6049828470626869,0.055926278743616206,0.14983898282659897,0.036306709014389,0.06954004701295723,0.4583333333333333,0.3389830508474576,0.2702702702702703
tle_starlink_24,mappo_tle_trained,456,14032,192,68,43,81,0.3541666666666667,0.22395833333333334,2.2666666666666666,10.294117647058824,20.0,2.388888888888889,19,31,-6.851630301134134,0.2235619848215293,0.055216049382716036,0.5581959742226752,0.06057218208920996,0.136882861863512,0.03692636027504799,0.08139595311808935,0.40186915887850466,0.23636363636363636,0.4
tle_starlink_24,mappo_tle_trained,456,14033,192,80,29,83,0.4166666666666667,0.15104166666666666,2.6666666666666665,9.3625,19.049999999999997,2.25,17,29,-3.51532392449312,0.2112277806838493,0.05219135802469135,0.580537116834984,0.058081212016970536,0.1609601562581439,0.03694117498267308,0.05637641898864809,0.4424778761061947,0.3541666666666667,0.41935483870967744
tle_starlink_24,mappo_tle_trained,456,14034,192,76,39,77,0.3958333333333333,0.203125,2.533333333333333,9.81578947368421,18.25,2.3069444444444445,24,24,-5.360258598484611,0.21634278269736856,0.053271604938271606,0.5787944716621124,0.04513493701574197,0.1488926360017691,0.03565784104723382,0.07351413664881155,0.5148514851485149,0.26666666666666666,0.25806451612903225
tle_starlink_24,mappo_tle_trained,456,14035,192,75,33,84,0.390625,0.171875,2.5,9.626666666666667,20.0,2.3,20,26,-5.460781991927309,0.25064946542683536,0.05333333333333333,0.602122335730568,0.05310767176866248,0.15630613023027887,0.03829745821577113,0.06332934050813308,0.35106382978723405,0.4032258064516129,0.4722222222222222
tle_starlink_24,mappo_tle_trained,456,14036,192,67,37,88,0.3489583333333333,0.19270833333333334,2.2333333333333334,9.253731343283581,19.0,2.341666666666667,15,22,-5.770057425305154,0.2130758012260411,0.05438271604938272,0.5917058545769438,0.04638937716337097,0.14191593866516466,0.03768678352487064,0.0736840057660491,0.44554455445544555,0.21818181818181817,0.2777777777777778
tle_starlink_24,mappo_tle_trained,456,14037,192,70,42,80,0.3645833333333333,0.21875,2.3333333333333335,9.342857142857143,17.64999999999999,2.25,14,23,-7.21745009212311,0.2528181181947962,0.052098765432098765,0.5953229893333377,0.04829324270500741,0.14579371608783373,0.03829188805282417,0.08232591754650578,0.37037037037037035,0.323943661971831,0.425
tle_starlink_24,mappo_tle_trained,456,14038,192,65,42,85,0.3385416666666667,0.21875,2.1666666666666665,9.6,19.799999999999997,2.426388888888889,15,28,-7.1096289233882795,0.21728666371636077,0.05617283950617285,0.590378523252075,0.05599220682425018,0.13020078791750617,0.03706951181000272,0.0806105132111324,0.38636363636363635,0.28125,0.325
tle_starlink_24,mappo_tle_trained,456,14039,192,70,39,83,0.3645833333333333,0.203125,2.3333333333333335,9.742857142857142,18.549999999999997,2.3777777777777778,13,11,-6.941467487896672,0.2550243863752124,0.05503086419753086,0.5832750115849166,0.023039998500524815,0.14012212374828473,0.035679099505026984,0.07303700427539436,0.3411764705882353,0.32786885245901637,0.45652173913043476
tle_starlink_24,mappo_tle_trained,456,14040,192,70,46,76,0.3645833333333333,0.23958333333333334,2.3333333333333335,8.371428571428572,17.099999999999994,2.1527777777777777,16,40,-6.836561830643975,0.2153032665313126,0.049814814814814826,0.5838285449418649,0.07963352007469653,0.1439924944336709,0.037648722184283244,0.09132041705571117,0.39325842696629215,0.28125,0.4358974358974359
tle_starlink_24,mappo_tle_trained,456,14041,192,69,46,77,0.359375,0.23958333333333334,2.3,7.6231884057971016,16.0,2.0861111111111112,17,30,-6.262337429617592,0.197405479978467,0.0483641975308642,0.5918966778069416,0.0626847961406785,0.14665349900644017,0.039804422698852475,0.09512383585912998,0.3829787234042553,0.3793103448275862,0.275
tle_starlink_24,mappo_tle_trained,456,14042,192,71,35,86,0.3697916666666667,0.18229166666666666,2.3666666666666667,8.80281690140845,19.0,2.191666666666667,19,36,-5.156223330436398,0.2085373305590164,0.05098765432098766,0.5686838074162409,0.07011232360690565,0.14432130634530013,0.03714275947140386,0.06829207413959736,0.41237113402061853,0.2653061224489796,0.391304347826087
tle_starlink_24,mappo_tle_trained,456,14043,192,65,38,89,0.3385416666666667,0.19791666666666666,2.1666666666666665,9.861538461538462,20.0,2.4652777777777777,18,23,-7.0885763478994885,0.23845319754949582,0.05716049382716049,0.5832948452069624,0.04544550951284697,0.12848883572567782,0.03599137012233192,0.06903211683397442,0.3592233009708738,0.24,0.41025641025641024
tle_starlink_24,mappo_tle_trained,456,14044,192,76,32,84,0.3958333333333333,0.16666666666666666,2.533333333333333,8.552631578947368,20.0,2.1958333333333333,20,24,-4.458725060227596,0.21954531078200548,0.05101851851851851,0.5745090404102782,0.047963057467701437,0.15613560516424294,0.03733903113515946,0.06487891737891738,0.4069767441860465,0.3728813559322034,0.40425531914893614
tle_starlink_24,mappo_tle_trained,456,14045,192,73,32,87,0.3802083333333333,0.16666666666666666,2.433333333333333,9.534246575342467,18.0,2.313888888888889,16,16,-4.947394626167741,0.2302664236615682,0.053734567901234556,0.5639121161144119,0.0325322906940554,0.15001021123699143,0.03737600729163277,0.06252211410880142,0.3939393939393939,0.3392857142857143,0.40540540540540543
tle_starlink_24,mappo_tle_trained,456,14046,192,70,35,87,0.3645833333333333,0.18229166666666666,2.3333333333333335,9.628571428571428,18.0,2.3541666666666665,17,28,-6.034079604838346,0.22458995270834994,0.054629629629629625,0.5836152742199923,0.05394957983193278,0.13824551165495438,0.03529740697628465,0.06832608481989287,0.3958333333333333,0.2727272727272727,0.4146341463414634
tle_starlink_24,mappo_tle_trained,456,14047,192,74,40,78,0.3854166666666667,0.20833333333333334,2.466666666666667,7.756756756756757,17.0,2.0555555555555554,14,30,-5.451384084180673,0.2062595200541635,0.04771604938271605,0.5924387928793166,0.058209350991858734,0.14606037151702783,0.03651029042033792,0.07743220387570231,0.3258426966292135,0.36923076923076925,0.5526315789473685
tle_starlink_24,mappo_tle_trained,456,14048,192,76,33,83,0.3958333333333333,0.171875,2.533333333333333,8.18421052631579,17.25,2.1375,18,28,-4.3822267890469195,0.2150165989639497,0.049691358024691365,0.590493783394052,0.05470430569888775,0.1569583506735209,0.03759197157567958,0.0657359028140762,0.3883495145631068,0.37209302325581395,0.43478260869565216
tle_starlink_24,mappo_tle_trained,456,14049,192,73,41,78,0.3802083333333333,0.21354166666666666,2.433333333333333,9.36986301369863,18.799999999999983,2.236111111111111,15,32,-6.14612108778871,0.22759555665124592,0.051728395061728404,0.6197152267696978,0.06723916062151356,0.15434012066365008,0.038140699418543006,0.08266962340491751,0.46511627906976744,0.2857142857142857,0.3488372093023256
tle_starlink_24,mappo_tle_trained,456,14050,192,79,40,73,0.4114583333333333,0.20833333333333334,2.6333333333333333,9.544303797468354,20.19999999999999,2.236111111111111,17,22,-5.079549418002351,0.22057276645406276,0.05157407407407408,0.5847044667309149,0.04284973053548905,0.1596214234681727,0.03669855289247211,0.07800944354349926,0.4878048780487805,0.2833333333333333,0.44
tle_starlink_24,mappo_tle_trained,789,14001,192,72,43,77,0.375,0.22395833333333334,2.4,9.097222222222221,18.0,2.0541666666666667,15,23,-6.400220400202034,0.22370416303034651,0.04765432098765432,0.5632508827859032,0.04442071272953626,0.14366072924896453,0.03747447834797153,0.08493892001244943,0.3977272727272727,0.3559322033898305,0.35555555555555557
tle_starlink_24,mappo_tle_trained,789,14002,192,81,31,80,0.421875,0.16145833333333334,2.7,8.37037037037037,18.0,2.0722222222222224,15,17,-3.56385234846926,0.2211985366641131,0.04814814814814814,0.6016772464200598,0.033609923501564366,0.16721065326715484,0.03750634592124829,0.061429492849771485,0.4095238095238095,0.4528301886792453,0.4117647058823529
tle_starlink_24,mappo_tle_trained,789,14003,192,78,28,86,0.40625,0.14583333333333334,2.6,8.85897435897436,18.14999999999999,2.352777777777778,16,29,-3.987804449831691,0.23038872154249662,0.05456790123456791,0.5938075315588891,0.05879094417794108,0.16252469466091757,0.03736936062390424,0.05452864186610317,0.38202247191011235,0.43859649122807015,0.41304347826086957
tle_starlink_24,mappo_tle_trained,789,14004,192,71,42,79,0.3697916666666667,0.21875,2.3666666666666667,9.746478873239436,21.0,2.3180555555555555,14,17,-6.036844513980269,0.2197692953919864,0.05358024691358024,0.5912311045669951,0.0318417162186512,0.142883345870962,0.03712107323149108,0.07757889413075172,0.4326923076923077,0.2033898305084746,0.4827586206896552
tle_starlink_24,mappo_tle_trained,789,14005,192,69,42,81,0.359375,0.21875,2.3,8.623188405797102,18.0,2.2444444444444445,17,23,-7.106674855391506,0.23485052401923054,0.05200617283950616,0.6019663724269744,0.04302903910102052,0.1366605033826396,0.036227118943206085,0.08066477468180254,0.2631578947368421,0.390625,0.5757575757575758
tle_starlink_24,mappo_tle_trained,789,14006,192,76,36,80,0.3958333333333333,0.1875,2.533333333333333,8.407894736842104,19.25,2.0902777777777777,12,41,-4.502424264457693,0.20193009149423652,0.04854938271604938,0.5479534466256659,0.0785211599259587,0.1506296992481203,0.03597578117634986,0.06823672743951383,0.44660194174757284,0.3829787234042553,0.2857142857142857
tle_starlink_24,mappo_tle_trained,789,14007,192,75,42,75,0.390625,0.21875,2.5,8.506666666666666,16.299999999999997,2.0791666666666666,15,29,-6.033558210020387,0.2364427966875774,0.04814814814814815,0.594257631315834,0.05796517122368515,0.1545774661641534,0.03766046203709753,0.08026369027143021,0.3956043956043956,0.3870967741935484,0.38461538461538464
tle_starlink_24,mappo_tle_trained,789,14008,192,72,36,84,0.375,0.1875,2.4,9.23611111111111,20.0,2.225,18,6,-6.689151428265283,0.2652014416825147,0.05166666666666666,0.6134486092626331,0.012284858387799562,0.1518001388589624,0.03898364095566111,0.07616851013909838,0.2978723404255319,0.38596491228070173,0.5365853658536586
tle_starlink_24,mappo_tle_trained,789,14009,192,77,33,82,0.4010416666666667,0.171875,2.566666666666667,9.155844155844155,19.0,2.1958333333333333,17,35,-5.40765545148557,0.24415912397033165,0.050956790123456795,0.5773424925825346,0.06415018346519895,0.15360637327355595,0.03680152634376055,0.06414946680426556,0.3695652173913043,0.3559322033898305,0.5365853658536586
tle_starlink_24,mappo_tle_trained,789,14010,192,75,43,74,0.390625,0.22395833333333334,2.5,8.306666666666667,16.299999999999997,2.0458333333333334,14,39,-5.246795957224327,0.20143933947971265,0.047376543209876526,0.5502583577885969,0.07437481807837845,0.14951023405509203,0.03647006951715686,0.08051264314523165,0.4117647058823529,0.2857142857142857,0.5
tle_starlink_24,mappo_tle_trained,789,14011,192,71,40,81,0.3697916666666667,0.20833333333333334,2.3666666666666667,8.338028169014084,17.0,1.9861111111111112,12,17,-6.016920423564424,0.22544591678125142,0.04626543209876543,0.608683797666561,0.03341810408373876,0.14814168244895798,0.03875381571699683,0.08148086720068143,0.4479166666666667,0.27419354838709675,0.3235294117647059
tle_starlink_24,mappo_tle_trained,789,14012,192,69,36,87,0.359375,0.1875,2.3,8.942028985507246,19.599999999999994,2.2180555555555554,20,21,-5.348052255663294,0.21688354105575225,0.05160493827160494,0.5979021517088285,0.04223913542024997,0.14749521233267357,0.038300660427563464,0.07151161660836583,0.46153846153846156,0.2982456140350877,0.22727272727272727
tle_starlink_24,mappo_tle_trained,789,14013,192,81,30,81,0.421875,0.15625,2.7,9.530864197530864,20.0,2.2847222222222223,17,22,-3.243315376783937,0.22406396173272441,0.05290123456790123,0.6303296906281255,0.0470590125388887,0.1813300974910882,0.0395273730318639,0.06399412464040947,0.5056179775280899,0.3230769230769231,0.39473684210526316
tle_starlink_24,mappo_tle_trained,789,14014,192,73,44,75,0.3802083333333333,0.22916666666666666,2.433333333333333,8.232876712328768,19.0,2.1013888888888888,16,16,-6.033361742499098,0.2221925213815396,0.04864197530864198,0.5664034648141052,0.03173315232525759,0.14718656229105148,0.03687697500635417,0.08385220329492776,0.40217391304347827,0.3559322033898305,0.36585365853658536
tle_starlink_24,mappo_tle_trained,789,14015,192,76,30,86,0.3958333333333333,0.15625,2.533333333333333,9.092105263157896,20.0,2.254166666666667,18,18,-4.022645135120548,0.21082532913071858,0.052376543209876544,0.5808742621124953,0.03670731630483952,0.15135306987474173,0.035904114702346154,0.05752422313954822,0.4838709677419355,0.2830188679245283,0.34782608695652173
tle_starlink_24,mappo_tle_trained,789,14016,192,71,43,78,0.3697916666666667,0.22395833333333334,2.3666666666666667,8.859154929577464,19.0,2.2805555555555554,21,22,-6.385000818281891,0.22217163131546538,0.05271604938271604,0.5741923519427289,0.04241185070519436,0.14325489440040523,0.03677396610670002,0.08270983832129343,0.3939393939393939,0.32727272727272727,0.3684210526315789
tle_starlink_24,mappo_tle_trained,789,14017,192,68,38,86,0.3541666666666667,0.19791666666666666,2.2666666666666666,10.191176470588236,20.65,2.3361111111111112,19,27,-6.317378366411077,0.2180379086267694,0.05419753086419754,0.5989776274099177,0.054066047471620235,0.13848917637230332,0.036854468604330365,0.07588263960554983,0.4854368932038835,0.13725490196078433,0.2894736842105263
tle_starlink_24,mappo_tle_trained,789,14018,192,67,43,82,0.3489583333333333,0.22395833333333334,2.2333333333333334,9.582089552238806,18.699999999999996,2.3222222222222224,17,30,-7.36167484839037,0.24063199192044565,0.053765432098765414,0.5844855033890823,0.060187109931691976,0.13968128334227403,0.037540866448430056,0.08343366586400643,0.38461538461538464,0.2711864406779661,0.38095238095238093
tle_starlink_24,mappo_tle_trained,789,14019,192,71,42,79,0.3697916666666667,0.21875,2.3666666666666667,9.577464788732394,19.5,2.261111111111111,14,16,-5.6196382796367015,0.21588041294498986,0.052314814814814814,0.6040270937142805,0.03324302059596177,0.15209330487194264,0.03805927234911273,0.08145919010470094,0.4583333333333333,0.20754716981132076,0.37209302325581395
tle_starlink_24,mappo_tle_trained,789,14020,192,64,48,80,0.3333333333333333,0.25,2.1333333333333333,9.109375,16.0,2.2569444444444446,15,41,-8.6412714632431,0.24205438682134883,0.05225308641975309,0.5744763503612006,0.07963544482120333,0.12681240714909445,0.036673559281977214,0.09038413026029124,0.3163265306122449,0.2542372881355932,0.5142857142857142
tle_starlink_24,mappo_tle_trained,789,14021,192,70,33,89,0.3645833333333333,0.171875,2.3333333333333335,9.6,19.099999999999994,2.3,15,29,-5.33834702883061,0.2184575614789612,0.05348765432098766,0.5795162925067162,0.05719455911019379,0.14201113171314406,0.037689908730788896,0.06377997375288397,0.3904761904761905,0.35294117647058826,0.3055555555555556
tle_starlink_24,mappo_tle_trained,789,14022,192,67,40,85,0.3489583333333333,0.20833333333333334,2.2333333333333334,10.194029850746269,20.0,2.3402777777777777,15,29,-7.133313548839737,0.23921568538203683,0.054259259259259264,0.6050209125460769,0.05704567004489605,0.1371647759418657,0.03708557394690364,0.0769318973653339,0.37254901960784315,0.2127659574468085,0.4418604651162791
tle_starlink_24,mappo_tle_trained,789,14023,192,72,34,86,0.375,0.17708333333333334,2.4,10.027777777777779,20.900000000000006,2.4347222222222222,15,35,-5.207856726229964,0.21428483799532339,0.05638888888888889,0.5725818127558328,0.06727566937706257,0.1442387674818015,0.03630504947721315,0.06416649498305846,0.4074074074074074,0.3125,0.3611111111111111
tle_starlink_24,mappo_tle_trained,789,14024,192,70,37,85,0.3645833333333333,0.19270833333333334,2.3333333333333335,8.585714285714285,18.0,2.172222222222222,15,22,-5.573586890162152,0.2150522401208065,0.0505246913580247,0.6255612196723573,0.04824385309679427,0.14944985011548478,0.03877727254993357,0.07656565842711353,0.41379310344827586,0.30158730158730157,0.35714285714285715
tle_starlink_24,mappo_tle_trained,789,14025,192,68,40,84,0.3541666666666667,0.20833333333333334,2.2666666666666666,9.088235294117647,19.65,2.2680555555555557,13,20,-6.304304012816014,0.228679447643835,0.05262345679012346,0.604734488789013,0.03986212703704963,0.1449159191341854,0.03793561793110754,0.0784788281034411,0.4329896907216495,0.2807017543859649,0.2631578947368421
tle_starlink_24,mappo_tle_trained,789,14026,192,69,45,78,0.359375,0.234375,2.3,8.231884057971014,17.599999999999994,2.123611111111111,13,20,-6.720246608024086,0.21328485419960888,0.049228395061728394,0.5975464746766799,0.04034721198420889,0.1384460050326923,0.036828506917757006,0.08836285976378856,0.34408602150537637,0.2711864406779661,0.525
tle_starlink_24,mappo_tle_trained,789,14027,192,76,39,77,0.3958333333333333,0.203125,2.533333333333333,8.539473684210526,18.0,2.1125,16,11,-4.58600186441474,0.19552322363801977,0.04895061728395061,0.6077224216509375,0.022690631808278867,0.15304443621394087,0.03746794183662329,0.07760736053305713,0.4563106796116505,0.3157894736842105,0.34375
tle_starlink_24,mappo_tle_trained,789,14028,192,67,36,89,0.3489583333333333,0.1875,2.2333333333333334,10.059701492537313,18.0,2.359722222222222,20,18,-6.446755740322285,0.23297699075678097,0.05481481481481481,0.6120240577294929,0.03655306567071273,0.14244358854652972,0.03831820335665478,0.07530267662620603,0.38095238095238093,0.21052631578947367,0.5
tle_starlink_24,mappo_tle_trained,789,14029,192,66,48,78,0.34375,0.25,2.2,7.909090909090909,15.75,2.1486111111111112,18,15,-6.700232507701561,0.19196955984806588,0.049783950617283954,0.5833323330323954,0.030216198490192296,0.13295615862179327,0.03697313982187061,0.09469144675414025,0.4642857142857143,0.1875,0.3409090909090909
tle_starlink_24,mappo_tle_trained,789,14030,192,73,41,78,0.3802083333333333,0.21354166666666666,2.433333333333333,8.26027397260274,18.199999999999974,2.111111111111111,12,18,-5.027801397535064,0.19469980729020603,0.04895061728395062,0.5746181700668281,0.03530830753353973,0.1485819170223195,0.03681655865944848,0.08134588923288612,0.4489795918367347,0.25806451612903225,0.40625
tle_starlink_24,mappo_tle_trained,789,14031,192,74,32,86,0.3854166666666667,0.16666666666666666,2.466666666666667,8.675675675675675,19.349999999999994,2.1958333333333333,16,15,-4.355523434489088,0.2181353540559482,0.05108024691358025,0.62460855068545,0.03207264957264957,0.15901942828413415,0.03841654151440833,0.06575319016495487,0.4791666666666667,0.3389830508474576,0.21621621621621623
tle_starlink_24,mappo_tle_trained,789,14032,192,67,41,84,0.3489583333333333,0.21354166666666666,2.2333333333333334,9.522388059701493,20.0,2.352777777777778,15,39,-6.684817817506533,0.22090614365895578,0.05450617283950617,0.5827143851539137,0.076411576326437,0.13802664340590035,0.03747305374219953,0.07853420315494618,0.40186915887850466,0.2727272727272727,0.3
tle_starlink_24,mappo_tle_trained,789,14033,192,81,32,79,0.421875,0.16666666666666666,2.7,9.11111111111111,19.0,2.1458333333333335,17,13,-3.002611106298761,0.2033463548956949,0.04975308641975308,0.6060128386417022,0.027628773731714906,0.172090939389701,0.038640868076512125,0.0655644831031828,0.4690265486725664,0.375,0.3225806451612903
tle_starlink_24,mappo_tle_trained,789,14034,192,77,40,75,0.4010416666666667,0.20833333333333334,2.566666666666667,9.545454545454545,17.0,2.172222222222222,18,39,-5.577133756954916,0.22076027298366757,0.05021604938271604,0.5773127308079832,0.07771606303340049,0.15474414646241275,0.0363306230082712,0.07877604550592167,0.49504950495049505,0.3,0.2903225806451613
tle_starlink_24,mappo_tle_trained,789,14035,192,72,29,91,0.375,0.15104166666666666,2.4,9.38888888888889,20.0,2.3569444444444443,19,19,-5.399263807187581,0.25309975609486973,0.05481481481481481,0.596658294714483,0.03730583056434449,0.14970738254406984,0.03775935547378381,0.055767843124654264,0.30851063829787234,0.3870967741935484,0.5277777777777778
tle_starlink_24,mappo_tle_trained,789,14036,192,66,40,86,0.34375,0.20833333333333334,2.2,9.545454545454545,20.0,2.3041666666666667,20,19,-6.791721761128663,0.22824849079265203,0.053487654320987656,0.5991056920916141,0.038330131197778256,0.13555737477177102,0.03728463653607943,0.07758090078136518,0.44554455445544555,0.2,0.2777777777777778
tle_starlink_24,mappo_tle_trained,789,14037,192,66,55,71,0.34375,0.2864583333333333,2.2,7.954545454545454,14.5,2.0541666666666667,12,30,-8.793851984930981,0.24017764209911147,0.04746913580246913,0.5562137053401408,0.058262601261827265,0.13088815152282646,0.03709682399410029,0.10288408930823792,0.2716049382716049,0.3380281690140845,0.5
tle_starlink_24,mappo_tle_trained,789,14038,192,64,39,89,0.3333333333333333,0.203125,2.1333333333333333,9.8125,21.549999999999983,2.3944444444444444,14,24,-7.189351655668797,0.23170628988891748,0.055586419753086425,0.5959591594316592,0.05053246790475893,0.13160981963226545,0.03734570018205043,0.07662614460989074,0.3977272727272727,0.265625,0.3
tle_starlink_24,mappo_tle_trained,789,14039,192,66,43,83,0.34375,0.22395833333333334,2.2,8.727272727272727,17.0,2.2430555555555554,12,26,-8.251711586586591,0.2607187842244992,0.05203703703703703,0.5708247884288628,0.0481084041803856,0.1288531991744066,0.035821653983057256,0.08006435615181745,0.25882352941176473,0.39344262295081966,0.43478260869565216
tle_starlink_24,mappo_tle_trained,789,14040,192,73,40,79,0.3802083333333333,0.20833333333333334,2.433333333333333,8.58904109589041,16.39999999999999,2.225,19,27,-6.203355052387686,0.2333307785628099,0.05151234567901234,0.5966733994428146,0.056090176736461564,0.1535431070763888,0.03790054119062775,0.08232431569118875,0.38202247191011235,0.359375,0.41025641025641024
tle_starlink_24,mappo_tle_trained,789,14041,192,72,45,75,0.375,0.234375,2.4,8.208333333333334,15.0,2.098611111111111,12,24,-6.577734419287061,0.2237805111497704,0.04858024691358023,0.592988136804007,0.048337019018133566,0.146791836617688,0.03822129838208564,0.0887042156043704,0.4148936170212766,0.43103448275862066,0.2
tle_starlink_24,mappo_tle_trained,789,14042,192,71,33,88,0.3697916666666667,0.171875,2.3666666666666667,8.690140845070422,19.0,2.2041666666666666,16,36,-5.821829080484937,0.23742128590195286,0.051327160493827156,0.5663702475004659,0.07210139318885449,0.14573326699100692,0.03742890267709319,0.06612214768948514,0.3917525773195876,0.2857142857142857,0.41304347826086957
tle_starlink_24,mappo_tle_trained,789,14043,192,72,36,84,0.375,0.1875,2.4,10.125,20.0,2.2930555555555556,16,14,-5.460039447286923,0.2189722619983965,0.053179012345679004,0.5982665373673436,0.027762011237243436,0.14444649204711127,0.036792803752566466,0.0701602453847036,0.44660194174757284,0.22,0.38461538461538464
tle_starlink_24,mappo_tle_trained,789,14044,192,79,35,78,0.4114583333333333,0.18229166666666666,2.6333333333333333,8.784810126582279,18.099999999999994,2.084722222222222,18,12,-4.113119380532727,0.21146097478997794,0.04836419753086419,0.5913333777121277,0.026090312193253366,0.16559893323051217,0.03855083394088731,0.07497151469674689,0.4883720930232558,0.3389830508474576,0.3617021276595745
tle_starlink_24,mappo_tle_trained,789,14045,192,68,45,79,0.3541666666666667,0.234375,2.2666666666666666,9.617647058823529,17.299999999999997,2.2055555555555557,15,38,-7.020086690109089,0.2139458802890596,0.05108024691358025,0.5531273537114145,0.07754737837555176,0.1361127901452979,0.03672546593689257,0.08846181725051695,0.41414141414141414,0.23214285714285715,0.3783783783783784
tle_starlink_24,mappo_tle_trained,789,14046,192,63,41,88,0.328125,0.21354166666666666,2.1,8.873015873015873,17.0,2.2527777777777778,13,30,-6.701337754933763,0.19806927347357817,0.052407407407407416,0.605460594892685,0.05919934640522876,0.12778913409718362,0.03742534515919746,0.08141626533654397,0.3958333333333333,0.2,0.34146341463414637
tle_starlink_24,mappo_tle_trained,789,14047,192,77,37,78,0.4010416666666667,0.19270833333333334,2.566666666666667,8.753246753246753,19.200000000000003,2.1902777777777778,14,31,-4.93494256796653,0.21054975169307655,0.05070987654320988,0.5827161517357351,0.06228717217881305,0.15357199631580437,0.03674488210395918,0.07306044374155829,0.43820224719101125,0.3076923076923077,0.47368421052631576
tle_starlink_24,mappo_tle_trained,789,14048,192,75,29,88,0.390625,0.15104166666666666,2.5,8.28,19.299999999999997,2.158333333333333,18,19,-3.7504907047385294,0.21146601576457943,0.05030864197530864,0.6039068950906868,0.0397844488672662,0.16058769174868243,0.03878224697045215,0.06112650349879452,0.36893203883495146,0.4418604651162791,0.391304347826087
tle_starlink_24,mappo_tle_trained,789,14049,192,68,46,78,0.3541666666666667,0.23958333333333334,2.2666666666666666,8.985294117647058,21.0,2.2305555555555556,14,17,-6.715268765484997,0.21179484500479767,0.051604938271604936,0.6208313171660015,0.03562654594001344,0.14233279906654517,0.03786274729473034,0.09121718952988302,0.5,0.23809523809523808,0.23255813953488372
tle_starlink_24,mappo_tle_trained,789,14050,192,79,33,80,0.4114583333333333,0.171875,2.6333333333333333,9.10126582278481,22.299999999999983,2.2888888888888888,15,14,-4.062666567700698,0.22383368036254145,0.05296296296296297,0.61134800152364,0.029577407886231415,0.16805774019009317,0.03783678076626116,0.06724984438219733,0.4634146341463415,0.3333333333333333,0.42
tle_starlink_24,mappo_tle_trained,1024,14001,192,75,38,79,0.390625,0.19791666666666666,2.5,9.413333333333334,18.299999999999997,2.1180555555555554,16,27,-5.456533936878626,0.2245680277009006,0.049135802469135806,0.5688010325904533,0.05569406012517467,0.1537278969167514,0.037526631184368345,0.07684600515869867,0.4431818181818182,0.3389830508474576,0.35555555555555557
tle_starlink_24,mappo_tle_trained,1024,14002,192,78,31,83,0.40625,0.16145833333333334,2.6,8.435897435897436,19.0,2.138888888888889,18,34,-4.006209144434248,0.21067444643249403,0.04972222222222222,0.6088252958561704,0.06622786727662888,0.16158402728449164,0.03771311453541586,0.06417836033935105,0.41904761904761906,0.37735849056603776,0.4117647058823529
tle_starlink_24,mappo_tle_trained,1024,14003,192,78,26,88,0.40625,0.13541666666666666,2.6,9.217948717948717,19.0,2.388888888888889,16,33,-3.8605810650608805,0.23550527498691357,0.0554320987654321,0.6120761522935119,0.06652595541140433,0.16689206046791186,0.03851518737409452,0.05212743869477616,0.43820224719101125,0.40350877192982454,0.34782608695652173
tle_starlink_24,mappo_tle_trained,1024,14004,192,74,37,81,0.3854166666666667,0.19270833333333334,2.466666666666667,10.432432432432432,21.349999999999994,2.3625,16,23,-5.388015874997247,0.2230107201765703,0.05462962962962962,0.5898771766104081,0.04324346405228758,0.14927386339151041,0.0364880659626728,0.07007430750077809,0.47115384615384615,0.2033898305084746,0.4482758620689655
tle_starlink_24,mappo_tle_trained,1024,14005,192,70,37,85,0.3645833333333333,0.19270833333333334,2.3333333333333335,9.5,19.549999999999997,2.3833333333333333,18,26,-6.327105813004903,0.23893785337745468,0.05521604938271606,0.6057187004110418,0.04878643945207413,0.14378729156979927,0.03639148273182373,0.07069955557571658,0.3684210526315789,0.3125,0.45454545454545453
tle_starlink_24,mappo_tle_trained,1024,14006,192,84,29,79,0.4375,0.15104166666666666,2.8,9.595238095238095,21.0,2.2333333333333334,13,31,-3.0307924171972025,0.21631142815536358,0.05169753086419752,0.5580044156559617,0.056802381771422016,0.17099524357651294,0.03713747027644185,0.05723639163267647,0.5048543689320388,0.40425531914893614,0.30952380952380953
tle_starlink_24,mappo_tle_trained,1024,14007,192,71,37,84,0.3697916666666667,0.19270833333333334,2.3666666666666667,8.971830985915492,20.0,2.2111111111111112,16,36,-5.657877086803606,0.22402990698620376,0.051358024691358015,0.5791997551596281,0.0726507539588035,0.14761652749268847,0.0375091540072273,0.07125579471554705,0.46153846153846156,0.27419354838709675,0.3076923076923077
tle_starlink_24,mappo_tle_trained,1024,14008,192,75,35,82,0.390625,0.18229166666666666,2.5,9.093333333333334,18.299999999999997,2.2055555555555557,16,19,-5.102835264394451,0.23400762932034064,0.05117283950617284,0.6254679832262858,0.03858774796468294,0.16276330280200252,0.03913194001238332,0.07324883578753547,0.40425531914893614,0.3157894736842105,0.4634146341463415
tle_starlink_24,mappo_tle_trained,1024,14009,192,76,39,77,0.3958333333333333,0.203125,2.533333333333333,9.56578947368421,21.0,2.236111111111111,17,36,-5.53619663351329,0.23271689624818642,0.05169753086419752,0.5799649291379522,0.07115965189494601,0.155638781153487,0.03739129201091978,0.0728874883286648,0.42391304347826086,0.288135593220339,0.4878048780487805
tle_starlink_24,mappo_tle_trained,1024,14010,192,69,38,85,0.359375,0.19791666666666666,2.3,9.173913043478262,18.599999999999994,2.209722222222222,14,40,-5.733410807085051,0.21071067977532626,0.05135802469135802,0.5641285097542822,0.07699061473442279,0.14059031282328494,0.03720006008084693,0.07248311987863072,0.4117647058823529,0.23214285714285715,0.4117647058823529
tle_starlink_24,mappo_tle_trained,1024,14011,192,78,38,76,0.40625,0.19791666666666666,2.6,8.23076923076923,16.299999999999983,2.0194444444444444,13,24,-4.47061681890489,0.22262442917320593,0.046851851851851846,0.61429725917067,0.04890754254918341,0.1707737339200187,0.03898629576603289,0.07767612690600306,0.4791666666666667,0.3387096774193548,0.3235294117647059
tle_starlink_24,mappo_tle_trained,1024,14012,192,73,37,82,0.3802083333333333,0.19270833333333334,2.433333333333333,8.684931506849315,17.0,2.1944444444444446,21,18,-4.730657233145395,0.20304150652649663,0.05092592592592592,0.5994868481622273,0.03851712614870509,0.1522834455419595,0.03802868164341824,0.07350912002227791,0.5164835164835165,0.24561403508771928,0.2727272727272727
tle_starlink_24,mappo_tle_trained,1024,14013,192,76,37,79,0.3958333333333333,0.19270833333333334,2.533333333333333,9.460526315789474,18.0,2.2888888888888888,16,41,-5.229337218037946,0.22876232772972535,0.052932098765432097,0.6244428857124745,0.08459045899061378,0.16657953329779954,0.03877653634982895,0.07656113322521992,0.48314606741573035,0.27692307692307694,0.39473684210526316
tle_starlink_24,mappo_tle_trained,1024,14014,192,74,34,84,0.3854166666666667,0.17708333333333334,2.466666666666667,9.594594594594595,20.349999999999994,2.2569444444444446,16,16,-5.449076723830331,0.23612653673675138,0.05237654320987655,0.6045599508776983,0.03184345668091798,0.15009558681772306,0.03679154017186845,0.0666477263419988,0.43478260869565216,0.288135593220339,0.4146341463414634
tle_starlink_24,mappo_tle_trained,1024,14015,192,74,36,82,0.3854166666666667,0.1875,2.466666666666667,9.121621621621621,20.0,2.3,18,33,-4.742653241206044,0.2049669609966509,0.053271604938271586,0.593395091115821,0.06627598407784166,0.15456712104544923,0.03743831882993103,0.07164995035351072,0.4731182795698925,0.22641509433962265,0.391304347826087
tle_starlink_24,mappo_tle_trained,1024,14016,192,75,44,73,0.390625,0.22916666666666666,2.5,8.08,16.299999999999997,2.1041666666666665,18,55,-5.053065233192704,0.18484206758033903,0.04864197530864196,0.56206009895564,0.10699657640834111,0.15395640307405012,0.03701937866596637,0.08564270152505449,0.494949494949495,0.2727272727272727,0.2894736842105263
tle_starlink_24,mappo_tle_trained,1024,14017,192,70,39,83,0.3645833333333333,0.203125,2.3333333333333335,10.342857142857143,21.549999999999997,2.338888888888889,18,43,-6.125048653633859,0.2173998105203489,0.054166666666666675,0.6107952897679939,0.08786469851098334,0.14571154192671223,0.03708954035368255,0.0762484028699199,0.49514563106796117,0.13725490196078433,0.3157894736842105
tle_starlink_24,mappo_tle_trained,1024,14018,192,69,40,83,0.359375,0.20833333333333334,2.3,9.55072463768116,18.599999999999994,2.297222222222222,15,58,-7.035535181243692,0.24807400890003967,0.05324074074074074,0.567742690049323,0.10625085999312005,0.14171381565344413,0.03693548863000291,0.07278043966124462,0.38461538461538464,0.2711864406779661,0.42857142857142855
tle_starlink_24,mappo_tle_trained,1024,14019,192,76,35,81,0.3958333333333333,0.18229166666666666,2.533333333333333,9.605263157894736,20.25,2.261111111111111,18,31,-4.566835639646497,0.21768750606936862,0.05237654320987653,0.5936191601849404,0.06100557766966437,0.15660898569954293,0.03710282343968354,0.06529188576015202,0.46875,0.24528301886792453,0.4186046511627907
tle_starlink_24,mappo_tle_trained,1024,14020,192,69,47,76,0.359375,0.24479166666666666,2.3,9.376811594202898,19.0,2.2291666666666665,16,38,-6.916732361643665,0.21574967835010872,0.05151234567901234,0.5773354118550243,0.07629471964224285,0.13936003438712416,0.03715547608341813,0.08780511327337952,0.4387755102040816,0.2033898305084746,0.4
tle_starlink_24,mappo_tle_trained,1024,14021,192,70,33,89,0.3645833333333333,0.171875,2.3333333333333335,9.442857142857143,19.0,2.3361111111111112,19,32,-5.357233552030934,0.21564743903132674,0.05429012345679012,0.6081257307189247,0.062032716595410084,0.14296963499749876,0.037890250598586625,0.064213021240885,0.38095238095238093,0.35294117647058826,0.3333333333333333
tle_starlink_24,mappo_tle_trained,1024,14022,192,70,39,83,0.3645833333333333,0.203125,2.3333333333333335,9.385714285714286,18.0,2.2708333333333335,19,38,-6.35889485032394,0.22468805660633856,0.052654320987654324,0.5835042095302649,0.07248460202794567,0.1398860635122245,0.03611578368977379,0.07423242778892931,0.38235294117647056,0.23404255319148937,0.46511627906976744
tle_starlink_24,mappo_tle_trained,1024,14023,192,73,32,87,0.3802083333333333,0.16666666666666666,2.433333333333333,9.726027397260275,20.0,2.3666666666666667,23,29,-4.966776783888699,0.21828488922553552,0.0549074074074074,0.6011285600216694,0.05479302832244008,0.14923534798534802,0.036670352604163556,0.06354030501089325,0.4166666666666667,0.3125,0.3611111111111111
tle_starlink_24,mappo_tle_trained,1024,14024,192,62,37,93,0.3229166666666667,0.19270833333333334,2.066666666666667,9.661290322580646,18.949999999999996,2.363888888888889,17,31,-7.447759074165119,0.23726700160182407,0.05503086419753086,0.6220062455148886,0.06054466230936818,0.12961406784936197,0.038182946402603606,0.07403361344537815,0.27586206896551724,0.36507936507936506,0.35714285714285715
tle_starlink_24,mappo_tle_trained,1024,14025,192,69,43,80,0.359375,0.22395833333333334,2.3,9.173913043478262,20.599999999999994,2.234722222222222,15,27,-6.405546788716951,0.22499593040978208,0.051759259259259255,0.6163744161252073,0.052213637182677436,0.14747534442967883,0.038222786143552616,0.08308156483466081,0.4536082474226804,0.24561403508771928,0.2894736842105263
tle_starlink_24,mappo_tle_trained,1024,14026,192,68,41,83,0.3541666666666667,0.21354166666666666,2.2666666666666666,9.279411764705882,20.299999999999997,2.3027777777777776,15,26,-6.584788831760593,0.21866462257626776,0.05336419753086421,0.6087672584773813,0.05187109931691976,0.1390998250402275,0.036910216986510626,0.08069733156420462,0.3655913978494624,0.22033898305084745,0.525
tle_starlink_24,mappo_tle_trained,1024,14027,192,79,30,83,0.4114583333333333,0.15625,2.6333333333333333,8.708860759493671,19.0,2.2055555555555557,15,15,-3.4654851050961537,0.21279564767403933,0.05120370370370369,0.6054028102661044,0.03059347715694465,0.16382601316811843,0.037583165875448125,0.05949614641178109,0.46601941747572817,0.3157894736842105,0.40625
tle_starlink_24,mappo_tle_trained,1024,14028,192,67,37,88,0.3489583333333333,0.19270833333333334,2.2333333333333334,10.08955223880597,18.0,2.3819444444444446,19,38,-6.462176252222031,0.22740582186395156,0.05527777777777778,0.5838883949080653,0.07335251937032124,0.1381129230819633,0.0369423077678488,0.07162505150508247,0.4,0.15789473684210525,0.5333333333333333
tle_starlink_24,mappo_tle_trained,1024,14029,192,70,44,78,0.3645833333333333,0.22916666666666666,2.3333333333333335,8.714285714285714,17.549999999999997,2.2444444444444445,15,40,-6.695860725506534,0.21709891290526112,0.05191358024691358,0.5847416693613394,0.07538563947232677,0.1385974086399783,0.03585012929762219,0.08231204496684373,0.47619047619047616,0.25,0.3181818181818182
tle_starlink_24,mappo_tle_trained,1024,14030,192,84,28,80,0.4375,0.14583333333333334,2.8,8.642857142857142,18.849999999999994,2.172222222222222,15,19,-2.8796901926364056,0.21574804885886845,0.05037037037037037,0.6049165548141282,0.03662071846282373,0.1699180139892214,0.03625343458886939,0.054170106639146884,0.5,0.3387096774193548,0.4375
tle_starlink_24,mappo_tle_trained,1024,14031,192,74,31,87,0.3854166666666667,0.16145833333333334,2.466666666666667,8.216216216216216,19.0,2.2263888888888888,15,29,-4.135684226040626,0.20590538748008835,0.05179012345679011,0.631163341090162,0.05696543237177912,0.1552540396193647,0.037302393839727624,0.06139353694694252,0.46875,0.3050847457627119,0.2972972972972973
tle_starlink_24,mappo_tle_trained,1024,14032,192,66,38,88,0.34375,0.19791666666666666,2.2,10.348484848484848,22.75,2.473611111111111,20,32,-6.885361762880381,0.23275932373020547,0.05731481481481481,0.594314986401558,0.06351534473438498,0.13562721849873552,0.03680637597694539,0.07317005749668289,0.40186915887850466,0.21818181818181817,0.36666666666666664
tle_starlink_24,mappo_tle_trained,1024,14033,192,76,32,84,0.3958333333333333,0.16666666666666666,2.533333333333333,9.789473684210526,21.25,2.3625,14,18,-3.792679724481854,0.20833557305904843,0.05472222222222223,0.6156203619974707,0.03523768571756188,0.1622824721431533,0.037868817922681514,0.06323889789834063,0.4424778761061947,0.2916666666666667,0.3870967741935484
tle_starlink_24,mappo_tle_trained,1024,14034,192,74,36,82,0.3854166666666667,0.1875,2.466666666666667,9.68918918918919,18.0,2.3361111111111112,20,29,-5.365619544224768,0.21344662792900918,0.05407407407407408,0.5834664774879305,0.056193875210903084,0.14510483725654003,0.03566122991140988,0.06960311317509459,0.48514851485148514,0.3,0.22580645161290322
tle_starlink_24,mappo_tle_trained,1024,14035,192,69,37,86,0.359375,0.19270833333333334,2.3,9.565217391304348,22.599999999999994,2.2930555555555556,20,42,-6.741790602524535,0.24549330955646212,0.053240740740740734,0.5968463713667245,0.08067071745477318,0.14102487238710146,0.03716420083539725,0.06957749766573297,0.3723404255319149,0.3709677419354839,0.3055555555555556
tle_starlink_24,mappo_tle_trained,1024,14036,192,67,37,88,0.3489583333333333,0.19270833333333334,2.2333333333333334,9.716417910447761,20.0,2.3041666666666667,17,33,-6.330318086526416,0.22681263679783786,0.05354938271604938,0.6097917552232299,0.0654796304486707,0.14069363485385158,0.03743891232600593,0.07246336838829098,0.45544554455445546,0.18181818181818182,0.3055555555555556
tle_starlink_24,mappo_tle_trained,1024,14037,192,65,47,80,0.3385416666666667,0.24479166666666666,2.1666666666666665,9.523076923076923,18.0,2.2263888888888888,14,38,-8.555968156454979,0.25086031139436454,0.05157407407407406,0.5723193900440114,0.07592080691925893,0.1314829352793749,0.03756171334820517,0.08993648336527595,0.37037037037037035,0.28169014084507044,0.375
tle_starlink_24,mappo_tle_trained,1024,14038,192,67,34,91,0.3489583333333333,0.17708333333333334,2.2333333333333334,9.761194029850746,21.699999999999996,2.477777777777778,18,44,-6.138183604999322,0.22583206220746005,0.057499999999999996,0.6024584594506752,0.08691340278801579,0.13852727910777446,0.037247913206028965,0.06423764917572967,0.4318181818181818,0.28125,0.275
tle_starlink_24,mappo_tle_trained,1024,14039,192,70,44,78,0.3645833333333333,0.22916666666666666,2.3333333333333335,9.314285714285715,17.549999999999997,2.2597222222222224,13,33,-7.416529468514415,0.24477954598446777,0.05225308641975308,0.5596429832562947,0.06146956443396072,0.13655605517060626,0.035628617057044905,0.08096333562664831,0.3764705882352941,0.36065573770491804,0.34782608695652173
tle_starlink_24,mappo_tle_trained,1024,14040,192,74,38,80,0.3854166666666667,0.19791666666666666,2.466666666666667,8.756756756756756,17.0,2.2319444444444443,18,30,-6.022507693136968,0.2370755419966314,0.05169753086419752,0.6106356061621796,0.05975178960473079,0.15384962532021354,0.03750387866244439,0.07662581699346403,0.4157303370786517,0.328125,0.41025641025641024
tle_starlink_24,mappo_tle_trained,1024,14041,192,76,41,75,0.3958333333333333,0.21354166666666666,2.533333333333333,8.947368421052632,18.0,2.102777777777778,15,26,-5.6948861575926895,0.23075713775734316,0.048672839506172835,0.6046165070021529,0.05521140624081801,0.16316251830957712,0.039098413789361866,0.08552269625799037,0.5212765957446809,0.3103448275862069,0.225
tle_starlink_24,mappo_tle_trained,1024,14042,192,65,36,91,0.3385416666666667,0.1875,2.1666666666666665,9.0,18.799999999999997,2.3541666666666665,18,26,-5.8930023003512915,0.2051790182445276,0.054753086419753086,0.5682911123375387,0.050528322440087155,0.13268713040771862,0.036730759478903204,0.07110916588857766,0.41237113402061853,0.1836734693877551,0.34782608695652173
tle_starlink_24,mappo_tle_trained,1024,14043,192,70,38,84,0.3645833333333333,0.19791666666666666,2.3333333333333335,10.457142857142857,20.19999999999999,2.375,17,28,-6.183869423251724,0.21902106763087759,0.05500000000000001,0.5943074235407269,0.051364460989074,0.13677441151899353,0.03587293318650739,0.07168290415581437,0.44660194174757284,0.2,0.358974358974359
tle_starlink_24,mappo_tle_trained,1024,14044,192,76,31,85,0.3958333333333333,0.16145833333333334,2.533333333333333,8.828947368421053,19.25,2.345833333333333,19,21,-5.037902949135423,0.24280746009529858,0.05438271604938272,0.5936409978904742,0.04249444312137811,0.15773180279759227,0.03736664563412979,0.06274020899407898,0.4186046511627907,0.3898305084745763,0.3617021276595745
tle_starlink_24,mappo_tle_trained,1024,14045,192,66,37,89,0.34375,0.19270833333333334,2.2,10.515151515151516,20.75,2.4402777777777778,18,36,-6.9066922456739315,0.23769378358353194,0.05660493827160493,0.5687240088777668,0.07156969220436714,0.1360738132409959,0.03701139603144905,0.07225274410258929,0.3838383838383838,0.21428571428571427,0.43243243243243246
tle_starlink_24,mappo_tle_trained,1024,14046,192,72,36,84,0.375,0.1875,2.4,8.88888888888889,17.0,2.1791666666666667,15,42,-5.868815907509436,0.2210028425614537,0.05064814814814814,0.579561973450931,0.07886495241371402,0.14057245300279356,0.0357378426358484,0.06897388487558767,0.4166666666666667,0.32727272727272727,0.34146341463414637
tle_starlink_24,mappo_tle_trained,1024,14047,192,82,30,80,0.4270833333333333,0.15625,2.7333333333333334,8.853658536585366,16.950000000000003,2.1013888888888888,14,32,-3.7903812950704587,0.22112977052721156,0.0487962962962963,0.6006536564727318,0.06256005618621717,0.16490712074303407,0.036118919733173695,0.059902104116500404,0.43820224719101125,0.36923076923076925,0.5
tle_starlink_24,mappo_tle_trained,1024,14048,192,73,28,91,0.3802083333333333,0.14583333333333334,2.433333333333333,8.67123287671233,18.0,2.2555555555555555,17,38,-4.3459822648863025,0.21322268841405104,0.05256172839506172,0.597548294273707,0.07485304355660394,0.15111467393975134,0.03688082337955936,0.05670491588448245,0.39805825242718446,0.3953488372093023,0.32608695652173914
tle_starlink_24,mappo_tle_trained,1024,14049,192,67,38,87,0.3489583333333333,0.19791666666666666,2.2333333333333334,9.492537313432836,20.0,2.323611111111111,16,32,-6.695405282097539,0.22844812967665018,0.05395061728395061,0.6138294271933417,0.06471890983113895,0.13838227261214875,0.03688472814902343,0.07516045014497028,0.45348837209302323,0.23809523809523808,0.3023255813953488
tle_starlink_24,mappo_tle_trained,1024,14050,192,81,36,75,0.421875,0.1875,2.7,9.506172839506172,20.0,2.2222222222222223,15,23,-4.7343599364624,0.2359075070469318,0.05132716049382715,0.6122900884907734,0.04749657262815157,0.1693561124404778,0.037739177016376184,0.07252637312234836,0.5609756097560976,0.26666666666666666,0.38
tle_starlink_24,mappo_tle_trained,2024,14001,192,71,36,85,0.3697916666666667,0.1875,2.3666666666666667,9.577464788732394,20.0,2.2069444444444444,17,23,-5.880595861109951,0.22872054114526216,0.05129629629629629,0.5701269988905101,0.04711290544107881,0.14450724914347204,0.03760242840084112,0.07254062916214618,0.375,0.3389830508474576,0.4
tle_starlink_24,mappo_tle_trained,2024,14002,192,80,31,81,0.4166666666666667,0.16145833333333334,2.6666666666666665,8.275,17.0,2.058333333333333,12,26,-3.6676700399069473,0.21088340982332415,0.04787037037037037,0.5994536446821915,0.051753198355365536,0.165690706782038,0.037815158061071205,0.06518992774797729,0.3904761904761905,0.41509433962264153,0.5
tle_starlink_24,mappo_tle_trained,2024,14003,192,78,31,83,0.40625,0.16145833333333334,2.6,8.525641025641026,19.14999999999999,2.172222222222222,13,43,-4.137302302767702,0.21357573774260677,0.050462962962962966,0.58452286842779,0.08090211230691108,0.15680943955711754,0.036854073724036186,0.05963236554180827,0.34831460674157305,0.45614035087719296,0.45652173913043476
tle_starlink_24,mappo_tle_trained,2024,14004,192,72,43,77,0.375,0.22395833333333334,2.4,9.208333333333334,21.450000000000003,2.1527777777777777,13,44,-5.911088532557397,0.19933842716793346,0.04984567901234568,0.5687720046479332,0.08639064195178744,0.1415848948666286,0.036256820648206095,0.08160504642702784,0.4423076923076923,0.2033898305084746,0.4827586206896552
tle_starlink_24,mappo_tle_trained,2024,14005,192,64,44,84,0.3333333333333333,0.22916666666666666,2.1333333333333333,8.296875,15.849999999999994,2.261111111111111,15,26,-8.17275550519652,0.24457734685684443,0.05246913580246914,0.5903438287850072,0.04881980277491114,0.127297041623667,0.03631918779040984,0.0840181745212705,0.24210526315789474,0.359375,0.5454545454545454
tle_starlink_24,mappo_tle_trained,2024,14006,192,75,36,81,0.390625,0.1875,2.5,7.8933333333333335,16.0,2.1180555555555554,12,59,-5.156670214386759,0.2085006100081068,0.049197530864197536,0.5475968610172328,0.1102678673808705,0.14725774254412025,0.03606891534183542,0.06906285321146002,0.39805825242718446,0.44680851063829785,0.30952380952380953
tle_starlink_24,mappo_tle_trained,2024,14007,192,73,35,84,0.3802083333333333,0.18229166666666666,2.433333333333333,8.602739726027398,19.0,2.176388888888889,16,53,-5.429755354576144,0.21938853542094225,0.05058641975308641,0.563732941321136,0.10427398624767045,0.14433232244764752,0.03575731783691695,0.06449749782954116,0.43956043956043955,0.3225806451612903,0.3333333333333333
tle_starlink_24,mappo_tle_trained,2024,14008,192,75,46,71,0.390625,0.23958333333333334,2.5,8.733333333333333,17.599999999999994,2.0708333333333333,16,25,-6.049008034077505,0.2092688142708322,0.047839506172839504,0.6051435259178402,0.05039387684898521,0.15318742116729733,0.03826441830319592,0.09302422723475354,0.40425531914893614,0.2631578947368421,0.5365853658536586
tle_starlink_24,mappo_tle_trained,2024,14009,192,74,40,78,0.3854166666666667,0.20833333333333334,2.466666666666667,9.04054054054054,20.349999999999994,2.183333333333333,16,56,-6.4685383824550655,0.23373956768488957,0.05055555555555555,0.55937227533854,0.10814489245990792,0.14866737923239473,0.0367689135812037,0.07876279751666747,0.391304347826087,0.3220338983050847,0.4634146341463415
tle_starlink_24,mappo_tle_trained,2024,14010,192,68,44,80,0.3541666666666667,0.22916666666666666,2.2666666666666666,8.205882352941176,15.649999999999999,2.0569444444444445,12,48,-6.3470748488891005,0.19510094307012546,0.04780864197530863,0.5661298255370822,0.09286656655464705,0.13447149800090977,0.03656138358046892,0.08416093337919965,0.4215686274509804,0.19642857142857142,0.4117647058823529
tle_starlink_24,mappo_tle_trained,2024,14011,192,73,44,75,0.3802083333333333,0.22916666666666666,2.433333333333333,7.63013698630137,16.0,1.926388888888889,16,41,-5.514518757641861,0.19652421794132488,0.04475308641975308,0.5845096526349365,0.08395746310219994,0.15276292163289068,0.038651973792423466,0.08895439642343667,0.4270833333333333,0.25806451612903225,0.47058823529411764
tle_starlink_24,mappo_tle_trained,2024,14012,192,69,38,85,0.359375,0.19791666666666666,2.3,8.63768115942029,21.0,2.126388888888889,17,39,-6.318578970685691,0.22973403510270318,0.049506172839506174,0.6027843409835125,0.08203148015841515,0.14770978319352931,0.039424386192270004,0.07803636164317279,0.4175824175824176,0.2982456140350877,0.3181818181818182
tle_starlink_24,mappo_tle_trained,2024,14013,192,74,33,85,0.3854166666666667,0.171875,2.466666666666667,9.31081081081081,20.0,2.263888888888889,14,47,-5.309994785250636,0.2385874589663396,0.05256172839506173,0.6028166891745099,0.09930613360953916,0.16048665429857376,0.03828096314222002,0.0666826505680995,0.42696629213483145,0.3230769230769231,0.39473684210526316
tle_starlink_24,mappo_tle_trained,2024,14014,192,73,42,77,0.3802083333333333,0.21875,2.433333333333333,8.575342465753424,19.0,2.126388888888889,14,35,-5.786969863222613,0.2125486413436137,0.049259259259259246,0.581312928531247,0.0696678300199972,0.14816443131458612,0.03667194208402194,0.08076987812668926,0.44565217391304346,0.3389830508474576,0.2926829268292683
tle_starlink_24,mappo_tle_trained,2024,14015,192,73,37,82,0.3802083333333333,0.19270833333333334,2.433333333333333,8.67123287671233,20.0,2.251388888888889,16,43,-5.403459981855558,0.20925351931383926,0.05219135802469135,0.560993808205921,0.08378419496453551,0.1431626246990024,0.035660115305350855,0.06950587252444837,0.40860215053763443,0.3018867924528302,0.41304347826086957
tle_starlink_24,mappo_tle_trained,2024,14016,192,71,48,73,0.3697916666666667,0.25,2.3666666666666667,8.577464788732394,18.0,2.0694444444444446,18,45,-6.369112165255698,0.2029064033541541,0.04787037037037036,0.5561684193050149,0.08674936146298376,0.14355460200274442,0.03715009333822035,0.09076425981998736,0.43434343434343436,0.2545454545454545,0.3684210526315789
tle_starlink_24,mappo_tle_trained,2024,14017,192,70,41,81,0.3645833333333333,0.21354166666666666,2.3333333333333335,10.085714285714285,18.549999999999997,2.352777777777778,16,45,-6.17873136314699,0.20842840309240146,0.05441358024691358,0.6043656019444777,0.09562636165577341,0.1484862278244631,0.037931326752970014,0.08380796763149706,0.46601941747572817,0.13725490196078433,0.39473684210526316
tle_starlink_24,mappo_tle_trained,2024,14018,192,66,45,81,0.34375,0.234375,2.2,8.878787878787879,16.5,2.245833333333333,13,58,-7.570501029655712,0.2265476041288461,0.052037037037037034,0.5547630729943035,0.10960309269906794,0.13327344467824342,0.03631337802510758,0.08484571313905678,0.3626373626373626,0.288135593220339,0.38095238095238093
tle_starlink_24,mappo_tle_trained,2024,14019,192,72,43,77,0.375,0.22395833333333334,2.4,8.277777777777779,16.450000000000003,2.0597222222222222,15,40,-5.85916538780227,0.20430627700465712,0.04777777777777777,0.5837529023845366,0.07919054171376153,0.1452277548446279,0.036970778604789326,0.08266102347371698,0.3958333333333333,0.24528301886792453,0.4883720930232558
tle_starlink_24,mappo_tle_trained,2024,14020,192,68,48,76,0.3541666666666667,0.25,2.2666666666666666,8.588235294117647,15.649999999999999,2.1777777777777776,13,77,-7.590959206173738,0.2074595918621297,0.05037037037037037,0.5452288683270891,0.14667141710485362,0.13052661505447885,0.03572363100900395,0.08944989106753812,0.37755102040816324,0.2542372881355932,0.45714285714285713
tle_starlink_24,mappo_tle_trained,2024,14021,192,72,40,80,0.375,0.20833333333333334,2.4,8.277777777777779,16.0,2.058333333333333,15,41,-6.040300938913635,0.21250117587254339,0.047839506172839504,0.581269588857737,0.07953539107950872,0.1414672065407359,0.03755656584132792,0.07785765160765161,0.34285714285714286,0.4117647058823529,0.4166666666666667
tle_starlink_24,mappo_tle_trained,2024,14022,192,64,40,88,0.3333333333333333,0.20833333333333334,2.1333333333333333,9.40625,19.849999999999994,2.245833333333333,13,58,-7.628690638636514,0.22901014544700113,0.052253086419753084,0.5818196593341463,0.1079824403895611,0.1263453285047712,0.03614503842867947,0.07638738626354726,0.3431372549019608,0.2553191489361702,0.3953488372093023
tle_starlink_24,mappo_tle_trained,2024,14023,192,70,37,85,0.3645833333333333,0.19270833333333334,2.3333333333333335,9.914285714285715,21.549999999999997,2.3819444444444446,15,46,-6.1471036409818645,0.22367167138505703,0.055185185185185184,0.5659039491932975,0.08712346634560257,0.13952247858207611,0.03633685313776201,0.06923990941405801,0.4074074074074074,0.2916666666666667,0.3333333333333333
tle_starlink_24,mappo_tle_trained,2024,14024,192,67,40,85,0.3489583333333333,0.20833333333333334,2.2333333333333334,8.537313432835822,18.0,2.1972222222222224,12,48,-7.0467216598222695,0.224781707745868,0.05108024691358025,0.6237297537187569,0.09942026927321046,0.1401472138972139,0.038984149896884784,0.08169190014778249,0.3563218390804598,0.31746031746031744,0.38095238095238093
tle_starlink_24,mappo_tle_trained,2024,14025,192,72,43,77,0.375,0.22395833333333334,2.4,9.0,18.450000000000003,2.1708333333333334,11,48,-6.249272598997068,0.2156489773371548,0.0502469135802469,0.5868676374309862,0.09308362818811734,0.14566401391865788,0.03698691576831798,0.08139421265582257,0.422680412371134,0.3157894736842105,0.34210526315789475
tle_starlink_24,mappo_tle_trained,2024,14026,192,68,45,79,0.3541666666666667,0.234375,2.2666666666666666,8.176470588235293,18.0,2.1375,11,59,-7.382723984641219,0.21944892087053897,0.0495679012345679,0.5693745756711771,0.11479751257228038,0.13619165592462806,0.036827566791323735,0.08789557635919865,0.3333333333333333,0.2711864406779661,0.525
tle_starlink_24,mappo_tle_trained,2024,14027,192,73,41,78,0.3802083333333333,0.21354166666666666,2.433333333333333,8.602739726027398,18.0,2.172222222222222,15,22,-5.251007860885485,0.1925557318482106,0.05030864197530864,0.5864623082436792,0.04293220797090766,0.14583396021476516,0.037752192417007016,0.0814454893518361,0.4368932038834951,0.3157894736842105,0.3125
tle_starlink_24,mappo_tle_trained,2024,14028,192,66,42,84,0.34375,0.21875,2.2,10.030303030303031,18.0,2.327777777777778,14,54,-7.181793893307786,0.22038080425211187,0.05395061728395061,0.583722378417267,0.10611064488773465,0.13287083816882578,0.03643832380846686,0.07917765441759249,0.4095238095238095,0.17543859649122806,0.43333333333333335
tle_starlink_24,mappo_tle_trained,2024,14029,192,71,45,76,0.3697916666666667,0.234375,2.3666666666666667,8.816901408450704,20.0,2.1680555555555556,14,45,-6.960010262619071,0.22382842592619606,0.05015432098765433,0.5639605101255637,0.08588781216490195,0.1408610263718623,0.03640113921983403,0.08627839237359361,0.4880952380952381,0.25,0.3181818181818182
tle_starlink_24,mappo_tle_trained,2024,14030,192,74,45,73,0.3854166666666667,0.234375,2.466666666666667,7.5,15.0,2.001388888888889,12,41,-5.368711032822482,0.18291611680243905,0.04635802469135802,0.5692349394367338,0.08020734024603993,0.14695433909056202,0.0367436194618827,0.0881119260569725,0.42857142857142855,0.2903225806451613,0.4375
tle_starlink_24,mappo_tle_trained,2024,14031,192,73,30,89,0.3802083333333333,0.15625,2.433333333333333,8.643835616438356,19.0,2.2708333333333335,16,26,-3.9914008140314996,0.20450735488522842,0.05283950617283951,0.6214163609908974,0.055215919701213825,0.15689330005506477,0.03797618623510393,0.061535947712418305,0.4583333333333333,0.3050847457627119,0.2972972972972973
tle_starlink_24,mappo_tle_trained,2024,14032,192,67,42,83,0.3489583333333333,0.21875,2.2333333333333334,9.701492537313433,19.699999999999996,2.3666666666666667,14,67,-7.0674208864969135,0.2156366639784801,0.05478395061728395,0.5594236915918239,0.12705263976935802,0.1337992857961898,0.036310360756632756,0.0793657550739594,0.40186915887850466,0.2727272727272727,0.3
tle_starlink_24,mappo_tle_trained,2024,14033,192,74,37,81,0.3854166666666667,0.19270833333333334,2.466666666666667,8.58108108108108,20.0,2.0972222222222223,14,33,-4.474188676934907,0.19603121936284698,0.04873456790123457,0.5833913750439697,0.06867043961084209,0.15522658613602885,0.03826033328582032,0.0743373311987863,0.4336283185840708,0.3333333333333333,0.2903225806451613
tle_starlink_24,mappo_tle_trained,2024,14034,192,77,40,75,0.4010416666666667,0.20833333333333334,2.566666666666667,9.38961038961039,18.200000000000003,2.176388888888889,15,58,-5.96382187942784,0.22497335653860884,0.05030864197530864,0.564684664148474,0.1116486068111455,0.15029024767801857,0.03550401219957255,0.07590284944387111,0.4752475247524752,0.35,0.25806451612903225
tle_starlink_24,mappo_tle_trained,2024,14035,192,69,35,88,0.359375,0.18229166666666666,2.3,8.840579710144928,17.599999999999994,2.3,15,55,-6.519274646144015,0.23473201808953748,0.053456790123456804,0.5713005704830503,0.11065676540521742,0.138754747288029,0.03728158141896041,0.06716581549398887,0.3191489361702128,0.3870967741935484,0.4166666666666667
tle_starlink_24,mappo_tle_trained,2024,14036,192,64,46,82,0.3333333333333333,0.23958333333333334,2.1333333333333333,9.734375,20.0,2.2736111111111112,15,48,-7.146395844995977,0.20828593229341888,0.05268518518518518,0.5842573097921272,0.09381059801338437,0.13431308915829038,0.03801958343966527,0.08770774189117844,0.43564356435643564,0.16363636363636364,0.3055555555555556
tle_starlink_24,mappo_tle_trained,2024,14037,192,68,50,74,0.3541666666666667,0.2604166666666667,2.2666666666666666,8.485294117647058,16.299999999999997,2.077777777777778,12,50,-8.66654474114254,0.24923118869922062,0.04808641975308641,0.5685654999332093,0.09900762936753647,0.136328013661605,0.037715960891450476,0.09670542778514914,0.2839506172839506,0.352112676056338,0.5
tle_starlink_24,mappo_tle_trained,2024,14038,192,67,42,83,0.3489583333333333,0.21875,2.2333333333333334,9.835820895522389,19.0,2.3569444444444443,12,53,-7.8074749426396295,0.24104260160429203,0.0545679012345679,0.5740833233421176,0.10225963192294459,0.1317209895654168,0.036170493767131134,0.07875845659901387,0.38636363636363635,0.28125,0.375
tle_starlink_24,mappo_tle_trained,2024,14039,192,74,41,77,0.3854166666666667,0.21354166666666666,2.466666666666667,8.783783783783784,16.349999999999994,2.1305555555555555,11,25,-6.601799028071193,0.24646470847394528,0.049351851851851855,0.5713858601239682,0.047089128048880366,0.14439937670974823,0.03616754692521195,0.07636968237587433,0.3058823529411765,0.39344262295081966,0.5217391304347826
tle_starlink_24,mappo_tle_trained,2024,14040,192,69,41,82,0.359375,0.21354166666666666,2.3,8.376811594202898,16.799999999999983,2.186111111111111,16,45,-6.647102091719843,0.22507223415587296,0.050740740740740746,0.6035844691000283,0.0919884064737006,0.14499416433239962,0.03826674683640226,0.08165538437597261,0.3707865168539326,0.328125,0.38461538461538464
tle_starlink_24,mappo_tle_trained,2024,14041,192,69,46,77,0.359375,0.23958333333333334,2.3,9.028985507246377,20.799999999999983,2.1486111111111112,15,50,-7.333484430848944,0.22309738588508357,0.04975308641975308,0.5925368239985929,0.10374531571512996,0.1440743575882895,0.03837624922453899,0.09292898535932591,0.4787234042553192,0.29310344827586204,0.175
tle_starlink_24,mappo_tle_trained,2024,14042,192,66,37,89,0.34375,0.19270833333333334,2.2,9.181818181818182,20.0,2.3125,13,36,-6.556696931396744,0.22177248696122745,0.05376543209876543,0.5705931453460942,0.07126801890346782,0.1326444993201959,0.036587085870921666,0.07204455173882418,0.41237113402061853,0.22448979591836735,0.32608695652173914
tle_starlink_24,mappo_tle_trained,2024,14043,192,70,40,82,0.3645833333333333,0.20833333333333334,2.3333333333333335,10.057142857142857,21.0,2.2416666666666667,15,47,-6.903844287681373,0.22947699910470726,0.051975308641975304,0.5837964126895675,0.09233629416678951,0.13637924468032825,0.03627300813773437,0.07567759267449668,0.4368932038834951,0.22,0.358974358974359
tle_starlink_24,mappo_tle_trained,2024,14044,192,70,40,82,0.3645833333333333,0.20833333333333334,2.3333333333333335,7.957142857142857,17.549999999999997,2.1041666666666665,19,27,-5.43084856721157,0.1997043732526769,0.04891975308641975,0.5824295012219693,0.05321113240617885,0.14557179304470327,0.038214681478134775,0.08031252559503335,0.46511627906976744,0.3220338983050847,0.23404255319148937
tle_starlink_24,mappo_tle_trained,2024,14045,192,61,45,86,0.3177083333333333,0.234375,2.033333333333333,9.737704918032787,18.0,2.3027777777777776,16,38,-8.283234525520761,0.2215058135695459,0.0534567901234568,0.5641908827055686,0.07493606596934768,0.11988956491278471,0.03660347840704607,0.0882745261847429,0.3838383838383838,0.21428571428571427,0.2972972972972973
tle_starlink_24,mappo_tle_trained,2024,14046,192,63,48,81,0.328125,0.25,2.1,8.920634920634921,17.9,2.2111111111111112,13,62,-7.86049056271133,0.19954453815837647,0.051265432098765426,0.5617486694761389,0.11609935142829879,0.11938932999691512,0.03589465315347359,0.08862696284909907,0.4166666666666667,0.2,0.2926829268292683
tle_starlink_24,mappo_tle_trained,2024,14047,192,77,39,76,0.4010416666666667,0.203125,2.566666666666667,8.480519480519481,17.400000000000006,2.0,12,56,-5.533171483209005,0.22139749074574913,0.046419753086419754,0.5597949305625868,0.10828689370485037,0.15200556538404833,0.0361193977898175,0.07433403770865071,0.38202247191011235,0.38461538461538464,0.47368421052631576
tle_starlink_24,mappo_tle_trained,2024,14048,192,67,37,88,0.3489583333333333,0.19270833333333334,2.2333333333333334,7.388059701492537,17.099999999999987,2.202777777777778,16,37,-5.389682714463254,0.19313926638057646,0.05129629629629629,0.5938369285093756,0.07383399266139204,0.14235251733703747,0.038580675057164275,0.07608813142481874,0.32038834951456313,0.3953488372093023,0.3695652173913043
tle_starlink_24,mappo_tle_trained,2024,14049,192,68,50,74,0.3541666666666667,0.2604166666666667,2.2666666666666666,8.75,20.0,2.1013888888888888,11,39,-7.684778317248591,0.21918622865460258,0.04861111111111111,0.60663446166239,0.0778062315794514,0.13789892812725627,0.03691419520087446,0.09698295197521205,0.45348837209302323,0.25396825396825395,0.3023255813953488
tle_starlink_24,mappo_tle_trained,2024,14050,192,79,41,72,0.4114583333333333,0.21354166666666666,2.6333333333333333,8.164556962025317,20.099999999999994,2.036111111111111,13,23,-4.881258863761708,0.21610300955029074,0.04709876543209876,0.5867334897136031,0.04618969810146281,0.16241739655826343,0.037112266272776855,0.08106944239684179,0.4634146341463415,0.35,0.4
tle_starlink_24,global_dijkstra,-1,14001,192,75,25,92,0.390625,0.13020833333333334,2.5,8.573333333333334,19.299999999999997,2.4194444444444443,23,0,-2.2645237443897237,0.19846366461640366,0.05623456790123457,0.628586066938206,0.0,0.17143531577355106,0.03990951057354304,0.054026939835763364,0.4431818181818182,0.3389830508474576,0.35555555555555557
tle_starlink_24,global_dijkstra,-1,14002,192,70,25,97,0.3645833333333333,0.13020833333333334,2.3333333333333335,8.271428571428572,21.099999999999994,2.4583333333333335,27,0,-2.7340632989685103,0.19442500943725213,0.05725308641975309,0.6883809418979415,0.0,0.1763595473154297,0.04409622287618065,0.06518967143967143,0.37142857142857144,0.33962264150943394,0.38235294117647056
tle_starlink_24,global_dijkstra,-1,14003,192,75,25,92,0.390625,0.13020833333333334,2.5,9.253333333333334,21.299999999999997,2.433333333333333,22,0,-2.525432560799294,0.21842687102428673,0.056543209876543224,0.680614636003663,0.0,0.18775460650460649,0.04344352220258278,0.06181152181152181,0.4606741573033708,0.3333333333333333,0.32608695652173914
tle_starlink_24,global_dijkstra,-1,14004,192,80,23,89,0.4166666666666667,0.11979166666666667,2.6666666666666665,8.8875,22.0,2.4180555555555556,22,0,-1.0839098984786286,0.18764409926902922,0.05611111111111111,0.657910826615819,0.0,0.18666346997229347,0.04059532000707544,0.053536833536833535,0.4807692307692308,0.2542372881355932,0.5172413793103449
tle_starlink_24,global_dijkstra,-1,14005,192,69,26,97,0.359375,0.13541666666666666,2.3,9.27536231884058,19.599999999999994,2.495833333333333,29,0,-4.421951326863496,0.23791797377889232,0.058086419753086406,0.6858178548839877,0.0,0.16750457875457878,0.04206649769523576,0.06261599511599511,0.3157894736842105,0.375,0.45454545454545453
tle_starlink_24,global_dijkstra,-1,14006,192,86,19,87,0.4479166666666667,0.09895833333333333,2.8666666666666667,7.953488372093023,20.5,2.2597222222222224,28,0,0.15074779305298122,0.18618397268841907,0.052530864197530856,0.6452943800396972,0.0,0.19743193897605665,0.040469697950736516,0.046526939835763365,0.5145631067961165,0.3829787234042553,0.35714285714285715
tle_starlink_24,global_dijkstra,-1,14007,192,84,29,79,0.4375,0.15104166666666666,2.8,7.869047619047619,18.849999999999994,2.109722222222222,21,0,-1.2359850963320693,0.20421408379549724,0.04895061728395063,0.6836484290315712,0.0,0.2071298227915875,0.04275691912628013,0.06972201817790054,0.4725274725274725,0.3709677419354839,0.46153846153846156
tle_starlink_24,global_dijkstra,-1,14008,192,82,20,90,0.4270833333333333,0.10416666666666667,2.7333333333333334,8.597560975609756,17.950000000000003,2.279166666666667,22,0,-1.2194815948032307,0.2259496374379788,0.05305555555555555,0.671009479542524,0.0,0.19741272616272618,0.041695081719168546,0.04790515040515041,0.44680851063829785,0.42105263157894735,0.3902439024390244
tle_starlink_24,global_dijkstra,-1,14009,192,78,29,85,0.40625,0.15104166666666666,2.6,9.08974358974359,21.14999999999999,2.311111111111111,19,0,-3.124012924584685,0.23595935252101566,0.053611111111111116,0.659539615490583,0.0,0.1919928709634592,0.042702880443515216,0.06952350753821342,0.41304347826086957,0.3389830508474576,0.4878048780487805
tle_starlink_24,global_dijkstra,-1,14010,192,78,21,93,0.40625,0.109375,2.6,8.743589743589743,19.14999999999999,2.3305555555555557,24,0,-1.0146299863709165,0.20105421255309153,0.054290123456790115,0.6572844869096939,0.0,0.19030196111078468,0.04208007049736361,0.05000107735401852,0.43137254901960786,0.26785714285714285,0.5588235294117647
tle_starlink_24,global_dijkstra,-1,14011,192,84,27,81,0.4375,0.140625,2.8,8.107142857142858,17.849999999999994,2.091666666666667,18,0,-0.7847527378414008,0.20641037800490275,0.0486111111111111,0.6743611447601217,0.0,0.21104034854034853,0.04290509092375473,0.0656066156066156,0.5416666666666666,0.3064516129032258,0.38235294117647056
tle_starlink_24,global_dijkstra,-1,14012,192,81,22,89,0.421875,0.11458333333333333,2.7,8.283950617283951,18.0,2.2083333333333335,23,0,-0.8259187583199139,0.20205253107016227,0.05145061728395063,0.65734127637675,0.0,0.19487411553588027,0.041334946158839814,0.05209910459910459,0.5164835164835165,0.3333333333333333,0.3409090909090909
tle_starlink_24,global_dijkstra,-1,14013,192,84,25,83,0.4375,0.13020833333333334,2.8,8.761904761904763,20.0,2.2805555555555554,21,0,-1.152796143113451,0.21913943363938213,0.052870370370370366,0.687476939852515,0.0,0.20930056055056057,0.042709752107127505,0.061286630036630034,0.5168539325842697,0.35384615384615387,0.39473684210526316
tle_starlink_24,global_dijkstra,-1,14014,192,76,27,89,0.3958333333333333,0.140625,2.533333333333333,8.539473684210526,21.25,2.3041666666666667,20,0,-3.065462105619077,0.22384984707724334,0.05358024691358025,0.6754047624274319,0.0,0.18424024504906858,0.042571184601386224,0.0660754604872252,0.45652173913043476,0.288135593220339,0.4146341463414634
tle_starlink_24,global_dijkstra,-1,14015,192,76,26,90,0.3958333333333333,0.13541666666666666,2.533333333333333,7.815789473684211,19.0,2.2930555555555556,24,0,-1.9429687495825196,0.18061056962135985,0.05336419753086419,0.6736555059998929,0.0,0.17843605740664564,0.04178083143509303,0.06339608920491273,0.45161290322580644,0.3018867924528302,0.391304347826087
tle_starlink_24,global_dijkstra,-1,14016,192,78,28,86,0.40625,0.14583333333333334,2.6,8.512820512820513,18.299999999999983,2.3819444444444446,21,0,-1.6714834002931718,0.18749602617211397,0.05521604938271605,0.6788546270979302,0.0,0.19426406926406928,0.042749789505728567,0.0702074722662958,0.48484848484848486,0.32727272727272727,0.3157894736842105
tle_starlink_24,global_dijkstra,-1,14017,192,80,22,90,0.4166666666666667,0.11458333333333333,2.6666666666666665,10.05,20.049999999999997,2.359722222222222,20,0,-1.9218026582893466,0.22377012184532188,0.05484567901234568,0.6637948161550156,0.0,0.1871642246642247,0.04078508483511465,0.05014194139194139,0.5048543689320388,0.21568627450980393,0.4473684210526316
tle_starlink_24,global_dijkstra,-1,14018,192,76,30,86,0.3958333333333333,0.15625,2.533333333333333,8.881578947368421,20.0,2.4,28,0,-3.0005359788064294,0.20587048061892718,0.05561728395061728,0.6548954052568858,0.0,0.17645417491005727,0.04054519310312263,0.06650892408245349,0.43956043956043955,0.288135593220339,0.4523809523809524
tle_starlink_24,global_dijkstra,-1,14019,192,74,30,88,0.3854166666666667,0.15625,2.466666666666667,8.783783783783784,20.0,2.3694444444444445,24,0,-2.810529020531436,0.20090329562253284,0.055000000000000014,0.6870446277815089,0.0,0.18144397269397275,0.042576389647941436,0.06935342435342434,0.4583333333333333,0.24528301886792453,0.3953488372093023
tle_starlink_24,global_dijkstra,-1,14020,192,76,30,86,0.3958333333333333,0.15625,2.533333333333333,9.157894736842104,18.25,2.4430555555555555,28,0,-3.7654330535115745,0.2233625832146767,0.056574074074074075,0.6601939386386758,0.0,0.17266784413843242,0.04042796066493248,0.0660830454948102,0.3877551020408163,0.3220338983050847,0.5428571428571428
tle_starlink_24,global_dijkstra,-1,14021,192,75,22,95,0.390625,0.11458333333333333,2.5,9.533333333333333,21.599999999999994,2.5,21,0,-2.8096692819113382,0.22702237423331137,0.058117283950617285,0.6519596453231963,0.0,0.17492727860374924,0.04093444483632535,0.05035229476405947,0.42857142857142855,0.37254901960784315,0.3055555555555556
tle_starlink_24,global_dijkstra,-1,14022,192,69,26,97,0.359375,0.13541666666666666,2.3,9.289855072463768,20.0,2.515277777777778,31,0,-3.7048833326527233,0.21055877510688076,0.058518518518518504,0.6778745459118073,0.0,0.16306493343258052,0.04122693980822255,0.06017111972994325,0.3627450980392157,0.23404255319148937,0.4883720930232558
tle_starlink_24,global_dijkstra,-1,14023,192,78,26,88,0.40625,0.13541666666666666,2.6,8.35897435897436,20.299999999999983,2.386111111111111,20,0,-1.1609667323161235,0.1805732803343347,0.05537037037037037,0.6604064570647182,0.0,0.18859503241856185,0.04192983379710066,0.060392875098757445,0.48148148148148145,0.3541666666666667,0.25
tle_starlink_24,global_dijkstra,-1,14024,192,79,26,87,0.4114583333333333,0.13541666666666666,2.6333333333333333,7.822784810126582,20.0,2.245833333333333,21,0,-1.6704788201754104,0.20174213379013026,0.05222222222222221,0.6762379838800214,0.0,0.1963597513597514,0.043282946726474134,0.06646506271506271,0.4482758620689655,0.38095238095238093,0.38095238095238093
tle_starlink_24,global_dijkstra,-1,14025,192,68,35,89,0.3541666666666667,0.18229166666666666,2.2666666666666666,8.926470588235293,22.249999999999993,2.4430555555555555,20,0,-5.018176418850249,0.21327306547479397,0.05666666666666668,0.6732754916258928,0.0,0.16973738679621034,0.04353574545149289,0.08822989918578153,0.4536082474226804,0.24561403508771928,0.2631578947368421
tle_starlink_24,global_dijkstra,-1,14026,192,83,26,83,0.4322916666666667,0.13541666666666666,2.7666666666666666,8.385542168674698,19.89999999999999,2.3,24,0,-1.5317022872662263,0.20235306879411163,0.05330246913580248,0.6542024817230135,0.0,0.1943493706729001,0.040608253767234266,0.062639683301448,0.44086021505376344,0.3728813559322034,0.5
tle_starlink_24,global_dijkstra,-1,14027,192,86,23,83,0.4479166666666667,0.11979166666666667,2.8666666666666667,8.674418604651162,17.5,2.2944444444444443,22,0,-0.9370609778717398,0.20891442878670663,0.05317901234567902,0.6605761198530858,0.0,0.19878801209683564,0.04051292817559494,0.05362242332830568,0.5145631067961165,0.3508771929824561,0.40625
tle_starlink_24,global_dijkstra,-1,14028,192,71,27,94,0.3697916666666667,0.140625,2.3666666666666667,9.774647887323944,21.0,2.4722222222222223,26,0,-4.1020565096550765,0.22447304144786345,0.05746913580246914,0.6648680131136273,0.0,0.16826973951973953,0.04114269901505351,0.06611263736263737,0.41904761904761906,0.24561403508771928,0.43333333333333335
tle_starlink_24,global_dijkstra,-1,14029,192,77,28,87,0.4010416666666667,0.14583333333333334,2.566666666666667,8.194805194805195,21.0,2.25,21,0,-2.586174638960894,0.2107777822250114,0.052314814814814814,0.6588905855620207,0.0,0.18391000339529753,0.04101368021046946,0.0657028837175896,0.5119047619047619,0.296875,0.3409090909090909
tle_starlink_24,global_dijkstra,-1,14030,192,83,24,85,0.4322916666666667,0.125,2.7666666666666666,7.951807228915663,20.89999999999999,2.3333333333333335,21,1,-0.8173790545955133,0.190213827217287,0.05410493827160494,0.6598314178452009,0.0027777777777777775,0.19433878342160077,0.04069015798327986,0.05590902217837202,0.4489795918367347,0.4032258064516129,0.4375
tle_starlink_24,global_dijkstra,-1,14031,192,72,27,93,0.375,0.140625,2.4,7.819444444444445,20.450000000000003,2.345833333333333,27,0,-2.442638317034296,0.18410739750014604,0.05462962962962963,0.7048616519350801,0.0,0.178464590964591,0.04274804487912446,0.06788919413919414,0.4375,0.288135593220339,0.35135135135135137
tle_starlink_24,global_dijkstra,-1,14032,192,72,23,97,0.375,0.11979166666666667,2.4,8.569444444444445,22.450000000000003,2.566666666666667,29,0,-1.5919645038002266,0.1864024585542349,0.059660493827160495,0.6808640013315522,0.0,0.185233238983239,0.044454658081251326,0.058434620934620936,0.40186915887850466,0.3090909090909091,0.4
tle_starlink_24,global_dijkstra,-1,14033,192,83,23,86,0.4322916666666667,0.11979166666666667,2.7666666666666666,8.855421686746988,21.0,2.3777777777777778,25,0,-0.72235241822781,0.1950816780068729,0.05512345679012346,0.65515445699984,0.0,0.19503698915463627,0.041460455949038896,0.052655228758169935,0.4690265486725664,0.375,0.3870967741935484
tle_starlink_24,global_dijkstra,-1,14034,192,74,32,86,0.3854166666666667,0.16666666666666666,2.466666666666667,8.95945945945946,19.0,2.3555555555555556,19,0,-3.4020658908117314,0.20308840826102248,0.054629629629629625,0.6544503368697498,0.0,0.17731640908111498,0.04200920068088681,0.07579847440141557,0.46534653465346537,0.31666666666666665,0.25806451612903225
tle_starlink_24,global_dijkstra,-1,14035,192,69,25,98,0.359375,0.13020833333333334,2.3,9.072463768115941,20.599999999999994,2.5347222222222223,23,0,-3.8974081118968975,0.22806509556100762,0.05898148148148148,0.6981117868418137,0.0,0.17183618668912787,0.043193437667218317,0.06210258695552813,0.3191489361702128,0.3870967741935484,0.4166666666666667
tle_starlink_24,global_dijkstra,-1,14036,192,66,32,94,0.34375,0.16666666666666666,2.2,8.863636363636363,19.0,2.475,22,0,-4.707468554908469,0.2042196947437569,0.05753086419753087,0.6720769020433404,0.0,0.16137418137418136,0.04255971983263173,0.07897796647796647,0.46534653465346537,0.21818181818181817,0.19444444444444445
tle_starlink_24,global_dijkstra,-1,14037,192,74,28,90,0.3854166666666667,0.14583333333333334,2.466666666666667,9.202702702702704,19.0,2.334722222222222,17,0,-3.897431128969022,0.23938594288077292,0.05429012345679012,0.6466106712758799,0.0,0.17626929443105915,0.0414752052174646,0.06541316526610644,0.4074074074074074,0.30985915492957744,0.475
tle_starlink_24,global_dijkstra,-1,14038,192,76,21,95,0.3958333333333333,0.109375,2.533333333333333,9.144736842105264,23.25,2.488888888888889,24,0,-2.061199201184893,0.21292463418903865,0.057870370370370364,0.6498705959045336,0.0,0.18022287353169705,0.04140571223276475,0.05040191290191289,0.45454545454545453,0.3125,0.4
tle_starlink_24,global_dijkstra,-1,14039,192,69,30,93,0.359375,0.15625,2.3,10.130434782608695,22.599999999999994,2.5125,20,0,-5.8393510531546635,0.2566774853735517,0.058333333333333334,0.6527730311298992,0.0,0.16411153933212758,0.041452513089126355,0.07505070365364483,0.35294117647058826,0.32786885245901637,0.41304347826086957
tle_starlink_24,global_dijkstra,-1,14040,192,72,32,88,0.375,0.16666666666666666,2.4,8.666666666666666,20.0,2.408333333333333,22,0,-3.7103873791027424,0.21448535901318302,0.0558641975308642,0.6744319950601922,0.0,0.18191031191031193,0.04319070018938358,0.07828060828060829,0.4157303370786517,0.328125,0.358974358974359
tle_starlink_24,global_dijkstra,-1,14041,192,75,26,91,0.390625,0.13541666666666666,2.5,8.453333333333333,16.89999999999999,2.297222222222222,22,0,-2.7395311860631004,0.21924869928044816,0.05348765432098766,0.6691781066924773,0.0,0.18411075036075036,0.042580646926092126,0.0631622544122544,0.4787234042553192,0.3448275862068966,0.25
tle_starlink_24,global_dijkstra,-1,14042,192,78,23,91,0.40625,0.11979166666666667,2.6,8.935897435897436,18.299999999999983,2.2888888888888888,29,0,-2.35183922650535,0.21567803622798173,0.053302469135802465,0.6559038649786716,0.0,0.1779934689493513,0.04059308306439162,0.0532059362206421,0.4639175257731959,0.24489795918367346,0.45652173913043476
tle_starlink_24,global_dijkstra,-1,14043,192,74,24,94,0.3854166666666667,0.125,2.466666666666667,9.864864864864865,22.349999999999994,2.4472222222222224,22,0,-3.2013179197162485,0.21913337305865846,0.056913580246913585,0.6537039900207209,0.0,0.16525703871292105,0.03975932336173,0.05160705307764131,0.44660194174757284,0.2,0.46153846153846156
tle_starlink_24,global_dijkstra,-1,14044,192,75,26,91,0.390625,0.13541666666666666,2.5,8.586666666666666,21.299999999999997,2.401388888888889,25,0,-2.210397099606643,0.20209781378429958,0.05580246913580247,0.6710021314902411,0.0,0.18685273060273064,0.04314593052947691,0.06461538461538462,0.4883720930232558,0.3389830508474576,0.2765957446808511
tle_starlink_24,global_dijkstra,-1,14045,192,73,28,91,0.3802083333333333,0.14583333333333334,2.433333333333333,9.178082191780822,20.799999999999983,2.486111111111111,29,0,-3.4878251846139734,0.21459470656041707,0.05768518518518519,0.6606525384594715,0.0,0.1749477211241917,0.04125008546074229,0.06761158231746466,0.43434343434343436,0.25,0.43243243243243246
tle_starlink_24,global_dijkstra,-1,14046,192,74,27,91,0.3854166666666667,0.140625,2.466666666666667,8.905405405405405,21.349999999999994,2.4555555555555557,23,0,-2.8114476852739654,0.20112631026960337,0.05700617283950617,0.671510038689385,0.0,0.17535714285714288,0.041214372210854756,0.06321275946275945,0.4375,0.34545454545454546,0.3170731707317073
tle_starlink_24,global_dijkstra,-1,14047,192,85,18,89,0.4427083333333333,0.09375,2.8333333333333335,9.105882352941176,19.0,2.301388888888889,21,0,-0.7403521057743618,0.22001597549345794,0.053518518518518514,0.6464310582461724,0.0,0.19526209629150806,0.040247568602303385,0.041851971557853904,0.42696629213483145,0.4307692307692308,0.5
tle_starlink_24,global_dijkstra,-1,14048,192,80,19,93,0.4166666666666667,0.09895833333333333,2.6666666666666665,8.125,20.0,2.2430555555555554,23,0,-0.7963815469222596,0.19794388017607373,0.05234567901234567,0.6698698735882538,0.0,0.18904137529137535,0.04106772687431573,0.04685730935730935,0.4174757281553398,0.37209302325581395,0.45652173913043476
tle_starlink_24,global_dijkstra,-1,14049,192,72,31,89,0.375,0.16145833333333334,2.4,8.13888888888889,18.0,2.370833333333333,21,0,-3.4963664280466666,0.2012505359978954,0.055061728395061724,0.6850830246867586,0.0,0.17731532356532356,0.04266630448238924,0.07655067155067156,0.4186046511627907,0.30158730158730157,0.3953488372093023
tle_starlink_24,global_dijkstra,-1,14050,192,80,28,84,0.4166666666666667,0.14583333333333334,2.6666666666666665,8.075,19.0,2.375,21,0,-1.520089727444913,0.1961274018162231,0.055000000000000014,0.6731537515589603,0.0,0.19807969807969808,0.04290261672759037,0.06754800754800754,0.5121951219512195,0.31666666666666665,0.38
tle_starlink_24,full_heuristic,-1,14001,192,27,70,95,0.140625,0.3645833333333333,0.9,9.555555555555555,16.7,2.6333333333333333,15,76,-14.475599615298243,0.19925315801858112,0.06108024691358025,0.4917191207040517,0.13835653639446208,0.047889085458744915,0.03540839404803155,0.12489837189527594,0.125,0.2033898305084746,0.08888888888888889
tle_starlink_24,full_heuristic,-1,14002,192,38,55,99,0.19791666666666666,0.2864583333333333,1.2666666666666666,8.921052631578947,21.15,2.513888888888889,13,53,-11.159950215605994,0.19306313916371867,0.05854938271604937,0.5101819330684476,0.09591822693989877,0.07043180589620217,0.0350656037706279,0.09962545395207932,0.24761904761904763,0.16981132075471697,0.08823529411764706
tle_starlink_24,full_heuristic,-1,14003,192,21,75,96,0.109375,0.390625,0.7,8.714285714285714,27.0,2.775,15,86,-14.170091039406131,0.15303200932696268,0.06425925925925927,0.5122221524131267,0.1521505430986855,0.03768226455919955,0.03470512954323377,0.12906932177443015,0.07865168539325842,0.10526315789473684,0.17391304347826086
tle_starlink_24,full_heuristic,-1,14004,192,23,74,95,0.11979166666666667,0.3854166666666667,0.7666666666666667,9.652173913043478,19.699999999999996,2.859722222222222,15,67,-14.136418159560673,0.16709309990325044,0.0661111111111111,0.5045541565915997,0.11557295087093848,0.03989336829894106,0.03377767304278174,0.12703545666006966,0.14423076923076922,0.06779661016949153,0.13793103448275862
tle_starlink_24,full_heuristic,-1,14005,192,22,72,98,0.11458333333333333,0.375,0.7333333333333333,6.7272727272727275,11.0,2.6777777777777776,14,81,-13.419854461765821,0.1433450211274408,0.06216049382716049,0.5087755782974103,0.14263531092579418,0.03987763793541825,0.034209574563303265,0.1255923821346489,0.09473684210526316,0.109375,0.18181818181818182
tle_starlink_24,full_heuristic,-1,14006,192,33,65,94,0.171875,0.3385416666666667,1.1,8.0,16.0,2.536111111111111,15,67,-11.043778297080047,0.13892055148847002,0.05888888888888889,0.47500764820282876,0.11826470775875138,0.055579253521439546,0.03345584600815089,0.10937674835322567,0.23300970873786409,0.1276595744680851,0.07142857142857142
tle_starlink_24,full_heuristic,-1,14007,192,30,71,91,0.15625,0.3697916666666667,1.0,8.1,14.549999999999997,2.6430555555555557,18,73,-13.392166314266857,0.16969466553399098,0.06117283950617283,0.5070624307438706,0.13053129146395398,0.053810424754697196,0.03498682137030566,0.12754113633757597,0.1978021978021978,0.11290322580645161,0.1282051282051282
tle_starlink_24,full_heuristic,-1,14008,192,23,78,91,0.11979166666666667,0.40625,0.7666666666666667,7.260869565217392,16.599999999999994,2.5791666666666666,13,56,-13.691475136290657,0.1501672607297449,0.059753086419753076,0.5083018039688834,0.09707420990315727,0.042587234889866474,0.0352934489838947,0.1349064385906491,0.14893617021276595,0.07017543859649122,0.12195121951219512
tle_starlink_24,full_heuristic,-1,14009,192,19,80,93,0.09895833333333333,0.4166666666666667,0.6333333333333333,9.526315789473685,17.39999999999997,2.7944444444444443,14,62,-15.059256096923145,0.15757757290319235,0.06459876543209875,0.49882988895811436,0.11184715496635002,0.033566514325028246,0.034839549031452095,0.14205763591986503,0.11956521739130435,0.06779661016949153,0.0975609756097561
tle_starlink_24,full_heuristic,-1,14010,192,24,67,101,0.125,0.3489583333333333,0.8,9.75,23.49999999999998,2.698611111111111,16,61,-12.942304108820963,0.16101775296625948,0.06271604938271605,0.4848186078657044,0.10527589026041037,0.04248628850796033,0.03415939799456709,0.11611957143303893,0.1568627450980392,0.125,0.029411764705882353
tle_starlink_24,full_heuristic,-1,14011,192,26,67,99,0.13541666666666666,0.3489583333333333,0.8666666666666667,9.038461538461538,21.25,2.6180555555555554,15,55,-13.412065641693346,0.1803684938479805,0.06086419753086421,0.5108488192768527,0.10134853250178326,0.04731897144822842,0.034965569146949385,0.11889790020207977,0.125,0.16129032258064516,0.11764705882352941
tle_starlink_24,full_heuristic,-1,14012,192,23,74,95,0.11979166666666667,0.3854166666666667,0.7666666666666667,7.304347826086956,13.899999999999999,2.647222222222222,15,64,-13.02183909839754,0.1359493751396597,0.06138888888888889,0.5055691377991354,0.11222164517056156,0.042291769977528496,0.034767676443272603,0.1285531732629256,0.17582417582417584,0.07017543859649122,0.06818181818181818
tle_starlink_24,full_heuristic,-1,14013,192,19,77,96,0.09895833333333333,0.4010416666666667,0.6333333333333333,9.421052631578947,17.799999999999983,2.658333333333333,14,78,-14.885544212201909,0.16226192226617525,0.06166666666666666,0.5160014365872849,0.1399708626140515,0.03617507821842188,0.0353271461156266,0.13690633855881534,0.1348314606741573,0.07692307692307693,0.05263157894736842
tle_starlink_24,full_heuristic,-1,14014,192,22,69,101,0.11458333333333333,0.359375,0.7333333333333333,7.181818181818182,12.899999999999999,2.5902777777777777,12,83,-14.448478654361965,0.19415011006561594,0.06030864197530864,0.4925698922546754,0.14629379965293277,0.04080229124733769,0.03442523898612873,0.11943262046977218,0.08695652173913043,0.1864406779661017,0.07317073170731707
tle_starlink_24,full_heuristic,-1,14015,192,19,69,104,0.09895833333333333,0.359375,0.6333333333333333,8.263157894736842,15.699999999999985,2.6694444444444443,19,75,-14.530882420014194,0.18074330552053444,0.06216049382716049,0.5081186784355984,0.1322004357298475,0.03505460956312349,0.03443675493842544,0.12165231769720934,0.053763440860215055,0.1320754716981132,0.15217391304347827
tle_starlink_24,full_heuristic,-1,14016,192,26,75,91,0.13541666666666666,0.390625,0.8666666666666667,8.23076923076923,18.25,2.6152777777777776,14,90,-13.374249991055944,0.14280335039359915,0.06055555555555556,0.50112906166131,0.15840781737992,0.04695391964018294,0.03519683717390676,0.13157711205900732,0.16161616161616163,0.03636363636363636,0.21052631578947367
tle_starlink_24,full_heuristic,-1,14017,192,22,75,95,0.11458333333333333,0.390625,0.7333333333333333,11.681818181818182,22.699999999999996,2.7583333333333333,15,87,-14.823918282360658,0.17386213038539686,0.06385802469135801,0.5184505476719588,0.15577089591408477,0.03800365813523708,0.03492210125170849,0.12934896573441462,0.14563106796116504,0.058823529411764705,0.10526315789473684
tle_starlink_24,full_heuristic,-1,14018,192,19,78,95,0.09895833333333333,0.40625,0.6333333333333333,8.0,16.099999999999998,2.6555555555555554,13,67,-14.265792094175886,0.14828891389924798,0.06157407407407407,0.5029504211971437,0.11830183748140403,0.034198111829690785,0.03456609829443043,0.1344812170973162,0.0989010989010989,0.1016949152542373,0.09523809523809523
tle_starlink_24,full_heuristic,-1,14019,192,18,66,108,0.09375,0.34375,0.6,9.833333333333334,23.0,2.8333333333333335,13,37,-13.406361790147383,0.15242428460960078,0.06592592592592592,0.5431921045097424,0.06642367951965475,0.033465662018293596,0.03491263217294285,0.11877490772614611,0.07291666666666667,0.03773584905660377,0.20930232558139536
tle_starlink_24,full_heuristic,-1,14020,192,21,88,83,0.109375,0.4583333333333333,0.7,9.047619047619047,20.0,2.513888888888889,13,74,-15.412770119674873,0.1658072046438208,0.058055555555555555,0.516362977027616,0.12508783106659668,0.03758384350203572,0.03440306845154736,0.14829043557186644,0.15306122448979592,0.03389830508474576,0.11428571428571428
tle_starlink_24,full_heuristic,-1,14021,192,29,63,100,0.15104166666666666,0.328125,0.9666666666666667,9.344827586206897,18.99999999999999,2.727777777777778,16,50,-11.681319036141069,0.15595628619189233,0.06333333333333332,0.5187389818456672,0.090277146743865,0.053902676700664315,0.03410575608884656,0.1086098993026238,0.19047619047619047,0.11764705882352941,0.08333333333333333
tle_starlink_24,full_heuristic,-1,14022,192,21,70,101,0.109375,0.3645833333333333,0.7,7.571428571428571,20.0,2.647222222222222,19,80,-13.111907565546595,0.14209592737397328,0.06157407407407408,0.518096911220532,0.14132648540543277,0.037998680169732804,0.03424649657297104,0.11910306068200803,0.08823529411764706,0.06382978723404255,0.20930232558139536
tle_starlink_24,full_heuristic,-1,14023,192,30,71,91,0.15625,0.3697916666666667,1.0,7.333333333333333,14.549999999999997,2.5277777777777777,19,65,-12.426100002267345,0.15032349358010516,0.05861111111111112,0.5171818268944501,0.11541993910801959,0.05348500670869093,0.034623334439076586,0.12284823020117137,0.14814814814814814,0.1875,0.1388888888888889
tle_starlink_24,full_heuristic,-1,14024,192,14,80,98,0.07291666666666667,0.4166666666666667,0.4666666666666667,10.571428571428571,25.7,2.658333333333333,13,66,-15.186391393040676,0.1401170197045496,0.061728395061728406,0.5183387738454133,0.11859385516220217,0.02555600869892834,0.03531663021840094,0.14437050831989587,0.10344827586206896,0.07936507936507936,0.0
tle_starlink_24,full_heuristic,-1,14025,192,25,71,96,0.13020833333333334,0.3697916666666667,0.8333333333333334,9.6,15.0,2.536111111111111,14,73,-13.553284420212542,0.15763045499721487,0.05895061728395062,0.5347631361910917,0.1348623750403936,0.047720575205095324,0.035958588678083846,0.1291908507156185,0.18556701030927836,0.05263157894736842,0.10526315789473684
tle_starlink_24,full_heuristic,-1,14026,192,28,74,90,0.14583333333333334,0.3854166666666667,0.9333333333333333,10.0,20.299999999999997,2.626388888888889,13,53,-13.712152789828329,0.186276468271831,0.0607716049382716,0.4914480964619966,0.0898863668736801,0.047722939255446996,0.03280745816429284,0.12361052855601246,0.15053763440860216,0.1016949152542373,0.2
tle_starlink_24,full_heuristic,-1,14027,192,26,72,94,0.13541666666666666,0.375,0.8666666666666667,10.5,20.5,2.584722222222222,14,54,-13.55618572286414,0.16606653510349745,0.05996913580246914,0.528364551420586,0.09585874594388526,0.044302897395002656,0.034737958502319116,0.12547740414613479,0.1941747572815534,0.05263157894736842,0.09375
tle_starlink_24,full_heuristic,-1,14028,192,18,70,104,0.09375,0.3645833333333333,0.6,7.944444444444445,12.449999999999996,2.701388888888889,14,61,-13.658802701559107,0.15673647311029779,0.06287037037037038,0.4994825618121437,0.10300802511328827,0.03199716462874358,0.033310935267170126,0.11918701425280374,0.08571428571428572,0.08771929824561403,0.13333333333333333
tle_starlink_24,full_heuristic,-1,14029,192,29,75,88,0.15104166666666666,0.390625,0.9666666666666667,6.517241379310345,12.0,2.540277777777778,11,52,-13.034154428902818,0.15549857467474695,0.058796296296296305,0.5091152681658301,0.0927282127630425,0.05123168884778791,0.03379784797651111,0.13078131305685484,0.14285714285714285,0.171875,0.13636363636363635
tle_starlink_24,full_heuristic,-1,14030,192,25,64,103,0.13020833333333334,0.3333333333333333,0.8333333333333334,7.96,12.799999999999997,2.6305555555555555,19,87,-14.442129495999124,0.20343012927650303,0.06126543209876543,0.5264173428269411,0.15621647329851662,0.045864560705891975,0.03511196162653986,0.11664736894226056,0.09183673469387756,0.1774193548387097,0.15625
tle_starlink_24,full_heuristic,-1,14031,192,19,72,101,0.09895833333333333,0.375,0.6333333333333333,8.68421052631579,17.699999999999985,2.827777777777778,16,84,-14.181433313121088,0.15465687624020363,0.0655864197530864,0.5025516349059473,0.1462781048438607,0.03288850177058549,0.03391122320057328,0.12423176424488848,0.08333333333333333,0.0847457627118644,0.16216216216216217
tle_starlink_24,full_heuristic,-1,14032,192,17,69,106,0.08854166666666667,0.359375,0.5666666666666667,9.176470588235293,17.199999999999992,2.9347222222222222,16,78,-13.591830020948562,0.1292154733895815,0.06811728395061728,0.516891093608821,0.1392716852938619,0.030023478313961557,0.03464177554757988,0.12319551640086031,0.11214953271028037,0.07272727272727272,0.03333333333333333
tle_starlink_24,full_heuristic,-1,14033,192,21,65,106,0.109375,0.3385416666666667,0.7,9.571428571428571,18.0,2.738888888888889,14,87,-14.53981289776242,0.19451743652627843,0.06376543209876544,0.5145708251754335,0.1562070841095609,0.0380088497387259,0.03527431265424156,0.11446120829634761,0.05309734513274336,0.1875,0.1935483870967742
tle_starlink_24,full_heuristic,-1,14034,192,26,73,93,0.13541666666666666,0.3802083333333333,0.8666666666666667,9.576923076923077,19.0,2.675,17,86,-14.54639943700872,0.18247915159487038,0.06194444444444444,0.508219479961733,0.15384249021245924,0.04418996838501483,0.03497239629049564,0.1280687625927564,0.13861386138613863,0.15,0.0967741935483871
tle_starlink_24,full_heuristic,-1,14035,192,18,74,100,0.09375,0.3854166666666667,0.6,6.944444444444445,17.299999999999997,2.5930555555555554,13,53,-14.41192545408077,0.15793896192511656,0.0603395061728395,0.5192632987717655,0.09383874496103597,0.03279718905105902,0.035249105188861964,0.13278116849324278,0.0425531914893617,0.16129032258064516,0.1111111111111111
tle_starlink_24,full_heuristic,-1,14036,192,21,74,97,0.109375,0.3854166666666667,0.7,9.952380952380953,22.0,2.7597222222222224,17,85,-14.692875392473908,0.17803727223858476,0.06395061728395061,0.4988239288232997,0.14604067446963534,0.03747823665443802,0.03386197609230572,0.12652224747005333,0.1485148514851485,0.07272727272727272,0.05555555555555555
tle_starlink_24,full_heuristic,-1,14037,192,20,92,80,0.10416666666666667,0.4791666666666667,0.6666666666666666,9.3,23.200000000000003,2.591666666666667,11,63,-15.777467079349897,0.15324873249229784,0.05969135802469136,0.5318725965114439,0.11451303201168593,0.03451974280686086,0.035275232387588014,0.15716792336054683,0.13580246913580246,0.08450704225352113,0.075
tle_starlink_24,full_heuristic,-1,14038,192,28,71,93,0.14583333333333334,0.3697916666666667,0.9333333333333333,8.214285714285714,17.299999999999997,2.6625,16,92,-13.320263152380328,0.15693886332237475,0.06166666666666665,0.5083192452563127,0.16437044408406634,0.049833202286762655,0.03437223197863383,0.12512987156176011,0.17045454545454544,0.125,0.125
tle_starlink_24,full_heuristic,-1,14039,192,21,79,92,0.109375,0.4114583333333333,0.7,8.333333333333334,14.0,2.5833333333333335,15,71,-14.004479511684238,0.14605448949298785,0.05987654320987655,0.4883585350107981,0.1260354838373414,0.03909857084779685,0.034813507756784136,0.13676655015664302,0.17647058823529413,0.03278688524590164,0.08695652173913043
tle_starlink_24,full_heuristic,-1,14040,192,25,73,94,0.13020833333333334,0.3802083333333333,0.8333333333333334,9.48,22.59999999999998,2.5972222222222223,16,64,-13.836855055311311,0.16948405018107654,0.06024691358024691,0.5007790203422552,0.114122427280322,0.04512407913723703,0.03407646527915894,0.12874252252735224,0.1348314606741573,0.140625,0.10256410256410256
tle_starlink_24,full_heuristic,-1,14041,192,25,74,93,0.13020833333333334,0.3854166666666667,0.8333333333333334,8.28,16.799999999999997,2.533333333333333,12,67,-14.20857216065029,0.17515474372832962,0.058796296296296305,0.5294500368058342,0.11820894147132537,0.04515864825462348,0.034787206518807276,0.13083953756941372,0.11702127659574468,0.1206896551724138,0.175
tle_starlink_24,full_heuristic,-1,14042,192,23,71,98,0.11979166666666667,0.3697916666666667,0.7666666666666667,8.347826086956522,18.699999999999996,2.5527777777777776,15,69,-13.544189828977565,0.1631050158618928,0.05938271604938272,0.4985229734163149,0.11977432440280736,0.042554286671933735,0.03489990507601782,0.12433661310596295,0.1134020618556701,0.14285714285714285,0.10869565217391304
tle_starlink_24,full_heuristic,-1,14043,192,17,73,102,0.08854166666666667,0.3802083333333333,0.5666666666666667,13.529411764705882,22.399999999999995,2.9291666666666667,17,86,-14.486792437898039,0.1600026299518982,0.06787037037037039,0.5016334362002334,0.14749293609453124,0.029923238046807844,0.03371115004185499,0.12270379263278709,0.1262135922330097,0.02,0.07692307692307693
tle_starlink_24,full_heuristic,-1,14044,192,18,80,94,0.09375,0.4166666666666667,0.6,6.666666666666667,12.0,2.6597222222222223,15,43,-13.772424302014471,0.13750957029117747,0.061635802469135796,0.49462992942365946,0.07362352597697193,0.03266302453995952,0.03397484166736347,0.13500173228804266,0.10465116279069768,0.13559322033898305,0.02127659574468085
tle_starlink_24,full_heuristic,-1,14045,192,19,79,94,0.09895833333333333,0.4114583333333333,0.6333333333333333,10.789473684210526,17.199999999999974,2.595833333333333,15,62,-15.333783214319944,0.1749044885766872,0.060216049382716054,0.5217455995842981,0.11050068911137023,0.0327478232122195,0.03444275780350033,0.13791272596226153,0.1111111111111111,0.03571428571428571,0.16216216216216217
tle_starlink_24,full_heuristic,-1,14046,192,22,67,103,0.11458333333333333,0.3489583333333333,0.7333333333333333,10.727272727272727,19.95,2.7291666666666665,14,70,-14.346147745458309,0.1854165481071,0.06345679012345679,0.49228216985389867,0.12797526075002855,0.03844393179919495,0.03474254041989765,0.12030664253187474,0.08333333333333333,0.05454545454545454,0.2682926829268293
tle_starlink_24,full_heuristic,-1,14047,192,30,60,102,0.15625,0.3125,1.0,9.933333333333334,18.549999999999997,2.6194444444444445,14,51,-12.401894697068126,0.1907476230669852,0.06098765432098765,0.49716146691862717,0.08958712673983908,0.05302300134393956,0.03438485599024675,0.10441634421375973,0.14606741573033707,0.1076923076923077,0.2631578947368421
tle_starlink_24,full_heuristic,-1,14048,192,30,70,92,0.15625,0.3645833333333333,1.0,9.6,18.099999999999994,2.422222222222222,16,51,-13.385414297764841,0.18476565193699448,0.0562962962962963,0.5106116142800581,0.0878916151787669,0.05214610724672644,0.03527140220297572,0.12425168871376302,0.14563106796116504,0.11627906976744186,0.21739130434782608
tle_starlink_24,full_heuristic,-1,14049,192,19,75,98,0.09895833333333333,0.390625,0.6333333333333333,8.210526315789474,23.39999999999999,2.8,16,68,-14.38652310548045,0.16224526775384096,0.06487654320987654,0.5168023870328707,0.12168094132103421,0.03527924603775997,0.03494294009186591,0.12822601947988946,0.09302325581395349,0.12698412698412698,0.06976744186046512
tle_starlink_24,full_heuristic,-1,14050,192,29,72,91,0.15104166666666666,0.375,0.9666666666666667,10.172413793103448,22.199999999999996,2.7291666666666665,13,64,-13.251968153320915,0.16706295191796544,0.06308641975308642,0.502593280817247,0.11483396877746722,0.05105203405126005,0.0343239164398472,0.12482286933912319,0.21951219512195122,0.06666666666666667,0.14
tle_oneweb_24,mappo_tle_trained,7,14001,192,54,61,77,0.28125,0.3177083333333333,1.8,7.888888888888889,17.349999999999994,2.1055555555555556,16,61,-9.81416493159122,0.195223818264576,0.0487962962962963,0.5141818702021451,0.1054870241557548,0.09893203574318125,0.033740437228675445,0.10742620583177856,0.2840909090909091,0.23728813559322035,0.3333333333333333
tle_oneweb_24,mappo_tle_trained,7,14002,192,57,56,79,0.296875,0.2916666666666667,1.9,8.105263157894736,19.199999999999996,2.088888888888889,20,62,-9.302585375293125,0.20327123198602903,0.04848765432098766,0.5317831382627635,0.11365762476830586,0.11012897849198157,0.035150695039201305,0.10442893621686192,0.3238095238095238,0.24528301886792453,0.29411764705882354
tle_oneweb_24,mappo_tle_trained,7,14003,192,69,50,73,0.359375,0.2604166666666667,2.3,7.840579710144928,16.0,2.0097222222222224,20,50,-7.313332925387291,0.2109864918843133,0.04654320987654321,0.5372925960855691,0.0892611430537127,0.12956157991761705,0.03453635072652603,0.0898223704686553,0.29213483146067415,0.42105263157894735,0.41304347826086957
tle_oneweb_24,mappo_tle_trained,7,14004,192,64,54,74,0.3333333333333333,0.28125,2.1333333333333333,8.78125,18.849999999999994,2.091666666666667,18,47,-8.420951373138777,0.21201369750473278,0.04839506172839505,0.5280909576485624,0.08428679393075679,0.11854326845038919,0.033904539123404416,0.09699913032730369,0.3942307692307692,0.1864406779661017,0.41379310344827586
tle_oneweb_24,mappo_tle_trained,7,14005,192,58,60,74,0.3020833333333333,0.3125,1.9333333333333333,8.224137931034482,17.15,2.1152777777777776,26,50,-9.695239976722135,0.20711193274539882,0.04891975308641974,0.5478934202119696,0.09440400901701211,0.11118740163631806,0.03532680834928096,0.11104945464465589,0.3263157894736842,0.28125,0.2727272727272727
tle_oneweb_24,mappo_tle_trained,7,14006,192,57,60,75,0.296875,0.3125,1.9,8.56140350877193,19.0,2.1569444444444446,16,37,-9.615190697949073,0.21005027229130488,0.04987654320987655,0.5335546434421407,0.06719427244582045,0.10898282502384668,0.03470984137843263,0.10912759840778416,0.34951456310679613,0.2127659574468085,0.2619047619047619
tle_oneweb_24,mappo_tle_trained,7,14007,192,61,57,74,0.3177083333333333,0.296875,2.033333333333333,7.590163934426229,16.0,1.9819444444444445,22,39,-8.484372432333046,0.19737672204382214,0.04595679012345678,0.5665220120004797,0.07571910230578958,0.12272133482272803,0.03649699128898635,0.10933360456193271,0.3956043956043956,0.24193548387096775,0.2564102564102564
tle_oneweb_24,mappo_tle_trained,7,14008,192,72,55,65,0.375,0.2864583333333333,2.4,6.972222222222222,15.0,1.801388888888889,20,28,-6.995526592978474,0.1970895677224815,0.041666666666666664,0.5804585700360382,0.05279053434239192,0.143000208855472,0.037060632102899664,0.10822585466935312,0.425531914893617,0.38596491228070173,0.24390243902439024
tle_oneweb_24,mappo_tle_trained,7,14009,192,65,57,70,0.3385416666666667,0.296875,2.1666666666666665,8.6,20.0,2.026388888888889,19,49,-8.735718444170013,0.21580638745058522,0.04682098765432099,0.5329347272380868,0.08978340458990612,0.12373353727455892,0.035243254368770884,0.10531001635103801,0.32608695652173914,0.3050847457627119,0.4146341463414634
tle_oneweb_24,mappo_tle_trained,7,14010,192,66,52,74,0.34375,0.2708333333333333,2.2,7.7272727272727275,18.0,1.9972222222222222,22,46,-6.907939611039608,0.18120375095721758,0.046296296296296294,0.5297911830170249,0.08272026061886742,0.12355392156862743,0.033715816478320344,0.09311847838550626,0.4117647058823529,0.19642857142857142,0.38235294117647056
tle_oneweb_24,mappo_tle_trained,7,14011,192,59,57,76,0.3072916666666667,0.296875,1.9666666666666666,8.508474576271187,21.099999999999994,2.047222222222222,21,37,-8.91751043357147,0.20392005728204557,0.047469135802469135,0.559130843892943,0.07035116858259273,0.11403374890216995,0.03510745749453052,0.10496420790538435,0.375,0.22580645161290322,0.2647058823529412
tle_oneweb_24,mappo_tle_trained,7,14012,192,60,55,77,0.3125,0.2864583333333333,2.0,7.433333333333334,18.0,1.9333333333333333,25,55,-8.216841704755169,0.1836671405235095,0.044969135802469126,0.5609541839703804,0.0987501656696703,0.11353453778763374,0.03470201682290399,0.10100284834417961,0.37362637362637363,0.22807017543859648,0.29545454545454547
tle_oneweb_24,mappo_tle_trained,7,14013,192,67,52,73,0.3489583333333333,0.2708333333333333,2.2333333333333334,8.417910447761194,19.0,2.084722222222222,26,39,-7.442291479550542,0.20069792874543085,0.04820987654320987,0.5808679612990327,0.07739886847471986,0.1343331689810018,0.03641155849274853,0.10013458247978371,0.42696629213483145,0.24615384615384617,0.34210526315789475
tle_oneweb_24,mappo_tle_trained,7,14014,192,58,63,71,0.3020833333333333,0.328125,1.9333333333333333,7.879310344827586,16.0,2.0458333333333334,18,58,-9.840933990126125,0.1979755556369307,0.047283950617283944,0.5476859592508977,0.10309275448207338,0.10742707842553043,0.0343315741008304,0.11413113474645983,0.358695652173913,0.1864406779661017,0.34146341463414637
tle_oneweb_24,mappo_tle_trained,7,14015,192,58,54,80,0.3020833333333333,0.28125,1.9333333333333333,7.896551724137931,19.449999999999996,2.126388888888889,22,49,-8.553636431655718,0.19649043648818224,0.049351851851851855,0.5386311154917763,0.09163516336890949,0.1127925755015538,0.034712434757937956,0.09953652986160726,0.3118279569892473,0.2641509433962264,0.32608695652173914
tle_oneweb_24,mappo_tle_trained,7,14016,192,60,65,67,0.3125,0.3385416666666667,2.0,8.533333333333333,20.14999999999999,2.073611111111111,23,59,-9.70015562794353,0.20143911226985425,0.04777777777777779,0.5311711074628803,0.10335943096005014,0.11017692776206707,0.033597471831604955,0.11344114892102505,0.3939393939393939,0.21818181818181817,0.23684210526315788
tle_oneweb_24,mappo_tle_trained,7,14017,192,64,58,70,0.3333333333333333,0.3020833333333333,2.1333333333333333,7.796875,17.69999999999999,2.0430555555555556,20,47,-7.513985533920495,0.17084548388095067,0.047191358024691356,0.5568876177276683,0.08457791463209419,0.12078784304790495,0.03392599026893206,0.1037231782665219,0.4174757281553398,0.19607843137254902,0.2894736842105263
tle_oneweb_24,mappo_tle_trained,7,14018,192,57,64,71,0.296875,0.3333333333333333,1.9,8.263157894736842,20.0,1.9819444444444445,23,45,-9.94683473220134,0.2080719866857416,0.045864197530864195,0.5169184171369076,0.07822195386487349,0.10414083951774084,0.03371546951903114,0.11218585631326243,0.2967032967032967,0.23728813559322035,0.38095238095238093
tle_oneweb_24,mappo_tle_trained,7,14019,192,52,62,78,0.2708333333333333,0.3229166666666667,1.7333333333333334,9.076923076923077,18.349999999999987,2.2083333333333335,17,39,-10.649950957341963,0.2136452894583505,0.0511111111111111,0.5689570646863614,0.07433970355409984,0.10089399220204175,0.03527234351232733,0.11348064488544364,0.3229166666666667,0.1509433962264151,0.3023255813953488
tle_oneweb_24,mappo_tle_trained,7,14020,192,54,69,69,0.28125,0.359375,1.8,7.814814814814815,18.349999999999994,2.0416666666666665,23,56,-10.688446186674131,0.1962418585749605,0.047129629629629625,0.519012432542419,0.0983290557052167,0.0980940597929762,0.03371954525134272,0.12179254397133654,0.3163265306122449,0.1864406779661017,0.34285714285714286
tle_oneweb_24,mappo_tle_trained,7,14021,192,61,54,77,0.3177083333333333,0.28125,2.033333333333333,8.39344262295082,19.0,2.0805555555555557,23,48,-9.173508064218415,0.2326029349545853,0.04824074074074073,0.5102389808097199,0.08237596901784543,0.11089665398589883,0.03306331763772559,0.09278797945846001,0.29523809523809524,0.37254901960784315,0.3055555555555556
tle_oneweb_24,mappo_tle_trained,7,14022,192,52,67,73,0.2708333333333333,0.3489583333333333,1.7333333333333334,8.134615384615385,17.449999999999996,2.0694444444444446,22,50,-10.55247098055283,0.1966592842296162,0.04787037037037036,0.5356071938087357,0.08951517373932906,0.09696495020461907,0.03366945652425511,0.11794632639362751,0.2647058823529412,0.19148936170212766,0.37209302325581395
tle_oneweb_24,mappo_tle_trained,7,14023,192,63,58,71,0.328125,0.3020833333333333,2.1,8.142857142857142,19.799999999999997,2.111111111111111,22,56,-8.04574055786806,0.18583228986860895,0.04873456790123456,0.5312074516468438,0.09982302384005169,0.11597724629458374,0.033456006030289434,0.0994474748963913,0.37962962962962965,0.3125,0.19444444444444445
tle_oneweb_24,mappo_tle_trained,7,14024,192,54,63,75,0.28125,0.328125,1.8,8.222222222222221,18.049999999999983,2.048611111111111,23,71,-10.562749805951057,0.2028934126967968,0.047469135802469135,0.5575996375450402,0.1306348796828673,0.10176689681720642,0.034421387003550706,0.11471382705128835,0.3103448275862069,0.2222222222222222,0.30952380952380953
tle_oneweb_24,mappo_tle_trained,7,14025,192,47,63,82,0.24479166666666666,0.328125,1.5666666666666667,8.02127659574468,17.0,2.2958333333333334,17,48,-12.089454298076687,0.23943337605906387,0.05317901234567902,0.5318465308254667,0.08703605418775698,0.08780461626436857,0.03361509568581568,0.11133054152016998,0.23711340206185566,0.24561403508771928,0.2631578947368421
tle_oneweb_24,mappo_tle_trained,7,14026,192,53,60,79,0.2760416666666667,0.3125,1.7666666666666666,7.754716981132075,18.799999999999997,2.125,24,71,-10.349186212723604,0.21278501967215296,0.04929012345679012,0.5259221645323877,0.12196570972886762,0.09668753274016431,0.03287509437968567,0.10292897648160808,0.24731182795698925,0.2542372881355932,0.375
tle_oneweb_24,mappo_tle_trained,7,14027,192,63,65,64,0.328125,0.3385416666666667,2.1,7.492063492063492,17.0,1.8597222222222223,14,38,-9.148161373124132,0.1975167972320036,0.04293209876543211,0.5520483874481903,0.06855506264174996,0.11655859562980306,0.034907360846692735,0.11689342004744481,0.3592233009708738,0.2631578947368421,0.34375
tle_oneweb_24,mappo_tle_trained,7,14028,192,52,60,80,0.2708333333333333,0.3125,1.7333333333333334,9.211538461538462,19.449999999999996,2.161111111111111,23,52,-10.64240564604306,0.21901515900726568,0.050123456790123436,0.530591474708781,0.09010679583300392,0.09406343393622976,0.03353971126928988,0.10466266026839453,0.3238095238095238,0.19298245614035087,0.23333333333333334
tle_oneweb_24,mappo_tle_trained,7,14029,192,61,59,72,0.3177083333333333,0.3072916666666667,2.033333333333333,8.295081967213115,20.0,2.120833333333333,23,48,-9.458697114893738,0.21943522876113974,0.04898148148148147,0.5426697962143175,0.09002678531366781,0.11509947534530249,0.03424905159479908,0.10558559936521303,0.39285714285714285,0.296875,0.20454545454545456
tle_oneweb_24,mappo_tle_trained,7,14030,192,69,54,69,0.359375,0.28125,2.3,7.304347826086956,15.799999999999983,1.9125,16,57,-7.878224661135416,0.20511003483818216,0.044259259259259255,0.5168951408276184,0.10413458073287794,0.12768184759283827,0.034595975226889196,0.10073885694628727,0.35714285714285715,0.3225806451612903,0.4375
tle_oneweb_24,mappo_tle_trained,7,14031,192,55,63,74,0.2864583333333333,0.328125,1.8333333333333333,7.6909090909090905,19.299999999999997,2.091666666666667,19,43,-9.190844320448017,0.17822613893427736,0.048395061728395056,0.5348284440885143,0.07825071256572805,0.10548908478862037,0.034746130530056145,0.11389492931675593,0.34375,0.23728813559322035,0.21621621621621623
tle_oneweb_24,mappo_tle_trained,7,14032,192,54,61,77,0.28125,0.3177083333333333,1.8,8.074074074074074,20.0,2.2416666666666667,29,45,-9.202482037346439,0.178701714655089,0.051820987654320985,0.5479569925021741,0.07922850960877614,0.10256798307932376,0.034356730860999316,0.10882489418345521,0.34579439252336447,0.16363636363636364,0.26666666666666666
tle_oneweb_24,mappo_tle_trained,7,14033,192,63,60,69,0.328125,0.3125,2.1,8.476190476190476,16.0,2.05,19,53,-8.620632867113247,0.19883623101219375,0.04731481481481482,0.5379502265231667,0.0963772994577948,0.11802556003794391,0.034353805892407475,0.10510580149125041,0.34513274336283184,0.3125,0.2903225806451613
tle_oneweb_24,mappo_tle_trained,7,14034,192,65,58,69,0.3385416666666667,0.3020833333333333,2.1666666666666665,7.876923076923077,17.799999999999997,2.063888888888889,20,43,-8.686355829211946,0.20579983337048588,0.04762345679012346,0.5503978760823103,0.0812050472460689,0.12157891114160464,0.03439390546943264,0.10704211509165071,0.38613861386138615,0.31666666666666665,0.22580645161290322
tle_oneweb_24,mappo_tle_trained,7,14035,192,62,57,73,0.3229166666666667,0.296875,2.066666666666667,7.887096774193548,19.849999999999987,2.077777777777778,23,67,-9.1070733762132,0.20631041827138855,0.04805555555555556,0.5452606793714662,0.1252539529900211,0.11456983404738823,0.03409247698154639,0.10248390584303896,0.30851063829787234,0.2903225806451613,0.4166666666666667
tle_oneweb_24,mappo_tle_trained,7,14036,192,53,65,74,0.2760416666666667,0.3385416666666667,1.7666666666666666,8.226415094339623,17.4,2.1083333333333334,20,65,-10.450257366282852,0.19456081418385568,0.048765432098765424,0.5080846575679339,0.11595381694503379,0.09726475360039769,0.033647207000498024,0.1159671548507529,0.38613861386138615,0.14545454545454545,0.16666666666666666
tle_oneweb_24,mappo_tle_trained,7,14037,192,52,65,75,0.2708333333333333,0.3385416666666667,1.7333333333333334,7.6923076923076925,19.0,2.05,20,50,-10.851194108238312,0.2111453764942091,0.047499999999999994,0.5207396492600332,0.0899857710229227,0.09821936749181329,0.03403905347025826,0.11776240214320707,0.25925925925925924,0.19718309859154928,0.425
tle_oneweb_24,mappo_tle_trained,7,14038,192,48,56,88,0.25,0.2916666666666667,1.6,9.1875,21.299999999999997,2.2944444444444443,24,66,-10.796835857392283,0.22239401764992442,0.05333333333333334,0.5256671915257887,0.11634385150403455,0.0891692230136166,0.033145251213595094,0.09701113785781978,0.2727272727272727,0.203125,0.275
tle_oneweb_24,mappo_tle_trained,7,14039,192,64,65,63,0.3333333333333333,0.3385416666666667,2.1333333333333333,7.765625,15.849999999999994,1.8805555555555555,12,44,-9.280833170444184,0.20657646273412303,0.0433641975308642,0.5212584457948103,0.07453643764789274,0.11426309443337306,0.03351869811198237,0.11311723593457339,0.35294117647058826,0.29508196721311475,0.34782608695652173
tle_oneweb_24,mappo_tle_trained,7,14040,192,61,60,71,0.3177083333333333,0.3125,2.033333333333333,7.049180327868853,18.0,1.9597222222222221,16,68,-9.005130248654927,0.2060050674483214,0.045370370370370366,0.5453810705335669,0.1324333827507202,0.12572506140230597,0.03611355826069113,0.11234181395946102,0.3146067415730337,0.3125,0.3333333333333333
tle_oneweb_24,mappo_tle_trained,7,14041,192,58,70,64,0.3020833333333333,0.3645833333333333,1.9333333333333333,7.706896551724138,16.15,2.022222222222222,23,40,-10.224128226932098,0.1897614152361517,0.04654320987654322,0.5497104019030927,0.07389884954513436,0.10547840002561364,0.034646479015144824,0.12577481657203016,0.40425531914893614,0.25862068965517243,0.125
tle_oneweb_24,mappo_tle_trained,7,14042,192,61,56,75,0.3177083333333333,0.2916666666666667,2.033333333333333,8.19672131147541,20.0,2.084722222222222,20,61,-9.186123128035215,0.21049872843583076,0.0482716049382716,0.5339019260252531,0.11214825722952658,0.11546878001599363,0.03450065270197165,0.10437787129737593,0.35051546391752575,0.20408163265306123,0.3695652173913043
tle_oneweb_24,mappo_tle_trained,7,14043,192,56,57,79,0.2916666666666667,0.296875,1.8666666666666667,8.553571428571429,20.0,2.0416666666666665,24,51,-9.49765664189878,0.20209842343809883,0.04743827160493828,0.5534895617023827,0.09524868134388259,0.10789559683522532,0.03536017073997729,0.10719799908267398,0.34951456310679613,0.12,0.358974358974359
tle_oneweb_24,mappo_tle_trained,7,14044,192,64,65,63,0.3333333333333333,0.3385416666666667,2.1333333333333333,7.578125,17.0,1.8208333333333333,17,46,-8.903744286325463,0.18695316365597678,0.042037037037037046,0.5677383410927721,0.08276124245551489,0.1247034132018652,0.037104721434460974,0.12428947729257327,0.37209302325581395,0.3220338983050847,0.2765957446808511
tle_oneweb_24,mappo_tle_trained,7,14045,192,48,55,89,0.25,0.2864583333333333,1.6,9.020833333333334,18.65,2.298611111111111,23,54,-10.27953788555406,0.20508447542123676,0.0534567901234568,0.5275453013106468,0.10355562107884088,0.09337903582485625,0.03459269710702766,0.10231725146198829,0.30303030303030304,0.19642857142857142,0.1891891891891892
tle_oneweb_24,mappo_tle_trained,7,14046,192,58,60,74,0.3020833333333333,0.3125,1.9333333333333333,8.46551724137931,18.0,1.9986111111111111,24,72,-9.716050452293723,0.20645759194161004,0.04632716049382715,0.5426292668610777,0.13455902828967842,0.11187388405654658,0.03486178376871514,0.10971794273264861,0.34375,0.2545454545454545,0.2682926829268293
tle_oneweb_24,mappo_tle_trained,7,14047,192,64,55,73,0.3333333333333333,0.2864583333333333,2.1333333333333333,7.890625,15.849999999999994,1.95,21,51,-8.844795492409517,0.21156082058618655,0.045216049382716055,0.5303897030422356,0.0909663277973279,0.11420314248252059,0.033957217088831544,0.10043559185688006,0.3146067415730337,0.3384615384615385,0.3684210526315789
tle_oneweb_24,mappo_tle_trained,7,14048,192,58,61,73,0.3020833333333333,0.3177083333333333,1.9333333333333333,7.0,15.449999999999996,1.9847222222222223,23,52,-9.256351895939655,0.18775773452489627,0.045987654320987656,0.5518569201207847,0.09842541875049614,0.11145331119402326,0.03538326466640558,0.11424736268776516,0.27184466019417475,0.3023255813953488,0.3695652173913043
tle_oneweb_24,mappo_tle_trained,7,14049,192,59,69,64,0.3072916666666667,0.359375,1.9666666666666666,7.271186440677966,13.0,1.9861111111111112,15,58,-9.667384241557599,0.17662335382687053,0.04574074074074074,0.5534714446433077,0.11161068520975642,0.11456692888581431,0.035578210124528005,0.12846847510934198,0.45348837209302323,0.19047619047619047,0.18604651162790697
tle_oneweb_24,mappo_tle_trained,7,14050,192,55,66,71,0.2864583333333333,0.34375,1.8333333333333333,8.181818181818182,18.299999999999997,2.0458333333333334,22,50,-10.36638603020069,0.20600046432073502,0.04728395061728395,0.5402516759779921,0.09156827935852703,0.10369045256429156,0.033837515331231846,0.11668845315904143,0.3780487804878049,0.16666666666666666,0.28
tle_oneweb_24,mappo_tle_trained,42,14001,192,57,57,78,0.296875,0.296875,1.9,8.43859649122807,20.199999999999996,2.1638888888888888,16,71,-9.749652851585406,0.21528461218307185,0.050123456790123457,0.5013654925938765,0.12264865193809198,0.10278330477347843,0.03302346073256211,0.09860151729885207,0.3181818181818182,0.2711864406779661,0.28888888888888886
tle_oneweb_24,mappo_tle_trained,42,14002,192,59,51,82,0.3072916666666667,0.265625,1.9666666666666666,8.067796610169491,21.0,2.125,16,80,-9.201966680096206,0.2241204744781872,0.049382716049382706,0.5214161144501824,0.14022800012738093,0.1126980534372175,0.03416617205016335,0.09244892677555216,0.3333333333333333,0.2641509433962264,0.29411764705882354
tle_oneweb_24,mappo_tle_trained,42,14003,192,68,55,69,0.3541666666666667,0.2864583333333333,2.2666666666666666,7.676470588235294,18.299999999999997,1.9791666666666667,16,61,-8.063299543281575,0.214327744850471,0.04574074074074074,0.5227536678693615,0.10276756768629831,0.12285541499550788,0.03337900871375877,0.0937001813975498,0.29213483146067415,0.42105263157894735,0.391304347826087
tle_oneweb_24,mappo_tle_trained,42,14004,192,66,58,68,0.34375,0.3020833333333333,2.2,8.621212121212121,18.5,2.0722222222222224,14,58,-8.051977871856524,0.19643157045725715,0.04777777777777777,0.5086406186361856,0.10374652337113636,0.11881310296170979,0.032966968115260536,0.09823080614489282,0.40384615384615385,0.1694915254237288,0.4827586206896552
tle_oneweb_24,mappo_tle_trained,42,14005,192,56,59,77,0.2916666666666667,0.3072916666666667,1.8666666666666667,8.517857142857142,17.25,2.158333333333333,19,76,-10.76327341442222,0.22741018415804168,0.049969135802469124,0.5428435681565384,0.13664996195181953,0.10433657258347659,0.034833994577086774,0.10748284209197521,0.28421052631578947,0.28125,0.3333333333333333
tle_oneweb_24,mappo_tle_trained,42,14006,192,55,58,79,0.2864583333333333,0.3020833333333333,1.8333333333333333,8.709090909090909,19.89999999999999,2.188888888888889,15,54,-9.713536337475224,0.20880997173544028,0.050709876543209874,0.5201040222979343,0.09523481907382834,0.1036907219027962,0.033898481007427955,0.10367045063639489,0.3592233009708738,0.2127659574468085,0.19047619047619047
tle_oneweb_24,mappo_tle_trained,42,14007,192,61,55,76,0.3177083333333333,0.2864583333333333,2.033333333333333,7.754098360655738,17.0,2.0819444444444444,19,64,-8.878203395074129,0.20968274220237149,0.04824074074074074,0.5504772396714344,0.12154292688735412,0.11811990855721505,0.03443825016308439,0.10055223056384047,0.3626373626373626,0.22580645161290322,0.358974358974359
tle_oneweb_24,mappo_tle_trained,42,14008,192,65,57,70,0.3385416666666667,0.296875,2.1666666666666665,7.3538461538461535,16.799999999999997,1.8736111111111111,19,29,-8.10331760060784,0.1984638239139075,0.043425925925925916,0.5685928833926132,0.052490540075679396,0.1265725178960473,0.03621471190356553,0.1095360951398103,0.3723404255319149,0.3157894736842105,0.2926829268292683
tle_oneweb_24,mappo_tle_trained,42,14009,192,65,67,60,0.3385416666666667,0.3489583333333333,2.1666666666666665,8.569230769230769,18.599999999999994,2.109722222222222,15,77,-9.360825506717918,0.19698907047662262,0.04836419753086419,0.5205585026560596,0.1353707873367316,0.11918046564718392,0.03383022843944993,0.11609749455337691,0.358695652173913,0.23728813559322035,0.43902439024390244
tle_oneweb_24,mappo_tle_trained,42,14010,192,69,51,72,0.359375,0.265625,2.3,7.797101449275362,17.19999999999999,1.9722222222222223,19,59,-6.5102476689200035,0.1774537484299991,0.04567901234567902,0.5253768302808479,0.10669021409733484,0.12843241682637965,0.033795965719909705,0.09131040427867053,0.43137254901960786,0.16071428571428573,0.47058823529411764
tle_oneweb_24,mappo_tle_trained,42,14011,192,55,62,75,0.2864583333333333,0.3229166666666667,1.8333333333333333,8.618181818181819,18.299999999999997,2.1277777777777778,19,62,-10.34006916020602,0.21131246322878403,0.049228395061728394,0.5593526653358458,0.11387223629483692,0.10665254522452663,0.03505935691937354,0.11253161684663232,0.3541666666666667,0.1774193548387097,0.29411764705882354
tle_oneweb_24,mappo_tle_trained,42,14012,192,60,52,80,0.3125,0.2708333333333333,2.0,8.616666666666667,18.049999999999997,2.1597222222222223,19,65,-9.154443361262782,0.22670214876752015,0.05009259259259259,0.5370116672666676,0.11419685720769314,0.11289504498482827,0.034098991897885636,0.0921057709060805,0.4065934065934066,0.22807017543859648,0.22727272727272727
tle_oneweb_24,mappo_tle_trained,42,14013,192,59,58,75,0.3072916666666667,0.3020833333333333,1.9666666666666666,7.593220338983051,19.299999999999983,2.0805555555555557,16,81,-9.171120920839522,0.19038863357822064,0.048179012345679006,0.5715339389414054,0.1555882447445915,0.11702030024785444,0.035767418872861896,0.10948250150262533,0.3707865168539326,0.24615384615384617,0.2631578947368421
tle_oneweb_24,mappo_tle_trained,42,14014,192,59,66,67,0.3072916666666667,0.34375,1.9666666666666666,7.932203389830509,16.099999999999994,2.015277777777778,19,57,-9.76042880807523,0.1932620796824115,0.04648148148148148,0.5501944671429925,0.09999393537319236,0.10788825524893636,0.033722781936051695,0.1161431802917871,0.3804347826086957,0.1864406779661017,0.3170731707317073
tle_oneweb_24,mappo_tle_trained,42,14015,192,57,57,78,0.296875,0.296875,1.9,8.140350877192983,18.199999999999996,2.147222222222222,18,69,-9.187960369081967,0.20150272307288783,0.049753086419753074,0.5312472587993028,0.12586866707996738,0.10667159036354082,0.03334276794746209,0.09833529903189346,0.3225806451612903,0.2641509433962264,0.2826086956521739
tle_oneweb_24,mappo_tle_trained,42,14016,192,58,62,72,0.3020833333333333,0.3229166666666667,1.9333333333333333,8.39655172413793,20.0,2.1319444444444446,20,87,-10.07971405566009,0.21039971092762622,0.049228395061728394,0.5312880499792018,0.155359786698796,0.10794091558023446,0.03373671672778405,0.10725771934750263,0.3333333333333333,0.21818181818181817,0.34210526315789475
tle_oneweb_24,mappo_tle_trained,42,14017,192,61,53,78,0.3177083333333333,0.2760416666666667,2.033333333333333,8.081967213114755,19.0,2.1902777777777778,17,62,-7.328462571820556,0.16754515192442146,0.050709876543209874,0.5408207905322407,0.11108897652628301,0.1132582501715292,0.03302666092844596,0.09154149623004784,0.42718446601941745,0.13725490196078433,0.2631578947368421
tle_oneweb_24,mappo_tle_trained,42,14018,192,54,62,76,0.28125,0.3229166666666667,1.8,8.88888888888889,23.349999999999994,2.2625,21,62,-10.249601990561953,0.21089506824632268,0.0522530864197531,0.5176205589526744,0.10566145198111143,0.09710023536261927,0.032538283434147344,0.10350407919680364,0.31868131868131866,0.22033898305084745,0.2857142857142857
tle_oneweb_24,mappo_tle_trained,42,14019,192,50,65,77,0.2604166666666667,0.3385416666666667,1.6666666666666667,8.78,17.0,2.2055555555555557,18,60,-11.45735265628673,0.21988133212799532,0.05101851851851851,0.5545636885947229,0.10992063921630485,0.09573672615081283,0.034683082308950744,0.11589012781737237,0.3125,0.16981132075471697,0.2558139534883721
tle_oneweb_24,mappo_tle_trained,42,14020,192,52,69,71,0.2708333333333333,0.359375,1.7333333333333334,8.096153846153847,18.449999999999996,2.0680555555555555,19,92,-11.092972508667852,0.20091444552403723,0.04777777777777778,0.5041120382716142,0.1583955536656102,0.09319387888525726,0.032641195565727504,0.11583120309816364,0.32653061224489793,0.1694915254237288,0.2857142857142857
tle_oneweb_24,mappo_tle_trained,42,14021,192,56,59,77,0.2916666666666667,0.3072916666666667,1.8666666666666667,7.625,15.25,2.0527777777777776,18,75,-9.432964146919616,0.19893908114245623,0.04762345679012346,0.5178486737869703,0.12819246571568554,0.1029543933878299,0.033118454658911015,0.10128393622201673,0.2857142857142857,0.29411764705882354,0.3055555555555556
tle_oneweb_24,mappo_tle_trained,42,14022,192,54,61,77,0.28125,0.3177083333333333,1.8,8.907407407407407,20.049999999999983,2.186111111111111,18,70,-9.981800823271234,0.20190383604282774,0.05058641975308641,0.5268064981170779,0.1258678931434349,0.10012364083571514,0.03314058229245014,0.10471635863276729,0.30392156862745096,0.14893617021276595,0.37209302325581395
tle_oneweb_24,mappo_tle_trained,42,14023,192,58,61,73,0.3020833333333333,0.3177083333333333,1.9333333333333333,7.758620689655173,18.15,2.1166666666666667,19,76,-9.08045978257615,0.1824732024049881,0.04891975308641975,0.5422700816986176,0.13359483825428098,0.10794399099352661,0.03387882594108838,0.1063135557253204,0.35185185185185186,0.20833333333333334,0.2777777777777778
tle_oneweb_24,mappo_tle_trained,42,14024,192,56,62,74,0.2916666666666667,0.3229166666666667,1.8666666666666667,8.446428571428571,20.5,2.0444444444444443,17,76,-10.488051372896555,0.2166780703945921,0.047345679012345675,0.5424399008491994,0.14129518271546135,0.10661964583404211,0.034455497474886056,0.11116890705899991,0.3218390804597701,0.25396825396825395,0.2857142857142857
tle_oneweb_24,mappo_tle_trained,42,14025,192,46,64,82,0.23958333333333334,0.3333333333333333,1.5333333333333334,8.673913043478262,20.75,2.2555555555555555,14,74,-11.76612405933736,0.22084591722979374,0.05228395061728395,0.5160894038295732,0.12908641213460167,0.08372886024252293,0.032639028475699286,0.1081493262076113,0.26804123711340205,0.21052631578947367,0.21052631578947367
tle_oneweb_24,mappo_tle_trained,42,14026,192,53,64,75,0.2760416666666667,0.3333333333333333,1.7666666666666666,6.943396226415095,17.0,2.0069444444444446,19,92,-10.525590044767812,0.20108777739314707,0.046543209876543215,0.5305031854798021,0.1542797445932121,0.0967769310725967,0.03293937448792493,0.10944215671382855,0.23655913978494625,0.2711864406779661,0.375
tle_oneweb_24,mappo_tle_trained,42,14027,192,57,64,71,0.296875,0.3333333333333333,1.9,6.964912280701754,16.199999999999996,1.9902777777777778,12,58,-9.596364316365394,0.18281106569439365,0.046049382716049386,0.548574267154672,0.10468276491883304,0.10297368452554213,0.03423505599871743,0.11347906121512932,0.3106796116504854,0.2807017543859649,0.28125
tle_oneweb_24,mappo_tle_trained,42,14028,192,51,61,80,0.265625,0.3177083333333333,1.7,9.196078431372548,17.0,2.1958333333333333,15,73,-10.826529226806427,0.21406469384375124,0.050895061728395065,0.5106263916175711,0.12648721104603455,0.09018367883692958,0.032356758977002964,0.10343758236947088,0.29523809523809524,0.17543859649122806,0.3333333333333333
tle_oneweb_24,mappo_tle_trained,42,14029,192,61,60,71,0.3177083333333333,0.3125,2.033333333333333,8.557377049180328,20.0,2.102777777777778,18,59,-9.467232908603393,0.21456061852370498,0.048549382716049375,0.5344679020941514,0.10873869723327928,0.11473011809312118,0.0338672467857436,0.10652664372091616,0.42857142857142855,0.21875,0.25
tle_oneweb_24,mappo_tle_trained,42,14030,192,69,54,69,0.359375,0.28125,2.3,7.72463768115942,18.19999999999999,1.9694444444444446,13,77,-8.274631544809603,0.21240994133294036,0.045524691358024706,0.5142943992260636,0.13879273346765605,0.12643654132818216,0.033708934637592544,0.09865277982538044,0.3877551020408163,0.2903225806451613,0.40625
tle_oneweb_24,mappo_tle_trained,42,14031,192,58,65,69,0.3020833333333333,0.3385416666666667,1.9333333333333333,7.431034482758621,17.0,2.0027777777777778,14,67,-9.347358772280247,0.18467011582010032,0.046265432098765435,0.5272415827483584,0.11905159139679262,0.10854245685515035,0.03400361319372738,0.11352312004014789,0.3541666666666667,0.2542372881355932,0.24324324324324326
tle_oneweb_24,mappo_tle_trained,42,14032,192,53,62,77,0.2760416666666667,0.3229166666666667,1.7666666666666666,8.075471698113208,20.799999999999997,2.2944444444444443,18,76,-9.761253327392623,0.17691487046625073,0.05299382716049383,0.5204589239331182,0.13511720663810448,0.09658116622512906,0.03290242607695941,0.1084339674200355,0.32710280373831774,0.16363636363636364,0.3
tle_oneweb_24,mappo_tle_trained,42,14033,192,61,56,75,0.3177083333333333,0.2916666666666667,2.033333333333333,8.901639344262295,22.0,2.1777777777777776,16,66,-8.960893910217102,0.20655093805217653,0.05033950617283949,0.5432640529000543,0.1202831034061684,0.11418893155348263,0.03421574054660167,0.09922359188226061,0.3274336283185841,0.25,0.3870967741935484
tle_oneweb_24,mappo_tle_trained,42,14034,192,71,56,65,0.3697916666666667,0.2916666666666667,2.3666666666666667,8.408450704225352,17.5,2.0902777777777777,16,61,-7.916219264882272,0.2119024458030317,0.04808641975308643,0.5273207040912029,0.11051476917188992,0.1310236823433418,0.03356562463204444,0.09867908593527791,0.40594059405940597,0.35,0.2903225806451613
tle_oneweb_24,mappo_tle_trained,42,14035,192,60,57,75,0.3125,0.296875,2.0,8.35,20.0,2.2416666666666667,17,76,-9.706179349073397,0.2167000097160117,0.05175925925925926,0.5727423009201912,0.13994751449624243,0.11244163210544958,0.03391450972004198,0.10082998737999409,0.2978723404255319,0.25806451612903225,0.4444444444444444
tle_oneweb_24,mappo_tle_trained,42,14036,192,51,63,78,0.265625,0.328125,1.7,8.588235294117647,20.0,2.1902777777777778,17,72,-10.529162750151027,0.19406070378632562,0.05070987654320989,0.5099711177907894,0.12983457045763547,0.09362707310462727,0.03343314264178619,0.1116451463626386,0.3465346534653465,0.14545454545454545,0.2222222222222222
tle_oneweb_24,mappo_tle_trained,42,14037,192,52,62,78,0.2708333333333333,0.3229166666666667,1.7333333333333334,7.653846153846154,16.449999999999996,2.1180555555555554,17,57,-10.611700209231543,0.2130395709338537,0.049104938271604934,0.5167732850012912,0.1001184184465918,0.0964183222464956,0.03333669869178916,0.10960089059547262,0.2839506172839506,0.18309859154929578,0.4
tle_oneweb_24,mappo_tle_trained,42,14038,192,53,59,80,0.2760416666666667,0.3072916666666667,1.7666666666666666,8.716981132075471,19.199999999999996,2.1791666666666667,16,82,-10.08456191390685,0.20520944397180005,0.0505246913580247,0.529628607254844,0.1419851005261222,0.09773581867622116,0.03326975799510406,0.10065382373044911,0.3181818181818182,0.234375,0.25
tle_oneweb_24,mappo_tle_trained,42,14039,192,60,64,68,0.3125,0.3333333333333333,2.0,8.083333333333334,16.0,1.9944444444444445,11,67,-9.940592273203366,0.21183918076453798,0.04604938271604938,0.514771018153604,0.11517891021373994,0.10773542920214745,0.03337241407566057,0.11014756098734427,0.3411764705882353,0.22950819672131148,0.3695652173913043
tle_oneweb_24,mappo_tle_trained,42,14040,192,63,63,66,0.328125,0.328125,2.1,7.0476190476190474,16.9,1.9111111111111112,14,86,-9.147998237974617,0.19740792722765108,0.0441358024691358,0.5468181189184925,0.16156871365075703,0.12196289176939332,0.03500356948136547,0.11282328868242182,0.34831460674157305,0.328125,0.28205128205128205
tle_oneweb_24,mappo_tle_trained,42,14041,192,57,64,71,0.296875,0.3333333333333333,1.9,8.385964912280702,19.599999999999987,2.0541666666666667,19,55,-10.329318937091918,0.2119196185353548,0.047469135802469135,0.5549092434153551,0.10349732540135016,0.10732258181561587,0.03465222075311471,0.11470262809659094,0.40425531914893614,0.2413793103448276,0.125
tle_oneweb_24,mappo_tle_trained,42,14042,192,60,53,79,0.3125,0.2760416666666667,2.0,7.933333333333334,20.0,2.1555555555555554,18,75,-8.931557215726679,0.20828670113070882,0.04996913580246914,0.5132727145587911,0.1349250949715346,0.11089173468430434,0.033085896534908975,0.09480957667490177,0.3711340206185567,0.20408163265306123,0.30434782608695654
tle_oneweb_24,mappo_tle_trained,42,14043,192,53,59,80,0.2760416666666667,0.3072916666666667,1.7666666666666666,8.377358490566039,17.799999999999997,2.0944444444444446,17,65,-9.715137658835946,0.18821008899181804,0.04864197530864198,0.5490124697214483,0.11656408363451705,0.09907539943143658,0.03414174819757133,0.10661840653326721,0.34951456310679613,0.1,0.3076923076923077
tle_oneweb_24,mappo_tle_trained,42,14044,192,61,60,71,0.3177083333333333,0.3125,2.033333333333333,7.80327868852459,19.0,1.9944444444444445,17,53,-8.947987247180755,0.19623398048232074,0.04614197530864196,0.5493411874895915,0.09417837895392074,0.11501756843088112,0.035068957063056676,0.1089385637295854,0.36046511627906974,0.3220338983050847,0.23404255319148937
tle_oneweb_24,mappo_tle_trained,42,14045,192,52,56,84,0.2708333333333333,0.2916666666666667,1.7333333333333334,9.615384615384615,20.0,2.3194444444444446,18,55,-10.107112426643516,0.2086284205217475,0.053765432098765435,0.5255206442596669,0.10115036365423362,0.09714345094763052,0.03341410646012315,0.10171316772322962,0.35353535353535354,0.125,0.2702702702702703
tle_oneweb_24,mappo_tle_trained,42,14046,192,57,59,76,0.296875,0.3072916666666667,1.9,8.491228070175438,19.199999999999996,2.1166666666666667,18,91,-9.942241620896564,0.20216166066174074,0.049012345679012345,0.5241834477175135,0.1587538346013578,0.1009627306531331,0.03283356627810748,0.10225475490568368,0.3229166666666667,0.21818181818181817,0.34146341463414637
tle_oneweb_24,mappo_tle_trained,42,14047,192,61,53,78,0.3177083333333333,0.2760416666666667,2.033333333333333,7.426229508196721,18.0,1.975,17,94,-8.616027332095728,0.19074100737672087,0.045925925925925926,0.5222862326995433,0.1680589713290952,0.11025582189281878,0.03363129281811403,0.09551362996022437,0.3258426966292135,0.2923076923076923,0.34210526315789475
tle_oneweb_24,mappo_tle_trained,42,14048,192,55,60,77,0.2864583333333333,0.3125,1.8333333333333333,7.818181818181818,19.0,2.1458333333333335,19,72,-9.70219837315307,0.18902423748478625,0.04969135802469135,0.5358063140525631,0.13157775975887434,0.10265449162120989,0.034695295711841156,0.10828627942405031,0.27184466019417475,0.27906976744186046,0.32608695652173914
tle_oneweb_24,mappo_tle_trained,42,14049,192,60,63,69,0.3125,0.328125,2.0,7.516666666666667,15.0,2.073611111111111,14,75,-9.336580091390202,0.18435295843498048,0.0478395061728395,0.549498329996696,0.13697513986987672,0.1135458893818027,0.03443966688131291,0.11494886205412522,0.45348837209302323,0.20634920634920634,0.18604651162790697
tle_oneweb_24,mappo_tle_trained,42,14050,192,57,66,69,0.296875,0.34375,1.9,7.771929824561403,15.0,1.9944444444444445,16,59,-10.226332183708744,0.1968694952397019,0.046080246913580244,0.5556733656784035,0.10904270480121872,0.10663113761023976,0.03453479089747839,0.11978848264451977,0.3780487804878049,0.16666666666666666,0.32
tle_oneweb_24,mappo_tle_trained,123,14001,192,57,58,77,0.296875,0.3020833333333333,1.9,8.280701754385966,18.0,2.076388888888889,12,78,-9.784226570011805,0.2086349190752288,0.04814814814814814,0.5168902421012099,0.13652888429254695,0.10270034441137549,0.033721272010289766,0.10101060431320226,0.3068181818181818,0.3050847457627119,0.26666666666666666
tle_oneweb_24,mappo_tle_trained,123,14002,192,58,59,75,0.3020833333333333,0.3072916666666667,1.9333333333333333,7.620689655172414,16.299999999999997,2.0305555555555554,12,94,-9.684878472531834,0.20554479619686117,0.0470679012345679,0.5328708665659138,0.16123432537435098,0.108067315188563,0.033643101991782796,0.10343326683984916,0.3333333333333333,0.2641509433962264,0.2647058823529412
tle_oneweb_24,mappo_tle_trained,123,14003,192,65,55,72,0.3385416666666667,0.2864583333333333,2.1666666666666665,8.215384615384615,17.0,2.013888888888889,15,73,-8.88740890561986,0.21756076581075018,0.04660493827160494,0.5388568063683062,0.12275863301657484,0.1167140921949779,0.033728740840458314,0.09651007507919608,0.2808988764044944,0.42105263157894735,0.34782608695652173
tle_oneweb_24,mappo_tle_trained,123,14004,192,59,58,75,0.3072916666666667,0.3020833333333333,1.9666666666666666,7.813559322033898,17.0,2.0347222222222223,12,79,-8.927789891529978,0.18724820081468965,0.04716049382716049,0.5201664274377139,0.13851109688957985,0.10639711839015242,0.03353625127143543,0.10116907501969422,0.34615384615384615,0.1864406779661017,0.41379310344827586
tle_oneweb_24,mappo_tle_trained,123,14005,192,54,61,77,0.28125,0.3177083333333333,1.8,8.0,16.049999999999983,2.1069444444444443,17,80,-10.604271094553251,0.20167740495397013,0.048827160493827175,0.560404267014371,0.14375670901465087,0.1007015398328159,0.03491480941501857,0.1129282000112529,0.3157894736842105,0.234375,0.2727272727272727
tle_oneweb_24,mappo_tle_trained,123,14006,192,57,56,79,0.296875,0.2916666666666667,1.9,8.824561403508772,20.0,2.1597222222222223,13,57,-8.965024335651439,0.1928091171928362,0.05006172839506173,0.5338324387962251,0.09994317902599635,0.10825158988471681,0.034447814965780414,0.10283108160043145,0.34951456310679613,0.2127659574468085,0.2619047619047619
tle_oneweb_24,mappo_tle_trained,123,14007,192,62,54,76,0.3229166666666667,0.28125,2.066666666666667,7.548387096774194,17.949999999999996,2.0069444444444446,15,98,-8.632842707890097,0.19988662241827698,0.04657407407407407,0.5545419538922634,0.1795185192631013,0.12134807830628261,0.0353432517345047,0.09920973705803425,0.3516483516483517,0.25806451612903225,0.358974358974359
tle_oneweb_24,mappo_tle_trained,123,14008,192,67,54,71,0.3489583333333333,0.28125,2.2333333333333334,6.985074626865671,16.699999999999996,1.8402777777777777,11,61,-8.166189971559982,0.2043466221526214,0.04271604938271605,0.5609282960949652,0.115337646529597,0.1300289601179694,0.03652228142721284,0.10546610195217004,0.35106382978723405,0.3508771929824561,0.34146341463414637
tle_oneweb_24,mappo_tle_trained,123,14009,192,67,64,61,0.3489583333333333,0.3333333333333333,2.2333333333333334,7.925373134328358,16.0,1.9180555555555556,14,70,-8.827218043074849,0.1971817389653993,0.044135802469135815,0.5314764510991463,0.12394246137768146,0.12166150063797794,0.034112042547781524,0.11186294006542358,0.34782608695652173,0.3050847457627119,0.4146341463414634
tle_oneweb_24,mappo_tle_trained,123,14010,192,65,59,68,0.3385416666666667,0.3072916666666667,2.1666666666666665,6.892307692307693,14.0,1.8902777777777777,14,56,-7.812839744683359,0.17647771334616164,0.043734567901234554,0.5495626977941258,0.10108027421494913,0.122430927918544,0.03460019171471117,0.10759606793275524,0.3431372549019608,0.19642857142857142,0.5588235294117647
tle_oneweb_24,mappo_tle_trained,123,14011,192,56,58,78,0.2916666666666667,0.3020833333333333,1.8666666666666667,7.517857142857143,18.5,2.001388888888889,15,76,-9.977608639649555,0.20623215638306444,0.04651234567901234,0.5811636689237345,0.14335749977003845,0.11039274279212358,0.03550586726016279,0.10979597687028025,0.3229166666666667,0.24193548387096775,0.29411764705882354
tle_oneweb_24,mappo_tle_trained,123,14012,192,60,52,80,0.3125,0.2708333333333333,2.0,8.2,19.049999999999997,2.095833333333333,17,76,-8.407515060981305,0.1965166886139422,0.048672839506172835,0.5440528681604754,0.13620959478544617,0.11425946316039193,0.03431749451041347,0.09411775645521775,0.42857142857142855,0.21052631578947367,0.20454545454545456
tle_oneweb_24,mappo_tle_trained,123,14013,192,63,52,77,0.328125,0.2708333333333333,2.1,7.841269841269841,18.9,2.1055555555555556,15,73,-8.160558294979575,0.19757386554351453,0.04879629629629629,0.5664635596808509,0.13898782117435368,0.12314151076534975,0.035369274164030774,0.09685494058172076,0.3707865168539326,0.26153846153846155,0.34210526315789475
tle_oneweb_24,mappo_tle_trained,123,14014,192,52,62,78,0.2708333333333333,0.3229166666666667,1.7333333333333334,7.134615384615385,15.0,2.061111111111111,16,80,-10.051645825390057,0.17861985145876036,0.047839506172839504,0.54572323226493,0.14350317409914934,0.09787979406787455,0.03427869019350323,0.11361108275968959,0.33695652173913043,0.15254237288135594,0.2926829268292683
tle_oneweb_24,mappo_tle_trained,123,14015,192,60,54,78,0.3125,0.28125,2.0,7.266666666666667,15.099999999999994,2.1277777777777778,15,86,-8.644337430350038,0.1949448321862553,0.049320987654320976,0.5234756353736659,0.15913960666669646,0.1145083184789067,0.0339433897390458,0.0975948859075794,0.2903225806451613,0.32075471698113206,0.34782608695652173
tle_oneweb_24,mappo_tle_trained,123,14016,192,62,57,73,0.3229166666666667,0.296875,2.066666666666667,8.85483870967742,21.949999999999996,2.1958333333333333,21,91,-9.14723956329077,0.20487646718837257,0.05067901234567902,0.5440469437122272,0.1601087472126643,0.11487878859597798,0.03367341481757381,0.09972605013727641,0.36363636363636365,0.2545454545454545,0.3157894736842105
tle_oneweb_24,mappo_tle_trained,123,14017,192,65,55,72,0.3385416666666667,0.2864583333333333,2.1666666666666665,7.753846153846154,17.0,2.022222222222222,16,73,-7.984671929122124,0.1890217235446729,0.046790123456790116,0.5530324494589253,0.13016077776139695,0.11987831097351219,0.033391931428854424,0.09739196848329974,0.4077669902912621,0.23529411764705882,0.2894736842105263
tle_oneweb_24,mappo_tle_trained,123,14018,192,58,59,75,0.3020833333333333,0.3072916666666667,1.9333333333333333,9.120689655172415,21.15,2.1430555555555557,16,82,-10.43089857238747,0.2317234020650806,0.0495679012345679,0.5286650980993991,0.14451026774808576,0.1071526713105324,0.03330302367303121,0.102762686460526,0.3076923076923077,0.2542372881355932,0.35714285714285715
tle_oneweb_24,mappo_tle_trained,123,14019,192,52,60,80,0.2708333333333333,0.3125,1.7333333333333334,8.76923076923077,18.449999999999996,2.2083333333333335,16,68,-10.734652451382214,0.21540551049219786,0.05117283950617284,0.5665479404265035,0.1254930492623991,0.10014071827152322,0.034800183175194045,0.10826299030633395,0.3333333333333333,0.16981132075471697,0.2558139534883721
tle_oneweb_24,mappo_tle_trained,123,14020,192,54,69,69,0.28125,0.359375,1.8,8.314814814814815,19.0,2.0180555555555557,15,109,-11.179685881643493,0.19697383452211292,0.04660493827160493,0.5238991617728301,0.1849824539875354,0.09633714281311535,0.033291040094798274,0.11917859277867354,0.336734693877551,0.1694915254237288,0.3142857142857143
tle_oneweb_24,mappo_tle_trained,123,14021,192,58,53,81,0.3020833333333333,0.2760416666666667,1.9333333333333333,8.051724137931034,18.0,2.0388888888888888,20,73,-9.438176754727495,0.22523376492505126,0.04743827160493827,0.5277035551919349,0.12460253240052001,0.10641105669356445,0.03321843886713356,0.091615458558183,0.3142857142857143,0.3333333333333333,0.2222222222222222
tle_oneweb_24,mappo_tle_trained,123,14022,192,51,61,80,0.265625,0.3177083333333333,1.7,8.333333333333334,19.5,2.136111111111111,14,84,-10.49874458877857,0.19080887891445936,0.0495679012345679,0.5488607581266499,0.15405277900633937,0.09747427896034708,0.03472532108161821,0.1126371736278857,0.28431372549019607,0.1276595744680851,0.37209302325581395
tle_oneweb_24,mappo_tle_trained,123,14023,192,59,61,72,0.3072916666666667,0.3177083333333333,1.9666666666666666,8.457627118644067,18.399999999999977,2.1416666666666666,17,86,-9.426328068190848,0.19027801419181264,0.04944444444444445,0.5378350459968555,0.15189875312166332,0.10939818537728753,0.03395742671096329,0.10780736935922697,0.37037037037037035,0.1875,0.2777777777777778
tle_oneweb_24,mappo_tle_trained,123,14024,192,55,63,74,0.2864583333333333,0.328125,1.8333333333333333,7.618181818181818,18.299999999999997,2.0375,13,81,-10.008277497480307,0.19004743044826686,0.04719135802469135,0.5571161812988442,0.15387089518668468,0.10671846786397869,0.03486172025429246,0.11463684979164852,0.3333333333333333,0.23809523809523808,0.2619047619047619
tle_oneweb_24,mappo_tle_trained,123,14025,192,46,64,82,0.23958333333333334,0.3333333333333333,1.5333333333333334,7.5,14.75,2.2444444444444445,14,77,-11.427168740395299,0.1999433558260527,0.052037037037037034,0.5402900177436308,0.13683317771553066,0.08505315576523007,0.03343655796317765,0.11234982882041705,0.24742268041237114,0.22807017543859648,0.23684210526315788
tle_oneweb_24,mappo_tle_trained,123,14026,192,56,59,77,0.2916666666666667,0.3072916666666667,1.8666666666666667,7.5,18.0,2.109722222222222,18,92,-10.000710820476684,0.20274428652421797,0.04888888888888889,0.5311445325942685,0.16057220475042525,0.10176457982000447,0.033025537116801514,0.10324967071635532,0.25806451612903225,0.288135593220339,0.375
tle_oneweb_24,mappo_tle_trained,123,14027,192,64,60,68,0.3333333333333333,0.3125,2.1333333333333333,6.953125,15.0,1.8680555555555556,12,67,-9.038927482639188,0.20317357522631266,0.04324074074074073,0.550552530992702,0.11971923458378565,0.11756774214204554,0.034386196000055616,0.1081145898018963,0.33980582524271846,0.2982456140350877,0.375
tle_oneweb_24,mappo_tle_trained,123,14028,192,51,58,83,0.265625,0.3020833333333333,1.7,8.529411764705882,16.5,2.1972222222222224,16,103,-11.033143110280637,0.2140953844312471,0.051018518518518526,0.5334621768008104,0.1796068807640015,0.0915078546038298,0.033186099402071276,0.10164537159893196,0.2857142857142857,0.21052631578947367,0.3
tle_oneweb_24,mappo_tle_trained,123,14029,192,58,64,70,0.3020833333333333,0.3333333333333333,1.9333333333333333,8.068965517241379,18.15,2.0833333333333335,17,65,-10.283383468238696,0.20848263336123457,0.04808641975308641,0.5544566019368118,0.11988588710337937,0.10997316852967007,0.034531819669869596,0.1164489986277912,0.38095238095238093,0.25,0.22727272727272727
tle_oneweb_24,mappo_tle_trained,123,14030,192,69,56,67,0.359375,0.2916666666666667,2.3,7.260869565217392,15.0,1.9208333333333334,12,74,-7.4974373417519455,0.17829699681133374,0.044382716049382716,0.5607386165509048,0.13651889118220387,0.130552258915262,0.03500882379116099,0.10516870198371746,0.3877551020408163,0.2903225806451613,0.40625
tle_oneweb_24,mappo_tle_trained,123,14031,192,62,55,75,0.3229166666666667,0.2864583333333333,2.066666666666667,7.806451612903226,17.0,2.0069444444444446,14,72,-8.452998185365585,0.19879304120934596,0.046543209876543215,0.5566764786720596,0.1341098047406097,0.11941423672073825,0.034501240496553995,0.09931386882238274,0.34375,0.288135593220339,0.32432432432432434
tle_oneweb_24,mappo_tle_trained,123,14032,192,53,59,80,0.2760416666666667,0.3072916666666667,1.7666666666666666,8.49056603773585,22.19999999999999,2.348611111111111,19,99,-10.125810454630027,0.19229485608214425,0.054290123456790136,0.5334770612296312,0.17595308485704234,0.09764669702851153,0.033727449559825026,0.10259119315671343,0.308411214953271,0.2,0.3
tle_oneweb_24,mappo_tle_trained,123,14033,192,64,55,73,0.3333333333333333,0.2864583333333333,2.1333333333333333,8.15625,20.0,2.111111111111111,17,73,-7.8605939456078255,0.17832214802076823,0.0487962962962963,0.5472629224921997,0.13429326993955476,0.11962791895067437,0.03431231233623784,0.09945013677985814,0.37168141592920356,0.2916666666666667,0.25806451612903225
tle_oneweb_24,mappo_tle_trained,123,14034,192,70,56,66,0.3645833333333333,0.2916666666666667,2.3333333333333335,8.057142857142857,17.549999999999997,1.9861111111111112,14,80,-8.236742100180157,0.2094945508333119,0.04580246913580247,0.5311970439869101,0.14484588396353104,0.12732538703126936,0.03332278983415962,0.09882557887588848,0.40594059405940597,0.35,0.25806451612903225
tle_oneweb_24,mappo_tle_trained,123,14035,192,62,56,74,0.3229166666666667,0.2916666666666667,2.066666666666667,7.919354838709677,17.0,2.1527777777777777,18,97,-8.963899581150699,0.1967610744957867,0.049753086419753074,0.5585301074592645,0.18494020226992364,0.116824768655264,0.03407484025171918,0.09981705557943947,0.3191489361702128,0.25806451612903225,0.4444444444444444
tle_oneweb_24,mappo_tle_trained,123,14036,192,47,67,78,0.24479166666666666,0.3489583333333333,1.5666666666666667,7.9361702127659575,19.699999999999996,2.095833333333333,16,88,-10.999040851368623,0.17936638173889843,0.04861111111111112,0.5223257738532758,0.1557154528478058,0.0884056565209816,0.03399813450332913,0.11920762802728747,0.32673267326732675,0.12727272727272726,0.19444444444444445
tle_oneweb_24,mappo_tle_trained,123,14037,192,54,59,79,0.28125,0.3072916666666667,1.8,7.611111111111111,17.349999999999994,2.088888888888889,15,87,-10.215209848074393,0.20797069444429625,0.04848765432098765,0.5092393549058586,0.15291667038958062,0.10088628806121065,0.03324196446250532,0.10534364357119776,0.2962962962962963,0.2112676056338028,0.375
tle_oneweb_24,mappo_tle_trained,123,14038,192,48,60,84,0.25,0.3125,1.6,8.645833333333334,20.65,2.2291666666666665,14,110,-11.559105351460511,0.21890085000792128,0.05175925925925925,0.5288837736801203,0.1901599619576467,0.08730596043053977,0.03288303560400835,0.10269925092057951,0.2727272727272727,0.21875,0.25
tle_oneweb_24,mappo_tle_trained,123,14039,192,63,58,71,0.328125,0.3020833333333333,2.1,8.047619047619047,17.799999999999997,2.0180555555555557,17,66,-8.971559691879893,0.20598421023772528,0.04666666666666666,0.5316048416163389,0.11784379248775535,0.11679641537226675,0.034071397121678976,0.10459544726572591,0.3411764705882353,0.2459016393442623,0.41304347826086957
tle_oneweb_24,mappo_tle_trained,123,14040,192,60,58,74,0.3125,0.3020833333333333,2.0,7.033333333333333,17.099999999999994,1.976388888888889,15,86,-9.062064764722136,0.19853722997470885,0.04583333333333332,0.5652089737112653,0.16558249413125573,0.12392383516609523,0.036580886800639055,0.1107085571520556,0.3258426966292135,0.296875,0.3076923076923077
tle_oneweb_24,mappo_tle_trained,123,14041,192,58,61,73,0.3020833333333333,0.3177083333333333,1.9333333333333333,7.517241379310345,16.15,2.047222222222222,14,68,-9.481200633477242,0.18894806998960795,0.04737654320987654,0.5680868633799342,0.12735734352220418,0.11113944993201957,0.0352906856790818,0.11283019640604779,0.3829787234042553,0.25862068965517243,0.175
tle_oneweb_24,mappo_tle_trained,123,14042,192,60,54,78,0.3125,0.28125,2.0,7.6,18.049999999999997,2.0819444444444444,13,98,-8.87506174970619,0.1983192931310894,0.04830246913580246,0.5389686745489884,0.16988257184851613,0.11007118397598273,0.03305753774951193,0.09391867778477685,0.35051546391752575,0.24489795918367346,0.30434782608695654
tle_oneweb_24,mappo_tle_trained,123,14043,192,56,60,76,0.2916666666666667,0.3125,1.8666666666666667,8.767857142857142,18.25,2.0166666666666666,15,73,-9.6843422102764,0.19227594880327512,0.04679012345679012,0.5523182204956125,0.12799314462627157,0.10387863039952823,0.03417436452323783,0.1083063664062116,0.3883495145631068,0.1,0.28205128205128205
tle_oneweb_24,mappo_tle_trained,123,14044,192,61,60,71,0.3177083333333333,0.3125,2.033333333333333,7.901639344262295,20.0,2.013888888888889,17,76,-9.518723677319288,0.20893312986343532,0.04657407407407406,0.5592415074586249,0.1381506949450145,0.1198265651405374,0.03597971012561254,0.11179963482746495,0.313953488372093,0.3220338983050847,0.3191489361702128
tle_oneweb_24,mappo_tle_trained,123,14045,192,50,56,86,0.2604166666666667,0.2916666666666667,1.6666666666666667,8.88,18.549999999999997,2.1902777777777778,16,86,-10.758667774558017,0.21361528340904629,0.05095679012345679,0.5359702380360195,0.1568507870984651,0.09508438170589871,0.03427842526319682,0.10300764165315247,0.31313131313131315,0.17857142857142858,0.24324324324324326
tle_oneweb_24,mappo_tle_trained,123,14046,192,53,65,74,0.2760416666666667,0.3385416666666667,1.7666666666666666,7.547169811320755,18.0,2.0180555555555557,15,96,-10.169071200657212,0.1748491316797483,0.04675925925925925,0.5352722813498834,0.17098088544295972,0.09687515543165698,0.03364387029186846,0.11468750977264909,0.3333333333333333,0.2,0.24390243902439024
tle_oneweb_24,mappo_tle_trained,123,14047,192,64,48,80,0.3333333333333333,0.25,2.1333333333333333,7.59375,18.0,2.029166666666667,17,100,-8.003328517681611,0.19825977749644028,0.047191358024691356,0.5181587317532285,0.17817700817700818,0.11638271257466304,0.03322130581131503,0.08637838654866518,0.3258426966292135,0.3230769230769231,0.3684210526315789
tle_oneweb_24,mappo_tle_trained,123,14048,192,58,59,75,0.3020833333333333,0.3072916666666667,1.9333333333333333,7.258620689655173,18.0,2.0277777777777777,18,84,-9.243664749694483,0.18409204642380717,0.04700617283950617,0.5573145956078585,0.14839724001488708,0.10633476989127143,0.03403511378915964,0.10514014723380047,0.2621359223300971,0.32558139534883723,0.3695652173913043
tle_oneweb_24,mappo_tle_trained,123,14049,192,58,64,70,0.3020833333333333,0.3333333333333333,1.9333333333333333,7.051724137931035,14.149999999999999,2.061111111111111,14,83,-9.555196186302952,0.18034859626374417,0.047592592592592596,0.550578879444602,0.15194010352679083,0.11015178563553175,0.03444283804842843,0.11574862401100793,0.4186046511627907,0.20634920634920634,0.20930232558139536
tle_oneweb_24,mappo_tle_trained,123,14050,192,58,67,67,0.3020833333333333,0.3489583333333333,1.9333333333333333,8.793103448275861,19.15,2.084722222222222,18,71,-11.424692439990508,0.23529915144310343,0.048024691358024695,0.5643041617077194,0.12532362546294434,0.10628690395718259,0.0335565739666197,0.11741359302891809,0.36585365853658536,0.2,0.32
tle_oneweb_24,mappo_tle_trained,314,14001,192,61,59,72,0.3177083333333333,0.3072916666666667,2.033333333333333,9.098360655737705,20.0,2.1319444444444446,17,73,-9.668047645172672,0.22182529672124326,0.0492283950617284,0.5193438593889957,0.12298872180451124,0.11140670918921694,0.03396599948294878,0.1019724650994001,0.3522727272727273,0.288135593220339,0.28888888888888886
tle_oneweb_24,mappo_tle_trained,314,14002,192,61,59,72,0.3177083333333333,0.3072916666666667,2.033333333333333,8.0,17.0,2.051388888888889,13,81,-8.856398119825373,0.1971105056002961,0.04743827160493827,0.519728246750586,0.1411344812177697,0.11466709970630418,0.03369507625989363,0.10295855932230277,0.3619047619047619,0.24528301886792453,0.29411764705882354
tle_oneweb_24,mappo_tle_trained,314,14003,192,67,57,68,0.3489583333333333,0.296875,2.2333333333333334,7.597014925373134,15.699999999999996,1.9416666666666667,14,66,-8.377493814722703,0.21606901778642723,0.044876543209876545,0.5296381696835518,0.11247767821734708,0.12354058107305518,0.03329113556725749,0.09778611872366078,0.30337078651685395,0.40350877192982454,0.3695652173913043
tle_oneweb_24,mappo_tle_trained,314,14004,192,63,60,69,0.328125,0.3125,2.1,8.777777777777779,20.0,2.1013888888888888,14,65,-9.047441786066374,0.20731121634545657,0.048456790123456786,0.5355715824555805,0.1136517146424267,0.1134476706071133,0.03313180279987315,0.10139970209242657,0.38461538461538464,0.1864406779661017,0.41379310344827586
tle_oneweb_24,mappo_tle_trained,314,14005,192,55,61,76,0.2864583333333333,0.3177083333333333,1.8333333333333333,8.4,17.599999999999994,2.175,18,70,-11.010813196726822,0.235862526176421,0.050308641975308634,0.5384881100765634,0.12383218470107686,0.10271852693006277,0.03394747489770226,0.10717236261168822,0.2736842105263158,0.296875,0.30303030303030304
tle_oneweb_24,mappo_tle_trained,314,14006,192,55,59,78,0.2864583333333333,0.3072916666666667,1.8333333333333333,8.181818181818182,19.0,2.175,16,71,-9.55258948921101,0.20358793315141213,0.05037037037037037,0.5159598083576438,0.11924951267056529,0.1037762874953277,0.03331562713413838,0.10165527455001139,0.3106796116504854,0.2127659574468085,0.30952380952380953
tle_oneweb_24,mappo_tle_trained,314,14007,192,64,53,75,0.3333333333333333,0.2760416666666667,2.1333333333333333,7.96875,19.0,2.047222222222222,18,76,-8.45192996881805,0.21258392847933658,0.04743827160493827,0.5547907369443542,0.14356084174969622,0.12540158156257225,0.0353401201610589,0.09713718113098915,0.38461538461538464,0.22580645161290322,0.38461538461538464
tle_oneweb_24,mappo_tle_trained,314,14008,192,67,59,66,0.3489583333333333,0.3072916666666667,2.2333333333333334,7.2388059701492535,17.699999999999996,1.7847222222222223,15,40,-8.450961543119261,0.21080829279923424,0.04132716049382716,0.5666436597195089,0.07120046849149016,0.1287633094173342,0.03577717344923006,0.11043656936458793,0.3723404255319149,0.3508771929824561,0.2926829268292683
tle_oneweb_24,mappo_tle_trained,314,14009,192,65,60,67,0.3385416666666667,0.3125,2.1666666666666665,7.723076923076923,17.799999999999997,2.004166666666667,17,61,-8.435629711877171,0.19911901057591538,0.04623456790123458,0.5266795742087605,0.10907190733816122,0.12133106831249243,0.03390734490294901,0.10493502770592553,0.3695652173913043,0.23728813559322035,0.4146341463414634
tle_oneweb_24,mappo_tle_trained,314,14010,192,65,55,72,0.3385416666666667,0.2864583333333333,2.1666666666666665,7.584615384615384,17.799999999999997,1.9555555555555555,16,63,-7.37600271342113,0.18188435275845777,0.045308641975308636,0.5111844279454433,0.11110845724000253,0.12115013129584405,0.033638312860252734,0.09666589391922548,0.39215686274509803,0.16071428571428573,0.47058823529411764
tle_oneweb_24,mappo_tle_trained,314,14011,192,59,56,77,0.3072916666666667,0.2916666666666667,1.9666666666666666,8.423728813559322,20.099999999999994,2.0652777777777778,17,59,-9.809448844510424,0.22865010092558427,0.047901234567901234,0.5612660174333945,0.10721364276704831,0.11303832734173289,0.03470072910915833,0.10252389552312154,0.375,0.20967741935483872,0.29411764705882354
tle_oneweb_24,mappo_tle_trained,314,14012,192,63,51,78,0.328125,0.265625,2.1,8.746031746031745,19.9,2.111111111111111,19,71,-8.443039526228281,0.21129946065422045,0.04895061728395062,0.5247833443756478,0.12686229834836643,0.11613341136560952,0.03345601810762103,0.09102256160305694,0.4175824175824176,0.22807017543859648,0.2727272727272727
tle_oneweb_24,mappo_tle_trained,314,14013,192,64,54,74,0.3333333333333333,0.28125,2.1333333333333333,7.921875,19.0,2.0305555555555554,17,71,-8.587211719366227,0.20667894292785868,0.04703703703703702,0.565997185945102,0.1361724053094022,0.1252639375588292,0.03577022068960243,0.10252423574018002,0.3707865168539326,0.27692307692307694,0.34210526315789475
tle_oneweb_24,mappo_tle_trained,314,14014,192,59,61,72,0.3072916666666667,0.3177083333333333,1.9666666666666666,8.152542372881356,18.0,2.025,17,73,-9.800137482125734,0.2049142816528346,0.046851851851851846,0.5400941294950968,0.12698900027847398,0.1075588811773022,0.03352785828130514,0.10831662489557226,0.358695652173913,0.1694915254237288,0.3902439024390244
tle_oneweb_24,mappo_tle_trained,314,14015,192,60,60,72,0.3125,0.3125,2.0,7.783333333333333,16.049999999999997,2.0944444444444446,17,69,-9.172512837021843,0.1996449854632124,0.048395061728395056,0.5379183728416804,0.12716760950894077,0.1122384612864489,0.03410977900617151,0.10461498927056202,0.3225806451612903,0.24528301886792453,0.3695652173913043
tle_oneweb_24,mappo_tle_trained,314,14016,192,62,56,74,0.3229166666666667,0.2916666666666667,2.066666666666667,8.758064516129032,19.89999999999999,2.263888888888889,18,84,-9.289544973268471,0.2221998078101665,0.05222222222222221,0.53066372781655,0.14450281318567762,0.11345383112074454,0.03293740394926268,0.09366044997438856,0.37373737373737376,0.2545454545454545,0.2894736842105263
tle_oneweb_24,mappo_tle_trained,314,14017,192,65,53,74,0.3385416666666667,0.2760416666666667,2.1666666666666665,8.36923076923077,18.0,2.0972222222222223,16,60,-7.564354656723976,0.19106574867035733,0.0485185185185185,0.5339567050405345,0.10747145641882486,0.12108420246191146,0.033186503843265096,0.09311219224531918,0.42718446601941745,0.17647058823529413,0.3157894736842105
tle_oneweb_24,mappo_tle_trained,314,14018,192,55,64,73,0.2864583333333333,0.3333333333333333,1.8333333333333333,8.618181818181819,22.599999999999994,2.2319444444444443,17,81,-10.266944346767952,0.20724008044513004,0.051481481481481475,0.511390474794969,0.1366145656191423,0.0999266969575894,0.03277515651766164,0.10596006512768526,0.34065934065934067,0.1864406779661017,0.30952380952380953
tle_oneweb_24,mappo_tle_trained,314,14019,192,51,59,82,0.265625,0.3072916666666667,1.7,9.392156862745098,18.0,2.2222222222222223,17,79,-11.034764258447899,0.22508817357701716,0.05154320987654321,0.5425461561082935,0.13873710153508914,0.09487181964349145,0.033578592426590274,0.1029432389649108,0.3125,0.1509433962264151,0.3023255813953488
tle_oneweb_24,mappo_tle_trained,314,14020,192,56,67,69,0.2916666666666667,0.3489583333333333,1.8666666666666667,8.303571428571429,18.5,2.0388888888888888,17,84,-10.57749841147184,0.20257140566637394,0.0470679012345679,0.5267665050875036,0.14224285558247057,0.10127252290093856,0.033290154011782654,0.11522418125191042,0.32653061224489793,0.1694915254237288,0.4
tle_oneweb_24,mappo_tle_trained,314,14021,192,54,57,81,0.28125,0.296875,1.8,8.055555555555555,17.349999999999994,2.1055555555555556,17,63,-10.62909821994638,0.2374355849548447,0.04891975308641976,0.5140010974660529,0.10665104531977597,0.09903935976304395,0.03346881434062812,0.09986670292784842,0.26666666666666666,0.29411764705882354,0.3055555555555556
tle_oneweb_24,mappo_tle_trained,314,14022,192,51,62,79,0.265625,0.3229166666666667,1.7,8.098039215686274,17.5,2.1819444444444445,15,90,-10.635576807510313,0.2079106617369362,0.05055555555555555,0.5126765735879525,0.15880155523596767,0.09516153718603577,0.03285198442141119,0.1050870141297857,0.27450980392156865,0.14893617021276595,0.37209302325581395
tle_oneweb_24,mappo_tle_trained,314,14023,192,63,57,72,0.328125,0.296875,2.1,8.619047619047619,18.9,2.1527777777777777,17,83,-8.649076497428169,0.20272476400656828,0.04969135802469136,0.510877854166153,0.14506103482698585,0.11517384017148456,0.033074100204490794,0.09638248871422918,0.37037037037037035,0.3125,0.2222222222222222
tle_oneweb_24,mappo_tle_trained,314,14024,192,57,63,72,0.296875,0.328125,1.9,8.526315789473685,17.39999999999999,2.111111111111111,15,79,-10.2596866561211,0.21446025446144082,0.048765432098765424,0.5420294097950458,0.14201430922019156,0.10664544849142372,0.03374661383116326,0.10791369391988587,0.3218390804597701,0.2222222222222222,0.35714285714285715
tle_oneweb_24,mappo_tle_trained,314,14025,192,50,60,82,0.2604166666666667,0.3125,1.6666666666666667,9.14,20.549999999999997,2.2819444444444446,13,72,-11.848977912652247,0.2582991343290618,0.05287037037037036,0.5094626578999697,0.12152205841077154,0.0921961942787424,0.032476418407310984,0.10013228452049289,0.29896907216494845,0.22807017543859648,0.21052631578947367
tle_oneweb_24,mappo_tle_trained,314,14026,192,54,61,77,0.28125,0.3177083333333333,1.8,7.574074074074074,19.69999999999999,2.1416666666666666,17,103,-10.517850379458894,0.20717323418790137,0.049598765432098756,0.5129304531760533,0.1770452051102206,0.09944703287195547,0.033067070630990944,0.10631401922810592,0.24731182795698925,0.2711864406779661,0.375
tle_oneweb_24,mappo_tle_trained,314,14027,192,59,66,67,0.3072916666666667,0.34375,1.9666666666666666,7.322033898305085,15.199999999999989,1.9388888888888889,11,67,-10.165428108075757,0.20139792557767158,0.04478395061728395,0.5375104369901477,0.1176972343961508,0.10652533554623338,0.034120353516754534,0.11698533134678643,0.34951456310679613,0.22807017543859648,0.3125
tle_oneweb_24,mappo_tle_trained,314,14028,192,53,60,79,0.2760416666666667,0.3125,1.7666666666666666,8.679245283018869,18.4,2.1555555555555554,14,86,-10.157107271022328,0.19819693338506422,0.04996913580246914,0.5144493026159235,0.14843241634078225,0.09250230356856419,0.03216709814454009,0.10052724206664845,0.3047619047619048,0.19298245614035087,0.3333333333333333
tle_oneweb_24,mappo_tle_trained,314,14029,192,62,58,72,0.3229166666666667,0.3020833333333333,2.066666666666667,8.548387096774194,19.89999999999999,2.1527777777777777,16,75,-9.195134098015428,0.2087816956567375,0.04969135802469136,0.5358647315744745,0.13083037175529438,0.11504410679333278,0.03368275763144024,0.10246853908618614,0.44047619047619047,0.21875,0.25
tle_oneweb_24,mappo_tle_trained,314,14030,192,66,57,69,0.34375,0.296875,2.2,7.681818181818182,16.75,2.0083333333333333,16,65,-8.069762330786299,0.1890428491233645,0.046388888888888896,0.5082177041229338,0.11452075859583602,0.12005219339197667,0.03334474882037277,0.10294105361442821,0.3979591836734694,0.24193548387096775,0.375
tle_oneweb_24,mappo_tle_trained,314,14031,192,57,60,75,0.296875,0.3125,1.9,7.526315789473684,18.0,2.058333333333333,16,44,-9.076804209360542,0.1927557907113413,0.04768518518518518,0.5450462593323113,0.07817651489091118,0.10739945898614628,0.03395949451751955,0.10645962053082796,0.3541666666666667,0.2542372881355932,0.21621621621621623
tle_oneweb_24,mappo_tle_trained,314,14032,192,54,59,79,0.28125,0.3072916666666667,1.8,8.592592592592593,21.69999999999999,2.279166666666667,19,81,-10.575470328319481,0.21185526090517753,0.05271604938271605,0.5284034132997735,0.14613609186364604,0.10050827082560827,0.03422520783925386,0.10700701918194176,0.308411214953271,0.21818181818181817,0.3
tle_oneweb_24,mappo_tle_trained,314,14033,192,60,54,78,0.3125,0.28125,2.0,9.15,20.049999999999997,2.1638888888888888,17,60,-8.744026618940982,0.20544835134086628,0.05012345679012344,0.5448629225954456,0.11048032061963949,0.11199849886382393,0.03387560453716693,0.09497375904109648,0.3185840707964602,0.2916666666666667,0.3225806451612903
tle_oneweb_24,mappo_tle_trained,314,14034,192,70,57,65,0.3645833333333333,0.296875,2.3333333333333335,8.214285714285714,18.099999999999994,2.0194444444444444,15,74,-8.228495693355253,0.2062249465990566,0.04651234567901234,0.5129216886013179,0.1325593901083536,0.124051656255183,0.03280585323522354,0.09893352347064151,0.42574257425742573,0.3333333333333333,0.22580645161290322
tle_oneweb_24,mappo_tle_trained,314,14035,192,60,55,77,0.3125,0.2864583333333333,2.0,8.466666666666667,20.14999999999999,2.2402777777777776,15,81,-9.37948018292003,0.21211969192828037,0.05179012345679013,0.5449397946087049,0.14867964437236883,0.11228229330009516,0.033898334361878626,0.0980211967828067,0.2872340425531915,0.27419354838709675,0.4444444444444444
tle_oneweb_24,mappo_tle_trained,314,14036,192,52,64,76,0.2708333333333333,0.3333333333333333,1.7333333333333334,9.365384615384615,20.89999999999999,2.216666666666667,19,83,-11.189163422000938,0.2111165909447436,0.051234567901234575,0.5293628105640787,0.1445270248265268,0.09572129753008739,0.03364116660530863,0.11355233058944864,0.36633663366336633,0.10909090909090909,0.25
tle_oneweb_24,mappo_tle_trained,314,14037,192,54,58,80,0.28125,0.3020833333333333,1.8,7.537037037037037,16.049999999999983,2.0680555555555555,16,71,-9.795320765287563,0.2087992242133461,0.048055555555555546,0.509803322582633,0.12277195700183313,0.10115048278747966,0.03291406330702866,0.10137092955204409,0.2716049382716049,0.2112676056338028,0.425
tle_oneweb_24,mappo_tle_trained,314,14038,192,56,62,74,0.2916666666666667,0.3229166666666667,1.8666666666666667,8.714285714285714,20.0,2.1569444444444446,13,82,-9.809693984073396,0.1967327836540584,0.04984567901234567,0.5328125805569012,0.1445286232515335,0.10427527337357058,0.03356125394634237,0.10669395562584418,0.38636363636363635,0.203125,0.225
tle_oneweb_24,mappo_tle_trained,314,14039,192,61,60,71,0.3177083333333333,0.3125,2.033333333333333,8.688524590163935,18.0,2.120833333333333,15,67,-9.910395434574605,0.22201726105300265,0.04895061728395061,0.5373167378102279,0.12003538443553921,0.11299554218284867,0.033780832230619916,0.1070215050400809,0.35294117647058826,0.19672131147540983,0.41304347826086957
tle_oneweb_24,mappo_tle_trained,314,14040,192,62,61,69,0.3229166666666667,0.3177083333333333,2.066666666666667,7.5,19.0,1.9805555555555556,14,93,-9.561038174450687,0.21711808800077786,0.0457716049382716,0.53278180189535,0.1730657992964494,0.12198092785554085,0.034995693677787,0.10876842341238624,0.3258426966292135,0.328125,0.3076923076923077
tle_oneweb_24,mappo_tle_trained,314,14041,192,59,69,64,0.3072916666666667,0.359375,1.9666666666666666,7.88135593220339,19.099999999999994,2.076388888888889,15,78,-10.621520584109179,0.20528535636420522,0.047746913580246915,0.5265598959238338,0.13898824137803137,0.1066164417809996,0.03371610219081991,0.11998771719174868,0.39361702127659576,0.25862068965517243,0.175
tle_oneweb_24,mappo_tle_trained,314,14042,192,61,60,71,0.3177083333333333,0.3125,2.033333333333333,7.901639344262295,20.0,2.0944444444444446,14,75,-8.827917557775034,0.1912039216765447,0.04836419753086419,0.519729974602276,0.12886133001845074,0.11179814509535872,0.03291144076540074,0.10346426077076233,0.36082474226804123,0.20408163265306123,0.34782608695652173
tle_oneweb_24,mappo_tle_trained,314,14043,192,51,60,81,0.265625,0.3125,1.7,9.098039215686274,21.0,2.1152777777777776,17,83,-10.509701293967096,0.2030573517780371,0.0491358024691358,0.5312399474337527,0.14266666797777983,0.09287495675754526,0.03341021188791915,0.10435447334979571,0.32038834951456313,0.14,0.28205128205128205
tle_oneweb_24,mappo_tle_trained,314,14044,192,62,58,72,0.3229166666666667,0.3020833333333333,2.066666666666667,7.854838709677419,18.0,1.9972222222222222,17,62,-8.462193420943784,0.190104433442537,0.04623456790123457,0.531623512446544,0.10930178238227774,0.11669181824367583,0.03452660462219364,0.10494464728597855,0.36046511627906974,0.3050847457627119,0.2765957446808511
tle_oneweb_24,mappo_tle_trained,314,14045,192,51,52,89,0.265625,0.2708333333333333,1.7,9.843137254901961,20.0,2.341666666666667,18,64,-10.267026013559741,0.2229119342108807,0.05441358024691358,0.5263690935902534,0.1153005322277768,0.09578583825874847,0.03332889508462101,0.09416658662401696,0.3333333333333333,0.16071428571428573,0.24324324324324326
tle_oneweb_24,mappo_tle_trained,314,14046,192,58,60,74,0.3020833333333333,0.3125,1.9333333333333333,8.344827586206897,18.0,2.1069444444444443,16,94,-9.991815794041624,0.20978890882032536,0.04873456790123456,0.5159420554650702,0.16455559017865518,0.10397104572414169,0.03271738206641701,0.10222449649307232,0.3020833333333333,0.2545454545454545,0.36585365853658536
tle_oneweb_24,mappo_tle_trained,314,14047,192,60,55,77,0.3125,0.2864583333333333,2.0,8.283333333333333,18.0,2.0694444444444446,16,85,-9.992597158253632,0.22747961653657356,0.04799382716049383,0.5413142209622477,0.1488812792527963,0.10891851211510656,0.03337632605557181,0.09890180367734547,0.2696629213483146,0.3384615384615385,0.3684210526315789
tle_oneweb_24,mappo_tle_trained,314,14048,192,59,59,74,0.3072916666666667,0.3072916666666667,1.9666666666666666,7.779661016949152,19.0,2.1069444444444443,18,80,-9.337818667125859,0.19130402714968361,0.04873456790123456,0.5493037963160173,0.14654383098268547,0.1132481121103412,0.03527999600700313,0.10984900977935032,0.2815533980582524,0.3023255813953488,0.3695652173913043
tle_oneweb_24,mappo_tle_trained,314,14049,192,62,61,69,0.3229166666666667,0.3177083333333333,2.066666666666667,7.806451612903226,14.949999999999996,2.0805555555555557,17,70,-9.62468648198309,0.21336274165825145,0.04799382716049383,0.5387327297052552,0.1263078033376862,0.11508843313275267,0.034268622242622795,0.10834012487465174,0.43023255813953487,0.25396825396825395,0.20930232558139536
tle_oneweb_24,mappo_tle_trained,314,14050,192,62,58,72,0.3229166666666667,0.3020833333333333,2.066666666666667,8.935483870967742,20.0,2.077777777777778,17,64,-9.046416507739787,0.21280835391661496,0.04802469135802468,0.5366720503867046,0.11372211351313519,0.11666834756231041,0.03389163209996007,0.10192750704747608,0.4146341463414634,0.16666666666666666,0.36
tle_oneweb_24,mappo_tle_trained,456,14001,192,57,61,74,0.296875,0.3177083333333333,1.9,9.052631578947368,20.0,2.1666666666666665,16,80,-10.475799961221597,0.22370661184650598,0.05006172839506172,0.5119889283573321,0.13667694118074383,0.10240373737378716,0.03317005959618351,0.10419676259711928,0.3181818181818182,0.2711864406779661,0.28888888888888886
tle_oneweb_24,mappo_tle_trained,456,14002,192,60,56,76,0.3125,0.2916666666666667,2.0,8.2,18.0,2.158333333333333,15,71,-9.10839279777962,0.20577116265604467,0.04993827160493827,0.5397663037393033,0.12980713401379035,0.11571325632858141,0.03484319506517561,0.10294772464664105,0.34285714285714286,0.22641509433962265,0.35294117647058826
tle_oneweb_24,mappo_tle_trained,456,14003,192,60,63,69,0.3125,0.328125,2.0,7.383333333333334,16.099999999999994,2.0444444444444443,12,55,-9.599959294232564,0.21158379392273394,0.04719135802469135,0.5364453471278996,0.09288112562594321,0.10913951559226831,0.033690502029086265,0.10667549197112396,0.2247191011235955,0.38596491228070173,0.391304347826087
tle_oneweb_24,mappo_tle_trained,456,14004,192,58,63,71,0.3020833333333333,0.328125,1.9333333333333333,8.586206896551724,18.599999999999994,2.1666666666666665,16,76,-9.992281519603518,0.2098102865053262,0.049969135802469124,0.5128475305481247,0.1323213203143207,0.10427196570149862,0.03298041476883293,0.10539366415729316,0.3173076923076923,0.1864406779661017,0.4827586206896552
tle_oneweb_24,mappo_tle_trained,456,14005,192,55,62,75,0.2864583333333333,0.3229166666666667,1.8333333333333333,8.618181818181819,17.599999999999994,2.290277777777778,19,69,-10.476661431002638,0.2133618910192598,0.0528395061728395,0.5680504353807575,0.12459080522161019,0.1056000722989887,0.034827969045435246,0.10979134742679635,0.30526315789473685,0.25,0.30303030303030304
tle_oneweb_24,mappo_tle_trained,456,14006,192,55,58,79,0.2864583333333333,0.3020833333333333,1.8333333333333333,8.690909090909091,19.299999999999997,2.151388888888889,14,69,-9.73467292924125,0.20814240306277154,0.04987654320987654,0.5144439425851279,0.12330709423588679,0.10547783786560874,0.03420384250455388,0.10393746919288714,0.34951456310679613,0.19148936170212766,0.23809523809523808
tle_oneweb_24,mappo_tle_trained,456,14007,192,64,57,71,0.3333333333333333,0.296875,2.1333333333333333,7.828125,17.849999999999994,2.0416666666666665,20,79,-8.608764601032242,0.20336106969217918,0.047191358024691356,0.5630232491893358,0.14893244139761166,0.12457927908005305,0.03509515932793434,0.10270244647566627,0.37362637362637363,0.24193548387096775,0.38461538461538464
tle_oneweb_24,mappo_tle_trained,456,14008,192,67,57,68,0.3489583333333333,0.296875,2.2333333333333334,7.791044776119403,17.699999999999996,1.9333333333333333,18,31,-8.31144502950885,0.215322591986694,0.044691358024691354,0.5781143328007785,0.060336113977754846,0.1295781623490602,0.03568165681251302,0.10584099609254409,0.32978723404255317,0.3333333333333333,0.4146341463414634
tle_oneweb_24,mappo_tle_trained,456,14009,192,61,61,70,0.3177083333333333,0.3177083333333333,2.033333333333333,8.344262295081966,19.0,2.2055555555555557,17,70,-9.649174047485959,0.21617715479302813,0.05080246913580246,0.5203905217357494,0.12426365043625105,0.1117695251944478,0.03329965919842935,0.10406865351137798,0.358695652173913,0.23728813559322035,0.34146341463414637
tle_oneweb_24,mappo_tle_trained,456,14010,192,65,55,72,0.3385416666666667,0.2864583333333333,2.1666666666666665,7.846153846153846,16.799999999999997,2.0347222222222223,17,40,-7.104510224428774,0.17068546770911322,0.04706790123456791,0.5631887076298197,0.0717561059511524,0.11998142824381215,0.03369644235601745,0.0972001695415008,0.38235294117647056,0.16071428571428573,0.5
tle_oneweb_24,mappo_tle_trained,456,14011,192,56,61,75,0.2916666666666667,0.3177083333333333,1.8666666666666667,8.660714285714286,20.0,2.1666666666666665,21,46,-10.6400249570829,0.2325418595182848,0.050092592592592584,0.5701269274153717,0.08468127016888628,0.1090830142223331,0.0354214083942176,0.11136325290350059,0.3333333333333333,0.22580645161290322,0.29411764705882354
tle_oneweb_24,mappo_tle_trained,456,14012,192,61,48,83,0.3177083333333333,0.25,2.033333333333333,9.01639344262295,18.0,2.2847222222222223,23,47,-8.624035247576629,0.23392612496406517,0.05296296296296297,0.5533236211820848,0.08393053712713153,0.117547485337733,0.034338892854243165,0.0853569790489295,0.4065934065934066,0.22807017543859648,0.25
tle_oneweb_24,mappo_tle_trained,456,14013,192,61,56,75,0.3177083333333333,0.2916666666666667,2.033333333333333,8.163934426229508,18.0,2.2527777777777778,20,67,-9.883062411814896,0.2363206666336883,0.05200617283950616,0.5712325699366586,0.13253919111504253,0.12219644290464723,0.03544102567798162,0.10436374842334595,0.33707865168539325,0.27692307692307694,0.34210526315789475
tle_oneweb_24,mappo_tle_trained,456,14014,192,53,69,70,0.2760416666666667,0.359375,1.7666666666666666,8.056603773584905,17.0,2.1194444444444445,16,55,-10.833717075671274,0.1989085054072386,0.04888888888888889,0.5470563005871204,0.09671224773391954,0.09749652566216033,0.03352518961096664,0.1203483693808771,0.358695652173913,0.1864406779661017,0.21951219512195122
tle_oneweb_24,mappo_tle_trained,456,14015,192,61,56,75,0.3177083333333333,0.2916666666666667,2.033333333333333,7.475409836065574,14.0,2.1277777777777778,19,59,-8.390835600977796,0.19075081221158155,0.049228395061728394,0.5451764489731644,0.11127702047980685,0.11951902758404305,0.034797647163030486,0.10417311661506708,0.3225806451612903,0.2641509433962264,0.3695652173913043
tle_oneweb_24,mappo_tle_trained,456,14016,192,61,64,67,0.3177083333333333,0.3333333333333333,2.033333333333333,8.672131147540984,20.0,2.1486111111111112,23,90,-9.89656023824962,0.20349097042411388,0.049444444444444444,0.5324994674772067,0.15743662999080957,0.10946694673861855,0.033296788781908566,0.10885287857424081,0.36363636363636365,0.21818181818181817,0.34210526315789475
tle_oneweb_24,mappo_tle_trained,456,14017,192,63,56,73,0.328125,0.2916666666666667,2.1,8.476190476190476,19.799999999999997,2.2083333333333335,18,73,-8.607551359316268,0.19571628326598287,0.05095679012345679,0.5585748064063198,0.13150281750126952,0.11755618621717692,0.033688365117403966,0.10001107753042734,0.4077669902912621,0.17647058823529413,0.3157894736842105
tle_oneweb_24,mappo_tle_trained,456,14018,192,51,67,74,0.265625,0.3489583333333333,1.7,9.235294117647058,19.5,2.325,23,52,-10.663210309333362,0.2041414485773439,0.053580246913580244,0.5355811844082053,0.0875808375727611,0.09229661437882597,0.03271141057686331,0.10934124964041506,0.2967032967032967,0.15254237288135594,0.35714285714285715
tle_oneweb_24,mappo_tle_trained,456,14019,192,52,61,79,0.2708333333333333,0.3177083333333333,1.7333333333333334,9.25,18.449999999999996,2.2194444444444446,14,51,-10.811644835699942,0.22334560711437754,0.05138888888888889,0.5498552593165614,0.09020829703492243,0.09855820249009101,0.03431667952040665,0.10829449732700505,0.3229166666666667,0.1320754716981132,0.32558139534883723
tle_oneweb_24,mappo_tle_trained,456,14020,192,58,66,68,0.3020833333333333,0.34375,1.9333333333333333,8.706896551724139,19.0,2.126388888888889,20,75,-10.373048781790036,0.20528276220728284,0.04898148148148147,0.531558627005787,0.13265862033276893,0.1049975689371974,0.03308497468355376,0.11414969948638677,0.35714285714285715,0.22033898305084745,0.2857142857142857
tle_oneweb_24,mappo_tle_trained,456,14021,192,58,56,78,0.3020833333333333,0.2916666666666667,1.9333333333333333,8.310344827586206,20.0,2.0944444444444446,21,75,-10.022061255065717,0.23455261349942563,0.04858024691358023,0.5116593847996181,0.12707791706008154,0.1064391903184136,0.03338659842485994,0.09680504818713193,0.2761904761904762,0.3333333333333333,0.3333333333333333
tle_oneweb_24,mappo_tle_trained,456,14022,192,53,65,74,0.2760416666666667,0.3385416666666667,1.7666666666666666,8.283018867924529,17.799999999999997,2.126388888888889,18,62,-10.374762231835145,0.19907945466422727,0.04916666666666666,0.5462404860562292,0.11332900916879243,0.09916320908193971,0.03372796983648348,0.11253819523556366,0.29411764705882354,0.14893617021276595,0.37209302325581395
tle_oneweb_24,mappo_tle_trained,456,14023,192,60,59,73,0.3125,0.3072916666666667,2.0,8.266666666666667,19.0,2.1416666666666666,21,83,-9.113326762565327,0.19007584670243974,0.049475308641975295,0.5493200409227738,0.14800190278131456,0.10969881998519769,0.03343062144075825,0.10282182915696846,0.37962962962962965,0.20833333333333334,0.25
tle_oneweb_24,mappo_tle_trained,456,14024,192,55,64,73,0.2864583333333333,0.3333333333333333,1.8333333333333333,8.290909090909091,18.299999999999997,2.1166666666666667,19,70,-10.814948930725437,0.22539155529061305,0.04891975308641976,0.5739394630562017,0.12908619731375148,0.10726709736771654,0.034534318300905,0.11192025853403562,0.28735632183908044,0.25396825396825395,0.3333333333333333
tle_oneweb_24,mappo_tle_trained,456,14025,192,46,65,81,0.23958333333333334,0.3385416666666667,1.5333333333333334,8.0,19.75,2.325,15,58,-11.943286782975456,0.22565488284746266,0.05379629629629629,0.5385678231247564,0.10238525291308304,0.08428651446941257,0.03304572341719649,0.11017613162501437,0.21649484536082475,0.2631578947368421,0.2631578947368421
tle_oneweb_24,mappo_tle_trained,456,14026,192,54,60,78,0.28125,0.3125,1.8,7.648148148148148,18.349999999999994,2.1680555555555556,18,95,-10.915444541687933,0.2213197311407358,0.05021604938271604,0.5301526375031756,0.16506148020079908,0.09769610449177012,0.032947842657242855,0.10421272283501386,0.20430107526881722,0.288135593220339,0.45
tle_oneweb_24,mappo_tle_trained,456,14027,192,66,60,66,0.34375,0.3125,2.2,7.742424242424242,17.5,1.9402777777777778,12,47,-8.894600267851024,0.21684592936496858,0.044783950617283956,0.5534008903483845,0.08425151932117875,0.12578959654037053,0.035264804680060095,0.10983795272494963,0.4174757281553398,0.2631578947368421,0.25
tle_oneweb_24,mappo_tle_trained,456,14028,192,50,63,79,0.2604166666666667,0.328125,1.6666666666666667,9.46,18.549999999999997,2.183333333333333,20,73,-11.253280383976428,0.21842675774276496,0.05058641975308642,0.5202379685682296,0.12678479100305726,0.08974180618143465,0.03275290826961573,0.10752050953289342,0.2857142857142857,0.17543859649122806,0.3333333333333333
tle_oneweb_24,mappo_tle_trained,456,14029,192,62,61,69,0.3229166666666667,0.3177083333333333,2.066666666666667,8.838709677419354,19.0,2.1416666666666666,17,56,-9.406339761435545,0.2138784858707572,0.04935185185185184,0.5388030469725912,0.10454635835440787,0.11770436019662027,0.0344240768539428,0.10868071385099248,0.4166666666666667,0.25,0.25
tle_oneweb_24,mappo_tle_trained,456,14030,192,69,58,65,0.359375,0.3020833333333333,2.3,7.463768115942029,16.399999999999977,1.9833333333333334,17,62,-7.7860821501297535,0.18622144614239616,0.045709876543209876,0.5424224984833973,0.11357667043425557,0.1296666140590289,0.034798307600536496,0.10782126885842057,0.3979591836734694,0.2903225806451613,0.375
tle_oneweb_24,mappo_tle_trained,456,14031,192,60,63,69,0.3125,0.328125,2.0,7.566666666666666,18.0,1.9958333333333333,17,48,-9.477266196052378,0.2031649335369746,0.0461111111111111,0.5527971424532311,0.08927494862092386,0.11474243907680437,0.0352262731453741,0.11434129882272295,0.3541666666666667,0.288135593220339,0.24324324324324326
tle_oneweb_24,mappo_tle_trained,456,14032,192,51,65,76,0.265625,0.3385416666666667,1.7,8.294117647058824,20.5,2.3125,21,77,-10.482783320030636,0.18907231249179146,0.053364197530864195,0.5356540078826562,0.13898110174425962,0.09568510923774082,0.033977279531016355,0.11213665476823373,0.3177570093457944,0.18181818181818182,0.23333333333333334
tle_oneweb_24,mappo_tle_trained,456,14033,192,60,59,73,0.3125,0.3072916666666667,2.0,8.733333333333333,22.049999999999997,2.109722222222222,19,75,-9.280516698714333,0.20085238345704912,0.04876543209876543,0.5457105742383823,0.13713579291365668,0.11285038576834243,0.034544894604419826,0.10486694677871149,0.3185840707964602,0.25,0.3870967741935484
tle_oneweb_24,mappo_tle_trained,456,14034,192,69,57,66,0.359375,0.296875,2.3,8.347826086956522,18.599999999999994,2.058333333333333,16,51,-7.915495493364167,0.20159191606532942,0.04740740740740742,0.5582574084594029,0.09518854325355873,0.13089312805644077,0.03474579502801795,0.10389011745048896,0.42574257425742573,0.31666666666666665,0.22580645161290322
tle_oneweb_24,mappo_tle_trained,456,14035,192,60,58,74,0.3125,0.3020833333333333,2.0,8.433333333333334,22.049999999999997,2.261111111111111,21,67,-8.962539214544163,0.1954107528885596,0.05216049382716049,0.5684816940478429,0.12381263616557732,0.11410891124126418,0.034127462686857554,0.1024032693885635,0.3191489361702128,0.27419354838709675,0.3611111111111111
tle_oneweb_24,mappo_tle_trained,456,14036,192,51,67,74,0.265625,0.3489583333333333,1.7,8.901960784313726,19.0,2.2333333333333334,18,67,-11.487241709745694,0.2123062648486012,0.0515432098765432,0.5362433374953537,0.12019499320195916,0.09440328204647089,0.0339782141720681,0.11855631726374759,0.32673267326732675,0.12727272727272726,0.3055555555555556
tle_oneweb_24,mappo_tle_trained,456,14037,192,52,60,80,0.2708333333333333,0.3125,1.7333333333333334,7.5576923076923075,17.449999999999996,2.136111111111111,18,59,-10.427625520171802,0.20967254066066623,0.0495679012345679,0.5326268593762605,0.10591399026383547,0.0952862004409992,0.03317860274242478,0.10553485615405121,0.24691358024691357,0.19718309859154928,0.45
tle_oneweb_24,mappo_tle_trained,456,14038,192,51,61,80,0.265625,0.3177083333333333,1.7,8.764705882352942,21.5,2.2180555555555554,19,51,-10.812148175692258,0.2221478143057038,0.05138888888888889,0.5478363186755507,0.09030216658699629,0.09610175728983776,0.033880067220183954,0.10655872822281491,0.29545454545454547,0.234375,0.25
tle_oneweb_24,mappo_tle_trained,456,14039,192,64,59,69,0.3333333333333333,0.3072916666666667,2.1333333333333333,9.421875,18.0,2.161111111111111,19,67,-9.444446118237792,0.2247152828038219,0.04978395061728394,0.5291412238730677,0.12164578111946533,0.11643495393495391,0.033419255908017045,0.10127856548909181,0.4117647058823529,0.26229508196721313,0.2826086956521739
tle_oneweb_24,mappo_tle_trained,456,14040,192,62,62,68,0.3229166666666667,0.3229166666666667,2.066666666666667,6.967741935483871,16.949999999999996,2.0194444444444444,16,79,-8.83456319734111,0.19594618761873936,0.04660493827160494,0.5472766974398752,0.1499199039408018,0.12428364362961886,0.03540909131169182,0.11078501463563382,0.34831460674157305,0.3125,0.28205128205128205
tle_oneweb_24,mappo_tle_trained,456,14041,192,57,67,68,0.296875,0.3489583333333333,1.9,8.070175438596491,18.39999999999999,2.1430555555555557,18,52,-10.747984007747169,0.21578108641417276,0.04935185185185184,0.5741304892102518,0.0974709724400127,0.10677561316106204,0.034626791269314706,0.11809243474104156,0.3723404255319149,0.27586206896551724,0.15
tle_oneweb_24,mappo_tle_trained,456,14042,192,60,55,77,0.3125,0.2864583333333333,2.0,8.083333333333334,22.0,2.1333333333333333,16,78,-8.63251620004492,0.1957905998251292,0.04941358024691357,0.5302487417503181,0.14247397654518396,0.11346833650239223,0.03394714158094892,0.09722568267072909,0.36082474226804123,0.22448979591836735,0.30434782608695654
tle_oneweb_24,mappo_tle_trained,456,14043,192,54,57,81,0.28125,0.296875,1.8,8.61111111111111,15.0,2.1638888888888888,20,60,-9.739741232381743,0.1972092372739301,0.05021604938271605,0.5563334495152489,0.11076015201402196,0.09995521892967713,0.03435909763345002,0.10298255852048421,0.34951456310679613,0.12,0.3076923076923077
tle_oneweb_24,mappo_tle_trained,456,14044,192,57,65,70,0.296875,0.3385416666666667,1.9,7.912280701754386,20.199999999999996,2.1041666666666665,17,54,-9.809462987862808,0.18934174278600652,0.048549382716049375,0.5528369378527584,0.10160943617212967,0.10809693760545153,0.03523254612046724,0.11793294510786771,0.3372093023255814,0.2711864406779661,0.2553191489361702
tle_oneweb_24,mappo_tle_trained,456,14045,192,48,55,89,0.25,0.2864583333333333,1.6,10.5,20.949999999999996,2.422222222222222,19,70,-11.007428197127467,0.22352154931458196,0.056203703703703714,0.5124310687240595,0.1292316575753108,0.09124676478778646,0.03414871690461963,0.10020949022884008,0.3434343434343434,0.16071428571428573,0.13513513513513514
tle_oneweb_24,mappo_tle_trained,456,14046,192,55,59,78,0.2864583333333333,0.3072916666666667,1.8333333333333333,8.454545454545455,19.299999999999997,2.223611111111111,21,87,-10.19303114635405,0.2104197455433172,0.051450617283950624,0.5361562376004391,0.1525399059145189,0.10088997933038181,0.033249998958416786,0.10125940966498241,0.2708333333333333,0.2545454545454545,0.36585365853658536
tle_oneweb_24,mappo_tle_trained,456,14047,192,56,55,81,0.2916666666666667,0.2864583333333333,1.8666666666666667,8.232142857142858,18.25,2.136111111111111,18,78,-10.192521844126565,0.21707003404333505,0.04959876543209876,0.5364702279925722,0.14191118020839386,0.10163455467248038,0.03384428113724959,0.1004285520694189,0.2696629213483146,0.24615384615384617,0.42105263157894735
tle_oneweb_24,mappo_tle_trained,456,14048,192,54,60,78,0.28125,0.3125,1.8,7.777777777777778,19.349999999999994,2.154166666666667,22,62,-10.088816451340211,0.1981156512707879,0.04990740740740741,0.5616892917361639,0.11394378984162265,0.10275415316823987,0.03520100638416545,0.1106414115353744,0.24271844660194175,0.27906976744186046,0.3695652173913043
tle_oneweb_24,mappo_tle_trained,456,14049,192,64,65,63,0.3333333333333333,0.3385416666666667,2.1333333333333333,8.421875,15.849999999999994,2.073611111111111,19,55,-9.620517115533486,0.20638008222425164,0.04765432098765433,0.5859937364721042,0.10648376921209739,0.12520930780605705,0.03606814437490096,0.12154801926086756,0.46511627906976744,0.20634920634920634,0.2558139534883721
tle_oneweb_24,mappo_tle_trained,456,14050,192,55,69,68,0.2864583333333333,0.359375,1.8333333333333333,8.054545454545455,16.0,2.0902777777777777,16,52,-10.867272241898513,0.207372699205385,0.048179012345679,0.5422194983230693,0.0936646968729012,0.10339066620800368,0.034306626353788124,0.12336113977754845,0.35365853658536583,0.18333333333333332,0.3
tle_oneweb_24,mappo_tle_trained,789,14001,192,57,61,74,0.296875,0.3177083333333333,1.9,8.912280701754385,20.0,2.102777777777778,15,65,-10.363952089832582,0.21941203554962999,0.04864197530864197,0.5292521107484456,0.11231806872253096,0.10266320413631626,0.03397059782011561,0.10683998876790637,0.3068181818181818,0.288135593220339,0.28888888888888886
tle_oneweb_24,mappo_tle_trained,789,14002,192,62,53,77,0.3229166666666667,0.2760416666666667,2.066666666666667,7.596774193548387,16.949999999999996,2.058333333333333,16,80,-8.04684696888921,0.1954946649577969,0.047746913580246915,0.524117712906208,0.1422182233830841,0.11945409566926593,0.034215019739625534,0.09458365493582213,0.3619047619047619,0.24528301886792453,0.3235294117647059
tle_oneweb_24,mappo_tle_trained,789,14003,192,67,58,67,0.3489583333333333,0.3020833333333333,2.2333333333333334,7.597014925373134,15.0,1.9347222222222222,16,55,-8.500816132962074,0.20868997552925891,0.04469135802469136,0.5358663819810071,0.09503944483972077,0.12217154419318235,0.0344154642683817,0.1036122453049361,0.25842696629213485,0.40350877192982454,0.45652173913043476
tle_oneweb_24,mappo_tle_trained,789,14004,192,57,60,75,0.296875,0.3125,1.9,8.24561403508772,20.199999999999996,2.1375,13,62,-9.35711904953051,0.19217947359282198,0.04944444444444443,0.537811432298499,0.11243846452824784,0.10418732239552674,0.033746128720936075,0.10445006747638326,0.3269230769230769,0.1864406779661017,0.41379310344827586
tle_oneweb_24,mappo_tle_trained,789,14005,192,56,64,72,0.2916666666666667,0.3333333333333333,1.8666666666666667,8.392857142857142,16.25,1.9958333333333333,20,58,-10.808166938290878,0.21439367591728303,0.04620370370370371,0.5643973148279013,0.10424445695343527,0.105471346965155,0.035363441177725836,0.11951665966758844,0.29473684210526313,0.28125,0.30303030303030304
tle_oneweb_24,mappo_tle_trained,789,14006,192,58,54,80,0.3020833333333333,0.28125,1.9333333333333333,8.120689655172415,17.299999999999997,2.123611111111111,16,52,-8.484214338745664,0.1916147609665675,0.04929012345679012,0.5404220933290048,0.09242747391354199,0.1100588575511176,0.03390411250867035,0.09797994231430764,0.34951456310679613,0.2127659574468085,0.2857142857142857
tle_oneweb_24,mappo_tle_trained,789,14007,192,61,52,79,0.3177083333333333,0.2708333333333333,2.033333333333333,8.098360655737705,20.0,2.091666666666667,21,56,-8.11379064969211,0.19865239750151825,0.04854938271604938,0.5650242429792044,0.10596634245241053,0.12071206800308963,0.035498627077402825,0.09657318257937454,0.37362637362637363,0.22580645161290322,0.3333333333333333
tle_oneweb_24,mappo_tle_trained,789,14008,192,66,59,67,0.34375,0.3072916666666667,2.2,7.212121212121212,15.5,1.7972222222222223,17,32,-8.284549721405973,0.1981646961932754,0.041635802469135806,0.5740325020070081,0.06037639032221076,0.1301157249183565,0.0368043998439665,0.11587540039939422,0.3829787234042553,0.3333333333333333,0.2682926829268293
tle_oneweb_24,mappo_tle_trained,789,14009,192,64,66,62,0.3333333333333333,0.34375,2.1333333333333333,7.640625,16.849999999999994,1.9458333333333333,14,62,-9.658629584223071,0.2087463949926802,0.04478395061728395,0.5233698088680188,0.10974839058430388,0.11684923092043835,0.03437387432477993,0.11667758969616557,0.30434782608695654,0.3050847457627119,0.43902439024390244
tle_oneweb_24,mappo_tle_trained,789,14010,192,67,57,68,0.3489583333333333,0.296875,2.2333333333333334,7.388059701492537,16.39999999999999,1.9277777777777778,17,31,-7.082361261193554,0.18162697990750812,0.0445679012345679,0.5388471152478219,0.0551469918110785,0.12398291108043427,0.03379959959653088,0.09923458006275343,0.38235294117647056,0.21428571428571427,0.47058823529411764
tle_oneweb_24,mappo_tle_trained,789,14011,192,57,59,76,0.296875,0.3072916666666667,1.9,7.631578947368421,17.199999999999996,1.9513888888888888,19,59,-10.291677409175652,0.22006112427252414,0.04533950617283951,0.5865365383447348,0.11588149767329334,0.11242083180550672,0.03615101723855496,0.11305989647320916,0.3229166666666667,0.27419354838709675,0.2647058823529412
tle_oneweb_24,mappo_tle_trained,789,14012,192,61,49,82,0.3177083333333333,0.2552083333333333,2.033333333333333,8.360655737704919,19.0,2.0819444444444444,20,65,-8.082636349095846,0.20059156493672334,0.04842592592592592,0.5575089599440183,0.11640595988119208,0.11641871415478226,0.03473804453397986,0.09021022092229522,0.38461538461538464,0.22807017543859648,0.29545454545454547
tle_oneweb_24,mappo_tle_trained,789,14013,192,63,54,75,0.328125,0.28125,2.1,7.698412698412699,17.0,2.061111111111111,20,61,-8.830375828127707,0.21444194504419303,0.047746913580246915,0.5731443171525165,0.11828537217856103,0.1226624221438463,0.03568590860554595,0.10124556615268693,0.3595505617977528,0.26153846153846155,0.3684210526315789
tle_oneweb_24,mappo_tle_trained,789,14014,192,57,66,69,0.296875,0.34375,1.9,8.228070175438596,19.199999999999996,2.0625,19,56,-10.336295691513625,0.19980329362807128,0.0475925925925926,0.5506950666824348,0.10103321429172822,0.10654822502345722,0.03449448224632648,0.12051833715533403,0.3804347826086957,0.13559322033898305,0.34146341463414637
tle_oneweb_24,mappo_tle_trained,789,14015,192,62,56,74,0.3229166666666667,0.2916666666666667,2.066666666666667,8.451612903225806,20.849999999999987,2.1319444444444446,21,46,-8.055483900446355,0.18914922682962473,0.04929012345679011,0.5408007362815254,0.08569990037482295,0.11745417608420704,0.034117083857984426,0.10010569724966009,0.34408602150537637,0.2641509433962264,0.34782608695652173
tle_oneweb_24,mappo_tle_trained,789,14016,192,63,61,68,0.328125,0.3177083333333333,2.1,8.492063492063492,17.9,2.058333333333333,23,76,-9.905668953938937,0.22542372381380024,0.047469135802469135,0.5477691516648648,0.13223426922309678,0.11597377829441363,0.03404522690014752,0.10705459878161452,0.37373737373737376,0.23636363636363636,0.34210526315789475
tle_oneweb_24,mappo_tle_trained,789,14017,192,66,55,71,0.34375,0.2864583333333333,2.2,7.590909090909091,16.5,1.9541666666666666,16,50,-7.2077471375648585,0.17662276636726537,0.045246913580246906,0.5773138705276576,0.09360537782364409,0.1257085114747653,0.03447679324642043,0.09947741084737986,0.4077669902912621,0.21568627450980393,0.34210526315789475
tle_oneweb_24,mappo_tle_trained,789,14018,192,57,61,74,0.296875,0.3177083333333333,1.9,8.052631578947368,20.39999999999999,2.0972222222222223,18,57,-10.300946887874298,0.22319142301060452,0.048518518518518516,0.5470634498445491,0.10007267128010161,0.1055814968198869,0.03347125348652683,0.10722682374385162,0.2857142857142857,0.2542372881355932,0.38095238095238093
tle_oneweb_24,mappo_tle_trained,789,14019,192,49,62,81,0.2552083333333333,0.3229166666666667,1.6333333333333333,8.938775510204081,17.0,2.263888888888889,18,46,-11.320762634550292,0.22106231938603826,0.05243827160493828,0.5785239220387138,0.08703898927583137,0.09679667597624256,0.03541486654566508,0.11456874652695087,0.2916666666666667,0.1509433962264151,0.3023255813953488
tle_oneweb_24,mappo_tle_trained,789,14020,192,56,66,70,0.2916666666666667,0.34375,1.8666666666666667,8.517857142857142,20.25,2.0347222222222223,23,85,-10.682546901147035,0.20692663706168674,0.04700617283950617,0.5236130172682075,0.14848804865311124,0.10134867745262817,0.03346657884061564,0.11442255346768065,0.32653061224489793,0.13559322033898305,0.45714285714285713
tle_oneweb_24,mappo_tle_trained,789,14021,192,58,57,77,0.3020833333333333,0.296875,1.9333333333333333,7.827586206896552,17.299999999999997,1.9958333333333333,19,60,-9.603990648005063,0.22165452535285068,0.04635802469135803,0.5227344086756953,0.10118508727254857,0.10491876787929418,0.033187619823611875,0.09770019597418976,0.2857142857142857,0.3333333333333333,0.3055555555555556
tle_oneweb_24,mappo_tle_trained,789,14022,192,49,69,74,0.2552083333333333,0.359375,1.6333333333333333,7.6938775510204085,16.0,1.9930555555555556,16,66,-10.781676272575663,0.18462218917434534,0.046203703703703705,0.549126136314446,0.11919857762350022,0.0933376324397996,0.03418752523204233,0.1211541200743987,0.24509803921568626,0.14893617021276595,0.3953488372093023
tle_oneweb_24,mappo_tle_trained,789,14023,192,62,56,74,0.3229166666666667,0.2916666666666667,2.066666666666667,7.82258064516129,17.949999999999996,2.095833333333333,21,85,-8.585227114521418,0.19553903700952624,0.04848765432098765,0.5400894673401953,0.14865346484154532,0.11539233556261418,0.03372224717896865,0.09775894169470022,0.37962962962962965,0.25,0.25
tle_oneweb_24,mappo_tle_trained,789,14024,192,56,63,73,0.2916666666666667,0.328125,1.8666666666666667,8.196428571428571,19.5,1.9930555555555556,20,70,-10.454075990874646,0.21138619039327755,0.04617283950617283,0.5515403739495534,0.12731362906672505,0.1038277977325965,0.03405873336244423,0.11188884830912695,0.3218390804597701,0.23809523809523808,0.30952380952380953
tle_oneweb_24,mappo_tle_trained,789,14025,192,48,65,79,0.25,0.3385416666666667,1.6,8.0,18.0,2.201388888888889,16,58,-11.637532202286598,0.21973784699947588,0.050987654320987646,0.5401497720952828,0.10337207826523348,0.08896673477656784,0.03392390381819566,0.11362072796434758,0.25773195876288657,0.24561403508771928,0.23684210526315788
tle_oneweb_24,mappo_tle_trained,789,14026,192,56,59,77,0.2916666666666667,0.3072916666666667,1.8666666666666667,7.928571428571429,19.75,2.1083333333333334,22,81,-10.025077986758681,0.21727286208293622,0.04885802469135802,0.5104879856724955,0.13639647464977253,0.09941116850424966,0.031970636609438226,0.09755358211980905,0.27956989247311825,0.2711864406779661,0.35
tle_oneweb_24,mappo_tle_trained,789,14027,192,67,60,65,0.3489583333333333,0.3125,2.2333333333333334,7.358208955223881,15.699999999999996,1.7902777777777779,14,50,-8.172021708287028,0.1843423612525055,0.04141975308641976,0.5691652891198813,0.09132327253070287,0.12519173192934804,0.03578092442736462,0.1132733739428786,0.3883495145631068,0.21052631578947367,0.46875
tle_oneweb_24,mappo_tle_trained,789,14028,192,52,57,83,0.2708333333333333,0.296875,1.7333333333333334,9.0,18.0,2.2,19,59,-10.015103920855983,0.2037795884756303,0.05108024691358025,0.5533039089682571,0.10420015986192457,0.09477602205156384,0.033341219246294566,0.09962025533232964,0.3238095238095238,0.15789473684210525,0.3
tle_oneweb_24,mappo_tle_trained,789,14029,192,59,60,73,0.3072916666666667,0.3125,1.9666666666666666,8.372881355932204,20.0,2.077777777777778,18,49,-9.6928353979573,0.21487937474574967,0.04805555555555556,0.5465488006582017,0.0911915409438629,0.11261359312055905,0.03458623647704337,0.10932303420693514,0.39285714285714285,0.25,0.22727272727272727
tle_oneweb_24,mappo_tle_trained,789,14030,192,70,60,62,0.3645833333333333,0.3125,2.3333333333333335,7.385714285714286,14.0,1.875,15,56,-7.956550403466512,0.18990729479510873,0.043209876543209874,0.5509087958798374,0.10419048501091846,0.13218416673912028,0.03535093479267499,0.11282370708067302,0.3877551020408163,0.3064516129032258,0.40625
tle_oneweb_24,mappo_tle_trained,789,14031,192,62,58,72,0.3229166666666667,0.3020833333333333,2.066666666666667,7.741935483870968,18.89999999999999,2.033333333333333,18,47,-8.566452648903708,0.19744373879577562,0.04703703703703702,0.5670944981959487,0.0919547029338051,0.12448799136879633,0.03627637034308809,0.11036150425082313,0.3541666666666667,0.288135593220339,0.2972972972972973
tle_oneweb_24,mappo_tle_trained,789,14032,192,54,59,79,0.28125,0.3072916666666667,1.8,8.648148148148149,21.0,2.359722222222222,26,50,-9.780803928262953,0.19668372526058048,0.05450617283950617,0.5569175955038259,0.09433745162073334,0.10346501652229206,0.03463379605741016,0.10732276882044685,0.32710280373831774,0.18181818181818182,0.3
tle_oneweb_24,mappo_tle_trained,789,14033,192,62,58,72,0.3229166666666667,0.3020833333333333,2.066666666666667,8.64516129032258,18.949999999999996,2.1194444444444445,16,62,-8.88530277787748,0.19876002589709635,0.04895061728395063,0.5507471394957366,0.11265285620986254,0.11344101627198276,0.03398328705070709,0.10206732909283724,0.3274336283185841,0.3125,0.3225806451612903
tle_oneweb_24,mappo_tle_trained,789,14034,192,70,60,62,0.3645833333333333,0.3125,2.3333333333333335,8.32857142857143,19.549999999999997,2.05,15,65,-8.475136110529633,0.2056827303420824,0.04709876543209877,0.5391033176753953,0.11707575118952826,0.12496341034266731,0.03309681610934759,0.10421722569942383,0.4158415841584158,0.31666666666666665,0.2903225806451613
tle_oneweb_24,mappo_tle_trained,789,14035,192,61,59,72,0.3177083333333333,0.3072916666666667,2.033333333333333,8.147540983606557,23.0,2.111111111111111,20,75,-9.081499882838761,0.19110945001142893,0.048765432098765424,0.5498789241209074,0.1370789309875997,0.11163829806244666,0.03370601640653251,0.1050485914727401,0.3404255319148936,0.24193548387096775,0.3888888888888889
tle_oneweb_24,mappo_tle_trained,789,14036,192,51,63,78,0.265625,0.328125,1.7,8.627450980392156,20.5,2.0833333333333335,21,58,-10.682107506344117,0.20305440803120753,0.04833333333333334,0.5480129430193422,0.10496058364866415,0.0967856323816076,0.03471526108217306,0.11432775156846363,0.33663366336633666,0.10909090909090909,0.3055555555555556
tle_oneweb_24,mappo_tle_trained,789,14037,192,55,63,74,0.2864583333333333,0.328125,1.8333333333333333,7.4363636363636365,16.19999999999999,2.0180555555555557,17,36,-9.770020393860678,0.19788841221476466,0.04675925925925926,0.5323547086574572,0.06369087324734113,0.1021850472020414,0.03410202566060016,0.1126788865813297,0.24691358024691357,0.23943661971830985,0.45
tle_oneweb_24,mappo_tle_trained,789,14038,192,51,58,83,0.265625,0.3020833333333333,1.7,8.549019607843137,18.5,2.2416666666666667,17,75,-9.982640681128348,0.19909160337090642,0.05200617283950617,0.5419207709283778,0.13482267760905534,0.09730985961636114,0.033743839024230164,0.10107343522204201,0.32954545454545453,0.203125,0.225
tle_oneweb_24,mappo_tle_trained,789,14039,192,64,59,69,0.3333333333333333,0.3072916666666667,2.1333333333333333,8.765625,17.849999999999994,2.0208333333333335,13,47,-9.397654846290608,0.22707132066097022,0.04666666666666666,0.5387606046119603,0.0839226333808377,0.1170738938850394,0.03377890336165172,0.1044799089226334,0.32941176470588235,0.26229508196721313,0.43478260869565216
tle_oneweb_24,mappo_tle_trained,789,14040,192,60,63,69,0.3125,0.328125,2.0,7.183333333333334,18.049999999999997,1.9680555555555554,16,61,-9.246593946416592,0.19418896589947757,0.045493827160493834,0.5776085386225756,0.12320607869369478,0.12290095754492039,0.0364595465268889,0.11869483071108458,0.33707865168539325,0.265625,0.3333333333333333
tle_oneweb_24,mappo_tle_trained,789,14041,192,63,70,59,0.328125,0.3645833333333333,2.1,7.888888888888889,18.699999999999996,1.9722222222222223,17,57,-9.670428576297402,0.19156225449916028,0.04527777777777778,0.538559515814337,0.10061479456216296,0.11367236607561684,0.03426944837377488,0.12225100965426042,0.425531914893617,0.22413793103448276,0.25
tle_oneweb_24,mappo_tle_trained,789,14042,192,62,55,75,0.3229166666666667,0.2864583333333333,2.066666666666667,7.725806451612903,18.0,2.0125,19,69,-8.777314725968283,0.2021109585816581,0.04666666666666667,0.5435791089582855,0.12343079922027288,0.11527509541828426,0.03380733875222908,0.1006291259193736,0.36082474226804123,0.22448979591836735,0.34782608695652173
tle_oneweb_24,mappo_tle_trained,789,14043,192,56,60,76,0.2916666666666667,0.3125,1.8666666666666667,8.392857142857142,18.0,1.975,19,47,-9.732603465935117,0.19894369756161717,0.0458641975308642,0.5651604819708315,0.08578726227333039,0.10539041640047828,0.03480234248475041,0.11120607892279716,0.3786407766990291,0.12,0.28205128205128205
tle_oneweb_24,mappo_tle_trained,789,14044,192,64,55,73,0.3333333333333333,0.2864583333333333,2.1333333333333333,8.1875,18.849999999999994,1.9777777777777779,21,62,-8.36717482337059,0.20653379673885033,0.04583333333333332,0.5658131675253658,0.11602661771779418,0.1282878151260504,0.036350324897944354,0.10442966075319014,0.38372093023255816,0.3050847457627119,0.2765957446808511
tle_oneweb_24,mappo_tle_trained,789,14045,192,50,58,84,0.2604166666666667,0.3020833333333333,1.6666666666666667,9.56,19.549999999999997,2.265277777777778,22,54,-10.684851431291289,0.21680329090295075,0.05256172839506173,0.5413709279903298,0.09879306108408276,0.0955292438612872,0.03422345193260547,0.10552473913542024,0.31313131313131315,0.16071428571428573,0.2702702702702703
tle_oneweb_24,mappo_tle_trained,789,14046,192,53,62,77,0.2760416666666667,0.3229166666666667,1.7666666666666666,8.660377358490566,21.0,2.0875,18,89,-10.756523392952712,0.2072126334991117,0.048395061728395056,0.5394739232670666,0.15633041121818214,0.09549378682892613,0.03350392960572521,0.10752290150509963,0.3125,0.2,0.2926829268292683
tle_oneweb_24,mappo_tle_trained,789,14047,192,60,52,80,0.3125,0.2708333333333333,2.0,7.766666666666667,17.099999999999994,2.077777777777778,20,71,-8.946286486630877,0.20284239413506072,0.04827160493827159,0.536394528035773,0.13018510514253548,0.11071129807584913,0.03456798950342002,0.09751959741897821,0.2808988764044944,0.2923076923076923,0.42105263157894735
tle_oneweb_24,mappo_tle_trained,789,14048,192,58,64,70,0.3020833333333333,0.3333333333333333,1.9333333333333333,7.293103448275862,16.0,2.0347222222222223,19,53,-9.288083433749426,0.17873249015325146,0.04700617283950617,0.5474960258007499,0.0990350467672449,0.11158158877586119,0.03524784143015309,0.11917356708765377,0.27184466019417475,0.23255813953488372,0.43478260869565216
tle_oneweb_24,mappo_tle_trained,789,14049,192,58,64,70,0.3020833333333333,0.3333333333333333,1.9333333333333333,7.603448275862069,15.149999999999999,2.0708333333333333,16,76,-9.717924593914223,0.18453527489443858,0.04780864197530864,0.560753582850032,0.14217795305256603,0.11065226067935047,0.035010764575155916,0.11722056366406212,0.4186046511627907,0.19047619047619047,0.23255813953488372
tle_oneweb_24,mappo_tle_trained,789,14050,192,60,65,67,0.3125,0.3385416666666667,2.0,7.75,17.049999999999997,1.9708333333333334,17,39,-9.548295172011157,0.20272876885071817,0.045493827160493834,0.5764267501967617,0.07021708683473389,0.11305481526843755,0.03440129631608776,0.11506804183661766,0.36585365853658536,0.2,0.36
tle_oneweb_24,mappo_tle_trained,1024,14001,192,55,58,79,0.2864583333333333,0.3020833333333333,1.8333333333333333,8.836363636363636,19.299999999999997,2.2680555555555557,17,59,-10.136852354389042,0.2180068393025065,0.05246913580246915,0.5502880320754121,0.10381770076042521,0.10506888378792403,0.03490128939805247,0.10438411290578473,0.3068181818181818,0.2542372881355932,0.28888888888888886
tle_oneweb_24,mappo_tle_trained,1024,14002,192,56,52,84,0.2916666666666667,0.2708333333333333,1.8666666666666667,7.732142857142857,17.0,2.172222222222222,19,80,-8.891644491225108,0.19608238324650207,0.05049382716049382,0.5518194462055724,0.14561277817469767,0.11068024897359265,0.034797662438602835,0.09674346809021732,0.3238095238095238,0.24528301886792453,0.2647058823529412
tle_oneweb_24,mappo_tle_trained,1024,14003,192,69,49,74,0.359375,0.2552083333333333,2.3,7.6521739130434785,16.0,2.0347222222222223,15,75,-7.487036366506587,0.2077169170039644,0.04712962962962963,0.5393217058232572,0.1354456937410565,0.1278980966661004,0.034399434038570736,0.08774109938684578,0.29213483146067415,0.43859649122807015,0.391304347826087
tle_oneweb_24,mappo_tle_trained,1024,14004,192,59,54,79,0.3072916666666667,0.28125,1.9666666666666666,9.0,20.19999999999999,2.2416666666666667,20,65,-8.80268385437809,0.1968419509130391,0.05188271604938271,0.551378044222795,0.11701942765410257,0.1092482431569119,0.033867580386496746,0.09582135485773255,0.38461538461538464,0.13559322033898305,0.3793103448275862
tle_oneweb_24,mappo_tle_trained,1024,14005,192,54,60,78,0.28125,0.3125,1.8,8.277777777777779,17.0,2.1375,19,72,-10.80530017587754,0.21569598860511213,0.049537037037037025,0.5777856785615592,0.12788083361999772,0.10214100642506214,0.035214964067134674,0.11112841807888248,0.30526315789473685,0.25,0.2727272727272727
tle_oneweb_24,mappo_tle_trained,1024,14006,192,58,57,77,0.3020833333333333,0.296875,1.9333333333333333,8.60344827586207,18.15,2.2263888888888888,15,48,-8.814674701557431,0.18888157853577883,0.051481481481481475,0.5464794614777302,0.08616025357511425,0.11066543936512978,0.03441704486141844,0.10488245185613605,0.36893203883495146,0.19148936170212766,0.2619047619047619
tle_oneweb_24,mappo_tle_trained,1024,14007,192,62,52,78,0.3229166666666667,0.2708333333333333,2.066666666666667,7.725806451612903,16.0,2.051388888888889,22,83,-8.228076567097117,0.19286900816090996,0.04762345679012345,0.5746829549519207,0.16676078393570654,0.12444133681362783,0.03614898681924612,0.09887438398661309,0.3956043956043956,0.20967741935483872,0.3333333333333333
tle_oneweb_24,mappo_tle_trained,1024,14008,192,67,59,66,0.3489583333333333,0.3072916666666667,2.2333333333333334,6.970149253731344,14.0,1.7722222222222221,13,56,-8.010000794471797,0.19104239881075236,0.04104938271604939,0.5869007552071407,0.10589955280357755,0.1339152509856844,0.03657051120405222,0.11371079313416772,0.39361702127659576,0.3333333333333333,0.2682926829268293
tle_oneweb_24,mappo_tle_trained,1024,14009,192,58,62,72,0.3020833333333333,0.3229166666666667,1.9333333333333333,8.155172413793103,18.0,2.1569444444444446,19,61,-9.896834443578998,0.20299303241802072,0.04978395061728394,0.548430216115139,0.10983973413926972,0.10825576455994414,0.034250531625314835,0.11167489802938718,0.29347826086956524,0.22033898305084745,0.43902439024390244
tle_oneweb_24,mappo_tle_trained,1024,14010,192,66,52,74,0.34375,0.2708333333333333,2.2,7.878787878787879,18.0,2.0347222222222223,21,68,-7.619704247707922,0.19604034220224759,0.04712962962962963,0.5406235654336771,0.12637471947843465,0.12705325405015808,0.035043363856909295,0.09575548347994169,0.38235294117647056,0.17857142857142858,0.5
tle_oneweb_24,mappo_tle_trained,1024,14011,192,55,58,79,0.2864583333333333,0.3020833333333333,1.8333333333333333,8.527272727272727,17.499999999999986,2.2,22,64,-10.000927500209691,0.2055366578287053,0.05095679012345678,0.5840771593729186,0.11899493423100234,0.10908416087982653,0.035843307617422514,0.10971972414696873,0.3541666666666667,0.1935483870967742,0.2647058823529412
tle_oneweb_24,mappo_tle_trained,1024,14012,192,57,51,84,0.296875,0.265625,1.9,9.210526315789474,19.199999999999996,2.2888888888888888,18,73,-9.557271972278848,0.2232672663025947,0.053086419753086415,0.5622815648850279,0.1368087088636624,0.10829879027634445,0.034564774342516966,0.09119526758071649,0.38461538461538464,0.21052631578947367,0.22727272727272727
tle_oneweb_24,mappo_tle_trained,1024,14013,192,57,54,81,0.296875,0.28125,1.9,8.280701754385966,19.0,2.245833333333333,20,73,-10.058028115089103,0.22759717552349568,0.052037037037037034,0.5736849165339704,0.14109814663607237,0.11324086359690073,0.03549471975831563,0.1016924664602683,0.3146067415730337,0.26153846153846155,0.3157894736842105
tle_oneweb_24,mappo_tle_trained,1024,14014,192,52,64,76,0.2708333333333333,0.3333333333333333,1.7333333333333334,7.846153846153846,15.899999999999991,2.113888888888889,17,86,-10.747080745905002,0.19141849254636473,0.04895061728395061,0.5566539559760029,0.1514447996104343,0.09713930920587267,0.033916275539690795,0.11629483691403196,0.358695652173913,0.15254237288135594,0.24390243902439024
tle_oneweb_24,mappo_tle_trained,1024,14015,192,60,54,78,0.3125,0.28125,2.0,8.3,19.0,2.154166666666667,21,72,-9.0106980843599,0.20610396442600118,0.0499074074074074,0.5665492557704852,0.13554759510641862,0.11602513385021122,0.03487435229629121,0.09956255016626533,0.3225806451612903,0.2641509433962264,0.34782608695652173
tle_oneweb_24,mappo_tle_trained,1024,14016,192,61,61,70,0.3177083333333333,0.3177083333333333,2.033333333333333,9.049180327868852,20.0,2.1555555555555554,21,90,-9.875103168395306,0.21142097503527899,0.04969135802469136,0.5385938987426825,0.1587133925872316,0.11167801181733068,0.0334389873647708,0.10620305033230727,0.37373737373737376,0.21818181818181817,0.3157894736842105
tle_oneweb_24,mappo_tle_trained,1024,14017,192,66,56,70,0.34375,0.2916666666666667,2.2,8.621212121212121,18.75,2.1166666666666667,20,71,-7.802486643203767,0.1866088311201995,0.04882716049382716,0.5582000680364518,0.12444542729372451,0.12296808196962994,0.03341834458451132,0.09814878290497484,0.4368932038834951,0.1568627450980392,0.34210526315789475
tle_oneweb_24,mappo_tle_trained,1024,14018,192,53,61,78,0.2760416666666667,0.3177083333333333,1.7666666666666666,9.584905660377359,23.4,2.276388888888889,23,59,-10.457276228962128,0.21743314113996653,0.052623456790123466,0.5304164888719873,0.10043099243950637,0.097583194096352,0.03333758326485793,0.10387437510889524,0.2967032967032967,0.1864406779661017,0.35714285714285715
tle_oneweb_24,mappo_tle_trained,1024,14019,192,50,62,80,0.2604166666666667,0.3229166666666667,1.6666666666666667,8.58,18.19999999999999,2.1527777777777777,18,61,-10.89899927166471,0.21363222073399837,0.049938271604938266,0.5585596581714565,0.11082150706763709,0.09652576282220245,0.03472312380555719,0.11063804186869204,0.3125,0.1320754716981132,0.3023255813953488
tle_oneweb_24,mappo_tle_trained,1024,14020,192,53,63,76,0.2760416666666667,0.328125,1.7666666666666666,8.39622641509434,18.4,2.0652777777777778,21,85,-10.76962499125945,0.2037211782658994,0.04787037037037038,0.5528808228276471,0.15245919686322165,0.09961319482604311,0.03425906903317647,0.11349529311990612,0.30612244897959184,0.15254237288135594,0.4
tle_oneweb_24,mappo_tle_trained,1024,14021,192,53,60,79,0.2760416666666667,0.3125,1.7666666666666666,7.547169811320755,15.0,2.077777777777778,19,59,-10.65752224436778,0.22721871617064554,0.04824074074074074,0.5352299439692254,0.1027955137397862,0.09810006356445986,0.03370745163165144,0.10409335876828135,0.2571428571428571,0.35294117647058826,0.2222222222222222
tle_oneweb_24,mappo_tle_trained,1024,14022,192,53,64,75,0.2760416666666667,0.3333333333333333,1.7666666666666666,8.283018867924529,18.999999999999993,2.173611111111111,19,75,-10.100720833824191,0.18812217092519307,0.05024691358024692,0.5535509930250744,0.13843486278083802,0.1022184612200092,0.03438006429566362,0.11316391841159644,0.30392156862745096,0.14893617021276595,0.3488372093023256
tle_oneweb_24,mappo_tle_trained,1024,14023,192,58,58,76,0.3020833333333333,0.3020833333333333,1.9333333333333333,7.862068965517241,19.15,2.125,20,83,-9.258600012064804,0.19719373915440538,0.049197530864197515,0.5458101900016943,0.1490810154471145,0.111265971300801,0.03432681706799862,0.10338513768080332,0.3611111111111111,0.22916666666666666,0.2222222222222222
tle_oneweb_24,mappo_tle_trained,1024,14024,192,53,63,76,0.2760416666666667,0.328125,1.7666666666666666,8.60377358490566,20.799999999999997,2.15,21,75,-10.369287392138318,0.19864387588031762,0.04975308641975308,0.570991427998312,0.14570384294068503,0.1056990310744181,0.035541225541285505,0.11440029813094826,0.3103448275862069,0.2222222222222222,0.2857142857142857
tle_oneweb_24,mappo_tle_trained,1024,14025,192,47,63,82,0.24479166666666666,0.328125,1.5666666666666667,9.404255319148936,21.699999999999996,2.2666666666666666,16,68,-11.704139598550947,0.22410502204151977,0.05253086419753087,0.5406114905659247,0.11822448979182723,0.08583683802724051,0.0327291633244747,0.10735149296294806,0.28865979381443296,0.19298245614035087,0.21052631578947367
tle_oneweb_24,mappo_tle_trained,1024,14026,192,52,64,76,0.2708333333333333,0.3333333333333333,1.7333333333333334,7.269230769230769,18.0,2.061111111111111,19,105,-10.744640975537456,0.19778429487823765,0.04777777777777779,0.5378229164821859,0.18190013804564886,0.0963204385340608,0.033377777390600216,0.1106444810779176,0.23655913978494625,0.2711864406779661,0.35
tle_oneweb_24,mappo_tle_trained,1024,14027,192,60,66,66,0.3125,0.34375,2.0,6.933333333333334,15.049999999999997,1.8875,14,59,-9.282424692513304,0.17888549572917628,0.04361111111111112,0.55709417073969,0.10462137406796848,0.11002496213796521,0.03417092588748808,0.11781945579933195,0.3592233009708738,0.22807017543859648,0.3125
tle_oneweb_24,mappo_tle_trained,1024,14028,192,51,56,85,0.265625,0.2916666666666667,1.7,9.176470588235293,19.5,2.3180555555555555,20,83,-10.645816871746549,0.21130874327268653,0.053765432098765435,0.5513479793674947,0.1517475134657797,0.09520443966651396,0.03379752713474624,0.10104214971475031,0.3047619047619048,0.17543859649122806,0.3
tle_oneweb_24,mappo_tle_trained,1024,14029,192,60,59,73,0.3125,0.3072916666666667,2.0,8.416666666666666,20.0,2.1777777777777776,19,74,-9.404880824961195,0.20060819922778003,0.050277777777777775,0.5407492199190825,0.13442546316772322,0.11315364832392696,0.0342791193040158,0.10729248807035185,0.44047619047619047,0.203125,0.22727272727272727
tle_oneweb_24,mappo_tle_trained,1024,14030,192,65,59,68,0.3385416666666667,0.3072916666666667,2.1666666666666665,7.1692307692307695,14.799999999999997,1.9861111111111112,16,61,-8.04354007263297,0.1767619167862833,0.0458641975308642,0.544109920225618,0.1114101634805969,0.12339293904696379,0.034871254347294954,0.11063522777532064,0.41836734693877553,0.24193548387096775,0.28125
tle_oneweb_24,mappo_tle_trained,1024,14031,192,56,51,85,0.2916666666666667,0.265625,1.8666666666666667,7.660714285714286,19.0,2.1694444444444443,24,63,-8.40308046776855,0.1932438903355268,0.05046296296296296,0.5481912921779596,0.11724395201175386,0.11152907478371873,0.03501872322637236,0.09388838958885397,0.3333333333333333,0.2542372881355932,0.24324324324324326
tle_oneweb_24,mappo_tle_trained,1024,14032,192,53,59,80,0.2760416666666667,0.3072916666666667,1.7666666666666666,8.641509433962264,20.799999999999997,2.2916666666666665,25,91,-10.415962948899097,0.20225658990666054,0.053024691358024685,0.5262052585209195,0.16470242347951328,0.0982790482364786,0.03401565981578049,0.10505897095680376,0.3177570093457944,0.2,0.26666666666666666
tle_oneweb_24,mappo_tle_trained,1024,14033,192,62,60,70,0.3229166666666667,0.3125,2.066666666666667,8.193548387096774,17.949999999999996,2.066666666666667,19,73,-8.7730777678756,0.1873730690070152,0.04771604938271605,0.5586021793487127,0.12990899666209263,0.11513452892709858,0.03432648935318656,0.10594220436712697,0.3274336283185841,0.2708333333333333,0.3870967741935484
tle_oneweb_24,mappo_tle_trained,1024,14034,192,69,58,65,0.359375,0.3020833333333333,2.3,8.08695652173913,18.19999999999999,2.0569444444444445,17,71,-8.114523920693543,0.19616457445625762,0.047345679012345675,0.5348810924492974,0.12742372574853392,0.12473991779870768,0.03339646798273376,0.10180517371407799,0.40594059405940597,0.3333333333333333,0.25806451612903225
tle_oneweb_24,mappo_tle_trained,1024,14035,192,58,62,72,0.3020833333333333,0.3229166666666667,1.9333333333333333,7.706896551724138,21.0,2.154166666666667,16,86,-9.908666221484602,0.19306859644174018,0.04972222222222222,0.5671297096126354,0.15954139098488943,0.11003955037623768,0.03480771577378156,0.1127097899234122,0.30851063829787234,0.27419354838709675,0.3333333333333333
tle_oneweb_24,mappo_tle_trained,1024,14036,192,53,62,77,0.2760416666666667,0.3229166666666667,1.7666666666666666,9.09433962264151,20.4,2.1277777777777778,21,84,-10.497311062240605,0.2025888989198871,0.04929012345679012,0.534208199762435,0.1493741446605224,0.09869334942090362,0.033499581717241905,0.10931523140888465,0.40594059405940597,0.12727272727272726,0.1388888888888889
tle_oneweb_24,mappo_tle_trained,1024,14037,192,48,66,78,0.25,0.34375,1.6,7.479166666666667,16.65,2.154166666666667,16,80,-11.994673230433293,0.22176343884905833,0.0499074074074074,0.5275839364864406,0.14259171956927377,0.08911226143424286,0.03329148632742128,0.11587585645635182,0.2222222222222222,0.18309859154929578,0.425
tle_oneweb_24,mappo_tle_trained,1024,14038,192,46,60,86,0.23958333333333334,0.3125,1.5333333333333334,8.695652173913043,23.25,2.3361111111111112,20,81,-11.19719397212011,0.2102341416099616,0.054197530864197534,0.5426543303149128,0.14198066982896707,0.08849573571709793,0.0338605266740882,0.10529574226942648,0.2840909090909091,0.21875,0.175
tle_oneweb_24,mappo_tle_trained,1024,14039,192,64,59,69,0.3333333333333333,0.3072916666666667,2.1333333333333333,7.9375,17.849999999999994,1.9819444444444445,14,68,-9.362114493929262,0.22264046423736533,0.045802469135802465,0.5511710180303101,0.12080062753437366,0.1186361799248796,0.0341482380290884,0.10368417616095635,0.32941176470588235,0.2786885245901639,0.41304347826086957
tle_oneweb_24,mappo_tle_trained,1024,14040,192,61,60,71,0.3177083333333333,0.3125,2.033333333333333,7.081967213114754,18.0,1.9847222222222223,16,83,-9.201227666499184,0.20399554389413752,0.04592592592592592,0.5572519109920299,0.1570767290271934,0.12317291468994256,0.035710368208977286,0.11080277995138674,0.3258426966292135,0.34375,0.2564102564102564
tle_oneweb_24,mappo_tle_trained,1024,14041,192,60,63,69,0.3125,0.328125,2.0,7.75,20.0,2.0180555555555557,18,54,-9.46243993797075,0.19120186567713468,0.046604938271604945,0.5727620684662099,0.10108642174818645,0.11428831474110111,0.0353318337335707,0.11723940160859664,0.39361702127659576,0.27586206896551724,0.175
tle_oneweb_24,mappo_tle_trained,1024,14042,192,59,52,81,0.3072916666666667,0.2708333333333333,1.9666666666666666,7.830508474576271,20.0,2.2319444444444443,17,72,-8.465289613101467,0.19259219772111236,0.0517283950617284,0.5269096420901292,0.12504441250184287,0.10850230150539747,0.0328261389888364,0.09211177453437513,0.3402061855670103,0.24489795918367346,0.30434782608695654
tle_oneweb_24,mappo_tle_trained,1024,14043,192,54,56,82,0.28125,0.2916666666666667,1.8,9.092592592592593,19.349999999999994,2.1902777777777778,23,60,-9.582503480032935,0.19585272222784786,0.05083333333333333,0.5539405945314223,0.10787129179157039,0.10233099087588252,0.03446562488568098,0.10357224761249527,0.3592233009708738,0.12,0.28205128205128205
tle_oneweb_24,mappo_tle_trained,1024,14044,192,65,61,66,0.3385416666666667,0.3177083333333333,2.1666666666666665,7.230769230769231,16.599999999999994,1.9166666666666667,14,49,-8.1949086827056,0.18212977865407778,0.044259259259259255,0.5778013506517715,0.08907066946927629,0.12503399951155367,0.036047988089667644,0.11324768397523813,0.36046511627906974,0.3728813559322034,0.2553191489361702
tle_oneweb_24,mappo_tle_trained,1024,14045,192,48,55,89,0.25,0.2864583333333333,1.6,9.125,19.299999999999997,2.3097222222222222,18,65,-10.198244499624018,0.1986263862188635,0.05370370370370371,0.5391997639697099,0.11788599357871803,0.09237186102511181,0.03403691969729351,0.10109749455337691,0.31313131313131315,0.16071428571428573,0.21621621621621623
tle_oneweb_24,mappo_tle_trained,1024,14046,192,56,63,73,0.2916666666666667,0.328125,1.8666666666666667,7.071428571428571,13.25,1.9541666666666666,14,70,-9.193359332183896,0.17289423228601494,0.045308641975308636,0.5421537509621405,0.12545444679732606,0.10259117416238157,0.0335941058604943,0.10991041924478459,0.3229166666666667,0.2727272727272727,0.24390243902439024
tle_oneweb_24,mappo_tle_trained,1024,14047,192,60,50,82,0.3125,0.2604166666666667,2.0,7.966666666666667,16.049999999999997,2.0833333333333335,21,78,-9.326115378668547,0.2224214931701392,0.0484567901234568,0.5589065367346568,0.14090952649002186,0.1100084789364975,0.03368222168515759,0.09112988204319473,0.29213483146067415,0.3076923076923077,0.3684210526315789
tle_oneweb_24,mappo_tle_trained,1024,14048,192,57,61,74,0.296875,0.3177083333333333,1.9,7.385964912280702,16.39999999999999,2.0569444444444445,21,76,-9.592654770217914,0.18750974008940954,0.047623456790123454,0.5525024196637024,0.13608824039164596,0.10481155826744061,0.03462450743319275,0.10891971461630903,0.2815533980582524,0.2558139534883721,0.3695652173913043
tle_oneweb_24,mappo_tle_trained,1024,14049,192,57,66,69,0.296875,0.34375,1.9,7.649122807017544,14.599999999999987,2.0861111111111112,19,80,-9.911958004224084,0.1792632472356076,0.04811728395061729,0.5725791840433224,0.14550811260176585,0.10916425049551985,0.03514731719945487,0.12054787704555506,0.43023255813953487,0.1746031746031746,0.20930232558139536
tle_oneweb_24,mappo_tle_trained,1024,14050,192,54,68,70,0.28125,0.3541666666666667,1.8,7.814814814814815,16.0,2.0069444444444446,16,75,-11.024165119238402,0.20121422530622815,0.04638888888888889,0.5639243586100158,0.13631578947368422,0.10256574537147294,0.034561218773563336,0.12358330466689599,0.34146341463414637,0.16666666666666666,0.32
tle_oneweb_24,mappo_tle_trained,2024,14001,192,59,60,73,0.3072916666666667,0.3125,1.9666666666666666,8.694915254237289,19.099999999999994,2.1055555555555556,15,73,-10.2505960339591,0.2231700935934944,0.04867283950617285,0.5152944367796729,0.1281765055836263,0.10714977116679904,0.033924921308122906,0.1066602373374819,0.3409090909090909,0.3050847457627119,0.24444444444444444
tle_oneweb_24,mappo_tle_trained,2024,14002,192,60,58,74,0.3125,0.3020833333333333,2.0,7.483333333333333,15.0,2.036111111111111,12,86,-9.009120226919887,0.1966829895496417,0.047160493827160484,0.5264758031663395,0.15336832457188496,0.11379162962367295,0.03433866053143728,0.10336038545790864,0.3523809523809524,0.2641509433962264,0.2647058823529412
tle_oneweb_24,mappo_tle_trained,2024,14003,192,64,55,73,0.3333333333333333,0.2864583333333333,2.1333333333333333,7.515625,16.69999999999999,1.9958333333333333,14,68,-8.431748073974362,0.20439750289635392,0.04623456790123457,0.5293263625125894,0.11565240157732416,0.11631996056918657,0.03367517381477191,0.09644119955265464,0.25842696629213485,0.40350877192982454,0.391304347826087
tle_oneweb_24,mappo_tle_trained,2024,14004,192,59,52,81,0.3072916666666667,0.2708333333333333,1.9666666666666666,8.11864406779661,19.099999999999994,2.129166666666667,14,65,-8.293280130976129,0.1891784014868372,0.04944444444444444,0.5452718973045877,0.121547400248605,0.11127070259524155,0.03425992726761949,0.09399372833684314,0.3557692307692308,0.2033898305084746,0.3448275862068966
tle_oneweb_24,mappo_tle_trained,2024,14005,192,56,60,76,0.2916666666666667,0.3125,1.8666666666666667,8.464285714285714,16.25,2.140277777777778,19,89,-10.517930608065967,0.2110311677191711,0.049537037037037046,0.5532588900912935,0.15829707029010437,0.10535255622716923,0.03481424185641795,0.11008763739413897,0.28421052631578947,0.28125,0.3333333333333333
tle_oneweb_24,mappo_tle_trained,2024,14006,192,56,56,80,0.2916666666666667,0.2916666666666667,1.8666666666666667,8.446428571428571,19.0,2.1666666666666665,13,61,-9.460704672628331,0.21013722493844195,0.0502469135802469,0.5337339895274185,0.10823752600455386,0.10674691221517847,0.03402558110629942,0.10004621439218962,0.3300970873786408,0.23404255319148937,0.2619047619047619
tle_oneweb_24,mappo_tle_trained,2024,14007,192,66,51,75,0.34375,0.265625,2.2,7.621212121212121,16.75,1.9833333333333334,15,84,-7.500149578456672,0.19490940583303018,0.04601851851851852,0.5598508249493477,0.16274566349256755,0.1323382488397968,0.03558924809730048,0.09543206148856302,0.4065934065934066,0.24193548387096775,0.358974358974359
tle_oneweb_24,mappo_tle_trained,2024,14008,192,68,57,67,0.3541666666666667,0.296875,2.2666666666666666,6.955882352941177,15.0,1.775,16,61,-7.903957665326263,0.18906292776132627,0.04114197530864198,0.5691354725796192,0.11661973747500062,0.13309679055035092,0.03709589619775124,0.11186762211530013,0.39361702127659576,0.3333333333333333,0.2926829268292683
tle_oneweb_24,mappo_tle_trained,2024,14009,192,63,63,66,0.328125,0.328125,2.1,8.285714285714286,19.9,2.048611111111111,16,84,-9.741935093343091,0.21171877157390132,0.047191358024691356,0.5231976835232857,0.1462845169965913,0.11704138540051853,0.034287447479467506,0.11216833304294606,0.31521739130434784,0.288135593220339,0.4146341463414634
tle_oneweb_24,mappo_tle_trained,2024,14010,192,66,52,74,0.34375,0.2708333333333333,2.2,7.348484848484849,17.0,1.9666666666666666,17,64,-7.5649787064487,0.19392833374589588,0.04561728395061728,0.546049802440493,0.11483512331035549,0.12406488320188011,0.03417724301114592,0.09444191658587943,0.37254901960784315,0.21428571428571427,0.47058823529411764
tle_oneweb_24,mappo_tle_trained,2024,14011,192,59,59,74,0.3072916666666667,0.3072916666666667,1.9666666666666666,7.915254237288136,18.49999999999997,1.9791666666666667,17,77,-10.013226218420206,0.21329942641061325,0.04589506172839507,0.5709665930610173,0.14521365158749058,0.11423085113487591,0.03520598902772288,0.11128022261536195,0.3541666666666667,0.25806451612903225,0.2647058823529412
tle_oneweb_24,mappo_tle_trained,2024,14012,192,64,50,78,0.3333333333333333,0.2604166666666667,2.1333333333333333,8.65625,21.0,2.120833333333333,19,73,-8.058969680438267,0.20832894994632914,0.04916666666666668,0.5410721859661191,0.1289183557029162,0.12013226758683748,0.03403042948063517,0.08897032094501472,0.4175824175824176,0.22807017543859648,0.29545454545454547
tle_oneweb_24,mappo_tle_trained,2024,14013,192,65,52,75,0.3385416666666667,0.2708333333333333,2.1666666666666665,8.076923076923077,18.799999999999997,2.0930555555555554,18,70,-8.492266254467385,0.21476931883738246,0.048456790123456786,0.5730685125746656,0.13817193814097842,0.13009827390245346,0.0363125014311461,0.10058242482778086,0.38202247191011235,0.2923076923076923,0.3157894736842105
tle_oneweb_24,mappo_tle_trained,2024,14014,192,57,59,76,0.296875,0.3072916666666667,1.9,8.31578947368421,17.39999999999999,2.0694444444444446,17,79,-10.005255303085697,0.20790250994469126,0.04796296296296296,0.5401713325164401,0.14037302108509536,0.1054448230647921,0.03385876513128454,0.1063238309677938,0.34782608695652173,0.1864406779661017,0.34146341463414637
tle_oneweb_24,mappo_tle_trained,2024,14015,192,63,52,77,0.328125,0.2708333333333333,2.1,8.079365079365079,18.0,2.073611111111111,17,74,-8.064070217984407,0.1951722418930612,0.048086419753086404,0.5301030867841486,0.1375167177450459,0.11967530047638407,0.034002573629090246,0.09529882713319246,0.3548387096774194,0.2641509433962264,0.34782608695652173
tle_oneweb_24,mappo_tle_trained,2024,14016,192,64,56,72,0.3333333333333333,0.2916666666666667,2.1333333333333333,8.6875,19.0,2.1638888888888888,17,87,-9.046858934291008,0.21655502056333373,0.049938271604938266,0.5305139874125513,0.14903902283933243,0.11775425640750718,0.03333446004271261,0.09718609506535202,0.3838383838383838,0.2727272727272727,0.2894736842105263
tle_oneweb_24,mappo_tle_trained,2024,14017,192,66,54,72,0.34375,0.28125,2.2,7.742424242424242,17.0,2.0083333333333333,17,70,-7.218758101156076,0.17285388833712995,0.04648148148148148,0.5616681768582199,0.12649485232689567,0.12215391419725785,0.03316273845714821,0.09505598145691026,0.4174757281553398,0.17647058823529413,0.3684210526315789
tle_oneweb_24,mappo_tle_trained,2024,14018,192,57,59,76,0.296875,0.3072916666666667,1.9,8.368421052631579,21.0,2.186111111111111,17,78,-10.083507385061997,0.22164332908263099,0.05055555555555556,0.5116720984075084,0.13653788357786206,0.10595971952547534,0.03328189109428935,0.1020728013467615,0.2967032967032967,0.23728813559322035,0.38095238095238093
tle_oneweb_24,mappo_tle_trained,2024,14019,192,51,60,81,0.265625,0.3125,1.7,9.333333333333334,17.5,2.263888888888889,18,65,-11.39586624806947,0.23153308352899044,0.052438271604938275,0.5661382764359912,0.11805931340761062,0.09916932769099952,0.03519127291347837,0.11048617261078561,0.3020833333333333,0.16981132075471697,0.3023255813953488
tle_oneweb_24,mappo_tle_trained,2024,14020,192,56,66,70,0.2916666666666667,0.34375,1.8666666666666667,8.285714285714286,19.25,2.048611111111111,19,104,-10.63341152328577,0.2002201502419259,0.047314814814814816,0.5272388007815724,0.18024931253966117,0.10071109817155718,0.03312364044225199,0.11285556919760716,0.3163265306122449,0.1694915254237288,0.42857142857142855
tle_oneweb_24,mappo_tle_trained,2024,14021,192,56,55,81,0.2916666666666667,0.2864583333333333,1.8666666666666667,8.642857142857142,20.0,2.1166666666666667,17,78,-10.069895977631353,0.23346249826611803,0.049166666666666664,0.4969677489198251,0.12905628971418445,0.10072017407543722,0.032527347924549616,0.09277347408926356,0.2857142857142857,0.3137254901960784,0.2777777777777778
tle_oneweb_24,mappo_tle_trained,2024,14022,192,53,61,78,0.2760416666666667,0.3177083333333333,1.7666666666666666,8.471698113207546,19.0,2.0944444444444446,15,87,-10.399027509167764,0.20228463981242478,0.04858024691358023,0.5373990671650485,0.156342955333903,0.09792873339026925,0.03344284133679696,0.10649504891293825,0.28431372549019607,0.1702127659574468,0.37209302325581395
tle_oneweb_24,mappo_tle_trained,2024,14023,192,61,57,74,0.3177083333333333,0.296875,2.033333333333333,8.163934426229508,19.0,2.138888888888889,19,93,-8.979979482570299,0.1992836915450478,0.04944444444444443,0.5297095127066883,0.162059055352399,0.11252993781244554,0.0336779132264462,0.09840136213975222,0.3611111111111111,0.2708333333333333,0.25
tle_oneweb_24,mappo_tle_trained,2024,14024,192,55,64,73,0.2864583333333333,0.3333333333333333,1.8333333333333333,8.618181818181819,22.0,2.075,17,79,-11.194738730927389,0.22370034855696624,0.04799382716049383,0.5503015117118824,0.14927252772454008,0.1037870820842957,0.034522448822409076,0.11514990499123624,0.3218390804597701,0.25396825396825395,0.2619047619047619
tle_oneweb_24,mappo_tle_trained,2024,14025,192,52,63,77,0.2708333333333333,0.328125,1.7333333333333334,8.692307692307692,19.449999999999996,2.216666666666667,16,79,-11.74858490305319,0.23813249537109774,0.05126543209876542,0.5276763297499382,0.13824257799876996,0.09405719996664268,0.03322079026348596,0.10842541402525921,0.29896907216494845,0.22807017543859648,0.2631578947368421
tle_oneweb_24,mappo_tle_trained,2024,14026,192,58,58,76,0.3020833333333333,0.3020833333333333,1.9333333333333333,7.741379310344827,19.0,2.091666666666667,17,93,-10.31191009959874,0.2288473936450273,0.04845679012345678,0.5156900404744212,0.1604458370732432,0.10525332352496168,0.03279747209530502,0.09984311964390037,0.2903225806451613,0.3050847457627119,0.325
tle_oneweb_24,mappo_tle_trained,2024,14027,192,65,61,66,0.3385416666666667,0.3177083333333333,2.1666666666666665,7.615384615384615,17.0,1.9222222222222223,14,68,-9.39784851223062,0.21090743193836967,0.044382716049382716,0.556266678469306,0.12334835294402531,0.11769809576513036,0.03457945649905579,0.10924495987054879,0.34951456310679613,0.2807017543859649,0.40625
tle_oneweb_24,mappo_tle_trained,2024,14028,192,49,60,83,0.2552083333333333,0.3125,1.6333333333333333,8.408163265306122,17.599999999999994,2.191666666666667,18,88,-10.917849820533004,0.2045877915618378,0.05089506172839507,0.5363394032084905,0.1526257321110262,0.087564506929832,0.032900310577828905,0.10315219123268658,0.2857142857142857,0.17543859649122806,0.3
tle_oneweb_24,mappo_tle_trained,2024,14029,192,59,61,72,0.3072916666666667,0.3177083333333333,1.9666666666666666,8.610169491525424,20.19999999999999,2.098611111111111,16,73,-10.031510536478184,0.21213676497680012,0.04848765432098765,0.5430148497247288,0.1346589103477648,0.11147993790408649,0.03454424940775412,0.11086448997052713,0.4166666666666667,0.21875,0.22727272727272727
tle_oneweb_24,mappo_tle_trained,2024,14030,192,69,56,67,0.359375,0.2916666666666667,2.3,7.405797101449275,14.399999999999977,1.8972222222222221,15,61,-7.426870734329054,0.18506826578699262,0.04385802469135802,0.5318750052608724,0.10797202825840597,0.1278141367576352,0.03430325024614941,0.10241185729188824,0.3877551020408163,0.2903225806451613,0.40625
tle_oneweb_24,mappo_tle_trained,2024,14031,192,61,57,74,0.3177083333333333,0.296875,2.033333333333333,8.098360655737705,20.0,2.0527777777777776,15,72,-8.86018367126653,0.198763383366125,0.047530864197530845,0.5632192248578277,0.1326057828766807,0.11916566706427385,0.03507825241714849,0.10526590540522429,0.3645833333333333,0.2542372881355932,0.2972972972972973
tle_oneweb_24,mappo_tle_trained,2024,14032,192,55,57,80,0.2864583333333333,0.296875,1.8333333333333333,8.436363636363636,22.0,2.370833333333333,20,82,-9.897192388685719,0.20279208065102114,0.05478395061728395,0.5380182892280803,0.1467619509260376,0.1006518096340078,0.03340674920336909,0.0990479485255027,0.3177570093457944,0.2,0.3333333333333333
tle_oneweb_24,mappo_tle_trained,2024,14033,192,63,59,70,0.328125,0.3072916666666667,2.1,8.380952380952381,18.0,2.0708333333333333,18,71,-8.791421951515789,0.19561741830186158,0.047808641975308645,0.5421533388365453,0.12963241436925646,0.11706554897344366,0.034368979556829396,0.10486772486772486,0.35398230088495575,0.2708333333333333,0.3225806451612903
tle_oneweb_24,mappo_tle_trained,2024,14034,192,67,59,66,0.3489583333333333,0.3072916666666667,2.2333333333333334,8.671641791044776,19.39999999999999,2.0388888888888888,18,88,-9.00115992935807,0.21392384326541103,0.04697530864197531,0.5169732823749968,0.15562715496017418,0.12125778809316297,0.03272731325545892,0.10247732988209497,0.38613861386138615,0.3,0.3225806451612903
tle_oneweb_24,mappo_tle_trained,2024,14035,192,62,56,74,0.3229166666666667,0.2916666666666667,2.066666666666667,7.967741935483871,19.849999999999987,2.1527777777777777,19,83,-9.213114530901539,0.21289533554756887,0.049753086419753074,0.5418082303419589,0.1526178041657918,0.11498356705787047,0.033977381052591675,0.09813551257823702,0.30851063829787234,0.3064516129032258,0.3888888888888889
tle_oneweb_24,mappo_tle_trained,2024,14036,192,49,60,83,0.2552083333333333,0.3125,1.6333333333333333,8.46938775510204,18.599999999999994,2.175,19,81,-10.24516481984151,0.18878191458568144,0.05052469135802469,0.5377099489397905,0.1421204563696824,0.09236311776172454,0.033794577984829946,0.10572775893983324,0.33663366336633666,0.10909090909090909,0.25
tle_oneweb_24,mappo_tle_trained,2024,14037,192,55,59,78,0.2864583333333333,0.3072916666666667,1.8333333333333333,7.3090909090909095,16.0,2.0347222222222223,15,59,-9.543244861040579,0.20567656784867286,0.04725308641975308,0.5031128024302672,0.0992664966039579,0.10205808410142775,0.03319089635054203,0.10263081202709687,0.24691358024691357,0.23943661971830985,0.45
tle_oneweb_24,mappo_tle_trained,2024,14038,192,53,56,83,0.2760416666666667,0.2916666666666667,1.7666666666666666,8.69811320754717,18.4,2.1791666666666667,18,93,-10.117055118448752,0.21008685350098114,0.050617283950617285,0.5413809023342682,0.1631393639327076,0.09929222566219467,0.03358885837310515,0.09755704621029697,0.32954545454545453,0.21875,0.25
tle_oneweb_24,mappo_tle_trained,2024,14039,192,65,58,69,0.3385416666666667,0.3020833333333333,2.1666666666666665,9.03076923076923,18.599999999999994,2.040277777777778,13,67,-9.323489225359634,0.22650248182227942,0.04709876543209877,0.5343891818954233,0.11751691319802775,0.11867988220929396,0.033682885562922586,0.10182532752192194,0.3411764705882353,0.21311475409836064,0.5
tle_oneweb_24,mappo_tle_trained,2024,14040,192,61,63,68,0.3177083333333333,0.328125,2.033333333333333,6.80327868852459,18.0,1.8875,15,101,-9.431359809205201,0.19292381729421224,0.04367283950617284,0.5633057735281811,0.19080837305682508,0.12338802165040555,0.03625062754776056,0.11758764999477073,0.3258426966292135,0.3125,0.3076923076923077
tle_oneweb_24,mappo_tle_trained,2024,14041,192,61,63,68,0.3177083333333333,0.328125,2.033333333333333,7.967213114754099,20.0,2.0180555555555557,16,62,-9.803072927432556,0.2070578460658931,0.04657407407407408,0.5526208268298076,0.11278099251396463,0.11405402804396612,0.034818117139254735,0.114629977722083,0.40425531914893614,0.25862068965517243,0.2
tle_oneweb_24,mappo_tle_trained,2024,14042,192,61,54,77,0.3177083333333333,0.28125,2.033333333333333,7.639344262295082,19.0,2.0875,15,66,-8.553458879021973,0.1988054613819838,0.04839506172839504,0.5400953230721606,0.11555951487453034,0.11209856062410242,0.0331776846259006,0.09567585135309592,0.3402061855670103,0.22448979591836735,0.3695652173913043
tle_oneweb_24,mappo_tle_trained,2024,14043,192,55,61,76,0.2864583333333333,0.3177083333333333,1.8333333333333333,8.363636363636363,19.299999999999997,2.001388888888889,16,58,-9.993778149751343,0.1979740699400317,0.04645061728395061,0.5577099872787289,0.10484917544902066,0.10381989957067354,0.0351394583639794,0.11268819702256236,0.3592233009708738,0.14,0.28205128205128205
tle_oneweb_24,mappo_tle_trained,2024,14044,192,69,56,67,0.359375,0.2916666666666667,2.3,7.971014492753623,17.599999999999994,1.9055555555555554,18,69,-8.05250058875457,0.2086045848633225,0.04404320987654321,0.5533895676551812,0.1275954536519552,0.1362827039375027,0.03621476598977948,0.10633170865369007,0.4069767441860465,0.3389830508474576,0.2978723404255319
tle_oneweb_24,mappo_tle_trained,2024,14045,192,46,54,92,0.23958333333333334,0.28125,1.5333333333333334,9.934782608695652,18.75,2.373611111111111,18,78,-11.353897939127563,0.22518947083513788,0.055216049382716056,0.5294552016623526,0.1400915609158643,0.08688515847184577,0.03393466049959847,0.09925698642029909,0.30303030303030304,0.17857142857142858,0.16216216216216217
tle_oneweb_24,mappo_tle_trained,2024,14046,192,55,61,76,0.2864583333333333,0.3177083333333333,1.8333333333333333,8.236363636363636,17.299999999999997,2.091666666666667,16,86,-10.251968175038638,0.19963444412531778,0.048456790123456786,0.5313573300907499,0.1519951226104477,0.09988150523367242,0.033278695518128676,0.10811638983078611,0.3229166666666667,0.2,0.3170731707317073
tle_oneweb_24,mappo_tle_trained,2024,14047,192,64,52,76,0.3333333333333333,0.2708333333333333,2.1333333333333333,7.6875,18.849999999999994,1.9722222222222223,19,81,-8.677390059862441,0.2119769592993389,0.04580246913580246,0.5289125168718899,0.1448087539109211,0.1178022671056727,0.03394117484116377,0.09549240748931152,0.3146067415730337,0.35384615384615387,0.34210526315789475
tle_oneweb_24,mappo_tle_trained,2024,14048,192,59,61,72,0.3072916666666667,0.3177083333333333,1.9666666666666666,7.305084745762712,17.099999999999994,2.0166666666666666,17,73,-9.315733243620949,0.1885368884233308,0.04666666666666666,0.5347760785601215,0.13036269372182685,0.10874406939809417,0.03429104332237899,0.10958155378047017,0.2524271844660194,0.3023255813953488,0.43478260869565216
tle_oneweb_24,mappo_tle_trained,2024,14049,192,60,61,71,0.3125,0.3177083333333333,2.0,7.916666666666667,16.0,2.109722222222222,16,92,-9.67496928592466,0.20063694964700993,0.04870370370370371,0.5422608224745996,0.16825802823480843,0.11370101819405223,0.03445952205906064,0.10948872993764631,0.3953488372093023,0.23809523809523808,0.2558139534883721
tle_oneweb_24,mappo_tle_trained,2024,14050,192,59,65,68,0.3072916666666667,0.3385416666666667,1.9666666666666666,8.35593220338983,18.099999999999994,2.011111111111111,17,76,-10.155700619123616,0.20873463713419818,0.04641975308641975,0.5399370575020301,0.13430765155610355,0.11011183132313165,0.033546281214933256,0.11433335641539975,0.3780487804878049,0.2,0.32
tle_oneweb_24,global_dijkstra,-1,14001,192,64,29,99,0.3333333333333333,0.15104166666666666,2.1333333333333333,10.15625,20.0,2.665277777777778,28,0,-5.636991035748201,0.2274709509624587,0.061913580246913576,0.6352622886368251,0.0,0.1377300667741844,0.036223291539007475,0.05960473078120137,0.38636363636363635,0.2711864406779661,0.3111111111111111
tle_oneweb_24,global_dijkstra,-1,14002,192,59,27,106,0.3072916666666667,0.140625,1.9666666666666666,8.813559322033898,21.099999999999994,2.6180555555555554,30,1,-5.831306020826997,0.22662514088182598,0.061080246913580244,0.6546520345329854,0.0020833333333333333,0.1382991572697455,0.039089004667802275,0.06284753645047762,0.34285714285714286,0.22641509433962265,0.3235294117647059
tle_oneweb_24,global_dijkstra,-1,14003,192,65,30,97,0.3385416666666667,0.15625,2.1666666666666665,8.8,22.0,2.5597222222222222,27,0,-5.472852044247814,0.22505463161204878,0.05950617283950617,0.6641263121202969,0.0,0.15070440996911585,0.039200156489413863,0.07042250233426704,0.38202247191011235,0.3333333333333333,0.2608695652173913
tle_oneweb_24,global_dijkstra,-1,14004,192,63,32,97,0.328125,0.16666666666666666,2.1,9.698412698412698,21.9,2.6430555555555557,27,0,-5.767395311030878,0.21449535029270997,0.06135802469135802,0.6397175064153979,0.0,0.13942245390774805,0.037294869521511745,0.06990420527185233,0.40384615384615385,0.1864406779661017,0.3448275862068966
tle_oneweb_24,global_dijkstra,-1,14005,192,57,34,101,0.296875,0.17708333333333334,1.9,9.052631578947368,19.0,2.5861111111111112,33,0,-7.618576700135158,0.23018602016663978,0.06021604938271605,0.6618821353664364,0.0,0.1284699178816826,0.03853459233220828,0.08124592999593001,0.28421052631578947,0.265625,0.3939393939393939
tle_oneweb_24,global_dijkstra,-1,14006,192,55,25,112,0.2864583333333333,0.13020833333333334,1.8333333333333333,9.781818181818181,21.299999999999997,2.7666666666666666,33,0,-6.717992605509348,0.23959818331327795,0.0645679012345679,0.6385239442920765,0.0,0.12075253178194353,0.03722607426355714,0.053305322128851536,0.3300970873786408,0.19148936170212766,0.2857142857142857
tle_oneweb_24,global_dijkstra,-1,14007,192,72,34,86,0.375,0.17708333333333334,2.4,8.402777777777779,20.450000000000003,2.2888888888888888,30,1,-4.234249119037164,0.1998631307901782,0.05314814814814816,0.6459788647855246,0.0022222222222222222,0.15634571439911996,0.0364397802527791,0.0713825539212536,0.45054945054945056,0.24193548387096775,0.41025641025641024
tle_oneweb_24,global_dijkstra,-1,14008,192,69,31,92,0.359375,0.16145833333333334,2.3,8.028985507246377,19.0,2.3291666666666666,26,0,-4.73612345513615,0.21234480921835666,0.05422839506172839,0.655499997423525,0.0,0.15321850535085832,0.0373288190858132,0.06964869281045752,0.43617021276595747,0.2631578947368421,0.3170731707317073
tle_oneweb_24,global_dijkstra,-1,14009,192,68,42,82,0.3541666666666667,0.21875,2.2666666666666666,9.308823529411764,24.65,2.4680555555555554,29,0,-5.9203431073669055,0.2136298363672065,0.057006172839506174,0.6335635670353416,0.0,0.1560655548155548,0.03802737952316984,0.0915410052910053,0.42391304347826086,0.22033898305084745,0.3902439024390244
tle_oneweb_24,global_dijkstra,-1,14010,192,68,30,94,0.3541666666666667,0.15625,2.2666666666666666,8.220588235294118,19.0,2.4125,29,0,-3.7890658117629443,0.19213477922519592,0.05614197530864198,0.6402994087130405,0.0,0.1571912238088709,0.038791270372515466,0.06786360698125403,0.4215686274509804,0.16071428571428573,0.47058823529411764
tle_oneweb_24,global_dijkstra,-1,14011,192,62,37,93,0.3229166666666667,0.19270833333333334,2.066666666666667,9.96774193548387,23.849999999999987,2.5305555555555554,23,0,-6.536529218656205,0.2313182712035648,0.05873456790123457,0.6592559583713099,0.0,0.14622859295846913,0.03877297397498227,0.08111633722314839,0.4375,0.1935483870967742,0.23529411764705882
tle_oneweb_24,global_dijkstra,-1,14012,192,66,27,99,0.34375,0.140625,2.2,8.636363636363637,20.75,2.5680555555555555,33,0,-4.729953017211019,0.2071707334303694,0.059753086419753076,0.6535926240090352,0.0,0.14203514536718875,0.03678836705148313,0.058862044817927166,0.43956043956043955,0.2807017543859649,0.22727272727272727
tle_oneweb_24,global_dijkstra,-1,14013,192,64,30,98,0.3333333333333333,0.15625,2.1333333333333333,8.734375,21.0,2.529166666666667,34,1,-4.963416473899913,0.20628103249889307,0.058858024691358035,0.6631901844491738,0.0020833333333333333,0.14926856640091934,0.038673851917010824,0.07000691302161889,0.3707865168539326,0.26153846153846155,0.3684210526315789
tle_oneweb_24,global_dijkstra,-1,14014,192,56,37,99,0.2916666666666667,0.19270833333333334,1.8666666666666667,9.071428571428571,19.25,2.5430555555555556,32,0,-7.370455667055925,0.21240420630862053,0.059197530864197524,0.6536508397828558,0.0,0.1229161279896574,0.03643015296388529,0.08137189063659653,0.358695652173913,0.13559322033898305,0.36585365853658536
tle_oneweb_24,global_dijkstra,-1,14015,192,67,29,96,0.3489583333333333,0.15104166666666666,2.2333333333333334,8.895522388059701,22.799999999999983,2.495833333333333,30,0,-4.506812618662805,0.21127607029410042,0.05805555555555555,0.6425728343659763,0.0,0.1500466050117753,0.037111243200349336,0.06231568740856666,0.40860215053763443,0.24528301886792453,0.34782608695652173
tle_oneweb_24,global_dijkstra,-1,14016,192,63,35,94,0.328125,0.18229166666666666,2.1,8.380952380952381,20.9,2.5875,35,0,-5.5675289245490385,0.19123877727986868,0.06003086419753086,0.6527363812531789,0.0,0.134473271539835,0.035897336048568,0.07320200009828494,0.40404040404040403,0.2727272727272727,0.21052631578947367
tle_oneweb_24,global_dijkstra,-1,14017,192,69,27,96,0.359375,0.140625,2.3,9.246376811594203,22.19999999999999,2.4694444444444446,29,0,-4.406579025760684,0.20934955939869476,0.057469135802469144,0.6358042701022683,0.0,0.1453638306424684,0.035381118244682014,0.05758511096746391,0.4174757281553398,0.19607843137254902,0.42105263157894735
tle_oneweb_24,global_dijkstra,-1,14018,192,58,38,96,0.3020833333333333,0.19791666666666666,1.9333333333333333,9.448275862068966,19.449999999999996,2.6819444444444445,31,0,-7.331779297521253,0.22110000381260628,0.062191358024691355,0.6430021575936903,0.0,0.12619312604606722,0.03629946649589449,0.07899782135076251,0.32967032967032966,0.2033898305084746,0.38095238095238093
tle_oneweb_24,global_dijkstra,-1,14019,192,52,38,102,0.2708333333333333,0.19791666666666666,1.7333333333333334,10.923076923076923,22.0,2.7194444444444446,27,0,-8.620231225766211,0.2388740517340799,0.06320987654320986,0.6634031627528404,0.0,0.11611260743613686,0.037507082186431395,0.08001663913428618,0.34375,0.1320754716981132,0.27906976744186046
tle_oneweb_24,global_dijkstra,-1,14020,192,60,37,95,0.3125,0.19270833333333334,2.0,8.416666666666666,20.099999999999994,2.577777777777778,34,0,-6.424574464205729,0.2033284148485975,0.05984567901234567,0.6229092835634517,0.0,0.12808213028801263,0.03609862502167915,0.07660549689961454,0.32653061224489793,0.23728813559322035,0.4
tle_oneweb_24,global_dijkstra,-1,14021,192,55,30,107,0.2864583333333333,0.15625,1.8333333333333333,8.8,21.0,2.6555555555555554,35,0,-6.754789406647026,0.2189451336552476,0.06194444444444445,0.630292817814534,0.0,0.11798173632925955,0.03576038156581439,0.06300855519895768,0.3333333333333333,0.23529411764705882,0.2222222222222222
tle_oneweb_24,global_dijkstra,-1,14022,192,59,32,101,0.3072916666666667,0.16666666666666666,1.9666666666666666,9.966101694915254,21.099999999999994,2.6375,32,0,-6.722103188695667,0.22338617496773622,0.06135802469135802,0.6504550954510538,0.0,0.12958135818429936,0.03702819615921588,0.07100594938830233,0.35294117647058826,0.19148936170212766,0.32558139534883723
tle_oneweb_24,global_dijkstra,-1,14023,192,61,30,101,0.3177083333333333,0.15625,2.033333333333333,8.80327868852459,21.0,2.647222222222222,35,3,-5.422320415788629,0.20385763251049377,0.06157407407407407,0.6414022167685471,0.006218671679197995,0.1329749619145904,0.03653431937903893,0.06226982898422527,0.37962962962962965,0.22916666666666666,0.25
tle_oneweb_24,global_dijkstra,-1,14024,192,59,33,100,0.3072916666666667,0.171875,1.9666666666666666,9.474576271186441,19.099999999999994,2.5944444444444446,34,0,-7.221512048170346,0.238850561281013,0.060370370370370366,0.6595930046790123,0.0,0.13126346692523164,0.03744645772634634,0.0731965991524815,0.3218390804597701,0.2857142857142857,0.30952380952380953
tle_oneweb_24,global_dijkstra,-1,14025,192,51,38,103,0.265625,0.19791666666666666,1.7,10.156862745098039,20.5,2.7263888888888888,27,0,-9.279418487411306,0.25225743327099187,0.06339506172839506,0.6494539551070172,0.0,0.11364515644314406,0.036718102716534015,0.08250678701530095,0.3402061855670103,0.19298245614035087,0.18421052631578946
tle_oneweb_24,global_dijkstra,-1,14026,192,61,33,98,0.3177083333333333,0.171875,2.033333333333333,9.245901639344263,23.0,2.5930555555555554,31,0,-6.655750450149668,0.22847629143763698,0.06027777777777778,0.626598279642243,0.0,0.13358636189518544,0.03661514052216608,0.07300560822619645,0.3333333333333333,0.23728813559322035,0.4
tle_oneweb_24,global_dijkstra,-1,14027,192,68,30,94,0.3541666666666667,0.15625,2.2666666666666666,8.691176470588236,21.299999999999997,2.5458333333333334,23,0,-3.9894202474225455,0.1969332157542662,0.059104938271604936,0.6279248507247034,0.0,0.1555729700582642,0.038316323600849723,0.06664266561325385,0.4563106796116505,0.2631578947368421,0.1875
tle_oneweb_24,global_dijkstra,-1,14028,192,48,35,109,0.25,0.18229166666666666,1.6,9.25,22.65,2.7472222222222222,42,0,-7.9250478654006695,0.19752852145961694,0.0640432098765432,0.6500436505821539,0.0,0.10489118724412844,0.03622335688365663,0.07828042328042327,0.3047619047619048,0.12280701754385964,0.3
tle_oneweb_24,global_dijkstra,-1,14029,192,57,40,95,0.296875,0.20833333333333334,1.9,9.421052631578947,23.39999999999999,2.6083333333333334,21,0,-8.259432572034964,0.23447833913055655,0.06052469135802469,0.6431641967691843,0.0,0.12371148459383753,0.036601312635731874,0.0859313725490196,0.4166666666666667,0.15625,0.2727272727272727
tle_oneweb_24,global_dijkstra,-1,14030,192,66,29,97,0.34375,0.15104166666666666,2.2,8.666666666666666,20.0,2.473611111111111,25,0,-5.343424893663278,0.21847209118896715,0.0575925925925926,0.6440146154436304,0.0,0.14401350283703226,0.037490616325243864,0.06672224017812252,0.40816326530612246,0.24193548387096775,0.34375
tle_oneweb_24,global_dijkstra,-1,14031,192,59,32,101,0.3072916666666667,0.16666666666666666,1.9666666666666666,8.813559322033898,18.099999999999994,2.588888888888889,33,0,-6.182673858786619,0.21680786999645488,0.06027777777777777,0.676210670108775,0.0,0.1388621101121101,0.03933862392559004,0.07361416361416362,0.3645833333333333,0.23728813559322035,0.2702702702702703
tle_oneweb_24,global_dijkstra,-1,14032,192,59,32,101,0.3072916666666667,0.16666666666666666,1.9666666666666666,9.152542372881356,24.099999999999994,2.736111111111111,45,2,-5.851289833651648,0.19980441217037867,0.06354938271604939,0.6583767007779038,0.0047619047619047615,0.1358362960568843,0.03846785142954893,0.07271741602623955,0.37383177570093457,0.18181818181818182,0.3
tle_oneweb_24,global_dijkstra,-1,14033,192,58,29,105,0.3020833333333333,0.15104166666666666,1.9333333333333333,9.172413793103448,23.15,2.6666666666666665,37,0,-5.814286943261094,0.20388266871007088,0.06212962962962963,0.6460596631274588,0.0,0.1286494469582705,0.03695166626789983,0.0646104766693002,0.3185840707964602,0.22916666666666666,0.3548387096774194
tle_oneweb_24,global_dijkstra,-1,14034,192,69,33,90,0.359375,0.171875,2.3,8.623188405797102,20.599999999999994,2.4375,29,0,-4.419606401241956,0.1976096224910287,0.05657407407407407,0.634819379041496,0.0,0.15550545859369388,0.03794156103880191,0.07409307740190092,0.43564356435643564,0.3,0.22580645161290322
tle_oneweb_24,global_dijkstra,-1,14035,192,60,33,99,0.3125,0.171875,2.0,7.85,19.049999999999997,2.625,31,0,-5.834902221906324,0.19732107706197682,0.06101851851851851,0.6651777966066689,0.0,0.13185206133735544,0.036752892602664816,0.07093595130359835,0.2978723404255319,0.3225806451612903,0.3333333333333333
tle_oneweb_24,global_dijkstra,-1,14036,192,58,32,102,0.3020833333333333,0.16666666666666666,1.9333333333333333,10.362068965517242,26.0,2.716666666666667,39,0,-6.678244189402856,0.22428911154242048,0.06314814814814815,0.648836251898086,0.0,0.1327731092436975,0.0378379526292511,0.07233965381024204,0.37623762376237624,0.12727272727272726,0.3611111111111111
tle_oneweb_24,global_dijkstra,-1,14037,192,59,38,95,0.3072916666666667,0.19791666666666666,1.9666666666666666,9.135593220338983,21.0,2.484722222222222,22,0,-6.86393518027164,0.21195826200208018,0.05777777777777779,0.6444713040318288,0.0,0.13089445269785827,0.037366016930443474,0.08211126420878742,0.345679012345679,0.19718309859154928,0.425
tle_oneweb_24,global_dijkstra,-1,14038,192,52,31,109,0.2708333333333333,0.16145833333333334,1.7333333333333334,9.153846153846153,23.0,2.6944444444444446,34,0,-6.71825003568246,0.20006713628940062,0.06287037037037037,0.6361485035905533,0.0,0.11431704733175323,0.036371621145186474,0.06748015873015872,0.3409090909090909,0.1875,0.25
tle_oneweb_24,global_dijkstra,-1,14039,192,57,38,97,0.296875,0.19791666666666666,1.9,10.87719298245614,25.199999999999996,2.675,23,0,-8.723569932501078,0.25779396467787563,0.062067901234567895,0.6263970510990532,0.0,0.1206887725850574,0.0360338563366661,0.07923591658885777,0.3411764705882353,0.21311475409836064,0.32608695652173914
tle_oneweb_24,global_dijkstra,-1,14040,192,60,38,94,0.3125,0.19791666666666666,2.0,7.5,18.049999999999997,2.4652777777777777,32,0,-6.240402755126091,0.20141500651850633,0.057314814814814805,0.6575485729791546,0.0,0.13778595859478213,0.037981427207939775,0.08338274198568317,0.3595505617977528,0.28125,0.2564102564102564
tle_oneweb_24,global_dijkstra,-1,14041,192,61,36,95,0.3177083333333333,0.1875,2.033333333333333,8.78688524590164,20.0,2.5569444444444445,33,0,-5.921976270960148,0.1940603240914059,0.059382716049382715,0.6601640965315502,0.0,0.13818429936076995,0.03795329956377165,0.0811947856065503,0.425531914893617,0.20689655172413793,0.225
tle_oneweb_24,global_dijkstra,-1,14042,192,65,31,96,0.3385416666666667,0.16145833333333334,2.1666666666666665,8.476923076923077,22.0,2.459722222222222,26,0,-4.689905931380266,0.19298510058029283,0.05725308641975307,0.6497380699179349,0.0,0.1425257966434437,0.03652699000429448,0.06698385764562234,0.4329896907216495,0.20408163265306123,0.2826086956521739
tle_oneweb_24,global_dijkstra,-1,14043,192,58,30,104,0.3020833333333333,0.15625,1.9333333333333333,9.879310344827585,22.0,2.647222222222222,33,0,-6.129262507223042,0.21052649175392393,0.06166666666666667,0.6396902869324781,0.0,0.12320973688620748,0.0360260708297359,0.06164838157485216,0.3786407766990291,0.18,0.2564102564102564
tle_oneweb_24,global_dijkstra,-1,14044,192,72,26,94,0.375,0.13541666666666666,2.4,8.36111111111111,20.80000000000001,2.498611111111111,31,0,-3.1493375704498585,0.20927224287962073,0.05805555555555555,0.6466958397435628,0.0,0.16931146467911173,0.039001333485888086,0.05965722186310421,0.45348837209302323,0.3389830508474576,0.2765957446808511
tle_oneweb_24,global_dijkstra,-1,14045,192,50,35,107,0.2604166666666667,0.18229166666666666,1.6666666666666667,10.08,22.64999999999999,2.7930555555555556,33,1,-8.232615856954965,0.21950973039756272,0.06500000000000002,0.6549367951297541,0.0020833333333333333,0.11042396873279227,0.036781914598178436,0.0770850989968637,0.31313131313131315,0.21428571428571427,0.1891891891891892
tle_oneweb_24,global_dijkstra,-1,14046,192,63,30,99,0.328125,0.15625,2.1,9.222222222222221,24.799999999999997,2.609722222222222,31,0,-5.851462068854016,0.2208449298356791,0.060679012345679,0.6440296512451995,0.0,0.1360444049414638,0.03647920240837957,0.06484926021690728,0.3854166666666667,0.2727272727272727,0.2682926829268293
tle_oneweb_24,global_dijkstra,-1,14047,192,62,29,101,0.3229166666666667,0.15104166666666666,2.066666666666667,9.048387096774194,19.0,2.547222222222222,27,1,-6.125081942553903,0.2335991901410687,0.05935185185185186,0.6249744209694532,0.0018518518518518517,0.13282440326557973,0.03598478696358341,0.061135620915032676,0.3146067415730337,0.2923076923076923,0.39473684210526316
tle_oneweb_24,global_dijkstra,-1,14048,192,63,31,98,0.328125,0.16145833333333334,2.1,8.841269841269842,19.799999999999997,2.629166666666667,34,0,-5.315081618193995,0.1990993950958883,0.061080246913580244,0.6459356172534014,0.0,0.13604985156455743,0.03652490049532978,0.06652972300031122,0.32038834951456313,0.3023255813953488,0.3695652173913043
tle_oneweb_24,global_dijkstra,-1,14049,192,61,39,92,0.3177083333333333,0.203125,2.033333333333333,10.131147540983607,24.0,2.588888888888889,30,0,-7.781866148766139,0.24352629604741483,0.05999999999999999,0.6746739158414452,0.0,0.14108786910257498,0.03855118525677847,0.08936123517005871,0.43023255813953487,0.20634920634920634,0.2558139534883721
tle_oneweb_24,global_dijkstra,-1,14050,192,60,37,95,0.3125,0.19270833333333334,2.0,8.333333333333334,19.049999999999997,2.5194444444444444,34,1,-6.958262885706578,0.2183093235192982,0.05854938271604938,0.6485882467197935,0.0023809523809523807,0.13247133041250686,0.03679156806111302,0.0813608776844071,0.4268292682926829,0.15,0.32
tle_oneweb_24,full_heuristic,-1,14001,192,43,70,79,0.22395833333333334,0.3645833333333333,1.4333333333333333,9.279069767441861,19.799999999999997,2.3305555555555557,11,78,-12.355627010228027,0.20760075251308097,0.05385802469135802,0.497975740042787,0.12110875288792909,0.06730792578046582,0.030126406316427972,0.1093754738777622,0.22727272727272727,0.2033898305084746,0.24444444444444444
tle_oneweb_24,full_heuristic,-1,14002,192,42,68,82,0.21875,0.3541666666666667,1.4,7.928571428571429,19.799999999999983,2.2680555555555557,9,102,-11.03492489463134,0.16196122688684678,0.05256172839506172,0.5075498668084771,0.16642703078966373,0.0712591164450432,0.031548073322858104,0.10957162646858433,0.2761904761904762,0.1509433962264151,0.14705882352941177
tle_oneweb_24,full_heuristic,-1,14003,192,44,72,76,0.22916666666666666,0.375,1.4666666666666666,7.25,16.85,2.1416666666666666,9,83,-11.833489873177461,0.18775147385869165,0.0495679012345679,0.5220890063073387,0.13257267840219786,0.07132270729524734,0.030282234895214026,0.11396881119135124,0.19101123595505617,0.2631578947368421,0.2608695652173913
tle_oneweb_24,full_heuristic,-1,14004,192,35,72,85,0.18229166666666666,0.375,1.1666666666666667,9.542857142857143,20.599999999999994,2.352777777777778,9,113,-12.89705178858287,0.18509977757247473,0.05453703703703704,0.49924313841077234,0.17889609415925206,0.05522401321028324,0.029843003911085075,0.11146625622026082,0.21153846153846154,0.1016949152542373,0.2413793103448276
tle_oneweb_24,full_heuristic,-1,14005,192,47,69,76,0.24479166666666666,0.359375,1.5666666666666667,7.042553191489362,15.699999999999996,2.1194444444444445,9,71,-12.077843923243636,0.21219031978742237,0.049074074074074076,0.5358022001567202,0.11153237177264635,0.07504602101856106,0.031021337160073936,0.11112421617284317,0.22105263157894736,0.265625,0.2727272727272727
tle_oneweb_24,full_heuristic,-1,14006,192,38,74,80,0.19791666666666666,0.3854166666666667,1.2666666666666666,9.131578947368421,20.449999999999996,2.2569444444444446,9,76,-12.114303655115245,0.1787885512853206,0.05225308641975309,0.4854175693261879,0.12111908559276978,0.06249246854510012,0.03041309952661585,0.11619857725120884,0.2815533980582524,0.10638297872340426,0.09523809523809523
tle_oneweb_24,full_heuristic,-1,14007,192,50,65,77,0.2604166666666667,0.3385416666666667,1.6666666666666667,7.28,17.549999999999997,2.125,10,106,-10.174742756679233,0.16793519708822383,0.04922839506172839,0.5020942507700575,0.17333716372617974,0.0833953502002701,0.03107342599796907,0.10532333936510135,0.34065934065934067,0.1935483870967742,0.1794871794871795
tle_oneweb_24,full_heuristic,-1,14008,192,58,69,65,0.3020833333333333,0.359375,1.9333333333333333,6.724137931034483,15.449999999999996,1.9277777777777778,10,45,-9.387071981441668,0.1695369967248128,0.04447530864197531,0.534509731734928,0.07467323401634882,0.09854412925283838,0.03222756661738625,0.11663251880508577,0.32978723404255317,0.2982456140350877,0.24390243902439024
tle_oneweb_24,full_heuristic,-1,14009,192,50,77,65,0.2604166666666667,0.4010416666666667,1.6666666666666667,8.42,18.549999999999997,2.165277777777778,8,104,-11.831529291098903,0.18930940412218303,0.04975308641975308,0.5001986139957711,0.17142695770724442,0.08246761121525559,0.03100682050827346,0.12140086194198456,0.2826086956521739,0.22033898305084745,0.2682926829268293
tle_oneweb_24,full_heuristic,-1,14010,192,41,74,77,0.21354166666666666,0.3854166666666667,1.3666666666666667,9.121951219512194,20.0,2.2194444444444446,9,65,-11.651387137147637,0.16534740094058448,0.05132716049382715,0.5205250198267268,0.10385103761820008,0.06760300499144892,0.03136679291420999,0.12060853154388623,0.29411764705882354,0.07142857142857142,0.20588235294117646
tle_oneweb_24,full_heuristic,-1,14011,192,44,72,76,0.22916666666666666,0.375,1.4666666666666666,8.5,16.85,2.176388888888889,9,71,-11.848052147517144,0.1892418823172729,0.05033950617283949,0.5306483212866068,0.11540853396116553,0.07544297606991106,0.03183556916597169,0.11848872031534566,0.2916666666666667,0.14516129032258066,0.20588235294117646
tle_oneweb_24,full_heuristic,-1,14012,192,44,67,81,0.22916666666666666,0.3489583333333333,1.4666666666666666,8.477272727272727,17.85,2.3069444444444445,11,100,-11.027630365743962,0.1764110918996414,0.05339506172839507,0.49135356650629014,0.1528633424800473,0.06974771414702764,0.029801104095944757,0.10263391515679844,0.25274725274725274,0.19298245614035087,0.22727272727272727
tle_oneweb_24,full_heuristic,-1,14013,192,46,67,79,0.23958333333333334,0.3489583333333333,1.5333333333333334,7.239130434782608,20.0,2.1569444444444446,8,107,-11.792195747328876,0.19913911836394646,0.05,0.5099156624546891,0.17566728392579783,0.07900872948860566,0.03158240896022058,0.11133413413212175,0.2247191011235955,0.23076923076923078,0.2894736842105263
tle_oneweb_24,full_heuristic,-1,14014,192,41,81,70,0.21354166666666666,0.421875,1.3666666666666667,8.21951219512195,17.0,2.1013888888888888,10,63,-13.304142879137881,0.20579017170532718,0.04848765432098765,0.5197286575751686,0.10256717243037741,0.0680762282242966,0.031176252031434416,0.129719832572168,0.22826086956521738,0.1694915254237288,0.24390243902439024
tle_oneweb_24,full_heuristic,-1,14015,192,45,65,82,0.234375,0.3385416666666667,1.5,6.688888888888889,15.799999999999997,2.1444444444444444,9,69,-10.666279327884844,0.18223923482204185,0.04981481481481482,0.5051944931848333,0.10816278729322207,0.07569314150549847,0.03091151024459614,0.10479734139917207,0.1935483870967742,0.2641509433962264,0.2826086956521739
tle_oneweb_24,full_heuristic,-1,14016,192,39,73,80,0.203125,0.3802083333333333,1.3,7.666666666666667,19.0,2.390277777777778,9,86,-11.837075714703788,0.16654029735546347,0.055216049382716056,0.5010050600446738,0.13799762911891056,0.06271461757159698,0.030140512612446803,0.11428560284109482,0.26262626262626265,0.14545454545454545,0.13157894736842105
tle_oneweb_24,full_heuristic,-1,14017,192,53,60,79,0.2760416666666667,0.3125,1.7666666666666666,7.60377358490566,19.4,2.2625,11,92,-9.516333372448965,0.17881950906511784,0.05234567901234568,0.5154024749466419,0.14807176423881227,0.08862292805084566,0.030598736983313682,0.09477322110045222,0.3106796116504854,0.19607843137254902,0.2894736842105263
tle_oneweb_24,full_heuristic,-1,14018,192,36,76,80,0.1875,0.3958333333333333,1.2,6.861111111111111,15.25,2.201388888888889,10,93,-12.748368740668159,0.17958305767623922,0.05101851851851851,0.5023548639601664,0.14798161152448402,0.060638305037618544,0.031040355029793944,0.12144425903461438,0.14285714285714285,0.2033898305084746,0.2619047619047619
tle_oneweb_24,full_heuristic,-1,14019,192,36,70,86,0.1875,0.3645833333333333,1.2,8.194444444444445,18.75,2.334722222222222,10,92,-13.046560672273216,0.20026307737452007,0.05416666666666667,0.5278402687125848,0.15205885806286265,0.06376968981946098,0.031786782323977095,0.1162269239786402,0.1875,0.16981132075471697,0.20930232558139536
tle_oneweb_24,full_heuristic,-1,14020,192,38,81,73,0.19791666666666666,0.421875,1.2666666666666666,7.921052631578948,17.449999999999996,2.1625,9,100,-12.996974889913748,0.182285958398242,0.04993827160493828,0.5000457780066492,0.1590050831372005,0.06485396692019388,0.030922145533316844,0.1279030227536083,0.23469387755102042,0.15254237288135594,0.17142857142857143
tle_oneweb_24,full_heuristic,-1,14021,192,36,74,82,0.1875,0.3854166666666667,1.2,7.611111111111111,18.0,2.2416666666666667,11,71,-12.131604557534468,0.1724073057855965,0.05197530864197531,0.510879686614205,0.11338763416852661,0.06037277240938568,0.03086526253690646,0.11714639447763016,0.21904761904761905,0.1568627450980392,0.1388888888888889
tle_oneweb_24,full_heuristic,-1,14022,192,37,71,84,0.19270833333333334,0.3697916666666667,1.2333333333333334,7.891891891891892,21.199999999999996,2.3319444444444444,10,100,-11.734389751824606,0.16665809134209655,0.054043209876543215,0.505179530900179,0.15714070562233168,0.0622180039988628,0.030261235824264227,0.11035872800915202,0.23529411764705882,0.0851063829787234,0.20930232558139536
tle_oneweb_24,full_heuristic,-1,14023,192,41,74,77,0.21354166666666666,0.3854166666666667,1.3666666666666667,7.170731707317073,14.0,2.290277777777778,10,119,-11.534211907929809,0.15500108848565122,0.05290123456790123,0.49506663074970525,0.1875572802682777,0.06668882075632647,0.030652656243230183,0.11522295544202935,0.23148148148148148,0.1875,0.19444444444444445
tle_oneweb_24,full_heuristic,-1,14024,192,38,78,76,0.19791666666666666,0.40625,1.2666666666666666,8.842105263157896,18.15,2.1319444444444446,8,85,-13.399684042233659,0.19930254359945715,0.049351851851851855,0.5119170851959327,0.13929710996341765,0.06090800122836736,0.030890817845648975,0.12377394991003819,0.25287356321839083,0.1746031746031746,0.11904761904761904
tle_oneweb_24,full_heuristic,-1,14025,192,24,74,94,0.125,0.3854166666666667,0.8,7.5,13.849999999999998,2.4944444444444445,10,94,-13.974349176785921,0.18345115135826207,0.057962962962962966,0.5019713642181508,0.15278394575591372,0.040965530041616995,0.03067064120427907,0.11705009394368664,0.1134020618556701,0.15789473684210525,0.10526315789473684
tle_oneweb_24,full_heuristic,-1,14026,192,38,72,82,0.19791666666666666,0.375,1.2666666666666666,7.342105263157895,15.299999999999997,2.275,12,117,-12.728307202541135,0.19443325922300897,0.05271604938271604,0.4839017560684465,0.18130670362128162,0.061722558368977797,0.02994245221029083,0.11173508160400743,0.1827956989247312,0.23728813559322035,0.175
tle_oneweb_24,full_heuristic,-1,14027,192,39,76,77,0.203125,0.3958333333333333,1.3,6.9743589743589745,16.0,2.191666666666667,8,53,-11.408455567510268,0.1519150504650562,0.05070987654320988,0.5103771221731154,0.08799085454860121,0.06544588342289917,0.03196296404468421,0.12342924393250815,0.24271844660194175,0.14035087719298245,0.1875
tle_oneweb_24,full_heuristic,-1,14028,192,39,68,85,0.203125,0.3541666666666667,1.3,8.692307692307692,19.0,2.261111111111111,8,110,-12.317270838456034,0.19156340727992613,0.052500000000000005,0.500250651734813,0.17730046991690554,0.06512316705444986,0.03102448781193105,0.10933550675305956,0.24761904761904763,0.12280701754385964,0.2
tle_oneweb_24,full_heuristic,-1,14029,192,44,75,73,0.22916666666666666,0.390625,1.4666666666666666,9.431818181818182,20.700000000000003,2.3569444444444443,10,87,-12.5461452833648,0.1904855047865049,0.05425925925925925,0.5107406429138481,0.14825181721904024,0.07351539394159531,0.03134679971269282,0.1237418053808214,0.32142857142857145,0.15625,0.1590909090909091
tle_oneweb_24,full_heuristic,-1,14030,192,49,73,70,0.2552083333333333,0.3802083333333333,1.6333333333333333,7.428571428571429,19.599999999999994,2.0236111111111112,8,72,-10.892480895149298,0.16945881502447102,0.046759259259259264,0.5258362048050184,0.11333880666428789,0.07870843666038173,0.030661473918209312,0.11765790909434064,0.29591836734693877,0.16129032258064516,0.3125
tle_oneweb_24,full_heuristic,-1,14031,192,37,74,81,0.19270833333333334,0.3854166666666667,1.2333333333333334,6.918918918918919,19.199999999999996,2.129166666666667,11,73,-11.63036348569977,0.15728969462802742,0.04944444444444444,0.5146528053776936,0.1196991070542356,0.06231400311374062,0.031152722328113825,0.11847058235956472,0.2604166666666667,0.13559322033898305,0.10810810810810811
tle_oneweb_24,full_heuristic,-1,14032,192,40,79,73,0.20833333333333334,0.4114583333333333,1.3333333333333333,7.475,20.049999999999997,2.223611111111111,9,91,-12.987480414714273,0.1881551674966658,0.0512962962962963,0.5135151414838478,0.14373655728616022,0.06396662527433829,0.03044134004164724,0.12425705011450063,0.21495327102803738,0.18181818181818182,0.23333333333333334
tle_oneweb_24,full_heuristic,-1,14033,192,42,71,79,0.21875,0.3697916666666667,1.4,8.047619047619047,18.949999999999996,2.213888888888889,8,99,-11.504319746861846,0.17543820230024568,0.05126543209876543,0.4959437439364563,0.15731777493606142,0.07068995121105097,0.031050155729815343,0.11212186719219969,0.24778761061946902,0.14583333333333334,0.22580645161290322
tle_oneweb_24,full_heuristic,-1,14034,192,43,69,80,0.22395833333333334,0.359375,1.4333333333333333,8.348837209302326,17.799999999999997,2.2319444444444443,10,105,-11.611017719751953,0.18735091297051418,0.05169753086419752,0.5184710786109153,0.16758719822725746,0.07215320615256676,0.030454994380582117,0.10711067584519597,0.26732673267326734,0.21666666666666667,0.0967741935483871
tle_oneweb_24,full_heuristic,-1,14035,192,50,68,74,0.2604166666666667,0.3541666666666667,1.6666666666666667,6.64,19.549999999999997,2.216666666666667,10,96,-11.009556478362457,0.18924716495636082,0.051172839506172824,0.5043591072005614,0.15395444891776833,0.08320355708564083,0.03118462691301801,0.10943081518024306,0.23404255319148937,0.2903225806451613,0.2777777777777778
tle_oneweb_24,full_heuristic,-1,14036,192,34,74,84,0.17708333333333334,0.3854166666666667,1.1333333333333333,7.764705882352941,20.049999999999994,2.263888888888889,12,91,-12.708712583974481,0.17758160623498428,0.05253086419753086,0.508925906434108,0.14410803166237948,0.05745422653031349,0.030972540894669647,0.11805722860070685,0.22772277227722773,0.10909090909090909,0.1388888888888889
tle_oneweb_24,full_heuristic,-1,14037,192,35,82,75,0.18229166666666666,0.4270833333333333,1.1666666666666667,6.9714285714285715,16.0,2.2152777777777777,10,86,-13.43283553058063,0.18064371699367093,0.05117283950617283,0.515126132721225,0.13975420550817647,0.05884799152129882,0.03122428711425883,0.13064464785574623,0.18518518518518517,0.11267605633802817,0.3
tle_oneweb_24,full_heuristic,-1,14038,192,34,67,91,0.17708333333333334,0.3489583333333333,1.1333333333333333,9.5,23.049999999999994,2.4458333333333333,11,122,-12.815685345741393,0.18435685719380807,0.05679012345679012,0.4939259385387257,0.19923029741679624,0.05707717911379239,0.03103865722836133,0.10960619736649485,0.2159090909090909,0.15625,0.125
tle_oneweb_24,full_heuristic,-1,14039,192,38,77,77,0.19791666666666666,0.4010416666666667,1.2666666666666666,7.842105263157895,17.15,2.1791666666666667,11,83,-12.98289809154392,0.19357117383562705,0.0504320987654321,0.5066591537183499,0.13117679739533286,0.0623230383270429,0.03093648991561987,0.12174878484089009,0.1411764705882353,0.21311475409836064,0.2826086956521739
tle_oneweb_24,full_heuristic,-1,14040,192,49,73,70,0.2552083333333333,0.3802083333333333,1.6333333333333333,7.1020408163265305,15.0,1.9944444444444445,8,69,-11.431937178599547,0.19605572848644462,0.04611111111111111,0.4861879831213243,0.11396536191158617,0.08129386240084181,0.0312539065286259,0.11808520934951143,0.24719101123595505,0.265625,0.2564102564102564
tle_oneweb_24,full_heuristic,-1,14041,192,41,75,76,0.21354166666666666,0.390625,1.3666666666666667,7.463414634146342,15.0,2.147222222222222,9,73,-11.98650477412902,0.17658624888059726,0.049691358024691365,0.5208882785633071,0.11876775959441863,0.06701610195889371,0.0312262695011938,0.11913901051486864,0.2553191489361702,0.20689655172413793,0.125
tle_oneweb_24,full_heuristic,-1,14042,192,41,77,74,0.21354166666666666,0.4010416666666667,1.3666666666666667,7.926829268292683,18.0,2.2083333333333335,9,76,-12.366996978311366,0.18412424577233916,0.05098765432098764,0.5073051177127398,0.122986913925129,0.068273843920297,0.03116650288159982,0.12271100318869196,0.24742268041237114,0.1836734693877551,0.17391304347826086
tle_oneweb_24,full_heuristic,-1,14043,192,34,70,88,0.17708333333333334,0.3645833333333333,1.1333333333333333,7.9411764705882355,18.0,2.3541666666666665,11,96,-12.759897809688788,0.18453533865609603,0.054660493827160504,0.5022721856534191,0.1500592610203594,0.05319702555686537,0.030124364680223673,0.11010436857404819,0.18446601941747573,0.12,0.23076923076923078
tle_oneweb_24,full_heuristic,-1,14044,192,39,72,81,0.203125,0.375,1.3,7.153846153846154,21.1,2.1791666666666667,12,96,-11.779364236160571,0.17012467269369724,0.05055555555555555,0.48378571972873974,0.15086806569240274,0.06375882630055467,0.030529122459816267,0.11399445632215856,0.19767441860465115,0.2542372881355932,0.14893617021276595
tle_oneweb_24,full_heuristic,-1,14045,192,40,68,84,0.20833333333333334,0.3541666666666667,1.3333333333333333,8.65,18.0,2.3125,12,84,-12.388337453836082,0.2013475804112312,0.053611111111111116,0.5074385906373491,0.13549810241457838,0.06580418987741642,0.030699678704917337,0.1097015224160533,0.24242424242424243,0.16071428571428573,0.1891891891891892
tle_oneweb_24,full_heuristic,-1,14046,192,37,72,83,0.19270833333333334,0.375,1.2333333333333334,7.594594594594595,19.0,2.1777777777777776,9,114,-12.213788140921512,0.16890158108038006,0.05058641975308642,0.5066559044544982,0.18470855274058934,0.06089481075751099,0.031034100354674916,0.11441723248359402,0.20833333333333334,0.16363636363636364,0.1951219512195122
tle_oneweb_24,full_heuristic,-1,14047,192,40,74,78,0.20833333333333334,0.3854166666666667,1.3333333333333333,7.55,20.0,2.1666666666666665,8,78,-12.218305826598238,0.17720842579388738,0.05018518518518519,0.4994860113853159,0.12204964541348981,0.06282462304201435,0.030366445357591688,0.11908717913580615,0.20224719101123595,0.15384615384615385,0.3157894736842105
tle_oneweb_24,full_heuristic,-1,14048,192,44,70,78,0.22916666666666666,0.3645833333333333,1.4666666666666666,8.136363636363637,18.0,2.202777777777778,9,101,-12.299098065171183,0.19608131273629426,0.050987654320987646,0.5126075850094136,0.16248462663155083,0.07152170659540426,0.03140147027331981,0.11462204082442337,0.1941747572815534,0.2558139534883721,0.2826086956521739
tle_oneweb_24,full_heuristic,-1,14049,192,37,83,72,0.19270833333333334,0.4322916666666667,1.2333333333333334,8.783783783783784,19.39999999999997,2.3097222222222222,10,91,-13.11107878444105,0.16018682792433747,0.053179012345679004,0.5156088448060787,0.15218416876244314,0.061934736168145786,0.03213273659232119,0.13648220106222528,0.3372093023255814,0.06349206349206349,0.09302325581395349
tle_oneweb_24,full_heuristic,-1,14050,192,36,82,74,0.1875,0.4270833333333333,1.2,7.305555555555555,19.0,2.2069444444444444,9,90,-13.743975125964717,0.19740427614234665,0.05095679012345677,0.516097879061143,0.14102303546525516,0.05854525422031143,0.030426332648799754,0.12709813806714465,0.18292682926829268,0.18333333333333332,0.2
