scenario,policy,policy_seed,workload_seed,generated,delivered,dropped,backlog,delivery_ratio,drop_rate,throughput_packets_per_slot,average_delay_slots,p95_delay_slots,mean_queue_packets,max_queue_packets,routing_switches,episode_reward,global_delay_cost,global_queue_cost,global_load_imbalance,global_switch_cost,global_throughput_reward,global_control_overhead_ratio,global_drop_cost,class_0_delivery_ratio,class_1_delivery_ratio,class_2_delivery_ratio
n24,mappo_transfer_n24,1024,16001,192,146,0,46,0.7604166666666666,0.0,4.866666666666666,5.8493150684931505,11.0,1.2680555555555555,9,28,9.992052531866179,0.19990207914168867,0.0292283950617284,0.6974694153913151,0.05860107470788584,0.3216935627152345,0.055667560298164484,0.0,0.7525773195876289,0.8461538461538461,0.6744186046511628
n24,mappo_transfer_n24,1024,16002,192,138,4,50,0.71875,0.020833333333333332,4.6,5.913043478260869,11.0,1.3458333333333334,10,42,8.245329576514925,0.19019181816830316,0.03108024691358025,0.7006951078135123,0.08724521049985445,0.29907721950678606,0.05434840288272606,0.007650355463822955,0.7352941176470589,0.62,0.8
n24,mappo_transfer_n24,1024,16003,192,138,6,48,0.71875,0.03125,4.6,6.268115942028985,11.0,1.4208333333333334,10,29,6.894695039243057,0.22022467834982365,0.032685185185185185,0.696398641392402,0.06213373901067399,0.29464973393765964,0.054198274231170955,0.012808517019043335,0.7682926829268293,0.7272727272727273,0.5757575757575758
n24,mappo_transfer_n24,1024,16004,192,141,8,43,0.734375,0.041666666666666664,4.7,5.858156028368795,10.0,1.3319444444444444,12,41,7.410680138431529,0.19521625617225677,0.030555555555555558,0.6840185407819382,0.08359245115050067,0.29528132328054923,0.05289012473369805,0.016734958940841295,0.75,0.6724137931034483,0.7857142857142857
n24,mappo_transfer_n24,1024,16005,192,134,6,52,0.6979166666666666,0.03125,4.466666666666667,6.559701492537314,12.349999999999994,1.5083333333333333,11,34,6.172878263175636,0.2045759475699854,0.03475308641975308,0.6757563296963326,0.06966966498700243,0.2739923810279848,0.05190322428078789,0.011571924091273937,0.7169811320754716,0.6444444444444445,0.7073170731707317
n24,mappo_transfer_n24,1024,16006,192,155,3,34,0.8072916666666666,0.015625,5.166666666666667,5.412903225806452,9.299999999999983,1.163888888888889,8,27,11.071718092835978,0.1927940399321682,0.026543209876543208,0.7028704138088836,0.06000429438122936,0.3418383547137417,0.05587810439573453,0.006357560568086884,0.8351648351648352,0.7727272727272727,0.8
n24,mappo_transfer_n24,1024,16007,192,142,3,47,0.7395833333333334,0.015625,4.733333333333333,6.316901408450704,11.0,1.3833333333333333,11,43,8.221496441388547,0.21074208023391836,0.03182098765432099,0.6996037268102534,0.0901351874532989,0.3077435607621367,0.05459020617773329,0.005895969498910675,0.7244897959183674,0.6949152542372882,0.8571428571428571
n24,mappo_transfer_n24,1024,16008,192,142,3,47,0.7395833333333334,0.015625,4.733333333333333,5.647887323943662,10.949999999999989,1.2513888888888889,11,31,9.875542070453976,0.1880114148639693,0.028888888888888888,0.7210779012284472,0.07184590736061325,0.32268611018611026,0.0573784706435098,0.006425070028011204,0.7326732673267327,0.6875,0.813953488372093
n24,mappo_transfer_n24,1024,16009,192,150,1,41,0.78125,0.005208333333333333,5.0,6.046666666666667,11.0,1.3277777777777777,9,27,9.118779438225753,0.1956756931167794,0.030401234567901232,0.6813542631980718,0.05272344886508973,0.30540788073295816,0.0514934696416268,0.0015151515151515152,0.8061224489795918,0.7142857142857143,0.8157894736842105
n24,mappo_transfer_n24,1024,16010,192,142,2,48,0.7395833333333334,0.010416666666666666,4.733333333333333,5.394366197183099,10.0,1.2,10,29,9.74910282598904,0.19713913538605304,0.027777777777777776,0.6984650417879107,0.06335763837698823,0.320435698345915,0.05655899957836137,0.004183006535947712,0.7282608695652174,0.7681159420289855,0.7096774193548387
n24,mappo_transfer_n24,123,16001,192,149,1,42,0.7760416666666666,0.005208333333333333,4.966666666666667,5.825503355704698,10.599999999999994,1.2638888888888888,10,38,9.698401335000225,0.19403392606193412,0.029012345679012338,0.6918214377131504,0.07221687797926188,0.31651685030942,0.05375562216696458,0.0017543859649122805,0.7628865979381443,0.8269230769230769,0.7441860465116279
n24,mappo_transfer_n24,123,16002,192,135,6,51,0.703125,0.03125,4.5,5.844444444444444,11.299999999999997,1.3680555555555556,10,58,7.477576124272163,0.18686881194114288,0.03160493827160493,0.7050837880601714,0.12088273096013034,0.29269939397261374,0.05386994285567734,0.011960784313725489,0.7549019607843137,0.54,0.775
n24,mappo_transfer_n24,123,16003,192,139,6,47,0.7239583333333334,0.03125,4.633333333333334,6.539568345323741,11.0,1.4847222222222223,10,47,5.974194094922333,0.23056716729070842,0.03407407407407407,0.6906499721611622,0.09541058528674627,0.28738868916887494,0.05279502759825055,0.012192265795206972,0.7804878048780488,0.7272727272727273,0.5757575757575758
n24,mappo_transfer_n24,123,16004,192,137,8,47,0.7135416666666666,0.041666666666666664,4.566666666666666,5.897810218978102,12.0,1.4027777777777777,12,44,6.839392888230204,0.19414858592501133,0.03225308641975309,0.6835188231403052,0.08855834439038773,0.2861101865397532,0.05257594299521011,0.016484204793028322,0.7282608695652174,0.6379310344827587,0.7857142857142857
n24,mappo_transfer_n24,123,16005,192,133,8,51,0.6927083333333334,0.041666666666666664,4.433333333333334,6.398496240601504,12.399999999999991,1.5027777777777778,10,45,5.945331236888468,0.19720353380379912,0.03459876543209877,0.6838668278360657,0.09031740361461725,0.27325159460995374,0.052432589970517016,0.01587475633528265,0.7264150943396226,0.5777777777777777,0.7317073170731707
n24,mappo_transfer_n24,123,16006,192,148,5,39,0.7708333333333334,0.026041666666666668,4.933333333333334,5.864864864864865,10.650000000000006,1.2930555555555556,8,34,9.314912074278372,0.1992471985993589,0.029567901234567897,0.7046889856444836,0.07337986904163375,0.32263075675614383,0.05514348706183045,0.010601851851851852,0.8021978021978022,0.7121212121212122,0.8
n24,mappo_transfer_n24,123,16007,192,136,5,51,0.7083333333333334,0.026041666666666668,4.533333333333333,6.573529411764706,12.0,1.4708333333333334,12,68,6.590973308196661,0.2115562161820016,0.033888888888888885,0.7011470792970221,0.14377001452852847,0.29126228876615884,0.05382021723167385,0.009953703703703704,0.7142857142857143,0.6271186440677966,0.8285714285714286
n24,mappo_transfer_n24,123,16008,192,137,4,51,0.7135416666666666,0.020833333333333332,4.566666666666666,6.299270072992701,11.0,1.3972222222222221,11,53,7.6809474985289325,0.20120616081410514,0.03225308641975309,0.7162149732470054,0.11485141492494431,0.30044266778399903,0.05581384352145681,0.008835978835978834,0.7128712871287128,0.6458333333333334,0.7906976744186046
n24,mappo_transfer_n24,123,16009,192,144,3,45,0.75,0.015625,4.8,5.958333333333333,10.0,1.3625,9,42,7.833073349954232,0.1929040553243549,0.0312962962962963,0.6853084221928735,0.0834381753151103,0.29083797824122903,0.051590398794979474,0.006127450980392158,0.7551020408163265,0.6785714285714286,0.8421052631578947
n24,mappo_transfer_n24,123,16010,192,139,6,47,0.7239583333333334,0.03125,4.633333333333334,5.431654676258993,10.0,1.2430555555555556,10,39,8.068062269481388,0.19910357381148705,0.0287037037037037,0.6918253465016104,0.0802971402236108,0.30226193468840534,0.05410368643407409,0.011434796140678494,0.6847826086956522,0.7246376811594203,0.8387096774193549
n24,mappo_transfer_n24,2024,16001,192,144,2,46,0.75,0.010416666666666666,4.8,6.125,11.0,1.3347222222222221,13,33,9.17074354903776,0.20019000065004933,0.030709876543209877,0.7023895902033679,0.06704294673334922,0.3137811755381415,0.055122328157980634,0.003976608187134503,0.7319587628865979,0.8269230769230769,0.6976744186046512
n24,mappo_transfer_n24,2024,16002,192,139,3,50,0.7239583333333334,0.015625,4.633333333333334,5.928057553956834,12.0,1.3347222222222221,10,40,8.344544568213072,0.1936668592506549,0.03083333333333333,0.7010444146269923,0.08357184754243578,0.30032275730805147,0.05397247676048093,0.0059722222222222225,0.7647058823529411,0.6,0.775
n24,mappo_transfer_n24,2024,16003,192,141,6,45,0.734375,0.03125,4.7,6.319148936170213,12.0,1.4402777777777778,13,35,6.869701517670009,0.22677455512358927,0.033024691358024695,0.6958846733270014,0.07009136403099252,0.2972495104654547,0.05318975771237897,0.01169447311088178,0.7439024390243902,0.7662337662337663,0.6363636363636364
n24,mappo_transfer_n24,2024,16004,192,137,10,45,0.7135416666666666,0.052083333333333336,4.566666666666666,5.635036496350365,10.0,1.3680555555555556,11,42,6.997129372455967,0.18617445781624267,0.03141975308641975,0.6784222458930466,0.08348280832800956,0.2872897505830942,0.05281987706797774,0.020105410585286743,0.7065217391304348,0.6724137931034483,0.7857142857142857
n24,mappo_transfer_n24,2024,16005,192,140,4,48,0.7291666666666666,0.020833333333333332,4.666666666666667,6.6571428571428575,13.049999999999983,1.475,13,25,7.159902494324164,0.2084576921417941,0.03388888888888889,0.6826676173490501,0.05032583973760444,0.2873391151332328,0.051939367276358304,0.00846007206301324,0.7358490566037735,0.6666666666666666,0.7804878048780488
n24,mappo_transfer_n24,2024,16006,192,153,3,36,0.796875,0.015625,5.1,5.712418300653595,10.400000000000006,1.2486111111111111,8,27,10.288609140532994,0.20179043874295774,0.028487654320987654,0.700008948468868,0.05686681982734614,0.3331292976029819,0.054982843242413995,0.005925925925925926,0.7912087912087912,0.803030303030303,0.8
n24,mappo_transfer_n24,2024,16007,192,137,5,50,0.7135416666666666,0.026041666666666668,4.566666666666666,6.635036496350365,12.0,1.475,13,46,6.823197350446032,0.21299198905722233,0.033950617283950615,0.7013481027740699,0.09372542876799841,0.2910708772937875,0.053590064743113515,0.010155228758169934,0.6938775510204082,0.6610169491525424,0.8571428571428571
n24,mappo_transfer_n24,2024,16008,192,141,3,48,0.734375,0.015625,4.7,5.843971631205674,11.0,1.3125,10,32,9.73816422681622,0.19180316748359102,0.030277777777777775,0.7291017364386755,0.07161316753422016,0.32334356189619345,0.057282146134166184,0.006547619047619048,0.7128712871287128,0.6666666666666666,0.8604651162790697
n24,mappo_transfer_n24,2024,16009,192,145,2,45,0.7552083333333334,0.010416666666666666,4.833333333333333,5.9655172413793105,11.0,1.3319444444444444,9,35,8.424860561600381,0.19046977411581015,0.030617283950617285,0.684077989080556,0.07018937489525724,0.295459940386411,0.051819202227315425,0.0037500000000000003,0.8163265306122449,0.6428571428571429,0.7631578947368421
n24,mappo_transfer_n24,2024,16010,192,144,5,43,0.75,0.026041666666666668,4.8,5.270833333333333,9.0,1.1791666666666667,12,35,9.649886758292004,0.18757804083539678,0.027160493827160497,0.6954034796298639,0.0709609934842133,0.3202494015845409,0.05579063745313411,0.010108932461873638,0.75,0.7101449275362319,0.8387096774193549
n24,mappo_transfer_n24,314,16001,192,146,2,44,0.7604166666666666,0.010416666666666666,4.866666666666666,5.972602739726027,11.0,1.2902777777777779,11,15,10.03112517679178,0.20031085540064733,0.029660493827160496,0.7055629060439377,0.030932130162006324,0.32554265079032885,0.05615034937633857,0.005158730158730159,0.7422680412371134,0.8269230769230769,0.7209302325581395
n24,mappo_transfer_n24,314,16002,192,138,4,50,0.71875,0.020833333333333332,4.6,6.101449275362318,12.0,1.4069444444444446,11,19,8.235803109617962,0.2008907903698199,0.032438271604938264,0.7086578508974913,0.041321793674734854,0.3011300246594365,0.05525344077541772,0.008118191721132897,0.7450980392156863,0.62,0.775
n24,mappo_transfer_n24,314,16003,192,143,4,45,0.7447916666666666,0.020833333333333332,4.766666666666667,6.223776223776224,12.0,1.4027777777777777,12,26,7.891765977205185,0.22017334214428266,0.032191358024691356,0.7025685640200056,0.053632628264981205,0.3057683928272164,0.05391638540325253,0.008088235294117648,0.7682926829268293,0.7662337662337663,0.6363636363636364
n24,mappo_transfer_n24,314,16004,192,139,8,45,0.7239583333333334,0.041666666666666664,4.633333333333334,5.863309352517986,11.099999999999994,1.3791666666666667,11,27,7.723365331069025,0.19481996335721868,0.03166666666666667,0.6880679258446929,0.057796845683842586,0.29903800634063793,0.05433351644395538,0.01733884579472815,0.7065217391304348,0.6724137931034483,0.8333333333333334
n24,mappo_transfer_n24,314,16005,192,137,1,54,0.7135416666666666,0.005208333333333333,4.566666666666666,6.510948905109489,13.0,1.4875,13,25,8.054731761588528,0.20005322500578665,0.03435185185185185,0.698601441520483,0.054289514951279656,0.2933105592664416,0.054328617392488655,0.0022222222222222222,0.6886792452830188,0.6888888888888889,0.8048780487804879
n24,mappo_transfer_n24,314,16006,192,154,1,37,0.8020833333333334,0.005208333333333333,5.133333333333334,5.558441558441558,11.0,1.1944444444444444,10,18,11.493432337789718,0.19803730321841104,0.02731481481481481,0.7103474233961703,0.03880396693090191,0.34547686145983364,0.05645848934125045,0.0017543859649122805,0.8131868131868132,0.8181818181818182,0.7428571428571429
n24,mappo_transfer_n24,314,16007,192,139,5,48,0.7239583333333334,0.026041666666666668,4.633333333333334,6.676258992805756,12.0,1.4861111111111112,12,32,7.468996165965709,0.22034382059104818,0.034135802469135806,0.7144798483631367,0.06814952949240875,0.3036715610670719,0.05548190751781631,0.010049019607843136,0.6938775510204082,0.6779661016949152,0.8857142857142857
n24,mappo_transfer_n24,314,16008,192,138,3,51,0.71875,0.015625,4.6,6.195652173913044,11.150000000000006,1.3736111111111111,12,39,8.904435263243279,0.2043145330212638,0.0317283950617284,0.7314948974205858,0.09090465906642377,0.3183705591793827,0.05803700862761588,0.006547619047619048,0.6831683168316832,0.7083333333333334,0.813953488372093
n24,mappo_transfer_n24,314,16009,192,151,1,40,0.7864583333333334,0.005208333333333333,5.033333333333333,5.920529801324503,12.0,1.3097222222222222,11,23,9.668592754317698,0.19315124163572825,0.02996913580246913,0.6888961106061948,0.049293658984061454,0.31410081418982355,0.05278405338683656,0.0023809523809523807,0.8061224489795918,0.7142857142857143,0.8421052631578947
n24,mappo_transfer_n24,314,16010,192,142,3,47,0.7395833333333334,0.015625,4.733333333333333,5.345070422535211,10.0,1.2194444444444446,12,28,9.522452855706414,0.19820675319914063,0.02817901234567901,0.7060763326375501,0.05895697167755991,0.3196032643826761,0.055868873446321174,0.0065277777777777764,0.7065217391304348,0.782608695652174,0.7419354838709677
n24,mappo_transfer_n24,42,16001,192,147,2,43,0.765625,0.010416666666666666,4.9,5.829931972789115,10.699999999999989,1.2916666666666667,10,32,9.771744643026802,0.1879945032638951,0.0296604938271605,0.6966785599853463,0.06338655052664341,0.316453641960608,0.054389594610111155,0.003837719298245614,0.7319587628865979,0.8076923076923077,0.7906976744186046
n24,mappo_transfer_n24,42,16002,192,142,2,48,0.7395833333333334,0.010416666666666666,4.733333333333333,5.901408450704225,11.0,1.351388888888889,11,43,8.634048549898855,0.19358673264457613,0.031141975308641975,0.702521679238936,0.0857339348244921,0.30312811199808104,0.05342862252390133,0.0036062378167641324,0.7549019607843137,0.66,0.8
n24,mappo_transfer_n24,42,16003,192,142,6,44,0.7395833333333334,0.03125,4.733333333333333,6.471830985915493,11.0,1.4527777777777777,11,32,7.266167171750973,0.22386953000431659,0.0332716049382716,0.7012666064022642,0.06509996868743,0.3028908967995656,0.05405715837748625,0.012268518518518519,0.7682926829268293,0.7402597402597403,0.6666666666666666
n24,mappo_transfer_n24,42,16004,192,141,4,47,0.734375,0.020833333333333332,4.7,5.879432624113475,11.0,1.3388888888888888,11,43,8.195178445087267,0.19680536270747737,0.030833333333333327,0.6812249404261863,0.09020134549546313,0.30161034499269795,0.053964759106092476,0.008508403361344537,0.717391304347826,0.7413793103448276,0.7619047619047619
n24,mappo_transfer_n24,42,16005,192,136,4,52,0.7083333333333334,0.020833333333333332,4.533333333333333,6.419117647058823,12.0,1.5097222222222222,10,28,7.117618431152153,0.19708374492572445,0.03478395061728395,0.6882750897176378,0.059478275565736864,0.2820156836913803,0.05277337101330518,0.007933006535947713,0.7075471698113207,0.6666666666666666,0.7560975609756098
n24,mappo_transfer_n24,42,16006,192,155,2,35,0.8072916666666666,0.010416666666666666,5.166666666666667,5.458064516129032,10.0,1.1791666666666667,8,22,11.318086544015113,0.1920793461615198,0.026913580246913586,0.7128028279653288,0.04840919701213819,0.34293399411046477,0.05560495730139148,0.004232804232804232,0.8241758241758241,0.7878787878787878,0.8
n24,mappo_transfer_n24,42,16007,192,136,5,51,0.7083333333333334,0.026041666666666668,4.533333333333333,6.772058823529412,11.25,1.5083333333333333,13,42,7.0404272039329,0.21157865632098946,0.03472222222222222,0.7068708799991741,0.08657755342352866,0.292986707278503,0.05434449634721638,0.009249512670565303,0.6836734693877551,0.6271186440677966,0.9142857142857143
n24,mappo_transfer_n24,42,16008,192,140,1,51,0.7291666666666666,0.005208333333333333,4.666666666666667,6.121428571428571,11.049999999999983,1.3416666666666666,12,42,9.361242048383035,0.20211983664939598,0.031018518518518518,0.7267769454024785,0.09235316956292187,0.31967160548429907,0.05710057508962591,0.0017543859649122805,0.693069306930693,0.7291666666666666,0.813953488372093
n24,mappo_transfer_n24,42,16009,192,147,3,42,0.765625,0.015625,4.9,5.965986394557823,11.0,1.3486111111111112,9,36,8.595366149011173,0.19143924926965478,0.030895061728395064,0.6847798316725705,0.0718458114239848,0.30136919095123427,0.05213928909435932,0.006004901960784314,0.7959183673469388,0.6607142857142857,0.8421052631578947
n24,mappo_transfer_n24,42,16010,192,140,4,48,0.7291666666666666,0.020833333333333332,4.666666666666667,5.442857142857143,11.0,1.2430555555555556,10,34,8.956879000048875,0.1973580205774264,0.028734567901234565,0.7060238283903634,0.06870355249612216,0.31184244233005837,0.055455688584599254,0.007443957115009747,0.6956521739130435,0.7391304347826086,0.8064516129032258
n24,mappo_transfer_n24,456,16001,192,144,3,45,0.75,0.015625,4.8,5.666666666666667,10.0,1.2819444444444446,9,38,8.914928536438515,0.18194870236559466,0.029506172839506174,0.682388405517296,0.07291592165431177,0.30079414135915694,0.05284658759962786,0.005381836945304437,0.7731958762886598,0.7692307692307693,0.6744186046511628
n24,mappo_transfer_n24,456,16002,192,134,5,53,0.6979166666666666,0.026041666666666668,4.466666666666667,5.8059701492537314,10.0,1.3902777777777777,10,58,7.471348571755287,0.187685842356411,0.03216049382716049,0.7060281226083399,0.11792976344833929,0.2908580022202314,0.05405740311786736,0.009831154684095861,0.7254901960784313,0.6,0.75
n24,mappo_transfer_n24,456,16003,192,133,8,51,0.6927083333333334,0.041666666666666664,4.433333333333334,6.18796992481203,10.399999999999991,1.476388888888889,8,35,5.660614837006946,0.22281947458360912,0.03401234567901234,0.6901178035768726,0.07228924183258548,0.27889698636989657,0.053098645151325355,0.0151489835700362,0.6951219512195121,0.7402597402597403,0.5757575757575758
n24,mappo_transfer_n24,456,16004,192,136,8,48,0.7083333333333334,0.041666666666666664,4.533333333333333,6.110294117647059,11.25,1.4222222222222223,11,62,5.903147476569391,0.20573557609674467,0.03271604938271604,0.6671943014061931,0.12572949152670515,0.2793600328120452,0.0519388001262875,0.01649042950513539,0.717391304347826,0.6724137931034483,0.7380952380952381
n24,mappo_transfer_n24,456,16005,192,134,4,54,0.6979166666666666,0.020833333333333332,4.466666666666667,6.022388059701493,10.0,1.4388888888888889,9,49,6.429910430130621,0.1861531222878247,0.0332716049382716,0.6649489628758308,0.09572102232705948,0.2665487499543227,0.050569343185418024,0.007650355463822955,0.7169811320754716,0.6666666666666666,0.6829268292682927
n24,mappo_transfer_n24,456,16006,192,148,4,40,0.7708333333333334,0.020833333333333332,4.933333333333334,5.608108108108108,10.0,1.2847222222222223,8,61,8.623528172040107,0.2003968991137676,0.029413580246913578,0.690956364168544,0.12801324420906465,0.3131384850386399,0.05362234474627399,0.007418873982341475,0.7912087912087912,0.7424242424242424,0.7714285714285715
n24,mappo_transfer_n24,456,16007,192,135,5,52,0.703125,0.026041666666666668,4.5,6.296296296296297,11.0,1.4430555555555555,11,70,6.043754841017043,0.20910456070771413,0.03330246913580247,0.6854945543686622,0.13675321095599732,0.27827043412956726,0.0520552385111107,0.009115108031516701,0.6836734693877551,0.6610169491525424,0.8285714285714286
n24,mappo_transfer_n24,456,16008,192,139,2,51,0.7239583333333334,0.010416666666666666,4.633333333333334,5.755395683453237,11.0,1.3166666666666667,11,62,8.03242668037611,0.1977427754948178,0.03046296296296296,0.7061453552881205,0.1324808312888808,0.2998927031860469,0.05406595300372888,0.0037037037037037034,0.7128712871287128,0.7083333333333334,0.7674418604651163
n24,mappo_transfer_n24,456,16009,192,145,3,44,0.7552083333333334,0.015625,4.833333333333333,5.7379310344827585,9.799999999999983,1.3208333333333333,9,59,7.647106469998601,0.18468052721518816,0.030339506172839505,0.6706499450219898,0.11209094253985893,0.28511799861645065,0.050223480675973244,0.005937392500859993,0.8061224489795918,0.6607142857142857,0.7631578947368421
n24,mappo_transfer_n24,456,16010,192,136,7,49,0.7083333333333334,0.036458333333333336,4.533333333333333,5.5588235294117645,11.0,1.2666666666666666,10,41,7.621682089586683,0.201572152985556,0.02929012345679012,0.6953366784819959,0.08437002110376722,0.2984400005452637,0.05486081691770844,0.01296296296296296,0.7065217391304348,0.6956521739130435,0.7419354838709677
n24,mappo_transfer_n24,7,16001,192,146,4,42,0.7604166666666666,0.020833333333333332,4.866666666666666,5.835616438356165,11.0,1.2833333333333334,9,26,9.347556365786426,0.19068429378826526,0.029444444444444443,0.6854854365365584,0.049624625603727775,0.3127547774722698,0.05437604154133435,0.007886710239651417,0.7525773195876289,0.7692307692307693,0.7674418604651163
n24,mappo_transfer_n24,7,16002,192,137,6,49,0.7135416666666666,0.03125,4.566666666666666,6.021897810218978,11.0,1.3902777777777777,9,44,7.709353475201772,0.19013418641966034,0.03203703703703704,0.692488318392433,0.09198075001480575,0.2957408242199265,0.05426801001483202,0.012833800186741361,0.7254901960784313,0.6,0.825
n24,mappo_transfer_n24,7,16003,192,135,6,51,0.703125,0.03125,4.5,6.525925925925926,11.299999999999997,1.5,13,40,6.310784774402975,0.2281631742727497,0.03453703703703704,0.7009108374298403,0.08356406665230194,0.29076141995259647,0.054457314165901646,0.011560457516339868,0.7560975609756098,0.6883116883116883,0.6060606060606061
n24,mappo_transfer_n24,7,16004,192,136,8,48,0.7083333333333334,0.041666666666666664,4.533333333333333,6.125,12.5,1.413888888888889,12,37,6.301868103687044,0.20115894415630278,0.03253086419753086,0.6667936517563796,0.07089418808459055,0.2782062780127796,0.05160299447625929,0.016574074074074074,0.7391304347826086,0.6551724137931034,0.7142857142857143
n24,mappo_transfer_n24,7,16005,192,135,4,53,0.703125,0.020833333333333332,4.5,6.814814814814815,12.0,1.5444444444444445,9,34,6.245729054468072,0.21030467972453826,0.03558641975308642,0.6750398418143863,0.06819331038758285,0.27421060349465926,0.051885043899321553,0.007562636165577342,0.6886792452830188,0.6888888888888889,0.7560975609756098
n24,mappo_transfer_n24,7,16006,192,152,3,37,0.7916666666666666,0.015625,5.066666666666666,5.855263157894737,10.0,1.2638888888888888,7,26,10.039902763888849,0.2064676980972662,0.028858024691358022,0.6925558530687917,0.05422541238717709,0.33114085175230695,0.05463492406984719,0.00625,0.7802197802197802,0.7878787878787878,0.8285714285714286
n24,mappo_transfer_n24,7,16007,192,138,5,49,0.71875,0.026041666666666668,4.6,6.3478260869565215,12.0,1.448611111111111,12,70,6.260936476412828,0.20886770324855386,0.03333333333333333,0.6767594203936393,0.13805037512080853,0.28189839386046817,0.05191257559847557,0.009543630317624126,0.6938775510204082,0.6610169491525424,0.8857142857142857
n24,mappo_transfer_n24,7,16008,192,139,3,50,0.7239583333333334,0.015625,4.633333333333334,5.9352517985611515,12.0,1.325,10,45,8.551914189588587,0.19276310441656738,0.030617283950617285,0.7132684999560499,0.09577134452521449,0.30536051896733013,0.0552152031861812,0.006198830409356725,0.693069306930693,0.6875,0.8372093023255814
n24,mappo_transfer_n24,7,16009,192,145,3,44,0.7552083333333334,0.015625,4.833333333333333,5.931034482758621,9.0,1.3680555555555556,7,37,8.261824521382419,0.1946189427865184,0.0313888888888889,0.6717635780591314,0.07059476714662473,0.2964861072020515,0.051735562582931285,0.005689571150097466,0.7755102040816326,0.6785714285714286,0.8157894736842105
n24,mappo_transfer_n24,7,16010,192,136,4,52,0.7083333333333334,0.020833333333333332,4.533333333333333,5.661764705882353,10.25,1.3180555555555555,8,35,7.976928322621519,0.2045536672705355,0.030524691358024693,0.6881980608468933,0.0715599321559074,0.2991757637500672,0.05488022758706554,0.007430340557275542,0.6521739130434783,0.7101449275362319,0.8709677419354839
n24,mappo_transfer_n24,789,16001,192,145,3,44,0.7552083333333334,0.015625,4.833333333333333,5.675862068965517,10.0,1.25,11,28,9.342858911487625,0.1886646637301839,0.028765432098765427,0.6981026503636213,0.057252531466927756,0.3106648697592969,0.05416487438123596,0.005773420479302832,0.7422680412371134,0.7884615384615384,0.7441860465116279
n24,mappo_transfer_n24,789,16002,192,137,5,50,0.7135416666666666,0.026041666666666668,4.566666666666666,5.54014598540146,11.0,1.3305555555555555,12,53,7.830719985343709,0.19006164288381783,0.030740740740740742,0.7018248714220144,0.10873942907224639,0.29552033464185173,0.05369078570319982,0.009031491384432561,0.7647058823529411,0.58,0.75
n24,mappo_transfer_n24,789,16003,192,140,6,46,0.7291666666666666,0.03125,4.666666666666667,6.264285714285714,11.0,1.4527777777777777,12,44,6.810383829091244,0.2182979479447363,0.03333333333333333,0.6951343414579045,0.08861237747460657,0.2938058664761451,0.05310957192029669,0.011543728602552131,0.7439024390243902,0.7272727272727273,0.696969696969697
n24,mappo_transfer_n24,789,16004,192,135,7,50,0.703125,0.036458333333333336,4.5,6.0814814814814815,11.0,1.45,12,40,6.235430172011707,0.20393997537203928,0.033395061728395056,0.6737696429003363,0.07968847458011545,0.277525220164539,0.052135081164825674,0.014009287925696595,0.6847826086956522,0.6896551724137931,0.7619047619047619
n24,mappo_transfer_n24,789,16005,192,134,3,55,0.6979166666666666,0.015625,4.466666666666667,6.462686567164179,12.349999999999994,1.4625,10,36,6.464050459376446,0.20385392190602317,0.03382716049382717,0.6852142653573783,0.07254731222223483,0.2733406243739061,0.05196644045061825,0.006034858387799564,0.6886792452830188,0.6888888888888889,0.7317073170731707
n24,mappo_transfer_n24,789,16006,192,149,4,39,0.7760416666666666,0.020833333333333332,4.966666666666667,5.617449664429531,11.0,1.2583333333333333,11,26,10.129408289417704,0.19350039891506307,0.0287962962962963,0.6998094623156185,0.05747217780499514,0.32848361319336555,0.05543791770871068,0.007881836945304439,0.8131868131868132,0.7272727272727273,0.7714285714285715
n24,mappo_transfer_n24,789,16007,192,138,4,50,0.71875,0.020833333333333332,4.6,6.384057971014493,12.0,1.4402777777777778,11,59,6.858531223683744,0.21157685089611566,0.03317901234567901,0.6906991508799903,0.11610891459188674,0.28970592144353763,0.05299530648016279,0.007541423001949318,0.6938775510204082,0.6779661016949152,0.8571428571428571
n24,mappo_transfer_n24,789,16008,192,136,3,53,0.7083333333333334,0.015625,4.533333333333333,6.264705882352941,11.0,1.4097222222222223,12,53,7.838520048545526,0.20537589771257544,0.0325925925925926,0.7115322244838745,0.1141347813406637,0.3024603038573626,0.0560141357656472,0.0063025210084033615,0.6732673267326733,0.6666666666666666,0.8372093023255814
n24,mappo_transfer_n24,789,16009,192,144,2,46,0.75,0.010416666666666666,4.8,6.083333333333333,11.0,1.3930555555555555,8,38,7.608983725221175,0.20259721609524772,0.03200617283950618,0.6768179578576975,0.07400240798073615,0.28917866404321513,0.05111534068383357,0.004464285714285714,0.7448979591836735,0.6964285714285714,0.8421052631578947
n24,mappo_transfer_n24,789,16010,192,141,4,47,0.734375,0.020833333333333332,4.7,5.539007092198582,11.0,1.2375,9,40,8.876510583365405,0.19522346621962688,0.02858024691358025,0.6945653295708533,0.08381803081106486,0.3099944494216941,0.05524964040984946,0.007136222910216718,0.7065217391304348,0.7246376811594203,0.8387096774193549
n24,global_dijkstra,-1,16001,192,145,1,46,0.7552083333333334,0.005208333333333333,4.833333333333333,6.082758620689655,12.0,1.3305555555555555,10,40,10.976610424589017,0.19074114318794777,0.030617283950617292,0.7311565279146429,0.08824301515477986,0.3409704184704186,0.05887929950341143,0.0020833333333333333,0.7525773195876289,0.8076923076923077,0.6976744186046512
n24,global_dijkstra,-1,16002,192,144,4,44,0.75,0.020833333333333332,4.8,5.819444444444445,10.0,1.3263888888888888,14,48,9.765058118294615,0.1881222103982901,0.030462962962962966,0.7331724078296191,0.11078314659197012,0.32919703576437326,0.05740701697261214,0.009592490842490841,0.803921568627451,0.62,0.775
n24,global_dijkstra,-1,16003,192,145,5,42,0.7552083333333334,0.026041666666666668,4.833333333333333,5.896551724137931,11.0,1.3083333333333333,12,40,9.161808085920448,0.20913989680390568,0.030000000000000002,0.7309528561057578,0.08737532619885562,0.32931256923903984,0.057096094422512435,0.011905839258780434,0.7682926829268293,0.7792207792207793,0.6666666666666666
n24,global_dijkstra,-1,16004,192,136,5,51,0.7083333333333334,0.026041666666666668,4.533333333333333,6.272058823529412,12.25,1.4333333333333333,16,35,8.833495280536274,0.20491786506880563,0.033055555555555546,0.7371882724385477,0.08500194250194251,0.32307720057720063,0.059342220235540706,0.011844405594405593,0.717391304347826,0.6551724137931034,0.7619047619047619
n24,global_dijkstra,-1,16005,192,130,7,55,0.6770833333333334,0.036458333333333336,4.333333333333333,7.323076923076923,13.549999999999997,1.6541666666666666,13,55,6.190768581048529,0.21336508431357515,0.038086419753086416,0.7215380581736857,0.11572404175345352,0.29026718379659555,0.05642666795791423,0.014699956905839258,0.7169811320754716,0.5555555555555556,0.7073170731707317
n24,global_dijkstra,-1,16006,192,143,4,45,0.7447916666666666,0.020833333333333332,4.766666666666667,6.111888111888112,11.0,1.351388888888889,11,38,10.894372404374694,0.20957870814563115,0.03104938271604938,0.7525204620100246,0.09198412698412699,0.35862137862137866,0.06200864684909075,0.009914529914529914,0.7692307692307693,0.696969696969697,0.7714285714285715
n24,global_dijkstra,-1,16007,192,132,5,55,0.6875,0.026041666666666668,4.4,7.151515151515151,14.0,1.5708333333333333,16,42,7.477484719272915,0.22929715646218848,0.03623456790123456,0.7370303850227958,0.09705738705738706,0.3149271561771563,0.05942369251822955,0.011631562881562882,0.6632653061224489,0.6440677966101694,0.8285714285714286
n24,global_dijkstra,-1,16008,192,140,2,50,0.7291666666666666,0.010416666666666666,4.666666666666667,6.05,12.0,1.3388888888888888,14,41,9.676097007679719,0.18932279721606474,0.030925925925925926,0.7501572744802503,0.0953149764179176,0.32311796963499756,0.058348894367014036,0.00486111111111111,0.7227722772277227,0.6458333333333334,0.8372093023255814
n24,global_dijkstra,-1,16009,192,139,3,50,0.7239583333333334,0.015625,4.633333333333334,6.827338129496403,12.0,1.511111111111111,15,35,8.748970274979262,0.20689608877505747,0.03475308641975308,0.7352823488249207,0.07991023682200152,0.3178645918351801,0.05721334346632374,0.007083333333333332,0.7551020408163265,0.5892857142857143,0.8421052631578947
n24,global_dijkstra,-1,16010,192,148,2,42,0.7708333333333334,0.010416666666666666,4.933333333333334,5.95945945945946,12.650000000000006,1.2722222222222221,11,43,10.796839164755333,0.20810389756272782,0.02919753086419753,0.7498259630741707,0.09368410184586655,0.3502781641016936,0.05907700874883484,0.004786324786324786,0.7391304347826086,0.7681159420289855,0.8709677419354839
n24,full_heuristic,-1,16001,192,71,30,91,0.3697916666666667,0.15625,2.3666666666666667,9.267605633802816,21.0,2.3819444444444446,10,138,-8.152992991956582,0.2654137744678219,0.055370370370370375,0.553571310096419,0.21603645608441005,0.11451021255183998,0.042114911222343995,0.04415043702801139,0.4639175257731959,0.25,0.3023255813953488
n24,full_heuristic,-1,16002,192,67,23,102,0.3489583333333333,0.11979166666666667,2.2333333333333334,8.940298507462687,20.39999999999999,2.5125,9,147,-8.181541424716347,0.2735480052781328,0.05861111111111111,0.5612444960978594,0.2195210634701145,0.1093596216043719,0.04182726135102213,0.03339450404667796,0.37254901960784315,0.28,0.375
n24,full_heuristic,-1,16003,192,67,39,86,0.3489583333333333,0.203125,2.2333333333333334,8.835820895522389,18.0,2.3430555555555554,7,130,-9.4213452700528,0.2667967433234427,0.054351851851851866,0.5497073384166516,0.20085699453077294,0.10571481420619931,0.04130905967192918,0.057961603613777515,0.5,0.24675324675324675,0.21212121212121213
n24,full_heuristic,-1,16004,192,67,29,96,0.3489583333333333,0.15104166666666666,2.2333333333333334,8.835820895522389,18.0,2.529166666666667,9,108,-9.01223331100876,0.289407933637869,0.0587962962962963,0.5395166748213621,0.1627561497520442,0.10548370574450802,0.04094865430561429,0.04216622749231445,0.32608695652173914,0.29310344827586204,0.47619047619047616
n24,full_heuristic,-1,16005,192,65,30,97,0.3385416666666667,0.15625,2.1666666666666665,8.753846153846155,20.39999999999999,2.4763888888888888,9,144,-8.592789597715054,0.25661036116616126,0.05765432098765432,0.5513195436981394,0.2164269506660811,0.10287790711703755,0.041277782736628424,0.043451596712466276,0.37735849056603776,0.15555555555555556,0.43902439024390244
n24,full_heuristic,-1,16006,192,64,35,93,0.3333333333333333,0.18229166666666666,2.1333333333333333,9.15625,22.849999999999994,2.5083333333333333,8,133,-9.395634548932197,0.27091792814965265,0.05824074074074073,0.5516120962972876,0.19937579731057994,0.10262119120814775,0.041046547534631134,0.05088932806324111,0.37362637362637363,0.24242424242424243,0.4
n24,full_heuristic,-1,16007,192,50,38,104,0.2604166666666667,0.19791666666666666,1.6666666666666667,10.52,19.0,2.7069444444444444,10,124,-13.94148663588321,0.35653863566791355,0.06299382716049381,0.5425569609552806,0.18219872270383777,0.07448945981554678,0.040106668262167376,0.05602766798418971,0.29591836734693877,0.11864406779661017,0.4
n24,full_heuristic,-1,16008,192,62,31,99,0.3229166666666667,0.16145833333333334,2.066666666666667,8.419354838709678,18.949999999999996,2.4819444444444443,10,154,-9.101481622942881,0.26426832207251755,0.057839506172839505,0.5605978169949337,0.23773300795712962,0.10372227537895864,0.0422879985576674,0.046226080682602415,0.3465346534653465,0.16666666666666666,0.4418604651162791
n24,full_heuristic,-1,16009,192,62,20,110,0.3229166666666667,0.10416666666666667,2.066666666666667,8.919354838709678,18.89999999999999,2.6222222222222222,9,155,-9.606052336265757,0.308692747905089,0.06129629629629629,0.544278742808994,0.2265221028429401,0.09856026204592634,0.04063087393155689,0.02789855072463768,0.2857142857142857,0.35714285714285715,0.3684210526315789
n24,full_heuristic,-1,16010,192,59,35,98,0.3072916666666667,0.18229166666666666,1.9666666666666666,8.474576271186441,18.0,2.4972222222222222,12,151,-10.658498668219632,0.29408026470724075,0.05814814814814814,0.5401579542759717,0.23056914805131254,0.09579219915604355,0.041159400092617544,0.05101166948993035,0.31521739130434784,0.30434782608695654,0.2903225806451613
n66,mappo_transfer_n24,1024,16001,513,154,89,270,0.3001949317738791,0.17348927875243664,5.133333333333334,10.35064935064935,21.0,2.5424242424242425,13,224,-11.056805580835423,0.3173620124980079,0.059158249158249146,0.6337793286478273,0.1276382455110276,0.0943352344361083,0.04312186684974025,0.049662137211747295,0.35294117647058826,0.22875816993464052,0.2761904761904762
n66,mappo_transfer_n24,1024,16002,513,160,77,276,0.31189083820662766,0.15009746588693956,5.333333333333333,10.24375,22.049999999999983,2.5535353535353535,12,217,-10.224685834048046,0.3122427169420337,0.05947250280583614,0.6129853747109696,0.12429270537973171,0.09769826470155311,0.0430546777261063,0.042968062515842294,0.33739837398373984,0.2727272727272727,0.30973451327433627
n66,mappo_transfer_n24,1024,16003,513,154,76,283,0.3001949317738791,0.14814814814814814,5.133333333333334,10.051948051948052,21.349999999999994,2.6045454545454545,15,278,-10.223831511042603,0.29628629638060244,0.06068462401795734,0.6222430818279366,0.1658826627221147,0.09589289431441009,0.04369118604703519,0.0439881087016759,0.33210332103321033,0.21333333333333335,0.34782608695652173
n66,mappo_transfer_n24,1024,16004,513,177,83,253,0.34502923976608185,0.1617933723196881,5.9,9.875706214689265,21.0,2.46010101010101,13,223,-9.311545490520325,0.2976645935226732,0.05713804713804715,0.6211056503562137,0.13498857133749825,0.11222839997103472,0.04463914028863458,0.04894721253049243,0.41452991452991456,0.2848101265822785,0.2892561983471074
n66,mappo_transfer_n24,1024,16005,513,157,91,265,0.3060428849902534,0.17738791423001948,5.233333333333333,9.834394904458598,20.0,2.5116161616161614,15,233,-10.911996382183547,0.31045176404935526,0.05841750841750843,0.6211714638438415,0.13847897680300522,0.09687446923557924,0.043449255201677174,0.053069256581047615,0.34765625,0.22289156626506024,0.34065934065934067
n66,mappo_transfer_n24,1024,16006,513,161,88,264,0.3138401559454191,0.17153996101364521,5.366666666666666,9.888198757763975,21.0,2.525757575757576,14,233,-10.074941182191102,0.28876977536100346,0.05872053872053872,0.6305138235632303,0.13769727874765683,0.09896955057615564,0.043511748038674476,0.05154112732242917,0.36885245901639346,0.2222222222222222,0.34831460674157305
n66,mappo_transfer_n24,1024,16007,513,167,84,262,0.3255360623781676,0.16374269005847952,5.566666666666666,10.580838323353293,21.0,2.554040404040404,14,235,-10.175992478266707,0.3055309668385473,0.05932659932659934,0.6197261563199852,0.13964158399434357,0.10241960827984846,0.043838106114020454,0.04838098824657885,0.41434262948207173,0.2,0.30392156862745096
n66,mappo_transfer_n24,1024,16008,513,166,87,260,0.3235867446393762,0.1695906432748538,5.533333333333333,9.927710843373495,20.0,2.4696969696969697,16,219,-9.88055679910791,0.2937016099576546,0.057429854096520766,0.6280345772474304,0.12957779411610157,0.10256586775662865,0.04353253927797621,0.050882932553111056,0.396078431372549,0.22560975609756098,0.2978723404255319
n66,mappo_transfer_n24,1024,16009,513,150,95,268,0.29239766081871343,0.18518518518518517,5.0,10.24,20.0,2.5727272727272728,16,256,-10.822964259952272,0.29051283846618337,0.059809203142536474,0.6157668661696459,0.14879202998247953,0.09069535995884602,0.0429565909440236,0.054082621280679505,0.383399209486166,0.16049382716049382,0.2755102040816326
n66,mappo_transfer_n24,1024,16010,513,151,105,257,0.29434697855750486,0.2046783625730994,5.033333333333333,10.62251655629139,21.0,2.5833333333333335,12,198,-10.984910046957197,0.29589711555294557,0.05992143658810326,0.6288282051889789,0.11503876156567713,0.0923044068861521,0.043393747178267654,0.058354134815461305,0.3925619834710744,0.16025641025641027,0.26956521739130435
n66,mappo_transfer_n24,123,16001,513,152,96,265,0.2962962962962963,0.1871345029239766,5.066666666666666,10.177631578947368,21.0,2.518686868686869,13,317,-11.356775348697827,0.3057458953845715,0.05857463524130191,0.6335055608488428,0.18675316640314127,0.0939396390561143,0.04348281418588493,0.05439169102022112,0.3843137254901961,0.16993464052287582,0.26666666666666666
n66,mappo_transfer_n24,123,16002,513,158,79,276,0.3079922027290448,0.1539961013645224,5.266666666666667,10.348101265822784,20.150000000000006,2.5782828282828283,12,331,-10.59608266066166,0.30467326419188,0.060022446689113364,0.6215010451570256,0.19434246610368439,0.09672269605521062,0.04334312121170718,0.04430200803251453,0.32926829268292684,0.2532467532467532,0.336283185840708
n66,mappo_transfer_n24,123,16003,513,150,83,280,0.29239766081871343,0.1617933723196881,5.0,9.926666666666666,22.0,2.6378787878787877,12,420,-10.995388615714575,0.29018031156853236,0.061391694725028055,0.6220325181379914,0.253709421769398,0.09291443311828591,0.04376549038038634,0.047863233769726135,0.33210332103321033,0.24,0.2608695652173913
n66,mappo_transfer_n24,123,16004,513,165,86,262,0.3216374269005848,0.16764132553606237,5.5,9.757575757575758,19.799999999999983,2.485858585858586,13,361,-10.082016954967273,0.286614002263374,0.05781144781144781,0.619665787433854,0.21613513132423895,0.10296432146090699,0.04407782440057972,0.04976566339661646,0.3888888888888889,0.22784810126582278,0.3140495867768595
n66,mappo_transfer_n24,123,16005,513,149,96,268,0.290448343079922,0.1871345029239766,4.966666666666667,9.738255033557047,20.0,2.541919191919192,13,359,-11.923018690538557,0.3154157210473276,0.05912457912457913,0.6161143145607428,0.2109615567874617,0.09126339391647398,0.04300231485565439,0.05457069276905511,0.3359375,0.2289156626506024,0.27472527472527475
n66,mappo_transfer_n24,123,16006,513,148,99,266,0.2884990253411306,0.19298245614035087,4.933333333333334,10.195945945945946,21.0,2.596969696969697,13,388,-11.841825999846638,0.30043925228644486,0.06032547699214366,0.6275456232739904,0.23073886443083394,0.09052752948135309,0.043229168492401944,0.05692885317398085,0.3442622950819672,0.22777777777777777,0.25842696629213485
n66,mappo_transfer_n24,123,16007,513,162,87,264,0.3157894736842105,0.1695906432748538,5.4,10.37037037037037,20.94999999999999,2.5646464646464646,13,374,-10.976667738045368,0.3050669653912245,0.05958473625140291,0.6225440583506404,0.2235212907752237,0.09909778377443229,0.04374128013067281,0.05000847287742695,0.40239043824701193,0.175,0.3235294117647059
n66,mappo_transfer_n24,123,16008,513,159,90,264,0.30994152046783624,0.17543859649122806,5.3,9.622641509433961,20.19999999999999,2.484848484848485,12,390,-10.85664206415594,0.29447838824906214,0.05781144781144782,0.6191195222928361,0.229004637608303,0.09701903896715884,0.04288225543346115,0.05159874747350242,0.3843137254901961,0.22560975609756098,0.2553191489361702
n66,mappo_transfer_n24,123,16009,513,149,91,273,0.290448343079922,0.17738791423001948,4.966666666666667,10.503355704697986,21.599999999999994,2.5974747474747475,14,403,-11.952505110843585,0.3140788751416778,0.060415263748597084,0.6077487709309951,0.23342818838529109,0.08932707787874819,0.04255573051521982,0.051471909411690366,0.35968379446640314,0.1728395061728395,0.30612244897959184
n66,mappo_transfer_n24,123,16010,513,143,101,269,0.2787524366471735,0.1968810916179337,4.766666666666667,10.671328671328672,22.0,2.6303030303030304,12,332,-12.119045211369482,0.3107887882220572,0.06109988776655443,0.6318803503248039,0.19843352784550378,0.0882646318893969,0.04374065937400111,0.056789966258413926,0.359504132231405,0.1794871794871795,0.24347826086956523
n66,mappo_transfer_n24,2024,16001,513,156,90,267,0.30409356725146197,0.17543859649122806,5.2,10.08974358974359,20.0,2.5095959595959596,15,169,-10.408405645394815,0.3038832007008523,0.058395061728395065,0.6288174340588679,0.09662681102696584,0.09581605562076262,0.04310927090054258,0.05073084165155826,0.37254901960784315,0.20915032679738563,0.2761904761904762
n66,mappo_transfer_n24,2024,16002,513,165,74,274,0.3216374269005848,0.1442495126705653,5.5,10.587878787878788,22.0,2.5636363636363635,14,172,-10.041550983289394,0.31951514493903077,0.059674523007856334,0.615301821354478,0.09919177399178263,0.10060336662775597,0.04336826227454481,0.04148248642929183,0.34146341463414637,0.2662337662337662,0.35398230088495575
n66,mappo_transfer_n24,2024,16003,513,154,78,281,0.3001949317738791,0.15204678362573099,5.133333333333334,9.844155844155845,21.0,2.603030303030303,13,231,-10.240262227925658,0.29965260735727633,0.06062850729517397,0.6190399045042375,0.13586031824167857,0.09532343409038417,0.0435270494491782,0.045202385103932104,0.3247232472324723,0.22666666666666666,0.34782608695652173
n66,mappo_transfer_n24,2024,16004,513,179,74,260,0.3489278752436647,0.1442495126705653,5.966666666666667,9.363128491620111,19.0,2.4217171717171717,17,153,-8.43143725701337,0.2916146520909309,0.05636363636363636,0.6291184194713961,0.09053609481399344,0.11402180211749766,0.04467912660023508,0.04344948902515286,0.4017094017094017,0.310126582278481,0.2975206611570248
n66,mappo_transfer_n24,2024,16005,513,157,95,261,0.3060428849902534,0.18518518518518517,5.233333333333333,9.94267515923567,19.19999999999999,2.5085858585858585,17,159,-10.78017228134679,0.31117157495320247,0.05830527497194164,0.6207117035735934,0.09433490701814813,0.09714357538455035,0.043702246847270296,0.05525102771876094,0.359375,0.21686746987951808,0.31868131868131866
n66,mappo_transfer_n24,2024,16006,513,161,93,259,0.3138401559454191,0.18128654970760233,5.366666666666666,9.813664596273291,20.0,2.507070707070707,15,160,-9.951528913184502,0.28937981604979596,0.05824915824915825,0.6360155967151414,0.09527391792450737,0.10014048866732335,0.0437847718931854,0.05449232233963671,0.36475409836065575,0.2222222222222222,0.3595505617977528
n66,mappo_transfer_n24,2024,16007,513,168,87,258,0.32748538011695905,0.1695906432748538,5.6,10.416666666666666,21.0,2.5535353535353535,14,183,-9.895829928577042,0.30151985126588937,0.05927048260381594,0.6231718558964012,0.10713210977941975,0.10344282949504827,0.04378164058209037,0.04984432382832795,0.41832669322709165,0.20625,0.29411764705882354
n66,mappo_transfer_n24,2024,16008,513,161,87,265,0.3138401559454191,0.1695906432748538,5.366666666666666,9.93167701863354,20.0,2.4994949494949497,14,193,-9.808930644890962,0.2889588597004627,0.05814814814814816,0.6253296978285715,0.11483196421639039,0.10022809893909937,0.043779483733563315,0.05103293174471233,0.38823529411764707,0.21341463414634146,0.2872340425531915
n66,mappo_transfer_n24,2024,16009,513,154,89,270,0.3001949317738791,0.17348927875243664,5.133333333333334,10.688311688311689,21.349999999999994,2.592929292929293,15,192,-11.009768898002344,0.31316668967477845,0.06028058361391696,0.6203862907141677,0.1131089972098369,0.09354154149878627,0.043324149896162886,0.05184568976436911,0.37549407114624506,0.17901234567901234,0.30612244897959184
n66,mappo_transfer_n24,2024,16010,513,154,100,259,0.3001949317738791,0.1949317738791423,5.133333333333334,11.025974025974026,20.0,2.6272727272727274,12,155,-10.903745306569713,0.3049740334454217,0.060920314253647585,0.6302712330850818,0.09132107137426422,0.09471518146411449,0.04400760171184845,0.05674307860550025,0.3884297520661157,0.20512820512820512,0.24347826086956523
n66,mappo_transfer_n24,314,16001,513,156,90,267,0.30409356725146197,0.17543859649122806,5.2,9.993589743589743,20.0,2.5353535353535355,15,165,-10.682643529313415,0.31203815498890836,0.058967452300785636,0.6598089730392636,0.09577305884493988,0.09758408520016164,0.0439988513969316,0.05125438850097967,0.35294117647058826,0.24836601307189543,0.26666666666666666
n66,mappo_transfer_n24,314,16002,513,166,78,269,0.3235867446393762,0.15204678362573099,5.533333333333333,10.433734939759036,20.0,2.573232323232323,14,146,-9.584466672652013,0.3018408240226426,0.059831649831649826,0.6410963341456007,0.0846314548593074,0.1026375657068388,0.04408946321112653,0.04480316961995733,0.33739837398373984,0.2727272727272727,0.36283185840707965
n66,mappo_transfer_n24,314,16003,513,160,79,274,0.31189083820662766,0.1539961013645224,5.333333333333333,9.95,22.0,2.596969696969697,15,191,-9.392901617352374,0.28037554321508207,0.06041526374859709,0.6545273512097398,0.11651250417294975,0.10203520338034036,0.04492840538510019,0.047605648315529714,0.35793357933579334,0.23333333333333334,0.30434782608695654
n66,mappo_transfer_n24,314,16004,513,171,89,253,0.3333333333333333,0.17348927875243664,5.7,9.982456140350877,21.0,2.4696969696969697,15,175,-9.185068163401308,0.2845516489537146,0.057351290684624016,0.6535916254432659,0.10652971044013602,0.11089663806593385,0.045676348712719674,0.053148396953435845,0.4188034188034188,0.25316455696202533,0.2727272727272727
n66,mappo_transfer_n24,314,16005,513,164,94,255,0.31968810916179335,0.18323586744639375,5.466666666666667,9.737804878048781,19.0,2.4792929292929293,15,152,-10.30045903581245,0.3025232139901017,0.05758698092031425,0.6458597944327539,0.09216452226695271,0.10266645285662145,0.0441956084488744,0.056325148386209056,0.375,0.23493975903614459,0.31868131868131866
n66,mappo_transfer_n24,314,16006,513,160,89,264,0.31189083820662766,0.17348927875243664,5.333333333333333,10.03125,22.0,2.5348484848484847,15,145,-10.176955636533206,0.30085841554847725,0.05892255892255892,0.6561130458779404,0.08848182756898543,0.1019467599583485,0.04475518355158036,0.05367286166226511,0.3524590163934426,0.23333333333333334,0.3595505617977528
n66,mappo_transfer_n24,314,16007,513,166,81,266,0.3235867446393762,0.15789473684210525,5.533333333333333,10.042168674698795,20.75,2.514141414141414,14,169,-9.69435947377007,0.30177275043151636,0.05848484848484847,0.6495074567216059,0.10074808065709287,0.10528033755526783,0.04466338998314025,0.04778933044079151,0.40239043824701193,0.1875,0.3431372549019608
n66,mappo_transfer_n24,314,16008,513,168,86,259,0.32748538011695905,0.16764132553606237,5.6,9.803571428571429,21.0,2.4767676767676767,16,152,-9.388202944230807,0.2892960512861145,0.057575757575757586,0.6518903451222394,0.09179477201979346,0.106757060018017,0.044618830957428454,0.05154384440920738,0.4,0.25,0.26595744680851063
n66,mappo_transfer_n24,314,16009,513,160,88,265,0.31189083820662766,0.17153996101364521,5.333333333333333,10.0,20.0,2.5348484848484847,17,124,-9.879751623220917,0.2937415710498505,0.05893378226711559,0.6534470140742301,0.07375556874433245,0.09985922900411867,0.04410470048192757,0.051824315023787995,0.391304347826087,0.19753086419753085,0.29591836734693877
n66,mappo_transfer_n24,314,16010,513,154,100,259,0.3001949317738791,0.1949317738791423,5.133333333333334,10.454545454545455,20.0,2.569191919191919,15,138,-10.521906147008725,0.29457120708401,0.05962962962962963,0.6554659062122269,0.08118260281417848,0.09668979920520714,0.044490746786129014,0.05780135333015998,0.3884297520661157,0.1858974358974359,0.26956521739130435
n66,mappo_transfer_n24,42,16001,513,159,88,266,0.30994152046783624,0.17153996101364521,5.3,10.10062893081761,20.099999999999994,2.5272727272727273,12,191,-10.473753651422417,0.30833915943952483,0.058776655443322126,0.6373618291098656,0.10985392240091309,0.09761690214836867,0.04320907246669978,0.04948528378939811,0.36470588235294116,0.22875816993464052,0.29523809523809524
n66,mappo_transfer_n24,42,16002,513,164,77,272,0.31968810916179335,0.15009746588693956,5.466666666666667,10.323170731707316,22.0,2.5474747474747477,13,164,-9.866271682815032,0.30910473781548653,0.05929292929292929,0.6303216635151895,0.09491286987187166,0.10049437868472336,0.04342260945580533,0.04348419880432201,0.33739837398373984,0.2792207792207792,0.336283185840708
n66,mappo_transfer_n24,42,16003,513,154,78,281,0.3001949317738791,0.15204678362573099,5.133333333333334,9.909090909090908,19.349999999999994,2.624242424242424,14,244,-10.190726175750369,0.29505688695309656,0.06109988776655444,0.6350770342170314,0.14480175893717465,0.09568772811201563,0.04374447543148481,0.04514351441520848,0.3284132841328413,0.24,0.31521739130434784
n66,mappo_transfer_n24,42,16004,513,167,82,264,0.3255360623781676,0.15984405458089668,5.566666666666666,9.688622754491018,19.0,2.4868686868686867,13,189,-9.496160343357179,0.295553796385496,0.05785634118967452,0.6391607751358547,0.1125146557689111,0.10576498699935873,0.04450068654666196,0.04768035272567694,0.3803418803418803,0.26582278481012656,0.2975206611570248
n66,mappo_transfer_n24,42,16005,513,157,91,265,0.3060428849902534,0.17738791423001948,5.233333333333333,9.369426751592357,18.0,2.504040404040404,15,211,-10.689266413425285,0.30529953911066937,0.058249158249158245,0.6303510839629315,0.1250182015961866,0.09689674910522414,0.043499414619329275,0.05290741138524921,0.33203125,0.2469879518072289,0.34065934065934067
n66,mappo_transfer_n24,42,16006,513,159,95,259,0.30994152046783624,0.18518518518518517,5.3,9.723270440251572,20.0,2.5434343434343436,13,189,-10.299877540473611,0.2903243203676042,0.05905723905723906,0.6422354267104546,0.1110747937979676,0.09726045595390137,0.043400041828926636,0.054750773014998,0.3483606557377049,0.23333333333333334,0.3595505617977528
n66,mappo_transfer_n24,42,16007,513,165,79,269,0.3216374269005848,0.1539961013645224,5.5,10.224242424242425,20.799999999999983,2.5444444444444443,14,185,-10.100557625246589,0.3114291587719257,0.0591919191919192,0.6404626659377706,0.11101807636807379,0.10269590750929054,0.044162535763238565,0.04631411981214532,0.38645418326693226,0.21875,0.3235294117647059
n66,mappo_transfer_n24,42,16008,513,166,82,265,0.3235867446393762,0.15984405458089668,5.533333333333333,9.789156626506024,22.0,2.507070707070707,15,183,-9.734144593602489,0.2977363337756082,0.05831649831649832,0.6419555214953344,0.10818832631005201,0.1030246013222202,0.04359280987265415,0.047969329135120274,0.3764705882352941,0.25609756097560976,0.2978723404255319
n66,mappo_transfer_n24,42,16009,513,148,91,274,0.2884990253411306,0.17738791423001948,4.933333333333334,10.006756756756756,20.650000000000006,2.5939393939393938,16,166,-10.780440388760402,0.29942213254785865,0.060347923681257014,0.6434143092567968,0.09821384578000006,0.09162067185937586,0.04383872477666209,0.05326040631261078,0.35968379446640314,0.1728395061728395,0.29591836734693877
n66,mappo_transfer_n24,42,16010,513,149,100,264,0.290448343079922,0.1949317738791423,4.966666666666667,10.825503355704697,21.0,2.6055555555555556,13,206,-11.125720626235871,0.30094818815285956,0.06049382716049383,0.6409540757033921,0.12061757945029909,0.09196292370203557,0.0437979516456354,0.05642061655285813,0.3677685950413223,0.1794871794871795,0.2782608695652174
n66,mappo_transfer_n24,456,16001,513,150,103,260,0.29239766081871343,0.20077972709551656,5.0,10.153333333333334,18.549999999999983,2.5247474747474747,12,283,-11.206965705685295,0.29466938769580014,0.05865319865319865,0.6177005278067978,0.15993748899717736,0.08923037875051024,0.04224356732638987,0.05622621354637514,0.396078431372549,0.1568627450980392,0.23809523809523808
n66,mappo_transfer_n24,456,16002,513,151,87,275,0.29434697855750486,0.1695906432748538,5.033333333333333,10.43046357615894,21.0,2.592929292929293,12,253,-10.976170098775402,0.3107502693866061,0.060336700336700334,0.6024845080009114,0.1379664513228015,0.08912459150629568,0.04191568835788775,0.046534290041015704,0.33739837398373984,0.24675324675324675,0.26548672566371684
n66,mappo_transfer_n24,456,16003,513,151,84,278,0.29434697855750486,0.16374269005847952,5.033333333333333,10.33774834437086,22.0,2.6313131313131315,13,301,-10.577423160865656,0.2906957501852205,0.0612233445566779,0.6215051361801663,0.17331147831478017,0.09093406988577639,0.04273185167140763,0.046844245760865884,0.33948339483394835,0.20666666666666667,0.30434782608695654
n66,mappo_transfer_n24,456,16004,513,162,95,256,0.3157894736842105,0.18518518518518517,5.4,10.376543209876543,19.0,2.5308080808080806,13,295,-10.589159376275235,0.29700923008204116,0.05874298540965207,0.6113162433930487,0.16869031910206986,0.09764146875728512,0.04290669087080168,0.05254547053359145,0.3974358974358974,0.22784810126582278,0.2727272727272727
n66,mappo_transfer_n24,456,16005,513,157,98,258,0.3060428849902534,0.19103313840155944,5.233333333333333,9.885350318471337,19.19999999999999,2.4868686868686867,13,249,-10.894852346440361,0.3001778727219468,0.05778900112233445,0.6141384585003798,0.14472101395759238,0.094832165409866,0.042739744464414524,0.055892489496632544,0.3828125,0.21084337349397592,0.26373626373626374
n66,mappo_transfer_n24,456,16006,513,153,94,266,0.2982456140350877,0.18323586744639375,5.1,10.0,19.400000000000006,2.577777777777778,13,288,-10.860279977776068,0.29242443986977745,0.05989898989898992,0.6180694083881187,0.16517044308935017,0.0913153083947997,0.04240119247771275,0.052607584444356204,0.36065573770491804,0.22777777777777777,0.2696629213483146
n66,mappo_transfer_n24,456,16007,513,162,89,262,0.3157894736842105,0.17348927875243664,5.4,10.141975308641975,19.0,2.5388888888888888,13,261,-10.393557843320146,0.29814012925306943,0.05898989898989899,0.6112132276313047,0.15011140455072433,0.09704100898932648,0.04273234007649645,0.04989252998170547,0.398406374501992,0.1625,0.35294117647058826
n66,mappo_transfer_n24,456,16008,513,162,89,262,0.3157894736842105,0.17348927875243664,5.4,9.839506172839506,19.0,2.492424242424242,11,286,-10.206655493983334,0.29204238179334535,0.057957351290684626,0.6212166105218697,0.16324880725606897,0.09814519010743387,0.0427742272786485,0.04952756097857681,0.40784313725490196,0.22560975609756098,0.22340425531914893
n66,mappo_transfer_n24,456,16009,513,144,98,271,0.2807017543859649,0.19103313840155944,4.8,10.631944444444445,20.0,2.614141414141414,15,297,-11.390472026453851,0.2928881659202254,0.060763187429854086,0.6106218526794416,0.16803518292527433,0.08478029375805624,0.04216310323616108,0.0544293701785919,0.3715415019762846,0.12345679012345678,0.30612244897959184
n66,mappo_transfer_n24,456,16010,513,150,103,260,0.29239766081871343,0.20077972709551656,5.0,11.113333333333333,22.0,2.6025252525252527,13,249,-11.552235119746934,0.30833228060016804,0.06038159371492705,0.6192903370018897,0.14134520078021082,0.08962335446724962,0.042521423768733344,0.05661672056042477,0.3884297520661157,0.14743589743589744,0.28695652173913044
n66,mappo_transfer_n24,7,16001,513,147,100,266,0.28654970760233917,0.1949317738791423,4.9,10.306122448979592,20.0,2.535858585858586,13,201,-11.06327744891758,0.30088763960177417,0.05896745230078563,0.623571009477284,0.11603031275666559,0.090847098980759,0.04339293882901671,0.05625302705053568,0.3568627450980392,0.1568627450980392,0.3047619047619048
n66,mappo_transfer_n24,7,16002,513,161,83,269,0.3138401559454191,0.1617933723196881,5.366666666666666,10.521739130434783,20.0,2.577777777777778,13,180,-10.42405530065346,0.31336519135568974,0.05993265993265993,0.6098352804139684,0.10192374626393409,0.09551064349710252,0.0425206935674612,0.04577906553161976,0.34146341463414637,0.2532467532467532,0.336283185840708
n66,mappo_transfer_n24,7,16003,513,155,80,278,0.30214424951267055,0.15594541910331383,5.166666666666667,9.974193548387097,20.0,2.602020202020202,15,207,-9.797051055913183,0.2856683824503939,0.060572390572390576,0.6212545348957063,0.12188214713687937,0.09543332982771523,0.04341202856269495,0.04623282375217375,0.33210332103321033,0.24,0.31521739130434784
n66,mappo_transfer_n24,7,16004,513,175,87,251,0.341130604288499,0.1695906432748538,5.833333333333333,10.017142857142858,20.0,2.4656565656565657,14,179,-9.342179878402197,0.29721283472310145,0.05723905723905724,0.6177577075353872,0.10529439559351426,0.10916215916627549,0.04406910194623597,0.04974233684903918,0.4230769230769231,0.26582278481012656,0.2809917355371901
n66,mappo_transfer_n24,7,16005,513,152,96,265,0.2962962962962963,0.1871345029239766,5.066666666666666,10.203947368421053,20.44999999999999,2.5722222222222224,14,205,-11.362042779026984,0.3160424582663573,0.05976430976430978,0.6099073759002217,0.11984762494257689,0.09175743033536202,0.04288847736992399,0.054573301789144234,0.33203125,0.21686746987951808,0.34065934065934067
n66,mappo_transfer_n24,7,16006,513,155,97,261,0.30214424951267055,0.18908382066276802,5.166666666666667,9.993548387096775,22.0,2.5585858585858587,12,201,-10.627542424630535,0.2942524656521412,0.05941638608305275,0.6226430245768914,0.11555518194667837,0.09347194390871452,0.04260748343413877,0.054886820131379105,0.3524590163934426,0.21666666666666667,0.33707865168539325
n66,mappo_transfer_n24,7,16007,513,156,88,269,0.30409356725146197,0.17153996101364521,5.2,10.467948717948717,20.25,2.5914141414141416,14,232,-10.621828964190367,0.3024372718328866,0.060235690235690226,0.6096639958716976,0.13602196155943264,0.09452128698473486,0.043157219206867076,0.04999560080065009,0.38645418326693226,0.1625,0.3235294117647059
n66,mappo_transfer_n24,7,16008,513,161,88,264,0.3138401559454191,0.17153996101364521,5.366666666666666,9.888198757763975,20.0,2.494949494949495,14,194,-10.242734329549801,0.30228339408983385,0.05803591470258137,0.6156865206380565,0.11287086001497845,0.09801891097764742,0.042877973206673345,0.050159776183793615,0.37254901960784315,0.23170731707317074,0.2978723404255319
n66,mappo_transfer_n24,7,16009,513,150,99,264,0.29239766081871343,0.19298245614035087,5.0,10.5,20.0,2.601010101010101,14,210,-10.75954867576539,0.2857304616099578,0.060392817059483725,0.6048043218947432,0.12131294636023185,0.08876194120478685,0.04239413542382278,0.05657417733681946,0.3794466403162055,0.13580246913580246,0.32653061224489793
n66,mappo_transfer_n24,7,16010,513,154,103,256,0.3001949317738791,0.20077972709551656,5.133333333333334,10.766233766233766,21.349999999999994,2.5904040404040405,12,175,-11.000300735479007,0.3023978863461975,0.06006734006734007,0.6192275822438126,0.10067657757418606,0.09222780578108061,0.04281414602953975,0.057170528001276394,0.3925619834710744,0.1858974358974359,0.2608695652173913
n66,mappo_transfer_n24,789,16001,513,161,89,263,0.3138401559454191,0.17348927875243664,5.366666666666666,10.037267080745341,19.0,2.5161616161616163,17,169,-10.476331361463838,0.31054356408250555,0.05849607182940516,0.6438758884802003,0.09799090274146592,0.09879550705327501,0.04331919261693556,0.05057197464232075,0.37254901960784315,0.2222222222222222,0.3047619047619048
n66,mappo_transfer_n24,789,16002,513,168,81,264,0.32748538011695905,0.15789473684210525,5.6,10.220238095238095,21.650000000000006,2.5308080808080806,15,176,-9.856602989753064,0.3060447436544328,0.0588327721661055,0.6303116157145269,0.10331073161846634,0.10267066209980377,0.04337531954285291,0.04637647797731396,0.35772357723577236,0.2987012987012987,0.3008849557522124
n66,mappo_transfer_n24,789,16003,513,159,75,279,0.30994152046783624,0.14619883040935672,5.3,10.320754716981131,22.099999999999994,2.6232323232323234,14,236,-10.24492396932477,0.305380935819431,0.06105499438832773,0.6321918011180538,0.1418366780067242,0.0979087490325433,0.04353803777057503,0.04357485644447237,0.3284132841328413,0.25333333333333335,0.34782608695652173
n66,mappo_transfer_n24,789,16004,513,175,89,249,0.341130604288499,0.17348927875243664,5.833333333333333,9.571428571428571,18.0,2.425757575757576,13,212,-9.084599371042016,0.2804720225758997,0.05632996632996633,0.6377066278494946,0.12808554078723608,0.11130801753586805,0.04483066222702421,0.05301459065074901,0.4188034188034188,0.24050632911392406,0.32231404958677684
n66,mappo_transfer_n24,789,16005,513,160,93,260,0.31189083820662766,0.18128654970760233,5.333333333333333,10.3625,21.0,2.5388888888888888,16,203,-11.116115665413432,0.32121569605863715,0.058967452300785636,0.6301267566149488,0.11988071641690014,0.09823907797357298,0.04331862405700575,0.05365250277220954,0.36328125,0.2469879518072289,0.2857142857142857
n66,mappo_transfer_n24,789,16006,513,157,102,254,0.3060428849902534,0.19883040935672514,5.233333333333333,9.92356687898089,21.19999999999999,2.5373737373737373,14,188,-10.664406999392313,0.2907201076845754,0.058866442199775534,0.6379366459387827,0.1122236512921541,0.09590946630867964,0.04357951897469996,0.05944477886813072,0.3729508196721312,0.2222222222222222,0.29213483146067415
n66,mappo_transfer_n24,789,16007,513,172,80,261,0.33528265107212474,0.15594541910331383,5.733333333333333,9.872093023255815,19.44999999999999,2.488888888888889,15,193,-9.484233807534165,0.2961428597122568,0.05786756453423121,0.6307396533087565,0.11682249093848605,0.10598000460075548,0.04394504067477812,0.04741562859681204,0.4103585657370518,0.21875,0.3333333333333333
n66,mappo_transfer_n24,789,16008,513,166,87,260,0.3235867446393762,0.1695906432748538,5.533333333333333,10.144578313253012,21.0,2.474242424242424,15,223,-10.034730861308168,0.2980481704261775,0.05753086419753087,0.6352669409427117,0.1344824862420759,0.1035210596553148,0.04389129320088688,0.05132398278696226,0.39215686274509803,0.22560975609756098,0.30851063829787234
n66,mappo_transfer_n24,789,16009,513,158,89,266,0.3079922027290448,0.17348927875243664,5.266666666666667,9.778481012658228,20.0,2.559090909090909,16,231,-10.238872850924025,0.2871961246735586,0.05948372615039283,0.6353303846170664,0.13701127830240978,0.09624329441899052,0.0433591507493246,0.051864017872227296,0.383399209486166,0.19753086419753085,0.29591836734693877
n66,mappo_transfer_n24,789,16010,513,151,101,261,0.29434697855750486,0.1968810916179337,5.033333333333333,10.874172185430464,21.5,2.6267676767676766,15,175,-11.222475175425885,0.3066522771720537,0.06093153759820426,0.6363333186003511,0.10518785409367869,0.09265070980036709,0.04367182322586154,0.05747416659814479,0.36363636363636365,0.19230769230769232,0.28695652173913044
n66,global_dijkstra,-1,16001,513,166,90,257,0.3235867446393762,0.17543859649122806,5.533333333333333,9.795180722891565,20.75,2.5055555555555555,27,110,-9.728364650983064,0.2992554549028644,0.05819304152637485,0.7090646568530051,0.06888605610679545,0.11371318817372492,0.04768198944910117,0.0582217170356756,0.3803921568627451,0.24183006535947713,0.3047619047619048
n66,global_dijkstra,-1,16002,513,181,77,255,0.35282651072124754,0.15009746588693956,6.033333333333333,9.519337016574585,20.0,2.511111111111111,28,99,-8.17993651008043,0.2837036966585913,0.058294051627384956,0.6972744508240966,0.06272851006986124,0.12135533248921113,0.04733686934406151,0.04901472166157464,0.3780487804878049,0.3246753246753247,0.336283185840708
n66,global_dijkstra,-1,16003,513,167,81,265,0.3255360623781676,0.15789473684210525,5.566666666666666,9.25748502994012,20.0,2.562626262626263,30,95,-8.509221560005205,0.27093704115558104,0.05955106621773289,0.7286800987084976,0.0651933773958738,0.11865568752371917,0.04958227675763683,0.055754643279361485,0.36900369003690037,0.28,0.2717391304347826
n66,global_dijkstra,-1,16004,513,184,84,245,0.3586744639376218,0.16374269005847952,6.133333333333334,9.293478260869565,19.849999999999994,2.440909090909091,29,100,-7.738070102684275,0.2701931853460966,0.05662177328843995,0.715447441013161,0.06782607473013032,0.131758901003935,0.04983839551553608,0.05793453476080072,0.42735042735042733,0.2974683544303797,0.30578512396694213
n66,global_dijkstra,-1,16005,513,162,98,253,0.3157894736842105,0.19103313840155944,5.4,9.382716049382717,19.94999999999999,2.5015151515151515,25,87,-9.965150941516464,0.2902466676721547,0.05805836139169473,0.7099417773446569,0.059376413800300225,0.1134483716026916,0.04882984735333378,0.0673113196202812,0.3671875,0.24096385542168675,0.3076923076923077
n66,global_dijkstra,-1,16006,513,166,96,251,0.3235867446393762,0.1871345029239766,5.533333333333333,9.204819277108435,20.0,2.511111111111111,29,95,-9.141510651894023,0.267328312912741,0.05824915824915824,0.7172490399564571,0.06356895139001001,0.11382359667877287,0.04810804123269838,0.06459353858918064,0.38934426229508196,0.23333333333333334,0.3258426966292135
n66,global_dijkstra,-1,16007,513,165,86,262,0.3216374269005848,0.16764132553606237,5.5,9.357575757575757,21.799999999999983,2.5267676767676766,29,92,-9.105077985754702,0.28221940345793056,0.058720538720538715,0.7075330067162301,0.06006023213084823,0.11404549635510429,0.04839546201998395,0.057396432250606345,0.398406374501992,0.2125,0.30392156862745096
n66,global_dijkstra,-1,16008,513,166,93,254,0.3235867446393762,0.18128654970760233,5.533333333333333,9.783132530120483,20.75,2.506060606060606,29,89,-9.203615695225478,0.2781125571966,0.05817059483726151,0.7111126715210129,0.05958071725610883,0.11556874450230646,0.04840022007955041,0.06270410658388745,0.4117647058823529,0.21951219512195122,0.26595744680851063
n66,global_dijkstra,-1,16009,513,152,95,266,0.2962962962962963,0.18518518518518517,5.066666666666666,9.730263157894736,20.44999999999999,2.5853535353535353,33,105,-9.9021316695561,0.2759339043181454,0.06006734006734006,0.7039372172714017,0.06798890662195985,0.10256454533304576,0.04768677005247215,0.06122609494458233,0.3794466403162055,0.16666666666666666,0.29591836734693877
n66,global_dijkstra,-1,16010,513,167,93,253,0.3255360623781676,0.18128654970760233,5.566666666666666,9.598802395209582,20.69999999999999,2.5434343434343436,25,106,-9.260097730306539,0.279010901948812,0.058989898989898995,0.7049950702901672,0.06855273944032467,0.11361171502547765,0.04800983973673222,0.06033974718151031,0.3925619834710744,0.23717948717948717,0.30434782608695654
n66,full_heuristic,-1,16001,513,63,142,308,0.12280701754385964,0.27680311890838205,2.1,9.904761904761905,20.599999999999994,2.9651515151515153,11,380,-15.73475039001561,0.29879690907185935,0.06897867564534231,0.5124849603977816,0.1998428658859526,0.03544980701350718,0.03964331784056234,0.07311502155252156,0.1568627450980392,0.0784313725490196,0.10476190476190476
n66,full_heuristic,-1,16002,513,63,136,314,0.12280701754385964,0.2651072124756335,2.1,10.587301587301587,20.9,3.008080808080808,9,386,-15.411705770815827,0.2922334334451854,0.06999999999999999,0.5067434266708065,0.20368138624964885,0.034800356547896406,0.039456838179563816,0.06986725080475081,0.15040650406504066,0.09740259740259741,0.09734513274336283
n66,full_heuristic,-1,16003,513,62,129,322,0.12085769980506822,0.25146198830409355,2.066666666666667,9.35483870967742,19.0,3.036868686868687,9,449,-15.511424848053757,0.29354369880537223,0.07072951739618406,0.5043672640027116,0.23647336898414484,0.03355150038339693,0.03870824111540742,0.06621047933547934,0.13284132841328414,0.08,0.15217391304347827
n66,full_heuristic,-1,16004,513,64,146,303,0.12475633528265107,0.28460038986354774,2.1333333333333333,9.953125,18.849999999999994,2.991919191919192,9,381,-16.327474555308914,0.3138917854933462,0.06951739618406286,0.5044559525469459,0.20176151515989454,0.03527561644084924,0.03945367821642898,0.0752757080882081,0.13675213675213677,0.0949367088607595,0.14049586776859505
n66,full_heuristic,-1,16005,513,50,156,307,0.09746588693957114,0.30409356725146197,1.6666666666666667,9.42,18.549999999999997,3.043939393939394,9,410,-17.16912927260484,0.31235274541563535,0.07071829405162738,0.5052314383931243,0.21681590073918586,0.0274064589693935,0.039166780430710695,0.08019342216922862,0.125,0.06626506024096386,0.07692307692307693
n66,full_heuristic,-1,16006,513,56,144,313,0.10916179337231968,0.2807017543859649,1.8666666666666667,10.035714285714286,21.0,3.0156565656565655,10,407,-16.817124587382867,0.32038793141486827,0.07015712682379349,0.5044149853777994,0.21190473638250334,0.030235491176348193,0.038842391724575646,0.07391074203574202,0.11475409836065574,0.09444444444444444,0.12359550561797752
n66,full_heuristic,-1,16007,513,56,135,322,0.10916179337231968,0.2631578947368421,1.8666666666666667,11.767857142857142,24.0,3.0994949494949493,10,382,-17.17823441589329,0.341506915442458,0.07212121212121211,0.4990126223118852,0.2016729882418956,0.03004646903807222,0.038844575437094096,0.0696882746882747,0.1593625498007968,0.05625,0.06862745098039216
n66,full_heuristic,-1,16008,513,61,143,309,0.1189083820662768,0.2787524366471735,2.033333333333333,10.032786885245901,20.0,3.0126262626262625,10,413,-16.168616758506715,0.3060761819385355,0.07004489337822671,0.49852212799761997,0.21613253576275862,0.03340057171883768,0.038940833743333486,0.07333506771006772,0.1450980392156863,0.0975609756097561,0.0851063829787234
n66,full_heuristic,-1,16009,513,58,140,315,0.11306042884990253,0.2729044834307992,1.9333333333333333,11.39655172413793,20.15,3.0585858585858587,11,405,-17.768032481649712,0.35717429849827564,0.07113355780022447,0.5005746418909638,0.21182915021454404,0.03094480036232338,0.03915745530344467,0.0718685828060828,0.15019762845849802,0.05555555555555555,0.11224489795918367
n66,full_heuristic,-1,16010,513,64,143,306,0.12475633528265107,0.2787524366471735,2.1333333333333333,10.796875,22.849999999999994,3.0434343434343436,10,367,-17.494066956709116,0.35639498592912366,0.07069584736251402,0.5084901328917538,0.19481634032413878,0.03496647961322201,0.0392725289961688,0.07318866318866318,0.1487603305785124,0.09615384615384616,0.11304347826086956
n110,mappo_transfer_n24,1024,16001,895,221,188,486,0.24692737430167597,0.2100558659217877,7.366666666666666,11.063348416289593,21.0,2.88,15,396,-12.518159876868555,0.3065101909333404,0.0669023569023569,0.5983006955054204,0.13343253071819852,0.07805007840417216,0.04257697804410269,0.06128290137507243,0.30973451327433627,0.13307984790874525,0.25555555555555554
n110,mappo_transfer_n24,1024,16002,895,197,182,516,0.2201117318435754,0.20335195530726258,6.566666666666666,11.081218274111675,23.19999999999999,2.9509090909090907,14,447,-13.57303474909651,0.32273741466446687,0.06868013468013467,0.5980160079387056,0.1496458719102652,0.06894501177129757,0.0423675310078193,0.05933773224693263,0.257847533632287,0.11693548387096774,0.263681592039801
n110,mappo_transfer_n24,1024,16003,895,181,207,507,0.2022346368715084,0.23128491620111732,6.033333333333333,11.12707182320442,22.0,2.973333333333333,15,420,-14.03369660863193,0.31409376753273865,0.06911784511784512,0.5867956644291209,0.13871658126071867,0.06232033710028555,0.04174556701966636,0.06622253906546573,0.26150121065375304,0.12773722627737227,0.18269230769230768
n110,mappo_transfer_n24,1024,16004,895,206,174,515,0.23016759776536314,0.19441340782122904,6.866666666666666,11.951456310679612,25.0,3.006969696969697,16,426,-13.475427814878696,0.3316401497721332,0.06991919191919192,0.5892664964442706,0.14016296618447444,0.07050983404575688,0.041486410803654956,0.05575860399248138,0.2647702407002188,0.15891472868217055,0.24444444444444444
n110,mappo_transfer_n24,1024,16005,895,201,198,496,0.2245810055865922,0.2212290502793296,6.7,10.965174129353233,23.0,2.851212121212121,16,437,-13.251133611196018,0.3025205150683741,0.06632996632996634,0.602818070840158,0.14871299354115008,0.07077244605436248,0.04250118702431711,0.06669516659411712,0.298876404494382,0.11888111888111888,0.2073170731707317
n110,mappo_transfer_n24,1024,16006,895,222,165,508,0.24804469273743016,0.18435754189944134,7.4,11.247747747747749,22.0,2.896060606060606,17,370,-12.094745963527057,0.30718295247053995,0.0674074074074074,0.5919239829677629,0.12340967344606758,0.07662094027203964,0.04179125470344416,0.05361887123775721,0.3034623217922607,0.15319148936170213,0.21893491124260356
n110,mappo_transfer_n24,1024,16007,895,226,168,501,0.25251396648044694,0.1877094972067039,7.533333333333333,10.867256637168142,21.75,2.8203030303030303,14,376,-12.37379443411458,0.3201443287925598,0.06567676767676768,0.5878164912061316,0.12261108769235636,0.07746865133546565,0.041477595134026095,0.053629874017478096,0.27616926503340755,0.20146520146520147,0.27167630057803466
n110,mappo_transfer_n24,1024,16008,895,193,207,495,0.21564245810055865,0.23128491620111732,6.433333333333334,11.424870466321243,24.0,2.9175757575757575,15,472,-13.69533178023521,0.3068515621952347,0.0677979797979798,0.5858626062063037,0.15826266244381257,0.06647776768301585,0.041703425962211535,0.06698375648398634,0.29906542056074764,0.10869565217391304,0.18324607329842932
n110,mappo_transfer_n24,1024,16009,895,199,204,492,0.2223463687150838,0.22793296089385476,6.633333333333334,10.99497487437186,21.0,2.8733333333333335,13,422,-13.586492232077878,0.31323686274676255,0.06679461279461281,0.5957489098435508,0.14362038828829238,0.0700898934913037,0.04245679710472205,0.06692283002513241,0.2847222222222222,0.14634146341463414,0.19318181818181818
n110,mappo_transfer_n24,1024,16010,895,198,199,498,0.2212290502793296,0.2223463687150838,6.6,11.474747474747474,22.0,2.9066666666666667,16,384,-13.716516156848682,0.32143652877334983,0.06757575757575758,0.590066144040788,0.1262957786748636,0.06749535050857164,0.04163551564054295,0.06414072485418551,0.2703962703962704,0.15734265734265734,0.20555555555555555
n110,mappo_transfer_n24,123,16001,895,220,186,489,0.24581005586592178,0.20782122905027933,7.333333333333333,10.940909090909091,22.0,2.8812121212121213,12,766,-13.130842336370277,0.30395640752039327,0.06694949494949494,0.5882345804393795,0.2536502716009608,0.07656049184989086,0.042140690528730686,0.059766071674232556,0.3075221238938053,0.14068441064638784,0.24444444444444444
n110,mappo_transfer_n24,123,16002,895,183,189,523,0.20446927374301677,0.2111731843575419,6.1,11.289617486338798,23.900000000000006,3.0015151515151515,13,809,-14.717322934854202,0.3227590337035015,0.06985185185185185,0.591296061470015,0.2678163858197417,0.0629372594592568,0.0417458364431053,0.06047198397003856,0.24887892376681614,0.11693548387096774,0.21393034825870647
n110,mappo_transfer_n24,123,16003,895,182,208,505,0.20335195530726258,0.2324022346368715,6.066666666666666,11.675824175824175,22.0,2.9896969696969697,13,785,-14.875904635736587,0.31634763273487604,0.06946801346801347,0.5780648691714926,0.25780055363109755,0.06128928737768423,0.04122302137198091,0.06651555966170046,0.2736077481840194,0.11313868613138686,0.18269230769230768
n110,mappo_transfer_n24,123,16004,895,186,180,529,0.20782122905027933,0.2011173184357542,6.2,11.801075268817204,24.75,3.02,13,819,-14.666454261133286,0.3276899391942804,0.0703030303030303,0.5831467971985699,0.2705146560404891,0.06359781905354686,0.04130047312664095,0.05779871256710644,0.24507658643326038,0.13953488372093023,0.2111111111111111
n110,mappo_transfer_n24,123,16005,895,190,200,505,0.2122905027932961,0.22346368715083798,6.333333333333333,11.273684210526316,23.0,2.898787878787879,13,833,-14.464671607703218,0.3091749075910761,0.06744781144781145,0.5871281172811582,0.2788663679571245,0.06532996618122787,0.04164043721114315,0.06551618341462469,0.2786516853932584,0.11888111888111888,0.1951219512195122
n110,mappo_transfer_n24,123,16006,895,205,170,520,0.22905027932960895,0.18994413407821228,6.833333333333333,11.053658536585365,22.799999999999983,2.9396969696969695,14,826,-13.366333968567824,0.30565740714712536,0.06845791245791247,0.5822008192344352,0.27241336205140126,0.07004838574003205,0.041324123831623635,0.05419116663432507,0.2729124236252546,0.14893617021276595,0.21301775147928995
n110,mappo_transfer_n24,123,16007,895,208,179,508,0.2324022346368715,0.2,6.933333333333334,11.201923076923077,23.0,2.8851515151515152,12,771,-13.893641406210048,0.3232612400537754,0.06716498316498318,0.5787795388069203,0.25165596549446073,0.07014844165878824,0.041114945608868095,0.057052197699172545,0.2561247216035635,0.1794871794871795,0.2543352601156069
n110,mappo_transfer_n24,123,16008,895,189,209,497,0.2111731843575419,0.2335195530726257,6.3,11.253968253968255,23.0,2.9306060606060607,13,793,-14.776247654217817,0.31461359770231245,0.06810101010101009,0.5881581546855347,0.2671201920097549,0.06439748357641545,0.04156134764172601,0.06792308060448028,0.29439252336448596,0.10144927536231885,0.18324607329842932
n110,mappo_transfer_n24,123,16009,895,179,215,501,0.2,0.24022346368715083,5.966666666666667,11.184357541899441,22.099999999999994,2.9269696969696968,12,789,-14.778538139867097,0.3087615793848413,0.06804713804713806,0.584531665835929,0.262475658721628,0.061520048572851475,0.04166923571665605,0.06867176170956855,0.2523148148148148,0.1289198606271777,0.1875
n110,mappo_transfer_n24,123,16010,895,191,205,499,0.21340782122905028,0.22905027932960895,6.366666666666666,11.701570680628272,22.0,2.9354545454545455,12,738,-14.871901431457205,0.32907625143466274,0.06822222222222223,0.5834554300917126,0.23974900502382557,0.06421799047898233,0.0412797357890531,0.06504434093396134,0.26107226107226106,0.15734265734265734,0.18888888888888888
n110,mappo_transfer_n24,2024,16001,895,215,188,492,0.24022346368715083,0.2100558659217877,7.166666666666667,10.693023255813953,21.0,2.9012121212121214,16,278,-12.265471803916466,0.30238411827289546,0.06741414141414141,0.5936904612227397,0.09283798144963282,0.07550579685193344,0.04228710964155512,0.060689934526925594,0.2920353982300885,0.1482889733840304,0.24444444444444444
n110,mappo_transfer_n24,2024,16002,895,197,185,513,0.2201117318435754,0.20670391061452514,6.566666666666666,10.771573604060913,23.0,2.9584848484848485,17,250,-13.09057935231584,0.3163491819499488,0.06882828282828284,0.6099054834070377,0.08447495740389072,0.06944126540632203,0.042639349353293464,0.060836946460226145,0.2645739910313901,0.125,0.23880597014925373
n110,mappo_transfer_n24,2024,16003,895,187,205,503,0.20893854748603352,0.22905027932960895,6.233333333333333,10.983957219251337,21.0,2.9624242424242424,14,254,-13.341836864863186,0.30606918718280807,0.06884848484848485,0.5867621577214579,0.08419348369724382,0.06423520841828613,0.04179446083771533,0.06617798933752486,0.2566585956416465,0.11678832116788321,0.23557692307692307
n110,mappo_transfer_n24,2024,16004,895,201,172,522,0.2245810055865922,0.19217877094972066,6.7,11.661691542288557,24.0,3.0045454545454544,17,291,-13.167992863730097,0.32699826043045943,0.06991245791245791,0.5922086213710909,0.09800048714454714,0.06969250324926976,0.0418494046863824,0.056191987580563416,0.2538293216630197,0.1511627906976744,0.25555555555555554
n110,mappo_transfer_n24,2024,16005,895,203,196,496,0.22681564245810057,0.21899441340782122,6.766666666666667,11.098522167487685,21.899999999999977,2.8572727272727274,15,302,-13.047865292362403,0.30740711870480136,0.06646464646464648,0.6032010957058905,0.10277202387611553,0.07106797431818797,0.0423329886806091,0.06568907131236552,0.2943820224719101,0.13286713286713286,0.2073170731707317
n110,mappo_transfer_n24,2024,16006,895,217,166,512,0.2424581005586592,0.18547486033519553,7.233333333333333,10.953917050691244,21.19999999999999,2.9084848484848487,17,286,-11.760905419751289,0.2969415089786709,0.06771043771043771,0.5950894760506921,0.09612542335396147,0.07517318916428367,0.04196940167131089,0.054167863698465005,0.29124236252545826,0.14468085106382977,0.23668639053254437
n110,mappo_transfer_n24,2024,16007,895,220,177,498,0.24581005586592178,0.19776536312849163,7.333333333333333,10.840909090909092,20.0,2.8496969696969696,13,304,-12.862305309933207,0.32999171905614494,0.0663097643097643,0.5877525401411595,0.09992372155133994,0.07510593337380077,0.04141970967159862,0.05650693864160412,0.26948775055679286,0.18315018315018314,0.2832369942196532
n110,mappo_transfer_n24,2024,16008,895,189,210,496,0.2111731843575419,0.2346368715083799,6.3,11.275132275132275,21.0,2.942727272727273,16,304,-13.916006713686235,0.3181535285773231,0.06836363636363638,0.5935244234473825,0.10300066592922344,0.06528921193020405,0.04194602314709373,0.06872684940154573,0.29205607476635514,0.11231884057971014,0.17277486910994763
n110,mappo_transfer_n24,2024,16009,895,195,202,498,0.21787709497206703,0.22569832402234638,6.5,11.502564102564103,24.0,2.9284848484848487,15,302,-13.523801616677217,0.3156213179200023,0.06806060606060607,0.5946090997560153,0.1023177890117593,0.06778880679305103,0.04233280522742391,0.06607172486974654,0.2662037037037037,0.14982578397212543,0.21022727272727273
n110,mappo_transfer_n24,2024,16010,895,196,206,493,0.21899441340782122,0.23016759776536314,6.533333333333333,11.11734693877551,22.0,2.8851515151515152,16,262,-13.476813033825014,0.31555306980245434,0.06706397306397308,0.5980845670724294,0.0868189938918249,0.06760394864662418,0.04190259856429479,0.06693411741253935,0.2703962703962704,0.13986013986013987,0.2222222222222222
n110,mappo_transfer_n24,314,16001,895,231,182,482,0.2581005586592179,0.20335195530726258,7.7,10.952380952380953,22.5,2.8533333333333335,15,233,-11.557003287854675,0.2959488590886056,0.06628282828282828,0.6202784359980735,0.07839332142993793,0.08293415043709587,0.04324361137212242,0.06004787653240273,0.3230088495575221,0.1444866920152091,0.2611111111111111
n110,mappo_transfer_n24,314,16002,895,209,175,511,0.2335195530726257,0.19553072625698323,6.966666666666667,11.08133971291866,23.599999999999994,2.9518181818181817,16,263,-13.116070574246365,0.3288834768324628,0.06866666666666667,0.6330532505511309,0.08907915844973702,0.0743594855769314,0.04309859318713955,0.05833674869958551,0.26905829596412556,0.14919354838709678,0.25870646766169153
n110,mappo_transfer_n24,314,16003,895,196,200,499,0.21899441340782122,0.22346368715083798,6.533333333333333,11.21938775510204,21.0,2.956969696969697,16,223,-13.256523844216499,0.31244371938592097,0.0687003367003367,0.6152758045033134,0.07423879217263295,0.06815127605298897,0.04235962361778034,0.06508569512685076,0.2711864406779661,0.14233576642335766,0.21634615384615385
n110,mappo_transfer_n24,314,16004,895,204,176,515,0.22793296089385476,0.19664804469273742,6.8,11.27450980392157,23.849999999999994,2.9745454545454546,17,218,-12.617362703516925,0.3112942899552006,0.0691986531986532,0.6242771397453907,0.07430388316640711,0.07255461930144741,0.04261950555339478,0.05874217085475456,0.26258205689277897,0.1434108527131783,0.2611111111111111
n110,mappo_transfer_n24,314,16005,895,213,189,493,0.23798882681564246,0.2111731843575419,7.1,10.7981220657277,24.0,2.8296969696969696,17,217,-12.512512556576908,0.30446526264424817,0.06583164983164984,0.6400809672456779,0.07492991891396006,0.07682976744064857,0.0433653156767692,0.06514104609129469,0.3056179775280899,0.15734265734265734,0.1951219512195122
n110,mappo_transfer_n24,314,16006,895,224,160,511,0.25027932960893856,0.1787709497206704,7.466666666666667,10.772321428571429,21.0,2.9096969696969697,18,233,-11.594214095849225,0.30253478976046827,0.06773063973063972,0.6276676355704717,0.07851106843065224,0.07975493275748498,0.04286351652446696,0.05325451913466982,0.2892057026476578,0.17872340425531916,0.23668639053254437
n110,mappo_transfer_n24,314,16007,895,230,172,493,0.2569832402234637,0.19217877094972066,7.666666666666667,10.826086956521738,22.0,2.816666666666667,16,206,-11.855877930935325,0.3111599644705194,0.06554208754208754,0.6204254034669857,0.06905671786160585,0.08113603568498404,0.04282706022322414,0.05686888897780699,0.29398663697104677,0.19413919413919414,0.26011560693641617
n110,mappo_transfer_n24,314,16008,895,208,197,490,0.2324022346368715,0.2201117318435754,6.933333333333334,10.947115384615385,21.649999999999977,2.896060606060606,15,234,-12.538626323797445,0.2980901676011289,0.0672861952861953,0.6221797405099819,0.07883524610235057,0.07305158844535657,0.04246384475137991,0.06495342805363492,0.308411214953271,0.13405797101449277,0.20418848167539266
n110,mappo_transfer_n24,314,16009,895,205,196,494,0.22905027932960895,0.21899441340782122,6.833333333333333,10.717073170731707,22.0,2.8736363636363635,16,246,-12.99732897179275,0.3119034814478875,0.06681481481481481,0.6283344089920674,0.0848565569956671,0.07418921330309738,0.04375843570300657,0.06604339824878648,0.2777777777777778,0.1672473867595819,0.21022727272727273
n110,mappo_transfer_n24,314,16010,895,207,198,490,0.23128491620111732,0.2212290502793296,6.9,11.497584541062801,22.69999999999999,2.8784848484848484,15,214,-13.285060858204004,0.32206521741820243,0.06689562289562291,0.624097006723149,0.07264828570505845,0.07284533967034149,0.04275086981779277,0.06586494037550487,0.28438228438228436,0.15034965034965034,0.23333333333333334
n110,mappo_transfer_n24,42,16001,895,221,184,490,0.24692737430167597,0.20558659217877095,7.366666666666666,11.013574660633484,22.0,2.890909090909091,14,364,-12.322444929627691,0.30315438116823124,0.06717171717171719,0.6118012060112001,0.12355742706526437,0.07833175629242112,0.04262066963369811,0.060183124511308826,0.3030973451327434,0.155893536121673,0.2388888888888889
n110,mappo_transfer_n24,42,16002,895,194,185,516,0.21675977653631284,0.20670391061452514,6.466666666666667,11.025773195876289,23.0,2.9863636363636363,15,346,-13.680539390527766,0.3258377200266249,0.06946801346801346,0.622978161993883,0.11732191374212433,0.06846402060536673,0.04264886338212993,0.06075340240396525,0.25112107623318386,0.14112903225806453,0.23383084577114427
n110,mappo_transfer_n24,42,16003,895,190,201,504,0.2122905027932961,0.2245810055865922,6.333333333333333,11.636842105263158,23.549999999999983,2.985757575757576,15,369,-13.905531764254293,0.3189335837700386,0.06937373737373738,0.599330052422412,0.12206082170968718,0.06437858177864114,0.0415450622754974,0.06467131977583436,0.26150121065375304,0.13138686131386862,0.22115384615384615
n110,mappo_transfer_n24,42,16004,895,199,174,522,0.2223463687150838,0.19441340782122904,6.633333333333334,11.331658291457286,24.0,2.997272727272727,15,381,-13.410212680042612,0.325234373967976,0.06975084175084174,0.6091546580663859,0.12717281186472917,0.06879166975259765,0.04173203871127884,0.05651607471029363,0.24726477024070023,0.16279069767441862,0.24444444444444444
n110,mappo_transfer_n24,42,16005,895,198,199,498,0.2212290502793296,0.2223463687150838,6.6,11.005050505050505,22.0,2.882727272727273,16,362,-13.268377402725141,0.30357111002276943,0.06704377104377104,0.6170489212600841,0.12368323641252098,0.07002910606831952,0.042710888950099085,0.06720935186641741,0.27415730337078653,0.14335664335664336,0.21341463414634146
n110,mappo_transfer_n24,42,16006,895,226,157,512,0.25251396648044694,0.17541899441340783,7.533333333333333,10.995575221238939,21.0,2.889393939393939,16,350,-11.76332030441465,0.30414081273900767,0.0672861952861953,0.6100233527503333,0.11643482612394371,0.07829036318398018,0.041904797621511294,0.05112092697592247,0.29124236252545826,0.15319148936170213,0.2781065088757396
n110,mappo_transfer_n24,42,16007,895,212,172,511,0.23687150837988827,0.19217877094972066,7.066666666666666,11.254716981132075,21.44999999999999,2.8984848484848484,16,314,-13.540560651403318,0.34685685587966947,0.06748148148148149,0.6039665583496272,0.10359607375349328,0.07264113153441515,0.041644512769152396,0.05525596092742143,0.24276169265033407,0.1978021978021978,0.2832369942196532
n110,mappo_transfer_n24,42,16008,895,195,210,490,0.21787709497206703,0.2346368715083799,6.5,10.830769230769231,21.599999999999966,2.925757575757576,16,395,-13.521141189008542,0.3033629909673378,0.06794612794612793,0.6046960606054911,0.13241520875954185,0.06676413544909558,0.04164848904011242,0.06769779357888348,0.29205607476635514,0.11231884057971014,0.20418848167539266
n110,mappo_transfer_n24,42,16009,895,191,199,505,0.21340782122905028,0.2223463687150838,6.366666666666666,10.93717277486911,22.0,2.918181818181818,14,378,-13.817156353284128,0.3191400636238406,0.06787878787878789,0.6112186222539714,0.12844094762667294,0.06715882350711848,0.042336121129379414,0.06520138383325033,0.24768518518518517,0.1602787456445993,0.2159090909090909
n110,mappo_transfer_n24,42,16010,895,201,197,497,0.2245810055865922,0.2201117318435754,6.7,11.477611940298507,22.0,2.9206060606060604,15,300,-13.627732620720918,0.32501240264608067,0.06787878787878789,0.6110796747914978,0.09906840317246439,0.06856929079591546,0.04178570220060158,0.0634903421665239,0.26573426573426573,0.16783216783216784,0.21666666666666667
n110,mappo_transfer_n24,456,16001,895,196,203,496,0.21899441340782122,0.22681564245810057,6.533333333333333,11.341836734693878,23.0,2.9624242424242424,13,512,-13.672073999629855,0.31012593724806725,0.06880134680134681,0.5852962818641012,0.16652790722401384,0.06664048675642073,0.0411697809181846,0.06394878554416357,0.28761061946902655,0.13307984790874525,0.17222222222222222
n110,mappo_transfer_n24,456,16002,895,164,206,525,0.18324022346368715,0.23016759776536314,5.466666666666667,11.640243902439025,21.849999999999994,3.047878787878788,15,543,-14.919347605865147,0.3217945309141996,0.07089562289562291,0.584052158385471,0.1772618803692627,0.05457741597718624,0.040930442306905145,0.06500237672137794,0.2399103139013453,0.0967741935483871,0.16417910447761194
n110,mappo_transfer_n24,456,16003,895,171,214,510,0.19106145251396647,0.23910614525139665,5.7,11.426900584795321,22.0,3.0042424242424244,15,530,-14.525794463580471,0.312212066426134,0.06982491582491583,0.5757688253458767,0.17055248435604967,0.05717105687914395,0.04077977910141465,0.06734895307114885,0.25181598062953997,0.10218978102189781,0.1875
n110,mappo_transfer_n24,456,16004,895,180,189,526,0.2011173184357542,0.2111731843575419,6.0,12.005555555555556,24.0,3.046666666666667,16,532,-14.366301611801616,0.32628613485458235,0.07087542087542088,0.5842964100567861,0.17271671228370716,0.06043021546892364,0.04078992226279673,0.05984935204380784,0.24726477024070023,0.12403100775193798,0.19444444444444445
n110,mappo_transfer_n24,456,16005,895,186,206,503,0.20782122905027933,0.23016759776536314,6.2,11.575268817204302,23.0,2.9433333333333334,15,543,-14.173552779578188,0.31304540898834793,0.06842424242424243,0.5837472099880733,0.1768960782750588,0.06244129083641854,0.04111923094631759,0.06584183915795859,0.26292134831460673,0.12237762237762238,0.2073170731707317
n110,mappo_transfer_n24,456,16006,895,203,175,517,0.22681564245810057,0.19553072625698323,6.766666666666667,11.12807881773399,22.0,2.9575757575757575,17,495,-12.812976784764288,0.3019898706732494,0.06883501683501685,0.5834514233450341,0.16086327395271383,0.0677783707065385,0.04060102049128759,0.055510092128224504,0.2790224032586558,0.14042553191489363,0.1952662721893491
n110,mappo_transfer_n24,456,16007,895,204,187,504,0.22793296089385476,0.20893854748603352,6.8,11.151960784313726,20.0,2.8927272727272726,13,458,-13.579269705999327,0.3254590099884762,0.06730639730639733,0.5812498919654814,0.14747945335221033,0.06786546548926836,0.0407839268209989,0.058684927064581685,0.26057906458797325,0.14652014652014653,0.27167630057803466
n110,mappo_transfer_n24,456,16008,895,187,214,494,0.20893854748603352,0.23910614525139665,6.233333333333333,11.304812834224599,22.0,2.9487878787878787,16,539,-14.336380196730818,0.3135044870687215,0.0684848484848485,0.5835522899864216,0.17624574167319365,0.06193515128804126,0.040800040524297934,0.06788644761239933,0.2850467289719626,0.11231884057971014,0.17801047120418848
n110,mappo_transfer_n24,456,16009,895,180,216,499,0.2011173184357542,0.24134078212290502,6.0,11.672222222222222,24.049999999999983,2.937878787878788,14,525,-14.374179364670992,0.3102005655331821,0.06827609427609427,0.5848085315862789,0.1736660090468923,0.060946928004490954,0.04141809426623957,0.06942793140799693,0.2662037037037037,0.10801393728222997,0.19318181818181818
n110,mappo_transfer_n24,456,16010,895,175,212,508,0.19553072625698323,0.23687150837988827,5.833333333333333,11.885714285714286,24.0,2.973030303030303,16,501,-14.707212157640948,0.32290147910320327,0.06911784511784512,0.5825448864867089,0.16116751751017205,0.0579169743115131,0.04091710003806097,0.06664944826286685,0.2400932400932401,0.13286713286713286,0.18888888888888888
n110,mappo_transfer_n24,7,16001,895,203,199,493,0.22681564245810057,0.2223463687150838,6.766666666666667,10.866995073891626,21.0,2.9127272727272726,14,331,-12.756514189514379,0.30002215528671033,0.06767676767676768,0.5864743724895951,0.11123584852443069,0.07122576674265958,0.04223447762491221,0.0641935244956686,0.28761061946902655,0.12167300380228137,0.22777777777777777
n110,mappo_transfer_n24,7,16002,895,181,196,518,0.2022346368715084,0.21899441340782122,6.033333333333333,11.232044198895027,23.0,3.0042424242424244,14,302,-13.776627532326913,0.3179710251450685,0.06987878787878787,0.5876017290973146,0.09925897787665351,0.0618763205080328,0.041643326900092786,0.06316160106856288,0.2533632286995516,0.11693548387096774,0.19402985074626866
n110,mappo_transfer_n24,7,16003,895,175,219,501,0.19553072625698323,0.2446927374301676,5.833333333333333,11.765714285714285,22.299999999999983,3.0103030303030303,15,334,-14.399683871858414,0.3187011515393945,0.06989898989898989,0.5779631256911484,0.11067719434635163,0.059292534549018394,0.04134144260605713,0.06994414616786991,0.2542372881355932,0.10218978102189781,0.20192307692307693
n110,mappo_transfer_n24,7,16004,895,196,178,521,0.21899441340782122,0.19888268156424582,6.533333333333333,11.790816326530612,24.0,3.03,15,355,-13.551663535233878,0.328211555257214,0.07047138047138048,0.5812030105786794,0.11813424733489379,0.06673319644313117,0.041398743206544714,0.05735641312378597,0.23851203501094093,0.14728682170542637,0.2722222222222222
n110,mappo_transfer_n24,7,16005,895,192,205,498,0.21452513966480447,0.22905027932960895,6.4,11.364583333333334,22.0,2.8984848484848484,14,312,-13.57637856559796,0.30917008602540946,0.06739393939393941,0.597221824287413,0.10605011281253827,0.0669029436896233,0.042266899600938,0.06905385353697073,0.27191011235955054,0.1258741258741259,0.21341463414634146
n110,mappo_transfer_n24,7,16006,895,217,166,512,0.2424581005586592,0.18547486033519553,7.233333333333333,10.815668202764977,21.0,2.930909090909091,16,337,-11.877378396379266,0.29637739822751175,0.0682087542087542,0.5874590751959172,0.11290250785920215,0.07422564299029395,0.04152675670432915,0.05397020641842494,0.27494908350305497,0.17446808510638298,0.24260355029585798
n110,mappo_transfer_n24,7,16007,895,213,179,503,0.23798882681564246,0.2,7.1,11.046948356807512,21.0,2.8848484848484848,14,288,-12.655756614300442,0.3170709354679493,0.06712457912457913,0.575776517134573,0.09429313625363377,0.07216265956170538,0.04129391027696541,0.057423802086966146,0.26057906458797325,0.1978021978021978,0.24277456647398843
n110,mappo_transfer_n24,7,16008,895,186,215,494,0.20782122905027933,0.24022346368715083,6.2,10.924731182795698,21.0,2.939090909090909,15,366,-14.044358251283885,0.3147936133035507,0.06826936026936027,0.576181815457207,0.12189748163684934,0.06293536302997241,0.0412967177418978,0.06923977496821092,0.2780373831775701,0.11594202898550725,0.18324607329842932
n110,mappo_transfer_n24,7,16009,895,181,216,498,0.2022346368715084,0.24134078212290502,6.033333333333333,11.077348066298342,22.0,2.914848484848485,13,317,-13.866967788696142,0.3088625098128009,0.06775757575757577,0.5841708298058758,0.10705789121910637,0.06262659518069642,0.04188603157751435,0.07019980759178797,0.2569444444444444,0.11846689895470383,0.20454545454545456
n110,mappo_transfer_n24,7,16010,895,192,200,503,0.21452513966480447,0.22346368715083798,6.4,11.729166666666666,22.0,2.929090909090909,14,314,-13.891458272750477,0.32674941446211314,0.06810774410774413,0.580935817555429,0.10313449215291245,0.06482133272856715,0.041342602797665565,0.06430046216730824,0.2517482517482518,0.14685314685314685,0.23333333333333334
n110,mappo_transfer_n24,789,16001,895,219,186,490,0.2446927374301676,0.20782122905027933,7.3,10.904109589041095,20.0,2.893939393939394,15,347,-12.578452645029865,0.31089071485048886,0.06723905723905725,0.6055467306993034,0.1175024500591514,0.07716835486685497,0.04250045019708112,0.060315647912417704,0.2942477876106195,0.1482889733840304,0.2611111111111111
n110,mappo_transfer_n24,789,16002,895,204,180,511,0.22793296089385476,0.2011173184357542,6.8,11.127450980392156,22.0,2.955151515151515,16,358,-13.336610133510089,0.323821957580276,0.06874074074074076,0.6057819614860889,0.12135441383986745,0.07078093749241542,0.04219469533804129,0.059116223739289354,0.2556053811659193,0.12903225806451613,0.2885572139303483
n110,mappo_transfer_n24,789,16003,895,184,209,502,0.20558659217877095,0.2335195530726257,6.133333333333334,11.233695652173912,20.849999999999994,2.997878787878788,17,325,-14.112926018802037,0.3192800506760211,0.06962962962962964,0.5963333496614003,0.10904722475909923,0.06326634037013118,0.041801713117351,0.06817842121212182,0.2542372881355932,0.14233576642335766,0.19230769230769232
n110,mappo_transfer_n24,789,16004,895,214,171,510,0.23910614525139665,0.19106145251396647,7.133333333333334,11.72429906542056,22.0,2.965757575757576,17,389,-13.071450029226074,0.3256621883544397,0.06896969696969696,0.5965287132688192,0.12960974917929016,0.07268539820808896,0.04125937925774177,0.055273546185834466,0.2713347921225383,0.15891472868217055,0.2722222222222222
n110,mappo_transfer_n24,789,16005,895,199,202,494,0.2223463687150838,0.22569832402234638,6.633333333333334,11.361809045226131,21.0,2.9,15,374,-13.517104022894653,0.308231828192459,0.0674006734006734,0.6137714299905871,0.12846457819602788,0.06941876485814151,0.04240046065265419,0.06797259609812209,0.27191011235955054,0.13986013986013987,0.23170731707317074
n110,mappo_transfer_n24,789,16006,895,223,160,512,0.24916201117318434,0.1787709497206704,7.433333333333334,10.762331838565023,22.0,2.8763636363636365,17,360,-11.884227289559675,0.3030451359351742,0.066996632996633,0.6025112271032197,0.12105957629158431,0.07650099806661945,0.04154272746689424,0.05194157636870965,0.285132382892057,0.15319148936170213,0.2781065088757396
n110,mappo_transfer_n24,789,16007,895,214,175,506,0.23910614525139665,0.19553072625698323,7.133333333333334,11.051401869158878,20.349999999999994,2.8851515151515152,16,373,-13.308606506625537,0.33522865288693193,0.06715151515151517,0.5923416437079553,0.12351272112189836,0.07272849832881723,0.041431103363808695,0.05602376480272604,0.24498886414253898,0.20512820512820512,0.2774566473988439
n110,mappo_transfer_n24,789,16008,895,193,201,501,0.21564245810055865,0.2245810055865922,6.433333333333334,10.953367875647668,21.0,2.914848484848485,15,412,-13.887682825303946,0.31834459742486376,0.06777777777777777,0.5935475217536399,0.13939299222781218,0.06586777655111938,0.041670350823662446,0.06534555429766248,0.2897196261682243,0.13043478260869565,0.17277486910994763
n110,mappo_transfer_n24,789,16009,895,197,203,495,0.2201117318435754,0.22681564245810057,6.566666666666666,11.461928934010153,22.0,2.904848484848485,15,384,-13.864867694393684,0.321599462355278,0.06751515151515153,0.60158248738921,0.13116669194234662,0.06840267551277263,0.04222508425746356,0.06637096419239939,0.2708333333333333,0.13588850174216027,0.23295454545454544
n110,mappo_transfer_n24,789,16010,895,195,200,500,0.21787709497206703,0.22346368715083798,6.5,11.497435897435897,24.0,2.903030303030303,17,309,-13.891321026788122,0.32792029576101367,0.06750841750841752,0.6012681378617112,0.10405280817687614,0.06743971655780799,0.04209122290979528,0.06542496993080651,0.26107226107226106,0.14685314685314685,0.22777777777777777
n110,global_dijkstra,-1,16001,895,228,175,492,0.2547486033519553,0.19553072625698323,7.6,10.223684210526315,21.0,2.870909090909091,30,167,-11.419256369338697,0.28976933426321533,0.06674074074074074,0.7088639977423505,0.06094039251749144,0.0896302464945332,0.04674900781440358,0.06449553302602065,0.3053097345132743,0.19011406844106463,0.2222222222222222
n110,global_dijkstra,-1,16002,895,198,181,516,0.2212290502793296,0.2022346368715084,6.6,10.176767676767676,21.0,2.939090909090909,31,163,-13.061970476326318,0.312130565106414,0.06841750841750842,0.7154385085239283,0.05904001481747001,0.07639410791602515,0.04614952201851786,0.06667792692571739,0.24887892376681614,0.14112903225806453,0.25870646766169153
n110,global_dijkstra,-1,16003,895,198,199,498,0.2212290502793296,0.2223463687150838,6.6,10.535353535353535,21.0,2.9481818181818182,25,165,-13.113483887947702,0.3017333502556088,0.06849831649831649,0.7041010801928649,0.059364741967057745,0.07668010015885639,0.046448410427455615,0.07350821450313193,0.2687651331719128,0.145985401459854,0.22596153846153846
n110,global_dijkstra,-1,16004,895,212,173,510,0.23687150837988827,0.19329608938547485,7.066666666666666,10.735849056603774,21.0,2.9612121212121214,33,156,-12.210028170243044,0.3033931825504618,0.06886868686868688,0.6999570254072304,0.057139257627994995,0.0823980426290649,0.04629146789524516,0.06362809568248667,0.2735229759299781,0.17054263565891473,0.2388888888888889
n110,global_dijkstra,-1,16005,895,210,191,494,0.2346368715083799,0.21340782122905028,7.0,10.823809523809524,22.0,2.862727272727273,20,155,-12.730299172154256,0.30303979531635605,0.06657239057239057,0.7098038980474315,0.05742955261316305,0.0806418501217572,0.046037769289921204,0.07112961047567655,0.30112359550561796,0.14335664335664336,0.21341463414634146
n110,global_dijkstra,-1,16006,895,218,166,511,0.2435754189944134,0.18547486033519553,7.266666666666667,10.330275229357799,21.0,2.9154545454545455,31,136,-11.229159260159207,0.2817914939728172,0.06785858585858585,0.7012366287005792,0.04902889211033718,0.08327182864756719,0.0457048069315781,0.06013534066106943,0.28716904276985744,0.14468085106382977,0.25443786982248523
n110,global_dijkstra,-1,16007,895,221,167,507,0.24692737430167597,0.18659217877094972,7.366666666666666,10.298642533936652,22.0,2.8478787878787877,25,149,-11.921973150863403,0.30711826995611957,0.06632996632996634,0.6991017076257158,0.05331534627947487,0.08407209471971967,0.04554545316559228,0.060116633056550524,0.25389755011135856,0.20512820512820512,0.2947976878612717
n110,global_dijkstra,-1,16008,895,209,199,487,0.2335195530726257,0.2223463687150838,6.966666666666667,10.55023923444976,22.599999999999994,2.912121212121212,28,153,-12.507720934869356,0.2924846525221768,0.06762289562289563,0.698228865165338,0.05509001250985889,0.07968766233051473,0.04567901695089953,0.07215379804462628,0.28738317757009346,0.16666666666666666,0.2094240837696335
n110,global_dijkstra,-1,16009,895,205,202,488,0.22905027932960895,0.22569832402234638,6.833333333333333,10.190243902439024,21.0,2.874242424242424,29,152,-12.764323989854198,0.2968614951269054,0.0667878787878788,0.703724696328558,0.054199118432145095,0.07916884240574937,0.046161863007534235,0.07384743668136266,0.2777777777777778,0.14982578397212543,0.23863636363636365
n110,global_dijkstra,-1,16010,895,206,193,496,0.23016759776536314,0.21564245810055865,6.866666666666666,11.37378640776699,22.0,2.913939393939394,25,157,-13.45957584703398,0.3251673041462023,0.06772390572390573,0.6930453364538448,0.056373927838087055,0.07745340623544993,0.04537967386348396,0.06954781269034431,0.2680652680652681,0.16783216783216784,0.2388888888888889
n110,full_heuristic,-1,16001,895,64,268,563,0.07150837988826815,0.2994413407821229,2.1333333333333333,10.828125,21.549999999999983,3.3372727272727274,11,657,-16.724477625075117,0.2797257126179841,0.07758249158249159,0.48394386776376364,0.2054803004271135,0.020810648039084615,0.03947282751983253,0.08193722404145683,0.09070796460176991,0.022813688212927757,0.09444444444444444
n110,full_heuristic,-1,16002,895,68,257,570,0.07597765363128492,0.2871508379888268,2.2666666666666666,10.691176470588236,22.0,3.329090909090909,11,667,-16.554667385452056,0.28144849117266413,0.07744781144781145,0.4859470992491392,0.20887707925441965,0.02167132452453916,0.03942065106358778,0.07872298200887186,0.10986547085201794,0.024193548387096774,0.06467661691542288
n110,full_heuristic,-1,16003,895,65,270,560,0.07262569832402235,0.3016759776536313,2.1666666666666665,12.153846153846153,23.599999999999994,3.3227272727272728,11,642,-18.721904873111754,0.34639389330518705,0.07723905723905725,0.4843106736799184,0.2012026705462007,0.020931399592214142,0.039211282235549476,0.08257421307880024,0.09685230024213075,0.040145985401459854,0.0673076923076923
n110,full_heuristic,-1,16004,895,62,243,590,0.06927374301675977,0.27150837988826815,2.066666666666667,11.419354838709678,26.0,3.351212121212121,10,703,-18.04147623850407,0.3351365287172887,0.07807407407407409,0.4833499668212108,0.2185167323532721,0.02048400998158925,0.038906596707584576,0.07441288522328278,0.07221006564551423,0.03875968992248062,0.10555555555555556
n110,full_heuristic,-1,16005,895,62,267,566,0.06927374301675977,0.29832402234636873,2.066666666666667,10.725806451612904,21.949999999999996,3.266060606060606,10,735,-18.48135109909906,0.3332584491471682,0.07602020202020203,0.48272230708236685,0.22948968854413904,0.01996038231663537,0.03901537889908191,0.08190974209980183,0.08314606741573034,0.06293706293706294,0.042682926829268296
n110,full_heuristic,-1,16006,895,70,232,593,0.0782122905027933,0.25921787709497207,2.3333333333333335,10.557142857142857,23.099999999999994,3.3487878787878786,10,726,-17.258597841828106,0.3184112767210126,0.07804040404040405,0.4883748355566171,0.2286075612140085,0.022953724339399285,0.039193153960633415,0.07093606612926971,0.09572301425661914,0.06382978723404255,0.047337278106508875
n110,full_heuristic,-1,16007,895,61,253,581,0.06815642458100558,0.28268156424581004,2.033333333333333,10.491803278688524,24.0,3.2903030303030305,10,665,-18.860362216906402,0.35911398826439545,0.07665993265993265,0.4768400795243119,0.20617703560409092,0.019533172274384482,0.039055182021465074,0.07723910872228915,0.05790645879732739,0.08058608058608059,0.07514450867052024
n110,full_heuristic,-1,16008,895,69,269,557,0.07709497206703911,0.3005586592178771,2.3,10.304347826086957,20.599999999999994,3.253939393939394,10,750,-17.62970940032358,0.306434732882185,0.07569023569023567,0.48314088264387994,0.2344704818691155,0.021854012369557873,0.0391823933444185,0.08262582967143754,0.12149532710280374,0.03260869565217391,0.041884816753926704
n110,full_heuristic,-1,16009,895,55,275,565,0.061452513966480445,0.30726256983240224,1.8333333333333333,13.454545454545455,26.0,3.307878787878788,11,718,-19.85037212011911,0.3698993558473885,0.07694276094276094,0.4832032560206869,0.2256584401470669,0.01747755703701458,0.03934045200205973,0.08389728065569044,0.08564814814814815,0.03832752613240418,0.03977272727272727
n110,full_heuristic,-1,16010,895,70,267,558,0.0782122905027933,0.29832402234636873,2.3333333333333335,10.257142857142858,24.549999999999997,3.251212121212121,10,671,-17.327651926208134,0.3052754036233101,0.07563636363636364,0.48677009767377005,0.21029050484255216,0.023225836930896266,0.039692750090610227,0.08177559556235713,0.09090909090909091,0.06643356643356643,0.06666666666666667
n132,mappo_transfer_n24,1024,16001,1056,176,268,612,0.16666666666666666,0.2537878787878788,5.866666666666666,12.335227272727273,25.25,2.999242424242424,15,475,-15.186817729797463,0.32023672995150027,0.06971380471380474,0.6034013017240961,0.1263818423127909,0.04911464181746507,0.03991933950957706,0.06942016749318802,0.22807017543859648,0.06624605678233439,0.168141592920354
n132,mappo_transfer_n24,1024,16002,1056,160,263,633,0.15151515151515152,0.2490530303030303,5.333333333333333,11.8,23.0,3.062373737373737,13,482,-15.549521011239408,0.3228378810067485,0.07123456790123457,0.6084280461392199,0.12725172596243922,0.04387550313254521,0.039860351676844284,0.0679818265022868,0.19577735124760076,0.06752411575562701,0.16517857142857142
n132,mappo_transfer_n24,1024,16003,1056,167,267,622,0.1581439393939394,0.2528409090909091,5.566666666666666,11.580838323353293,24.0,3.0325757575757577,13,539,-15.410870975986132,0.31708456968082666,0.07051066217732885,0.6075911716427799,0.1432914957102485,0.04566575986398138,0.03972226625685963,0.06907223828639855,0.18568665377176016,0.1235632183908046,0.14659685863874344
n132,mappo_transfer_n24,1024,16004,1056,160,271,625,0.15151515151515152,0.2566287878787879,5.333333333333333,12.075,26.0,3.017929292929293,13,471,-15.925944895782655,0.33341292317948235,0.0702020202020202,0.5974933052450867,0.12476463098328537,0.04405217808606936,0.03989326826756771,0.07035153157126975,0.2109375,0.05740181268882175,0.15492957746478872
n132,mappo_transfer_n24,1024,16005,1056,164,253,639,0.1553030303030303,0.23958333333333334,5.466666666666667,12.609756097560975,24.0,3.094949494949495,14,423,-15.607377326749507,0.33360276526191435,0.07199214365881032,0.6045180314140203,0.11155573539885467,0.04455738928239818,0.03953380995575268,0.06572393902536786,0.19734345351043645,0.09451219512195122,0.14427860696517414
n132,mappo_transfer_n24,1024,16006,1056,174,250,632,0.16477272727272727,0.23674242424242425,5.8,11.701149425287356,24.0,3.0532828282828284,14,505,-14.973165383094846,0.315285647223282,0.07102693602693602,0.5996034191269227,0.13403966074998316,0.04712417103425911,0.03960265908081309,0.0652590594113727,0.2007366482504604,0.12080536912751678,0.13488372093023257
n132,mappo_transfer_n24,1024,16007,1056,156,263,637,0.14772727272727273,0.2490530303030303,5.2,12.403846153846153,23.0,3.066919191919192,12,418,-15.501821696909568,0.3220492582407119,0.07135802469135803,0.5996029553662335,0.11130542552905744,0.042760153982328006,0.039891461685813,0.06845074652841367,0.17973231357552583,0.06542056074766354,0.19339622641509435
n132,mappo_transfer_n24,1024,16008,1056,154,267,635,0.14583333333333334,0.2528409090909091,5.133333333333334,12.38961038961039,24.349999999999994,3.1042929292929293,14,460,-16.347726488550226,0.34289602333634944,0.07217732884399551,0.6114216226388228,0.12165557344988392,0.0416864516099876,0.03960366681327842,0.06911279472912489,0.19460500963391136,0.09404388714733543,0.10550458715596331
n132,mappo_transfer_n24,1024,16009,1056,173,250,633,0.16382575757575757,0.23674242424242425,5.766666666666667,11.895953757225433,24.0,3.0381313131313132,13,468,-15.169872386282925,0.3275682860596227,0.07069584736251404,0.5985853613609274,0.12284767206836755,0.04756068408531154,0.03947980512801282,0.06414138301725954,0.20683111954459202,0.0932475884244373,0.16055045871559634
n132,mappo_transfer_n24,1024,16010,1056,176,236,644,0.16666666666666666,0.22348484848484848,5.866666666666666,12.051136363636363,25.0,3.0497474747474747,12,439,-14.842710552223187,0.32446613291133264,0.07101571268237936,0.6041673563501068,0.11790312903110736,0.04871624915229754,0.040194315690511975,0.06144701032225753,0.22077922077922077,0.08974358974358974,0.14146341463414633
n132,mappo_transfer_n24,123,16001,1056,160,275,621,0.15151515151515152,0.2604166666666667,5.333333333333333,12.00625,26.0,3.033838383838384,11,868,-15.91858754392834,0.30974963157938873,0.0705331088664422,0.6076091685635437,0.23098166070291246,0.04442196384178378,0.03979249744644493,0.07117544753352753,0.2046783625730994,0.0694006309148265,0.14601769911504425
n132,mappo_transfer_n24,123,16002,1056,154,266,636,0.14583333333333334,0.2518939393939394,5.133333333333334,11.480519480519481,22.69999999999999,3.0873737373737375,11,920,-16.691868867886544,0.33177994795677435,0.07180695847362514,0.6075809635613034,0.24350167852630758,0.041969474605377595,0.03971680200931938,0.06883947557115419,0.1765834932821497,0.09003215434083602,0.15178571428571427
n132,mappo_transfer_n24,123,16003,1056,162,262,632,0.1534090909090909,0.2481060606060606,5.4,11.604938271604938,24.94999999999999,3.0467171717171717,11,947,-16.215715822161002,0.32110474735886235,0.07088103254769922,0.6110910225607016,0.25191044915965743,0.044269742828511906,0.03962349815805518,0.06790011554744743,0.17794970986460348,0.1235632183908046,0.14136125654450263
n132,mappo_transfer_n24,123,16004,1056,162,271,623,0.1534090909090909,0.2566287878787879,5.4,12.030864197530864,25.0,3.04469696969697,12,859,-16.333198658103946,0.3262441707467926,0.07078563411896745,0.5986617581545126,0.22852073983578725,0.04419032360829455,0.039801102537480954,0.07019874520419853,0.208984375,0.06948640483383686,0.15023474178403756
n132,mappo_transfer_n24,123,16005,1056,166,246,644,0.1571969696969697,0.23295454545454544,5.533333333333333,12.439759036144578,24.75,3.0856060606060605,11,888,-16.45290952131207,0.3414864067943972,0.07181257014590346,0.6061139625012731,0.23478764689669443,0.04502390987720455,0.039512598870919846,0.06401074435189999,0.1935483870967742,0.10060975609756098,0.15422885572139303
n132,mappo_transfer_n24,123,16006,1056,172,246,638,0.16287878787878787,0.23295454545454544,5.733333333333333,11.430232558139535,24.0,3.052020202020202,12,860,-15.780558570859718,0.32396435486523134,0.07103254769921438,0.6055198597688008,0.22937330554830332,0.0466631666079438,0.0395892348548827,0.06408449432395655,0.19337016574585636,0.1342281879194631,0.12558139534883722
n132,mappo_transfer_n24,123,16007,1056,155,262,639,0.14678030303030304,0.2481060606060606,5.166666666666667,11.838709677419354,24.299999999999983,3.0444444444444443,10,806,-15.883594898037343,0.31509006699581177,0.07086980920314252,0.6017741873742141,0.214107642463094,0.04250575415640938,0.03969970895600162,0.06785491954838196,0.1739961759082218,0.07165109034267912,0.19339622641509435
n132,mappo_transfer_n24,123,16008,1056,147,261,648,0.13920454545454544,0.2471590909090909,4.9,12.244897959183673,24.0,3.1406565656565655,12,889,-17.23161494638992,0.3483029414367214,0.07305836139169472,0.6086875229693886,0.23469026421091235,0.03965227208176592,0.039451288149245804,0.06759507226953639,0.17726396917148363,0.10658307210031348,0.0963302752293578
n132,mappo_transfer_n24,123,16009,1056,156,266,634,0.14772727272727273,0.2518939393939394,5.2,12.083333333333334,25.0,3.102272727272727,12,865,-16.132671518462463,0.3203821294021543,0.07212682379349045,0.5959009374886471,0.2257844716113377,0.04256230544003318,0.03929117093549351,0.06806031728026003,0.18975332068311196,0.08038585209003216,0.14220183486238533
n132,mappo_transfer_n24,123,16010,1056,171,235,650,0.16193181818181818,0.22253787878787878,5.7,11.988304093567251,25.0,3.065909090909091,12,842,-15.565586574041511,0.32483283278857206,0.07140852974186308,0.6008486869701226,0.2232490519709826,0.04660983804771132,0.03976827751327302,0.060700699236103765,0.21706864564007422,0.09615384615384616,0.11707317073170732
n132,mappo_transfer_n24,2024,16001,1056,175,267,614,0.16571969696969696,0.2528409090909091,5.833333333333333,11.702857142857143,23.299999999999983,2.989141414141414,13,337,-14.848097798607997,0.3162135994491907,0.06950056116722783,0.601411443778753,0.09077872981226423,0.04965659786330974,0.040273268830535586,0.07005576170359906,0.21832358674463936,0.0694006309148265,0.18141592920353983
n132,mappo_transfer_n24,2024,16002,1056,165,260,631,0.15625,0.24621212121212122,5.5,11.93939393939394,25.0,3.047979797979798,14,355,-15.430128495668345,0.3294631515645261,0.07090347923681257,0.6052055374360505,0.0956301472485393,0.04582797674800342,0.04012648533296777,0.0680742016688496,0.2053742802303263,0.0707395498392283,0.16071428571428573
n132,mappo_transfer_n24,2024,16003,1056,167,268,621,0.1581439393939394,0.2537878787878788,5.566666666666666,11.155688622754491,22.69999999999999,3.018939393939394,14,358,-14.977650314449905,0.31193208050670423,0.07020202020202021,0.6091981683497796,0.09491630613654693,0.04565917398564331,0.03966628589983172,0.06930497756617952,0.17988394584139264,0.1235632183908046,0.16230366492146597
n132,mappo_transfer_n24,2024,16004,1056,172,265,619,0.16287878787878787,0.2509469696969697,5.733333333333333,12.122093023255815,25.0,3.018181818181818,13,314,-14.7899175296557,0.3127647925897117,0.07017396184062852,0.6047555085578582,0.08365413124445317,0.04759805554258603,0.040137329994069035,0.06903464495369875,0.228515625,0.06646525679758308,0.15492957746478872
n132,mappo_transfer_n24,2024,16005,1056,180,240,636,0.17045454545454544,0.22727272727272727,6.0,12.11111111111111,24.049999999999983,3.0613636363636365,15,282,-14.946213760006097,0.33504971731343736,0.07122895622895623,0.6080559699966582,0.07488022760047747,0.049546300849196236,0.03989677478722561,0.06274776236842146,0.2030360531309298,0.12195121951219512,0.16417910447761194
n132,mappo_transfer_n24,2024,16006,1056,173,244,639,0.16382575757575757,0.23106060606060605,5.766666666666667,11.901734104046243,24.0,3.055050505050505,14,310,-14.834277194176615,0.32351498484869506,0.07110549943883276,0.5984508117467122,0.08227840547421032,0.04691949201995613,0.03966198914619359,0.06382427246428611,0.19337016574585636,0.12416107382550336,0.14418604651162792
n132,mappo_transfer_n24,2024,16007,1056,161,264,631,0.15246212121212122,0.25,5.366666666666666,11.813664596273291,23.0,3.0421717171717173,13,299,-14.825715134772917,0.3073253800110443,0.07077441077441078,0.608505054962689,0.08037497098211056,0.044624267323379214,0.04018452917101376,0.0692750889494118,0.18929254302103252,0.06230529595015576,0.19811320754716982
n132,mappo_transfer_n24,2024,16008,1056,150,260,646,0.14204545454545456,0.24621212121212122,5.0,12.126666666666667,24.0,3.120959595959596,17,378,-16.170137690742262,0.3428864653142594,0.07260942760942761,0.6053555347525597,0.10046810882255759,0.040811380321375136,0.03973477713529285,0.06752534498953042,0.17726396917148363,0.0877742946708464,0.13761467889908258
n132,mappo_transfer_n24,2024,16009,1056,167,257,632,0.1581439393939394,0.24337121212121213,5.566666666666666,11.946107784431138,25.0,3.0616161616161617,13,347,-14.956527517062373,0.31971114911511883,0.07121212121212123,0.599169392050386,0.09149983580306552,0.04627999198980283,0.039716714013021015,0.06612073868162431,0.19924098671726756,0.08681672025723473,0.16055045871559634
n132,mappo_transfer_n24,2024,16010,1056,173,242,641,0.16382575757575757,0.22916666666666666,5.766666666666667,11.635838150289016,24.400000000000006,3.040909090909091,13,313,-14.666919978829746,0.3226113599457964,0.07080246913580247,0.5978935280655158,0.08382779091572842,0.048571138977303314,0.040289728611780616,0.0631011957384755,0.21335807050092764,0.08653846153846154,0.15121951219512195
n132,mappo_transfer_n24,314,16001,1056,180,261,615,0.17045454545454544,0.2471590909090909,6.0,11.322222222222223,22.0,2.9909090909090907,15,224,-14.517647049083644,0.31041534688675104,0.06954545454545455,0.6475277952033178,0.060422396633823074,0.05110483668134083,0.04066234356545045,0.06958801896935689,0.21052631578947367,0.07886435331230283,0.2079646017699115
n132,mappo_transfer_n24,314,16002,1056,179,250,627,0.16950757575757575,0.23674242424242425,5.966666666666667,12.396648044692737,25.099999999999994,3.063888888888889,16,201,-14.791012937492518,0.32309862089141717,0.07123456790123457,0.6520274373113701,0.053935065684521805,0.04996063629498283,0.04048307515689557,0.06641534878845697,0.22072936660268713,0.08360128617363344,0.16964285714285715
n132,mappo_transfer_n24,314,16003,1056,176,255,625,0.16666666666666666,0.24147727272727273,5.866666666666666,11.590909090909092,23.5,3.018686868686869,17,239,-14.867651575943409,0.32063912938063105,0.07021885521885522,0.6548224508393905,0.06380655656783499,0.04909612611560519,0.04032078121270424,0.06734539501074947,0.19148936170212766,0.13793103448275862,0.1518324607329843
n132,mappo_transfer_n24,314,16004,1056,175,261,620,0.16571969696969696,0.2471590909090909,5.833333333333333,11.902857142857142,25.299999999999983,3.0103535353535356,15,220,-14.863960381877831,0.31900392516322557,0.07000561167227834,0.6418657674580394,0.058851714110788496,0.048625024654368666,0.04024680604255905,0.068862690349033,0.232421875,0.08157099697885196,0.13615023474178403
n132,mappo_transfer_n24,314,16005,1056,187,246,623,0.17708333333333334,0.23295454545454544,6.233333333333333,12.176470588235293,24.69999999999999,3.0366161616161618,14,212,-14.620895637229337,0.3260304462219058,0.0706060606060606,0.6397900295865852,0.05599050171670654,0.05154234685276674,0.03996603387297725,0.06437944010856303,0.22011385199240988,0.10670731707317073,0.1791044776119403
n132,mappo_transfer_n24,314,16006,1056,190,236,630,0.17992424242424243,0.22348484848484848,6.333333333333333,11.478947368421053,22.0,3.030050505050505,16,205,-14.333120728091492,0.322042021198466,0.07049943883277217,0.6441801704947154,0.0547440328957857,0.05236634836743303,0.04005848854951452,0.06234457146149266,0.20257826887661143,0.15100671140939598,0.16279069767441862
n132,mappo_transfer_n24,314,16007,1056,180,251,625,0.17045454545454544,0.23768939393939395,6.0,11.944444444444445,23.049999999999983,3.0282828282828285,14,176,-14.606561083551874,0.3209715613529909,0.0704320987654321,0.6456330916936209,0.04715710855539445,0.050338596787447516,0.04043825189784608,0.06610338329553102,0.19694072657743786,0.09345794392523364,0.22169811320754718
n132,mappo_transfer_n24,314,16008,1056,174,253,629,0.16477272727272727,0.23958333333333334,5.8,12.67816091954023,24.349999999999994,3.0904040404040405,16,238,-15.148651834887747,0.32877301311678664,0.07183501683501682,0.6505463428656284,0.06327921594881489,0.04797067300642962,0.040112190769267565,0.06646684201886571,0.22157996146435452,0.10031347962382445,0.12385321100917432
n132,mappo_transfer_n24,314,16009,1056,180,249,627,0.17045454545454544,0.23579545454545456,6.0,11.833333333333334,23.049999999999983,3.03989898989899,14,206,-14.444771289051108,0.3174648515011725,0.07070145903479239,0.6337122288570233,0.05471879548432394,0.04999043225638621,0.03994491602433672,0.06456887425023451,0.21631878557874762,0.09967845659163987,0.16055045871559634
n132,mappo_transfer_n24,314,16010,1056,197,221,638,0.1865530303030303,0.20928030303030304,6.566666666666666,11.771573604060913,24.0,3.0184343434343432,14,246,-13.988105649589468,0.32312224262894873,0.0702861952861953,0.6384245279301509,0.0651332993038055,0.05536498295764517,0.04055185598680268,0.058362328562288915,0.23376623376623376,0.11858974358974358,0.16585365853658537
n132,mappo_transfer_n24,42,16001,1056,180,255,621,0.17045454545454544,0.24147727272727273,6.0,12.03888888888889,24.049999999999983,2.9909090909090907,14,341,-14.921233480528842,0.32362188665295216,0.06957912457912459,0.6307265368726466,0.09094417452511985,0.050258986629235156,0.04017569182985014,0.06666408925895312,0.2202729044834308,0.07570977917981073,0.1902654867256637
n132,mappo_transfer_n24,42,16002,1056,166,250,640,0.1571969696969697,0.23674242424242425,5.533333333333333,12.331325301204819,25.75,3.080808080808081,13,358,-15.630329253707128,0.33913271696585046,0.07168350168350167,0.6331457050013687,0.09488638706073974,0.045711744739399186,0.04001049727926811,0.06483102432475292,0.19001919385796545,0.0707395498392283,0.20089285714285715
n132,mappo_transfer_n24,42,16003,1056,158,265,633,0.14962121212121213,0.2509469696969697,5.266666666666667,10.886075949367088,21.30000000000001,3.035858585858586,13,363,-15.109017901913898,0.30985068201066174,0.07064534231200899,0.6337512498051087,0.09587376469683798,0.0436145655456274,0.03986553855249704,0.06897983675982713,0.16634429400386846,0.1235632183908046,0.1518324607329843
n132,mappo_transfer_n24,42,16004,1056,162,267,627,0.1534090909090909,0.2528409090909091,5.4,11.765432098765432,24.0,3.048232323232323,12,385,-15.787214374333567,0.333081719395108,0.07088664421997755,0.6250759277270853,0.10213523245034307,0.04468239699749385,0.03997093492054818,0.06944125280675896,0.201171875,0.07250755287009064,0.1643192488262911
n132,mappo_transfer_n24,42,16005,1056,180,238,638,0.17045454545454544,0.22537878787878787,6.0,12.433333333333334,24.049999999999983,3.0522727272727272,15,309,-15.13105261189557,0.338796344179861,0.0710381593714927,0.6277504372257791,0.0814455821338627,0.04898085497528627,0.03953575389202738,0.06184276156574157,0.20872865275142316,0.10975609756097561,0.1691542288557214
n132,mappo_transfer_n24,42,16006,1056,180,241,635,0.17045454545454544,0.22821969696969696,6.0,11.811111111111112,24.0,3.051767676767677,14,350,-15.034153562015662,0.33153279824917276,0.071010101010101,0.6260820640204119,0.09229956452181891,0.04877559576807421,0.039601790179064275,0.06266023311088612,0.1878453038674033,0.14429530201342283,0.16279069767441862
n132,mappo_transfer_n24,42,16007,1056,169,251,636,0.16003787878787878,0.23768939393939395,5.633333333333334,12.088757396449704,25.0,3.018939393939394,12,290,-14.923680914271817,0.3217255272612059,0.07028619528619529,0.6278722609595474,0.07657901704527842,0.046741144163050974,0.03989814982886318,0.06544549541188519,0.1950286806883365,0.07165109034267912,0.20754716981132076
n132,mappo_transfer_n24,42,16008,1056,159,256,641,0.15056818181818182,0.24242424242424243,5.3,12.635220125786164,24.0,3.1222222222222222,14,370,-16.553050046412917,0.35926639992222464,0.07260942760942761,0.6337479365060102,0.09818665216563499,0.04302982219923286,0.039755388260817585,0.06674318717965994,0.1926782273603083,0.10031347962382445,0.12385321100917432
n132,mappo_transfer_n24,42,16009,1056,170,250,636,0.16098484848484848,0.23674242424242425,5.666666666666667,12.805882352941177,24.549999999999983,3.087878787878788,13,367,-15.549650105946544,0.3397629313547453,0.07181818181818182,0.62311650907901,0.09701582055209942,0.04690147103920953,0.03985204335485275,0.06460355805677007,0.20113851992409867,0.09646302250803858,0.1559633027522936
n132,mappo_transfer_n24,42,16010,1056,180,230,646,0.17045454545454544,0.2178030303030303,6.0,11.527777777777779,24.0,3.0474747474747477,14,368,-14.411751047655828,0.31828152115101355,0.07097643097643097,0.6249324441143262,0.09785905168217927,0.050190589269136526,0.040288453564187685,0.05980815704517759,0.21150278293135436,0.10576923076923077,0.16097560975609757
n132,mappo_transfer_n24,456,16001,1056,165,273,618,0.15625,0.2585227272727273,5.5,12.163636363636364,24.0,3.0093434343434344,13,521,-15.61264388778037,0.3221278718542398,0.06997194163860833,0.6083265886499498,0.1374200404168867,0.04535306213983413,0.03948767767970039,0.07037836366210584,0.2222222222222222,0.050473186119873815,0.15486725663716813
n132,mappo_transfer_n24,456,16002,1056,152,257,647,0.14393939393939395,0.24337121212121213,5.066666666666666,12.677631578947368,25.0,3.1285353535353537,14,636,-16.646711547693023,0.34962407599974926,0.07278338945005612,0.5973486024790231,0.1662601379805414,0.041044101292692536,0.039382659744467995,0.06610132306511717,0.1785028790786948,0.07717041800643087,0.15625
n132,mappo_transfer_n24,456,16003,1056,155,274,627,0.14678030303030304,0.25946969696969696,5.166666666666667,11.64516129032258,24.299999999999983,3.0452020202020202,13,637,-15.768243768430962,0.3138746519352569,0.07081930415263749,0.6069005931527155,0.16724545263752827,0.04172282896513651,0.03920096160509039,0.07023222114199262,0.17794970986460348,0.10344827586206896,0.14136125654450263
n132,mappo_transfer_n24,456,16004,1056,151,276,629,0.14299242424242425,0.26136363636363635,5.033333333333333,12.211920529801324,25.0,3.073737373737374,13,530,-16.17689119880304,0.3293151301559672,0.07146464646464647,0.6018056527563448,0.1394753133024354,0.041021344267337015,0.0396421271654493,0.07137285359054558,0.1953125,0.06042296072507553,0.14553990610328638
n132,mappo_transfer_n24,456,16005,1056,164,261,631,0.1553030303030303,0.2471590909090909,5.466666666666667,12.201219512195122,24.849999999999994,3.0853535353535353,13,496,-15.337200710227814,0.31736563944038637,0.07173400673400673,0.6050122888523556,0.12942112956512827,0.04425328267121175,0.039280126125913285,0.06734013838911983,0.19734345351043645,0.09146341463414634,0.14925373134328357
n132,mappo_transfer_n24,456,16006,1056,156,265,635,0.14772727272727273,0.2509469696969697,5.2,11.935897435897436,23.25,3.083080808080808,15,550,-15.713346392646827,0.3203732911913931,0.07170594837261504,0.5995285784541342,0.14465972688022063,0.04185612843939791,0.039251833011060805,0.06847121677748731,0.2007366482504604,0.1040268456375839,0.07441860465116279
n132,mappo_transfer_n24,456,16007,1056,158,257,641,0.14962121212121213,0.24337121212121213,5.266666666666667,12.037974683544304,24.150000000000006,3.078030303030303,13,513,-15.639759777354202,0.32509858036836675,0.0716273849607183,0.6081465041723537,0.13555187367132135,0.04313094369173342,0.03965942795722899,0.06664787850555477,0.16061185468451242,0.09345794392523364,0.20754716981132076
n132,mappo_transfer_n24,456,16008,1056,147,271,638,0.13920454545454544,0.2566287878787879,4.9,12.89795918367347,25.69999999999999,3.132828282828283,14,604,-17.01780967185577,0.3520659775367961,0.07282828282828284,0.6054990368227888,0.15776618746541907,0.039135994228742914,0.03931909210764817,0.06958432833356412,0.1907514450867052,0.08150470219435736,0.10091743119266056
n132,mappo_transfer_n24,456,16009,1056,159,265,632,0.15056818181818182,0.2509469696969697,5.3,12.270440251572326,24.099999999999994,3.092171717171717,14,547,-15.59169139346907,0.32036275585519264,0.07189113355780022,0.6019414293156128,0.14291897602458475,0.043269599759864365,0.03935836581957418,0.06783640427441466,0.20113851992409867,0.08360128617363344,0.12385321100917432
n132,mappo_transfer_n24,456,16010,1056,162,248,646,0.1534090909090909,0.23484848484848486,5.4,11.617283950617283,24.0,3.0984848484848486,10,551,-14.971372560134116,0.30904462089461515,0.07210998877665543,0.5917360225802386,0.14477147830904416,0.043449384213471984,0.03938986897678461,0.06357251184898191,0.20408163265306123,0.09615384615384616,0.1073170731707317
n132,mappo_transfer_n24,7,16001,1056,169,277,610,0.16003787878787878,0.2623106060606061,5.633333333333334,11.461538461538462,24.0,2.9941919191919193,14,430,-15.199380938128094,0.31465956298515485,0.06959034792368125,0.5926279356398113,0.11540610470005151,0.04748905351783008,0.040133467750189084,0.07246746785174323,0.21442495126705652,0.07570977917981073,0.15486725663716813
n132,mappo_transfer_n24,7,16002,1056,156,264,636,0.14772727272727273,0.25,5.2,12.038461538461538,23.0,3.0868686868686868,13,369,-15.677908810709612,0.33020863274639933,0.07179573512906846,0.5936298186527548,0.09852935459603243,0.04281322878828978,0.039971073810509176,0.0687561184591898,0.18042226487523993,0.05787781350482315,0.19642857142857142
n132,mappo_transfer_n24,7,16003,1056,147,284,625,0.13920454545454544,0.2689393939393939,4.9,11.0,22.69999999999999,3.0595959595959594,16,432,-15.321502795641976,0.3004713018264702,0.07112794612794612,0.5980009486964516,0.11481807378314719,0.04008182607129319,0.03948703933447077,0.07339716985438513,0.172147001934236,0.09482758620689655,0.13089005235602094
n132,mappo_transfer_n24,7,16004,1056,153,286,617,0.14488636363636365,0.2708333333333333,5.1,11.581699346405228,25.0,3.020959595959596,12,401,-15.304127102607175,0.30561185712017985,0.07022446689113356,0.5882268259983017,0.10735315647287848,0.04228778003632198,0.04004688497563972,0.07431184856724664,0.212890625,0.045317220543806644,0.13615023474178403
n132,mappo_transfer_n24,7,16005,1056,163,252,641,0.1543560606060606,0.23863636363636365,5.433333333333334,11.828220858895705,24.600000000000023,3.080050505050505,12,368,-15.37694048147695,0.3303052067524446,0.071672278338945,0.5943792595757016,0.09746012444805209,0.04481609026873954,0.03972576646019031,0.06582565316828862,0.1954459203036053,0.10060975609756098,0.13432835820895522
n132,mappo_transfer_n24,7,16006,1056,165,257,634,0.15625,0.24337121212121213,5.5,11.812121212121212,22.0,3.081060606060606,13,402,-15.022893980403403,0.31428742980254865,0.07165544332210998,0.5888557126514496,0.10685543166979475,0.04461872416001152,0.039578518016394074,0.06708714356957819,0.18968692449355432,0.1040268456375839,0.14418604651162792
n132,mappo_transfer_n24,7,16007,1056,156,266,634,0.14772727272727273,0.2518939393939394,5.2,11.974358974358974,21.5,3.0712121212121213,11,402,-15.350681291544555,0.31732168613201756,0.07143658810325478,0.5904718006847332,0.10692224776958885,0.04290490149062832,0.03989684946264282,0.06930345409139925,0.17208413001912046,0.08411214953271028,0.18396226415094338
n132,mappo_transfer_n24,7,16008,1056,152,265,639,0.14393939393939395,0.2509469696969697,5.066666666666666,12.269736842105264,23.0,3.1232323232323234,13,422,-16.136792542888035,0.3386435830844536,0.07262065095398426,0.5938015919885902,0.11265434715030113,0.04134196739326263,0.039851190252183824,0.06897038402384056,0.17533718689788053,0.09717868338557993,0.13761467889908258
n132,mappo_transfer_n24,7,16009,1056,154,266,636,0.14583333333333334,0.2518939393939394,5.133333333333334,12.084415584415584,24.049999999999983,3.092171717171717,13,414,-15.617253135872375,0.32678237037203767,0.07191358024691358,0.5815686405786636,0.10913280937449242,0.04230875595762084,0.03952100288209539,0.06847192782688896,0.18026565464895636,0.08360128617363344,0.15137614678899083
n132,mappo_transfer_n24,7,16010,1056,159,249,648,0.15056818181818182,0.23579545454545456,5.3,10.924528301886792,24.0,3.0787878787878786,11,447,-14.555374781247542,0.30123548380601156,0.07168350168350167,0.5787410517694979,0.11803825804625373,0.04359765825879549,0.03967739073987367,0.06417134743975411,0.1836734693877551,0.10256410256410256,0.13658536585365855
n132,mappo_transfer_n24,789,16001,1056,184,262,610,0.17424242424242425,0.2481060606060606,6.133333333333334,11.98913043478261,24.849999999999994,2.9805555555555556,13,378,-14.693253061625178,0.3143194537456831,0.06928731762065095,0.6189875159163338,0.10214906636730217,0.051719374398325094,0.04028064261050889,0.06855395694123716,0.23586744639376217,0.07255520504731862,0.17699115044247787
n132,mappo_transfer_n24,789,16002,1056,159,259,638,0.15056818181818182,0.24526515151515152,5.3,12.19496855345912,24.0,3.0944444444444446,16,388,-15.59490439907021,0.32703543735466334,0.07197530864197531,0.6223476031218947,0.10555668134906601,0.04369440706324702,0.040080521706477086,0.06762456387063685,0.18042226487523993,0.05787781350482315,0.20982142857142858
n132,mappo_transfer_n24,789,16003,1056,164,265,627,0.1553030303030303,0.2509469696969697,5.466666666666667,11.804878048780488,24.0,3.0492424242424243,14,459,-15.281358719108423,0.3132018829785661,0.0709090909090909,0.6243067940800727,0.12188045694963885,0.044503720557428364,0.03965252605406485,0.06884244298797862,0.18375241779497098,0.11781609195402298,0.14659685863874344
n132,mappo_transfer_n24,789,16004,1056,161,272,623,0.15246212121212122,0.25757575757575757,5.366666666666666,12.024844720496894,24.0,3.048232323232323,13,432,-15.978109991378611,0.33444821247970097,0.0708641975308642,0.6135168491878675,0.1161652607570955,0.044521113049698614,0.040245863711433696,0.07094849926647137,0.208984375,0.07854984894259819,0.13145539906103287
n132,mappo_transfer_n24,789,16005,1056,181,244,631,0.17140151515151514,0.23106060606060605,6.033333333333333,12.397790055248619,26.0,3.0414141414141413,13,379,-15.194104752821952,0.3352863253794696,0.07075757575757574,0.6188124234148977,0.10051994636478033,0.04923409776629832,0.03954295880191934,0.06355322023991357,0.21062618595825428,0.10060975609756098,0.18407960199004975
n132,mappo_transfer_n24,789,16006,1056,175,248,633,0.16571969696969696,0.23484848484848486,5.833333333333333,11.674285714285714,22.0,3.057828282828283,15,405,-14.79000411179849,0.31516354689414355,0.07113355780022448,0.6123754026661223,0.10770083173969583,0.04718874469033819,0.039467148838599225,0.06429140590394583,0.19337016574585636,0.12751677852348994,0.14883720930232558
n132,mappo_transfer_n24,789,16007,1056,165,256,635,0.15625,0.24242424242424243,5.5,12.545454545454545,24.0,3.0681818181818183,13,390,-15.36780129030861,0.3261210972653163,0.07137485970819304,0.61349376214843,0.10339413883250399,0.045050378030042935,0.03974296096436541,0.06656865698036094,0.18738049713193117,0.07476635514018691,0.2028301886792453
n132,mappo_transfer_n24,789,16008,1056,164,261,631,0.1553030303030303,0.2471590909090909,5.466666666666667,12.396341463414634,22.0,3.0906565656565657,15,433,-16.250525449055818,0.34695400915055713,0.07185185185185185,0.62493780102607,0.11592211478787524,0.04450318046052117,0.039858400983893566,0.06829550438281311,0.2023121387283237,0.09717868338557993,0.12844036697247707
n132,mappo_transfer_n24,789,16009,1056,173,250,633,0.16382575757575757,0.23674242424242425,5.766666666666667,12.254335260115607,24.400000000000006,3.051767676767677,13,370,-15.126202412631194,0.3288762105785027,0.07099887766554434,0.6075920043530753,0.09836824832927722,0.04778386629103329,0.0398012402880147,0.06484309641443524,0.20113851992409867,0.09003215434083602,0.17889908256880735
n132,mappo_transfer_n24,789,16010,1056,177,235,644,0.16761363636363635,0.22253787878787878,5.9,11.937853107344633,24.0,3.0676767676767676,13,395,-14.656859879126731,0.3208531984134038,0.07141414141414142,0.6049443605706301,0.10532478920011709,0.048497866674621665,0.040038426868646136,0.061004990595733236,0.2077922077922078,0.09935897435897435,0.16585365853658537
n132,global_dijkstra,-1,16001,1056,209,246,601,0.19791666666666666,0.23295454545454544,6.966666666666667,10.851674641148325,23.0,2.932828282828283,23,159,-13.633975465323122,0.30419244533553585,0.06817620650953983,0.7002113793613491,0.04552539628482704,0.06495031663828296,0.04403570723767637,0.07105164183031705,0.24561403508771928,0.12618296529968454,0.1902654867256637
n132,global_dijkstra,-1,16002,1056,197,244,615,0.1865530303030303,0.23106060606060605,6.566666666666666,11.258883248730964,24.0,2.997979797979798,24,170,-13.696814388248388,0.2991535386027303,0.06970258136924803,0.6954199794976871,0.04788649407847174,0.06017582257628417,0.04373106640575544,0.06925205882834028,0.23416506717850288,0.09967845659163987,0.19642857142857142
n132,global_dijkstra,-1,16003,1056,201,242,613,0.1903409090909091,0.22916666666666666,6.7,10.890547263681592,23.0,2.996969696969697,27,183,-14.484664613395493,0.3251256058561744,0.069668911335578,0.7023336770008766,0.05250102988487362,0.06108674090708673,0.043560747386153294,0.06952262612685436,0.19342359767891681,0.1839080459770115,0.193717277486911
n132,global_dijkstra,-1,16004,1056,194,266,596,0.18371212121212122,0.2518939393939394,6.466666666666667,10.938144329896907,22.0,2.962878787878788,22,172,-13.854578128136936,0.29125354437535284,0.06881593714927048,0.6910111614892452,0.04816848247956333,0.05843410916371663,0.043270593541459616,0.07465966158578942,0.255859375,0.09667673716012085,0.14553990610328638
n132,global_dijkstra,-1,16005,1056,197,229,630,0.1865530303030303,0.2168560606060606,6.566666666666666,10.908629441624365,23.0,2.988888888888889,23,168,-13.660186558695257,0.30467975153043214,0.06958473625140292,0.6903387477016304,0.047672504861084646,0.05917320394319366,0.04303101792304121,0.06523347088832863,0.222011385199241,0.13109756097560976,0.18407960199004975
n132,global_dijkstra,-1,16006,1056,204,233,619,0.19318181818181818,0.2206439393939394,6.8,11.426470588235293,24.849999999999994,3.0047979797979796,29,160,-13.760401138265035,0.3092911053424866,0.06987654320987655,0.6943280426113675,0.04529562779166131,0.0609810512514281,0.04315897000256903,0.06632098685745515,0.2265193370165746,0.15771812080536912,0.15813953488372093
n132,global_dijkstra,-1,16007,1056,193,253,610,0.18276515151515152,0.23958333333333334,6.433333333333334,10.8860103626943,22.399999999999977,2.959343434343434,25,145,-13.503630810877938,0.2870521557827525,0.06881593714927048,0.6807191443700799,0.040500592376477615,0.0576317926630954,0.04280788436097525,0.0714134427524428,0.23135755258126195,0.09657320872274143,0.19339622641509435
n132,global_dijkstra,-1,16008,1056,194,252,610,0.18371212121212122,0.23863636363636365,6.466666666666667,11.922680412371134,25.0,3.0515151515151517,26,158,-14.460561610019864,0.3143090128459685,0.07086419753086419,0.7061886790908488,0.045076559650415834,0.05860734465560153,0.04360732760709355,0.07211906308733064,0.23314065510597304,0.12225705329153605,0.1559633027522936
n132,global_dijkstra,-1,16009,1056,198,235,623,0.1875,0.22253787878787878,6.6,11.272727272727273,23.149999999999977,3.0095959595959596,24,167,-14.006203654012198,0.3160295691204112,0.07000561167227834,0.6884308305410674,0.0466336196452187,0.05959831879222261,0.042741977259926574,0.0657960147754041,0.21631878557874762,0.12218649517684887,0.21100917431192662
n132,global_dijkstra,-1,16010,1056,208,222,626,0.19696969696969696,0.21022727272727273,6.933333333333334,10.384615384615385,21.0,2.9684343434343434,25,163,-12.89987159170863,0.29162791931673915,0.0691077441077441,0.7002824057358991,0.04710103743566289,0.06522408790007542,0.04440575935805224,0.0648203784621548,0.23747680890538034,0.1282051282051282,0.1951219512195122
n132,full_heuristic,-1,16001,1056,62,319,675,0.058712121212121215,0.3020833333333333,2.066666666666667,11.580645161290322,25.89999999999999,3.2755050505050507,10,766,-18.916215066916873,0.3480770493535861,0.07620650953984288,0.4911253338560432,0.1990675820655797,0.017011367751695632,0.038914524057122694,0.08135173927203042,0.07602339181286549,0.022082018927444796,0.07079646017699115
n132,full_heuristic,-1,16002,1056,68,311,677,0.06439393939393939,0.29450757575757575,2.2666666666666666,10.588235294117647,19.0,3.297222222222222,11,784,-17.380445379485394,0.30139034122653413,0.0767003367003367,0.49113886207352947,0.20451604276742053,0.018079132149741703,0.038891339204596004,0.0794248021737814,0.06525911708253358,0.02572347266881029,0.11607142857142858
n132,full_heuristic,-1,16003,1056,67,317,672,0.0634469696969697,0.3001893939393939,2.2333333333333334,9.805970149253731,22.39999999999999,3.257575757575758,12,920,-18.147809356409258,0.3174896986580163,0.0757912457912458,0.4897195729805876,0.239346166587266,0.01790062814805628,0.03864658673792655,0.08094984513138513,0.059961315280464215,0.06896551724137931,0.06282722513089005
n132,full_heuristic,-1,16004,1056,71,313,672,0.06723484848484848,0.29640151515151514,2.3666666666666667,10.577464788732394,21.5,3.2224747474747475,11,799,-18.12051202592323,0.32885384758181874,0.07501122334455665,0.49258962951429336,0.2073388774332646,0.019464046894121154,0.03885865945347253,0.07973486533906161,0.087890625,0.03323262839879154,0.07042253521126761
n132,full_heuristic,-1,16005,1056,62,311,683,0.058712121212121215,0.29450757575757575,2.066666666666667,10.112903225806452,19.949999999999996,3.2967171717171717,9,858,-17.718145867083997,0.30715378057293524,0.07672278338945003,0.4891030080362144,0.22127907064627764,0.016735574820812803,0.0384145400696178,0.07926821782671241,0.0683111954459203,0.042682926829268296,0.05970149253731343
n132,full_heuristic,-1,16006,1056,66,301,689,0.0625,0.2850378787878788,2.2,10.181818181818182,23.25,3.2873737373737373,11,807,-17.58489374421698,0.3111446794576224,0.07654882154882155,0.4951154172992398,0.21076801762804145,0.01773131312151711,0.03883244784229466,0.0768468121569127,0.06445672191528545,0.06375838926174497,0.05581395348837209
n132,full_heuristic,-1,16007,1056,56,317,683,0.05303030303030303,0.3001893939393939,1.8666666666666667,9.928571428571429,19.25,3.273989898989899,12,802,-17.688348461778084,0.3024441762582748,0.07621773288439956,0.49087943784700305,0.2092945152317633,0.015259532155752197,0.03881510331696791,0.08094197998778152,0.05353728489483748,0.021806853582554516,0.09905660377358491
n132,full_heuristic,-1,16008,1056,62,310,684,0.058712121212121215,0.2935606060606061,2.066666666666667,10.919354838709678,23.0,3.331060606060606,10,932,-19.192028933444906,0.3511609269678287,0.07749158249158249,0.494610154262004,0.2417218842790767,0.01641950094450609,0.03885680810425088,0.07886401680848688,0.06936416184971098,0.05956112852664577,0.03211009174311927
n132,full_heuristic,-1,16009,1056,60,307,689,0.056818181818181816,0.29071969696969696,2.0,12.4,26.0,3.3404040404040405,11,776,-18.67238850357876,0.34368577280109,0.07772727272727273,0.49008897015439,0.20230295302086151,0.01636955228949842,0.038881209322726935,0.07796342758174821,0.058823529411764705,0.028938906752411574,0.09174311926605505
n132,full_heuristic,-1,16010,1056,60,302,694,0.056818181818181816,0.2859848484848485,2.0,11.166666666666666,21.049999999999997,3.312878787878788,10,808,-17.433880214952588,0.30365034223401,0.07714365881032546,0.4896069869881712,0.20979656421187828,0.016384743097643154,0.03893003241480686,0.07686027131438104,0.07606679035250463,0.028846153846153848,0.04878048780487805
